real_time,timestamp_s,seq,rel_pitch_deg,rel_roll_deg
12:47:14.526,2084.7421,103969,0.114,0.032
12:47:14.526,2084.7621,103970,0.048,0.181
12:47:14.531,2084.7821,103971,-0.092,0.085
12:47:14.547,2084.8021,103972,-0.112,0.235
12:47:14.558,2084.8221,103973,0.001,0.244
12:47:14.620,2084.8421,103974,-0.172,0.206
12:47:14.620,2084.8621,103975,-0.297,0.094
12:47:14.620,2084.8821,103976,-0.234,0.216
12:47:14.647,2084.9021,103977,-0.27,0.071
12:47:14.663,2084.9221,103978,-0.194,-0.031
12:47:14.680,2084.9421,103979,-0.197,0.12
12:47:14.696,2084.9621,103980,-0.372,0.137
12:47:14.739,2084.9821,103981,-0.397,0.293
12:47:14.739,2085.0021,103982,-0.511,0.172
12:47:14.755,2085.0221,103983,-0.569,0.025
12:47:14.782,2085.0421,103984,-0.54,0.157
12:47:14.798,2085.0621,103985,-0.425,0.165
12:47:14.814,2085.0821,103986,-0.578,0.091
12:47:14.872,2085.1021,103987,-0.698,0.218
12:47:14.878,2085.1221,103988,-0.589,0.233
12:47:14.878,2085.1421,103989,-0.774,0.253
12:47:14.904,2085.1621,103990,-0.805,0.106
12:47:14.920,2085.1821,103991,-0.711,0.183
12:47:14.936,2085.2021,103992,-0.65,0.297
12:47:14.978,2085.2221,103993,-0.816,0.355
12:47:14.983,2085.2421,103994,-0.699,0.323
12:47:14.994,2085.2621,103995,-0.734,0.173
12:47:15.026,2085.2821,103996,-0.877,0.06
12:47:15.037,2085.3021,103997,-1.043,0.116
12:47:15.053,2085.3221,103998,-0.969,0.222
12:47:15.099,2085.3421,103999,-1.032,0.364
12:47:15.099,2085.3621,104000,-1.119,0.224
12:47:15.115,2085.3821,104001,-1.152,0.375
12:47:15.147,2085.4021,104002,-1.103,0.248
12:47:15.157,2085.4221,104003,-1.032,0.351
12:47:15.173,2085.4421,104004,-1.087,0.213
12:47:15.205,2085.4621,104005,-1.198,0.346
12:47:15.221,2085.4821,104006,-1.315,0.242
12:47:15.232,2085.5021,104007,-1.215,0.191
12:47:15.264,2085.5221,104008,-1.336,0.084
12:47:15.280,2085.5421,104009,-1.353,0.239
12:47:15.296,2085.5621,104010,-1.236,0.278
12:47:15.323,2085.5821,104011,-1.393,0.201
12:47:15.339,2085.6021,104012,-1.566,0.161
12:47:15.355,2085.6221,104013,-1.455,0.203
12:47:15.382,2085.6421,104014,-1.359,0.137
12:47:15.398,2085.6621,104015,-1.52,0.221
12:47:15.414,2085.6821,104016,-1.399,0.214
12:47:15.446,2085.7021,104017,-1.576,0.26
12:47:15.457,2085.7221,104018,-1.694,0.149
12:47:15.474,2085.7421,104019,-1.691,0.296
12:47:15.506,2085.7621,104020,-1.874,0.309
12:47:15.533,2085.7821,104021,-1.961,0.172
12:47:15.533,2085.8021,104022,-1.856,0.231
12:47:15.566,2085.8221,104023,-1.776,0.337
12:47:15.577,2085.8421,104024,-1.687,0.419
12:47:15.593,2085.8621,104025,-1.86,0.379
12:47:15.625,2085.8821,104026,-1.784,0.277
12:47:15.641,2085.9021,104027,-1.89,0.403
12:47:15.684,2085.9221,104028,-2.023,0.294
12:47:15.684,2085.9421,104029,-2.201,0.293
12:47:15.700,2085.9621,104030,-2.094,0.342
12:47:15.716,2085.9821,104031,-2.099,0.494
12:47:15.742,2086.0021,104032,-2.105,0.359
12:47:15.758,2086.0221,104033,-2.082,0.503
12:47:15.806,2086.0421,104034,-2.248,0.454
12:47:15.806,2086.0621,104035,-2.132,0.455
12:47:15.817,2086.0821,104036,-2.275,0.36
12:47:15.833,2086.1021,104037,-2.173,0.416
12:47:15.865,2086.1221,104038,-2.078,0.347
12:47:15.923,2086.1421,104039,-2.235,0.286
12:47:15.923,2086.1621,104040,-2.322,0.424
12:47:15.929,2086.1821,104041,-2.208,0.423
12:47:15.940,2086.2021,104042,-2.269,0.573
12:47:15.956,2086.2221,104043,-2.44,0.533
12:47:15.987,2086.2421,104044,-2.538,0.406
12:47:15.997,2086.2621,104045,-2.556,0.557
12:47:16.044,2086.2821,104046,-2.512,0.433
12:47:16.044,2086.3021,104047,-2.636,0.324
12:47:16.061,2086.3221,104048,-2.645,0.472
12:47:16.072,2086.3421,104049,-2.495,0.413
12:47:16.104,2086.3621,104050,-2.675,0.412
12:47:16.120,2086.3821,104051,-2.571,0.466
12:47:16.152,2086.4021,104052,-2.718,0.376
12:47:16.163,2086.4221,104053,-2.616,0.438
12:47:16.179,2086.4421,104054,-2.516,0.403
12:47:16.211,2086.4621,104055,-2.663,0.493
12:47:16.227,2086.4821,104056,-2.733,0.641
12:47:16.237,2086.5021,104057,-2.605,0.634
12:47:16.270,2086.5221,104058,-2.73,0.528
12:47:16.286,2086.5421,104059,-2.88,0.529
12:47:16.312,2086.5621,104060,-2.852,0.67
12:47:16.317,2086.5821,104061,-2.867,0.526
12:47:16.343,2086.6021,104062,-2.768,0.604
12:47:16.359,2086.6221,104063,-2.94,0.587
12:47:16.391,2086.6421,104064,-2.768,0.557
12:47:16.417,2086.6621,104065,-2.777,0.41
12:47:16.423,2086.6821,104066,-2.89,0.452
12:47:16.434,2086.7021,104067,-2.778,0.394
12:47:16.466,2086.7221,104068,-2.904,0.501
12:47:16.477,2086.7421,104069,-2.937,0.361
12:47:16.508,2086.7621,104070,-2.985,0.514
12:47:16.524,2086.7821,104071,-2.955,0.662
12:47:16.540,2086.8021,104072,-2.866,0.753
12:47:16.556,2086.8221,104073,-2.953,0.628
12:47:16.631,2086.8421,104074,-2.832,0.506
12:47:16.631,2086.8621,104075,-2.951,0.47
12:47:16.631,2086.8821,104076,-2.9,0.612
12:47:16.632,2086.9021,104077,-2.963,0.49
12:47:16.658,2086.9221,104078,-2.93,0.627
12:47:16.674,2086.9421,104079,-3.095,0.56
12:47:16.706,2086.9621,104080,-2.982,0.602
12:47:16.748,2086.9821,104081,-2.944,0.454
12:47:16.749,2087.0021,104082,-3.12,0.455
12:47:16.764,2087.0221,104083,-3.004,0.516
12:47:16.780,2087.0421,104084,-3.008,0.37
12:47:16.796,2087.0621,104085,-3.038,0.519
12:47:16.822,2087.0821,104086,-3.036,0.662
12:47:16.870,2087.1021,104087,-3.169,0.565
12:47:16.870,2087.1221,104088,-2.999,0.572
12:47:16.887,2087.1421,104089,-3.096,0.635
12:47:16.898,2087.1621,104090,-2.963,0.58
12:47:16.914,2087.1821,104091,-2.795,0.611
12:47:16.946,2087.2021,104092,-2.938,0.523
12:47:16.989,2087.2221,104093,-3.056,0.642
12:47:16.989,2087.2421,104094,-2.916,0.56
12:47:17.005,2087.2621,104095,-2.907,0.416
12:47:17.021,2087.2821,104096,-3.056,0.505
12:47:17.037,2087.3021,104097,-3.118,0.609
12:47:17.064,2087.3221,104098,-3.005,0.496
12:47:17.096,2087.3421,104099,-3.122,0.498
12:47:17.096,2087.3621,104100,-3.023,0.576
12:47:17.122,2087.3821,104101,-3.114,0.717
12:47:17.138,2087.4021,104102,-2.974,0.613
12:47:17.154,2087.4221,104103,-2.858,0.605
12:47:17.187,2087.4421,104104,-2.939,0.516
12:47:17.214,2087.4621,104105,-3.024,0.615
12:47:17.214,2087.4821,104106,-2.88,0.685
12:47:17.245,2087.5021,104107,-2.967,0.596
12:47:17.272,2087.5221,104108,-2.796,0.529
12:47:17.277,2087.5421,104109,-2.89,0.401
12:47:17.305,2087.5621,104110,-2.73,0.336
12:47:17.347,2087.5821,104111,-2.826,0.403
12:47:17.352,2087.6021,104112,-2.781,0.528
12:47:17.363,2087.6221,104113,-2.877,0.597
12:47:17.378,2087.6421,104114,-2.897,0.459
12:47:17.395,2087.6621,104115,-2.996,0.596
12:47:17.426,2087.6821,104116,-3.02,0.447
12:47:17.437,2087.7021,104117,-2.899,0.422
12:47:17.453,2087.7221,104118,-2.966,0.528
12:47:17.486,2087.7421,104119,-3.003,0.677
12:47:17.497,2087.7621,104120,-2.887,0.672
12:47:17.530,2087.7821,104121,-2.982,0.553
12:47:17.572,2087.8021,104122,-2.889,0.426
12:47:17.578,2087.8221,104123,-2.858,0.576
12:47:17.578,2087.8421,104124,-3.039,0.572
12:47:17.604,2087.8621,104125,-3.079,0.437
12:47:17.620,2087.8821,104126,-3.003,0.555
12:47:17.636,2087.9021,104127,-3.082,0.425
12:47:17.695,2087.9221,104128,-3.066,0.572
12:47:17.695,2087.9421,104129,-2.955,0.465
12:47:17.700,2087.9621,104130,-2.778,0.45
12:47:17.722,2087.9821,104131,-2.956,0.456
12:47:17.738,2088.0021,104132,-3.063,0.402
12:47:17.770,2088.0221,104133,-2.955,0.509
12:47:17.812,2088.0421,104134,-2.948,0.657
12:47:17.818,2088.0621,104135,-3.031,0.535
12:47:17.818,2088.0821,104136,-3.023,0.395
12:47:17.845,2088.1021,104137,-2.966,0.536
12:47:17.872,2088.1221,104138,-2.943,0.68
12:47:17.877,2088.1421,104139,-2.83,0.716
12:47:17.935,2088.1621,104140,-2.961,0.614
12:47:17.936,2088.1821,104141,-3.127,0.631
12:47:17.936,2088.2021,104142,-2.991,0.721
12:47:17.963,2088.2221,104143,-3.05,0.591
12:47:17.979,2088.2421,104144,-2.994,0.461
12:47:17.995,2088.2621,104145,-2.885,0.569
12:47:18.038,2088.2821,104146,-3.031,0.665
12:47:18.043,2088.3021,104147,-3.177,0.577
12:47:18.054,2088.3221,104148,-3.119,0.465
12:47:18.086,2088.3421,104149,-2.97,0.475
12:47:18.097,2088.3621,104150,-3.112,0.444
12:47:18.114,2088.3821,104151,-2.972,0.535
12:47:18.157,2088.4021,104152,-2.869,0.613
12:47:18.162,2088.4221,104153,-3.026,0.707
12:47:18.190,2088.4421,104154,-3.053,0.564
12:47:18.206,2088.4621,104155,-3.167,0.601
12:47:18.217,2088.4821,104156,-3.001,0.555
12:47:18.233,2088.5021,104157,-3.161,0.508
12:47:18.297,2088.5221,104158,-2.985,0.498
12:47:18.308,2088.5421,104159,-3.02,0.358
12:47:18.313,2088.5621,104160,-3.019,0.511
12:47:18.324,2088.5821,104161,-3.126,0.624
12:47:18.340,2088.6021,104162,-3.174,0.486
12:47:18.356,2088.6221,104163,-3.112,0.623
12:47:18.383,2088.6421,104164,-3.028,0.48
12:47:18.400,2088.6621,104165,-2.893,0.368
12:47:18.416,2088.6821,104166,-2.971,0.511
12:47:18.443,2088.7021,104167,-3.094,0.486
12:47:18.459,2088.7221,104168,-2.981,0.493
12:47:18.475,2088.7421,104169,-3.114,0.506
12:47:18.518,2088.7621,104170,-2.936,0.518
12:47:18.534,2088.7821,104171,-2.98,0.652
12:47:18.534,2088.8021,104172,-2.885,0.512
12:47:18.567,2088.8221,104173,-2.982,0.641
12:47:18.578,2088.8421,104174,-2.893,0.501
12:47:18.641,2088.8621,104175,-2.717,0.492
12:47:18.641,2088.8821,104176,-2.852,0.597
12:47:18.641,2088.9021,104177,-2.929,0.464
12:47:18.652,2088.9221,104178,-2.821,0.42
12:47:18.684,2088.9421,104179,-2.994,0.466
12:47:18.715,2088.9621,104180,-3.093,0.604
12:47:18.715,2088.9821,104181,-3.168,0.697
12:47:18.757,2089.0021,104182,-3.015,0.608
12:47:18.763,2089.0221,104183,-3.138,0.578
12:47:18.774,2089.0421,104184,-3.055,0.671
12:47:18.820,2089.0621,104185,-3.011,0.539
12:47:18.821,2089.0821,104186,-2.897,0.416
12:47:18.836,2089.1021,104187,-2.966,0.554
12:47:18.879,2089.1221,104188,-3.071,0.487
12:47:18.879,2089.1421,104189,-2.947,0.487
12:47:18.895,2089.1621,104190,-3.095,0.548
12:47:18.922,2089.1821,104191,-3.085,0.685
12:47:18.938,2089.2021,104192,-3.157,0.574
12:47:18.955,2089.2221,104193,-3.135,0.714
12:47:18.987,2089.2421,104194,-2.965,0.653
12:47:18.998,2089.2621,104195,-2.848,0.756
12:47:19.030,2089.2821,104196,-2.893,0.618
12:47:19.046,2089.3021,104197,-3.029,0.519
12:47:19.062,2089.3221,104198,-3.124,0.619
12:47:19.072,2089.3421,104199,-3.06,0.723
12:47:19.105,2089.3621,104200,-2.982,0.628
12:47:19.137,2089.3821,104201,-3.114,0.58
12:47:19.137,2089.4021,104202,-3.09,0.442
12:47:19.164,2089.4221,104203,-3.177,0.522
12:47:19.180,2089.4421,104204,-3.042,0.622
12:47:19.196,2089.4621,104205,-3.012,0.49
12:47:19.238,2089.4821,104206,-3.105,0.578
12:47:19.238,2089.5021,104207,-2.995,0.629
12:47:19.271,2089.5221,104208,-2.921,0.746
12:47:19.282,2089.5421,104209,-2.956,0.606
12:47:19.297,2089.5621,104210,-3.116,0.688
12:47:19.345,2089.5821,104211,-2.935,0.668
12:47:19.345,2089.6021,104212,-3.1,0.734
12:47:19.361,2089.6221,104213,-3.101,0.603
12:47:19.377,2089.6421,104214,-3.197,0.511
12:47:19.403,2089.6621,104215,-3.082,0.477
12:47:19.420,2089.6821,104216,-3.014,0.616
12:47:19.462,2089.7021,104217,-2.97,0.484
12:47:19.468,2089.7221,104218,-2.802,0.417
12:47:19.479,2089.7421,104219,-2.849,0.279
12:47:19.495,2089.7621,104220,-2.853,0.419
12:47:19.522,2089.7821,104221,-2.92,0.567
12:47:19.585,2089.8021,104222,-3.095,0.567
12:47:19.590,2089.8221,104223,-3.059,0.708
12:47:19.590,2089.8421,104224,-3.063,0.569
12:47:19.601,2089.8621,104225,-2.989,0.708
12:47:19.612,2089.8821,104226,-3.081,0.586
12:47:19.644,2089.9021,104227,-2.931,0.616
12:47:19.660,2089.9221,104228,-3.035,0.535
12:47:19.702,2089.9421,104229,-2.887,0.616
12:47:19.708,2089.9621,104230,-3.019,0.609
12:47:19.719,2089.9821,104231,-3.026,0.46
12:47:19.736,2090.0021,104232,-3.026,0.311
12:47:19.763,2090.0221,104233,-2.928,0.389
12:47:19.778,2090.0421,104234,-3.008,0.534
12:47:19.826,2090.0621,104235,-3.172,0.478
12:47:19.826,2090.0821,104236,-3.127,0.347
12:47:19.837,2090.1021,104237,-3.141,0.478
12:47:19.854,2090.1221,104238,-3.316,0.516
12:47:19.886,2090.1421,104239,-3.142,0.52
12:47:19.929,2090.1621,104240,-3.158,0.676
12:47:19.929,2090.1821,104241,-3.061,0.604
12:47:19.945,2090.2021,104242,-3.207,0.692
12:47:19.957,2090.2221,104243,-3.044,0.623
12:47:19.972,2090.2421,104244,-3.141,0.537
12:47:20.004,2090.2621,104245,-3.182,0.406
12:47:20.021,2090.2821,104246,-3.134,0.538
12:47:20.047,2090.3021,104247,-3.036,0.404
12:47:20.063,2090.3221,104248,-2.929,0.486
12:47:20.079,2090.3421,104249,-2.969,0.617
12:47:20.095,2090.3621,104250,-2.952,0.76
12:47:20.126,2090.3821,104251,-2.924,0.611
12:47:20.137,2090.4021,104252,-2.93,0.467
12:47:20.169,2090.4221,104253,-2.877,0.61
12:47:20.185,2090.4421,104254,-3.055,0.627
12:47:20.201,2090.4621,104255,-2.903,0.551
12:47:20.212,2090.4821,104256,-3.022,0.617
12:47:20.244,2090.5021,104257,-2.852,0.543
12:47:20.261,2090.5221,104258,-2.993,0.593
12:47:20.287,2090.5421,104259,-2.878,0.623
12:47:20.303,2090.5621,104260,-2.872,0.482
12:47:20.320,2090.5821,104261,-2.921,0.615
12:47:20.336,2090.6021,104262,-3.028,0.493
12:47:20.363,2090.6221,104263,-2.868,0.543
12:47:20.407,2090.6421,104264,-2.735,0.433
12:47:20.412,2090.6621,104265,-2.893,0.412
12:47:20.423,2090.6821,104266,-2.778,0.465
12:47:20.439,2090.7021,104267,-2.939,0.543
12:47:20.456,2090.7221,104268,-3.055,0.435
12:47:20.483,2090.7421,104269,-3.044,0.587
12:47:20.531,2090.7621,104270,-2.975,0.692
12:47:20.532,2090.7821,104271,-2.959,0.558
12:47:20.542,2090.8021,104272,-3.073,0.552
12:47:20.559,2090.8221,104273,-3.021,0.69
12:47:20.575,2090.8421,104274,-2.862,0.62
12:47:20.607,2090.8621,104275,-3.013,0.702
12:47:20.649,2090.8821,104276,-3.103,0.61
12:47:20.649,2090.9021,104277,-2.955,0.543
12:47:20.666,2090.9221,104278,-2.806,0.512
12:47:20.677,2090.9421,104279,-2.934,0.585
12:47:20.708,2090.9621,104280,-3.069,0.496
12:47:20.724,2090.9821,104281,-2.978,0.413
12:47:20.768,2091.0021,104282,-3.088,0.469
12:47:20.773,2091.0221,104283,-3.111,0.333
12:47:20.784,2091.0421,104284,-3.018,0.43
12:47:20.816,2091.0621,104285,-2.959,0.554
12:47:20.816,2091.0821,104286,-2.807,0.472
12:47:20.842,2091.1021,104287,-2.853,0.603
12:47:20.874,2091.1221,104288,-2.854,0.452
12:47:20.874,2091.1421,104289,-2.983,0.559
12:47:20.905,2091.1621,104290,-3.038,0.673
12:47:20.921,2091.1821,104291,-3.101,0.564
12:47:20.932,2091.2021,104292,-2.973,0.653
12:47:20.996,2091.2221,104293,-2.899,0.531
12:47:20.996,2091.2421,104294,-2.947,0.649
12:47:20.996,2091.2621,104295,-2.864,0.542
12:47:21.023,2091.2821,104296,-2.937,0.43
12:47:21.039,2091.3021,104297,-2.826,0.461
12:47:21.056,2091.3221,104298,-2.979,0.542
12:47:21.082,2091.3421,104299,-2.86,0.554
12:47:21.131,2091.3621,104300,-2.902,0.672
12:47:21.131,2091.3821,104301,-2.992,0.536
12:47:21.136,2091.4021,104302,-3.127,0.629
12:47:21.157,2091.4221,104303,-2.959,0.617
12:47:21.173,2091.4421,104304,-2.805,0.614
12:47:21.205,2091.4621,104305,-2.978,0.593
12:47:21.236,2091.4821,104306,-3.098,0.476
12:47:21.236,2091.5021,104307,-3.177,0.348
12:47:21.263,2091.5221,104308,-3.15,0.491
12:47:21.279,2091.5421,104309,-3.087,0.627
12:47:21.295,2091.5621,104310,-2.981,0.497
12:47:21.352,2091.5821,104311,-2.805,0.471
12:47:21.357,2091.6021,104312,-2.922,0.599
12:47:21.357,2091.6221,104313,-2.949,0.729
12:47:21.385,2091.6421,104314,-3.04,0.611
12:47:21.400,2091.6621,104315,-3.136,0.521
12:47:21.417,2091.6821,104316,-2.962,0.497
12:47:21.474,2091.7021,104317,-2.815,0.474
12:47:21.475,2091.7221,104318,-2.987,0.434
12:47:21.480,2091.7421,104319,-3.164,0.434
12:47:21.507,2091.7621,104320,-2.992,0.455
12:47:21.517,2091.7821,104321,-2.882,0.547
12:47:21.550,2091.8021,104322,-2.988,0.485
12:47:21.593,2091.8221,104323,-3.099,0.601
12:47:21.593,2091.8421,104324,-2.968,0.486
12:47:21.599,2091.8621,104325,-3.109,0.395
12:47:21.626,2091.8821,104326,-2.975,0.47
12:47:21.653,2091.9021,104327,-3.058,0.343
12:47:21.658,2091.9221,104328,-2.968,0.472
12:47:21.717,2091.9421,104329,-2.862,0.563
12:47:21.717,2091.9621,104330,-2.97,0.513
12:47:21.717,2091.9821,104331,-3.08,0.389
12:47:21.776,2092.0021,104332,-2.932,0.47
12:47:21.776,2092.0221,104333,-3.005,0.594
12:47:21.776,2092.0421,104334,-3.002,0.733
12:47:21.818,2092.0621,104335,-2.988,0.599
12:47:21.818,2092.0821,104336,-2.825,0.519
12:47:21.834,2092.1021,104337,-2.989,0.473
12:47:21.867,2092.1221,104338,-3.0,0.627
12:47:21.877,2092.1421,104339,-2.821,0.587
12:47:21.893,2092.1621,104340,-2.97,0.561
12:47:21.941,2092.1821,104341,-3.102,0.607
12:47:21.941,2092.2021,104342,-3.024,0.511
12:47:21.957,2092.2221,104343,-2.881,0.415
12:47:21.984,2092.2421,104344,-2.958,0.558
12:47:22.000,2092.2621,104345,-3.035,0.443
12:47:22.016,2092.2821,104346,-3.029,0.591
12:47:22.059,2092.3021,104347,-3.07,0.716
12:47:22.059,2092.3221,104348,-3.11,0.585
12:47:22.075,2092.3421,104349,-3.043,0.457
12:47:22.107,2092.3621,104350,-3.09,0.605
12:47:22.117,2092.3821,104351,-3.07,0.744
12:47:22.133,2092.4021,104352,-2.976,0.621
12:47:22.181,2092.4221,104353,-2.986,0.771
12:47:22.181,2092.4421,104354,-2.933,0.654
12:47:22.197,2092.4621,104355,-2.925,0.505
12:47:22.224,2092.4821,104356,-2.991,0.368
12:47:22.240,2092.5021,104357,-3.097,0.503
12:47:22.298,2092.5221,104358,-3.212,0.568
12:47:22.299,2092.5421,104359,-3.093,0.56
12:47:22.304,2092.5621,104360,-3.203,0.623
12:47:22.315,2092.5821,104361,-3.185,0.491
12:47:22.347,2092.6021,104362,-3.051,0.564
12:47:22.374,2092.6221,104363,-2.985,0.455
12:47:22.374,2092.6421,104364,-3.148,0.527
12:47:22.421,2092.6621,104365,-3.104,0.657
12:47:22.421,2092.6821,104366,-3.017,0.569
12:47:22.432,2092.7021,104367,-3.136,0.555
12:47:22.464,2092.7221,104368,-3.248,0.563
12:47:22.480,2092.7421,104369,-3.079,0.512
12:47:22.496,2092.7621,104370,-2.965,0.546
12:47:22.538,2092.7821,104371,-3.053,0.62
12:47:22.538,2092.8021,104372,-3.065,0.467
12:47:22.554,2092.8221,104373,-2.901,0.417
12:47:22.586,2092.8421,104374,-2.993,0.556
12:47:22.597,2092.8621,104375,-2.99,0.709
12:47:22.613,2092.8821,104376,-3.052,0.587
12:47:22.662,2092.9021,104377,-3.223,0.595
12:47:22.662,2092.9221,104378,-3.143,0.511
12:47:22.689,2092.9421,104379,-3.068,0.643
12:47:22.721,2092.9621,104380,-3.041,0.779
12:47:22.721,2092.9821,104381,-3.055,0.638
12:47:22.737,2093.0021,104382,-3.036,0.483
12:47:22.764,2093.0221,104383,-3.077,0.627
12:47:22.795,2093.0421,104384,-3.104,0.491
12:47:22.795,2093.0621,104385,-3.2,0.364
12:47:22.827,2093.0821,104386,-3.029,0.317
12:47:22.838,2093.1021,104387,-2.976,0.457
12:47:22.854,2093.1221,104388,-2.997,0.606
12:47:22.886,2093.1421,104389,-2.959,0.479
12:47:22.897,2093.1621,104390,-3.034,0.365
12:47:22.913,2093.1821,104391,-2.953,0.466
12:47:22.946,2093.2021,104392,-3.119,0.41
12:47:22.961,2093.2221,104393,-3.008,0.453
12:47:22.977,2093.2421,104394,-3.098,0.524
12:47:23.004,2093.2621,104395,-2.984,0.538
12:47:23.020,2093.2821,104396,-3.092,0.469
12:47:23.036,2093.3021,104397,-3.131,0.585
12:47:23.063,2093.3221,104398,-3.004,0.513
12:47:23.080,2093.3421,104399,-3.105,0.585
12:47:23.095,2093.3621,104400,-3.159,0.718
12:47:23.127,2093.3821,104401,-3.071,0.576
12:47:23.138,2093.4021,104402,-3.191,0.697
12:47:23.154,2093.4221,104403,-3.092,0.639
12:47:23.187,2093.4421,104404,-2.935,0.554
12:47:23.213,2093.4621,104405,-2.848,0.472
12:47:23.219,2093.4821,104406,-2.981,0.485
12:47:23.245,2093.5021,104407,-2.857,0.593
12:47:23.260,2093.5221,104408,-3.034,0.61
12:47:23.276,2093.5421,104409,-3.13,0.694
12:47:23.319,2093.5621,104410,-3.076,0.575
12:47:23.319,2093.5821,104411,-3.03,0.446
12:47:23.367,2093.6021,104412,-3.042,0.595
12:47:23.367,2093.6221,104413,-3.153,0.636
12:47:23.377,2093.6421,104414,-3.33,0.628
12:47:23.393,2093.6621,104415,-3.187,0.534
12:47:23.425,2093.6821,104416,-3.041,0.442
12:47:23.441,2093.7021,104417,-3.165,0.554
12:47:23.484,2093.7221,104418,-3.014,0.525
12:47:23.484,2093.7421,104419,-3.123,0.483
12:47:23.499,2093.7621,104420,-3.138,0.618
12:47:23.531,2093.7821,104421,-3.026,0.59
12:47:23.542,2093.8021,104422,-3.109,0.739
12:47:23.558,2093.8221,104423,-3.151,0.595
12:47:23.633,2093.8421,104424,-3.193,0.744
12:47:23.633,2093.8621,104425,-3.033,0.652
12:47:23.639,2093.8821,104426,-3.156,0.55
12:47:23.639,2093.9021,104427,-3.205,0.408
12:47:23.666,2093.9221,104428,-3.18,0.546
12:47:23.682,2093.9421,104429,-3.061,0.651
12:47:23.708,2093.9621,104430,-2.889,0.668
12:47:23.740,2093.9821,104431,-3.008,0.641
12:47:23.741,2094.0021,104432,-2.883,0.674
12:47:23.757,2094.0221,104433,-2.99,0.57
12:47:23.784,2094.0421,104434,-3.039,0.693
12:47:23.800,2094.0621,104435,-3.069,0.554
12:47:23.832,2094.0821,104436,-2.956,0.431
12:47:23.843,2094.1021,104437,-3.049,0.513
12:47:23.859,2094.1221,104438,-3.194,0.427
12:47:23.875,2094.1421,104439,-3.072,0.485
12:47:23.907,2094.1621,104440,-3.028,0.624
12:47:23.918,2094.1821,104441,-2.988,0.502
12:47:23.933,2094.2021,104442,-3.027,0.361
12:47:23.965,2094.2221,104443,-3.037,0.498
12:47:23.981,2094.2421,104444,-3.149,0.426
12:47:23.992,2094.2621,104445,-3.135,0.579
12:47:24.024,2094.2821,104446,-2.96,0.565
12:47:24.071,2094.3021,104447,-3.08,0.452
12:47:24.071,2094.3221,104448,-3.056,0.602
12:47:24.082,2094.3421,104449,-3.002,0.452
12:47:24.098,2094.3621,104450,-2.974,0.589
12:47:24.114,2094.3821,104451,-2.86,0.549
12:47:24.162,2094.4021,104452,-2.976,0.587
12:47:24.162,2094.4221,104453,-3.16,0.616
12:47:24.188,2094.4421,104454,-3.001,0.696
12:47:24.204,2094.4621,104455,-2.977,0.544
12:47:24.221,2094.4821,104456,-3.141,0.597
12:47:24.232,2094.5021,104457,-3.076,0.452
12:47:24.264,2094.5221,104458,-3.005,0.59
12:47:24.307,2094.5421,104459,-2.911,0.657
12:47:24.313,2094.5621,104460,-3.014,0.575
12:47:24.323,2094.5821,104461,-2.868,0.478
12:47:24.339,2094.6021,104462,-2.996,0.587
12:47:24.372,2094.6221,104463,-3.048,0.446
12:47:24.383,2094.6421,104464,-2.97,0.336
12:47:24.430,2094.6621,104465,-3.074,0.468
12:47:24.430,2094.6821,104466,-3.028,0.615
12:47:24.457,2094.7021,104467,-2.991,0.483
12:47:24.463,2094.7221,104468,-3.045,0.602
12:47:24.473,2094.7421,104469,-3.12,0.474
12:47:24.505,2094.7621,104470,-2.948,0.411
12:47:24.549,2094.7821,104471,-3.067,0.527
12:47:24.549,2094.8021,104472,-3.077,0.389
12:47:24.580,2094.8221,104473,-3.076,0.531
12:47:24.581,2094.8421,104474,-3.057,0.683
12:47:24.596,2094.8621,104475,-2.993,0.53
12:47:24.622,2094.8821,104476,-2.867,0.633
12:47:24.655,2094.9021,104477,-3.015,0.555
12:47:24.655,2094.9221,104478,-3.019,0.41
12:47:24.687,2094.9421,104479,-3.081,0.534
12:47:24.697,2094.9621,104480,-2.917,0.605
12:47:24.713,2094.9821,104481,-2.926,0.462
12:47:24.745,2095.0021,104482,-2.865,0.582
12:47:24.772,2095.0221,104483,-2.963,0.502
12:47:24.778,2095.0421,104484,-2.988,0.651
12:47:24.804,2095.0621,104485,-2.958,0.517
12:47:24.820,2095.0821,104486,-3.127,0.587
12:47:24.836,2095.1021,104487,-3.102,0.727
12:47:24.863,2095.1221,104488,-3.066,0.606
12:47:24.879,2095.1421,104489,-2.934,0.613
12:47:24.896,2095.1621,104490,-3.025,0.679
12:47:24.922,2095.1821,104491,-3.135,0.627
12:47:24.944,2095.2021,104492,-2.96,0.642
12:47:24.954,2095.2221,104493,-3.126,0.581
12:47:24.986,2095.2421,104494,-3.02,0.457
12:47:25.013,2095.2621,104495,-3.005,0.603
12:47:25.013,2095.2821,104496,-3.067,0.486
12:47:25.045,2095.3021,104497,-3.092,0.342
12:47:25.060,2095.3221,104498,-2.964,0.358
12:47:25.077,2095.3421,104499,-3.008,0.473
12:47:25.136,2095.3621,104500,-3.055,0.332
12:47:25.136,2095.3821,104501,-3.108,0.45
12:47:25.136,2095.4021,104502,-2.968,0.364
12:47:25.167,2095.4221,104503,-2.967,0.507
12:47:25.178,2095.4421,104504,-2.882,0.373
12:47:25.210,2095.4621,104505,-2.953,0.465
12:47:25.253,2095.4821,104506,-2.779,0.441
12:47:25.253,2095.5021,104507,-2.929,0.517
12:47:25.259,2095.5221,104508,-3.038,0.483
12:47:25.285,2095.5421,104509,-2.916,0.573
12:47:25.301,2095.5621,104510,-3.075,0.528
12:47:25.312,2095.5821,104511,-2.967,0.505
12:47:25.376,2095.6021,104512,-2.923,0.641
12:47:25.376,2095.6221,104513,-3.097,0.657
12:47:25.376,2095.6421,104514,-3.021,0.566
12:47:25.403,2095.6621,104515,-3.195,0.521
12:47:25.419,2095.6821,104516,-3.046,0.602
12:47:25.435,2095.7021,104517,-3.103,0.478
12:47:25.493,2095.7221,104518,-3.065,0.622
12:47:25.494,2095.7421,104519,-3.18,0.621
12:47:25.499,2095.7621,104520,-3.061,0.616
12:47:25.526,2095.7821,104521,-2.892,0.538
12:47:25.537,2095.8021,104522,-3.01,0.539
12:47:25.553,2095.8221,104523,-2.967,0.674
12:47:25.600,2095.8421,104524,-2.815,0.6
12:47:25.600,2095.8621,104525,-2.96,0.509
12:47:25.617,2095.8821,104526,-3.038,0.647
12:47:25.644,2095.9021,104527,-3.039,0.499
12:47:25.660,2095.9221,104528,-3.045,0.65
12:47:25.676,2095.9421,104529,-3.164,0.64
12:47:25.734,2095.9621,104530,-3.04,0.75
12:47:25.734,2095.9821,104531,-2.92,0.728
12:47:25.739,2096.0021,104532,-2.99,0.596
12:47:25.767,2096.0221,104533,-2.879,0.613
12:47:25.778,2096.0421,104534,-2.9,0.47
12:47:25.794,2096.0621,104535,-3.035,0.562
12:47:25.841,2096.0821,104536,-2.896,0.654
12:47:25.841,2096.1021,104537,-2.932,0.512
12:47:25.852,2096.1221,104538,-3.031,0.434
12:47:25.884,2096.1421,104539,-2.906,0.496
12:47:25.900,2096.1621,104540,-3.019,0.431
12:47:25.917,2096.1821,104541,-2.983,0.303
12:47:25.959,2096.2021,104542,-3.052,0.408
12:47:25.959,2096.2221,104543,-2.939,0.443
12:47:25.991,2096.2421,104544,-2.76,0.427
12:47:26.007,2096.2621,104545,-2.941,0.45
12:47:26.018,2096.2821,104546,-2.986,0.575
12:47:26.050,2096.3021,104547,-2.83,0.496
12:47:26.078,2096.3221,104548,-3.001,0.564
12:47:26.083,2096.3421,104549,-2.871,0.671
12:47:26.094,2096.3621,104550,-2.914,0.534
12:47:26.126,2096.3821,104551,-3.01,0.452
12:47:26.153,2096.4021,104552,-3.117,0.326
12:47:26.158,2096.4221,104553,-3.015,0.443
12:47:26.201,2096.4421,104554,-3.067,0.585
12:47:26.201,2096.4621,104555,-3.068,0.444
12:47:26.212,2096.4821,104556,-3.125,0.585
12:47:26.260,2096.5021,104557,-2.978,0.502
12:47:26.260,2096.5221,104558,-2.87,0.426
12:47:26.276,2096.5421,104559,-2.89,0.575
12:47:26.319,2096.5621,104560,-2.903,0.724
12:47:26.319,2096.5821,104561,-3.012,0.633
12:47:26.335,2096.6021,104562,-3.006,0.499
12:47:26.362,2096.6221,104563,-3.081,0.648
12:47:26.378,2096.6421,104564,-3.066,0.516
12:47:26.394,2096.6621,104565,-3.147,0.609
12:47:26.441,2096.6821,104566,-2.973,0.635
12:47:26.442,2096.7021,104567,-2.94,0.509
12:47:26.468,2096.7221,104568,-3.076,0.617
12:47:26.484,2096.7421,104569,-2.98,0.475
12:47:26.500,2096.7621,104570,-2.87,0.595
12:47:26.515,2096.7821,104571,-2.981,0.684
12:47:26.542,2096.8021,104572,-3.04,0.566
12:47:26.558,2096.8221,104573,-2.871,0.585
12:47:26.574,2096.8421,104574,-2.914,0.71
12:47:26.606,2096.8621,104575,-3.066,0.696
12:47:26.622,2096.8821,104576,-3.0,0.59
12:47:26.633,2096.9021,104577,-2.931,0.715
12:47:26.681,2096.9221,104578,-2.884,0.593
12:47:26.681,2096.9421,104579,-2.875,0.736
12:47:26.697,2096.9621,104580,-2.882,0.596
12:47:26.724,2096.9821,104581,-2.826,0.736
12:47:26.740,2097.0021,104582,-2.97,0.649
12:47:26.757,2097.0221,104583,-2.958,0.518
12:47:26.783,2097.0421,104584,-3.13,0.55
12:47:26.800,2097.0621,104585,-3.003,0.612
12:47:26.816,2097.0821,104586,-3.103,0.548
12:47:26.842,2097.1021,104587,-2.939,0.597
12:47:26.858,2097.1221,104588,-3.02,0.465
12:47:26.875,2097.1421,104589,-2.866,0.376
12:47:26.906,2097.1621,104590,-2.923,0.482
12:47:26.917,2097.1821,104591,-2.809,0.436
12:47:26.934,2097.2021,104592,-2.983,0.442
12:47:26.965,2097.2221,104593,-3.099,0.411
12:47:26.981,2097.2421,104594,-3.043,0.534
12:47:27.023,2097.2621,104595,-3.004,0.677
12:47:27.028,2097.2821,104596,-3.121,0.64
12:47:27.039,2097.3021,104597,-3.029,0.56
12:47:27.055,2097.3221,104598,-2.853,0.522
12:47:27.098,2097.3421,104599,-2.993,0.619
12:47:27.103,2097.3621,104600,-2.909,0.752
12:47:27.145,2097.3821,104601,-2.897,0.616
12:47:27.145,2097.4021,104602,-3.049,0.536
12:47:27.161,2097.4221,104603,-3.152,0.461
12:47:27.172,2097.4421,104604,-3.22,0.609
12:47:27.204,2097.4621,104605,-3.12,0.515
12:47:27.220,2097.4821,104606,-3.068,0.634
12:47:27.262,2097.5021,104607,-3.201,0.732
12:47:27.268,2097.5221,104608,-3.204,0.585
12:47:27.279,2097.5421,104609,-3.25,0.448
12:47:27.295,2097.5621,104610,-3.138,0.544
12:47:27.327,2097.5821,104611,-3.137,0.395
12:47:27.338,2097.6021,104612,-2.98,0.473
12:47:27.386,2097.6221,104613,-2.883,0.589
12:47:27.386,2097.6421,104614,-3.057,0.56
12:47:27.402,2097.6621,104615,-2.887,0.515
12:47:27.413,2097.6821,104616,-3.064,0.523
12:47:27.461,2097.7021,104617,-3.076,0.373
12:47:27.461,2097.7221,104618,-3.124,0.496
12:47:27.488,2097.7421,104619,-3.296,0.529
12:47:27.505,2097.7622,104620,-3.146,0.518
12:47:27.521,2097.7821,104621,-3.054,0.59
12:47:27.536,2097.8021,104622,-3.085,0.449
12:47:27.563,2097.8221,104623,-3.14,0.599
12:47:27.579,2097.8421,104624,-3.042,0.677
12:47:27.611,2097.8621,104625,-3.157,0.64
12:47:27.627,2097.8821,104626,-3.108,0.487
12:47:27.638,2097.9021,104627,-3.063,0.621
12:47:27.654,2097.9221,104628,-3.171,0.552
12:47:27.687,2097.9421,104629,-2.994,0.522
12:47:27.698,2097.9621,104630,-2.815,0.496
12:47:27.714,2097.9821,104631,-2.804,0.648
12:47:27.761,2098.0021,104632,-2.912,0.553
12:47:27.762,2098.0221,104633,-2.951,0.415
12:47:27.773,2098.0421,104634,-2.804,0.324
12:47:27.804,2098.0621,104635,-2.956,0.407
12:47:27.821,2098.0821,104636,-2.867,0.525
12:47:27.848,2098.1021,104637,-2.915,0.379
12:47:27.864,2098.1221,104638,-3.029,0.502
12:47:27.880,2098.1421,104639,-3.085,0.653
12:47:27.896,2098.1621,104640,-3.146,0.536
12:47:27.927,2098.1821,104641,-2.967,0.516
12:47:27.970,2098.2021,104642,-3.127,0.475
12:47:27.970,2098.2221,104643,-2.98,0.385
12:47:27.986,2098.2421,104644,-3.08,0.464
12:47:28.002,2098.2621,104645,-2.921,0.528
12:47:28.029,2098.2821,104646,-2.767,0.441
12:47:28.045,2098.3021,104647,-2.827,0.55
12:47:28.072,2098.3221,104648,-2.776,0.407
12:47:28.078,2098.3421,104649,-2.751,0.55
12:47:28.104,2098.3621,104650,-2.872,0.442
12:47:28.121,2098.3821,104651,-2.75,0.404
12:47:28.137,2098.4021,104652,-2.799,0.554
12:47:28.164,2098.4221,104653,-2.915,0.572
12:47:28.180,2098.4421,104654,-2.943,0.423
12:47:28.212,2098.4621,104655,-3.029,0.566
12:47:28.223,2098.4821,104656,-2.912,0.544
12:47:28.239,2098.5021,104657,-2.99,0.654
12:47:28.256,2098.5221,104658,-3.037,0.509
12:47:28.283,2098.5421,104659,-2.855,0.497
12:47:28.331,2098.5621,104660,-2.737,0.608
12:47:28.331,2098.5821,104661,-2.876,0.635
12:47:28.347,2098.6021,104662,-3.024,0.692
12:47:28.357,2098.6221,104663,-2.94,0.606
12:47:28.373,2098.6421,104664,-3.036,0.533
12:47:28.437,2098.6621,104665,-3.15,0.463
12:47:28.437,2098.6821,104666,-3.026,0.431
12:47:28.437,2098.7021,104667,-3.184,0.374
12:47:28.464,2098.7221,104668,-3.031,0.441
12:47:28.480,2098.7421,104669,-2.92,0.516
12:47:28.512,2098.7621,104670,-2.803,0.521
12:47:28.523,2098.7822,104671,-2.963,0.594
12:47:28.539,2098.8021,104672,-3.101,0.502
12:47:28.555,2098.8221,104673,-3.023,0.638
12:47:28.587,2098.8421,104674,-3.098,0.5
12:47:28.598,2098.8621,104675,-3.234,0.444
12:47:28.614,2098.8821,104676,-3.13,0.499
12:47:28.672,2098.9021,104677,-3.066,0.352
12:47:28.678,2098.9221,104678,-3.094,0.487
12:47:28.678,2098.9421,104679,-3.116,0.64
12:47:28.705,2098.9621,104680,-3.075,0.491
12:47:28.721,2098.9821,104681,-2.993,0.588
12:47:28.737,2099.0021,104682,-3.147,0.674
12:47:28.764,2099.0221,104683,-3.042,0.545
12:47:28.796,2099.0421,104684,-3.071,0.401
12:47:28.796,2099.0621,104685,-2.969,0.522
12:47:28.823,2099.0821,104686,-2.902,0.632
12:47:28.839,2099.1021,104687,-3.01,0.585
12:47:28.855,2099.1221,104688,-2.894,0.526
12:47:28.913,2099.1421,104689,-2.962,0.41
12:47:28.918,2099.1621,104690,-3.075,0.54
12:47:28.919,2099.1821,104691,-3.005,0.672
12:47:28.945,2099.2021,104692,-2.918,0.531
12:47:28.962,2099.2221,104693,-2.75,0.467
12:47:28.972,2099.2421,104694,-2.789,0.583
12:47:29.020,2099.2621,104695,-2.946,0.59
12:47:29.020,2099.2821,104696,-3.055,0.471
12:47:29.037,2099.3021,104697,-2.908,0.364
12:47:29.063,2099.3221,104698,-2.817,0.232
12:47:29.080,2099.3421,104699,-2.872,0.389
12:47:29.112,2099.3621,104700,-2.963,0.527
12:47:29.122,2099.3822,104701,-2.83,0.561
12:47:29.155,2099.4021,104702,-2.897,0.442
12:47:29.155,2099.4221,104703,-2.785,0.565
12:47:29.187,2099.4421,104704,-2.868,0.68
12:47:29.198,2099.4625,104705,-2.93,0.818
12:47:29.214,2099.4821,104706,-2.974,0.678
12:47:29.273,2099.5021,104707,-3.128,0.612
12:47:29.289,2099.5221,104708,-2.957,0.603
12:47:29.289,2099.5421,104709,-3.12,0.664
12:47:29.305,2099.5621,104710,-3.012,0.556
12:47:29.321,2099.5821,104711,-3.187,0.564
12:47:29.337,2099.6021,104712,-3.215,0.416
12:47:29.380,2099.6221,104713,-3.152,0.557
12:47:29.380,2099.6421,104714,-3.008,0.647
12:47:29.396,2099.6621,104715,-3.147,0.552
12:47:29.422,2099.6821,104716,-3.02,0.58
12:47:29.439,2099.7021,104717,-3.124,0.638
12:47:29.455,2099.7221,104718,-3.015,0.605
12:47:29.497,2099.7421,104719,-3.015,0.461
12:47:29.502,2099.7621,104720,-2.965,0.583
12:47:29.514,2099.7821,104721,-3.033,0.441
12:47:29.546,2099.8021,104722,-2.914,0.445
12:47:29.557,2099.8221,104723,-3.038,0.471
12:47:29.574,2099.8421,104724,-2.93,0.597
12:47:29.621,2099.8621,104725,-3.04,0.657
12:47:29.621,2099.8821,104726,-3.138,0.779
12:47:29.637,2099.9021,104727,-3.08,0.632
12:47:29.664,2099.9221,104728,-3.162,0.508
12:47:29.680,2099.9421,104729,-3.263,0.38
12:47:29.696,2099.9621,104730,-3.155,0.468
12:47:29.738,2099.9821,104731,-3.003,0.539
12:47:29.743,2100.0021,104732,-3.08,0.404
12:47:29.754,2100.0221,104733,-2.909,0.406
12:47:29.786,2100.0421,104734,-2.839,0.542
12:47:29.801,2100.0621,104735,-2.926,0.441
12:47:29.812,2100.0821,104736,-3.035,0.498
12:47:29.859,2100.1021,104737,-2.864,0.51
12:47:29.859,2100.1221,104738,-3.033,0.469
12:47:29.875,2100.1421,104739,-3.047,0.623
12:47:29.907,2100.1621,104740,-2.878,0.56
12:47:29.917,2100.1821,104741,-2.769,0.546
12:47:29.934,2100.2021,104742,-2.892,0.552
12:47:29.992,2100.2221,104743,-2.77,0.653
12:47:29.998,2100.2421,104744,-2.824,0.517
12:47:29.998,2100.2621,104745,-3.002,0.525
12:47:30.026,2100.2821,104746,-2.903,0.425
12:47:30.042,2100.3021,104747,-2.931,0.284
12:47:30.052,2100.3221,104748,-3.012,0.425
12:47:30.100,2100.3421,104749,-3.031,0.576
12:47:30.100,2100.3621,104750,-3.087,0.438
12:47:30.116,2100.3821,104751,-3.076,0.584
12:47:30.142,2100.4021,104752,-2.928,0.502
12:47:30.159,2100.4221,104753,-3.038,0.51
12:47:30.174,2100.4421,104754,-3.028,0.357
12:47:30.217,2100.4621,104755,-3.073,0.501
12:47:30.233,2100.4821,104756,-3.161,0.564
12:47:30.238,2100.5021,104757,-3.123,0.755
12:47:30.265,2100.5221,104758,-4.235,1.16
12:47:30.281,2100.5421,104759,-5.31,1.622
12:47:30.292,2100.5621,104760,-5.304,2.168
12:47:30.324,2100.5821,104761,-5.297,2.143
12:47:30.341,2100.6021,104762,-5.265,2.294
12:47:30.357,2100.6221,104763,-5.284,2.284
12:47:30.383,2100.6421,104764,-5.248,2.492
12:47:30.399,2100.6621,104765,-5.48,2.331
12:47:30.415,2100.6821,104766,-5.718,2.13
12:47:30.446,2100.7021,104767,-5.652,1.656
12:47:30.457,2100.7221,104768,-5.072,0.787
12:47:30.473,2100.7421,104769,-4.567,0.604
12:47:30.505,2100.7621,104770,-4.453,1.074
12:47:30.521,2100.7821,104771,-4.484,1.327
12:47:30.537,2100.8021,104772,-4.429,1.943
12:47:30.564,2100.8221,104773,-4.402,2.42
12:47:30.579,2100.8421,104774,-4.435,2.769
12:47:30.595,2100.8621,104775,-4.639,2.527
12:47:30.627,2100.8821,104776,-4.687,1.711
12:47:30.653,2100.9021,104777,-4.591,1.51
12:47:30.659,2100.9221,104778,-4.075,1.642
12:47:30.686,2100.9421,104779,-3.895,1.405
12:47:30.712,2100.9621,104780,-3.169,1.767
12:47:30.718,2100.9821,104781,-3.782,1.488
12:47:30.776,2101.0021,104782,-4.386,0.406
12:47:30.776,2101.0221,104783,-3.616,-0.844
12:47:30.776,2101.0421,104784,-1.867,-1.104
12:47:30.818,2101.0621,104785,-0.496,-0.119
12:47:30.824,2101.0821,104786,-0.844,0.595
12:47:30.835,2101.1021,104787,-0.779,0.574
12:47:30.877,2101.1221,104788,-0.682,0.39
12:47:30.883,2101.1421,104789,-0.333,-0.24
12:47:30.926,2101.1621,104790,0.682,-0.903
12:47:30.926,2101.1821,104791,2.229,-1.393
12:47:30.941,2101.2021,104792,4.125,-1.203
12:47:30.953,2101.2221,104793,6.014,-1.843
12:47:30.985,2101.2421,104794,8.442,-1.323
12:47:31.002,2101.2621,104795,11.221,-0.198
12:47:31.044,2101.2821,104796,11.934,1.08
12:47:31.044,2101.3021,104797,12.608,2.039
12:47:31.060,2101.3221,104798,12.726,3.432
12:47:31.092,2101.3421,104799,13.168,5.602
12:47:31.103,2101.3622,104800,14.275,8.191
12:47:31.120,2101.3821,104801,15.309,10.913
12:47:31.194,2101.4021,104802,16.025,13.257
12:47:31.194,2101.4221,104803,16.672,14.866
12:47:31.200,2101.4421,104804,17.468,14.581
12:47:31.200,2101.4635,104805,18.74,14.974
12:47:31.226,2101.4821,104806,19.937,15.261
12:47:31.237,2101.5021,104807,19.791,15.596
12:47:31.269,2101.5221,104808,19.346,16.339
12:47:31.285,2101.5422,104809,22.124,18.913
12:47:31.302,2101.5621,104810,25.905,21.612
12:47:31.312,2101.5821,104811,29.653,23.729
12:47:31.343,2101.6021,104812,32.663,25.508
12:47:31.360,2101.6221,104813,34.213,27.332
12:47:31.392,2101.6421,104814,34.351,29.702
12:47:31.403,2101.6622,104815,34.327,32.669
12:47:31.419,2101.6821,104816,35.578,36.0
12:47:31.435,2101.7021,104817,38.635,39.854
12:47:31.462,2101.7221,104818,41.789,43.901
12:47:31.477,2101.7421,104819,43.561,48.803
12:47:31.510,2101.7621,104820,44.746,55.277
12:47:31.526,2101.7822,104821,45.464,61.981
12:47:31.542,2101.8021,104822,44.932,67.411
12:47:31.552,2101.8221,104823,43.177,71.159
12:47:31.584,2101.8421,104824,40.466,73.486
12:47:31.600,2101.8621,104825,37.759,74.407
12:47:31.631,2101.8821,104826,36.443,74.575
12:47:31.647,2101.9022,104827,35.378,75.557
12:47:31.659,2101.9221,104828,34.193,76.376
12:47:31.675,2101.9421,104829,32.836,76.715
12:47:31.702,2101.9621,104830,31.789,76.879
12:47:31.719,2101.9821,104831,30.82,76.987
12:47:31.751,2102.0021,104832,30.12,77.556
12:47:31.767,2102.0222,104833,29.609,78.671
12:47:31.778,2102.0421,104834,29.521,79.436
12:47:31.793,2102.0621,104835,29.342,79.964
12:47:31.868,2102.0821,104836,29.137,80.283
12:47:31.873,2102.1021,104837,28.642,80.167
12:47:31.873,2102.1221,104838,28.345,80.041
12:47:31.873,2102.1422,104839,28.246,80.515
12:47:31.900,2102.1621,104840,28.022,81.087
12:47:31.932,2102.1821,104841,27.4,81.116
12:47:31.943,2102.2022,104842,26.8,80.881
12:47:31.992,2102.2221,104843,26.572,80.939
12:47:31.992,2102.2421,104844,26.046,80.993
12:47:32.003,2102.2622,104845,25.446,81.098
12:47:32.034,2102.2821,104846,24.666,81.403
12:47:32.034,2102.3021,104847,23.781,81.522
12:47:32.066,2102.3221,104848,22.507,81.703
12:47:32.109,2102.3421,104849,20.663,81.788
12:47:32.109,2102.3621,104850,18.385,81.894
12:47:32.142,2102.3822,104851,16.137,81.963
12:47:32.142,2102.4021,104852,14.247,82.042
12:47:32.157,2102.4221,104853,12.804,81.957
12:47:32.184,2102.4421,104854,11.443,81.653
12:47:32.216,2102.4621,104855,10.261,81.507
12:47:32.216,2102.4821,104856,9.46,81.641
12:47:32.243,2102.5021,104857,8.748,81.937
12:47:32.260,2102.5221,104858,8.215,82.02
12:47:32.276,2102.5421,104859,7.893,81.731
12:47:32.302,2102.5621,104860,7.922,81.394
12:47:32.334,2102.5821,104861,8.111,80.722
12:47:32.334,2102.6021,104862,7.84,79.815
12:47:32.377,2102.6221,104863,7.511,79.201
12:47:32.382,2102.6421,104864,7.745,79.578
12:47:32.393,2102.6621,104865,7.648,80.296
12:47:32.425,2102.6821,104866,6.513,80.211
12:47:32.457,2102.7021,104867,5.421,79.728
12:47:32.457,2102.7221,104868,4.739,78.995
12:47:32.484,2102.7421,104869,4.068,78.195
12:47:32.500,2102.7621,104870,3.125,77.283
12:47:32.516,2102.7821,104871,2.199,76.208
12:47:32.575,2102.8021,104872,1.565,74.921
12:47:32.575,2102.8221,104873,1.512,73.896
12:47:32.581,2102.8421,104874,0.803,72.907
12:47:32.603,2102.8621,104875,-0.286,72.358
12:47:32.619,2102.8821,104876,-1.025,71.71
12:47:32.635,2102.9021,104877,-1.821,70.98
12:47:32.694,2102.9221,104878,-3.073,70.309
12:47:32.694,2102.9421,104879,-3.845,69.954
12:47:32.700,2102.9621,104880,-3.736,69.708
12:47:32.726,2102.9821,104881,-3.419,69.464
12:47:32.737,2103.0021,104882,-3.396,69.014
12:47:32.769,2103.0221,104883,-2.904,68.542
12:47:32.816,2103.0422,104884,-1.879,67.954
12:47:32.816,2103.0621,104885,-0.527,67.117
12:47:32.816,2103.0821,104886,0.854,66.111
12:47:32.843,2103.1021,104887,2.111,65.168
12:47:32.876,2103.1221,104888,2.994,64.667
12:47:32.876,2103.1421,104889,4.03,64.787
12:47:32.933,2103.1621,104890,5.268,65.096
12:47:32.939,2103.1821,104891,6.103,65.704
12:47:32.950,2103.2021,104892,7.155,66.032
12:47:32.981,2103.2222,104893,8.164,66.072
12:47:32.981,2103.2421,104894,9.083,66.052
12:47:32.992,2103.2621,104895,9.812,66.497
12:47:33.055,2103.2821,104896,10.559,66.934
12:47:33.055,2103.3021,104897,11.901,67.17
12:47:33.060,2103.3221,104898,13.702,66.887
12:47:33.087,2103.3421,104899,14.69,66.319
12:47:33.098,2103.3621,104900,15.602,65.83
12:47:33.114,2103.3821,104901,16.444,65.632
12:47:33.162,2103.4021,104902,16.814,65.622
12:47:33.162,2103.4221,104903,17.17,65.576
12:47:33.189,2103.4421,104904,17.613,65.575
12:47:33.205,2103.4645,104905,17.968,65.503
12:47:33.221,2103.4821,104906,18.177,65.45
12:47:33.232,2103.5021,104907,18.452,65.319
12:47:33.281,2103.5221,104908,18.615,65.371
12:47:33.281,2103.5421,104909,19.327,65.554
12:47:33.297,2103.5621,104910,20.173,65.546
12:47:33.323,2103.5821,104911,21.059,65.227
12:47:33.340,2103.6021,104912,21.918,64.741
12:47:33.356,2103.6221,104913,22.542,64.563
12:47:33.383,2103.6421,104914,23.413,64.385
12:47:33.399,2103.6621,104915,24.416,64.257
12:47:33.416,2103.6821,104916,25.808,63.965
12:47:33.443,2103.7021,104917,27.064,63.385
12:47:33.459,2103.7221,104918,28.409,63.086
12:47:33.476,2103.7421,104919,29.464,62.906
12:47:33.518,2103.7621,104920,29.83,62.947
12:47:33.519,2103.7821,104921,30.341,63.03
12:47:33.535,2103.8021,104922,31.022,63.002
12:47:33.567,2103.8221,104923,31.902,62.87
12:47:33.578,2103.8421,104924,32.963,62.573
12:47:33.594,2103.8621,104925,33.669,62.183
12:47:33.637,2103.8821,104926,34.359,61.473
12:47:33.643,2103.9021,104927,34.461,59.566
12:47:33.654,2103.9221,104928,34.828,57.776
12:47:33.701,2103.9421,104929,35.637,55.979
12:47:33.701,2103.9621,104930,36.386,54.117
12:47:33.712,2103.9821,104931,37.404,52.512
12:47:33.760,2104.0021,104932,38.189,50.962
12:47:33.760,2104.0221,104933,38.495,48.854
12:47:33.775,2104.0421,104934,38.13,46.393
12:47:33.808,2104.0621,104935,37.427,44.385
12:47:33.819,2104.0821,104936,36.418,42.461
12:47:33.835,2104.1021,104937,34.914,39.13
12:47:33.877,2104.1221,104938,32.807,35.371
12:47:33.882,2104.1421,104939,30.876,32.567
12:47:33.893,2104.1621,104940,29.877,30.489
12:47:33.926,2104.1821,104941,29.835,29.221
12:47:33.942,2104.2021,104942,29.946,28.471
12:47:33.953,2104.2221,104943,29.571,28.154
12:47:34.016,2104.2421,104944,29.123,27.929
12:47:34.017,2104.2621,104945,28.751,27.439
12:47:34.017,2104.2821,104946,27.534,27.488
12:47:34.058,2104.3021,104947,26.407,27.105
12:47:34.059,2104.3221,104948,25.093,26.726
12:47:34.075,2104.3421,104949,23.553,26.255
12:47:34.106,2104.3621,104950,22.369,25.769
12:47:34.122,2104.3821,104951,21.834,25.38
12:47:34.133,2104.4021,104952,21.927,25.115
12:47:34.166,2104.4221,104953,22.013,24.899
12:47:34.182,2104.4421,104954,22.185,24.672
12:47:34.192,2104.4621,104955,22.479,24.441
12:47:34.241,2104.4821,104956,22.939,24.024
12:47:34.241,2104.5021,104957,23.606,23.425
12:47:34.257,2104.5221,104958,23.736,23.204
12:47:34.284,2104.5421,104959,23.831,23.162
12:47:34.299,2104.5621,104960,24.172,22.982
12:47:34.315,2104.5821,104961,24.569,22.688
12:47:34.342,2104.6021,104962,25.101,22.428
12:47:34.358,2104.6221,104963,25.412,22.287
12:47:34.374,2104.6421,104964,25.478,22.174
12:47:34.406,2104.6621,104965,25.405,22.147
12:47:34.422,2104.6821,104966,25.885,22.245
12:47:34.465,2104.7021,104967,26.742,22.119
12:47:34.465,2104.7221,104968,27.485,21.835
12:47:34.481,2104.7421,104969,27.991,21.234
12:47:34.492,2104.7621,104970,28.108,20.682
12:47:34.524,2104.7821,104971,28.391,20.07
12:47:34.598,2104.8021,104972,28.587,19.566
12:47:34.603,2104.8221,104973,28.68,19.345
12:47:34.603,2104.8421,104974,28.328,19.612
12:47:34.603,2104.8621,104975,27.97,19.925
12:47:34.614,2104.8821,104976,27.638,20.472
12:47:34.645,2104.9021,104977,27.426,20.827
12:47:34.662,2104.9221,104978,27.495,20.881
12:47:34.704,2104.9421,104979,27.482,20.969
12:47:34.705,2104.9621,104980,27.092,20.793
12:47:34.721,2104.9821,104981,26.662,20.606
12:47:34.737,2105.0021,104982,26.496,20.386
12:47:34.764,2105.0221,104983,26.233,20.085
12:47:34.780,2105.0421,104984,25.924,19.943
12:47:34.822,2105.0621,104985,25.788,19.858
12:47:34.828,2105.0821,104986,25.709,19.827
12:47:34.839,2105.1021,104987,25.861,19.604
12:47:34.855,2105.1221,104988,25.747,19.602
12:47:34.887,2105.1421,104989,25.51,19.622
12:47:34.898,2105.1621,104990,25.3,19.33
12:47:34.961,2105.1821,104991,25.248,19.016
12:47:34.961,2105.2021,104992,25.269,18.627
12:47:34.962,2105.2221,104993,25.196,18.11
12:47:34.972,2105.2421,104994,25.218,17.531
12:47:35.004,2105.2621,104995,25.132,16.91
12:47:35.020,2105.2821,104996,25.392,16.581
12:47:35.052,2105.3021,104997,25.76,16.388
12:47:35.063,2105.3223,104998,25.951,16.327
12:47:35.079,2105.3421,104999,25.84,15.915
12:47:35.095,2105.3621,105000,25.448,15.59
12:47:35.137,2105.3821,105001,25.064,15.312
12:47:35.142,2105.4021,105002,24.681,15.303
12:47:35.169,2105.4221,105003,24.211,15.244
12:47:35.185,2105.4421,105004,23.736,15.145
12:47:35.202,2105.4655,105005,23.231,15.027
12:47:35.213,2105.4821,105006,22.771,14.938
12:47:35.244,2105.5021,105007,22.299,14.564
12:47:35.261,2105.5221,105008,21.699,14.32
12:47:35.277,2105.5421,105009,21.212,14.178
12:47:35.304,2105.5621,105010,20.785,14.036
12:47:35.320,2105.5821,105011,20.358,13.922
12:47:35.337,2105.6021,105012,19.899,13.579
12:47:35.364,2105.6221,105013,19.304,13.125
12:47:35.380,2105.6421,105014,18.817,12.94
12:47:35.412,2105.6621,105015,18.343,12.826
12:47:35.422,2105.6821,105016,17.935,12.468
12:47:35.439,2105.7021,105017,17.478,12.043
12:47:35.455,2105.7221,105018,16.862,11.876
12:47:35.487,2105.7421,105019,16.14,11.761
12:47:35.546,2105.7621,105020,15.669,11.834
12:47:35.546,2105.7821,105021,15.44,11.832
12:47:35.546,2105.8021,105022,15.192,11.836
12:47:35.561,2105.8221,105023,14.891,11.795
12:47:35.604,2105.8421,105024,14.565,11.581
12:47:35.604,2105.8621,105025,14.199,11.343
12:47:35.636,2105.8821,105026,13.851,11.096
12:47:35.637,2105.9021,105027,13.54,10.626
12:47:35.664,2105.9221,105028,13.076,10.218
12:47:35.679,2105.9421,105029,12.232,9.857
12:47:35.696,2105.9621,105030,11.062,9.439
12:47:35.723,2105.9821,105031,9.847,9.176
12:47:35.739,2106.0021,105032,8.857,8.852
12:47:35.771,2106.0221,105033,6.688,9.095
12:47:35.782,2106.0421,105034,5.717,9.287
12:47:35.799,2106.0621,105035,5.212,9.341
12:47:35.814,2106.0821,105036,4.302,9.247
12:47:35.846,2106.1021,105037,3.234,9.356
12:47:35.889,2106.1221,105038,2.02,9.358
12:47:35.889,2106.1421,105039,0.997,9.263
12:47:35.921,2106.1621,105040,0.265,9.282
12:47:35.921,2106.1821,105041,-0.576,9.383
12:47:35.938,2106.2021,105042,-1.374,9.59
12:47:35.964,2106.2221,105043,-1.876,10.028
12:47:35.996,2106.2421,105044,-2.348,10.269
12:47:35.996,2106.2621,105045,-2.804,10.679
12:47:36.023,2106.2821,105046,-2.777,11.196
12:47:36.040,2106.3021,105047,-3.225,11.774
12:47:36.056,2106.3221,105048,-1.885,12.075
12:47:36.083,2106.3421,105049,-1.668,12.032
12:47:36.131,2106.3621,105050,-1.536,11.542
12:47:36.131,2106.3821,105051,-1.187,10.306
12:47:36.142,2106.4021,105052,-0.916,10.026
12:47:36.158,2106.4221,105053,-0.87,9.974
12:47:36.174,2106.4421,105054,-0.888,10.007
12:47:36.206,2106.4621,105055,-0.924,9.999
12:47:36.218,2106.4821,105056,-1.053,9.835
12:47:36.234,2106.5021,105057,-1.245,9.861
12:47:36.265,2106.5221,105058,-0.761,10.719
12:47:36.282,2106.5421,105059,-0.694,11.605
12:47:36.292,2106.5621,105060,-0.591,11.978
12:47:36.357,2106.5821,105061,-0.732,11.929
12:47:36.357,2106.6021,105062,-1.011,11.412
12:47:36.357,2106.6221,105063,-1.154,11.234
12:47:36.384,2106.6421,105064,-1.325,11.298
12:47:36.400,2106.6621,105065,-1.244,11.2
12:47:36.415,2106.6821,105066,-1.377,11.294
12:47:36.447,2106.7021,105067,-1.318,11.167
12:47:36.490,2106.7221,105068,-1.208,11.164
12:47:36.490,2106.7421,105069,-1.382,11.167
12:47:36.506,2106.7621,105070,-1.431,11.311
12:47:36.522,2106.7821,105071,-1.377,11.193
12:47:36.548,2106.8021,105072,-1.554,11.196
12:47:36.607,2106.8221,105073,-1.679,11.317
12:47:36.613,2106.8421,105074,-1.597,11.226
12:47:36.613,2106.8621,105075,-1.538,11.113
12:47:36.613,2106.8821,105076,-1.68,11.019
12:47:36.655,2106.9021,105077,-1.578,11.084
12:47:36.655,2106.9221,105078,-1.464,11.093
12:47:36.714,2106.9421,105079,-1.621,11.158
12:47:36.714,2106.9621,105080,-1.707,11.296
12:47:36.720,2106.9821,105081,-1.871,11.347
12:47:36.757,2107.0021,105082,-2.049,11.359
12:47:36.763,2107.0221,105083,-1.989,11.24
12:47:36.774,2107.0421,105084,-1.932,11.36
12:47:36.837,2107.0621,105085,-1.825,11.319
12:47:36.837,2107.0821,105086,-1.971,11.234
12:47:36.837,2107.1021,105087,-2.043,11.094
12:47:36.880,2107.1221,105088,-1.997,11.211
12:47:36.880,2107.1421,105089,-2.152,11.132
12:47:36.897,2107.1621,105090,-2.138,11.27
12:47:36.940,2107.1821,105091,-2.137,11.128
12:47:36.940,2107.2021,105092,-2.142,10.993
12:47:36.973,2107.2221,105093,-2.302,11.07
12:47:36.984,2107.2421,105094,-2.323,11.217
12:47:37.000,2107.2621,105095,-2.313,11.353
12:47:37.016,2107.2821,105096,-2.49,11.329
12:47:37.076,2107.3021,105097,-2.449,11.2
12:47:37.076,2107.3221,105098,-2.554,11.325
12:47:37.076,2107.3421,105099,-2.631,11.196
12:47:37.102,2107.3621,105100,-2.533,11.128
12:47:37.119,2107.3821,105101,-2.512,11.265
12:47:37.135,2107.4021,105102,-2.5,11.135
12:47:37.177,2107.4221,105103,-2.468,11.26
12:47:37.183,2107.4421,105104,-2.585,11.147
12:47:37.209,2107.4665,105105,-2.564,11.315
12:47:37.226,2107.4821,105106,-2.698,11.291
12:47:37.242,2107.5021,105107,-2.855,11.208
12:47:37.254,2107.5221,105108,-2.764,11.136
12:47:37.286,2107.5421,105109,-2.817,11.278
12:47:37.302,2107.5621,105110,-2.74,11.189
12:47:37.313,2107.5821,105111,-2.892,11.271
12:47:37.345,2107.6021,105112,-2.854,11.145
12:47:37.361,2107.6221,105113,-2.802,11.254
12:47:37.389,2107.6421,105114,-2.7,11.188
12:47:37.420,2107.6621,105115,-2.874,11.223
12:47:37.421,2107.6821,105116,-2.925,11.376
12:47:37.437,2107.7021,105117,-2.894,11.248
12:47:37.463,2107.7221,105118,-2.9,11.098
12:47:37.495,2107.7421,105119,-2.939,10.947
12:47:37.495,2107.7621,105120,-3.033,11.074
12:47:37.538,2107.7821,105121,-3.099,11.222
12:47:37.543,2107.8021,105122,-3.005,11.286
12:47:37.554,2107.8221,105123,-3.04,11.142
12:47:37.602,2107.8421,105124,-3.204,11.088
12:47:37.602,2107.8621,105125,-3.203,11.234
12:47:37.613,2107.8821,105126,-3.184,11.367
12:47:37.661,2107.9021,105127,-3.309,11.372
12:47:37.661,2107.9221,105128,-3.224,11.292
12:47:37.672,2107.9421,105129,-3.374,11.373
12:47:37.705,2107.9621,105130,-3.372,11.225
12:47:37.721,2107.9821,105131,-3.349,11.359
12:47:37.737,2108.0021,105132,-3.266,11.256
12:47:37.780,2108.0221,105133,-3.209,11.373
12:47:37.780,2108.0421,105134,-3.375,11.387
12:47:37.812,2108.0621,105135,-3.533,11.324
12:47:37.823,2108.0821,105136,-3.453,11.2
12:47:37.839,2108.1021,105137,-3.596,11.177
12:47:37.855,2108.1221,105138,-3.461,11.264
12:47:37.886,2108.1421,105139,-3.38,11.361
12:47:37.914,2108.1621,105140,-3.319,11.253
12:47:37.914,2108.1821,105141,-3.436,11.197
12:47:37.946,2108.2021,105142,-3.54,11.21
12:47:37.962,2108.2221,105143,-3.421,11.215
12:47:37.972,2108.2421,105144,-3.502,11.351
12:47:38.004,2108.2621,105145,-3.586,11.213
12:47:38.020,2108.2821,105146,-3.652,11.357
12:47:38.037,2108.3021,105147,-3.679,11.21
12:47:38.063,2108.3221,105148,-3.63,11.082
12:47:38.079,2108.3421,105149,-3.629,11.226
12:47:38.095,2108.3621,105150,-3.519,11.23
12:47:38.127,2108.3821,105151,-3.657,11.337
12:47:38.137,2108.4021,105152,-3.769,11.369
12:47:38.154,2108.4221,105153,-3.686,11.264
12:47:38.186,2108.4421,105154,-3.802,11.23
12:47:38.197,2108.4621,105155,-3.661,11.322
12:47:38.214,2108.4821,105156,-3.59,11.215
12:47:38.245,2108.5021,105157,-3.502,11.143
12:47:38.261,2108.5221,105158,-3.656,11.067
12:47:38.277,2108.5421,105159,-3.741,11.171
12:47:38.319,2108.5621,105160,-3.706,11.297
12:47:38.319,2108.5821,105161,-3.641,11.151
12:47:38.366,2108.6021,105162,-3.562,11.278
12:47:38.366,2108.6221,105163,-3.6,11.15
12:47:38.383,2108.6421,105164,-3.547,11.291
12:47:38.394,2108.6621,105165,-3.544,11.154
12:47:38.425,2108.6821,105166,-3.687,11.159
12:47:38.440,2108.7021,105167,-3.515,11.135
12:47:38.482,2108.7221,105168,-3.367,11.201
12:47:38.488,2108.7421,105169,-3.476,11.201
12:47:38.498,2108.7621,105170,-3.59,11.26
12:47:38.514,2108.7821,105171,-3.486,11.302
12:47:38.546,2108.8021,105172,-3.599,11.362
12:47:38.562,2108.8221,105173,-3.608,11.22
12:47:38.604,2108.8421,105174,-3.535,11.336
12:47:38.604,2108.8621,105175,-3.661,11.377
12:47:38.620,2108.8821,105176,-3.543,11.416
12:47:38.637,2108.9021,105177,-3.64,11.326
12:47:38.663,2108.9221,105178,-3.498,11.352
12:47:38.680,2108.9421,105179,-3.516,11.208
12:47:38.726,2108.9621,105180,-3.603,11.074
12:47:38.742,2108.9821,105181,-3.767,11.134
12:47:38.742,2109.0021,105182,-3.705,11.014
12:47:38.753,2109.0221,105183,-3.608,11.101
12:47:38.785,2109.0421,105184,-3.755,11.176
12:47:38.801,2109.0621,105185,-3.58,11.158
12:47:38.844,2109.0821,105186,-3.676,11.274
12:47:38.844,2109.1021,105187,-3.607,11.126
12:47:38.860,2109.1221,105188,-3.574,11.26
12:47:38.876,2109.1421,105189,-3.556,11.404
12:47:38.903,2109.1621,105190,-3.441,11.28
12:47:38.919,2109.1821,105191,-3.603,11.234
12:47:38.950,2109.2021,105192,-3.445,11.163
12:47:38.967,2109.2221,105193,-3.535,11.243
12:47:38.978,2109.2421,105194,-3.433,11.171
12:47:38.994,2109.2621,105195,-3.543,11.146
12:47:39.027,2109.2821,105196,-3.511,11.288
12:47:39.069,2109.3021,105197,-3.38,11.22
12:47:39.069,2109.3221,105198,-3.485,11.159
12:47:39.086,2109.3421,105199,-3.558,11.021
12:47:39.102,2109.3621,105200,-3.618,11.154
12:47:39.113,2109.3821,105201,-3.49,11.252
12:47:39.161,2109.4021,105202,-3.495,11.11
12:47:39.161,2109.4221,105203,-3.464,11.24
12:47:39.193,2109.4421,105204,-3.387,11.106
12:47:39.204,2109.4621,105205,-3.514,11.214
12:47:39.219,2109.4821,105206,-3.376,11.127
12:47:39.236,2109.5021,105207,-3.471,11.183
12:47:39.263,2109.5221,105208,-3.577,11.235
12:47:39.310,2109.5421,105209,-3.491,11.117
12:47:39.310,2109.5621,105210,-3.59,11.214
12:47:39.326,2109.5821,105211,-3.653,11.353
12:47:39.342,2109.6021,105212,-3.565,11.276
12:47:39.353,2109.6221,105213,-3.459,11.385
12:47:39.385,2109.6421,105214,-3.383,11.279
12:47:39.417,2109.6621,105215,-3.336,11.152
12:47:39.417,2109.6821,105216,-3.446,11.155
12:47:39.443,2109.7021,105217,-3.342,11.221
12:47:39.459,2109.7221,105218,-3.356,11.368
12:47:39.475,2109.7421,105219,-3.414,11.253
12:47:39.507,2109.7621,105220,-3.369,11.38
12:47:39.518,2109.7821,105221,-3.369,11.232
12:47:39.549,2109.8021,105222,-3.545,11.257
12:47:39.581,2109.8221,105223,-3.702,11.265
12:47:39.581,2109.8421,105224,-3.866,11.229
12:47:39.592,2109.8621,105225,-3.771,11.322
12:47:39.623,2109.8821,105226,-3.622,11.359
12:47:39.686,2109.9021,105227,-3.656,11.484
12:47:39.686,2109.9221,105228,-3.637,11.344
12:47:39.687,2109.9421,105229,-3.694,11.468
12:47:39.698,2109.9621,105230,-3.619,11.368
12:47:39.713,2109.9821,105231,-3.472,11.271
12:47:39.745,2110.0021,105232,-3.564,11.189
12:47:39.787,2110.0221,105233,-3.581,11.337
12:47:39.793,2110.0421,105234,-3.698,11.37
12:47:39.804,2110.0621,105235,-3.609,11.268
12:47:39.819,2110.0821,105236,-3.571,11.122
12:47:39.835,2110.1021,105237,-3.581,10.98
12:47:39.863,2110.1221,105238,-3.607,11.114
12:47:39.895,2110.1421,105239,-3.53,11.002
12:47:39.895,2110.1621,105240,-3.466,11.122
12:47:39.926,2110.1821,105241,-3.518,11.258
12:47:39.942,2110.2021,105242,-3.645,11.233
12:47:39.953,2110.2221,105243,-3.748,11.106
12:47:39.984,2110.2421,105244,-3.668,11.244
12:47:40.015,2110.2621,105245,-3.505,11.185
12:47:40.016,2110.2821,105246,-3.628,11.3
12:47:40.047,2110.3021,105247,-3.729,11.427
12:47:40.058,2110.3221,105248,-3.654,11.285
12:47:40.074,2110.3421,105249,-3.536,11.169
12:47:40.106,2110.3621,105250,-3.516,11.303
12:47:40.133,2110.3821,105251,-3.666,11.368
12:47:40.138,2110.4021,105252,-3.54,11.473
12:47:40.165,2110.4221,105253,-3.503,11.328
12:47:40.181,2110.4421,105254,-3.637,11.251
12:47:40.197,2110.4621,105255,-3.519,11.302
12:47:40.256,2110.4821,105256,-3.496,11.162
12:47:40.256,2110.5021,105257,-3.611,11.208
12:47:40.256,2110.5221,105258,-3.523,11.085
12:47:40.283,2110.5421,105259,-3.413,11.205
12:47:40.315,2110.5621,105260,-3.54,11.31
12:47:40.315,2110.5821,105261,-3.629,11.182
12:47:40.373,2110.6021,105262,-3.717,11.29
12:47:40.379,2110.6221,105263,-3.776,11.17
12:47:40.379,2110.6421,105264,-3.671,11.276
12:47:40.406,2110.6621,105265,-3.549,11.287
12:47:40.422,2110.6821,105266,-3.651,11.159
12:47:40.433,2110.7021,105267,-3.55,11.025
12:47:40.497,2110.7221,105268,-3.493,11.168
12:47:40.497,2110.7421,105269,-3.515,11.302
12:47:40.497,2110.7621,105270,-3.62,11.196
12:47:40.524,2110.7821,105271,-3.579,11.344
12:47:40.540,2110.8021,105272,-3.434,11.423
12:47:40.555,2110.8221,105273,-3.373,11.293
12:47:40.630,2110.8421,105274,-3.449,11.38
12:47:40.630,2110.8621,105275,-3.491,11.23
12:47:40.630,2110.8821,105276,-3.429,11.364
12:47:40.636,2110.9021,105277,-3.579,11.302
12:47:40.657,2110.9221,105278,-3.408,11.264
12:47:40.673,2110.9421,105279,-3.363,11.137
12:47:40.721,2110.9621,105280,-3.485,11.234
12:47:40.722,2110.9821,105281,-3.648,11.17
12:47:40.733,2111.0021,105282,-3.532,11.121
12:47:40.764,2111.0221,105283,-3.438,11.186
12:47:40.780,2111.0421,105284,-3.557,11.193
12:47:40.796,2111.0621,105285,-3.566,11.038
12:47:40.823,2111.0821,105286,-3.647,11.152
12:47:40.839,2111.1021,105287,-3.571,11.295
12:47:40.856,2111.1221,105288,-3.473,11.218
12:47:40.887,2111.1421,105289,-3.639,11.218
12:47:40.898,2111.1621,105290,-3.534,11.095
12:47:40.914,2111.1821,105291,-3.705,11.111
12:47:40.957,2111.2021,105292,-3.675,11.249
12:47:40.963,2111.2221,105293,-3.572,11.201
12:47:40.974,2111.2421,105294,-3.606,11.076
12:47:41.005,2111.2621,105295,-3.667,11.218
12:47:41.022,2111.2821,105296,-3.494,11.17
12:47:41.049,2111.3021,105297,-3.582,11.249
12:47:41.081,2111.3221,105298,-3.558,11.114
12:47:41.082,2111.3421,105299,-3.598,11.243
12:47:41.097,2111.3621,105300,-3.493,11.359
12:47:41.124,2111.3821,105301,-3.586,11.231
12:47:41.156,2111.4021,105302,-3.451,11.323
12:47:41.156,2111.4221,105303,-3.456,11.466
12:47:41.199,2111.4421,105304,-3.505,11.342
12:47:41.199,2111.4621,105305,-3.614,11.223
12:47:41.215,2111.4821,105306,-3.504,11.103
12:47:41.258,2111.5021,105307,-3.523,11.236
12:47:41.264,2111.5221,105308,-3.592,11.338
12:47:41.306,2111.5421,105309,-3.763,11.378
12:47:41.306,2111.5621,105310,-3.625,11.3
12:47:41.322,2111.5821,105311,-3.466,11.261
12:47:41.332,2111.6021,105312,-3.359,11.317
12:47:41.365,2111.6221,105313,-3.456,11.265
12:47:41.381,2111.6421,105314,-3.569,11.226
12:47:41.397,2111.6621,105315,-3.397,11.24
12:47:41.441,2111.6821,105316,-3.332,11.108
12:47:41.441,2111.7021,105317,-3.414,11.237
12:47:41.457,2111.7221,105318,-3.293,11.264
12:47:41.483,2111.7421,105319,-3.184,11.298
12:47:41.499,2111.7621,105320,-3.305,11.197
12:47:41.515,2111.7821,105321,-3.325,11.345
12:47:41.557,2111.8021,105322,-3.345,11.198
12:47:41.563,2111.8221,105323,-3.326,11.336
12:47:41.574,2111.8421,105324,-3.49,11.398
12:47:41.605,2111.8621,105325,-3.653,11.354
12:47:41.621,2111.8821,105326,-3.598,11.219
12:47:41.638,2111.9021,105327,-3.473,11.109
12:47:41.664,2111.9221,105328,-3.647,11.142
12:47:41.680,2111.9421,105329,-3.667,11.28
12:47:41.696,2111.9621,105330,-3.787,11.399
12:47:41.723,2111.9821,105331,-3.66,11.299
12:47:41.739,2112.0021,105332,-3.544,11.281
12:47:41.787,2112.0221,105333,-3.691,11.206
12:47:41.787,2112.0421,105334,-3.576,11.314
12:47:41.798,2112.0621,105335,-3.621,11.46
12:47:41.814,2112.0821,105336,-3.467,11.38
12:47:41.846,2112.1021,105337,-3.566,11.306
12:47:41.858,2112.1221,105338,-3.542,11.157
12:47:41.874,2112.1421,105339,-3.553,11.303
12:47:41.906,2112.1621,105340,-3.412,11.402
12:47:41.922,2112.1821,105341,-3.377,11.268
12:47:41.932,2112.2021,105342,-3.519,11.186
12:47:41.964,2112.2221,105343,-3.52,11.043
12:47:41.980,2112.2421,105344,-3.57,11.163
12:47:41.996,2112.2621,105345,-3.522,11.302
12:47:42.023,2112.2821,105346,-3.568,11.154
12:47:42.039,2112.3021,105347,-3.675,11.256
12:47:42.070,2112.3221,105348,-3.567,11.264
12:47:42.086,2112.3421,105349,-3.522,11.394
12:47:42.102,2112.3621,105350,-3.563,11.258
12:47:42.161,2112.3821,105351,-3.535,11.402
12:47:42.177,2112.4021,105352,-3.681,11.314
12:47:42.177,2112.4221,105353,-3.725,11.444
12:47:42.177,2112.4421,105354,-3.604,11.323
12:47:42.204,2112.4621,105355,-3.698,11.231
12:47:42.220,2112.4821,105356,-3.533,11.188
12:47:42.251,2112.5021,105357,-3.644,11.313
12:47:42.278,2112.5221,105358,-3.522,11.196
12:47:42.283,2112.5421,105359,-3.434,11.26
12:47:42.294,2112.5621,105360,-3.521,11.346
12:47:42.325,2112.5821,105361,-3.444,11.253
12:47:42.342,2112.6021,105362,-3.572,11.229
12:47:42.352,2112.6221,105363,-3.675,11.165
12:47:42.384,2112.6421,105364,-3.644,11.306
12:47:42.400,2112.6621,105365,-3.605,11.172
12:47:42.416,2112.6821,105366,-3.581,11.321
12:47:42.443,2112.7021,105367,-3.54,11.188
12:47:42.459,2112.7221,105368,-3.607,11.297
12:47:42.503,2112.7421,105369,-3.5,11.237
12:47:42.509,2112.7621,105370,-3.611,11.251
12:47:42.520,2112.7821,105371,-3.499,11.209
12:47:42.536,2112.8021,105372,-3.571,11.108
12:47:42.562,2112.8221,105373,-3.417,11.06
12:47:42.578,2112.8421,105374,-3.502,11.184
12:47:42.610,2112.8621,105375,-3.411,11.271
12:47:42.626,2112.8821,105376,-3.401,11.126
12:47:42.641,2112.9021,105377,-3.528,11.24
12:47:42.653,2112.9221,105378,-3.589,11.367
12:47:42.700,2112.9421,105379,-3.512,11.259
12:47:42.700,2112.9621,105380,-3.633,11.378
12:47:42.732,2112.9821,105381,-3.533,11.263
12:47:42.743,2113.0021,105382,-3.383,11.225
12:47:42.759,2113.0221,105383,-3.431,11.367
12:47:42.775,2113.0421,105384,-3.498,11.22
12:47:42.808,2113.0621,105385,-3.58,11.363
12:47:42.818,2113.0821,105386,-3.652,11.317
12:47:42.851,2113.1021,105387,-3.346,10.511
12:47:42.867,2113.1221,105388,-2.467,9.443
12:47:42.878,2113.1421,105389,-2.529,8.96
12:47:42.909,2113.1621,105390,-3.104,8.935
12:47:42.925,2113.1821,105391,-3.367,9.682
12:47:42.942,2113.2021,105392,-3.78,10.952
12:47:42.969,2113.2221,105393,-3.908,12.317
12:47:42.985,2113.2421,105394,-3.811,13.266
12:47:43.001,2113.2621,105395,-4.271,13.676
12:47:43.017,2113.2821,105396,-4.517,14.012
12:47:43.044,2113.3021,105397,-4.712,14.26
12:47:43.092,2113.3221,105398,-4.814,14.485
12:47:43.092,2113.3421,105399,-5.219,14.456
12:47:43.119,2113.3621,105400,-5.519,14.248
12:47:43.119,2113.3821,105401,-4.862,13.933
12:47:43.136,2113.4021,105402,-3.743,13.741
12:47:43.167,2113.4221,105403,-3.155,12.549
12:47:43.209,2113.4421,105404,-2.794,10.918
12:47:43.210,2113.4621,105405,-2.853,9.313
12:47:43.226,2113.4821,105406,-2.882,7.996
12:47:43.242,2113.5021,105407,-2.874,8.016
12:47:43.253,2113.5221,105408,-2.651,9.069
12:47:43.286,2113.5421,105409,-2.839,10.604
12:47:43.328,2113.5621,105410,-2.875,12.588
12:47:43.333,2113.5821,105411,-2.979,13.954
12:47:43.344,2113.6021,105412,-3.003,14.052
12:47:43.360,2113.6221,105413,-3.113,14.108
12:47:43.376,2113.6421,105414,-3.32,14.552
12:47:43.402,2113.6621,105415,-3.502,14.856
12:47:43.451,2113.6821,105416,-3.61,14.932
12:47:43.451,2113.7021,105417,-3.809,15.233
12:47:43.467,2113.7221,105418,-3.967,15.463
12:47:43.478,2113.7421,105419,-3.89,15.245
12:47:43.494,2113.7621,105420,-3.906,14.556
12:47:43.526,2113.7821,105421,-3.699,14.069
12:47:43.542,2113.8021,105422,-3.565,14.025
12:47:43.553,2113.8221,105423,-3.39,13.991
12:47:43.585,2113.8421,105424,-3.313,13.847
12:47:43.601,2113.8621,105425,-3.41,13.85
12:47:43.618,2113.8821,105426,-3.457,13.514
12:47:43.644,2113.9021,105427,-3.492,13.237
12:47:43.676,2113.9221,105428,-3.456,13.015
12:47:43.676,2113.9421,105429,-3.35,12.962
12:47:43.708,2113.9621,105430,-3.208,12.9
12:47:43.719,2113.9821,105431,-3.071,12.835
12:47:43.735,2114.0021,105432,-3.208,12.94
12:47:43.767,2114.0221,105433,-3.033,12.907
12:47:43.794,2114.0421,105434,-3.117,12.816
12:47:43.794,2114.0621,105435,-3.0,12.73
12:47:43.825,2114.0821,105436,-2.709,12.364
12:47:43.842,2114.1021,105437,-3.065,11.823
12:47:43.868,2114.1221,105438,-2.863,11.653
12:47:43.885,2114.1421,105439,-2.828,11.731
12:47:43.916,2114.1621,105440,-2.886,11.583
12:47:43.916,2114.1821,105441,-2.781,11.543
12:47:43.943,2114.2021,105442,-2.764,11.412
12:47:43.974,2114.2221,105443,-2.833,11.53
12:47:43.974,2114.2421,105444,-2.885,11.315
12:47:44.032,2114.2621,105445,-3.022,11.32
12:47:44.037,2114.2821,105446,-2.862,11.337
12:47:44.037,2114.3021,105447,-3.017,11.269
12:47:44.080,2114.3221,105448,-2.898,11.325
12:47:44.080,2114.3421,105449,-2.737,11.24
12:47:44.097,2114.3621,105450,-2.89,10.843
12:47:44.156,2114.3821,105451,-2.747,10.638
12:47:44.156,2114.4021,105452,-2.936,10.634
12:47:44.156,2114.4221,105453,-2.803,10.67
12:47:44.184,2114.4421,105454,-2.602,10.558
12:47:44.200,2114.4621,105455,-2.763,10.63
12:47:44.216,2114.4821,105456,-2.738,10.766
12:47:44.275,2114.5021,105457,-2.89,10.782
12:47:44.275,2114.5221,105458,-2.854,10.616
12:47:44.280,2114.5421,105459,-1.888,10.532
12:47:44.306,2114.5621,105460,-1.574,10.069
12:47:44.322,2114.5821,105461,-1.675,9.723
12:47:44.333,2114.6021,105462,-1.725,9.691
12:47:44.396,2114.6221,105463,-1.78,9.704
12:47:44.397,2114.6421,105464,-2.151,9.829
12:47:44.397,2114.6621,105465,-2.308,9.833
12:47:44.423,2114.6821,105466,-2.492,9.768
12:47:44.440,2114.7021,105467,-2.404,9.79
12:47:44.455,2114.7221,105468,-2.537,9.892
12:47:44.499,2114.7421,105469,-2.41,9.895
12:47:44.499,2114.7621,105470,-2.231,9.805
12:47:44.515,2114.7821,105471,-2.797,9.729
12:47:44.547,2114.8021,105472,-2.732,9.797
12:47:44.558,2114.8221,105473,-2.776,9.75
12:47:44.575,2114.8421,105474,-2.954,9.763
12:47:44.622,2114.8621,105475,-2.898,9.207
12:47:44.622,2114.8821,105476,-2.822,7.393
12:47:44.633,2114.9021,105477,-2.842,5.238
12:47:44.666,2114.9221,105478,-3.152,3.376
12:47:44.682,2114.9421,105479,-3.457,2.501
12:47:44.709,2114.9621,105480,-3.457,2.451
12:47:44.741,2114.9821,105481,-3.596,2.573
12:47:44.741,2115.0021,105482,-3.442,2.523
12:47:44.757,2115.0221,105483,-3.32,2.612
12:47:44.783,2115.0421,105484,-3.305,2.476
12:47:44.816,2115.0621,105485,-3.425,2.613
12:47:44.816,2115.0821,105486,-3.373,2.571
12:47:44.858,2115.1021,105487,-3.329,2.515
12:47:44.864,2115.1221,105488,-3.525,2.487
12:47:44.875,2115.1421,105489,-3.603,2.63
12:47:44.922,2115.1621,105490,-3.483,2.659
12:47:44.922,2115.1821,105491,-3.597,2.533
12:47:44.933,2115.2021,105492,-3.707,2.414
12:47:44.981,2115.2221,105493,-3.54,2.447
12:47:44.981,2115.2421,105494,-3.678,2.448
12:47:44.996,2115.2621,105495,-3.542,2.41
12:47:45.023,2115.2821,105496,-3.512,2.559
12:47:45.039,2115.3021,105497,-3.689,2.612
12:47:45.055,2115.3221,105498,-3.572,2.716
12:47:45.098,2115.3421,105499,-3.55,2.825
12:47:45.104,2115.3621,105500,-3.719,2.805
12:47:45.115,2115.3821,105501,-3.641,2.853
12:47:45.147,2115.4021,105502,-3.705,3.454
12:47:45.157,2115.4221,105503,-3.478,4.201
12:47:45.174,2115.4421,105504,-3.508,4.521
12:47:45.237,2115.4621,105505,-3.21,4.654
12:47:45.237,2115.4821,105506,-3.105,4.563
12:47:45.237,2115.5021,105507,-2.782,4.401
12:47:45.264,2115.5221,105508,-3.035,4.79
12:47:45.281,2115.5421,105509,-2.881,5.093
12:47:45.297,2115.5621,105510,-2.798,5.048
12:47:45.340,2115.5821,105511,-3.008,5.035
12:47:45.340,2115.6021,105512,-2.917,5.158
12:47:45.357,2115.6221,105513,-2.897,5.304
12:47:45.384,2115.6421,105514,-2.889,5.17
12:47:45.400,2115.6621,105515,-2.787,5.228
12:47:45.442,2115.6821,105516,-2.939,5.209
12:47:45.448,2115.7021,105517,-2.97,5.058
12:47:45.459,2115.7221,105518,-2.858,5.045
12:47:45.475,2115.7421,105519,-2.904,4.903
12:47:45.507,2115.7621,105520,-2.92,5.049
12:47:45.534,2115.7821,105521,-3.018,5.184
12:47:45.535,2115.8021,105522,-3.179,5.25
12:47:45.567,2115.8221,105523,-3.068,5.359
12:47:45.578,2115.8421,105524,-3.134,5.239
12:47:45.594,2115.8621,105525,-3.21,5.11
12:47:45.627,2115.8821,105526,-3.11,5.205
12:47:45.638,2115.9021,105527,-3.189,5.297
12:47:45.654,2115.9221,105528,-3.063,5.196
12:47:45.685,2115.9421,105529,-3.125,5.347
12:47:45.701,2115.9621,105530,-3.355,5.369
12:47:45.717,2115.9821,105531,-3.268,5.402
12:47:45.744,2116.0021,105532,-3.534,5.47
12:47:45.760,2116.0221,105533,-3.546,5.196
12:47:45.776,2116.0421,105534,-3.557,5.308
12:47:45.803,2116.0621,105535,-3.639,5.47
12:47:45.819,2116.0821,105536,-3.752,5.898
12:47:45.835,2116.1021,105537,-3.724,6.951
12:47:45.863,2116.1221,105538,-3.564,8.327
12:47:45.879,2116.1421,105539,-3.559,9.464
12:47:45.938,2116.1621,105540,-3.548,10.833
12:47:45.944,2116.1821,105541,-3.319,11.532
12:47:45.944,2116.2021,105542,-3.369,11.897
12:47:45.954,2116.2221,105543,-3.616,12.49
12:47:45.987,2116.2421,105544,-3.985,13.442
12:47:45.998,2116.2621,105545,-4.322,14.417
12:47:46.047,2116.2821,105546,-4.497,14.861
12:47:46.047,2116.3021,105547,-4.49,15.457
12:47:46.058,2116.3221,105548,-4.381,15.854
12:47:46.074,2116.3421,105549,-4.469,15.958
12:47:46.105,2116.3621,105550,-4.38,16.147
12:47:46.121,2116.3821,105551,-4.512,16.666
12:47:46.148,2116.4021,105552,-4.626,17.049
12:47:46.164,2116.4221,105553,-4.579,16.968
12:47:46.180,2116.4421,105554,-4.418,16.875
12:47:46.196,2116.4621,105555,-4.505,16.809
12:47:46.227,2116.4821,105556,-4.531,16.673
12:47:46.238,2116.5021,105557,-4.398,16.815
12:47:46.287,2116.5221,105558,-4.258,16.955
12:47:46.287,2116.5421,105559,-4.05,17.005
12:47:46.298,2116.5621,105560,-3.929,17.043
12:47:46.314,2116.5821,105561,-3.947,16.711
12:47:46.346,2116.6021,105562,-4.077,16.533
12:47:46.362,2116.6221,105563,-3.993,16.599
12:47:46.389,2116.6421,105564,-4.053,16.258
12:47:46.405,2116.6621,105565,-4.12,15.774
12:47:46.421,2116.6821,105566,-4.003,15.401
12:47:46.437,2116.7021,105567,-4.023,15.077
12:47:46.464,2116.7221,105568,-3.832,15.059
12:47:46.481,2116.7421,105569,-3.97,14.996
12:47:46.508,2116.7621,105570,-3.772,14.929
12:47:46.524,2116.7821,105571,-3.831,14.787
12:47:46.556,2116.8021,105572,-3.575,14.652
12:47:46.557,2116.8221,105573,-3.39,14.634
12:47:46.584,2116.8421,105574,-3.514,14.537
12:47:46.600,2116.8621,105575,-3.347,14.516
12:47:46.632,2116.8821,105576,-3.266,14.629
12:47:46.643,2116.9021,105577,-3.407,14.549
12:47:46.659,2116.9221,105578,-3.26,14.632
12:47:46.675,2116.9421,105579,-3.374,14.583
12:47:46.708,2116.9621,105580,-3.294,14.708
12:47:46.718,2116.9821,105581,-3.305,14.561
12:47:46.750,2117.0021,105582,-3.215,14.564
12:47:46.766,2117.0221,105583,-3.388,14.527
12:47:46.793,2117.0421,105584,-3.335,14.663
12:47:46.799,2117.0621,105585,-3.259,14.519
12:47:46.825,2117.0821,105586,-3.3,14.64
12:47:46.867,2117.1021,105587,-3.327,14.499
12:47:46.873,2117.1221,105588,-3.271,14.609
12:47:46.884,2117.1421,105589,-3.438,14.672
12:47:46.900,2117.1621,105590,-3.278,14.718
12:47:46.916,2117.1821,105591,-3.26,14.564
12:47:46.943,2117.2021,105592,-3.2,14.706
12:47:46.991,2117.2221,105593,-3.165,14.559
12:47:46.992,2117.2421,105594,-3.272,14.594
12:47:47.003,2117.2621,105595,-3.155,14.707
12:47:47.018,2117.2821,105596,-3.093,14.56
12:47:47.034,2117.3021,105597,-3.182,14.43
12:47:47.067,2117.3221,105598,-3.182,14.573
12:47:47.093,2117.3421,105599,-3.139,14.432
12:47:47.098,2117.3621,105600,-3.213,14.573
12:47:47.124,2117.3821,105601,-3.388,14.56
12:47:47.140,2117.4021,105602,-3.275,14.504
12:47:47.156,2117.4221,105603,-4.201,13.871
12:47:47.229,2117.4421,105604,-4.437,13.506
12:47:47.230,2117.4621,105605,-4.374,13.515
12:47:47.235,2117.4821,105606,-4.425,13.543
12:47:47.235,2117.5021,105607,-4.266,13.493
12:47:47.262,2117.5221,105608,-4.266,13.335
12:47:47.278,2117.5421,105609,-4.325,13.452
12:47:47.304,2117.5621,105610,-3.996,13.396
12:47:47.335,2117.5821,105611,-3.941,13.531
12:47:47.335,2117.6021,105612,-3.999,13.403
12:47:47.368,2117.6221,105613,-4.137,13.428
12:47:47.379,2117.6421,105614,-4.019,13.541
12:47:47.410,2117.6621,105615,-4.142,13.554
12:47:47.427,2117.6821,105616,-4.05,13.431
12:47:47.453,2117.7021,105617,-3.931,13.392
12:47:47.459,2117.7221,105618,-3.938,13.513
12:47:47.487,2117.7421,105619,-3.753,13.527
12:47:47.498,2117.7621,105620,-3.91,13.506
12:47:47.513,2117.7821,105621,-3.99,13.387
12:47:47.545,2117.8021,105622,-4.071,13.479
12:47:47.577,2117.8221,105623,-3.969,13.412
12:47:47.577,2117.8421,105624,-4.03,13.525
12:47:47.604,2117.8621,105625,-3.87,13.476
12:47:47.620,2117.8821,105626,-3.722,13.555
12:47:47.636,2117.9021,105627,-3.823,13.515
12:47:47.664,2117.9221,105628,-3.933,13.555
12:47:47.696,2117.9421,105629,-3.85,13.478
12:47:47.696,2117.9621,105630,-3.921,13.368
12:47:47.727,2117.9821,105631,-3.843,13.452
12:47:47.738,2118.0021,105632,-3.946,13.502
12:47:47.754,2118.0221,105633,-3.834,13.521
12:47:47.827,2118.0421,105634,-3.77,13.374
12:47:47.833,2118.0621,105635,-3.674,13.453
12:47:47.833,2118.0821,105636,-3.785,13.446
12:47:47.833,2118.1021,105637,-3.952,13.421
12:47:47.860,2118.1221,105638,-3.997,13.548
12:47:47.877,2118.1421,105639,-3.937,13.399
12:47:47.919,2118.1621,105640,-3.909,13.532
12:47:47.919,2118.1821,105641,-3.813,13.462
12:47:47.935,2118.2021,105642,-3.828,13.599
12:47:47.968,2118.2221,105643,-3.832,13.455
12:47:47.979,2118.2421,105644,-3.715,13.339
12:47:47.994,2118.2621,105645,-3.79,13.447
12:47:48.053,2118.2821,105646,-3.625,13.466
12:47:48.059,2118.3021,105647,-3.795,13.473
12:47:48.059,2118.3221,105648,-3.69,13.416
12:47:48.085,2118.3421,105649,-3.732,13.556
12:47:48.101,2118.3621,105650,-3.765,13.408
12:47:48.113,2118.3821,105651,-3.938,13.435
12:47:48.176,2118.4021,105652,-3.858,13.336
12:47:48.176,2118.4221,105653,-3.876,13.479
12:47:48.176,2118.4421,105654,-3.723,13.551
12:47:48.204,2118.4621,105655,-3.818,13.487
12:47:48.221,2118.4821,105656,-3.916,13.356
12:47:48.237,2118.5021,105657,-3.989,13.495
12:47:48.280,2118.5221,105658,-3.874,13.397
12:47:48.280,2118.5421,105659,-3.929,13.542
12:47:48.296,2118.5621,105660,-3.873,13.409
12:47:48.322,2118.5821,105661,-3.977,13.541
12:47:48.339,2118.6021,105662,-3.924,13.415
12:47:48.355,2118.6221,105663,-3.831,13.495
12:47:48.402,2118.6421,105664,-3.789,13.638
12:47:48.402,2118.6621,105665,-3.832,13.51
12:47:48.418,2118.6821,105666,-3.934,13.466
12:47:48.444,2118.7021,105667,-3.866,13.358
12:47:48.460,2118.7221,105668,-3.995,13.426
12:47:48.476,2118.7421,105669,-3.991,13.572
12:47:48.520,2118.7621,105670,-3.972,13.43
12:47:48.520,2118.7821,105671,-3.829,13.419
12:47:48.536,2118.8021,105672,-3.818,13.564
12:47:48.563,2118.8221,105673,-3.67,13.511
12:47:48.579,2118.8421,105674,-3.783,13.612
12:47:48.595,2118.8621,105675,-3.792,13.469
12:47:48.638,2118.8821,105676,-3.718,13.334
12:47:48.644,2118.9021,105677,-3.721,13.473
12:47:48.655,2118.9221,105678,-3.861,13.396
12:47:48.686,2118.9421,105679,-3.867,13.246
12:47:48.703,2118.9621,105680,-3.898,13.395
12:47:48.714,2118.9821,105681,-3.843,13.534
12:47:48.761,2119.0021,105682,-3.77,13.393
12:47:48.762,2119.0221,105683,-3.805,13.529
12:47:48.777,2119.0421,105684,-3.78,13.385
12:47:48.804,2119.0621,105685,-3.633,13.416
12:47:48.820,2119.0821,105686,-3.74,13.543
12:47:48.836,2119.1021,105687,-3.856,13.556
12:47:48.877,2119.1221,105688,-3.807,13.679
12:47:48.883,2119.1421,105689,-3.801,13.536
12:47:48.894,2119.1621,105690,-3.647,13.451
12:47:48.927,2119.1821,105691,-3.818,13.43
12:47:48.938,2119.2021,105692,-3.697,13.526
12:47:49.001,2119.2221,105693,-3.774,13.66
12:47:49.001,2119.2421,105694,-3.715,13.54
12:47:49.001,2119.2621,105695,-3.836,13.484
12:47:49.017,2119.2821,105696,-3.737,13.425
12:47:49.044,2119.3021,105697,-3.853,13.449
12:47:49.077,2119.3221,105698,-3.744,13.427
12:47:49.077,2119.3421,105699,-3.582,13.48
12:47:49.120,2119.3621,105700,-3.678,13.561
12:47:49.120,2119.3821,105701,-3.599,13.704
12:47:49.136,2119.4021,105702,-3.609,13.558
12:47:49.179,2119.4221,105703,-3.72,13.515
12:47:49.179,2119.4421,105704,-3.837,13.49
12:47:49.195,2119.4621,105705,-3.735,13.445
12:47:49.227,2119.4821,105706,-3.791,13.591
12:47:49.237,2119.5021,105707,-3.826,13.441
12:47:49.253,2119.5221,105708,-3.974,13.526
12:47:49.285,2119.5421,105709,-3.857,13.475
12:47:49.301,2119.5621,105710,-3.883,13.61
12:47:49.318,2119.5821,105711,-3.78,13.527
12:47:49.344,2119.6021,105712,-3.74,13.383
12:47:49.359,2119.6221,105713,-3.791,13.529
12:47:49.392,2119.6421,105714,-3.843,13.682
12:47:49.403,2119.6621,105715,-3.698,13.606
12:47:49.420,2119.6821,105716,-3.575,13.612
12:47:49.435,2119.7021,105717,-3.666,13.533
12:47:49.467,2119.7221,105718,-3.792,13.648
12:47:49.479,2119.7421,105719,-3.884,13.561
12:47:49.495,2119.7621,105720,-3.806,13.46
12:47:49.526,2119.7821,105721,-3.741,13.573
12:47:49.538,2119.8021,105722,-3.794,13.455
12:47:49.553,2119.8221,105723,-3.902,13.448
12:47:49.586,2119.8421,105724,-3.795,13.328
12:47:49.602,2119.8621,105725,-3.855,13.458
12:47:49.613,2119.8821,105726,-3.753,13.553
12:47:49.645,2119.9021,105727,-3.739,13.413
12:47:49.661,2119.9221,105728,-3.715,13.56
12:47:49.704,2119.9421,105729,-3.714,13.418
12:47:49.704,2119.9621,105730,-3.613,13.474
12:47:49.719,2119.9821,105731,-3.7,13.398
12:47:49.735,2120.0021,105732,-3.621,13.498
12:47:49.767,2120.0221,105733,-3.723,13.54
12:47:49.778,2120.0421,105734,-3.785,13.399
12:47:49.826,2120.0621,105735,-3.888,13.528
12:47:49.826,2120.0821,105736,-3.727,13.467
12:47:49.842,2120.1021,105737,-3.762,13.609
12:47:49.853,2120.1221,105738,-3.872,13.502
12:47:49.901,2120.1421,105739,-3.975,13.458
12:47:49.901,2120.1621,105740,-3.862,13.425
12:47:49.944,2120.1821,105741,-3.785,13.513
12:47:49.944,2120.2021,105742,-3.607,13.486
12:47:49.960,2120.2221,105743,-3.724,13.521
12:47:49.977,2120.2421,105744,-3.874,13.479
12:47:50.003,2120.2621,105745,-3.772,13.429
12:47:50.020,2120.2821,105746,-3.656,13.539
12:47:50.062,2120.3021,105747,-3.697,13.407
12:47:50.068,2120.3221,105748,-3.784,13.483
12:47:50.079,2120.3421,105749,-3.93,13.575
12:47:50.110,2120.3621,105750,-3.898,13.437
12:47:50.126,2120.3821,105751,-3.765,13.544
12:47:50.142,2120.4021,105752,-3.929,13.59
12:47:50.168,2120.4221,105753,-3.834,13.533
12:47:50.185,2120.4421,105754,-3.66,13.498
12:47:50.201,2120.4621,105755,-3.792,13.588
12:47:50.217,2120.4821,105756,-3.769,13.441
12:47:50.244,2120.5021,105757,-3.612,13.497
12:47:50.260,2120.5221,105758,-3.617,13.633
12:47:50.291,2120.5421,105759,-3.689,13.539
12:47:50.307,2120.5621,105760,-3.828,13.564
12:47:50.323,2120.5821,105761,-3.796,13.432
12:47:50.334,2120.6021,105762,-3.78,13.581
12:47:50.367,2120.6221,105763,-3.687,13.488
12:47:50.382,2120.6421,105764,-3.731,13.344
12:47:50.408,2120.6621,105765,-3.701,13.489
12:47:50.424,2120.6821,105766,-3.804,13.546
12:47:50.440,2120.7021,105767,-3.817,13.396
12:47:50.456,2120.7221,105768,-3.683,13.487
12:47:50.483,2120.7421,105769,-3.505,13.462
12:47:50.499,2120.7621,105770,-3.677,13.448
12:47:50.531,2120.7821,105771,-3.815,13.482
12:47:50.547,2120.8021,105772,-3.797,13.345
12:47:50.563,2120.8221,105773,-3.636,13.287
12:47:50.574,2120.8421,105774,-3.641,13.435
12:47:50.605,2120.8621,105775,-3.802,13.377
12:47:50.663,2120.8821,105776,-3.669,13.35
12:47:50.669,2120.9021,105777,-3.721,13.468
12:47:50.669,2120.9221,105778,-3.723,13.322
12:47:50.680,2120.9421,105779,-3.727,13.473
12:47:50.696,2120.9621,105780,-3.684,13.62
12:47:50.723,2120.9821,105781,-3.598,13.536
12:47:50.771,2121.0021,105782,-3.72,13.429
12:47:50.771,2121.0221,105783,-3.583,13.459
12:47:50.788,2121.0421,105784,-3.745,13.509
12:47:50.798,2121.0621,105785,-3.871,13.415
12:47:50.814,2121.0821,105786,-3.761,13.448
12:47:50.846,2121.1021,105787,-3.872,13.411
12:47:50.889,2121.1221,105788,-3.714,13.47
12:47:50.895,2121.1421,105789,-3.829,13.446
12:47:50.905,2121.1621,105790,-3.665,13.493
12:47:50.921,2121.1821,105791,-3.672,13.345
12:47:50.938,2121.2021,105792,-3.638,13.468
12:47:50.965,2121.2221,105793,-3.774,13.563
12:47:51.007,2121.2421,105794,-3.912,13.473
12:47:51.013,2121.2621,105795,-3.769,13.392
12:47:51.024,2121.2821,105796,-3.822,13.538
12:47:51.056,2121.3021,105797,-3.759,13.678
12:47:51.056,2121.3221,105798,-3.853,13.551
12:47:51.088,2121.3421,105799,-3.907,13.677
12:47:51.114,2121.3621,105800,-3.844,13.56
12:47:51.114,2121.3821,105801,-3.952,13.483
12:47:51.162,2121.4021,105802,-3.837,13.392
12:47:51.162,2121.4221,105803,-3.704,13.497
12:47:51.173,2121.4421,105804,-3.658,13.612
12:47:51.206,2121.4621,105805,-3.717,13.478
12:47:51.237,2121.4821,105806,-3.686,13.33
12:47:51.237,2121.5021,105807,-3.626,13.469
12:47:51.265,2121.5221,105808,-3.797,13.437
12:47:51.281,2121.5421,105809,-3.842,13.564
12:47:51.297,2121.5621,105810,-3.74,13.507
12:47:51.324,2121.5821,105811,-3.609,13.598
12:47:51.355,2121.6021,105812,-3.76,13.515
12:47:51.356,2121.6221,105813,-3.82,13.651
12:47:51.387,2121.6421,105814,-3.727,13.548
12:47:51.398,2121.6621,105815,-3.857,13.441
12:47:51.414,2121.6821,105816,-3.741,13.471
12:47:51.445,2121.7021,105817,-3.801,13.581
12:47:51.461,2121.7221,105818,-3.928,13.502
12:47:51.478,2121.7421,105819,-3.849,13.581
12:47:51.505,2121.7621,105820,-3.752,13.449
12:47:51.521,2121.7821,105821,-3.712,13.6
12:47:51.537,2121.8021,105822,-3.812,13.547
12:47:51.564,2121.8221,105823,-3.862,13.691
12:47:51.596,2121.8421,105824,-3.804,13.817
12:47:51.596,2121.8621,105825,-3.915,13.707
12:47:51.623,2121.8821,105826,-3.838,13.606
12:47:51.640,2121.9021,105827,-3.77,13.473
12:47:51.657,2121.9221,105828,-3.834,13.373
12:47:51.700,2121.9421,105829,-3.686,13.451
12:47:51.700,2121.9621,105830,-3.766,13.547
12:47:51.716,2121.9821,105831,-3.863,13.502
12:47:51.743,2122.0021,105832,-3.764,13.418
12:47:51.760,2122.0221,105833,-3.829,13.305
12:47:51.776,2122.0421,105834,-3.756,13.422
12:47:51.803,2122.0621,105835,-3.823,13.565
12:47:51.834,2122.0821,105836,-3.702,13.507
12:47:51.834,2122.1021,105837,-3.621,13.425
12:47:51.866,2122.1221,105838,-3.677,13.547
12:47:51.877,2122.1421,105839,-3.668,13.4
12:47:51.894,2122.1621,105840,-3.823,13.428
12:47:51.957,2122.1821,105841,-3.954,13.522
12:47:51.957,2122.2021,105842,-3.793,13.459
12:47:51.957,2122.2221,105843,-3.692,13.426
12:47:51.984,2122.2421,105844,-3.756,13.54
12:47:52.000,2122.2621,105845,-3.895,13.641
12:47:52.016,2122.2821,105846,-3.806,13.503
12:47:52.060,2122.3021,105847,-3.808,13.646
12:47:52.060,2122.3221,105848,-3.671,13.549
12:47:52.076,2122.3421,105849,-3.826,13.496
12:47:52.119,2122.3621,105850,-3.761,13.608
12:47:52.119,2122.3821,105851,-3.755,13.749
12:47:52.135,2122.4021,105852,-3.836,13.668
12:47:52.177,2122.4221,105853,-3.753,13.54
12:47:52.183,2122.4421,105854,-3.698,13.688
12:47:52.194,2122.4621,105855,-3.7,13.543
12:47:52.227,2122.4821,105856,-3.834,13.446
12:47:52.238,2122.5021,105857,-3.782,13.321
12:47:52.254,2122.5221,105858,-3.833,13.47
12:47:52.298,2122.5421,105859,-3.776,13.614
12:47:52.303,2122.5621,105860,-3.843,13.475
12:47:52.314,2122.5821,105861,-4.014,13.456
12:47:52.346,2122.6021,105862,-3.842,13.423
12:47:52.363,2122.6221,105863,-3.98,13.412
12:47:52.373,2122.6421,105864,-3.944,13.531
12:47:52.421,2122.6621,105865,-3.776,13.512
12:47:52.421,2122.6821,105866,-3.854,13.384
12:47:52.437,2122.7021,105867,-3.784,13.522
12:47:52.464,2122.7221,105868,-3.891,13.546
12:47:52.481,2122.7421,105869,-3.784,13.427
12:47:52.497,2122.7621,105870,-3.879,13.537
12:47:52.540,2122.7821,105871,-3.745,13.429
12:47:52.540,2122.8021,105872,-3.677,13.529
12:47:52.556,2122.8221,105873,-3.596,13.426
12:47:52.588,2122.8421,105874,-3.681,13.529
12:47:52.599,2122.8621,105875,-3.736,13.66
12:47:52.658,2122.8821,105876,-3.792,13.514
12:47:52.664,2122.9021,105877,-3.913,13.495
12:47:52.664,2122.9221,105878,-3.817,13.413
12:47:52.675,2122.9421,105879,-3.742,13.526
12:47:52.708,2122.9621,105880,-3.834,13.633
12:47:52.735,2122.9821,105881,-3.872,13.494
12:47:52.735,2123.0021,105882,-3.71,13.531
12:47:52.782,2123.0221,105883,-3.687,13.678
12:47:52.782,2123.0421,105884,-3.799,13.588
12:47:52.793,2123.0621,105885,-3.823,13.725
12:47:52.840,2123.0821,105886,-3.719,13.595
12:47:52.840,2123.1021,105887,-3.714,13.454
12:47:52.856,2123.1221,105888,-3.804,13.589
12:47:52.900,2123.1421,105889,-3.734,13.478
12:47:52.900,2123.1621,105890,-3.591,13.4
12:47:52.916,2123.1821,105891,-3.714,13.312
12:47:52.943,2123.2021,105892,-3.804,13.451
12:47:52.959,2123.2221,105893,-3.912,13.468
12:47:52.975,2123.2421,105894,-3.841,13.361
12:47:53.007,2123.2621,105895,-3.732,13.43
12:47:53.018,2123.2821,105896,-3.843,13.408
12:47:53.034,2123.3021,105897,-3.875,13.553
12:47:53.066,2123.3221,105898,-3.933,13.403
12:47:53.082,2123.3421,105899,-3.858,13.5
12:47:53.097,2123.3621,105900,-3.806,13.644
12:47:53.124,2123.3821,105901,-3.743,13.526
12:47:53.140,2123.4021,105902,-3.866,13.434
12:47:53.156,2123.4221,105903,-3.814,13.285
12:47:53.187,2123.4421,105904,-3.777,13.432
12:47:53.198,2123.4621,105905,-3.671,13.544
12:47:53.214,2123.4821,105906,-3.659,13.69
12:47:53.246,2123.5021,105907,-3.67,13.55
12:47:53.262,2123.5221,105908,-3.692,13.41
12:47:53.273,2123.5421,105909,-3.861,13.421
12:47:53.305,2123.5621,105910,-3.799,13.525
12:47:53.321,2123.5821,105911,-3.715,13.658
12:47:53.337,2123.6021,105912,-3.872,13.72
12:47:53.364,2123.6221,105913,-3.976,13.77
12:47:53.380,2123.6421,105914,-3.878,13.689
12:47:53.397,2123.6621,105915,-3.885,13.545
12:47:53.439,2123.6821,105916,-3.771,13.663
12:47:53.439,2123.7021,105917,-3.87,13.55
12:47:53.471,2123.7221,105918,-3.73,13.595
12:47:53.483,2123.7421,105919,-3.603,13.485
12:47:53.499,2123.7621,105920,-3.633,13.635
12:47:53.516,2123.7821,105921,-3.613,13.49
12:47:53.548,2123.8021,105922,-3.774,13.439
12:47:53.591,2123.8221,105923,-3.666,13.398
12:47:53.591,2123.8421,105924,-3.776,13.411
12:47:53.607,2123.8621,105925,-3.743,13.554
12:47:53.623,2123.8821,105926,-3.63,13.553
12:47:53.634,2123.9021,105927,-3.696,13.43
12:47:53.682,2123.9221,105928,-3.726,13.28
12:47:53.682,2123.9421,105929,-3.798,13.379
12:47:53.726,2123.9621,105930,-3.695,13.502
12:47:53.726,2123.9821,105931,-3.595,13.43
12:47:53.742,2124.0021,105932,-3.747,13.511
12:47:53.753,2124.0221,105933,-3.88,13.567
12:47:53.785,2124.0421,105934,-3.744,13.659
12:47:53.801,2124.0621,105935,-3.841,13.605
12:47:53.844,2124.0821,105936,-3.731,13.585
12:47:53.844,2124.1021,105937,-3.87,13.487
12:47:53.860,2124.1221,105938,-3.807,13.632
12:47:53.877,2124.1421,105939,-3.913,13.513
12:47:53.903,2124.1621,105940,-3.771,13.6
12:47:53.920,2124.1821,105941,-3.804,13.457
12:47:53.952,2124.2021,105942,-3.964,13.401
12:47:53.963,2124.2221,105943,-3.822,13.316
12:47:53.995,2124.2421,105944,-3.808,13.449
12:47:53.995,2124.2621,105945,-3.656,13.452
12:47:54.023,2124.2821,105946,-3.824,13.411
12:47:54.038,2124.3021,105947,-3.887,13.521
12:47:54.071,2124.3221,105948,-3.843,13.385
12:47:54.087,2124.3421,105949,-3.875,13.533
12:47:54.114,2124.3621,105950,-3.764,13.571
12:47:54.114,2124.3821,105951,-3.864,13.453
12:47:54.145,2124.4021,105952,-3.992,13.348
12:47:54.161,2124.4221,105953,-3.931,13.459
12:47:54.203,2124.4421,105954,-3.906,13.59
12:47:54.209,2124.4621,105955,-3.897,13.445
12:47:54.220,2124.4821,105956,-4.059,13.509
12:47:54.236,2124.5021,105957,-3.999,13.653
12:47:54.268,2124.5221,105958,-3.857,13.55
12:47:54.279,2124.5421,105959,-3.968,13.672
12:47:54.311,2124.5621,105960,-3.958,13.529
12:47:54.327,2124.5821,105961,-3.783,13.561
12:47:54.338,2124.6021,105962,-3.92,13.48
12:47:54.355,2124.6221,105963,-3.767,13.524
12:47:54.386,2124.6421,105964,-3.766,13.374
12:47:54.429,2124.6621,105965,-3.858,13.476
12:47:54.429,2124.6821,105966,-3.754,13.529
12:47:54.445,2124.7021,105967,-3.865,13.496
12:47:54.461,2124.7221,105968,-3.809,13.646
12:47:54.477,2124.7421,105969,-3.71,13.516
12:47:54.551,2124.7621,105970,-3.858,13.574
12:47:54.551,2124.7821,105971,-3.747,13.543
12:47:54.551,2124.8021,105972,-3.779,13.399
12:47:54.557,2124.8221,105973,-3.927,13.4
12:47:54.578,2124.8421,105974,-3.888,13.55
12:47:54.594,2124.8621,105975,-3.886,13.409
12:47:54.626,2124.8821,105976,-3.865,13.567
12:47:54.670,2124.9021,105977,-4.026,13.585
12:47:54.670,2124.9221,105978,-3.854,13.569
12:47:54.686,2124.9421,105979,-3.791,13.429
12:47:54.701,2124.9621,105980,-3.875,13.511
12:47:54.728,2124.9821,105981,-3.708,13.553
12:47:54.792,2125.0021,105982,-3.781,13.419
12:47:54.792,2125.0221,105983,-3.753,13.552
12:47:54.792,2125.0421,105984,-3.626,13.568
12:47:54.792,2125.0621,105985,-3.687,13.669
12:47:54.835,2125.0821,105986,-3.75,13.54
12:47:54.836,2125.1021,105987,-3.844,13.663
12:47:54.863,2125.1221,105988,-3.744,13.53
12:47:54.895,2125.1421,105989,-3.713,13.394
12:47:54.895,2125.1621,105990,-3.875,13.405
12:47:54.927,2125.1821,105991,-3.913,13.554
12:47:54.938,2125.2021,105992,-3.818,13.618
12:47:54.954,2125.2221,105993,-3.918,13.537
12:47:54.987,2125.2421,105994,-3.802,13.558
12:47:55.014,2125.2621,105995,-3.925,13.545
12:47:55.014,2125.2821,105996,-3.994,13.443
12:47:55.047,2125.3021,105997,-3.885,13.507
12:47:55.057,2125.3221,105998,-3.778,13.379
12:47:55.073,2125.3421,105999,-3.915,13.373
12:47:55.106,2125.3621,106000,-3.953,13.5
12:47:55.138,2125.3821,106001,-3.813,13.401
12:47:55.138,2125.4021,106002,-3.867,13.52
12:47:55.164,2125.4221,106003,-3.792,13.404
12:47:55.180,2125.4421,106004,-3.775,13.55
12:47:55.196,2125.4621,106005,-3.883,13.481
12:47:55.228,2125.4821,106006,-3.772,13.497
12:47:55.239,2125.5021,106007,-3.698,13.594
12:47:55.255,2125.5221,106008,-3.819,13.499
12:47:55.286,2125.5421,106009,-3.74,13.401
12:47:55.302,2125.5621,106010,-3.836,13.333
12:47:55.314,2125.5821,106011,-3.816,13.464
12:47:55.377,2125.6021,106012,-3.838,13.599
12:47:55.377,2125.6221,106013,-3.723,13.48
12:47:55.378,2125.6421,106014,-3.655,13.355
12:47:55.404,2125.6621,106015,-3.772,13.47
12:47:55.421,2125.6821,106016,-3.672,13.412
12:47:55.437,2125.7021,106017,-3.83,13.466
12:47:55.495,2125.7221,106018,-3.721,13.476
12:47:55.495,2125.7421,106019,-3.834,13.49
12:47:55.501,2125.7621,106020,-3.724,13.609
12:47:55.527,2125.7821,106021,-3.773,13.462
12:47:55.571,2125.8021,106022,-3.663,13.556
12:47:55.571,2125.8221,106023,-3.774,13.534
12:47:55.613,2125.8421,106024,-3.649,13.491
12:47:55.618,2125.8621,106025,-3.791,13.433
12:47:55.618,2125.8821,106026,-3.865,13.33
12:47:55.645,2125.9021,106027,-3.86,13.475
12:47:55.677,2125.9221,106028,-3.784,13.609
12:47:55.677,2125.9421,106029,-3.704,13.725
12:47:55.734,2125.9621,106030,-3.775,13.595
12:47:55.735,2125.9821,106031,-3.941,13.55
12:47:55.740,2126.0021,106032,-3.918,13.402
12:47:55.778,2126.0221,106033,-3.896,13.549
12:47:55.783,2126.0421,106034,-3.868,13.685
12:47:55.794,2126.0621,106035,-3.896,13.532
12:47:55.841,2126.0821,106036,-4.071,13.515
12:47:55.841,2126.1021,106037,-3.96,13.391
12:47:55.853,2126.1221,106038,-3.839,13.458
12:47:55.885,2126.1421,106039,-3.672,13.437
12:47:55.902,2126.1621,106040,-3.83,13.363
12:47:55.913,2126.1821,106041,-3.822,13.51
12:47:55.960,2126.2021,106042,-3.806,13.655
12:47:55.960,2126.2221,106043,-3.729,13.558
12:47:55.992,2126.2421,106044,-3.904,13.594
12:47:56.003,2126.2621,106045,-4.007,13.469
12:47:56.018,2126.2821,106046,-3.986,13.618
12:47:56.034,2126.3021,106047,-3.831,13.655
12:47:56.093,2126.3221,106048,-4.003,13.646
12:47:56.099,2126.3421,106049,-3.925,13.51
12:47:56.099,2126.3621,106050,-3.891,13.641
12:47:56.126,2126.3821,106051,-3.881,13.501
12:47:56.142,2126.4021,106052,-3.705,13.474
12:47:56.153,2126.4221,106053,-3.691,13.622
12:47:56.185,2126.4421,106054,-3.861,13.646
12:47:56.201,2126.4621,106055,-3.868,13.501
12:47:56.217,2126.4821,106056,-3.852,13.644
12:47:56.244,2126.5021,106057,-3.755,13.509
12:47:56.260,2126.5221,106058,-3.789,13.369
12:47:56.276,2126.5421,106059,-3.67,13.478
12:47:56.319,2126.5621,106060,-3.781,13.534
12:47:56.324,2126.5821,106061,-3.857,13.672
12:47:56.335,2126.6021,106062,-3.752,13.564
12:47:56.366,2126.6221,106063,-3.735,13.696
12:47:56.378,2126.6421,106064,-3.819,13.57
12:47:56.394,2126.6621,106065,-3.852,13.718
12:47:56.441,2126.6821,106066,-3.808,13.59
12:47:56.441,2126.7021,106067,-3.819,13.732
12:47:56.457,2126.7221,106068,-3.89,13.593
12:47:56.484,2126.7421,106069,-3.722,13.557
12:47:56.499,2126.7621,106070,-3.552,13.606
12:47:56.516,2126.7821,106071,-3.624,13.486
12:47:56.559,2126.8021,106072,-3.726,13.536
12:47:56.559,2126.8221,106073,-3.77,13.392
12:47:56.576,2126.8421,106074,-3.674,13.334
12:47:56.618,2126.8621,106075,-3.755,13.473
12:47:56.624,2126.8821,106076,-3.706,13.619
12:47:56.635,2126.9021,106077,-3.847,13.717
12:47:56.678,2126.9221,106078,-3.735,13.599
12:47:56.683,2126.9421,106079,-3.645,13.507
12:47:56.694,2126.9621,106080,-3.768,13.623
12:47:56.726,2126.9821,106081,-3.804,13.492
12:47:56.742,2127.0021,106082,-3.691,13.598
12:47:56.753,2127.0221,106083,-3.704,13.46
12:47:56.785,2127.0421,106084,-3.805,13.585
12:47:56.801,2127.0621,106085,-3.907,13.456
12:47:56.832,2127.0821,106086,-3.789,13.388
12:47:56.843,2127.1021,106087,-3.702,13.464
12:47:56.860,2127.1221,106088,-3.613,13.54
12:47:56.876,2127.1421,106089,-3.786,13.51
12:47:56.903,2127.1621,106090,-3.871,13.424
12:47:56.935,2127.1821,106091,-3.802,13.554
12:47:56.935,2127.2021,106092,-3.91,13.466
12:47:56.966,2127.2221,106093,-3.755,13.426
12:47:56.982,2127.2421,106094,-3.856,13.484
12:47:56.993,2127.2621,106095,-3.832,13.337
12:47:57.042,2127.2821,106096,-3.804,13.479
12:47:57.042,2127.3021,106097,-3.652,13.537
12:47:57.053,2127.3221,106098,-3.737,13.656
12:47:57.085,2127.3421,106099,-3.69,13.526
12:47:57.101,2127.3621,106100,-3.819,13.586
12:47:57.118,2127.3821,106101,-3.719,13.631
12:47:57.144,2127.4021,106102,-3.651,13.485
12:47:57.160,2127.4221,106103,-3.763,13.473
12:47:57.175,2127.4421,106104,-3.647,13.397
12:47:57.207,2127.4621,106105,-3.534,13.28
12:47:57.218,2127.4821,106106,-3.56,13.411
12:47:57.234,2127.5021,106107,-3.608,13.269
12:47:57.282,2127.5221,106108,-3.668,13.412
12:47:57.282,2127.5421,106109,-3.578,13.481
12:47:57.293,2127.5621,106110,-3.745,13.512
12:47:57.325,2127.5821,106111,-3.653,13.441
12:47:57.342,2127.6021,106112,-3.714,13.318
12:47:57.383,2127.6221,106113,-3.852,13.259
12:47:57.389,2127.6421,106114,-3.845,13.397
12:47:57.400,2127.6621,106115,-3.746,13.268
12:47:57.416,2127.6821,106116,-3.759,13.419
12:47:57.459,2127.7021,106117,-3.857,13.335
12:47:57.459,2127.7221,106118,-3.862,13.189
12:47:57.507,2127.7421,106119,-3.862,13.325
12:47:57.507,2127.7621,106120,-3.86,13.47
12:47:57.518,2127.7821,106121,-3.808,13.611
12:47:57.534,2127.8021,106122,-3.711,13.667
12:47:57.566,2127.8221,106123,-3.678,13.533
12:47:57.582,2127.8421,106124,-3.674,13.685
12:47:57.624,2127.8621,106125,-3.588,13.548
12:47:57.625,2127.8821,106126,-3.697,13.421
12:47:57.641,2127.9021,106127,-3.649,13.568
12:47:57.668,2127.9221,106128,-3.79,13.533
12:47:57.685,2127.9421,106129,-3.846,13.387
12:47:57.701,2127.9621,106130,-3.798,13.532
12:47:57.733,2127.9821,106131,-3.721,13.62
12:47:57.744,2128.0021,106132,-3.85,13.617
12:47:57.776,2128.0221,106133,-3.896,13.48
12:47:57.776,2128.0421,106134,-3.837,13.364
12:47:57.803,2128.0621,106135,-3.949,13.362
12:47:57.819,2128.0821,106136,-3.954,13.504
12:47:57.851,2128.1021,106137,-3.919,13.629
12:47:57.867,2128.1221,106138,-3.887,13.492
12:47:57.878,2128.1421,106139,-3.763,13.604
12:47:57.894,2128.1621,106140,-3.666,13.665
12:47:57.926,2128.1821,106141,-3.72,13.548
12:47:57.943,2128.2021,106142,-3.768,13.427
12:47:57.970,2128.2221,106143,-3.866,13.525
12:47:57.987,2128.2421,106144,-3.866,13.386
12:47:58.002,2128.2621,106145,-3.774,13.458
12:47:58.013,2128.2821,106146,-3.88,13.464
12:47:58.046,2128.3021,106147,-3.777,13.401
12:47:58.061,2128.3221,106148,-3.842,13.52
12:47:58.077,2128.3421,106149,-3.956,13.587
12:47:58.104,2128.3621,106150,-3.832,13.528
12:47:58.121,2128.3821,106151,-3.767,13.412
12:47:58.137,2128.4021,106152,-3.766,13.554
12:47:58.163,2128.4221,106153,-3.801,13.692
12:47:58.211,2128.4421,106154,-3.676,13.587
12:47:58.212,2128.4621,106155,-3.566,13.54
12:47:58.228,2128.4821,106156,-3.676,13.516
12:47:58.239,2128.5021,106157,-3.802,13.631
12:47:58.255,2128.5221,106158,-3.82,13.488
12:47:58.287,2128.5421,106159,-3.773,13.626
12:47:58.330,2128.5621,106160,-3.831,13.501
12:47:58.330,2128.5821,106161,-3.765,13.613
12:47:58.347,2128.6021,106162,-3.894,13.507
12:47:58.363,2128.6221,106163,-3.793,13.629
12:47:58.374,2128.6421,106164,-3.699,13.555
12:47:58.406,2128.6621,106165,-3.854,13.62
12:47:58.449,2128.6821,106166,-3.937,13.525
12:47:58.449,2128.7021,106167,-3.989,13.397
12:47:58.465,2128.7221,106168,-3.931,13.539
12:47:58.497,2128.7421,106169,-3.828,13.43
12:47:58.497,2128.7621,106170,-3.857,13.568
12:47:58.523,2128.7821,106171,-3.681,13.562
12:47:58.571,2128.8021,106172,-3.775,13.692
12:47:58.571,2128.8221,106173,-3.932,13.658
12:47:58.587,2128.8421,106174,-3.825,13.526
12:47:58.598,2128.8621,106175,-3.908,13.442
12:47:58.614,2128.8821,106176,-3.755,13.507
12:47:58.646,2128.9021,106177,-3.649,13.537
12:47:58.673,2128.9221,106178,-3.785,13.489
12:47:58.678,2128.9421,106179,-3.606,13.459
12:47:58.705,2128.9621,106180,-3.777,13.491
12:47:58.721,2128.9821,106181,-3.775,13.351
12:47:58.737,2129.0021,106182,-3.681,13.475
12:47:58.764,2129.0221,106183,-3.659,13.621
12:47:58.795,2129.0421,106184,-3.749,13.7
12:47:58.795,2129.0621,106185,-3.718,13.558
12:47:58.828,2129.0821,106186,-3.627,13.624
12:47:58.839,2129.1021,106187,-3.728,13.568
12:47:58.855,2129.1221,106188,-3.642,13.702
12:47:58.886,2129.1421,106189,-3.671,13.57
12:47:58.903,2129.1621,106190,-3.678,13.715
12:47:58.913,2129.1821,106191,-3.66,13.572
12:47:58.945,2129.2021,106192,-3.597,13.456
12:47:58.961,2129.2221,106193,-3.765,13.434
12:47:58.978,2129.2421,106194,-3.742,13.304
12:47:59.004,2129.2621,106195,-3.708,13.449
12:47:59.036,2129.2821,106196,-3.765,13.594
12:47:59.036,2129.3021,106197,-3.757,13.45
12:47:59.068,2129.3221,106198,-3.815,13.565
12:47:59.078,2129.3421,106199,-3.719,13.494
12:47:59.094,2129.3621,106200,-3.881,13.536
12:47:59.153,2129.3821,106201,-3.719,13.549
12:47:59.158,2129.4021,106202,-3.867,13.603
12:47:59.158,2129.4221,106203,-3.755,13.481
12:47:59.186,2129.4421,106204,-3.586,13.492
12:47:59.202,2129.4621,106205,-3.696,13.42
12:47:59.233,2129.4821,106206,-3.632,13.56
12:47:59.275,2129.5021,106207,-3.714,13.437
12:47:59.275,2129.5221,106208,-3.701,13.565
12:47:59.280,2129.5421,106209,-3.873,13.592
12:47:59.307,2129.5621,106210,-3.925,13.474
12:47:59.323,2129.5821,106211,-3.818,13.483
12:47:59.333,2129.6021,106212,-3.969,13.55
12:47:59.396,2129.6221,106213,-3.846,13.571
12:47:59.396,2129.6421,106214,-3.897,13.72
12:47:59.396,2129.6621,106215,-3.806,13.595
12:47:59.428,2129.6821,106216,-3.665,13.516
12:47:59.439,2129.7021,106217,-3.815,13.477
12:47:59.455,2129.7221,106218,-3.82,13.62
12:47:59.514,2129.7421,106219,-3.689,13.725
12:47:59.514,2129.7621,106220,-3.844,13.646
12:47:59.530,2129.7821,106221,-3.892,13.498
12:47:59.546,2129.8021,106222,-4.062,13.487
12:47:59.563,2129.8221,106223,-3.932,13.458
12:47:59.574,2129.8421,106224,-3.789,13.38
12:47:59.622,2129.8621,106225,-3.904,13.314
12:47:59.622,2129.8821,106226,-3.856,13.455
12:47:59.638,2129.9021,106227,-3.712,13.532
12:47:59.664,2129.9221,106228,-3.888,13.514
12:47:59.681,2129.9421,106229,-3.782,13.547
12:47:59.697,2129.9621,106230,-3.938,13.539
12:47:59.740,2129.9821,106231,-3.766,13.538
12:47:59.740,2130.0021,106232,-3.85,13.632
12:47:59.756,2130.0221,106233,-3.897,13.489
12:47:59.783,2130.0421,106234,-3.789,13.525
12:47:59.799,2130.0621,106235,-3.742,13.648
12:47:59.815,2130.0821,106236,-3.773,13.504
12:47:59.862,2130.1021,106237,-3.756,13.647
12:47:59.862,2130.1221,106238,-3.671,13.562
12:47:59.878,2130.1421,106239,-3.771,13.508
12:47:59.904,2130.1621,106240,-3.86,13.599
12:47:59.921,2130.1821,106241,-3.788,13.461
12:47:59.937,2130.2021,106242,-3.889,13.405
12:47:59.980,2130.2221,106243,-3.897,13.553
12:47:59.980,2130.2421,106244,-3.784,13.554
12:47:59.996,2130.2621,106245,-3.944,13.506
12:48:00.023,2130.2821,106246,-3.897,13.653
12:48:00.056,2130.3021,106247,-4.001,13.637
12:48:00.056,2130.3221,106248,-3.909,13.558
12:48:00.098,2130.3421,106249,-3.914,13.41
12:48:00.104,2130.3621,106250,-3.953,13.266
12:48:00.115,2130.3821,106251,-3.994,13.413
12:48:00.162,2130.4021,106252,-3.834,13.432
12:48:00.162,2130.4221,106253,-3.974,13.421
12:48:00.173,2130.4421,106254,-3.91,13.561
12:48:00.204,2130.4621,106255,-3.857,13.421
12:48:00.221,2130.4821,106256,-3.712,13.337
12:48:00.237,2130.5021,106257,-3.803,13.418
12:48:00.264,2130.5221,106258,-3.855,13.538
12:48:00.280,2130.5421,106259,-3.913,13.675
12:48:00.297,2130.5621,106260,-3.896,13.534
12:48:00.339,2130.5821,106261,-3.794,13.428
12:48:00.344,2130.6021,106262,-3.765,13.561
12:48:00.355,2130.6221,106263,-3.866,13.613
12:48:00.387,2130.6421,106264,-3.776,13.53
12:48:00.402,2130.6621,106265,-3.787,13.39
12:48:00.413,2130.6821,106266,-3.849,13.526
12:48:00.460,2130.7021,106267,-3.696,13.456
12:48:00.460,2130.7221,106268,-3.714,13.596
12:48:00.476,2130.7421,106269,-3.807,13.46
12:48:00.508,2130.7621,106270,-3.947,13.552
12:48:00.519,2130.7821,106271,-3.773,13.557
12:48:00.535,2130.8021,106272,-3.622,13.48
12:48:00.566,2130.8221,106273,-3.727,13.566
12:48:00.578,2130.8421,106274,-3.843,13.449
12:48:00.599,2130.8621,106275,-3.786,13.592
12:48:00.626,2130.8821,106276,-3.936,13.526
12:48:00.642,2130.9021,106277,-3.825,13.506
12:48:00.653,2130.9221,106278,-3.969,13.415
12:48:00.685,2130.9421,106279,-3.981,13.563
12:48:00.701,2130.9621,106280,-3.823,13.554
12:48:00.713,2130.9821,106281,-3.952,13.663
12:48:00.744,2131.0021,106282,-3.776,13.667
12:48:00.760,2131.0221,106283,-3.616,13.616
12:48:00.803,2131.0421,106284,-3.765,13.536
12:48:00.808,2131.0621,106285,-3.794,13.677
12:48:00.819,2131.0821,106286,-3.678,13.563
12:48:00.834,2131.1021,106287,-3.819,13.489
12:48:00.866,2131.1221,106288,-3.861,13.62
12:48:00.898,2131.1421,106289,-3.967,13.561
12:48:00.898,2131.1621,106290,-3.831,13.477
12:48:00.925,2131.1821,106291,-3.982,13.555
12:48:00.940,2131.2021,106292,-3.856,13.451
12:48:00.957,2131.2221,106293,-3.693,13.508
12:48:00.983,2131.2421,106294,-3.8,13.457
12:48:00.999,2131.2621,106295,-3.739,13.344
12:48:01.047,2131.2821,106296,-3.714,13.487
12:48:01.048,2131.3021,106297,-3.87,13.561
12:48:01.058,2131.3221,106298,-3.759,13.529
12:48:01.074,2131.3421,106299,-3.677,13.389
12:48:01.106,2131.3621,106300,-3.794,13.402
12:48:01.123,2131.3821,106301,-3.824,13.545
12:48:01.150,2131.4021,106302,-3.72,13.482
12:48:01.166,2131.4221,106303,-3.61,13.446
12:48:01.183,2131.4421,106304,-3.778,13.484
12:48:01.210,2131.4621,106305,-3.906,13.55
12:48:01.225,2131.4821,106306,-4.023,13.547
12:48:01.241,2131.5021,106307,-3.945,13.443
12:48:01.257,2131.5221,106308,-3.838,13.309
12:48:01.285,2131.5421,106309,-3.943,13.356
12:48:01.301,2131.5621,106310,-3.928,13.493
12:48:01.313,2131.5821,106311,-4.053,13.437
12:48:01.345,2131.6021,106312,-3.928,13.428
12:48:01.361,2131.6221,106313,-3.914,13.57
12:48:01.404,2131.6421,106314,-4.035,13.685
12:48:01.404,2131.6621,106315,-3.878,13.606
12:48:01.420,2131.6821,106316,-3.81,13.461
12:48:01.437,2131.7021,106317,-3.956,13.545
12:48:01.463,2131.7221,106318,-3.932,13.398
12:48:01.479,2131.7421,106319,-3.915,13.542
12:48:01.511,2131.7621,106320,-3.808,13.504
12:48:01.527,2131.7821,106321,-3.978,13.497
12:48:01.539,2131.8021,106322,-3.961,13.357
12:48:01.554,2131.8221,106323,-4.054,13.441
12:48:01.587,2131.8421,106324,-3.892,13.398
12:48:01.603,2131.8621,106325,-3.743,13.479
12:48:01.614,2131.8821,106326,-3.809,13.572
12:48:01.646,2131.9021,106327,-3.704,13.447
12:48:01.673,2131.9221,106328,-3.783,13.564
12:48:01.678,2131.9421,106329,-3.955,13.523
12:48:01.720,2131.9621,106330,-3.838,13.496
12:48:01.721,2131.9821,106331,-3.879,13.643
12:48:01.752,2132.0021,106332,-3.923,13.496
12:48:01.768,2132.0221,106333,-3.795,13.539
12:48:01.779,2132.0421,106334,-3.946,13.462
12:48:01.795,2132.0621,106335,-3.922,13.326
12:48:01.826,2132.0821,106336,-4.033,13.34
12:48:01.843,2132.1021,106337,-3.969,13.45
12:48:01.869,2132.1221,106338,-4.007,13.599
12:48:01.885,2132.1421,106339,-4.047,13.747
12:48:01.901,2132.1621,106340,-3.881,13.754
12:48:01.933,2132.1821,106341,-3.859,13.609
12:48:01.944,2132.2021,106342,-3.957,13.707
12:48:01.991,2132.2221,106343,-3.883,13.562
12:48:01.991,2132.2421,106344,-3.773,13.52
12:48:02.007,2132.2621,106345,-3.852,13.625
12:48:02.051,2132.2821,106346,-3.752,13.559
12:48:02.051,2132.3021,106347,-3.702,13.698
12:48:02.067,2132.3221,106348,-3.699,13.549
12:48:02.094,2132.3421,106349,-3.656,13.423
12:48:02.094,2132.3621,106350,-3.825,13.467
12:48:02.126,2132.3821,106351,-3.742,13.585
12:48:02.141,2132.4021,106352,-3.694,13.433
12:48:02.157,2132.4221,106353,-3.862,13.473
12:48:02.189,2132.4421,106354,-4.026,13.427
12:48:02.200,2132.4621,106355,-4.065,13.558
12:48:02.231,2132.4821,106356,-3.923,13.577
12:48:02.247,2132.5021,106357,-3.812,13.457
12:48:02.258,2132.5221,106358,-3.707,13.416
12:48:02.275,2132.5421,106359,-3.809,13.468
12:48:02.348,2132.5621,106360,-3.961,13.551
12:48:02.354,2132.5821,106361,-3.883,13.651
12:48:02.354,2132.6021,106362,-4.046,13.594
12:48:02.354,2132.6221,106363,-3.881,13.648
12:48:02.381,2132.6421,106364,-3.932,13.504
12:48:02.397,2132.6621,106365,-3.937,13.362
12:48:02.424,2132.6821,106366,-3.983,13.484
12:48:02.456,2132.7021,106367,-3.999,13.633
12:48:02.456,2132.7221,106368,-3.965,13.492
12:48:02.483,2132.7421,106369,-4.021,13.614
12:48:02.500,2132.7621,106370,-3.897,13.528
12:48:02.515,2132.7821,106371,-3.875,13.389
12:48:02.543,2132.8021,106372,-3.709,13.446
12:48:02.559,2132.8221,106373,-3.746,13.294
12:48:02.574,2132.8421,106374,-3.778,13.438
12:48:02.607,2132.8621,106375,-3.861,13.358
12:48:02.618,2132.8821,106376,-3.83,13.497
12:48:02.634,2132.9021,106377,-3.769,13.607
12:48:02.665,2132.9221,106378,-3.878,13.486
12:48:02.697,2132.9421,106379,-4.045,13.466
12:48:02.697,2132.9621,106380,-3.916,13.555
12:48:02.723,2132.9821,106381,-3.882,13.416
12:48:02.740,2133.0021,106382,-3.821,13.537
12:48:02.755,2133.0221,106383,-3.974,13.464
12:48:02.783,2133.0421,106384,-4.088,13.511
12:48:02.815,2133.0621,106385,-3.92,13.466
12:48:02.815,2133.0821,106386,-3.838,13.554
12:48:02.847,2133.1021,106387,-3.951,13.457
12:48:02.878,2133.1221,106388,-3.92,13.311
12:48:02.879,2133.1421,106389,-4.033,13.311
12:48:02.937,2133.1621,106390,-4.126,13.45
12:48:02.937,2133.1821,106391,-3.986,13.549
12:48:02.937,2133.2021,106392,-3.869,13.434
12:48:02.963,2133.2221,106393,-3.95,13.299
12:48:02.979,2133.2421,106394,-3.966,13.434
12:48:02.995,2133.2621,106395,-3.795,13.415
12:48:03.054,2133.2821,106396,-3.75,13.565
12:48:03.054,2133.3021,106397,-3.739,13.417
12:48:03.059,2133.3221,106398,-3.873,13.487
12:48:03.085,2133.3421,106399,-3.91,13.354
12:48:03.101,2133.3621,106400,-3.831,13.444
12:48:03.118,2133.3821,106401,-3.821,13.592
12:48:03.176,2133.4021,106402,-3.779,13.448
12:48:03.176,2133.4221,106403,-3.889,13.407
12:48:03.181,2133.4421,106404,-3.798,13.542
12:48:03.208,2133.4621,106405,-3.751,13.666
12:48:03.218,2133.4821,106406,-3.772,13.525
12:48:03.234,2133.5021,106407,-3.858,13.625
12:48:03.282,2133.5221,106408,-3.785,13.517
12:48:03.282,2133.5421,106409,-3.728,13.635
12:48:03.298,2133.5621,106410,-3.745,13.495
12:48:03.325,2133.5821,106411,-3.844,13.555
12:48:03.340,2133.6021,106412,-3.732,13.537
12:48:03.356,2133.6221,106413,-3.758,13.393
12:48:03.383,2133.6421,106414,-3.763,13.542
12:48:03.400,2133.6621,106415,-3.675,13.456
12:48:03.415,2133.6821,106416,-3.735,13.601
12:48:03.448,2133.7021,106417,-3.764,13.447
12:48:03.458,2133.7221,106418,-3.772,13.311
12:48:03.474,2133.7421,106419,-3.748,13.443
12:48:03.518,2133.7621,106420,-3.856,13.37
12:48:03.524,2133.7821,106421,-3.798,13.513
12:48:03.534,2133.8021,106422,-3.963,13.556
12:48:03.566,2133.8221,106423,-3.915,13.43
12:48:03.594,2133.8421,106424,-3.973,13.575
12:48:03.594,2133.8621,106425,-3.825,13.489
12:48:03.642,2133.8821,106426,-3.793,13.629
12:48:03.642,2133.9021,106427,-3.835,13.49
12:48:03.653,2133.9221,106428,-3.702,13.55
12:48:03.685,2133.9421,106429,-3.81,13.497
12:48:03.701,2133.9621,106430,-3.94,13.388
12:48:03.717,2133.9821,106431,-3.829,13.392
12:48:03.759,2134.0021,106432,-3.859,13.53
12:48:03.759,2134.0221,106433,-3.976,13.415
12:48:03.775,2134.0421,106434,-4.112,13.499
12:48:03.807,2134.0621,106435,-3.948,13.565
12:48:03.823,2134.0821,106436,-3.835,13.447
12:48:03.834,2134.1021,106437,-3.951,13.479
12:48:03.881,2134.1221,106438,-3.855,13.546
12:48:03.882,2134.1421,106439,-3.967,13.526
12:48:03.897,2134.1621,106440,-3.86,13.479
12:48:03.925,2134.1821,106441,-3.776,13.567
12:48:03.941,2134.2021,106442,-3.864,13.479
12:48:03.957,2134.2221,106443,-3.982,13.601
12:48:04.015,2134.2421,106444,-3.843,13.502
12:48:04.016,2134.2621,106445,-3.945,13.578
12:48:04.021,2134.2821,106446,-4.082,13.488
12:48:04.048,2134.3021,106447,-3.974,13.468
12:48:04.059,2134.3221,106448,-3.843,13.576
12:48:04.074,2134.3421,106449,-3.952,13.617
12:48:04.122,2134.3621,106450,-3.924,13.468
12:48:04.123,2134.3821,106451,-3.844,13.563
12:48:04.133,2134.4021,106452,-4.01,13.503
12:48:04.165,2134.4221,106453,-4.109,13.595
12:48:04.182,2134.4421,106454,-3.985,13.502
12:48:04.193,2134.4621,106455,-4.092,13.381
12:48:04.241,2134.4821,106456,-3.987,13.513
12:48:04.241,2134.5021,106457,-3.906,13.601
12:48:04.257,2134.5221,106458,-3.985,13.468
12:48:04.285,2134.5421,106459,-3.934,13.608
12:48:04.300,2134.5621,106460,-3.954,13.462
12:48:04.348,2134.5821,106461,-3.861,13.374
12:48:04.348,2134.6021,106462,-3.942,13.47
12:48:04.359,2134.6221,106463,-3.921,13.613
12:48:04.375,2134.6421,106464,-4.015,13.487
12:48:04.408,2134.6621,106465,-3.944,13.629
12:48:04.435,2134.6821,106466,-3.883,13.479
12:48:04.435,2134.7021,106467,-3.718,13.418
12:48:04.467,2134.7221,106468,-3.73,13.56
12:48:04.478,2134.7421,106469,-3.903,13.563
12:48:04.495,2134.7621,106470,-3.853,13.437
12:48:04.526,2134.7821,106471,-3.963,13.329
12:48:04.543,2134.8021,106472,-4.051,13.452
12:48:04.554,2134.8221,106473,-3.946,13.321
12:48:04.585,2134.8421,106474,-4.012,13.462
12:48:04.602,2134.8621,106475,-3.961,13.612
12:48:04.617,2134.8821,106476,-3.961,13.475
12:48:04.644,2134.9021,106477,-3.787,13.489
12:48:04.660,2134.9221,106478,-3.924,13.543
12:48:04.676,2134.9421,106479,-3.87,13.398
12:48:04.703,2134.9621,106480,-3.782,13.524
12:48:04.720,2134.9821,106481,-3.798,13.386
12:48:04.752,2135.0021,106482,-3.843,13.524
12:48:04.763,2135.0221,106483,-3.734,13.51
12:48:04.779,2135.0421,106484,-3.786,13.63
12:48:04.853,2135.0621,106485,-3.827,13.505
12:48:04.859,2135.0821,106486,-3.754,13.366
12:48:04.859,2135.1021,106487,-3.888,13.463
12:48:04.859,2135.1221,106488,-4.039,13.541
12:48:04.885,2135.1421,106489,-3.873,13.486
12:48:04.901,2135.1621,106490,-3.74,13.501
12:48:04.944,2135.1821,106491,-3.853,13.388
12:48:04.945,2135.2021,106492,-3.852,13.529
12:48:04.961,2135.2221,106493,-3.774,13.388
12:48:04.977,2135.2421,106494,-3.664,13.491
12:48:05.004,2135.2621,106495,-3.746,13.627
12:48:05.020,2135.2821,106496,-3.865,13.635
12:48:05.052,2135.3021,106497,-3.726,13.54
12:48:05.068,2135.3221,106498,-3.668,13.421
12:48:05.078,2135.3421,106499,-3.755,13.538
12:48:05.110,2135.3621,106500,-3.835,13.407
12:48:05.127,2135.3821,106501,-3.794,13.261
12:48:05.143,2135.4021,106502,-3.929,13.315
12:48:05.185,2135.4221,106503,-3.806,13.425
12:48:05.185,2135.4421,106504,-3.773,13.557
12:48:05.201,2135.4621,106505,-3.707,13.667
12:48:05.217,2135.4821,106506,-3.62,13.547
12:48:05.245,2135.5021,106507,-3.773,13.473
12:48:05.260,2135.5221,106508,-3.869,13.407
12:48:05.292,2135.5421,106509,-3.791,13.262
12:48:05.308,2135.5621,106510,-3.749,13.399
12:48:05.319,2135.5821,106511,-3.798,13.545
12:48:05.335,2135.6021,106512,-3.922,13.443
12:48:05.367,2135.6221,106513,-3.817,13.476
12:48:05.378,2135.6421,106514,-3.694,13.42
12:48:05.410,2135.6621,106515,-3.807,13.37
12:48:05.426,2135.6821,106516,-3.947,13.404
12:48:05.438,2135.7021,106517,-3.849,13.333
12:48:05.470,2135.7221,106518,-3.85,13.485
12:48:05.486,2135.7421,106519,-3.961,13.444
12:48:05.502,2135.7621,106520,-3.803,13.503
12:48:05.529,2135.7821,106521,-3.741,13.36
12:48:05.545,2135.8021,106522,-3.633,13.485
12:48:05.577,2135.8221,106523,-3.773,13.405
12:48:05.577,2135.8421,106524,-3.856,13.501
12:48:05.604,2135.8621,106525,-3.912,13.643
12:48:05.620,2135.8821,106526,-3.862,13.509
12:48:05.652,2135.9021,106527,-3.763,13.445
12:48:05.668,2135.9221,106528,-3.92,13.523
12:48:05.679,2135.9421,106529,-4.06,13.522
12:48:05.695,2135.9621,106530,-3.96,13.405
12:48:05.723,2135.9821,106531,-3.859,13.309
12:48:05.771,2136.0021,106532,-3.862,13.452
12:48:05.771,2136.0221,106533,-3.697,13.418
12:48:05.788,2136.0421,106534,-3.771,13.523
12:48:05.799,2136.0621,106535,-3.785,13.379
12:48:05.815,2136.0821,106536,-3.906,13.298
12:48:05.847,2136.1021,106537,-3.872,13.435
12:48:05.905,2136.1221,106538,-3.802,13.536
12:48:05.905,2136.1421,106539,-3.718,13.446
12:48:05.911,2136.1621,106540,-3.889,13.442
12:48:05.922,2136.1821,106541,-3.732,13.374
12:48:05.937,2136.2021,106542,-3.844,13.498
12:48:05.964,2136.2221,106543,-3.843,13.644
12:48:05.979,2136.2421,106544,-3.701,13.555
12:48:06.012,2136.2621,106545,-3.609,13.619
12:48:06.028,2136.2821,106546,-3.741,13.528
12:48:06.038,2136.3021,106547,-3.688,13.381
12:48:06.054,2136.3221,106548,-3.709,13.514
12:48:06.087,2136.3421,106549,-3.565,13.421
12:48:06.129,2136.3621,106550,-3.732,13.472
12:48:06.129,2136.3821,106551,-3.876,13.406
12:48:06.145,2136.4021,106552,-3.992,13.292
12:48:06.161,2136.4221,106553,-3.835,13.362
12:48:06.176,2136.4421,106554,-3.741,13.466
12:48:06.203,2136.4621,106555,-3.779,13.594
12:48:06.235,2136.4821,106556,-3.891,13.546
12:48:06.235,2136.5021,106557,-3.766,13.546
12:48:06.267,2136.5221,106558,-3.705,13.689
12:48:06.283,2136.5421,106559,-3.706,13.545
12:48:06.294,2136.5621,106560,-3.815,13.537
12:48:06.325,2136.5821,106561,-3.96,13.458
12:48:06.357,2136.6021,106562,-3.813,13.434
12:48:06.357,2136.6221,106563,-3.765,13.556
12:48:06.384,2136.6421,106564,-3.865,13.512
12:48:06.400,2136.6621,106565,-3.754,13.487
12:48:06.416,2136.6821,106566,-3.86,13.456
12:48:06.448,2136.7021,106567,-3.767,13.523
12:48:06.475,2136.7221,106568,-3.92,13.447
12:48:06.475,2136.7421,106569,-3.747,13.425
12:48:06.508,2136.7621,106570,-3.721,13.559
12:48:06.519,2136.7821,106571,-3.661,13.413
12:48:06.535,2136.8021,106572,-3.841,13.418
12:48:06.568,2136.8221,106573,-3.774,13.554
12:48:06.594,2136.8421,106574,-3.598,13.584
12:48:06.594,2136.8621,106575,-3.639,13.458
12:48:06.626,2136.8821,106576,-3.794,13.519
12:48:06.642,2136.9021,106577,-3.961,13.571
12:48:06.658,2136.9221,106578,-4.014,13.455
12:48:06.716,2136.9421,106579,-3.84,13.466
12:48:06.716,2136.9621,106580,-3.858,13.604
12:48:06.716,2136.9821,106581,-3.992,13.6
12:48:06.748,2137.0021,106582,-3.804,13.589
12:48:06.758,2137.0221,106583,-3.74,13.5
12:48:06.775,2137.0421,106584,-3.789,13.35
12:48:06.833,2137.0621,106585,-3.775,13.488
12:48:06.838,2137.0821,106586,-3.913,13.59
12:48:06.838,2137.1021,106587,-3.801,13.653
12:48:06.865,2137.1221,106588,-3.865,13.55
12:48:06.881,2137.1421,106589,-3.9,13.405
12:48:06.897,2137.1621,106590,-3.789,13.355
12:48:06.955,2137.1821,106591,-3.743,13.499
12:48:06.955,2137.2021,106592,-3.769,13.636
12:48:06.961,2137.2221,106593,-3.84,13.501
12:48:06.987,2137.2421,106594,-3.734,13.537
12:48:06.998,2137.2621,106595,-3.763,13.401
12:48:07.014,2137.2821,106596,-3.69,13.543
12:48:07.073,2137.3021,106597,-3.839,13.486
12:48:07.079,2137.3221,106598,-3.727,13.498
12:48:07.079,2137.3421,106599,-3.715,13.64
12:48:07.105,2137.3621,106600,-3.756,13.497
12:48:07.122,2137.3821,106601,-3.856,13.453
12:48:07.138,2137.4021,106602,-3.721,13.497
12:48:07.181,2137.4221,106603,-3.866,13.571
12:48:07.181,2137.4421,106604,-3.755,13.522
12:48:07.198,2137.4621,106605,-3.684,13.665
12:48:07.224,2137.4825,106606,-3.858,13.65
12:48:07.240,2137.5021,106607,-3.992,13.549
12:48:07.256,2137.5221,106608,-3.875,13.494
12:48:07.299,2137.5421,106609,-3.767,13.383
12:48:07.299,2137.5621,106610,-3.897,13.244
12:48:07.315,2137.5821,106611,-3.862,13.311
12:48:07.347,2137.6021,106612,-3.843,13.444
12:48:07.363,2137.6221,106613,-3.98,13.348
12:48:07.374,2137.6421,106614,-3.869,13.241
12:48:07.422,2137.6621,106615,-3.872,13.222
12:48:07.423,2137.6821,106616,-3.809,13.234
12:48:07.450,2137.7021,106617,-3.818,13.267
12:48:07.466,2137.7221,106618,-3.889,13.244
12:48:07.482,2137.7421,106619,-4.033,13.28
12:48:07.493,2137.7621,106620,-3.828,13.305
12:48:07.541,2137.7821,106621,-3.728,13.386
12:48:07.541,2137.8021,106622,-3.894,13.373
12:48:07.557,2137.8221,106623,-3.817,13.241
12:48:07.584,2137.8421,106624,-3.931,13.363
12:48:07.600,2137.8621,106625,-3.924,13.511
12:48:07.616,2137.8821,106626,-4.058,13.562
12:48:07.660,2137.9021,106627,-3.981,13.46
12:48:07.660,2137.9221,106628,-3.836,13.377
12:48:07.676,2137.9421,106629,-3.879,13.516
12:48:07.703,2137.9621,106630,-3.728,13.572
12:48:07.719,2137.9821,106631,-3.733,13.427
12:48:07.735,2138.0021,106632,-3.865,13.498
12:48:07.782,2138.0221,106633,-3.953,13.625
12:48:07.782,2138.0421,106634,-3.82,13.71
12:48:07.793,2138.0621,106635,-3.814,13.572
12:48:07.825,2138.0821,106636,-3.954,13.671
12:48:07.841,2138.1021,106637,-3.823,13.752
12:48:07.856,2138.1221,106638,-3.892,13.655
12:48:07.899,2138.1421,106639,-3.872,13.52
12:48:07.900,2138.1621,106640,-3.802,13.66
12:48:07.915,2138.1821,106641,-3.913,13.716
12:48:07.948,2138.2021,106642,-3.835,13.629
12:48:07.958,2138.2221,106643,-3.904,13.504
12:48:07.974,2138.2421,106644,-3.814,13.413
12:48:08.023,2138.2621,106645,-3.938,13.526
12:48:08.023,2138.2821,106646,-3.971,13.656
12:48:08.034,2138.3021,106647,-3.92,13.511
12:48:08.066,2138.3221,106648,-4.051,13.519
12:48:08.097,2138.3421,106649,-3.933,13.534
12:48:08.098,2138.3621,106650,-3.769,13.596
12:48:08.124,2138.3821,106651,-3.822,13.458
12:48:08.140,2138.4021,106652,-3.995,13.476
12:48:08.155,2138.4221,106653,-3.853,13.552
12:48:08.203,2138.4421,106654,-4.005,13.596
12:48:08.203,2138.4621,106655,-3.902,13.469
12:48:08.214,2138.4821,106656,-3.866,13.617
12:48:08.247,2138.5021,106657,-3.851,13.755
12:48:08.262,2138.5221,106658,-3.764,13.878
12:48:08.273,2138.5421,106659,-3.838,13.742
12:48:08.305,2138.5621,106660,-3.904,13.606
12:48:08.322,2138.5821,106661,-3.831,13.461
12:48:08.338,2138.6021,106662,-3.977,13.479
12:48:08.365,2138.6221,106663,-3.865,13.566
12:48:08.381,2138.6421,106664,-3.805,13.431
12:48:08.397,2138.6621,106665,-3.687,13.544
12:48:08.424,2138.6821,106666,-3.712,13.689
12:48:08.440,2138.7021,106667,-3.8,13.607
12:48:08.456,2138.7221,106668,-3.977,13.644
12:48:08.484,2138.7421,106669,-3.803,13.608
12:48:08.500,2138.7621,106670,-3.722,13.688
12:48:08.516,2138.7821,106671,-3.767,13.564
12:48:08.548,2138.8021,106672,-3.797,13.416
12:48:08.559,2138.8221,106673,-3.822,13.561
12:48:08.607,2138.8421,106674,-3.93,13.528
12:48:08.607,2138.8621,106675,-3.801,13.424
12:48:08.623,2138.8821,106676,-3.657,13.519
12:48:08.633,2138.9021,106677,-3.743,13.421
12:48:08.666,2138.9221,106678,-3.665,13.516
12:48:08.682,2138.9421,106679,-3.499,13.485
12:48:08.725,2138.9621,106680,-3.634,13.397
12:48:08.725,2138.9821,106681,-3.528,13.512
12:48:08.741,2139.0021,106682,-3.595,13.62
12:48:08.758,2139.0221,106683,-3.54,13.506
12:48:08.785,2139.0421,106684,-3.66,13.397
12:48:08.801,2139.0621,106685,-3.753,13.48
12:48:08.844,2139.0821,106686,-3.726,13.608
12:48:08.849,2139.1021,106687,-3.747,13.755
12:48:08.860,2139.1221,106688,-3.912,13.746
12:48:08.876,2139.1421,106689,-3.961,13.586
12:48:08.903,2139.1621,106690,-3.81,13.514
12:48:08.920,2139.1821,106691,-3.944,13.475
12:48:08.967,2139.2021,106692,-3.805,13.429
12:48:08.967,2139.2221,106693,-3.706,13.407
12:48:08.978,2139.2421,106694,-3.811,13.374
12:48:08.994,2139.2621,106695,-3.708,13.447
12:48:09.027,2139.2821,106696,-3.603,13.577
12:48:09.043,2139.3021,106697,-3.751,13.547
12:48:09.070,2139.3221,106698,-3.643,13.486
12:48:09.086,2139.3421,106699,-3.594,13.629
12:48:09.102,2139.3621,106700,-3.643,13.484
12:48:09.130,2139.3821,106701,-3.811,13.452
12:48:09.146,2139.4021,106702,-3.696,13.495
12:48:09.161,2139.4221,106703,-3.861,13.443
12:48:09.193,2139.4421,106704,-3.755,13.429
12:48:09.204,2139.4621,106705,-3.849,13.564
12:48:09.236,2139.4835,106706,-3.735,13.698
12:48:09.236,2139.5021,106707,-3.794,13.593
12:48:09.268,2139.5221,106708,-3.881,13.517
12:48:09.279,2139.5421,106709,-3.985,13.652
12:48:09.310,2139.5621,106710,-3.908,13.555
12:48:09.326,2139.5821,106711,-3.809,13.616
12:48:09.342,2139.6021,106712,-3.895,13.54
12:48:09.358,2139.6221,106713,-3.805,13.672
12:48:09.385,2139.6421,106714,-3.873,13.545
12:48:09.400,2139.6621,106715,-3.763,13.658
12:48:09.433,2139.6821,106716,-3.836,13.56
12:48:09.444,2139.7021,106717,-3.843,13.411
12:48:09.460,2139.7221,106718,-3.865,13.559
12:48:09.476,2139.7421,106719,-4.019,13.481
12:48:09.507,2139.7621,106720,-4.074,13.346
12:48:09.550,2139.7821,106721,-3.976,13.468
12:48:09.550,2139.8021,106722,-3.863,13.435
12:48:09.556,2139.8221,106723,-3.918,13.551
12:48:09.582,2139.8421,106724,-3.781,13.552
12:48:09.593,2139.8621,106725,-3.869,13.417
12:48:09.668,2139.8821,106726,-3.82,13.562
12:48:09.674,2139.9021,106727,-3.661,13.573
12:48:09.674,2139.9221,106728,-3.743,13.485
12:48:09.674,2139.9421,106729,-3.792,13.36
12:48:09.700,2139.9621,106730,-3.787,13.502
12:48:09.717,2139.9821,106731,-3.731,13.607
12:48:09.743,2140.0021,106732,-3.812,13.474
12:48:09.792,2140.0221,106733,-3.791,13.621
12:48:09.792,2140.0421,106734,-3.738,13.513
12:48:09.792,2140.0621,106735,-3.793,13.629
12:48:09.819,2140.0821,106736,-3.679,13.621
12:48:09.851,2140.1021,106737,-3.815,13.524
12:48:09.867,2140.1221,106738,-3.847,13.399
12:48:09.910,2140.1421,106739,-3.814,13.549
12:48:09.910,2140.1621,106740,-3.735,13.454
12:48:09.916,2140.1821,106741,-3.898,13.511
12:48:09.953,2140.2021,106742,-3.796,13.463
12:48:09.958,2140.2221,106743,-3.681,13.353
12:48:09.985,2140.2421,106744,-3.758,13.453
12:48:10.017,2140.2621,106745,-3.864,13.449
12:48:10.017,2140.2821,106746,-3.778,13.55
12:48:10.059,2140.3021,106747,-3.888,13.525
12:48:10.059,2140.3221,106748,-3.73,13.485
12:48:10.075,2140.3421,106749,-3.729,13.629
12:48:10.107,2140.3621,106750,-3.661,13.503
12:48:10.134,2140.3821,106751,-3.786,13.624
12:48:10.134,2140.4021,106752,-3.652,13.644
12:48:10.166,2140.4221,106753,-3.744,13.564
12:48:10.182,2140.4421,106754,-3.574,13.522
12:48:10.193,2140.4621,106755,-3.669,13.659
12:48:10.226,2140.4821,106756,-3.832,13.602
12:48:10.257,2140.5021,106757,-3.776,13.49
12:48:10.257,2140.5221,106758,-3.622,13.437
12:48:10.283,2140.5421,106759,-3.723,13.492
12:48:10.300,2140.5621,106760,-3.753,13.628
12:48:10.316,2140.5821,106761,-3.796,13.492
12:48:10.348,2140.6021,106762,-3.777,13.632
12:48:10.375,2140.6221,106763,-3.857,13.524
12:48:10.375,2140.6421,106764,-3.728,13.621
12:48:10.407,2140.6621,106765,-3.621,13.489
12:48:10.423,2140.6821,106766,-3.786,13.45
12:48:10.434,2140.7021,106767,-3.684,13.539
12:48:10.481,2140.7221,106768,-3.818,13.456
12:48:10.482,2140.7421,106769,-3.65,13.419
12:48:10.493,2140.7621,106770,-3.776,13.422
12:48:10.525,2140.7821,106771,-3.647,13.516
12:48:10.541,2140.8021,106772,-3.656,13.374
12:48:10.557,2140.8221,106773,-3.743,13.486
12:48:10.599,2140.8421,106774,-3.848,13.529
12:48:10.600,2140.8621,106775,-3.759,13.447
12:48:10.616,2140.8821,106776,-3.758,13.59
12:48:10.648,2140.9021,106777,-3.72,13.457
12:48:10.659,2140.9221,106778,-3.641,13.547
12:48:10.675,2140.9421,106779,-3.768,13.508
12:48:10.734,2140.9621,106780,-3.917,13.569
12:48:10.739,2140.9821,106781,-3.865,13.441
12:48:10.739,2141.0021,106782,-3.708,13.506
12:48:10.766,2141.0221,106783,-3.826,13.396
12:48:10.793,2141.0421,106784,-3.748,13.484
12:48:10.798,2141.0621,106785,-3.805,13.347
12:48:10.858,2141.0821,106786,-3.856,13.49
12:48:10.858,2141.1021,106787,-3.719,13.384
12:48:10.858,2141.1221,106788,-3.763,13.514
12:48:10.884,2141.1421,106789,-3.882,13.478
12:48:10.900,2141.1621,106790,-3.771,13.463
12:48:10.917,2141.1821,106791,-3.922,13.55
12:48:10.959,2141.2021,106792,-3.869,13.412
12:48:10.964,2141.2221,106793,-3.872,13.56
12:48:10.975,2141.2421,106794,-3.947,13.424
12:48:11.007,2141.2621,106795,-3.813,13.521
12:48:11.023,2141.2821,106796,-3.957,13.608
12:48:11.033,2141.3021,106797,-3.997,13.477
12:48:11.082,2141.3221,106798,-3.886,13.593
12:48:11.082,2141.3421,106799,-3.876,13.741
12:48:11.093,2141.3621,106800,-3.877,13.598
12:48:11.126,2141.3821,106801,-3.759,13.486
12:48:11.142,2141.4021,106802,-3.756,13.631
12:48:11.158,2141.4221,106803,-3.802,13.503
12:48:11.200,2141.4421,106804,-3.638,13.439
12:48:11.200,2141.4621,106805,-3.633,13.586
12:48:11.231,2141.4845,106806,-3.657,13.753
12:48:11.246,2141.5021,106807,-3.57,13.714
12:48:11.262,2141.5221,106808,-3.702,13.611
12:48:11.273,2141.5421,106809,-3.804,13.563
12:48:11.321,2141.5621,106810,-3.721,13.479
12:48:11.321,2141.5821,106811,-3.825,13.533
12:48:11.337,2141.6021,106812,-3.696,13.621
12:48:11.364,2141.6221,106813,-3.644,13.476
12:48:11.380,2141.6421,106814,-3.775,13.37
12:48:11.396,2141.6621,106815,-3.896,13.47
12:48:11.439,2141.6821,106816,-3.782,13.469
12:48:11.445,2141.7021,106817,-3.738,13.319
12:48:11.455,2141.7221,106818,-3.714,13.451
12:48:11.487,2141.7421,106819,-3.674,13.598
12:48:11.498,2141.7621,106820,-3.738,13.45
12:48:11.514,2141.7821,106821,-3.605,13.381
12:48:11.562,2141.8021,106822,-3.58,13.525
12:48:11.562,2141.8221,106823,-3.754,13.582
12:48:11.578,2141.8421,106824,-3.74,13.428
12:48:11.604,2141.8621,106825,-3.881,13.373
12:48:11.620,2141.8821,106826,-3.869,13.518
12:48:11.679,2141.9021,106827,-3.74,13.621
12:48:11.684,2141.9221,106828,-3.713,13.477
12:48:11.684,2141.9421,106829,-3.89,13.463
12:48:11.695,2141.9621,106830,-3.773,13.416
12:48:11.726,2141.9821,106831,-3.638,13.516
12:48:11.753,2142.0021,106832,-3.753,13.526
12:48:11.759,2142.0221,106833,-3.608,13.521
12:48:11.802,2142.0421,106834,-3.688,13.381
12:48:11.802,2142.0621,106835,-3.842,13.448
12:48:11.818,2142.0821,106836,-3.68,13.458
12:48:11.860,2142.1021,106837,-3.764,13.586
12:48:11.860,2142.1221,106838,-3.691,13.695
12:48:11.876,2142.1421,106839,-3.813,13.64
12:48:11.908,2142.1621,106840,-3.914,13.511
12:48:11.919,2142.1821,106841,-3.805,13.429
12:48:11.935,2142.2021,106842,-3.84,13.284
12:48:11.967,2142.2221,106843,-3.872,13.413
12:48:11.983,2142.2421,106844,-3.881,13.266
12:48:11.993,2142.2621,106845,-3.896,13.403
12:48:12.025,2142.2821,106846,-3.809,13.536
12:48:12.042,2142.3021,106847,-3.902,13.467
12:48:12.053,2142.3221,106848,-3.76,13.552
12:48:12.085,2142.3421,106849,-3.626,13.52
12:48:12.101,2142.3621,106850,-3.512,13.399
12:48:12.117,2142.3821,106851,-3.671,13.43
12:48:12.144,2142.4021,106852,-3.775,13.562
12:48:12.161,2142.4221,106853,-3.913,13.472
12:48:12.177,2142.4421,106854,-3.776,13.57
12:48:12.204,2142.4621,106855,-3.881,13.453
12:48:12.220,2142.4821,106856,-3.824,13.593
12:48:12.236,2142.5021,106857,-3.85,13.463
12:48:12.268,2142.5221,106858,-3.676,13.441
12:48:12.279,2142.5421,106859,-3.838,13.501
12:48:12.294,2142.5621,106860,-3.745,13.584
12:48:12.326,2142.5821,106861,-3.775,13.451
12:48:12.343,2142.6021,106862,-3.679,13.555
12:48:12.386,2142.6221,106863,-3.752,13.417
12:48:12.386,2142.6421,106864,-3.783,13.268
12:48:12.402,2142.6621,106865,-3.78,13.409
12:48:12.418,2142.6821,106866,-3.647,13.507
12:48:12.445,2142.7021,106867,-3.713,13.649
12:48:12.518,2142.7221,106868,-3.71,13.503
12:48:12.524,2142.7421,106869,-3.631,13.364
12:48:12.524,2142.7621,106870,-3.693,13.484
12:48:12.524,2142.7821,106871,-3.825,13.382
12:48:12.535,2142.8021,106872,-3.714,13.42
12:48:12.582,2142.8221,106873,-3.811,13.5
12:48:12.583,2142.8421,106874,-3.698,13.376
12:48:12.626,2142.8621,106875,-3.799,13.509
12:48:12.626,2142.8821,106876,-3.958,13.578
12:48:12.642,2142.9021,106877,-3.845,13.705
12:48:12.658,2142.9221,106878,-3.708,13.6
12:48:12.684,2142.9421,106879,-3.787,13.474
12:48:12.699,2142.9621,106880,-3.799,13.624
12:48:12.747,2142.9821,106881,-3.672,13.73
12:48:12.747,2143.0021,106882,-3.567,13.596
12:48:12.758,2143.0221,106883,-3.711,13.672
12:48:12.791,2143.0421,106884,-3.794,13.546
12:48:12.806,2143.0621,106885,-3.86,13.406
12:48:12.823,2143.0821,106886,-3.691,13.414
12:48:12.850,2143.1021,106887,-3.816,13.5
12:48:12.866,2143.1221,106888,-3.698,13.402
12:48:12.893,2143.1421,106889,-3.836,13.502
12:48:12.898,2143.1621,106890,-3.76,13.362
12:48:12.925,2143.1821,106891,-3.795,13.489
12:48:12.941,2143.2021,106892,-3.634,13.561
12:48:12.973,2143.2221,106893,-3.696,13.664
12:48:13.000,2143.2421,106894,-3.783,13.553
12:48:13.000,2143.2621,106895,-3.638,13.471
12:48:13.015,2143.2821,106896,-3.635,13.612
12:48:13.048,2143.3021,106897,-3.749,13.56
12:48:13.059,2143.3221,106898,-3.588,13.484
12:48:13.091,2143.3421,106899,-3.696,13.373
12:48:13.106,2143.3621,106900,-3.571,13.428
12:48:13.123,2143.3821,106901,-3.747,13.441
12:48:13.133,2143.4021,106902,-3.635,13.461
12:48:13.165,2143.4221,106903,-3.716,13.573
12:48:13.181,2143.4421,106904,-3.674,13.718
12:48:13.213,2143.4621,106905,-3.561,13.783
12:48:13.224,2143.4855,106906,-3.503,13.608
12:48:13.240,2143.5021,106907,-3.587,13.503
12:48:13.256,2143.5221,106908,-3.726,13.501
12:48:13.288,2143.5421,106909,-3.68,13.35
12:48:13.330,2143.5621,106910,-3.688,13.493
12:48:13.330,2143.5821,106911,-3.702,13.643
12:48:13.336,2143.6021,106912,-3.61,13.506
12:48:13.362,2143.6221,106913,-3.695,13.601
12:48:13.378,2143.6421,106914,-3.683,13.46
12:48:13.452,2143.6621,106915,-3.837,13.381
12:48:13.452,2143.6821,106916,-3.867,13.532
12:48:13.452,2143.7021,106917,-4.017,13.461
12:48:13.457,2143.7221,106918,-3.915,13.507
12:48:13.478,2143.7421,106919,-3.916,13.655
12:48:13.494,2143.7621,106920,-3.87,13.513
12:48:13.526,2143.7821,106921,-3.944,13.408
12:48:13.569,2143.8021,106922,-3.896,13.545
12:48:13.570,2143.8221,106923,-3.767,13.546
12:48:13.575,2143.8421,106924,-3.733,13.677
12:48:13.601,2143.8621,106925,-3.657,13.59
12:48:13.617,2143.8821,106926,-3.777,13.617
12:48:13.644,2143.9021,106927,-3.806,13.484
12:48:13.692,2143.9221,106928,-3.871,13.625
12:48:13.692,2143.9421,106929,-3.764,13.584
12:48:13.692,2143.9621,106930,-3.61,13.525
12:48:13.719,2143.9821,106931,-3.766,13.596
12:48:13.735,2144.0021,106932,-3.826,13.459
12:48:13.767,2144.0221,106933,-3.902,13.607
12:48:13.793,2144.0421,106934,-3.95,13.456
12:48:13.799,2144.0621,106935,-3.849,13.517
12:48:13.826,2144.0821,106936,-3.803,13.65
12:48:13.842,2144.1021,106937,-3.961,13.621
12:48:13.858,2144.1221,106938,-4.031,13.485
12:48:13.885,2144.1421,106939,-3.978,13.339
12:48:13.933,2144.1621,106940,-3.857,13.242
12:48:13.933,2144.1821,106941,-3.942,13.329
12:48:13.933,2144.2021,106942,-3.953,13.47
12:48:13.961,2144.2221,106943,-3.873,13.583
12:48:13.977,2144.2421,106944,-3.953,13.446
12:48:14.003,2144.2621,106945,-3.794,13.388
12:48:14.036,2144.2821,106946,-3.826,13.541
12:48:14.036,2144.3021,106947,-3.9,13.44
12:48:14.068,2144.3221,106948,-3.846,13.299
12:48:14.079,2144.3421,106949,-3.908,13.447
12:48:14.095,2144.3621,106950,-4.002,13.521
12:48:14.157,2144.3821,106951,-3.837,13.47
12:48:14.157,2144.4021,106952,-3.978,13.566
12:48:14.157,2144.4221,106953,-3.811,13.601
12:48:14.184,2144.4421,106954,-3.677,13.494
12:48:14.200,2144.4621,106955,-3.681,13.351
12:48:14.216,2144.4821,106956,-3.742,13.469
12:48:14.248,2144.5021,106957,-3.679,13.329
12:48:14.274,2144.5221,106958,-3.818,13.428
12:48:14.279,2144.5421,106959,-3.846,13.269
12:48:14.306,2144.5621,106960,-3.778,13.418
12:48:14.322,2144.5821,106961,-3.633,13.326
12:48:14.354,2144.6021,106962,-3.762,13.395
12:48:14.397,2144.6221,106963,-3.926,13.424
12:48:14.397,2144.6421,106964,-3.976,13.556
12:48:14.397,2144.6621,106965,-3.92,13.427
12:48:14.424,2144.6821,106966,-3.79,13.325
12:48:14.456,2144.7021,106967,-3.826,13.456
12:48:14.456,2144.7221,106968,-3.84,13.318
12:48:14.515,2144.7421,106969,-3.802,13.451
12:48:14.515,2144.7621,106970,-3.674,13.557
12:48:14.521,2144.7821,106971,-3.844,13.512
12:48:14.558,2144.8021,106972,-3.682,13.561
12:48:14.564,2144.8221,106973,-3.793,13.661
12:48:14.574,2144.8421,106974,-3.626,13.666
12:48:14.633,2144.8621,106975,-3.652,13.521
12:48:14.639,2144.8821,106976,-3.815,13.546
12:48:14.639,2144.9021,106977,-3.74,13.66
12:48:14.665,2144.9221,106978,-3.861,13.551
12:48:14.681,2144.9421,106979,-3.74,13.587
12:48:14.698,2144.9621,106980,-3.895,13.507
12:48:14.741,2144.9821,106981,-4.003,13.576
12:48:14.741,2145.0021,106982,-3.937,13.466
12:48:14.757,2145.0221,106983,-3.923,13.321
12:48:14.783,2145.0421,106984,-3.785,13.396
12:48:14.800,2145.0621,106985,-3.817,13.543
12:48:14.815,2145.0821,106986,-3.714,13.419
12:48:14.863,2145.1021,106987,-3.78,13.523
12:48:14.863,2145.1221,106988,-3.886,13.478
12:48:14.874,2145.1421,106989,-3.781,13.44
12:48:14.906,2145.1621,106990,-3.869,13.579
12:48:14.923,2145.1821,106991,-3.981,13.469
12:48:14.934,2145.2021,106992,-4.016,13.615
12:48:14.981,2145.2221,106993,-3.985,13.76
12:48:14.981,2145.2421,106994,-4.117,13.656
12:48:14.997,2145.2621,106995,-3.956,13.608
12:48:15.023,2145.2821,106996,-3.798,13.546
12:48:15.039,2145.3021,106997,-3.934,13.556
12:48:15.055,2145.3221,106998,-3.767,13.559
12:48:15.088,2145.3421,106999,-3.8,13.694
12:48:15.099,2145.3621,107000,-3.847,13.55
12:48:15.115,2145.3821,107001,-3.847,13.4
12:48:15.147,2145.4021,107002,-3.695,13.457
12:48:15.163,2145.4221,107003,-3.849,13.468
12:48:15.174,2145.4421,107004,-3.742,13.441
12:48:15.222,2145.4621,107005,-3.791,13.593
12:48:15.222,2145.4865,107006,-3.919,13.643
12:48:15.233,2145.5021,107007,-3.793,13.616
12:48:15.265,2145.5221,107008,-3.8,13.464
12:48:15.281,2145.5421,107009,-3.674,13.443
12:48:15.297,2145.5621,107010,-3.793,13.472
12:48:15.339,2145.5821,107011,-3.736,13.595
12:48:15.340,2145.6021,107012,-3.786,13.449
12:48:15.356,2145.6221,107013,-3.734,13.566
12:48:15.388,2145.6421,107014,-3.773,13.419
12:48:15.462,2145.6621,107015,-3.938,13.372
12:48:15.462,2145.6821,107016,-3.844,13.496
12:48:15.463,2145.7021,107017,-3.895,13.359
12:48:15.463,2145.7221,107018,-3.763,13.444
12:48:15.473,2145.7421,107019,-3.713,13.588
12:48:15.505,2145.7621,107020,-3.797,13.694
12:48:15.521,2145.7821,107021,-3.842,13.576
12:48:15.538,2145.8021,107022,-3.936,13.446
12:48:15.580,2145.8221,107023,-3.762,13.478
12:48:15.580,2145.8421,107024,-3.852,13.608
12:48:15.596,2145.8621,107025,-3.842,13.747
12:48:15.628,2145.8821,107026,-3.798,13.6
12:48:15.639,2145.9021,107027,-3.85,13.488
12:48:15.656,2145.9221,107028,-3.683,13.489
12:48:15.687,2145.9421,107029,-3.787,13.527
12:48:15.703,2145.9621,107030,-3.939,13.467
12:48:15.715,2145.9821,107031,-3.836,13.49
12:48:15.746,2146.0021,107032,-3.728,13.521
12:48:15.763,2146.0221,107033,-3.844,13.464
12:48:15.778,2146.0421,107034,-3.74,13.342
12:48:15.805,2146.0621,107035,-3.838,13.463
12:48:15.821,2146.0821,107036,-3.68,13.389
12:48:15.838,2146.1021,107037,-3.824,13.453
12:48:15.865,2146.1221,107038,-3.655,13.483
12:48:15.882,2146.1421,107039,-3.752,13.358
12:48:15.893,2146.1621,107040,-3.594,13.303
12:48:15.925,2146.1821,107041,-3.584,13.441
12:48:15.941,2146.2021,107042,-3.636,13.557
12:48:15.957,2146.2221,107043,-3.746,13.479
12:48:15.984,2146.2421,107044,-3.773,13.335
12:48:16.000,2146.2621,107045,-3.806,13.474
12:48:16.047,2146.2821,107046,-3.754,13.611
12:48:16.047,2146.3021,107047,-3.655,13.664
12:48:16.063,2146.3221,107048,-3.673,13.517
12:48:16.073,2146.3421,107049,-3.722,13.647
12:48:16.105,2146.3621,107050,-3.832,13.666
12:48:16.133,2146.3821,107051,-3.716,13.538
12:48:16.139,2146.4021,107052,-3.704,13.398
12:48:16.165,2146.4221,107053,-3.675,13.533
12:48:16.181,2146.4421,107054,-3.839,13.508
12:48:16.197,2146.4621,107055,-3.702,13.591
12:48:16.224,2146.4821,107056,-3.783,13.725
12:48:16.240,2146.5021,107057,-3.741,13.594
12:48:16.272,2146.5221,107058,-3.852,13.55
12:48:16.287,2146.5421,107059,-3.683,13.588
12:48:16.303,2146.5621,107060,-3.844,13.555
12:48:16.314,2146.5821,107061,-3.728,13.434
12:48:16.345,2146.6021,107062,-3.891,13.383
12:48:16.361,2146.6221,107063,-3.859,13.241
12:48:16.377,2146.6421,107064,-3.821,13.367
12:48:16.404,2146.6621,107065,-3.847,13.509
12:48:16.421,2146.6821,107066,-3.805,13.65
12:48:16.437,2146.7021,107067,-3.965,13.62
12:48:16.463,2146.7221,107068,-3.951,13.475
12:48:16.479,2146.7421,107069,-3.833,13.492
12:48:16.527,2146.7621,107070,-3.986,13.406
12:48:16.527,2146.7821,107071,-3.896,13.496
12:48:16.554,2146.8021,107072,-3.874,13.35
12:48:16.559,2146.8221,107073,-3.786,13.49
12:48:16.586,2146.8421,107074,-3.816,13.627
12:48:16.602,2146.8621,107075,-3.885,13.485
12:48:16.628,2146.8821,107076,-3.821,13.627
12:48:16.644,2146.9021,107077,-3.979,13.552
12:48:16.661,2146.9221,107078,-3.837,13.647
12:48:16.677,2146.9421,107079,-3.801,13.502
12:48:16.704,2146.9621,107080,-3.714,13.639
12:48:16.721,2146.9821,107081,-3.643,13.505
12:48:16.753,2147.0021,107082,-3.643,13.359
12:48:16.764,2147.0221,107083,-3.638,13.502
12:48:16.780,2147.0421,107084,-3.755,13.517
12:48:16.796,2147.0621,107085,-3.659,13.45
12:48:16.828,2147.0821,107086,-3.693,13.302
12:48:16.854,2147.1021,107087,-3.8,13.415
12:48:16.860,2147.1221,107088,-3.757,13.558
12:48:16.887,2147.1422,107089,-3.758,13.415
12:48:16.914,2147.1621,107090,-3.662,13.47
12:48:16.919,2147.1821,107091,-3.75,13.549
12:48:16.962,2147.2022,107092,-3.868,13.436
12:48:16.962,2147.2221,107093,-3.949,13.531
12:48:16.988,2147.2421,107094,-3.835,13.531
12:48:17.004,2147.2621,107095,-4.005,13.553
12:48:17.020,2147.2821,107096,-3.844,13.589
12:48:17.036,2147.3021,107097,-3.745,13.477
12:48:17.068,2147.3221,107098,-3.874,13.593
12:48:17.110,2147.3421,107099,-3.851,13.448
12:48:17.110,2147.3621,107100,-3.992,13.351
12:48:17.115,2147.3821,107101,-3.986,13.49
12:48:17.142,2147.4021,107102,-4.056,13.625
12:48:17.169,2147.4221,107103,-3.889,13.607
12:48:17.186,2147.4421,107104,-3.927,13.468
12:48:17.213,2147.4621,107105,-4.03,13.556
12:48:17.219,2147.4821,107106,-4.02,13.703
12:48:17.246,2147.5022,107107,-3.854,13.684
12:48:17.288,2147.5221,107108,-3.846,13.542
12:48:17.294,2147.5421,107109,-3.724,13.599
12:48:17.294,2147.5621,107110,-3.793,13.466
12:48:17.321,2147.5821,107111,-3.964,13.494
12:48:17.353,2147.6021,107112,-3.842,13.377
12:48:17.364,2147.6221,107113,-3.687,13.438
12:48:17.380,2147.6421,107114,-3.855,13.48
12:48:17.396,2147.6621,107115,-3.948,13.562
12:48:17.427,2147.6821,107116,-3.78,13.586
12:48:17.470,2147.7021,107117,-3.705,13.715
12:48:17.470,2147.7221,107118,-3.738,13.575
12:48:17.476,2147.7421,107119,-3.817,13.675
12:48:17.502,2147.7621,107120,-3.789,13.538
12:48:17.518,2147.7821,107121,-3.957,13.536
12:48:17.544,2147.8021,107122,-3.829,13.439
12:48:17.576,2147.8221,107123,-3.992,13.502
12:48:17.576,2147.8421,107124,-4.016,13.361
12:48:17.603,2147.8621,107125,-3.876,13.45
12:48:17.619,2147.8821,107126,-3.89,13.601
12:48:17.634,2147.9021,107127,-3.756,13.703
12:48:17.666,2147.9221,107128,-3.84,13.567
12:48:17.697,2147.9421,107129,-3.868,13.702
12:48:17.697,2147.9621,107130,-3.84,13.567
12:48:17.729,2147.9821,107131,-3.674,13.51
12:48:17.739,2148.0021,107132,-3.771,13.404
12:48:17.756,2148.0221,107133,-3.778,13.545
12:48:17.783,2148.0421,107134,-3.637,13.456
12:48:17.816,2148.0621,107135,-3.814,13.432
12:48:17.816,2148.0821,107136,-3.722,13.56
12:48:17.848,2148.1021,107137,-3.831,13.68
12:48:17.858,2148.1221,107138,-3.686,13.59
12:48:17.875,2148.1421,107139,-3.786,13.461
12:48:17.907,2148.1621,107140,-3.654,13.548
12:48:17.933,2148.1821,107141,-3.529,13.518
12:48:17.939,2148.2021,107142,-3.704,13.52
12:48:17.966,2148.2221,107143,-3.723,13.366
12:48:17.982,2148.2421,107144,-3.842,13.456
12:48:17.998,2148.2621,107145,-3.79,13.59
12:48:18.058,2148.2821,107146,-3.741,13.466
12:48:18.058,2148.3021,107147,-3.726,13.606
12:48:18.058,2148.3221,107148,-3.694,13.462
12:48:18.085,2148.3421,107149,-3.846,13.392
12:48:18.101,2148.3621,107150,-3.691,13.445
12:48:18.117,2148.3821,107151,-3.652,13.597
12:48:18.160,2148.4021,107152,-3.747,13.522
12:48:18.160,2148.4221,107153,-3.701,13.387
12:48:18.192,2148.4421,107154,-3.832,13.485
12:48:18.203,2148.4621,107155,-3.784,13.618
12:48:18.220,2148.4821,107156,-3.773,13.474
12:48:18.236,2148.5021,107157,-3.638,13.482
12:48:18.263,2148.5221,107158,-3.811,13.487
12:48:18.295,2148.5421,107159,-3.742,13.629
12:48:18.295,2148.5621,107160,-3.72,13.494
12:48:18.327,2148.5821,107161,-3.863,13.548
12:48:18.343,2148.6021,107162,-3.86,13.407
12:48:18.354,2148.6221,107163,-3.77,13.493
12:48:18.417,2148.6421,107164,-3.868,13.565
12:48:18.417,2148.6621,107165,-3.698,13.591
12:48:18.417,2148.6821,107166,-3.762,13.45
12:48:18.444,2148.7021,107167,-3.649,13.482
12:48:18.460,2148.7221,107168,-3.773,13.596
12:48:18.476,2148.7421,107169,-3.863,13.734
12:48:18.518,2148.7621,107170,-3.774,13.595
12:48:18.524,2148.7821,107171,-3.636,13.491
12:48:18.535,2148.8021,107172,-3.811,13.488
12:48:18.567,2148.8221,107173,-3.66,13.419
12:48:18.609,2148.8421,107174,-3.774,13.443
12:48:18.609,2148.8621,107175,-3.888,13.354
12:48:18.615,2148.8821,107176,-3.953,13.479
12:48:18.641,2148.9021,107177,-3.919,13.605
12:48:18.658,2148.9221,107178,-3.758,13.541
12:48:18.701,2148.9421,107179,-3.777,13.676
12:48:18.701,2148.9621,107180,-3.817,13.527
12:48:18.717,2148.9821,107181,-3.984,13.483
12:48:18.759,2149.0021,107182,-3.891,13.548
12:48:18.764,2149.0221,107183,-3.782,13.507
12:48:18.775,2149.0421,107184,-3.883,13.466
12:48:18.807,2149.0621,107185,-3.891,13.324
12:48:18.819,2149.0821,107186,-3.946,13.448
12:48:18.835,2149.1021,107187,-3.82,13.552
12:48:18.881,2149.1221,107188,-3.665,13.483
12:48:18.882,2149.1421,107189,-3.61,13.625
12:48:18.909,2149.1621,107190,-3.64,13.49
12:48:18.925,2149.1821,107191,-3.798,13.536
12:48:18.941,2149.2021,107192,-3.91,13.664
12:48:18.957,2149.2221,107193,-3.769,13.683
12:48:18.999,2149.2421,107194,-3.844,13.553
12:48:18.999,2149.2621,107195,-3.703,13.645
12:48:19.015,2149.2821,107196,-3.634,13.543
12:48:19.046,2149.3021,107197,-3.736,13.49
12:48:19.062,2149.3221,107198,-3.825,13.622
12:48:19.073,2149.3421,107199,-3.676,13.544
12:48:19.121,2149.3621,107200,-3.567,13.556
12:48:19.121,2149.3821,107201,-3.618,13.411
12:48:19.137,2149.4021,107202,-3.752,13.331
12:48:19.164,2149.4221,107203,-3.744,13.474
12:48:19.181,2149.4421,107204,-3.73,13.609
12:48:19.240,2149.4621,107205,-3.846,13.69
12:48:19.240,2149.4821,107206,-3.788,13.546
12:48:19.246,2149.5021,107207,-3.657,13.659
12:48:19.256,2149.5221,107208,-3.745,13.526
12:48:19.288,2149.5421,107209,-3.818,13.662
12:48:19.314,2149.5621,107210,-3.839,13.515
12:48:19.314,2149.5821,107211,-3.693,13.578
12:48:19.362,2149.6021,107212,-3.816,13.472
12:48:19.362,2149.6221,107213,-3.811,13.331
12:48:19.378,2149.6421,107214,-3.866,13.478
12:48:19.405,2149.6621,107215,-3.796,13.62
12:48:19.421,2149.6821,107216,-3.951,13.633
12:48:19.437,2149.7021,107217,-3.947,13.488
12:48:19.464,2149.7221,107218,-4.027,13.394
12:48:19.481,2149.7421,107219,-3.852,13.387
12:48:19.497,2149.7621,107220,-3.785,13.517
12:48:19.524,2149.7821,107221,-3.622,13.559
12:48:19.541,2149.8021,107222,-3.792,13.58
12:48:19.557,2149.8221,107223,-3.799,13.434
12:48:19.584,2149.8421,107224,-3.893,13.314
12:48:19.600,2149.8621,107225,-3.852,13.467
12:48:19.633,2149.8821,107226,-3.842,13.322
12:48:19.644,2149.9021,107227,-3.95,13.365
12:48:19.660,2149.9221,107228,-4.111,13.385
12:48:19.676,2149.9421,107229,-4.025,13.475
12:48:19.707,2149.9621,107230,-3.985,13.324
12:48:19.723,2149.9821,107231,-3.895,13.449
12:48:19.734,2150.0021,107232,-3.82,13.545
12:48:19.766,2150.0221,107233,-3.681,13.444
12:48:19.783,2150.0421,107234,-3.595,13.529
12:48:19.793,2150.0621,107235,-3.757,13.48
12:48:19.826,2150.0821,107236,-3.895,13.573
12:48:19.842,2150.1021,107237,-3.994,13.459
12:48:19.858,2150.1221,107238,-3.888,13.425
12:48:19.885,2150.1421,107239,-3.929,13.555
12:48:19.901,2150.1621,107240,-3.834,13.425
12:48:19.944,2150.1821,107241,-3.927,13.516
12:48:19.949,2150.2021,107242,-4.04,13.491
12:48:19.960,2150.2221,107243,-3.921,13.393
12:48:19.976,2150.2421,107244,-3.951,13.527
12:48:20.007,2150.2621,107245,-3.837,13.543
12:48:20.018,2150.2821,107246,-3.827,13.683
12:48:20.066,2150.3021,107247,-3.653,13.67
12:48:20.066,2150.3221,107248,-3.698,13.55
12:48:20.082,2150.3421,107249,-3.734,13.675
12:48:20.097,2150.3621,107250,-3.81,13.805
12:48:20.123,2150.3821,107251,-3.902,13.675
12:48:20.139,2150.4021,107252,-3.744,13.648
12:48:20.187,2150.4221,107253,-3.755,13.504
12:48:20.187,2150.4421,107254,-3.798,13.358
12:48:20.203,2150.4621,107255,-3.804,13.501
12:48:20.213,2150.4821,107256,-3.859,13.619
12:48:20.262,2150.5021,107257,-4.015,13.62
12:48:20.262,2150.5221,107258,-3.897,13.529
12:48:20.305,2150.5421,107259,-3.723,13.52
12:48:20.305,2150.5621,107260,-3.826,13.393
12:48:20.321,2150.5821,107261,-3.762,13.508
12:48:20.337,2150.6021,107262,-3.607,13.442
12:48:20.365,2150.6221,107263,-3.78,13.406
12:48:20.380,2150.6421,107264,-3.691,13.537
12:48:20.412,2150.6621,107265,-3.76,13.642
12:48:20.428,2150.6821,107266,-3.789,13.791
12:48:20.439,2150.7021,107267,-3.824,13.663
12:48:20.455,2150.7221,107268,-3.759,13.518
12:48:20.487,2150.7421,107269,-3.863,13.613
12:48:20.503,2150.7621,107270,-3.851,13.47
12:48:20.529,2150.7821,107271,-3.945,13.336
12:48:20.546,2150.8021,107272,-3.915,13.484
12:48:20.561,2150.8221,107273,-3.96,13.613
12:48:20.578,2150.8421,107274,-3.82,13.532
12:48:20.621,2150.8621,107275,-3.926,13.494
12:48:20.621,2150.8821,107276,-3.879,13.644
12:48:20.654,2150.9021,107277,-3.833,13.501
12:48:20.665,2150.9221,107278,-3.666,13.469
12:48:20.680,2150.9421,107279,-3.7,13.618
12:48:20.697,2150.9621,107280,-3.574,13.503
12:48:20.728,2150.9821,107281,-3.751,13.49
12:48:20.739,2151.0021,107282,-3.645,13.47
12:48:20.770,2151.0221,107283,-3.586,13.325
12:48:20.786,2151.0421,107284,-3.634,13.471
12:48:20.802,2151.0621,107285,-3.755,13.365
12:48:20.813,2151.0821,107286,-3.695,13.468
12:48:20.846,2151.1021,107287,-3.8,13.596
12:48:20.888,2151.1221,107288,-3.906,13.578
12:48:20.894,2151.1421,107289,-3.731,13.55
12:48:20.894,2151.1621,107290,-3.759,13.4
12:48:20.920,2151.1821,107291,-3.92,13.347
12:48:20.937,2151.2021,107292,-3.839,13.477
12:48:21.011,2151.2221,107293,-3.97,13.568
12:48:21.011,2151.2421,107294,-3.835,13.476
12:48:21.011,2151.2621,107295,-3.737,13.601
12:48:21.017,2151.2821,107296,-3.726,13.455
12:48:21.039,2151.3021,107297,-3.765,13.607
12:48:21.054,2151.3221,107298,-3.874,13.489
12:48:21.086,2151.3421,107299,-4.01,13.589
12:48:21.129,2151.3621,107300,-3.94,13.446
12:48:21.134,2151.3821,107301,-3.762,13.429
12:48:21.134,2151.4021,107302,-3.67,13.288
12:48:21.161,2151.4221,107303,-3.757,13.404
12:48:21.193,2151.4421,107304,-3.586,13.387
12:48:21.204,2151.4621,107305,-3.698,13.378
12:48:21.251,2151.4821,107306,-3.717,13.529
12:48:21.251,2151.5021,107307,-3.696,13.378
12:48:21.251,2151.5221,107308,-3.762,13.481
12:48:21.293,2151.5421,107309,-3.832,13.369
12:48:21.299,2151.5621,107310,-3.668,13.406
12:48:21.325,2151.5821,107311,-3.589,13.495
12:48:21.357,2151.6021,107312,-3.641,13.373
12:48:21.357,2151.6221,107313,-3.6,13.525
12:48:21.398,2151.6421,107314,-3.552,13.41
12:48:21.403,2151.6621,107315,-3.669,13.5
12:48:21.414,2151.6821,107316,-3.814,13.585
12:48:21.445,2151.7021,107317,-3.685,13.481
12:48:21.477,2151.7221,107318,-3.599,13.402
12:48:21.477,2151.7421,107319,-3.747,13.321
12:48:21.508,2151.7621,107320,-3.816,13.436
12:48:21.519,2151.7821,107321,-3.649,13.408
12:48:21.535,2151.8021,107322,-3.818,13.382
12:48:21.567,2151.8221,107323,-3.832,13.525
12:48:21.610,2151.8421,107324,-3.661,13.566
12:48:21.610,2151.8621,107325,-3.802,13.473
12:48:21.615,2151.8821,107326,-3.846,13.617
12:48:21.642,2151.9021,107327,-3.742,13.593
12:48:21.653,2151.9221,107328,-3.883,13.493
12:48:21.685,2151.9421,107329,-3.903,13.635
12:48:21.717,2151.9621,107330,-3.998,13.505
12:48:21.717,2151.9821,107331,-3.875,13.605
12:48:21.744,2152.0021,107332,-3.89,13.467
12:48:21.760,2152.0221,107333,-3.73,13.521
12:48:21.776,2152.0421,107334,-3.606,13.567
12:48:21.833,2152.0621,107335,-3.544,13.712
12:48:21.839,2152.0821,107336,-3.65,13.662
12:48:21.839,2152.1021,107337,-3.64,13.521
12:48:21.865,2152.1221,107338,-3.472,13.556
12:48:21.881,2152.1421,107339,-3.552,13.443
12:48:21.897,2152.1621,107340,-3.664,13.416
12:48:21.955,2152.1821,107341,-3.771,13.457
12:48:21.955,2152.2021,107342,-3.706,13.559
12:48:21.961,2152.2221,107343,-3.765,13.703
12:48:21.988,2152.2421,107344,-3.793,13.555
12:48:21.999,2152.2621,107345,-3.89,13.69
12:48:22.031,2152.2821,107346,-3.925,13.541
12:48:22.073,2152.3021,107347,-3.79,13.628
12:48:22.079,2152.3221,107348,-3.707,13.722
12:48:22.079,2152.3421,107349,-3.745,13.59
12:48:22.106,2152.3621,107350,-3.66,13.499
12:48:22.122,2152.3821,107351,-3.566,13.565
12:48:22.138,2152.4021,107352,-3.675,13.554
12:48:22.196,2152.4221,107353,-3.725,13.436
12:48:22.196,2152.4421,107354,-3.772,13.586
12:48:22.201,2152.4621,107355,-3.761,13.44
12:48:22.239,2152.4821,107356,-3.731,13.586
12:48:22.245,2152.5021,107357,-3.769,13.455
12:48:22.256,2152.5221,107358,-3.707,13.591
12:48:22.298,2152.5421,107359,-3.798,13.462
12:48:22.304,2152.5621,107360,-3.891,13.546
12:48:22.315,2152.5821,107361,-3.795,13.488
12:48:22.347,2152.6021,107362,-3.741,13.362
12:48:22.363,2152.6221,107363,-3.678,13.501
12:48:22.374,2152.6421,107364,-3.849,13.537
12:48:22.421,2152.6621,107365,-3.86,13.389
12:48:22.422,2152.6821,107366,-3.802,13.27
12:48:22.438,2152.7021,107367,-3.868,13.386
12:48:22.465,2152.7221,107368,-3.902,13.518
12:48:22.481,2152.7421,107369,-3.789,13.495
12:48:22.497,2152.7621,107370,-3.961,13.493
12:48:22.541,2152.7821,107371,-3.81,13.565
12:48:22.541,2152.8021,107372,-3.931,13.518
12:48:22.557,2152.8221,107373,-3.819,13.632
12:48:22.584,2152.8421,107374,-3.78,13.497
12:48:22.599,2152.8621,107375,-3.829,13.644
12:48:22.615,2152.8821,107376,-3.853,13.776
12:48:22.663,2152.9021,107377,-3.898,13.632
12:48:22.663,2152.9221,107378,-3.772,13.526
12:48:22.674,2152.9421,107379,-3.886,13.644
12:48:22.706,2152.9621,107380,-3.814,13.532
12:48:22.722,2152.9821,107381,-3.767,13.654
12:48:22.738,2153.0021,107382,-3.716,13.505
12:48:22.781,2153.0222,107383,-3.81,13.628
12:48:22.781,2153.0421,107384,-3.793,13.48
12:48:22.798,2153.0621,107385,-3.891,13.553
12:48:22.824,2153.0821,107386,-3.943,13.411
12:48:22.840,2153.1021,107387,-3.8,13.354
12:48:22.899,2153.1221,107388,-3.863,13.496
12:48:22.900,2153.1422,107389,-3.89,13.628
12:48:22.905,2153.1621,107390,-3.854,13.483
12:48:22.916,2153.1821,107391,-3.969,13.474
12:48:22.947,2153.2021,107392,-3.875,13.417
12:48:22.963,2153.2221,107393,-3.753,13.493
12:48:22.974,2153.2421,107394,-3.907,13.557
12:48:23.022,2153.2622,107395,-3.831,13.695
12:48:23.022,2153.2821,107396,-3.72,13.584
12:48:23.033,2153.3021,107397,-3.764,13.449
12:48:23.065,2153.3221,107398,-3.862,13.577
12:48:23.081,2153.3421,107399,-3.708,13.499
12:48:23.097,2153.3621,107400,-3.764,13.385
12:48:23.140,2153.3822,107401,-3.824,13.53
12:48:23.140,2153.4021,107402,-3.778,13.385
12:48:23.156,2153.4221,107403,-3.787,13.253
12:48:23.188,2153.4421,107404,-3.755,13.384
12:48:23.199,2153.4621,107405,-3.649,13.426
12:48:23.215,2153.4821,107406,-3.784,13.524
12:48:23.247,2153.5022,107407,-3.699,13.38
12:48:23.263,2153.5221,107408,-3.873,13.381
12:48:23.274,2153.5421,107409,-3.897,13.511
12:48:23.306,2153.5621,107410,-3.767,13.4
12:48:23.323,2153.5821,107411,-3.71,13.536
12:48:23.334,2153.6021,107412,-3.884,13.533
12:48:23.367,2153.6222,107413,-3.852,13.386
12:48:23.383,2153.6421,107414,-3.848,13.533
12:48:23.394,2153.6621,107415,-3.79,13.678
12:48:23.426,2153.6821,107416,-3.611,13.677
12:48:23.442,2153.7021,107417,-3.713,13.552
12:48:23.459,2153.7221,107418,-3.605,13.442
12:48:23.486,2153.7422,107419,-3.745,13.544
12:48:23.502,2153.7621,107420,-3.909,13.58
12:48:23.518,2153.7821,107421,-3.81,13.453
12:48:23.552,2153.8021,107422,-3.788,13.6
12:48:23.563,2153.8221,107423,-3.725,13.49
12:48:23.574,2153.8421,107424,-3.833,13.542
12:48:23.607,2153.8621,107425,-3.717,13.435
12:48:23.623,2153.8821,107426,-3.822,13.389
12:48:23.634,2153.9021,107427,-3.774,13.519
12:48:23.666,2153.9221,107428,-3.619,13.582
12:48:23.682,2153.9421,107429,-3.76,13.68
12:48:23.725,2153.9621,107430,-3.784,13.531
12:48:23.725,2153.9821,107431,-3.735,13.677
12:48:23.741,2154.0021,107432,-3.782,13.542
12:48:23.757,2154.0221,107433,-3.827,13.403
12:48:23.784,2154.0421,107434,-3.866,13.548
12:48:23.843,2154.0621,107435,-3.69,13.531
12:48:23.849,2154.0821,107436,-3.723,13.397
12:48:23.849,2154.1021,107437,-3.831,13.387
12:48:23.860,2154.1221,107438,-3.751,13.494
12:48:23.876,2154.1421,107439,-3.661,13.407
12:48:23.904,2154.1622,107440,-3.744,13.543
12:48:23.920,2154.1821,107441,-3.834,13.445
12:48:23.963,2154.2021,107442,-3.764,13.54
12:48:23.969,2154.2221,107443,-3.617,13.623
12:48:23.979,2154.2421,107444,-3.749,13.526
12:48:23.995,2154.2621,107445,-3.85,13.589
12:48:24.028,2154.2822,107446,-3.768,13.721
12:48:24.085,2154.3021,107447,-3.765,13.573
12:48:24.085,2154.3221,107448,-3.729,13.426
12:48:24.091,2154.3421,107449,-3.836,13.467
12:48:24.102,2154.3621,107450,-3.928,13.6
12:48:24.118,2154.3821,107451,-3.803,13.63
12:48:24.144,2154.4022,107452,-3.956,13.65
12:48:24.161,2154.4221,107453,-4.064,13.624
12:48:24.193,2154.4421,107454,-3.901,13.646
12:48:24.203,2154.4622,107455,-3.727,13.628
12:48:24.219,2154.4821,107456,-3.677,13.505
12:48:24.236,2154.5021,107457,-3.649,13.646
12:48:24.268,2154.5222,107458,-3.821,13.624
12:48:24.279,2154.5421,107459,-3.821,13.479
12:48:24.327,2154.5621,107460,-3.751,13.333
12:48:24.327,2154.5821,107461,-3.651,13.459
12:48:24.344,2154.6021,107462,-3.709,13.583
12:48:24.354,2154.6221,107463,-3.822,13.555
12:48:24.387,2154.6422,107464,-3.667,13.49
12:48:24.403,2154.6621,107465,-3.758,13.359
12:48:24.430,2154.6821,107466,-3.687,13.473
12:48:24.447,2154.7022,107467,-3.766,13.586
12:48:24.463,2154.7221,107468,-3.656,13.541
12:48:24.473,2154.7421,107469,-3.76,13.643
12:48:24.505,2154.7622,107470,-3.864,13.521
12:48:24.521,2154.7821,107471,-3.747,13.472
12:48:24.538,2154.8021,107472,-3.684,13.599
12:48:24.565,2154.8222,107473,-3.661,13.45
12:48:24.580,2154.8421,107474,-3.686,13.593
12:48:24.596,2154.8621,107475,-3.637,13.726
12:48:24.624,2154.8821,107476,-3.588,13.579
12:48:24.640,2154.9021,107477,-3.724,13.487
12:48:24.673,2154.9221,107478,-3.903,13.468
12:48:24.684,2154.9421,107479,-3.869,13.612
12:48:24.700,2154.9621,107480,-3.761,13.499
12:48:24.717,2154.9821,107481,-3.833,13.615
12:48:24.744,2155.0021,107482,-3.743,13.524
12:48:24.791,2155.0221,107483,-3.777,13.665
12:48:24.791,2155.0421,107484,-3.634,13.573
12:48:24.796,2155.0621,107485,-3.648,13.431
12:48:24.818,2155.0821,107486,-3.743,13.299
12:48:24.835,2155.1021,107487,-3.631,13.298
12:48:24.867,2155.1221,107488,-3.649,13.435
12:48:24.909,2155.1421,107489,-3.701,13.559
12:48:24.914,2155.1621,107490,-3.873,13.526
12:48:24.914,2155.1821,107491,-3.712,13.504
12:48:24.941,2155.2021,107492,-3.605,13.488
12:48:24.973,2155.2221,107493,-3.674,13.359
12:48:24.983,2155.2421,107494,-3.696,13.493
12:48:25.031,2155.2621,107495,-3.544,13.557
12:48:25.031,2155.2821,107496,-3.677,13.448
12:48:25.031,2155.3021,107497,-3.786,13.453
12:48:25.064,2155.3221,107498,-3.678,13.408
12:48:25.075,2155.3421,107499,-3.704,13.548
12:48:25.107,2155.3621,107500,-3.671,13.419
12:48:25.134,2155.3821,107501,-3.572,13.544
12:48:25.139,2155.4021,107502,-3.691,13.434
12:48:25.165,2155.4221,107503,-3.842,13.499
12:48:25.182,2155.4421,107504,-3.729,13.432
12:48:25.198,2155.4621,107505,-3.593,13.334
12:48:25.225,2155.4821,107506,-3.654,13.453
12:48:25.257,2155.5021,107507,-3.814,13.398
12:48:25.257,2155.5221,107508,-3.726,13.506
12:48:25.288,2155.5421,107509,-3.719,13.358
12:48:25.299,2155.5621,107510,-3.57,13.303
12:48:25.315,2155.5821,107511,-3.664,13.388
12:48:25.347,2155.6021,107512,-3.763,13.457
12:48:25.374,2155.6221,107513,-3.698,13.584
12:48:25.379,2155.6421,107514,-3.583,13.593
12:48:25.405,2155.6621,107515,-3.641,13.484
12:48:25.421,2155.6821,107516,-3.737,13.596
12:48:25.437,2155.7021,107517,-3.821,13.478
12:48:25.496,2155.7221,107518,-3.7,13.595
12:48:25.496,2155.7421,107519,-3.8,13.463
12:48:25.502,2155.7621,107520,-3.766,13.316
12:48:25.523,2155.7821,107521,-3.668,13.445
12:48:25.539,2155.8021,107522,-3.55,13.56
12:48:25.555,2155.8221,107523,-3.597,13.681
12:48:25.588,2155.8421,107524,-3.629,13.538
12:48:25.615,2155.8621,107525,-3.754,13.429
12:48:25.615,2155.8821,107526,-3.763,13.573
12:48:25.647,2155.9021,107527,-3.822,13.436
12:48:25.658,2155.9221,107528,-3.79,13.584
12:48:25.675,2155.9421,107529,-3.655,13.492
12:48:25.722,2155.9621,107530,-3.66,13.627
12:48:25.722,2155.9821,107531,-3.83,13.619
12:48:25.738,2156.0021,107532,-3.778,13.491
12:48:25.765,2156.0221,107533,-3.679,13.42
12:48:25.782,2156.0421,107534,-3.618,13.537
12:48:25.797,2156.0621,107535,-3.734,13.419
12:48:25.824,2156.0821,107536,-3.867,13.527
12:48:25.857,2156.1021,107537,-3.974,13.511
12:48:25.857,2156.1221,107538,-3.82,13.586
12:48:25.884,2156.1421,107539,-3.917,13.454
12:48:25.900,2156.1621,107540,-3.793,13.529
12:48:25.917,2156.1821,107541,-3.812,13.665
12:48:25.974,2156.2021,107542,-3.723,13.588
12:48:25.980,2156.2221,107543,-3.833,13.571
12:48:25.980,2156.2421,107544,-3.674,13.506
12:48:26.006,2156.2621,107545,-3.729,13.648
12:48:26.022,2156.2821,107546,-3.78,13.512
12:48:26.038,2156.3021,107547,-3.941,13.493
12:48:26.080,2156.3221,107548,-3.861,13.596
12:48:26.080,2156.3421,107549,-3.75,13.541
12:48:26.097,2156.3621,107550,-3.907,13.46
12:48:26.129,2156.3821,107551,-3.936,13.318
12:48:26.140,2156.4021,107552,-3.879,13.456
12:48:26.156,2156.4221,107553,-3.926,13.587
12:48:26.198,2156.4421,107554,-3.878,13.473
12:48:26.204,2156.4621,107555,-3.916,13.612
12:48:26.214,2156.4821,107556,-3.987,13.473
12:48:26.246,2156.5021,107557,-3.884,13.363
12:48:26.261,2156.5221,107558,-4.026,13.45
12:48:26.278,2156.5421,107559,-3.92,13.573
12:48:26.320,2156.5621,107560,-3.844,13.708
12:48:26.320,2156.5821,107561,-3.886,13.569
12:48:26.336,2156.6021,107562,-3.726,13.579
12:48:26.364,2156.6221,107563,-3.833,13.531
12:48:26.379,2156.6421,107564,-3.981,13.629
12:48:26.395,2156.6621,107565,-3.886,13.495
12:48:26.442,2156.6821,107566,-3.946,13.64
12:48:26.442,2156.7021,107567,-3.804,13.726
12:48:26.459,2156.7221,107568,-3.928,13.618
12:48:26.485,2156.7421,107569,-4.048,13.604
12:48:26.501,2156.7621,107570,-3.965,13.504
12:48:26.518,2156.7821,107571,-3.857,13.461
12:48:26.560,2156.8021,107572,-3.963,13.579
12:48:26.560,2156.8221,107573,-3.837,13.475
12:48:26.576,2156.8421,107574,-3.924,13.564
12:48:26.609,2156.8621,107575,-3.761,13.569
12:48:26.636,2156.8821,107576,-3.862,13.626
12:48:26.636,2156.9021,107577,-3.813,13.767
12:48:26.679,2156.9221,107578,-3.844,13.642
12:48:26.684,2156.9421,107579,-3.808,13.495
12:48:26.695,2156.9621,107580,-3.843,13.363
12:48:26.727,2156.9821,107581,-3.806,13.485
12:48:26.743,2157.0021,107582,-3.754,13.618
12:48:26.754,2157.0221,107583,-3.669,13.491
12:48:26.802,2157.0421,107584,-3.741,13.615
12:48:26.802,2157.0621,107585,-3.742,13.469
12:48:26.818,2157.0821,107586,-3.722,13.606
12:48:26.845,2157.1021,107587,-3.555,13.602
12:48:26.861,2157.1221,107588,-3.706,13.523
12:48:26.877,2157.1421,107589,-3.863,13.455
12:48:26.920,2157.1621,107590,-3.792,13.561
12:48:26.920,2157.1821,107591,-3.901,13.539
12:48:26.951,2157.2021,107592,-3.786,13.484
12:48:26.968,2157.2221,107593,-3.679,13.511
12:48:26.979,2157.2421,107594,-3.693,13.646
12:48:26.994,2157.2621,107595,-3.795,13.588
12:48:27.026,2157.2821,107596,-3.689,13.535
12:48:27.043,2157.3021,107597,-3.786,13.638
12:48:27.053,2157.3221,107598,-3.801,13.488
12:48:27.085,2157.3421,107599,-3.709,13.357
12:48:27.101,2157.3621,107600,-3.763,13.476
12:48:27.117,2157.3821,107601,-3.742,13.325
12:48:27.148,2157.4021,107602,-3.823,13.465
12:48:27.159,2157.4221,107603,-3.867,13.34
12:48:27.175,2157.4421,107604,-3.731,13.443
12:48:27.208,2157.4621,107605,-3.58,13.405
12:48:27.235,2157.4821,107606,-3.519,13.519
12:48:27.235,2157.5021,107607,-3.643,13.559
12:48:27.267,2157.5221,107608,-3.694,13.683
12:48:27.278,2157.5421,107609,-3.758,13.574
12:48:27.294,2157.5621,107610,-3.787,13.722
12:48:27.326,2157.5821,107611,-3.713,13.611
12:48:27.342,2157.6021,107612,-3.623,13.472
12:48:27.358,2157.6221,107613,-3.681,13.328
12:48:27.385,2157.6421,107614,-3.67,13.478
12:48:27.401,2157.6621,107615,-3.498,13.474
12:48:27.418,2157.6821,107616,-3.602,13.534
12:48:27.445,2157.7021,107617,-3.53,13.635
12:48:27.461,2157.7221,107618,-3.693,13.574
12:48:27.504,2157.7421,107619,-3.755,13.696
12:48:27.509,2157.7621,107620,-3.693,13.569
12:48:27.521,2157.7821,107621,-3.674,13.423
12:48:27.537,2157.8021,107622,-3.834,13.478
12:48:27.568,2157.8221,107623,-3.766,13.582
12:48:27.579,2157.8421,107624,-3.772,13.428
12:48:27.611,2157.8621,107625,-3.632,13.517
12:48:27.627,2157.8821,107626,-3.77,13.623
12:48:27.643,2157.9021,107627,-3.755,13.473
12:48:27.654,2157.9221,107628,-3.678,13.331
12:48:27.686,2157.9421,107629,-3.667,13.477
12:48:27.702,2157.9621,107630,-3.677,13.336
12:48:27.717,2157.9821,107631,-3.635,13.488
12:48:27.744,2158.0021,107632,-3.569,13.618
12:48:27.759,2158.0221,107633,-3.63,13.475
12:48:27.791,2158.0421,107634,-3.586,13.346
12:48:27.808,2158.0621,107635,-3.689,13.461
12:48:27.819,2158.0821,107636,-3.808,13.504
12:48:27.867,2158.1021,107637,-3.689,13.537
12:48:27.867,2158.1221,107638,-3.778,13.412
12:48:27.883,2158.1421,107639,-3.685,13.478
12:48:27.894,2158.1621,107640,-3.801,13.591
12:48:27.925,2158.1821,107641,-3.687,13.475
12:48:27.941,2158.2021,107642,-3.838,13.554
12:48:27.973,2158.2221,107643,-3.792,13.41
12:48:28.000,2158.2421,107644,-3.722,13.55
12:48:28.000,2158.2621,107645,-3.819,13.496
12:48:28.017,2158.2821,107646,-3.715,13.443
12:48:28.044,2158.3021,107647,-3.608,13.471
12:48:28.060,2158.3221,107648,-3.7,13.606
12:48:28.091,2158.3421,107649,-3.801,13.563
12:48:28.107,2158.3621,107650,-3.758,13.433
12:48:28.123,2158.3821,107651,-3.59,13.448
12:48:28.134,2158.4021,107652,-3.754,13.403
12:48:28.166,2158.4221,107653,-3.915,13.456
12:48:28.181,2158.4421,107654,-3.965,13.315
12:48:28.209,2158.4621,107655,-3.897,13.448
12:48:28.224,2158.4821,107656,-3.923,13.299
12:48:28.241,2158.5021,107657,-3.819,13.418
12:48:28.257,2158.5221,107658,-3.734,13.557
12:48:28.284,2158.5421,107659,-3.846,13.52
12:48:28.300,2158.5621,107660,-3.702,13.479
12:48:28.316,2158.5821,107661,-3.86,13.415
12:48:28.348,2158.6021,107662,-3.805,13.522
12:48:28.359,2158.6221,107663,-3.975,13.533
12:48:28.375,2158.6421,107664,-3.864,13.496
12:48:28.406,2158.6621,107665,-3.696,13.527
12:48:28.422,2158.6821,107666,-3.712,13.384
12:48:28.454,2158.7021,107667,-3.879,13.401
12:48:28.465,2158.7221,107668,-3.764,13.282
12:48:28.481,2158.7421,107669,-3.685,13.408
12:48:28.497,2158.7621,107670,-3.606,13.535
12:48:28.529,2158.7821,107671,-3.686,13.449
12:48:28.571,2158.8021,107672,-3.723,13.581
12:48:28.571,2158.8221,107673,-3.609,13.693
12:48:28.571,2158.8421,107674,-3.701,13.622
12:48:28.603,2158.8621,107675,-3.729,13.473
12:48:28.615,2158.8821,107676,-3.843,13.6
12:48:28.646,2158.9021,107677,-3.709,13.68
12:48:28.688,2158.9221,107678,-3.695,13.543
12:48:28.694,2158.9421,107679,-3.816,13.659
12:48:28.694,2158.9621,107680,-3.849,13.512
12:48:28.737,2158.9821,107681,-3.701,13.584
12:48:28.737,2159.0021,107682,-3.578,13.581
12:48:28.763,2159.0221,107683,-3.693,13.558
12:48:28.812,2159.0421,107684,-3.798,13.513
12:48:28.812,2159.0621,107685,-3.907,13.481
12:48:28.812,2159.0821,107686,-3.838,13.373
12:48:28.839,2159.1021,107687,-3.809,13.507
12:48:28.856,2159.1221,107688,-3.671,13.526
12:48:28.888,2159.1421,107689,-3.637,13.673
12:48:28.914,2159.1621,107690,-3.711,13.577
12:48:28.920,2159.1821,107691,-3.614,13.65
12:48:28.947,2159.2021,107692,-3.715,13.541
12:48:28.963,2159.2221,107693,-3.669,13.415
12:48:28.974,2159.2421,107694,-3.78,13.405
12:48:29.006,2159.2621,107695,-3.885,13.529
12:48:29.048,2159.2821,107696,-4.032,13.451
12:48:29.054,2159.3021,107697,-3.966,13.552
12:48:29.054,2159.3221,107698,-3.839,13.618
12:48:29.081,2159.3421,107699,-3.787,13.474
12:48:29.097,2159.3621,107700,-3.777,13.334
12:48:29.124,2159.3821,107701,-3.828,13.48
12:48:29.155,2159.4021,107702,-3.677,13.554
12:48:29.155,2159.4221,107703,-3.808,13.54
12:48:29.187,2159.4421,107704,-3.942,13.641
12:48:29.198,2159.4621,107705,-3.953,13.494
12:48:29.214,2159.4821,107706,-3.878,13.351
12:48:29.245,2159.5021,107707,-3.869,13.487
12:48:29.276,2159.5221,107708,-3.752,13.599
12:48:29.276,2159.5421,107709,-3.643,13.557
12:48:29.303,2159.5621,107710,-3.813,13.516
12:48:29.319,2159.5821,107711,-3.921,13.569
12:48:29.335,2159.6021,107712,-3.856,13.707
12:48:29.367,2159.6221,107713,-3.926,13.604
12:48:29.393,2159.6421,107714,-3.758,13.62
12:48:29.399,2159.6621,107715,-3.75,13.474
12:48:29.425,2159.6821,107716,-3.641,13.439
12:48:29.441,2159.7021,107717,-3.766,13.423
12:48:29.458,2159.7221,107718,-3.854,13.557
12:48:29.516,2159.7421,107719,-3.705,13.478
12:48:29.516,2159.7621,107720,-3.819,13.611
12:48:29.521,2159.7821,107721,-3.761,13.492
12:48:29.548,2159.8021,107722,-3.661,13.406
12:48:29.564,2159.8221,107723,-3.69,13.555
12:48:29.575,2159.8421,107724,-3.804,13.526
12:48:29.634,2159.8621,107725,-3.831,13.661
12:48:29.639,2159.8821,107726,-3.848,13.518
12:48:29.639,2159.9021,107727,-3.965,13.57
12:48:29.682,2159.9221,107728,-3.796,13.598
12:48:29.682,2159.9421,107729,-3.662,13.605
12:48:29.698,2159.9621,107730,-3.546,13.538
12:48:29.756,2159.9821,107731,-3.673,13.649
12:48:29.756,2160.0021,107732,-3.691,13.5
12:48:29.757,2160.0221,107733,-3.723,13.369
12:48:29.789,2160.0421,107734,-3.804,13.504
12:48:29.799,2160.0621,107735,-3.69,13.496
12:48:29.816,2160.0821,107736,-3.771,13.408
12:48:29.859,2160.1021,107737,-3.92,13.346
12:48:29.865,2160.1221,107738,-3.863,13.478
12:48:29.892,2160.1421,107739,-3.801,13.366
12:48:29.907,2160.1621,107740,-3.801,13.52
12:48:29.923,2160.1821,107741,-3.817,13.665
12:48:29.934,2160.2021,107742,-3.992,13.704
12:48:29.997,2160.2221,107743,-3.984,13.559
12:48:29.997,2160.2421,107744,-3.814,13.58
12:48:29.997,2160.2621,107745,-3.981,13.549
12:48:30.024,2160.2821,107746,-3.852,13.436
12:48:30.040,2160.3021,107747,-3.858,13.289
12:48:30.056,2160.3221,107748,-3.901,13.434
12:48:30.098,2160.3421,107749,-3.945,13.583
12:48:30.104,2160.3621,107750,-4.043,13.653
12:48:30.115,2160.3821,107751,-3.893,13.568
12:48:30.147,2160.4021,107752,-3.907,13.429
12:48:30.163,2160.4221,107753,-3.834,13.56
12:48:30.174,2160.4421,107754,-3.734,13.688
12:48:30.206,2160.4621,107755,-3.902,13.639
12:48:30.222,2160.4821,107756,-3.973,13.497
12:48:30.234,2160.5021,107757,-3.86,13.608
12:48:30.265,2160.5221,107758,-3.818,13.457
12:48:30.281,2160.5421,107759,-3.944,13.542
12:48:30.298,2160.5621,107760,-3.821,13.642
12:48:30.341,2160.5821,107761,-3.722,13.52
12:48:30.341,2160.6021,107762,-3.627,13.388
12:48:30.357,2160.6221,107763,-3.749,13.341
12:48:30.383,2160.6421,107764,-3.714,13.485
12:48:30.399,2160.6621,107765,-3.818,13.618
12:48:30.416,2160.6821,107766,-3.717,13.544
12:48:30.458,2160.7021,107767,-3.836,13.442
12:48:30.464,2160.7221,107768,-3.745,13.523
12:48:30.475,2160.7421,107769,-3.814,13.649
12:48:30.506,2160.7621,107770,-3.893,13.791
12:48:30.523,2160.7821,107771,-3.803,13.68
12:48:30.534,2160.8021,107772,-3.917,13.675
12:48:30.581,2160.8221,107773,-3.81,13.588
12:48:30.581,2160.8421,107774,-3.79,13.445
12:48:30.598,2160.8621,107775,-3.71,13.539
12:48:30.625,2160.8821,107776,-3.719,13.389
12:48:30.641,2160.9021,107777,-3.866,13.444
12:48:30.657,2160.9221,107778,-3.704,13.501
12:48:30.700,2160.9421,107779,-3.836,13.614
12:48:30.700,2160.9621,107780,-4.009,13.586
12:48:30.715,2160.9821,107781,-3.94,13.439
12:48:30.749,2161.0021,107782,-3.95,13.588
12:48:30.760,2161.0221,107783,-3.83,13.62
12:48:30.776,2161.0421,107784,-3.972,13.535
12:48:30.808,2161.0621,107785,-4.073,13.479
12:48:30.819,2161.0821,107786,-4.049,13.613
12:48:30.851,2161.1021,107787,-3.992,13.469
12:48:30.867,2161.1221,107788,-3.983,13.323
12:48:30.878,2161.1421,107789,-3.946,13.461
12:48:30.895,2161.1621,107790,-3.989,13.608
12:48:30.927,2161.1821,107791,-4.146,13.553
12:48:30.958,2161.2021,107792,-4.058,13.462
12:48:30.958,2161.2221,107793,-3.944,13.578
12:48:30.984,2161.2421,107794,-3.843,13.444
12:48:31.000,2161.2621,107795,-3.934,13.536
12:48:31.017,2161.2821,107796,-3.763,13.484
12:48:31.059,2161.3021,107797,-3.747,13.338
12:48:31.064,2161.3221,107798,-3.902,13.393
12:48:31.091,2161.3421,107799,-3.749,13.476
12:48:31.106,2161.3621,107800,-3.818,13.379
12:48:31.123,2161.3821,107801,-3.746,13.473
12:48:31.134,2161.4021,107802,-3.898,13.522
12:48:31.166,2161.4221,107803,-3.737,13.588
12:48:31.182,2161.4421,107804,-3.878,13.507
12:48:31.198,2161.4621,107805,-3.9,13.655
12:48:31.225,2161.4821,107806,-3.737,13.639
12:48:31.241,2161.5021,107807,-3.753,13.493
12:48:31.257,2161.5221,107808,-3.843,13.412
12:48:31.289,2161.5421,107809,-3.748,13.336
12:48:31.299,2161.5621,107810,-3.882,13.385
12:48:31.316,2161.5821,107811,-3.854,13.517
12:48:31.348,2161.6021,107812,-3.733,13.623
12:48:31.407,2161.6221,107813,-3.835,13.686
12:48:31.408,2161.6421,107814,-3.887,13.541
12:48:31.408,2161.6621,107815,-3.846,13.405
12:48:31.423,2161.6822,107816,-3.773,13.547
12:48:31.435,2161.7021,107817,-3.693,13.68
12:48:31.483,2161.7221,107818,-3.704,13.53
12:48:31.483,2161.7421,107819,-3.683,13.391
12:48:31.525,2161.7621,107820,-3.78,13.322
12:48:31.525,2161.7821,107821,-3.691,13.408
12:48:31.542,2161.8021,107822,-3.693,13.262
12:48:31.558,2161.8221,107823,-3.639,13.399
12:48:31.586,2161.8421,107824,-3.625,13.548
12:48:31.602,2161.8621,107825,-3.733,13.528
12:48:31.645,2161.8821,107826,-3.883,13.445
12:48:31.645,2161.9021,107827,-3.721,13.49
12:48:31.661,2161.9221,107828,-3.798,13.636
12:48:31.693,2161.9421,107829,-3.637,13.594
12:48:31.704,2161.9621,107830,-3.561,13.487
12:48:31.721,2161.9821,107831,-3.67,13.518
12:48:31.753,2162.0021,107832,-3.77,13.397
12:48:31.763,2162.0221,107833,-3.898,13.461
12:48:31.796,2162.0421,107834,-3.762,13.489
12:48:31.796,2162.0621,107835,-3.651,13.497
12:48:31.828,2162.0821,107836,-3.763,13.506
12:48:31.839,2162.1021,107837,-3.816,13.37
12:48:31.871,2162.1221,107838,-3.757,13.48
12:48:31.898,2162.1421,107839,-3.746,13.635
12:48:31.904,2162.1621,107840,-3.793,13.484
12:48:31.915,2162.1821,107841,-3.63,13.483
12:48:31.947,2162.2021,107842,-3.783,13.557
12:48:31.963,2162.2221,107843,-3.617,13.598
12:48:31.990,2162.2421,107844,-3.697,13.509
12:48:32.006,2162.2621,107845,-3.587,13.389
12:48:32.022,2162.2821,107846,-3.692,13.441
12:48:32.037,2162.3021,107847,-3.554,13.421
12:48:32.069,2162.3221,107848,-3.426,13.528
12:48:32.079,2162.3421,107849,-3.598,13.54
12:48:32.095,2162.3621,107850,-3.553,13.4
12:48:32.127,2162.3821,107851,-3.618,13.539
12:48:32.143,2162.4021,107852,-3.73,13.583
12:48:32.154,2162.4221,107853,-3.636,13.498
12:48:32.186,2162.4421,107854,-3.583,13.645
12:48:32.229,2162.4621,107855,-3.683,13.513
12:48:32.234,2162.4821,107856,-3.756,13.606
12:48:32.234,2162.5021,107857,-3.655,13.496
12:48:32.261,2162.5221,107858,-3.555,13.6
12:48:32.277,2162.5421,107859,-3.65,13.499
12:48:32.351,2162.5621,107860,-3.801,13.459
12:48:32.351,2162.5821,107861,-3.753,13.337
12:48:32.356,2162.6021,107862,-3.771,13.482
12:48:32.356,2162.6221,107863,-3.724,13.607
12:48:32.383,2162.6421,107864,-3.805,13.5
12:48:32.409,2162.6621,107865,-3.695,13.523
12:48:32.425,2162.6821,107866,-3.799,13.575
12:48:32.473,2162.7021,107867,-3.827,13.427
12:48:32.474,2162.7221,107868,-3.709,13.537
12:48:32.474,2162.7421,107869,-3.83,13.564
12:48:32.501,2162.7621,107870,-3.714,13.54
12:48:32.517,2162.7821,107871,-3.636,13.441
12:48:32.544,2162.8021,107872,-3.742,13.405
12:48:32.592,2162.8221,107873,-3.65,13.537
12:48:32.592,2162.8421,107874,-3.793,13.557
12:48:32.592,2162.8621,107875,-3.853,13.408
12:48:32.624,2162.8821,107876,-3.901,13.558
12:48:32.635,2162.9021,107877,-3.808,13.45
12:48:32.667,2162.9221,107878,-3.698,13.566
12:48:32.694,2162.9421,107879,-3.59,13.542
12:48:32.700,2162.9621,107880,-3.769,13.544
12:48:32.726,2162.9821,107881,-3.691,13.434
12:48:32.754,2163.0021,107882,-3.804,13.398
12:48:32.760,2163.0221,107883,-3.972,13.45
12:48:32.786,2163.0421,107884,-3.835,13.533
12:48:32.817,2163.0621,107885,-3.723,13.424
12:48:32.817,2163.0821,107886,-3.556,13.382
12:48:32.859,2163.1021,107887,-3.692,13.306
12:48:32.865,2163.1221,107888,-3.761,13.447
12:48:32.875,2163.1421,107889,-3.633,13.369
12:48:32.908,2163.1621,107890,-3.752,13.485
12:48:32.935,2163.1821,107891,-3.788,13.355
12:48:32.936,2163.2021,107892,-3.933,13.442
12:48:32.968,2163.2221,107893,-3.81,13.494
12:48:32.983,2163.2421,107894,-3.641,13.45
12:48:32.994,2163.2621,107895,-3.807,13.413
12:48:33.026,2163.2821,107896,-3.68,13.514
12:48:33.058,2163.3021,107897,-3.786,13.557
12:48:33.058,2163.3221,107898,-3.679,13.524
12:48:33.085,2163.3421,107899,-3.805,13.416
12:48:33.101,2163.3621,107900,-3.781,13.564
12:48:33.117,2163.3821,107901,-3.744,13.418
12:48:33.175,2163.4021,107902,-3.582,13.434
12:48:33.175,2163.4221,107903,-3.529,13.554
12:48:33.181,2163.4421,107904,-3.67,13.543
12:48:33.207,2163.4621,107905,-3.548,13.471
12:48:33.224,2163.4821,107906,-3.704,13.526
12:48:33.234,2163.5021,107907,-3.811,13.504
12:48:33.293,2163.5221,107908,-3.76,13.652
12:48:33.299,2163.5421,107909,-3.613,13.566
12:48:33.299,2163.5621,107910,-3.749,13.471
12:48:33.326,2163.5821,107911,-3.86,13.464
12:48:33.342,2163.6021,107912,-3.838,13.61
12:48:33.354,2163.6221,107913,-3.858,13.464
12:48:33.414,2163.6421,107914,-3.849,13.606
12:48:33.419,2163.6621,107915,-3.808,13.46
12:48:33.419,2163.6821,107916,-3.676,13.436
12:48:33.445,2163.7021,107917,-3.771,13.569
12:48:33.461,2163.7221,107918,-3.833,13.428
12:48:33.478,2163.7421,107919,-3.802,13.554
12:48:33.535,2163.7621,107920,-3.89,13.421
12:48:33.535,2163.7821,107921,-4.062,13.4
12:48:33.541,2163.8021,107922,-3.895,13.407
12:48:33.583,2163.8221,107923,-3.949,13.555
12:48:33.583,2163.8421,107924,-3.804,13.454
12:48:33.594,2163.8621,107925,-3.813,13.611
12:48:33.641,2163.8821,107926,-3.647,13.574
12:48:33.642,2163.9021,107927,-3.816,13.524
12:48:33.658,2163.9221,107928,-3.803,13.666
12:48:33.685,2163.9421,107929,-3.675,13.589
12:48:33.701,2163.9621,107930,-3.778,13.5
12:48:33.717,2163.9821,107931,-3.677,13.431
12:48:33.760,2164.0021,107932,-3.761,13.564
12:48:33.760,2164.0221,107933,-3.92,13.633
12:48:33.776,2164.0421,107934,-4.006,13.507
12:48:33.808,2164.0621,107935,-4.094,13.644
12:48:33.819,2164.0821,107936,-3.997,13.572
12:48:33.835,2164.1021,107937,-3.885,13.531
12:48:33.884,2164.1221,107938,-3.804,13.67
12:48:33.884,2164.1421,107939,-3.915,13.776
12:48:33.894,2164.1621,107940,-3.825,13.644
12:48:33.926,2164.1821,107941,-3.869,13.527
12:48:33.942,2164.2021,107942,-3.742,13.635
12:48:33.958,2164.2221,107943,-3.777,13.512
12:48:33.986,2164.2421,107944,-3.88,13.562
12:48:34.002,2164.2621,107945,-3.984,13.439
12:48:34.018,2164.2821,107946,-3.857,13.53
12:48:34.045,2164.3021,107947,-3.748,13.55
12:48:34.061,2164.3221,107948,-3.864,13.448
12:48:34.077,2164.3421,107949,-3.793,13.554
12:48:34.119,2164.3621,107950,-3.911,13.529
12:48:34.124,2164.3821,107951,-3.915,13.375
12:48:34.135,2164.4021,107952,-3.811,13.354
12:48:34.167,2164.4221,107953,-3.952,13.379
12:48:34.182,2164.4421,107954,-3.935,13.526
12:48:34.240,2164.4621,107955,-3.812,13.407
12:48:34.241,2164.4821,107956,-3.819,13.552
12:48:34.246,2164.5021,107957,-3.908,13.637
12:48:34.257,2164.5221,107958,-3.77,13.71
12:48:34.284,2164.5421,107959,-3.858,13.584
12:48:34.300,2164.5621,107960,-3.79,13.482
12:48:34.315,2164.5821,107961,-3.778,13.629
12:48:34.364,2164.6021,107962,-3.86,13.544
12:48:34.364,2164.6221,107963,-3.998,13.447
12:48:34.390,2164.6421,107964,-3.968,13.299
12:48:34.406,2164.6621,107965,-3.828,13.385
12:48:34.423,2164.6821,107966,-3.719,13.505
12:48:34.434,2164.7021,107967,-3.833,13.498
12:48:34.481,2164.7221,107968,-3.75,13.396
12:48:34.481,2164.7421,107969,-3.919,13.425
12:48:34.497,2164.7621,107970,-4.026,13.547
12:48:34.524,2164.7821,107971,-3.859,13.514
12:48:34.540,2164.8021,107972,-3.83,13.645
12:48:34.556,2164.8221,107973,-3.943,13.589
12:48:34.584,2164.8421,107974,-3.771,13.564
12:48:34.600,2164.8621,107975,-3.91,13.66
12:48:34.616,2164.8821,107976,-3.806,13.714
12:48:34.648,2164.9021,107977,-3.717,13.581
12:48:34.659,2164.9221,107978,-3.864,13.505
12:48:34.674,2164.9421,107979,-3.889,13.656
12:48:34.707,2164.9621,107980,-3.825,13.516
12:48:34.723,2164.9821,107981,-3.89,13.404
12:48:34.734,2165.0021,107982,-3.731,13.466
12:48:34.766,2165.0221,107983,-3.716,13.615
12:48:34.781,2165.0421,107984,-3.568,13.588
12:48:34.798,2165.0621,107985,-3.723,13.508
12:48:34.825,2165.0821,107986,-3.594,13.612
12:48:34.841,2165.1021,107987,-3.766,13.616
12:48:34.856,2165.1221,107988,-3.845,13.529
12:48:34.888,2165.1421,107989,-4.009,13.548
12:48:34.904,2165.1621,107990,-3.858,13.525
12:48:34.914,2165.1821,107991,-3.752,13.646
12:48:34.947,2165.2021,107992,-3.848,13.53
12:48:34.963,2165.2221,107993,-3.748,13.463
12:48:34.974,2165.2421,107994,-3.861,13.473
12:48:35.005,2165.2621,107995,-3.754,13.419
12:48:35.021,2165.2821,107996,-3.807,13.541
12:48:35.037,2165.3021,107997,-3.804,13.682
12:48:35.064,2165.3221,107998,-3.943,13.588
12:48:35.080,2165.3421,107999,-3.931,13.447
12:48:35.096,2165.3621,108000,-4.035,13.47
12:48:35.128,2165.3821,108001,-3.903,13.501
12:48:35.139,2165.4021,108002,-3.732,13.462
12:48:35.170,2165.4221,108003,-3.624,13.542
12:48:35.186,2165.4421,108004,-3.793,13.504
12:48:35.202,2165.4621,108005,-3.701,13.58
12:48:35.217,2165.4821,108006,-3.788,13.492
12:48:35.245,2165.5021,108007,-3.835,13.638
12:48:35.260,2165.5221,108008,-3.745,13.53
12:48:35.276,2165.5421,108009,-3.768,13.669
12:48:35.308,2165.5621,108010,-3.774,13.813
12:48:35.319,2165.5821,108011,-3.79,13.676
12:48:35.335,2165.6021,108012,-3.889,13.611
12:48:35.367,2165.6221,108013,-3.753,13.551
12:48:35.383,2165.6421,108014,-3.917,13.578
12:48:35.425,2165.6621,108015,-3.814,13.459
12:48:35.425,2165.6821,108016,-3.712,13.533
12:48:35.442,2165.7021,108017,-3.881,13.538
12:48:35.458,2165.7221,108018,-3.8,13.408
12:48:35.485,2165.7421,108019,-3.679,13.514
12:48:35.501,2165.7621,108020,-3.748,13.636
12:48:35.533,2165.7821,108021,-3.737,13.492
12:48:35.544,2165.8021,108022,-3.616,13.601
12:48:35.560,2165.8221,108023,-3.717,13.562
12:48:35.577,2165.8421,108024,-3.63,13.458
12:48:35.604,2165.8621,108025,-3.776,13.55
12:48:35.620,2165.8821,108026,-3.891,13.439
12:48:35.653,2165.9021,108027,-4.03,13.444
12:48:35.664,2165.9221,108028,-3.882,13.52
12:48:35.679,2165.9421,108029,-3.773,13.598
12:48:35.696,2165.9621,108030,-3.756,13.456
12:48:35.728,2165.9821,108031,-3.826,13.593
12:48:35.739,2166.0021,108032,-3.865,13.454
12:48:35.770,2166.0221,108033,-3.751,13.441
12:48:35.785,2166.0421,108034,-3.712,13.581
12:48:35.801,2166.0621,108035,-3.781,13.477
12:48:35.833,2166.0821,108036,-3.827,13.625
12:48:35.844,2166.1021,108037,-3.721,13.672
12:48:35.860,2166.1221,108038,-3.805,13.588
12:48:35.892,2166.1421,108039,-3.944,13.59
12:48:35.908,2166.1621,108040,-3.783,13.547
12:48:35.919,2166.1821,108041,-3.925,13.614
12:48:35.935,2166.2021,108042,-3.858,13.727
12:48:35.967,2166.2221,108043,-3.944,13.594
12:48:35.983,2166.2421,108044,-3.913,13.444
12:48:36.009,2166.2621,108045,-3.762,13.515
12:48:36.026,2166.2821,108046,-3.801,13.669
12:48:36.042,2166.3021,108047,-3.731,13.532
12:48:36.058,2166.3221,108048,-3.905,13.54
12:48:36.084,2166.3421,108049,-3.737,13.538
12:48:36.132,2166.3621,108050,-3.828,13.461
12:48:36.132,2166.3821,108051,-3.862,13.318
12:48:36.132,2166.4021,108052,-3.923,13.419
12:48:36.164,2166.4221,108053,-4.025,13.501
12:48:36.175,2166.4421,108054,-3.896,13.501
12:48:36.207,2166.4621,108055,-3.885,13.356
12:48:36.251,2166.4821,108056,-3.839,13.486
12:48:36.251,2166.5021,108057,-3.922,13.356
12:48:36.256,2166.5221,108058,-3.851,13.465
12:48:36.283,2166.5421,108059,-3.748,13.59
12:48:36.294,2166.5621,108060,-3.886,13.503
12:48:36.326,2166.5821,108061,-3.749,13.544
12:48:36.369,2166.6021,108062,-3.857,13.527
12:48:36.375,2166.6221,108063,-3.891,13.381
12:48:36.375,2166.6421,108064,-3.91,13.527
12:48:36.402,2166.6621,108065,-3.996,13.45
12:48:36.418,2166.6821,108066,-3.89,13.393
12:48:36.445,2166.7021,108067,-3.904,13.536
12:48:36.477,2166.7221,108068,-4.023,13.421
12:48:36.477,2166.7421,108069,-3.854,13.456
12:48:36.504,2166.7621,108070,-3.683,13.481
12:48:36.520,2166.7821,108071,-3.733,13.36
12:48:36.535,2166.8021,108072,-3.766,13.219
12:48:36.568,2166.8221,108073,-3.778,13.364
12:48:36.595,2166.8421,108074,-3.674,13.409
12:48:36.595,2166.8621,108075,-3.843,13.464
12:48:36.626,2166.8821,108076,-3.868,13.602
12:48:36.642,2166.9021,108077,-3.907,13.473
12:48:36.658,2166.9221,108078,-3.802,13.55
12:48:36.685,2166.9421,108079,-3.685,13.491
12:48:36.717,2166.9621,108080,-3.57,13.527
12:48:36.717,2166.9821,108081,-3.677,13.463
12:48:36.749,2167.0021,108082,-3.701,13.317
12:48:36.760,2167.0221,108083,-3.814,13.33
12:48:36.776,2167.0421,108084,-3.838,13.47
12:48:36.834,2167.0621,108085,-3.839,13.623
12:48:36.839,2167.0821,108086,-3.657,13.6
12:48:36.839,2167.1021,108087,-3.654,13.455
12:48:36.866,2167.1221,108088,-3.758,13.526
12:48:36.882,2167.1421,108089,-3.644,13.643
12:48:36.894,2167.1621,108090,-3.55,13.559
12:48:36.925,2167.1821,108091,-3.682,13.471
12:48:36.957,2167.2021,108092,-3.755,13.608
12:48:36.957,2167.2221,108093,-3.675,13.49
12:48:36.984,2167.2421,108094,-3.779,13.586
12:48:37.000,2167.2621,108095,-3.925,13.492
12:48:37.016,2167.2821,108096,-3.838,13.417
12:48:37.063,2167.3021,108097,-3.947,13.466
12:48:37.063,2167.3221,108098,-3.846,13.587
12:48:37.074,2167.3421,108099,-3.952,13.533
12:48:37.106,2167.3621,108100,-3.817,13.442
12:48:37.138,2167.3821,108101,-3.746,13.589
12:48:37.138,2167.4021,108102,-3.643,13.515
12:48:37.165,2167.4221,108103,-3.736,13.604
12:48:37.197,2167.4421,108104,-3.641,13.664
12:48:37.197,2167.4621,108105,-3.71,13.521
12:48:37.240,2167.4821,108106,-3.769,13.656
12:48:37.240,2167.5021,108107,-3.627,13.578
12:48:37.256,2167.5221,108108,-3.646,13.439
12:48:37.314,2167.5421,108109,-3.693,13.568
12:48:37.320,2167.5621,108110,-3.815,13.595
12:48:37.320,2167.5821,108111,-3.643,13.607
12:48:37.346,2167.6021,108112,-3.572,13.464
12:48:37.362,2167.6221,108113,-3.5,13.36
12:48:37.378,2167.6421,108114,-3.602,13.48
12:48:37.421,2167.6621,108115,-3.766,13.478
12:48:37.421,2167.6821,108116,-3.673,13.553
12:48:37.452,2167.7021,108117,-3.769,13.478
12:48:37.464,2167.7221,108118,-3.665,13.459
12:48:37.480,2167.7421,108119,-3.665,13.603
12:48:37.496,2167.7621,108120,-3.774,13.479
12:48:37.539,2167.7821,108121,-3.757,13.629
12:48:37.544,2167.8021,108122,-3.874,13.568
12:48:37.555,2167.8221,108123,-3.789,13.477
12:48:37.587,2167.8421,108124,-3.87,13.584
12:48:37.604,2167.8621,108125,-3.984,13.555
12:48:37.614,2167.8821,108126,-3.904,13.461
12:48:37.645,2167.9021,108127,-3.815,13.59
12:48:37.662,2167.9221,108128,-3.669,13.512
12:48:37.678,2167.9421,108129,-3.574,13.581
12:48:37.704,2167.9621,108130,-3.747,13.565
12:48:37.721,2167.9821,108131,-3.645,13.459
12:48:37.752,2168.0021,108132,-3.706,13.593
12:48:37.783,2168.0221,108133,-3.873,13.55
12:48:37.783,2168.0421,108134,-3.766,13.508
12:48:37.794,2168.0621,108135,-3.715,13.361
12:48:37.826,2168.0821,108136,-3.64,13.497
12:48:37.857,2168.1021,108137,-3.801,13.55
12:48:37.857,2168.1221,108138,-3.976,13.566
12:48:37.900,2168.1421,108139,-3.867,13.556
12:48:37.901,2168.1621,108140,-3.774,13.631
12:48:37.917,2168.1821,108141,-3.793,13.492
12:48:37.944,2168.2021,108142,-3.928,13.43
12:48:37.960,2168.2221,108143,-3.765,13.395
12:48:37.976,2168.2421,108144,-3.9,13.437
12:48:38.007,2168.2621,108145,-3.826,13.523
12:48:38.023,2168.2821,108146,-3.931,13.395
12:48:38.034,2168.3021,108147,-3.901,13.536
12:48:38.066,2168.3221,108148,-3.784,13.543
12:48:38.082,2168.3421,108149,-3.795,13.405
12:48:38.098,2168.3621,108150,-3.818,13.546
12:48:38.140,2168.3821,108151,-3.885,13.687
12:48:38.141,2168.4021,108152,-3.973,13.606
12:48:38.156,2168.4221,108153,-3.854,13.594
12:48:38.188,2168.4421,108154,-3.867,13.452
12:48:38.199,2168.4621,108155,-3.949,13.574
12:48:38.215,2168.4821,108156,-4.021,13.431
12:48:38.274,2168.5021,108157,-3.991,13.582
12:48:38.280,2168.5221,108158,-3.974,13.44
12:48:38.280,2168.5421,108159,-4.032,13.575
12:48:38.307,2168.5621,108160,-3.935,13.5
12:48:38.323,2168.5821,108161,-3.908,13.359
12:48:38.334,2168.6021,108162,-4.05,13.454
12:48:38.365,2168.6221,108163,-3.879,13.453
12:48:38.381,2168.6421,108164,-4.049,13.491
12:48:38.398,2168.6621,108165,-3.934,13.375
12:48:38.424,2168.6821,108166,-4.091,13.449
12:48:38.441,2168.7021,108167,-3.937,13.527
12:48:38.456,2168.7221,108168,-3.769,13.478
12:48:38.487,2168.7421,108169,-3.886,13.505
12:48:38.504,2168.7621,108170,-3.712,13.527
12:48:38.515,2168.7821,108171,-3.72,13.385
12:48:38.547,2168.8021,108172,-3.747,13.249
12:48:38.562,2168.8221,108173,-3.668,13.388
12:48:38.579,2168.8421,108174,-3.747,13.531
12:48:38.605,2168.8621,108175,-3.653,13.395
12:48:38.621,2168.8821,108176,-3.818,13.35
12:48:38.637,2168.9021,108177,-3.716,13.47
12:48:38.664,2168.9221,108178,-3.644,13.584
12:48:38.696,2168.9421,108179,-3.779,13.546
12:48:38.696,2168.9621,108180,-3.862,13.408
12:48:38.728,2168.9821,108181,-3.746,13.433
12:48:38.739,2169.0021,108182,-3.826,13.532
12:48:38.755,2169.0221,108183,-3.757,13.415
12:48:38.802,2169.0421,108184,-3.918,13.491
12:48:38.802,2169.0621,108185,-3.809,13.477
12:48:38.845,2169.0821,108186,-3.812,13.62
12:48:38.850,2169.1021,108187,-3.806,13.477
12:48:38.861,2169.1221,108188,-3.701,13.589
12:48:38.877,2169.1421,108189,-3.805,13.514
12:48:38.904,2169.1621,108190,-3.752,13.657
12:48:38.921,2169.1821,108191,-3.748,13.518
12:48:38.952,2169.2021,108192,-3.573,13.567
12:48:38.968,2169.2221,108193,-3.745,13.555
12:48:38.979,2169.2421,108194,-3.914,13.518
12:48:39.011,2169.2621,108195,-3.796,13.628
12:48:39.026,2169.2821,108196,-3.873,13.497
12:48:39.042,2169.3021,108197,-3.795,13.589
12:48:39.058,2169.3221,108198,-3.681,13.617
12:48:39.085,2169.3421,108199,-3.823,13.521
12:48:39.102,2169.3621,108200,-3.847,13.669
12:48:39.118,2169.3821,108201,-3.956,13.672
12:48:39.144,2169.4021,108202,-3.92,13.526
12:48:39.160,2169.4221,108203,-3.82,13.568
12:48:39.207,2169.4421,108204,-3.679,13.637
12:48:39.207,2169.4621,108205,-3.795,13.534
12:48:39.223,2169.4821,108206,-3.724,13.392
12:48:39.234,2169.5021,108207,-3.864,13.44
12:48:39.266,2169.5221,108208,-4.01,13.493
12:48:39.282,2169.5421,108209,-3.837,13.505
12:48:39.313,2169.5621,108210,-3.708,13.606
12:48:39.324,2169.5821,108211,-3.827,13.62
12:48:39.341,2169.6021,108212,-3.72,13.563
12:48:39.357,2169.6221,108213,-3.895,13.536
12:48:39.384,2169.6421,108214,-3.727,13.504
12:48:39.432,2169.6621,108215,-3.629,13.442
12:48:39.433,2169.6821,108216,-3.742,13.447
12:48:39.433,2169.7021,108217,-3.75,13.592
12:48:39.460,2169.7221,108218,-3.671,13.504
12:48:39.476,2169.7421,108219,-3.841,13.522
12:48:39.524,2169.7621,108220,-3.97,13.62
12:48:39.524,2169.7821,108221,-3.797,13.644
12:48:39.550,2169.8021,108222,-3.642,13.654
12:48:39.567,2169.8221,108223,-3.731,13.591
12:48:39.583,2169.8421,108224,-3.744,13.47
12:48:39.594,2169.8621,108225,-3.747,13.596
12:48:39.626,2169.8821,108226,-3.822,13.692
12:48:39.642,2169.9021,108227,-3.9,13.591
12:48:39.674,2169.9221,108228,-3.809,13.535
12:48:39.684,2169.9421,108229,-3.914,13.469
12:48:39.701,2169.9621,108230,-4.053,13.564
12:48:39.717,2169.9821,108231,-3.953,13.579
12:48:39.748,2170.0021,108232,-4.045,13.471
12:48:39.790,2170.0221,108233,-4.061,13.328
12:48:39.790,2170.0421,108234,-4.123,13.179
12:48:39.796,2170.0621,108235,-3.988,13.28
12:48:39.822,2170.0821,108236,-3.845,13.361
12:48:39.838,2170.1021,108237,-3.963,13.465
12:48:39.865,2170.1221,108238,-4.091,13.398
12:48:39.897,2170.1421,108239,-3.942,13.436
12:48:39.897,2170.1621,108240,-3.8,13.354
12:48:39.940,2170.1821,108241,-3.879,13.433
12:48:39.945,2170.2021,108242,-3.864,13.58
12:48:39.956,2170.2221,108243,-3.907,13.436
12:48:39.988,2170.2421,108244,-3.99,13.304
12:48:39.999,2170.2621,108245,-3.817,13.29
12:48:40.032,2170.2821,108246,-3.885,13.399
12:48:40.048,2170.3021,108247,-3.828,13.258
12:48:40.064,2170.3221,108248,-3.745,13.275
12:48:40.075,2170.3421,108249,-3.735,13.432
12:48:40.107,2170.3621,108250,-3.669,13.511
12:48:40.134,2170.3821,108251,-3.849,13.545
12:48:40.139,2170.4021,108252,-3.895,13.413
12:48:40.166,2170.4221,108253,-3.893,13.285
12:48:40.182,2170.4421,108254,-3.781,13.4
12:48:40.198,2170.4621,108255,-3.728,13.507
12:48:40.224,2170.4821,108256,-3.907,13.535
12:48:40.256,2170.5021,108257,-3.816,13.395
12:48:40.256,2170.5221,108258,-3.698,13.401
12:48:40.288,2170.5421,108259,-3.877,13.453
12:48:40.299,2170.5621,108260,-3.946,13.553
12:48:40.315,2170.5821,108261,-3.948,13.699
12:48:40.347,2170.6021,108262,-3.826,13.589
12:48:40.374,2170.6221,108263,-3.964,13.501
12:48:40.380,2170.6421,108264,-3.883,13.623
12:48:40.407,2170.6621,108265,-3.761,13.525
12:48:40.423,2170.6821,108266,-3.917,13.435
12:48:40.434,2170.7021,108267,-3.806,13.433
12:48:40.465,2170.7221,108268,-3.956,13.481
12:48:40.497,2170.7421,108269,-3.837,13.491
12:48:40.497,2170.7621,108270,-3.803,13.637
12:48:40.524,2170.7821,108271,-3.696,13.618
12:48:40.540,2170.8021,108272,-3.565,13.588
12:48:40.556,2170.8221,108273,-3.684,13.482
12:48:40.588,2170.8421,108274,-3.508,13.466
12:48:40.614,2170.8621,108275,-3.433,13.378
12:48:40.620,2170.8821,108276,-3.573,13.412
12:48:40.646,2170.9021,108277,-3.689,13.389
12:48:40.662,2170.9221,108278,-3.754,13.498
12:48:40.679,2170.9421,108279,-3.918,13.444
12:48:40.737,2170.9621,108280,-3.992,13.537
12:48:40.738,2170.9821,108281,-3.99,13.681
12:48:40.738,2171.0021,108282,-3.931,13.541
12:48:40.764,2171.0221,108283,-3.845,13.41
12:48:40.780,2171.0421,108284,-3.866,13.55
12:48:40.796,2171.0621,108285,-3.719,13.643
12:48:40.855,2171.0821,108286,-3.822,13.683
12:48:40.860,2171.1021,108287,-3.954,13.563
12:48:40.860,2171.1221,108288,-3.788,13.575
12:48:40.887,2171.1421,108289,-3.675,13.542
12:48:40.903,2171.1621,108290,-3.822,13.491
12:48:40.914,2171.1821,108291,-3.647,13.455
12:48:40.989,2171.2021,108292,-3.67,13.592
12:48:40.994,2171.2221,108293,-3.851,13.606
12:48:40.994,2171.2421,108294,-3.715,13.548
12:48:40.994,2171.2621,108295,-3.838,13.603
12:48:41.021,2171.2821,108296,-3.701,13.511
12:48:41.037,2171.3021,108297,-3.828,13.402
12:48:41.079,2171.3221,108298,-3.985,13.344
12:48:41.084,2171.3421,108299,-4.047,13.454
12:48:41.095,2171.3621,108300,-3.873,13.391
12:48:41.127,2171.3821,108301,-3.793,13.506
12:48:41.143,2171.4021,108302,-3.731,13.39
12:48:41.154,2171.4221,108303,-3.841,13.404
12:48:41.186,2171.4421,108304,-3.973,13.513
12:48:41.202,2171.4621,108305,-3.823,13.413
12:48:41.218,2171.4821,108306,-3.946,13.412
12:48:41.244,2171.5021,108307,-3.878,13.552
12:48:41.260,2171.5221,108308,-3.759,13.543
12:48:41.277,2171.5421,108309,-3.754,13.396
12:48:41.319,2171.5621,108310,-3.75,13.253
12:48:41.325,2171.5821,108311,-3.898,13.344
12:48:41.336,2171.6021,108312,-3.894,13.483
12:48:41.367,2171.6221,108313,-3.79,13.523
12:48:41.394,2171.6421,108314,-3.897,13.607
12:48:41.399,2171.6621,108315,-3.766,13.514
12:48:41.442,2171.6821,108316,-3.806,13.384
12:48:41.442,2171.7021,108317,-3.73,13.521
12:48:41.459,2171.7221,108318,-3.814,13.389
12:48:41.501,2171.7421,108319,-3.78,13.528
12:48:41.501,2171.7621,108320,-3.705,13.39
12:48:41.517,2171.7821,108321,-3.641,13.492
12:48:41.559,2171.8021,108322,-3.792,13.59
12:48:41.565,2171.8221,108323,-3.834,13.458
12:48:41.576,2171.8421,108324,-3.88,13.316
12:48:41.608,2171.8621,108325,-3.746,13.412
12:48:41.624,2171.8821,108326,-3.851,13.525
12:48:41.634,2171.9021,108327,-3.952,13.417
12:48:41.682,2171.9221,108328,-3.782,13.38
12:48:41.682,2171.9421,108329,-3.803,13.512
12:48:41.714,2171.9621,108330,-3.646,13.442
12:48:41.725,2171.9821,108331,-3.823,13.407
12:48:41.741,2172.0021,108332,-3.784,13.554
12:48:41.757,2172.0221,108333,-3.667,13.513
12:48:41.815,2172.0421,108334,-3.781,13.527
12:48:41.815,2172.0621,108335,-3.893,13.631
12:48:41.821,2172.0821,108336,-3.794,13.513
12:48:41.847,2172.1021,108337,-3.944,13.589
12:48:41.863,2172.1221,108338,-3.909,13.437
12:48:41.874,2172.1421,108339,-4.056,13.487
12:48:41.906,2172.1621,108340,-3.917,13.569
12:48:41.923,2172.1821,108341,-3.914,13.408
12:48:41.938,2172.2021,108342,-3.814,13.464
12:48:41.965,2172.2221,108343,-3.725,13.59
12:48:41.982,2172.2421,108344,-3.674,13.45
12:48:41.997,2172.2621,108345,-3.68,13.577
12:48:42.040,2172.2821,108346,-3.866,13.54
12:48:42.045,2172.3021,108347,-3.714,13.554
12:48:42.056,2172.3221,108348,-3.526,13.522
12:48:42.088,2172.3421,108349,-3.602,13.426
12:48:42.099,2172.3621,108350,-3.771,13.397
12:48:42.115,2172.3821,108351,-3.767,13.416
12:48:42.146,2172.4021,108352,-3.763,13.421
12:48:42.163,2172.4221,108353,-3.894,13.385
12:48:42.179,2172.4421,108354,-3.726,13.359
12:48:42.206,2172.4621,108355,-3.852,13.441
12:48:42.222,2172.4821,108356,-3.722,13.471
12:48:42.234,2172.5021,108357,-3.634,13.605
12:48:42.264,2172.5221,108358,-3.557,13.463
12:48:42.281,2172.5421,108359,-3.695,13.377
12:48:42.298,2172.5621,108360,-3.745,13.519
12:48:42.341,2172.5821,108361,-3.746,13.367
12:48:42.342,2172.6021,108362,-3.85,13.247
12:48:42.358,2172.6221,108363,-3.846,13.391
12:48:42.385,2172.6421,108364,-3.726,13.498
12:48:42.401,2172.6621,108365,-3.734,13.636
12:48:42.418,2172.6821,108366,-3.793,13.489
12:48:42.445,2172.7021,108367,-3.728,13.345
12:48:42.461,2172.7221,108368,-3.827,13.48
12:48:42.478,2172.7421,108369,-3.787,13.62
12:48:42.505,2172.7621,108370,-3.693,13.487
12:48:42.520,2172.7821,108371,-3.806,13.506
12:48:42.536,2172.8021,108372,-3.926,13.396
12:48:42.569,2172.8221,108373,-3.747,13.398
12:48:42.579,2172.8421,108374,-3.907,13.472
12:48:42.627,2172.8621,108375,-3.863,13.622
12:48:42.627,2172.8821,108376,-3.768,13.556
12:48:42.654,2172.9021,108377,-3.922,13.48
12:48:42.660,2172.9221,108378,-3.817,13.535
12:48:42.687,2172.9421,108379,-3.717,13.661
12:48:42.703,2172.9621,108380,-3.834,13.545
12:48:42.745,2172.9821,108381,-3.681,13.467
12:48:42.745,2173.0021,108382,-3.726,13.592
12:48:42.761,2173.0221,108383,-3.825,13.499
12:48:42.778,2173.0421,108384,-3.904,13.361
12:48:42.805,2173.0621,108385,-3.781,13.465
12:48:42.821,2173.0821,108386,-3.956,13.457
12:48:42.852,2173.1021,108387,-3.854,13.389
12:48:42.868,2173.1221,108388,-4.015,13.334
12:48:42.879,2173.1421,108389,-3.949,13.456
12:48:42.896,2173.1621,108390,-3.872,13.547
12:48:42.929,2173.1821,108391,-3.99,13.658
12:48:42.940,2173.2021,108392,-3.899,13.524
12:48:42.956,2173.2221,108393,-4.061,13.573
12:48:42.988,2173.2421,108394,-4.054,13.72
12:48:42.999,2173.2621,108395,-3.989,13.575
12:48:43.015,2173.2821,108396,-3.894,13.502
12:48:43.047,2173.3021,108397,-3.964,13.407
12:48:43.063,2173.3221,108398,-3.976,13.552
12:48:43.090,2173.3421,108399,-3.83,13.593
12:48:43.106,2173.3621,108400,-3.969,13.493
12:48:43.122,2173.3821,108401,-3.815,13.571
12:48:43.139,2173.4021,108402,-3.985,13.581
12:48:43.165,2173.4221,108403,-3.943,13.446
12:48:43.182,2173.4421,108404,-3.858,13.577
12:48:43.213,2173.4621,108405,-3.95,13.506
12:48:43.225,2173.4821,108406,-3.926,13.355
12:48:43.241,2173.5021,108407,-4.036,13.395
12:48:43.258,2173.5221,108408,-3.954,13.493
12:48:43.284,2173.5421,108409,-3.925,13.342
12:48:43.301,2173.5621,108410,-3.824,13.471
12:48:43.334,2173.5821,108411,-3.846,13.324
12:48:43.345,2173.6021,108412,-4.015,13.379
12:48:43.360,2173.6221,108413,-4.099,13.475
12:48:43.377,2173.6421,108414,-3.961,13.562
12:48:43.404,2173.6621,108415,-3.803,13.482
12:48:43.420,2173.6821,108416,-3.912,13.453
12:48:43.452,2173.7021,108417,-3.862,13.34
12:48:43.479,2173.7221,108418,-3.821,13.485
12:48:43.484,2173.7421,108419,-3.784,13.36
12:48:43.495,2173.7621,108420,-3.697,13.495
12:48:43.528,2173.7821,108421,-3.832,13.488
12:48:43.570,2173.8021,108422,-3.736,13.367
12:48:43.570,2173.8221,108423,-3.895,13.41
12:48:43.575,2173.8421,108424,-3.845,13.537
12:48:43.602,2173.8621,108425,-3.672,13.547
12:48:43.619,2173.8821,108426,-3.627,13.412
12:48:43.645,2173.9021,108427,-3.739,13.449
12:48:43.693,2173.9221,108428,-3.79,13.593
12:48:43.694,2173.9421,108429,-3.897,13.473
12:48:43.694,2173.9621,108430,-3.93,13.618
12:48:43.720,2173.9821,108431,-3.942,13.479
12:48:43.737,2174.0021,108432,-3.832,13.55
12:48:43.768,2174.0221,108433,-3.92,13.422
12:48:43.794,2174.0421,108434,-3.81,13.478
12:48:43.800,2174.0621,108435,-3.921,13.524
12:48:43.826,2174.0821,108436,-3.794,13.51
12:48:43.842,2174.1021,108437,-3.896,13.453
12:48:43.859,2174.1221,108438,-3.962,13.599
12:48:43.886,2174.1421,108439,-3.864,13.648
12:48:43.929,2174.1621,108440,-3.923,13.767
12:48:43.934,2174.1821,108441,-3.757,13.726
12:48:43.934,2174.2021,108442,-3.747,13.584
12:48:43.961,2174.2221,108443,-3.885,13.639
12:48:43.978,2174.2421,108444,-3.876,13.497
12:48:44.037,2174.2621,108445,-3.916,13.354
12:48:44.037,2174.2821,108446,-3.901,13.499
12:48:44.037,2174.3021,108447,-3.858,13.642
12:48:44.064,2174.3221,108448,-3.975,13.532
12:48:44.080,2174.3421,108449,-3.903,13.431
12:48:44.096,2174.3621,108450,-3.776,13.535
12:48:44.128,2174.3821,108451,-3.92,13.451
12:48:44.155,2174.4021,108452,-3.989,13.553
12:48:44.155,2174.4221,108453,-3.816,13.553
12:48:44.186,2174.4421,108454,-3.912,13.447
12:48:44.202,2174.4621,108455,-3.947,13.324
12:48:44.218,2174.4821,108456,-3.897,13.458
12:48:44.244,2174.5021,108457,-3.751,13.421
12:48:44.277,2174.5221,108458,-3.899,13.524
12:48:44.277,2174.5421,108459,-4.062,13.474
12:48:44.304,2174.5621,108460,-3.956,13.591
12:48:44.320,2174.5821,108461,-3.992,13.726
12:48:44.336,2174.6021,108462,-3.97,13.579
12:48:44.368,2174.6221,108463,-3.99,13.436
12:48:44.395,2174.6421,108464,-3.964,13.586
12:48:44.400,2174.6621,108465,-3.887,13.485
12:48:44.442,2174.6821,108466,-3.712,13.456
12:48:44.442,2174.7021,108467,-3.826,13.442
12:48:44.459,2174.7221,108468,-3.735,13.567
12:48:44.517,2174.7421,108469,-3.654,13.649
12:48:44.517,2174.7621,108470,-3.7,13.503
12:48:44.517,2174.7821,108471,-3.786,13.412
12:48:44.548,2174.8021,108472,-3.905,13.531
12:48:44.559,2174.8221,108473,-3.834,13.667
12:48:44.575,2174.8421,108474,-3.744,13.535
12:48:44.639,2174.8621,108475,-3.756,13.397
12:48:44.639,2174.8821,108476,-3.672,13.531
12:48:44.639,2174.9021,108477,-3.657,13.664
12:48:44.665,2174.9221,108478,-3.695,13.516
12:48:44.682,2174.9421,108479,-3.817,13.405
12:48:44.699,2174.9621,108480,-3.719,13.467
12:48:44.742,2174.9821,108481,-3.82,13.551
12:48:44.742,2175.0021,108482,-3.745,13.648
12:48:44.758,2175.0221,108483,-3.642,13.525
12:48:44.784,2175.0421,108484,-3.75,13.488
12:48:44.801,2175.0621,108485,-3.609,13.526
12:48:44.816,2175.0821,108486,-3.656,13.652
12:48:44.875,2175.1021,108487,-3.72,13.547
12:48:44.875,2175.1221,108488,-3.675,13.426
12:48:44.880,2175.1421,108489,-3.784,13.551
12:48:44.908,2175.1621,108490,-3.849,13.43
12:48:44.919,2175.1821,108491,-3.729,13.512
12:48:44.951,2175.2021,108492,-3.584,13.585
12:48:44.983,2175.2221,108493,-3.457,13.475
12:48:44.983,2175.2421,108494,-3.576,13.456
12:48:44.994,2175.2621,108495,-3.747,13.431
12:48:45.027,2175.2821,108496,-3.728,13.566
12:48:45.042,2175.3021,108497,-3.769,13.437
12:48:45.058,2175.3221,108498,-3.607,13.37
12:48:45.102,2175.3421,108499,-3.727,13.488
12:48:45.102,2175.3621,108500,-3.639,13.343
12:48:45.119,2175.3821,108501,-3.607,13.474
12:48:45.145,2175.4021,108502,-3.684,13.622
12:48:45.160,2175.4221,108503,-3.74,13.742
12:48:45.176,2175.4421,108504,-3.826,13.609
12:48:45.223,2175.4621,108505,-3.798,13.46
12:48:45.223,2175.4821,108506,-3.63,13.437
12:48:45.234,2175.5025,108507,-3.757,13.556
12:48:45.266,2175.5221,108508,-3.726,13.422
12:48:45.282,2175.5421,108509,-3.825,13.492
12:48:45.299,2175.5621,108510,-3.771,13.611
12:48:45.341,2175.5821,108511,-3.622,13.687
12:48:45.341,2175.6021,108512,-3.589,13.55
12:48:45.358,2175.6221,108513,-3.691,13.487
12:48:45.384,2175.6421,108514,-3.794,13.619
12:48:45.400,2175.6621,108515,-3.88,13.547
12:48:45.416,2175.6821,108516,-3.762,13.486
12:48:45.459,2175.7021,108517,-3.862,13.4
12:48:45.464,2175.7221,108518,-3.818,13.522
12:48:45.491,2175.7421,108519,-3.991,13.505
12:48:45.507,2175.7621,108520,-3.822,13.482
12:48:45.524,2175.7821,108521,-3.856,13.637
12:48:45.535,2175.8021,108522,-3.815,13.49
12:48:45.582,2175.8221,108523,-3.682,13.584
12:48:45.582,2175.8421,108524,-3.723,13.454
12:48:45.598,2175.8621,108525,-3.852,13.375
12:48:45.625,2175.8821,108526,-3.835,13.511
12:48:45.641,2175.9021,108527,-3.734,13.378
12:48:45.657,2175.9221,108528,-3.807,13.484
12:48:45.688,2175.9421,108529,-3.877,13.631
12:48:45.700,2175.9621,108530,-3.799,13.534
12:48:45.716,2175.9821,108531,-3.693,13.611
12:48:45.747,2176.0021,108532,-3.855,13.621
12:48:45.764,2176.0221,108533,-3.913,13.509
12:48:45.775,2176.0421,108534,-3.805,13.456
12:48:45.823,2176.0621,108535,-3.657,13.444
12:48:45.823,2176.0821,108536,-3.821,13.504
12:48:45.838,2176.1021,108537,-3.874,13.646
12:48:45.865,2176.1221,108538,-3.762,13.518
12:48:45.882,2176.1421,108539,-3.888,13.425
12:48:45.898,2176.1621,108540,-3.947,13.568
12:48:45.925,2176.1821,108541,-3.828,13.46
12:48:45.942,2176.2021,108542,-3.929,13.527
12:48:45.958,2176.2221,108543,-3.965,13.376
12:48:45.985,2176.2421,108544,-3.788,13.359
12:48:46.001,2176.2621,108545,-3.765,13.493
12:48:46.017,2176.2821,108546,-3.927,13.452
12:48:46.044,2176.3021,108547,-4.015,13.38
12:48:46.061,2176.3221,108548,-4.016,13.53
12:48:46.077,2176.3421,108549,-4.148,13.559
12:48:46.108,2176.3621,108550,-3.979,13.547
12:48:46.119,2176.3821,108551,-3.869,13.61
12:48:46.135,2176.4021,108552,-3.979,13.583
12:48:46.167,2176.4221,108553,-3.865,13.625
12:48:46.183,2176.4421,108554,-3.762,13.5
12:48:46.214,2176.4621,108555,-3.826,13.62
12:48:46.225,2176.4821,108556,-3.665,13.544
12:48:46.241,2176.5021,108557,-3.825,13.489
12:48:46.258,2176.5221,108558,-3.669,13.503
12:48:46.284,2176.5421,108559,-3.577,13.373
12:48:46.317,2176.5621,108560,-3.743,13.363
12:48:46.317,2176.5821,108561,-3.823,13.461
12:48:46.344,2176.6021,108562,-3.687,13.529
12:48:46.361,2176.6221,108563,-3.575,13.531
12:48:46.404,2176.6421,108564,-3.654,13.408
12:48:46.410,2176.6621,108565,-3.727,13.307
12:48:46.421,2176.6821,108566,-3.778,13.451
12:48:46.438,2176.7021,108567,-3.909,13.552
12:48:46.464,2176.7221,108568,-3.8,13.515
12:48:46.480,2176.7421,108569,-3.892,13.423
12:48:46.528,2176.7621,108570,-3.823,13.563
12:48:46.528,2176.7821,108571,-3.982,13.51
12:48:46.540,2176.8021,108572,-3.83,13.512
12:48:46.556,2176.8221,108573,-3.714,13.483
12:48:46.587,2176.8421,108574,-3.85,13.551
12:48:46.604,2176.8621,108575,-3.962,13.523
12:48:46.646,2176.8821,108576,-3.811,13.445
12:48:46.646,2176.9021,108577,-3.734,13.524
12:48:46.662,2176.9221,108578,-3.613,13.417
12:48:46.678,2176.9421,108579,-3.698,13.497
12:48:46.705,2176.9621,108580,-3.701,13.647
12:48:46.765,2176.9821,108581,-3.752,13.51
12:48:46.765,2177.0021,108582,-3.863,13.539
12:48:46.771,2177.0221,108583,-3.76,13.495
12:48:46.781,2177.0421,108584,-3.712,13.37
12:48:46.798,2177.0621,108585,-3.767,13.258
12:48:46.840,2177.0821,108586,-3.803,13.383
12:48:46.840,2177.1021,108587,-3.803,13.537
12:48:46.872,2177.1221,108588,-3.818,13.405
12:48:46.889,2177.1421,108589,-3.868,13.525
12:48:46.899,2177.1621,108590,-3.879,13.378
12:48:46.915,2177.1821,108591,-3.855,13.522
12:48:46.947,2177.2021,108592,-3.759,13.656
12:48:46.963,2177.2221,108593,-3.861,13.598
12:48:46.990,2177.2421,108594,-3.779,13.499
12:48:47.006,2177.2621,108595,-3.619,13.542
12:48:47.022,2177.2821,108596,-3.568,13.402
12:48:47.049,2177.3021,108597,-3.722,13.481
12:48:47.065,2177.3221,108598,-3.813,13.607
12:48:47.081,2177.3421,108599,-3.82,13.75
12:48:47.114,2177.3621,108600,-3.827,13.611
12:48:47.125,2177.3821,108601,-3.952,13.503
12:48:47.157,2177.4021,108602,-3.778,13.5
12:48:47.157,2177.4221,108603,-3.86,13.37
12:48:47.188,2177.4421,108604,-3.987,13.481
12:48:47.199,2177.4621,108605,-3.813,13.486
12:48:47.232,2177.4821,108606,-3.784,13.629
12:48:47.260,2177.5035,108607,-3.872,13.48
12:48:47.265,2177.5221,108608,-3.763,13.483
12:48:47.276,2177.5421,108609,-3.669,13.604
12:48:47.307,2177.5621,108610,-3.795,13.551
12:48:47.351,2177.5821,108611,-3.905,13.43
12:48:47.351,2177.6021,108612,-3.856,13.566
12:48:47.356,2177.6221,108613,-3.748,13.635
12:48:47.383,2177.6421,108614,-3.866,13.517
12:48:47.394,2177.6621,108615,-3.975,13.521
12:48:47.426,2177.6821,108616,-3.805,13.497
12:48:47.473,2177.7021,108617,-3.666,13.402
12:48:47.473,2177.7221,108618,-3.778,13.386
12:48:47.473,2177.7421,108619,-3.62,13.448
12:48:47.499,2177.7621,108620,-3.714,13.578
12:48:47.516,2177.7821,108621,-3.802,13.44
12:48:47.548,2177.8021,108622,-3.684,13.552
12:48:47.591,2177.8221,108623,-3.63,13.403
12:48:47.591,2177.8421,108624,-3.786,13.482
12:48:47.597,2177.8621,108625,-3.735,13.6
12:48:47.623,2177.8821,108626,-3.726,13.456
12:48:47.634,2177.9021,108627,-3.628,13.333
12:48:47.666,2177.9221,108628,-3.741,13.455
12:48:47.709,2177.9421,108629,-3.833,13.531
12:48:47.714,2177.9621,108630,-3.687,13.448
12:48:47.714,2177.9821,108631,-3.801,13.477
12:48:47.741,2178.0021,108632,-3.91,13.393
12:48:47.757,2178.0221,108633,-3.809,13.346
12:48:47.789,2178.0421,108634,-3.76,13.467
12:48:47.815,2178.0621,108635,-3.919,13.549
12:48:47.816,2178.0821,108636,-3.812,13.521
12:48:47.847,2178.1021,108637,-3.753,13.668
12:48:47.862,2178.1221,108638,-3.836,13.531
12:48:47.894,2178.1421,108639,-3.719,13.409
12:48:47.905,2178.1621,108640,-3.826,13.464
12:48:47.937,2178.1821,108641,-3.824,13.605
12:48:47.937,2178.2021,108642,-3.68,13.51
12:48:47.970,2178.2221,108643,-3.762,13.38
12:48:47.997,2178.2421,108644,-3.94,13.402
12:48:47.997,2178.2621,108645,-3.808,13.511
12:48:48.029,2178.2821,108646,-3.75,13.365
12:48:48.056,2178.3021,108647,-3.595,13.431
12:48:48.056,2178.3221,108648,-3.765,13.414
12:48:48.088,2178.3421,108649,-3.88,13.426
12:48:48.104,2178.3621,108650,-3.91,13.282
12:48:48.115,2178.3821,108651,-3.835,13.382
12:48:48.147,2178.4021,108652,-3.91,13.503
12:48:48.174,2178.4221,108653,-3.81,13.44
12:48:48.179,2178.4421,108654,-3.874,13.323
12:48:48.206,2178.4621,108655,-3.97,13.459
12:48:48.222,2178.4821,108656,-3.845,13.471
12:48:48.238,2178.5021,108657,-3.671,13.462
12:48:48.297,2178.5221,108658,-3.837,13.486
12:48:48.297,2178.5421,108659,-3.924,13.369
12:48:48.297,2178.5621,108660,-3.98,13.507
12:48:48.324,2178.5821,108661,-3.928,13.37
12:48:48.340,2178.6021,108662,-3.826,13.239
12:48:48.356,2178.6221,108663,-3.845,13.37
12:48:48.414,2178.6421,108664,-3.8,13.495
12:48:48.420,2178.6621,108665,-3.733,13.613
12:48:48.420,2178.6821,108666,-3.828,13.529
12:48:48.447,2178.7021,108667,-3.708,13.643
12:48:48.463,2178.7221,108668,-3.763,13.495
12:48:48.474,2178.7421,108669,-3.831,13.633
12:48:48.538,2178.7621,108670,-3.796,13.781
12:48:48.538,2178.7821,108671,-3.792,13.643
12:48:48.538,2178.8021,108672,-3.884,13.517
12:48:48.564,2178.8221,108673,-3.9,13.658
12:48:48.580,2178.8421,108674,-3.85,13.534
12:48:48.613,2178.8621,108675,-3.68,13.493
12:48:48.656,2178.8821,108676,-3.771,13.363
12:48:48.656,2178.9021,108677,-3.893,13.373
12:48:48.661,2178.9221,108678,-3.962,13.515
12:48:48.688,2178.9421,108679,-3.849,13.528
12:48:48.704,2178.9621,108680,-3.876,13.659
12:48:48.715,2178.9821,108681,-3.877,13.518
12:48:48.763,2179.0021,108682,-3.747,13.605
12:48:48.763,2179.0221,108683,-3.844,13.54
12:48:48.774,2179.0421,108684,-3.78,13.396
12:48:48.806,2179.0621,108685,-3.663,13.417
12:48:48.823,2179.0821,108686,-3.761,13.534
12:48:48.839,2179.1021,108687,-3.879,13.474
12:48:48.882,2179.1221,108688,-3.84,13.332
12:48:48.882,2179.1421,108689,-3.849,13.477
12:48:48.898,2179.1621,108690,-3.739,13.52
12:48:48.925,2179.1821,108691,-3.82,13.397
12:48:48.942,2179.2021,108692,-3.988,13.429
12:48:48.958,2179.2221,108693,-3.87,13.542
12:48:49.002,2179.2421,108694,-3.909,13.689
12:48:49.002,2179.2621,108695,-3.863,13.554
12:48:49.018,2179.2821,108696,-3.949,13.474
12:48:49.044,2179.3021,108697,-3.84,13.371
12:48:49.060,2179.3221,108698,-3.889,13.505
12:48:49.076,2179.3421,108699,-3.987,13.551
12:48:49.120,2179.3621,108700,-3.834,13.563
12:48:49.125,2179.3821,108701,-3.95,13.567
12:48:49.136,2179.4021,108702,-3.776,13.573
12:48:49.168,2179.4221,108703,-3.921,13.654
12:48:49.179,2179.4421,108704,-3.915,13.51
12:48:49.195,2179.4621,108705,-4.038,13.628
12:48:49.242,2179.4821,108706,-3.902,13.603
12:48:49.243,2179.5045,108707,-4.054,13.495
12:48:49.259,2179.5221,108708,-3.913,13.493
12:48:49.286,2179.5421,108709,-3.802,13.472
12:48:49.302,2179.5621,108710,-3.967,13.472
12:48:49.318,2179.5821,108711,-3.811,13.525
12:48:49.360,2179.6021,108712,-3.917,13.498
12:48:49.360,2179.6221,108713,-4.073,13.536
12:48:49.376,2179.6421,108714,-3.914,13.535
12:48:49.408,2179.6621,108715,-4.06,13.501
12:48:49.420,2179.6821,108716,-4.042,13.362
12:48:49.436,2179.7021,108717,-3.919,13.393
12:48:49.479,2179.7221,108718,-4.061,13.481
12:48:49.485,2179.7421,108719,-3.947,13.55
12:48:49.495,2179.7621,108720,-3.782,13.601
12:48:49.528,2179.7821,108721,-3.948,13.586
12:48:49.555,2179.8021,108722,-3.935,13.435
12:48:49.555,2179.8221,108723,-3.892,13.579
12:48:49.603,2179.8421,108724,-3.988,13.457
12:48:49.604,2179.8621,108725,-3.882,13.401
12:48:49.614,2179.8821,108726,-3.916,13.534
12:48:49.645,2179.9021,108727,-3.804,13.407
12:48:49.662,2179.9221,108728,-3.672,13.304
12:48:49.678,2179.9421,108729,-3.739,13.417
12:48:49.704,2179.9621,108730,-3.773,13.567
12:48:49.721,2179.9821,108731,-3.847,13.432
12:48:49.737,2180.0021,108732,-3.982,13.53
12:48:49.769,2180.0221,108733,-3.858,13.641
12:48:49.780,2180.0421,108734,-3.789,13.532
12:48:49.796,2180.0621,108735,-3.878,13.625
12:48:49.827,2180.0821,108736,-3.725,13.566
12:48:49.843,2180.1021,108737,-3.617,13.684
12:48:49.859,2180.1221,108738,-3.772,13.612
12:48:49.886,2180.1421,108739,-3.805,13.467
12:48:49.902,2180.1621,108740,-3.916,13.502
12:48:49.918,2180.1821,108741,-3.867,13.354
12:48:49.945,2180.2021,108742,-3.967,13.285
12:48:49.961,2180.2221,108743,-3.89,13.373
12:48:49.977,2180.2421,108744,-3.828,13.493
12:48:50.009,2180.2621,108745,-3.655,13.53
12:48:50.019,2180.2821,108746,-3.777,13.646
12:48:50.035,2180.3021,108747,-3.906,13.535
12:48:50.067,2180.3221,108748,-3.841,13.678
12:48:50.083,2180.3421,108749,-3.75,13.538
12:48:50.099,2180.3621,108750,-3.829,13.682
12:48:50.126,2180.3821,108751,-3.91,13.591
12:48:50.142,2180.4021,108752,-3.749,13.59
12:48:50.185,2180.4221,108753,-3.803,13.71
12:48:50.185,2180.4421,108754,-3.731,13.576
12:48:50.201,2180.4621,108755,-3.746,13.431
12:48:50.218,2180.4821,108756,-3.905,13.502
12:48:50.245,2180.5021,108757,-3.733,13.505
12:48:50.261,2180.5221,108758,-3.81,13.395
12:48:50.304,2180.5421,108759,-3.815,13.546
12:48:50.309,2180.5621,108760,-3.719,13.619
12:48:50.320,2180.5821,108761,-3.887,13.58
12:48:50.336,2180.6021,108762,-3.767,13.572
12:48:50.380,2180.6221,108763,-3.906,13.682
12:48:50.380,2180.6421,108764,-3.985,13.544
12:48:50.429,2180.6621,108765,-3.949,13.417
12:48:50.429,2180.6821,108766,-4.011,13.537
12:48:50.439,2180.7021,108767,-3.992,13.401
12:48:50.455,2180.7221,108768,-4.062,13.532
12:48:50.488,2180.7421,108769,-3.891,13.486
12:48:50.504,2180.7621,108770,-3.794,13.544
12:48:50.546,2180.7821,108771,-3.904,13.635
12:48:50.546,2180.8021,108772,-3.739,13.583
12:48:50.562,2180.8221,108773,-3.854,13.508
12:48:50.594,2180.8421,108774,-3.87,13.362
12:48:50.604,2180.8621,108775,-3.963,13.454
12:48:50.621,2180.8821,108776,-3.856,13.578
12:48:50.652,2180.9021,108777,-3.685,13.541
12:48:50.668,2180.9221,108778,-3.719,13.67
12:48:50.695,2180.9421,108779,-3.692,13.815
12:48:50.701,2180.9621,108780,-3.774,13.682
12:48:50.728,2180.9821,108781,-3.735,13.539
12:48:50.739,2181.0021,108782,-3.576,13.468
12:48:50.772,2181.0221,108783,-3.751,13.472
12:48:50.788,2181.0421,108784,-3.758,13.325
12:48:50.799,2181.0621,108785,-3.744,13.469
12:48:50.815,2181.0821,108786,-3.656,13.334
12:48:50.847,2181.1021,108787,-3.662,13.483
12:48:50.863,2181.1221,108788,-3.764,13.573
12:48:50.890,2181.1421,108789,-3.863,13.654
12:48:50.906,2181.1621,108790,-3.748,13.715
12:48:50.939,2181.1821,108791,-3.625,13.623
12:48:50.939,2181.2021,108792,-3.649,13.478
12:48:50.965,2181.2221,108793,-3.753,13.524
12:48:50.982,2181.2421,108794,-3.681,13.631
12:48:51.013,2181.2621,108795,-3.727,13.504
12:48:51.024,2181.2821,108796,-3.654,13.381
12:48:51.040,2181.3021,108797,-3.829,13.389
12:48:51.056,2181.3221,108798,-3.882,13.541
12:48:51.088,2181.3421,108799,-3.793,13.612
12:48:51.115,2181.3621,108800,-3.822,13.463
12:48:51.120,2181.3821,108801,-3.977,13.417
12:48:51.147,2181.4021,108802,-3.97,13.569
12:48:51.164,2181.4221,108803,-3.9,13.462
12:48:51.175,2181.4421,108804,-3.815,13.325
12:48:51.207,2181.4621,108805,-3.857,13.473
12:48:51.239,2181.4821,108806,-3.742,13.594
12:48:51.239,2181.5055,108807,-3.824,13.469
12:48:51.266,2181.5221,108808,-3.919,13.484
12:48:51.283,2181.5421,108809,-4.082,13.432
12:48:51.299,2181.5621,108810,-3.975,13.383
12:48:51.326,2181.5821,108811,-3.882,13.495
12:48:51.373,2181.6021,108812,-3.744,13.513
12:48:51.373,2181.6221,108813,-3.893,13.52
12:48:51.373,2181.6421,108814,-3.802,13.588
12:48:51.401,2181.6621,108815,-3.968,13.63
12:48:51.417,2181.6821,108816,-3.802,13.572
12:48:51.449,2181.7021,108817,-3.802,13.423
12:48:51.492,2181.7221,108818,-3.764,13.55
12:48:51.492,2181.7421,108819,-3.917,13.473
12:48:51.492,2181.7621,108820,-3.746,13.488
12:48:51.519,2181.7821,108821,-3.861,13.52
12:48:51.535,2181.8021,108822,-3.818,13.38
12:48:51.598,2181.8221,108823,-3.849,13.514
12:48:51.598,2181.8421,108824,-3.887,13.367
12:48:51.598,2181.8621,108825,-3.899,13.515
12:48:51.625,2181.8821,108826,-3.79,13.49
12:48:51.641,2181.9021,108827,-3.895,13.611
12:48:51.657,2181.9221,108828,-3.87,13.466
12:48:51.684,2181.9421,108829,-4.029,13.406
12:48:51.716,2181.9621,108830,-3.93,13.529
12:48:51.716,2181.9821,108831,-3.876,13.39
12:48:51.748,2182.0021,108832,-3.741,13.488
12:48:51.759,2182.0221,108833,-3.912,13.49
12:48:51.775,2182.0421,108834,-3.999,13.407
12:48:51.807,2182.0621,108835,-3.934,13.527
12:48:51.834,2182.0821,108836,-3.798,13.501
12:48:51.839,2182.1021,108837,-3.902,13.515
12:48:51.867,2182.1221,108838,-3.754,13.434
12:48:51.883,2182.1421,108839,-3.864,13.314
12:48:51.894,2182.1621,108840,-3.763,13.443
12:48:51.926,2182.1821,108841,-3.652,13.443
12:48:51.958,2182.2021,108842,-3.785,13.553
12:48:51.958,2182.2221,108843,-3.849,13.445
12:48:51.985,2182.2421,108844,-3.955,13.5
12:48:52.001,2182.2621,108845,-3.871,13.408
12:48:52.017,2182.2821,108846,-3.858,13.544
12:48:52.075,2182.3021,108847,-4.005,13.582
12:48:52.075,2182.3221,108848,-3.842,13.613
12:48:52.081,2182.3421,108849,-3.669,13.612
12:48:52.107,2182.3621,108850,-3.826,13.583
12:48:52.123,2182.3821,108851,-3.88,13.433
12:48:52.134,2182.4021,108852,-3.763,13.413
12:48:52.198,2182.4221,108853,-3.918,13.499
12:48:52.198,2182.4421,108854,-3.77,13.581
12:48:52.198,2182.4621,108855,-3.788,13.448
12:48:52.225,2182.4821,108856,-3.929,13.366
12:48:52.241,2182.5021,108857,-3.844,13.454
12:48:52.257,2182.5221,108858,-3.879,13.593
12:48:52.317,2182.5421,108859,-3.77,13.471
12:48:52.317,2182.5621,108860,-3.911,13.573
12:48:52.317,2182.5821,108861,-3.887,13.433
12:48:52.348,2182.6021,108862,-3.948,13.539
12:48:52.375,2182.6221,108863,-3.88,13.67
12:48:52.375,2182.6421,108864,-3.862,13.519
12:48:52.434,2182.6621,108865,-3.885,13.367
12:48:52.440,2182.6821,108866,-3.884,13.512
12:48:52.440,2182.7021,108867,-3.857,13.355
12:48:52.483,2182.7221,108868,-3.894,13.487
12:48:52.483,2182.7421,108869,-3.991,13.368
12:48:52.499,2182.7621,108870,-3.857,13.474
12:48:52.542,2182.7821,108871,-3.695,13.521
12:48:52.542,2182.8021,108872,-3.581,13.511
12:48:52.558,2182.8221,108873,-3.694,13.474
12:48:52.589,2182.8421,108874,-3.77,13.352
12:48:52.599,2182.8621,108875,-3.736,13.5
12:48:52.616,2182.8821,108876,-3.654,13.601
12:48:52.663,2182.9021,108877,-3.813,13.674
12:48:52.663,2182.9221,108878,-3.857,13.549
12:48:52.674,2182.9421,108879,-3.694,13.585
12:48:52.706,2182.9621,108880,-3.79,13.464
12:48:52.722,2182.9821,108881,-3.944,13.519
12:48:52.738,2183.0021,108882,-3.836,13.396
12:48:52.781,2183.0221,108883,-3.773,13.504
12:48:52.781,2183.0421,108884,-3.794,13.655
12:48:52.797,2183.0621,108885,-3.954,13.715
12:48:52.824,2183.0821,108886,-3.986,13.583
12:48:52.840,2183.1021,108887,-3.853,13.665
12:48:52.856,2183.1221,108888,-3.745,13.542
12:48:52.904,2183.1421,108889,-3.726,13.394
12:48:52.904,2183.1621,108890,-3.731,13.535
12:48:52.915,2183.1821,108891,-3.775,13.404
12:48:52.946,2183.2021,108892,-3.747,13.549
12:48:52.963,2183.2221,108893,-3.615,13.469
12:48:52.979,2183.2421,108894,-3.663,13.347
12:48:53.006,2183.2621,108895,-3.767,13.475
12:48:53.022,2183.2821,108896,-3.665,13.532
12:48:53.038,2183.3021,108897,-3.765,13.49
12:48:53.065,2183.3221,108898,-3.737,13.633
12:48:53.082,2183.3421,108899,-3.812,13.5
12:48:53.125,2183.3621,108900,-3.929,13.388
12:48:53.130,2183.3821,108901,-3.852,13.484
12:48:53.141,2183.4021,108902,-3.755,13.414
12:48:53.157,2183.4221,108903,-3.755,13.557
12:48:53.184,2183.4421,108904,-3.677,13.411
12:48:53.200,2183.4621,108905,-3.828,13.492
12:48:53.217,2183.4821,108906,-3.752,13.4
12:48:53.259,2183.5065,108907,-3.939,13.488
12:48:53.265,2183.5221,108908,-4.022,13.506
12:48:53.276,2183.5421,108909,-3.909,13.475
12:48:53.308,2183.5621,108910,-4.048,13.574
12:48:53.324,2183.5821,108911,-3.884,13.597
12:48:53.335,2183.6021,108912,-3.94,13.454
12:48:53.383,2183.6221,108913,-4.077,13.386
12:48:53.383,2183.6421,108914,-4.005,13.523
12:48:53.394,2183.6621,108915,-3.896,13.532
12:48:53.426,2183.6821,108916,-3.776,13.52
12:48:53.443,2183.7021,108917,-3.814,13.391
12:48:53.459,2183.7221,108918,-3.913,13.479
12:48:53.486,2183.7421,108919,-3.837,13.616
12:48:53.502,2183.7621,108920,-3.793,13.475
12:48:53.518,2183.7821,108921,-3.631,13.526
12:48:53.545,2183.8021,108922,-3.78,13.602
12:48:53.562,2183.8221,108923,-3.954,13.585
12:48:53.577,2183.8421,108924,-3.83,13.623
12:48:53.604,2183.8621,108925,-3.888,13.507
12:48:53.620,2183.8821,108926,-3.922,13.362
12:48:53.636,2183.9021,108927,-3.972,13.49
12:48:53.669,2183.9221,108928,-3.865,13.428
12:48:53.680,2183.9421,108929,-3.775,13.554
12:48:53.696,2183.9621,108930,-3.919,13.463
12:48:53.728,2183.9821,108931,-4.022,13.342
12:48:53.743,2184.0021,108932,-3.912,13.465
12:48:53.754,2184.0221,108933,-4.067,13.499
12:48:53.787,2184.0421,108934,-3.957,13.386
12:48:53.803,2184.0621,108935,-3.801,13.442
12:48:53.814,2184.0821,108936,-3.69,13.454
12:48:53.846,2184.1021,108937,-3.836,13.536
12:48:53.862,2184.1221,108938,-3.79,13.404
12:48:53.878,2184.1421,108939,-3.744,13.545
12:48:53.905,2184.1621,108940,-3.855,13.557
12:48:53.921,2184.1821,108941,-3.92,13.665
12:48:53.968,2184.2021,108942,-3.817,13.612
12:48:53.968,2184.2221,108943,-3.921,13.567
12:48:53.980,2184.2421,108944,-3.924,13.42
12:48:53.996,2184.2621,108945,-3.829,13.496
12:48:54.028,2184.2821,108946,-3.885,13.641
12:48:54.039,2184.3021,108947,-3.74,13.551
12:48:54.087,2184.3221,108948,-3.838,13.618
12:48:54.087,2184.3421,108949,-3.816,13.469
12:48:54.103,2184.3621,108950,-3.708,13.404
12:48:54.114,2184.3821,108951,-3.809,13.511
12:48:54.147,2184.4021,108952,-3.883,13.408
12:48:54.163,2184.4221,108953,-3.8,13.489
12:48:54.207,2184.4421,108954,-3.861,13.368
12:48:54.207,2184.4621,108955,-3.832,13.521
12:48:54.223,2184.4821,108956,-3.898,13.627
12:48:54.239,2184.5021,108957,-3.804,13.53
12:48:54.281,2184.5221,108958,-3.874,13.419
12:48:54.281,2184.5421,108959,-3.748,13.492
12:48:54.328,2184.5621,108960,-3.897,13.532
12:48:54.328,2184.5821,108961,-4.047,13.459
12:48:54.339,2184.6021,108962,-3.876,13.444
12:48:54.355,2184.6221,108963,-3.948,13.35
12:48:54.388,2184.6421,108964,-3.883,13.494
12:48:54.404,2184.6621,108965,-3.71,13.507
12:48:54.431,2184.6821,108966,-3.844,13.601
12:48:54.431,2184.7021,108967,-3.726,13.529
12:48:54.464,2184.7221,108968,-3.63,13.577
12:48:54.475,2184.7421,108969,-3.728,13.527
12:48:54.507,2184.7621,108970,-3.603,13.637
12:48:54.522,2184.7821,108971,-3.752,13.574
12:48:54.549,2184.8021,108972,-3.921,13.535
12:48:54.555,2184.8221,108973,-3.753,13.587
12:48:54.581,2184.8421,108974,-3.743,13.444
12:48:54.597,2184.8621,108975,-3.681,13.584
12:48:54.624,2184.8821,108976,-3.524,13.563
12:48:54.640,2184.9021,108977,-3.477,13.428
12:48:54.688,2184.9221,108978,-3.649,13.387
12:48:54.688,2184.9421,108979,-3.758,13.416
12:48:54.704,2184.9621,108980,-3.605,13.496
12:48:54.715,2184.9821,108981,-3.53,13.389
12:48:54.746,2185.0021,108982,-3.573,13.523
12:48:54.763,2185.0221,108983,-3.443,13.513
12:48:54.789,2185.0421,108984,-3.611,13.561
12:48:54.795,2185.0621,108985,-3.708,13.687
12:48:54.821,2185.0821,108986,-3.793,13.549
12:48:54.837,2185.1021,108987,-3.719,13.412
12:48:54.869,2185.1221,108988,-3.643,13.509
12:48:54.879,2185.1421,108989,-3.751,13.423
12:48:54.912,2185.1621,108990,-3.784,13.572
12:48:54.912,2185.1821,108991,-3.724,13.43
12:48:54.944,2185.2021,108992,-3.843,13.525
12:48:54.954,2185.2221,108993,-3.831,13.381
12:48:54.987,2185.2421,108994,-3.72,13.291
12:48:55.034,2185.2621,108995,-3.597,13.395
12:48:55.034,2185.2821,108996,-3.714,13.388
12:48:55.034,2185.3021,108997,-3.747,13.535
12:48:55.061,2185.3221,108998,-3.757,13.394
12:48:55.093,2185.3421,108999,-3.71,13.266
12:48:55.093,2185.3621,109000,-3.751,13.405
12:48:55.153,2185.3821,109001,-3.743,13.552
12:48:55.153,2185.4021,109002,-3.668,13.406
12:48:55.153,2185.4221,109003,-3.722,13.55
12:48:55.196,2185.4421,109004,-3.647,13.676
12:48:55.196,2185.4621,109005,-3.755,13.6
12:48:55.229,2185.4821,109006,-3.875,13.483
12:48:55.271,2185.5021,109007,-3.76,13.36
12:48:55.271,2185.5221,109008,-3.806,13.482
12:48:55.276,2185.5421,109009,-3.704,13.452
12:48:55.303,2185.5621,109010,-3.728,13.592
12:48:55.319,2185.5821,109011,-3.659,13.448
12:48:55.346,2185.6021,109012,-3.511,13.533
12:48:55.379,2185.6221,109013,-3.619,13.566
12:48:55.379,2185.6421,109014,-3.712,13.463
12:48:55.405,2185.6621,109015,-3.639,13.596
12:48:55.421,2185.6821,109016,-3.535,13.551
12:48:55.438,2185.7021,109017,-3.647,13.554
12:48:55.469,2185.7221,109018,-3.825,13.578
12:48:55.496,2185.7421,109019,-3.845,13.424
12:48:55.496,2185.7621,109020,-3.745,13.552
12:48:55.528,2185.7821,109021,-3.687,13.408
12:48:55.539,2185.8021,109022,-3.627,13.525
12:48:55.560,2185.8221,109023,-3.777,13.435
12:48:55.587,2185.8421,109024,-3.669,13.48
12:48:55.614,2185.8621,109025,-3.84,13.523
12:48:55.620,2185.8821,109026,-3.71,13.555
12:48:55.646,2185.9021,109027,-3.718,13.696
12:48:55.663,2185.9221,109028,-3.569,13.642
12:48:55.680,2185.9421,109029,-3.519,13.499
12:48:55.739,2185.9621,109030,-3.621,13.602
12:48:55.739,2185.9821,109031,-3.745,13.552
12:48:55.739,2186.0021,109032,-3.62,13.511
12:48:55.765,2186.0221,109033,-3.726,13.628
12:48:55.782,2186.0421,109034,-3.876,13.561
12:48:55.798,2186.0621,109035,-3.863,13.419
12:48:55.825,2186.0821,109036,-3.776,13.337
12:48:55.857,2186.1021,109037,-3.709,13.457
12:48:55.857,2186.1221,109038,-3.782,13.57
12:48:55.888,2186.1421,109039,-3.732,13.42
12:48:55.899,2186.1621,109040,-3.815,13.52
12:48:55.931,2186.1821,109041,-3.944,13.616
12:48:55.931,2186.2021,109042,-3.829,13.685
12:48:55.974,2186.2221,109043,-3.873,13.533
12:48:55.980,2186.2421,109044,-3.929,13.401
12:48:56.007,2186.2621,109045,-4.028,13.529
12:48:56.039,2186.2821,109046,-3.87,13.599
12:48:56.039,2186.3021,109047,-3.7,13.608
12:48:56.097,2186.3221,109048,-3.779,13.485
12:48:56.097,2186.3421,109049,-3.926,13.555
12:48:56.097,2186.3621,109050,-3.832,13.481
12:48:56.125,2186.3821,109051,-3.925,13.56
12:48:56.140,2186.4021,109052,-3.853,13.409
12:48:56.157,2186.4221,109053,-4.029,13.423
12:48:56.215,2186.4421,109054,-3.917,13.432
12:48:56.215,2186.4621,109055,-4.032,13.402
12:48:56.221,2186.4821,109056,-3.895,13.499
12:48:56.247,2186.5021,109057,-3.807,13.415
12:48:56.264,2186.5221,109058,-3.896,13.503
12:48:56.274,2186.5421,109059,-3.748,13.584
12:48:56.322,2186.5621,109060,-3.903,13.589
12:48:56.322,2186.5821,109061,-3.861,13.46
12:48:56.338,2186.6021,109062,-3.809,13.608
12:48:56.365,2186.6221,109063,-3.858,13.46
12:48:56.381,2186.6421,109064,-3.9,13.584
12:48:56.397,2186.6621,109065,-3.898,13.447
12:48:56.440,2186.6821,109066,-3.851,13.571
12:48:56.440,2186.7021,109067,-3.803,13.436
12:48:56.456,2186.7221,109068,-3.7,13.475
12:48:56.488,2186.7421,109069,-3.87,13.48
12:48:56.504,2186.7621,109070,-3.695,13.453
12:48:56.515,2186.7821,109071,-3.808,13.567
12:48:56.564,2186.8021,109072,-3.646,13.587
12:48:56.564,2186.8221,109073,-3.773,13.481
12:48:56.574,2186.8421,109074,-3.801,13.618
12:48:56.606,2186.8621,109075,-3.683,13.718
12:48:56.622,2186.8821,109076,-3.693,13.583
12:48:56.638,2186.9021,109077,-3.597,13.5
12:48:56.665,2186.9221,109078,-3.698,13.452
12:48:56.681,2186.9421,109079,-3.874,13.481
12:48:56.697,2186.9621,109080,-3.821,13.596
12:48:56.724,2186.9821,109081,-3.805,13.458
12:48:56.740,2187.0021,109082,-3.97,13.515
12:48:56.756,2187.0221,109083,-3.836,13.618
12:48:56.803,2187.0421,109084,-3.97,13.551
12:48:56.804,2187.0621,109085,-4.048,13.459
12:48:56.815,2187.0821,109086,-3.888,13.511
12:48:56.847,2187.1021,109087,-4.045,13.467
12:48:56.862,2187.1221,109088,-3.956,13.54
12:48:56.921,2187.1421,109089,-3.927,13.403
12:48:56.921,2187.1621,109090,-3.8,13.51
12:48:56.927,2187.1821,109091,-3.888,13.594
12:48:56.937,2187.2021,109092,-3.983,13.466
12:48:56.964,2187.2221,109093,-3.869,13.587
12:48:56.996,2187.2421,109094,-3.869,13.446
12:48:56.996,2187.2621,109095,-3.79,13.523
12:48:57.044,2187.2821,109096,-3.772,13.675
12:48:57.044,2187.3021,109097,-3.81,13.547
12:48:57.055,2187.3221,109098,-3.886,13.411
12:48:57.087,2187.3421,109099,-3.976,13.514
12:48:57.104,2187.3621,109100,-3.796,13.494
12:48:57.114,2187.3821,109101,-3.751,13.64
12:48:57.162,2187.4021,109102,-3.885,13.54
12:48:57.162,2187.4221,109103,-3.715,13.559
12:48:57.178,2187.4421,109104,-3.874,13.561
12:48:57.204,2187.4621,109105,-3.772,13.521
12:48:57.220,2187.4821,109106,-3.876,13.469
12:48:57.237,2187.5021,109107,-3.773,13.596
12:48:57.268,2187.5221,109108,-3.835,13.452
12:48:57.279,2187.5421,109109,-3.724,13.572
12:48:57.311,2187.5621,109110,-3.897,13.559
12:48:57.311,2187.5821,109111,-3.85,13.687
12:48:57.343,2187.6021,109112,-3.881,13.559
12:48:57.354,2187.6221,109113,-3.806,13.461
12:48:57.386,2187.6421,109114,-3.635,13.495
12:48:57.429,2187.6621,109115,-3.784,13.502
12:48:57.435,2187.6821,109116,-3.867,13.593
12:48:57.435,2187.7021,109117,-3.771,13.652
12:48:57.461,2187.7221,109118,-3.818,13.508
12:48:57.477,2187.7421,109119,-3.734,13.372
12:48:57.504,2187.7621,109120,-3.581,13.457
12:48:57.520,2187.7821,109121,-3.531,13.342
12:48:57.536,2187.8021,109122,-3.67,13.41
12:48:57.568,2187.8221,109123,-3.793,13.447
12:48:57.579,2187.8421,109124,-3.945,13.534
12:48:57.596,2187.8621,109125,-3.774,13.491
12:48:57.628,2187.8821,109126,-3.887,13.533
12:48:57.639,2187.9021,109127,-3.788,13.448
12:48:57.655,2187.9221,109128,-3.763,13.581
12:48:57.686,2187.9421,109129,-3.93,13.571
12:48:57.703,2187.9621,109130,-4.05,13.569
12:48:57.745,2187.9821,109131,-3.88,13.538
12:48:57.745,2188.0021,109132,-3.802,13.624
12:48:57.762,2188.0221,109133,-3.659,13.68
12:48:57.778,2188.0421,109134,-3.754,13.558
12:48:57.804,2188.0622,109135,-3.635,13.588
12:48:57.868,2188.0821,109136,-3.76,13.641
12:48:57.868,2188.1021,109137,-3.724,13.492
12:48:57.868,2188.1221,109138,-3.675,13.629
12:48:57.884,2188.1421,109139,-3.777,13.507
12:48:57.896,2188.1621,109140,-3.845,13.377
12:48:57.927,2188.1822,109141,-3.699,13.454
12:48:57.944,2188.2021,109142,-3.861,13.518
12:48:57.986,2188.2221,109143,-4.028,13.555
12:48:57.986,2188.2421,109144,-3.873,13.614
12:48:58.003,2188.2621,109145,-3.877,13.474
12:48:58.014,2188.2821,109146,-3.81,13.613
12:48:58.046,2188.3022,109147,-3.725,13.507
12:48:58.062,2188.3221,109148,-3.798,13.38
12:48:58.104,2188.3421,109149,-3.962,13.34
12:48:58.110,2188.3621,109150,-3.855,13.419
12:48:58.137,2188.3821,109151,-3.96,13.551
12:48:58.137,2188.4021,109152,-3.862,13.477
12:48:58.169,2188.4222,109153,-4.027,13.449
12:48:58.179,2188.4421,109154,-3.887,13.5
12:48:58.211,2188.4621,109155,-3.76,13.604
12:48:58.211,2188.4822,109156,-3.794,13.469
12:48:58.243,2188.5021,109157,-3.881,13.39
12:48:58.259,2188.5221,109158,-3.844,13.521
12:48:58.286,2188.5422,109159,-3.996,13.451
12:48:58.302,2188.5621,109160,-3.876,13.41
12:48:58.346,2188.5821,109161,-3.762,13.529
12:48:58.346,2188.6022,109162,-3.863,13.607
12:48:58.363,2188.6221,109163,-3.922,13.462
12:48:58.378,2188.6421,109164,-3.759,13.413
12:48:58.405,2188.6622,109165,-3.733,13.265
12:48:58.421,2188.6821,109166,-3.748,13.395
12:48:58.454,2188.7021,109167,-3.633,13.508
12:48:58.454,2188.7222,109168,-3.751,13.52
12:48:58.481,2188.7421,109169,-3.868,13.532
12:48:58.498,2188.7621,109170,-3.808,13.673
12:48:58.524,2188.7821,109171,-3.814,13.531
12:48:58.572,2188.8021,109172,-3.716,13.597
12:48:58.573,2188.8221,109173,-3.719,13.733
12:48:58.573,2188.8421,109174,-3.625,13.666
12:48:58.604,2188.8621,109175,-3.735,13.638
12:48:58.615,2188.8821,109176,-3.797,13.498
12:48:58.663,2188.9021,109177,-3.914,13.476
12:48:58.663,2188.9221,109178,-3.822,13.54
12:48:58.690,2188.9421,109179,-3.779,13.395
12:48:58.695,2188.9622,109180,-3.843,13.54
12:48:58.722,2188.9821,109181,-3.728,13.52
12:48:58.738,2189.0021,109182,-3.659,13.625
12:48:58.765,2189.0221,109183,-3.776,13.6
12:48:58.812,2189.0421,109184,-3.718,13.453
12:48:58.812,2189.0621,109185,-3.772,13.571
12:48:58.812,2189.0822,109186,-3.822,13.691
12:48:58.839,2189.1021,109187,-3.682,13.599
12:48:58.855,2189.1221,109188,-3.565,13.611
12:48:58.887,2189.1421,109189,-3.63,13.486
12:48:58.929,2189.1621,109190,-3.754,13.568
12:48:58.935,2189.1821,109191,-3.671,13.658
12:48:58.935,2189.2022,109192,-3.8,13.602
12:48:58.962,2189.2221,109193,-3.716,13.464
12:48:58.979,2189.2421,109194,-3.751,13.328
12:48:59.006,2189.2621,109195,-3.799,13.475
12:48:59.049,2189.2821,109196,-3.701,13.586
12:48:59.054,2189.3021,109197,-3.518,13.583
12:48:59.054,2189.3222,109198,-3.615,13.454
12:48:59.081,2189.3421,109199,-3.504,13.511
12:48:59.097,2189.3621,109200,-3.503,13.659
12:48:59.129,2189.3821,109201,-3.659,13.596
12:48:59.156,2189.4021,109202,-3.779,13.494
12:48:59.156,2189.4221,109203,-3.821,13.639
12:48:59.187,2189.4421,109204,-3.937,13.517
12:48:59.204,2189.4621,109205,-3.836,13.646
12:48:59.214,2189.4821,109206,-3.678,13.588
12:48:59.246,2189.5021,109207,-3.728,13.455
12:48:59.289,2189.5221,109208,-3.614,13.456
12:48:59.294,2189.5421,109209,-3.768,13.5
12:48:59.294,2189.5622,109210,-3.924,13.436
12:48:59.321,2189.5821,109211,-3.76,13.383
12:48:59.337,2189.6021,109212,-3.803,13.529
12:48:59.364,2189.6221,109213,-3.82,13.674
12:48:59.396,2189.6421,109214,-3.826,13.532
12:48:59.396,2189.6621,109215,-3.97,13.482
12:48:59.429,2189.6821,109216,-3.835,13.569
12:48:59.440,2189.7021,109217,-3.916,13.658
12:48:59.456,2189.7221,109218,-3.829,13.521
12:48:59.514,2189.7421,109219,-3.988,13.459
12:48:59.520,2189.7621,109220,-3.894,13.577
12:48:59.520,2189.7821,109221,-3.942,13.454
12:48:59.548,2189.8021,109222,-3.782,13.4
12:48:59.559,2189.8221,109223,-3.701,13.311
12:48:59.575,2189.8421,109224,-3.738,13.167
12:48:59.607,2189.8621,109225,-3.704,13.308
12:48:59.635,2189.8821,109226,-3.712,13.456
12:48:59.640,2189.9021,109227,-3.864,13.374
12:48:59.667,2189.9221,109228,-3.819,13.513
12:48:59.683,2189.9421,109229,-3.696,13.396
12:48:59.711,2189.9621,109230,-3.809,13.392
12:48:59.711,2189.9821,109231,-3.809,13.537
12:48:59.759,2190.0021,109232,-3.723,13.454
12:48:59.759,2190.0221,109233,-3.816,13.529
12:48:59.785,2190.0421,109234,-3.696,13.558
12:48:59.817,2190.0621,109235,-3.802,13.519
12:48:59.817,2190.0821,109236,-3.872,13.408
12:48:59.876,2190.1021,109237,-3.728,13.437
12:48:59.876,2190.1221,109238,-3.756,13.287
12:48:59.881,2190.1421,109239,-3.705,13.436
12:48:59.919,2190.1621,109240,-3.715,13.294
12:48:59.925,2190.1821,109241,-3.773,13.436
12:48:59.936,2190.2021,109242,-3.822,13.564
12:48:59.999,2190.2221,109243,-3.739,13.439
12:48:59.999,2190.2421,109244,-3.891,13.522
12:48:59.999,2190.2621,109245,-3.853,13.656
12:49:00.026,2190.2821,109246,-3.819,13.505
12:49:00.042,2190.3021,109247,-3.95,13.401
12:49:00.058,2190.3221,109248,-3.776,13.407
12:49:00.100,2190.3421,109249,-3.761,13.545
12:49:00.100,2190.3621,109250,-3.857,13.482
12:49:00.117,2190.3821,109251,-3.699,13.559
12:49:00.149,2190.4021,109252,-3.623,13.657
12:49:00.160,2190.4221,109253,-3.799,13.627
12:49:00.176,2190.4421,109254,-3.833,13.477
12:49:00.236,2190.4621,109255,-3.806,13.612
12:49:00.236,2190.4821,109256,-3.946,13.535
12:49:00.241,2190.5021,109257,-3.841,13.41
12:49:00.268,2190.5221,109258,-3.868,13.54
12:49:00.284,2190.5421,109259,-3.828,13.396
12:49:00.295,2190.5621,109260,-3.674,13.396
12:49:00.343,2190.5821,109261,-3.833,13.456
12:49:00.343,2190.6021,109262,-3.8,13.583
12:49:00.359,2190.6221,109263,-3.878,13.681
12:49:00.385,2190.6421,109264,-3.758,13.564
12:49:00.401,2190.6621,109265,-3.875,13.465
12:49:00.417,2190.6821,109266,-3.865,13.32
12:49:00.476,2190.7021,109267,-4.018,13.363
12:49:00.476,2190.7221,109268,-3.966,13.483
12:49:00.482,2190.7421,109269,-3.899,13.621
12:49:00.508,2190.7621,109270,-3.814,13.736
12:49:00.519,2190.7821,109271,-3.728,13.592
12:49:00.551,2190.8021,109272,-3.798,13.461
12:49:00.552,2190.8221,109273,-3.917,13.349
12:49:00.583,2190.8421,109274,-3.994,13.483
12:49:00.594,2190.8621,109275,-4.009,13.618
12:49:00.626,2190.8821,109276,-4.087,13.53
12:49:00.642,2190.9021,109277,-3.924,13.52
12:49:00.659,2190.9221,109278,-3.787,13.613
12:49:00.701,2190.9421,109279,-3.817,13.47
12:49:00.702,2190.9621,109280,-3.781,13.325
12:49:00.718,2190.9821,109281,-3.906,13.419
12:49:00.745,2191.0021,109282,-3.789,13.427
12:49:00.761,2191.0221,109283,-3.879,13.558
12:49:00.778,2191.0421,109284,-3.981,13.536
12:49:00.820,2191.0621,109285,-3.86,13.415
12:49:00.825,2191.0821,109286,-3.684,13.436
12:49:00.836,2191.1021,109287,-3.847,13.405
12:49:00.868,2191.1221,109288,-3.947,13.348
12:49:00.884,2191.1421,109289,-3.873,13.444
12:49:00.894,2191.1621,109290,-3.966,13.307
12:49:00.943,2191.1821,109291,-3.847,13.423
12:49:00.943,2191.2021,109292,-3.885,13.567
12:49:00.959,2191.2221,109293,-3.804,13.432
12:49:00.986,2191.2421,109294,-3.791,13.576
12:49:01.002,2191.2621,109295,-3.723,13.674
12:49:01.018,2191.2821,109296,-3.734,13.529
12:49:01.045,2191.3021,109297,-3.841,13.405
12:49:01.077,2191.3221,109298,-3.846,13.265
12:49:01.077,2191.3421,109299,-3.843,13.409
12:49:01.120,2191.3621,109300,-3.779,13.546
12:49:01.126,2191.3821,109301,-3.743,13.691
12:49:01.136,2191.4021,109302,-3.613,13.785
12:49:01.168,2191.4221,109303,-3.576,13.657
12:49:01.184,2191.4421,109304,-3.695,13.566
12:49:01.195,2191.4621,109305,-3.746,13.444
12:49:01.227,2191.4821,109306,-3.655,13.36
12:49:01.243,2191.5021,109307,-3.643,13.501
12:49:01.259,2191.5221,109308,-3.611,13.636
12:49:01.285,2191.5421,109309,-3.662,13.767
12:49:01.301,2191.5621,109310,-3.775,13.646
12:49:01.317,2191.5821,109311,-3.756,13.795
12:49:01.345,2191.6021,109312,-3.63,13.685
12:49:01.361,2191.6221,109313,-3.78,13.592
12:49:01.377,2191.6421,109314,-3.864,13.46
12:49:01.409,2191.6621,109315,-3.692,13.472
12:49:01.420,2191.6821,109316,-3.853,13.512
12:49:01.437,2191.7021,109317,-4.003,13.474
12:49:01.469,2191.7221,109318,-3.886,13.432
12:49:01.480,2191.7421,109319,-3.834,13.549
12:49:01.496,2191.7621,109320,-3.953,13.447
12:49:01.528,2191.7821,109321,-3.817,13.385
12:49:01.539,2191.8021,109322,-3.695,13.489
12:49:01.555,2191.8221,109323,-3.776,13.403
12:49:01.587,2191.8421,109324,-3.942,13.391
12:49:01.603,2191.8621,109325,-3.787,13.458
12:49:01.645,2191.8821,109326,-3.919,13.351
12:49:01.645,2191.9021,109327,-4.073,13.439
12:49:01.662,2191.9221,109328,-3.907,13.48
12:49:01.678,2191.9421,109329,-3.775,13.434
12:49:01.709,2191.9621,109330,-3.952,13.488
12:49:01.720,2191.9821,109331,-3.805,13.567
12:49:01.768,2192.0021,109332,-3.928,13.677
12:49:01.768,2192.0221,109333,-3.864,13.569
12:49:01.783,2192.0421,109334,-3.9,13.702
12:49:01.795,2192.0621,109335,-3.987,13.599
12:49:01.826,2192.0821,109336,-3.81,13.602
12:49:01.842,2192.1021,109337,-3.649,13.592
12:49:01.885,2192.1221,109338,-3.822,13.539
12:49:01.890,2192.1421,109339,-3.875,13.399
12:49:01.901,2192.1621,109340,-3.7,13.434
12:49:01.917,2192.1821,109341,-3.817,13.453
12:49:01.944,2192.2021,109342,-3.846,13.311
12:49:01.960,2192.2221,109343,-3.745,13.417
12:49:01.992,2192.2421,109344,-3.711,13.564
12:49:01.993,2192.2621,109345,-3.639,13.468
12:49:02.020,2192.2821,109346,-3.753,13.586
12:49:02.036,2192.3021,109347,-3.841,13.495
12:49:02.068,2192.3221,109348,-3.738,13.536
12:49:02.079,2192.3421,109349,-3.598,13.592
12:49:02.111,2192.3621,109350,-3.698,13.532
12:49:02.111,2192.3821,109351,-3.807,13.415
12:49:02.143,2192.4021,109352,-3.777,13.559
12:49:02.160,2192.4221,109353,-3.924,13.54
12:49:02.187,2192.4421,109354,-4.025,13.42
12:49:02.203,2192.4621,109355,-3.876,13.34
12:49:02.214,2192.4821,109356,-3.992,13.341
12:49:02.247,2192.5021,109357,-4.097,13.219
12:49:02.264,2192.5221,109358,-3.937,13.289
12:49:02.275,2192.5421,109359,-3.838,13.423
12:49:02.306,2192.5621,109360,-3.799,13.554
12:49:02.349,2192.5821,109361,-3.794,13.705
12:49:02.355,2192.6021,109362,-3.627,13.698
12:49:02.355,2192.6221,109363,-3.787,13.646
12:49:02.382,2192.6421,109364,-3.858,13.505
12:49:02.398,2192.6621,109365,-3.852,13.361
12:49:02.441,2192.6821,109366,-3.695,13.356
12:49:02.441,2192.7021,109367,-3.561,13.443
12:49:02.473,2192.7221,109368,-3.675,13.326
12:49:02.473,2192.7421,109369,-3.828,13.381
12:49:02.499,2192.7621,109370,-3.739,13.512
12:49:02.516,2192.7821,109371,-3.914,13.508
12:49:02.547,2192.8021,109372,-3.888,13.374
12:49:02.589,2192.8221,109373,-4.018,13.28
12:49:02.594,2192.8421,109374,-4.034,13.397
12:49:02.594,2192.8621,109375,-3.949,13.273
12:49:02.621,2192.8821,109376,-3.896,13.413
12:49:02.654,2192.9021,109377,-3.81,13.546
12:49:02.654,2192.9221,109378,-3.882,13.414
12:49:02.713,2192.9421,109379,-3.822,13.558
12:49:02.713,2192.9621,109380,-3.887,13.451
12:49:02.713,2192.9821,109381,-3.883,13.301
12:49:02.755,2193.0021,109382,-3.811,13.421
12:49:02.760,2193.0221,109383,-3.728,13.553
12:49:02.787,2193.0421,109384,-3.672,13.41
12:49:02.829,2193.0621,109385,-3.671,13.553
12:49:02.835,2193.0821,109386,-3.781,13.535
12:49:02.835,2193.1021,109387,-3.893,13.517
12:49:02.861,2193.1221,109388,-3.731,13.482
12:49:02.877,2193.1421,109389,-3.863,13.373
12:49:02.904,2193.1621,109390,-3.76,13.391
12:49:02.937,2193.1821,109391,-3.619,13.486
12:49:02.937,2193.2021,109392,-3.735,13.374
12:49:02.969,2193.2221,109393,-3.749,13.519
12:49:02.980,2193.2421,109394,-3.682,13.621
12:49:02.996,2193.2621,109395,-3.762,13.525
12:49:03.028,2193.2821,109396,-3.695,13.419
12:49:03.054,2193.3021,109397,-3.805,13.407
12:49:03.060,2193.3221,109398,-3.832,13.55
12:49:03.086,2193.3421,109399,-3.691,13.503
12:49:03.103,2193.3621,109400,-3.586,13.622
12:49:03.119,2193.3821,109401,-3.753,13.615
12:49:03.145,2193.4021,109402,-3.592,13.538
12:49:03.193,2193.4221,109403,-3.658,13.395
12:49:03.193,2193.4421,109404,-3.776,13.339
12:49:03.193,2193.4621,109405,-3.926,13.375
12:49:03.220,2193.4821,109406,-3.762,13.392
12:49:03.237,2193.5021,109407,-3.703,13.51
12:49:03.268,2193.5221,109408,-3.589,13.487
12:49:03.295,2193.5421,109409,-3.538,13.341
12:49:03.300,2193.5621,109410,-3.596,13.223
12:49:03.327,2193.5821,109411,-3.703,13.347
12:49:03.344,2193.6021,109412,-3.804,13.235
12:49:03.354,2193.6221,109413,-3.747,13.381
12:49:03.417,2193.6421,109414,-3.675,13.522
12:49:03.418,2193.6621,109415,-3.62,13.377
12:49:03.418,2193.6821,109416,-3.761,13.48
12:49:03.449,2193.7021,109417,-3.658,13.448
12:49:03.460,2193.7221,109418,-3.77,13.442
12:49:03.491,2193.7421,109419,-3.794,13.596
12:49:03.535,2193.7621,109420,-3.753,13.453
12:49:03.540,2193.7821,109421,-3.703,13.578
12:49:03.540,2193.8021,109422,-3.65,13.7
12:49:03.567,2193.8221,109423,-3.819,13.685
12:49:03.584,2193.8421,109424,-3.858,13.543
12:49:03.594,2193.8621,109425,-3.737,13.459
12:49:03.657,2193.8821,109426,-3.904,13.444
12:49:03.658,2193.9021,109427,-3.788,13.563
12:49:03.658,2193.9221,109428,-3.837,13.705
12:49:03.685,2193.9421,109429,-3.677,13.697
12:49:03.701,2193.9621,109430,-3.685,13.555
12:49:03.718,2193.9821,109431,-3.763,13.439
12:49:03.776,2194.0021,109432,-3.933,13.476
12:49:03.776,2194.0221,109433,-3.814,13.484
12:49:03.781,2194.0421,109434,-3.91,13.399
12:49:03.808,2194.0621,109435,-3.737,13.411
12:49:03.824,2194.0821,109436,-3.888,13.353
12:49:03.834,2194.1021,109437,-3.741,13.418
12:49:03.882,2194.1221,109438,-3.837,13.497
12:49:03.883,2194.1421,109439,-3.733,13.47
12:49:03.898,2194.1621,109440,-3.876,13.554
12:49:03.925,2194.1821,109441,-3.828,13.433
12:49:03.941,2194.2021,109442,-3.983,13.359
12:49:03.956,2194.2221,109443,-3.962,13.491
12:49:03.999,2194.2421,109444,-3.991,13.628
12:49:04.005,2194.2621,109445,-3.912,13.512
12:49:04.031,2194.2821,109446,-3.823,13.434
12:49:04.031,2194.3021,109447,-3.853,13.574
12:49:04.063,2194.3221,109448,-3.965,13.614
12:49:04.079,2194.3421,109449,-3.874,13.482
12:49:04.137,2194.3621,109450,-3.824,13.598
12:49:04.137,2194.3821,109451,-3.656,13.646
12:49:04.143,2194.4021,109452,-3.733,13.54
12:49:04.169,2194.4221,109453,-3.91,13.531
12:49:04.180,2194.4421,109454,-3.754,13.453
12:49:04.197,2194.4621,109455,-3.859,13.337
12:49:04.239,2194.4821,109456,-3.936,13.48
12:49:04.245,2194.5021,109457,-3.857,13.341
12:49:04.256,2194.5221,109458,-3.792,13.447
12:49:04.287,2194.5421,109459,-3.669,13.509
12:49:04.304,2194.5621,109460,-3.816,13.455
12:49:04.315,2194.5821,109461,-3.699,13.433
12:49:04.363,2194.6021,109462,-3.764,13.546
12:49:04.363,2194.6221,109463,-3.852,13.466
12:49:04.379,2194.6421,109464,-3.964,13.542
12:49:04.406,2194.6621,109465,-3.941,13.399
12:49:04.437,2194.6821,109466,-3.957,13.542
12:49:04.437,2194.7021,109467,-3.895,13.654
12:49:04.480,2194.7221,109468,-3.908,13.51
12:49:04.480,2194.7421,109469,-4.035,13.52
12:49:04.496,2194.7621,109470,-3.863,13.509
12:49:04.544,2194.7821,109471,-3.833,13.362
12:49:04.544,2194.8021,109472,-3.964,13.452
12:49:04.555,2194.8221,109473,-3.849,13.46
12:49:04.603,2194.8421,109474,-3.79,13.571
12:49:04.603,2194.8621,109475,-3.704,13.433
12:49:04.614,2194.8821,109476,-3.867,13.372
12:49:04.646,2194.9021,109477,-3.927,13.514
12:49:04.663,2194.9221,109478,-4.05,13.588
12:49:04.679,2194.9421,109479,-3.922,13.547
12:49:04.721,2194.9621,109480,-3.837,13.677
12:49:04.721,2194.9821,109481,-3.909,13.562
12:49:04.753,2195.0021,109482,-3.761,13.525
12:49:04.753,2195.0221,109483,-3.766,13.376
12:49:04.780,2195.0421,109484,-3.877,13.346
12:49:04.796,2195.0621,109485,-4.002,13.462
12:49:04.828,2195.0821,109486,-3.832,13.488
12:49:04.855,2195.1021,109487,-3.936,13.41
12:49:04.860,2195.1221,109488,-3.844,13.324
12:49:04.886,2195.1421,109489,-3.878,13.465
12:49:04.902,2195.1621,109490,-3.85,13.608
12:49:04.918,2195.1821,109491,-3.796,13.484
12:49:04.945,2195.2021,109492,-3.707,13.617
12:49:04.961,2195.2221,109493,-3.75,13.489
12:49:04.977,2195.2421,109494,-3.874,13.521
12:49:05.009,2195.2621,109495,-3.855,13.667
12:49:05.019,2195.2821,109496,-3.733,13.582
12:49:05.035,2195.3021,109497,-3.639,13.461
12:49:05.068,2195.3221,109498,-3.746,13.493
12:49:05.084,2195.3421,109499,-3.744,13.649
12:49:05.094,2195.3621,109500,-3.76,13.504
12:49:05.127,2195.3821,109501,-3.911,13.598
12:49:05.143,2195.4021,109502,-3.817,13.666
12:49:05.154,2195.4221,109503,-3.902,13.53
12:49:05.186,2195.4421,109504,-3.73,13.524
12:49:05.203,2195.4621,109505,-3.863,13.436
12:49:05.219,2195.4821,109506,-3.75,13.436
12:49:05.245,2195.5021,109507,-3.906,13.475
12:49:05.261,2195.5221,109508,-3.856,13.331
12:49:05.277,2195.5421,109509,-3.741,13.444
12:49:05.308,2195.5621,109510,-3.856,13.377
12:49:05.319,2195.5821,109511,-3.887,13.525
12:49:05.335,2195.6021,109512,-3.757,13.544
12:49:05.382,2195.6221,109513,-3.918,13.466
12:49:05.382,2195.6421,109514,-3.829,13.383
12:49:05.424,2195.6621,109515,-3.956,13.483
12:49:05.430,2195.6821,109516,-3.959,13.63
12:49:05.441,2195.7021,109517,-3.857,13.508
12:49:05.457,2195.7221,109518,-3.756,13.38
12:49:05.488,2195.7421,109519,-3.699,13.506
12:49:05.499,2195.7621,109520,-3.782,13.619
12:49:05.547,2195.7821,109521,-3.958,13.586
12:49:05.547,2195.8021,109522,-3.854,13.477
12:49:05.564,2195.8221,109523,-3.705,13.392
12:49:05.575,2195.8421,109524,-3.875,13.409
12:49:05.607,2195.8621,109525,-3.717,13.444
12:49:05.623,2195.8821,109526,-3.82,13.35
12:49:05.667,2195.9021,109527,-3.86,13.494
12:49:05.667,2195.9221,109528,-3.894,13.631
12:49:05.683,2195.9421,109529,-3.953,13.744
12:49:05.699,2195.9621,109530,-3.907,13.605
12:49:05.725,2195.9821,109531,-3.858,13.481
12:49:05.742,2196.0021,109532,-3.697,13.419
12:49:05.774,2196.0221,109533,-3.722,13.549
12:49:05.774,2196.0421,109534,-3.874,13.486
12:49:05.801,2196.0621,109535,-3.79,13.618
12:49:05.817,2196.0821,109536,-3.819,13.475
12:49:05.848,2196.1021,109537,-3.711,13.516
12:49:05.864,2196.1221,109538,-3.648,13.375
12:49:05.891,2196.1421,109539,-3.688,13.228
12:49:05.892,2196.1621,109540,-3.731,13.375
12:49:05.923,2196.1821,109541,-3.794,13.258
12:49:05.934,2196.2021,109542,-3.949,13.322
12:49:05.966,2196.2221,109543,-3.821,13.421
12:49:05.998,2196.2421,109544,-3.787,13.551
12:49:05.998,2196.2621,109545,-3.774,13.405
12:49:06.025,2196.2821,109546,-3.769,13.548
12:49:06.041,2196.3021,109547,-3.667,13.586
12:49:06.057,2196.3221,109548,-3.761,13.495
12:49:06.100,2196.3421,109549,-3.726,13.632
12:49:06.106,2196.3621,109550,-3.768,13.49
12:49:06.132,2196.3821,109551,-3.761,13.352
12:49:06.132,2196.4021,109552,-3.812,13.47
12:49:06.163,2196.4221,109553,-3.927,13.567
12:49:06.174,2196.4421,109554,-3.997,13.47
12:49:06.207,2196.4621,109555,-3.857,13.396
12:49:06.250,2196.4821,109556,-3.864,13.255
12:49:06.255,2196.5021,109557,-3.825,13.398
12:49:06.255,2196.5221,109558,-3.772,13.542
12:49:06.282,2196.5421,109559,-3.824,13.405
12:49:06.314,2196.5621,109560,-3.824,13.26
12:49:06.314,2196.5821,109561,-3.711,13.355
12:49:06.373,2196.6021,109562,-3.866,13.436
12:49:06.373,2196.6221,109563,-3.779,13.523
12:49:06.373,2196.6421,109564,-3.629,13.538
12:49:06.399,2196.6621,109565,-3.792,13.5
12:49:06.415,2196.6821,109566,-3.652,13.595
12:49:06.448,2196.7021,109567,-3.818,13.552
12:49:06.490,2196.7221,109568,-3.724,13.479
12:49:06.495,2196.7421,109569,-3.753,13.628
12:49:06.495,2196.7621,109570,-3.879,13.61
12:49:06.522,2196.7821,109571,-3.99,13.711
12:49:06.538,2196.8021,109572,-3.824,13.728
12:49:06.566,2196.8221,109573,-3.714,13.725
12:49:06.625,2196.8421,109574,-3.797,13.637
12:49:06.630,2196.8621,109575,-3.888,13.57
12:49:06.630,2196.8821,109576,-3.783,13.588
12:49:06.641,2196.9021,109577,-3.757,13.434
12:49:06.657,2196.9221,109578,-3.607,13.392
12:49:06.684,2196.9421,109579,-3.732,13.508
12:49:06.731,2196.9621,109580,-3.687,13.659
12:49:06.732,2196.9821,109581,-3.654,13.506
12:49:06.737,2197.0021,109582,-3.507,13.548
12:49:06.764,2197.0221,109583,-3.646,13.446
12:49:06.775,2197.0421,109584,-3.64,13.587
12:49:06.807,2197.0621,109585,-3.729,13.712
12:49:06.839,2197.0821,109586,-3.745,13.566
12:49:06.839,2197.1021,109587,-3.812,13.463
12:49:06.866,2197.1221,109588,-3.666,13.459
12:49:06.882,2197.1421,109589,-3.835,13.486
12:49:06.898,2197.1621,109590,-3.732,13.606
12:49:06.956,2197.1821,109591,-3.806,13.504
12:49:06.956,2197.2021,109592,-3.665,13.433
12:49:06.962,2197.2221,109593,-3.648,13.57
12:49:06.988,2197.2421,109594,-3.759,13.577
12:49:06.999,2197.2621,109595,-3.66,13.52
12:49:07.015,2197.2821,109596,-3.817,13.465
12:49:07.046,2197.3021,109597,-3.781,13.597
12:49:07.079,2197.3221,109598,-3.811,13.466
12:49:07.079,2197.3421,109599,-3.85,13.593
12:49:07.106,2197.3621,109600,-3.698,13.623
12:49:07.123,2197.3821,109601,-3.873,13.647
12:49:07.139,2197.4021,109602,-3.784,13.543
12:49:07.198,2197.4221,109603,-3.728,13.431
12:49:07.198,2197.4421,109604,-3.676,13.568
12:49:07.198,2197.4621,109605,-3.808,13.487
12:49:07.229,2197.4821,109606,-3.746,13.351
12:49:07.240,2197.5021,109607,-3.912,13.332
12:49:07.256,2197.5221,109608,-3.738,13.343
12:49:07.318,2197.5421,109609,-3.644,13.47
12:49:07.318,2197.5621,109610,-3.791,13.429
12:49:07.319,2197.5821,109611,-3.71,13.567
12:49:07.345,2197.6021,109612,-3.627,13.444
12:49:07.361,2197.6221,109613,-3.787,13.52
12:49:07.377,2197.6421,109614,-3.693,13.395
12:49:07.434,2197.6621,109615,-3.598,13.489
12:49:07.439,2197.6821,109616,-3.709,13.378
12:49:07.440,2197.7021,109617,-3.775,13.514
12:49:07.467,2197.7221,109618,-3.727,13.638
12:49:07.483,2197.7421,109619,-3.796,13.531
12:49:07.499,2197.7621,109620,-3.664,13.471
12:49:07.558,2197.7821,109621,-3.748,13.611
12:49:07.573,2197.8021,109622,-3.616,13.505
12:49:07.573,2197.8221,109623,-3.749,13.563
12:49:07.573,2197.8421,109624,-3.798,13.436
12:49:07.600,2197.8621,109625,-3.706,13.566
12:49:07.616,2197.8821,109626,-3.605,13.439
12:49:07.659,2197.9021,109627,-3.625,13.589
12:49:07.665,2197.9221,109628,-3.735,13.722
12:49:07.676,2197.9421,109629,-3.697,13.575
12:49:07.708,2197.9621,109630,-3.691,13.72
12:49:07.724,2197.9821,109631,-3.865,13.695
12:49:07.735,2198.0021,109632,-3.784,13.599
12:49:07.783,2198.0221,109633,-3.899,13.5
12:49:07.783,2198.0421,109634,-3.724,13.494
12:49:07.799,2198.0621,109635,-3.643,13.395
12:49:07.826,2198.0821,109636,-3.777,13.507
12:49:07.842,2198.1021,109637,-3.896,13.514
12:49:07.858,2198.1221,109638,-3.739,13.444
12:49:07.885,2198.1421,109639,-3.657,13.581
12:49:07.902,2198.1621,109640,-3.683,13.441
12:49:07.918,2198.1821,109641,-3.772,13.583
12:49:07.945,2198.2021,109642,-3.759,13.716
12:49:07.961,2198.2221,109643,-3.675,13.581
12:49:07.978,2198.2421,109644,-3.854,13.564
12:49:08.021,2198.2621,109645,-3.993,13.468
12:49:08.021,2198.2821,109646,-3.906,13.39
12:49:08.038,2198.3021,109647,-3.745,13.328
12:49:08.069,2198.3221,109648,-3.83,13.465
12:49:08.080,2198.3421,109649,-3.693,13.358
12:49:08.143,2198.3621,109650,-3.805,13.48
12:49:08.143,2198.3821,109651,-3.97,13.522
12:49:08.143,2198.4021,109652,-3.795,13.505
12:49:08.159,2198.4221,109653,-3.934,13.463
12:49:08.185,2198.4421,109654,-3.756,13.422
12:49:08.218,2198.4621,109655,-3.631,13.487
12:49:08.218,2198.4821,109656,-3.547,13.407
12:49:08.261,2198.5021,109657,-3.642,13.503
12:49:08.261,2198.5221,109658,-3.803,13.57
12:49:08.277,2198.5421,109659,-3.709,13.692
12:49:08.320,2198.5621,109660,-3.784,13.552
12:49:08.325,2198.5821,109661,-3.938,13.581
12:49:08.336,2198.6021,109662,-3.849,13.713
12:49:08.384,2198.6221,109663,-3.719,13.598
12:49:08.384,2198.6421,109664,-3.861,13.51
12:49:08.395,2198.6621,109665,-3.787,13.611
12:49:08.427,2198.6821,109666,-3.875,13.531
12:49:08.443,2198.7021,109667,-3.739,13.537
12:49:08.458,2198.7221,109668,-3.919,13.52
12:49:08.501,2198.7421,109669,-3.774,13.435
12:49:08.501,2198.7621,109670,-3.681,13.504
12:49:08.533,2198.7821,109671,-3.796,13.49
12:49:08.533,2198.8021,109672,-3.832,13.354
12:49:08.564,2198.8221,109673,-3.725,13.372
12:49:08.575,2198.8421,109674,-3.854,13.461
12:49:08.608,2198.8621,109675,-3.849,13.608
12:49:08.623,2198.8821,109676,-3.931,13.513
12:49:08.639,2198.9021,109677,-3.876,13.367
12:49:08.666,2198.9221,109678,-3.87,13.512
12:49:08.682,2198.9421,109679,-3.803,13.617
12:49:08.698,2198.9621,109680,-3.937,13.516
12:49:08.730,2198.9821,109681,-3.796,13.587
12:49:08.741,2199.0021,109682,-3.847,13.438
12:49:08.757,2199.0221,109683,-3.685,13.393
12:49:08.788,2199.0421,109684,-3.856,13.354
12:49:08.804,2199.0621,109685,-3.683,13.387
12:49:08.815,2199.0821,109686,-3.639,13.527
12:49:08.847,2199.1021,109687,-3.712,13.391
12:49:08.863,2199.1221,109688,-3.788,13.482
12:49:08.879,2199.1421,109689,-3.894,13.55
12:49:08.906,2199.1621,109690,-3.804,13.424
12:49:08.922,2199.1821,109691,-3.672,13.449
12:49:08.938,2199.2021,109692,-3.661,13.587
12:49:08.965,2199.2221,109693,-3.726,13.447
12:49:08.981,2199.2421,109694,-3.874,13.474
12:49:08.997,2199.2621,109695,-3.798,13.359
12:49:09.029,2199.2821,109696,-3.662,13.454
12:49:09.056,2199.3021,109697,-3.706,13.58
12:49:09.056,2199.3221,109698,-3.869,13.623
12:49:09.088,2199.3421,109699,-3.75,13.519
12:49:09.104,2199.3621,109700,-3.645,13.559
12:49:09.115,2199.3821,109701,-3.657,13.7
12:49:09.147,2199.4021,109702,-3.783,13.61
12:49:09.163,2199.4221,109703,-3.613,13.565
12:49:09.205,2199.4421,109704,-3.621,13.709
12:49:09.210,2199.4621,109705,-3.711,13.578
12:49:09.221,2199.4821,109706,-3.604,13.543
12:49:09.237,2199.5021,109707,-3.768,13.597
12:49:09.269,2199.5221,109708,-3.941,13.627
12:49:09.280,2199.5421,109709,-3.944,13.777
12:49:09.329,2199.5621,109710,-3.792,13.851
12:49:09.329,2199.5821,109711,-3.794,13.709
12:49:09.339,2199.6021,109712,-3.8,13.561
12:49:09.371,2199.6221,109713,-3.93,13.466
12:49:09.371,2199.6421,109714,-3.876,13.321
12:49:09.404,2199.6621,109715,-3.788,13.401
12:49:09.447,2199.6821,109716,-3.898,13.433
12:49:09.447,2199.7021,109717,-3.79,13.555
12:49:09.463,2199.7221,109718,-3.696,13.49
12:49:09.479,2199.7421,109719,-3.82,13.476
12:49:09.506,2199.7621,109720,-3.83,13.335
12:49:09.522,2199.7821,109721,-3.855,13.479
12:49:09.549,2199.8021,109722,-3.95,13.555
12:49:09.555,2199.8221,109723,-3.79,13.521
12:49:09.581,2199.8421,109724,-3.627,13.561
12:49:09.597,2199.8621,109725,-3.643,13.705
12:49:09.628,2199.8821,109726,-3.815,13.679
12:49:09.645,2199.9021,109727,-3.814,13.536
12:49:09.671,2199.9221,109728,-3.732,13.662
12:49:09.671,2199.9421,109729,-3.797,13.526
12:49:09.704,2199.9621,109730,-3.767,13.661
12:49:09.730,2199.9821,109731,-3.866,13.607
12:49:09.730,2200.0021,109732,-3.89,13.469
12:49:09.762,2200.0221,109733,-4.059,13.524
12:49:09.778,2200.0421,109734,-3.946,13.546
12:49:09.805,2200.0621,109735,-3.816,13.462
12:49:09.821,2200.0821,109736,-3.796,13.609
12:49:09.838,2200.1021,109737,-3.721,13.469
12:49:09.869,2200.1221,109738,-3.859,13.536
12:49:09.880,2200.1421,109739,-3.908,13.667
12:49:09.912,2200.1621,109740,-3.831,13.524
12:49:09.912,2200.1821,109741,-3.673,13.445
12:49:09.939,2200.2021,109742,-3.608,13.306
12:49:09.956,2200.2221,109743,-3.639,13.434
12:49:09.988,2200.2421,109744,-3.529,13.428
12:49:10.031,2200.2621,109745,-3.672,13.441
12:49:10.031,2200.2821,109746,-3.504,13.448
12:49:10.036,2200.3021,109747,-3.601,13.581
12:49:10.063,2200.3221,109748,-3.767,13.527
12:49:10.078,2200.3421,109749,-3.621,13.571
12:49:10.105,2200.3621,109750,-3.781,13.508
12:49:10.137,2200.3821,109751,-3.858,13.614
12:49:10.137,2200.4021,109752,-3.702,13.546
12:49:10.169,2200.4221,109753,-3.873,13.505
12:49:10.196,2200.4421,109754,-3.71,13.564
12:49:10.196,2200.4621,109755,-3.576,13.525
12:49:10.229,2200.4821,109756,-3.735,13.489
12:49:10.239,2200.5021,109757,-3.569,13.491
12:49:10.272,2200.5221,109758,-3.43,13.587
12:49:10.272,2200.5421,109759,-3.607,13.571
12:49:10.304,2200.5621,109760,-3.774,13.533
12:49:10.319,2200.5821,109761,-3.801,13.39
12:49:10.347,2200.6021,109762,-3.767,13.518
12:49:10.405,2200.6221,109763,-3.705,13.658
12:49:10.410,2200.6421,109764,-3.797,13.534
12:49:10.411,2200.6621,109765,-3.685,13.499
12:49:10.421,2200.6821,109766,-3.808,13.476
12:49:10.437,2200.7021,109767,-3.945,13.489
12:49:10.465,2200.7221,109768,-3.767,13.48
12:49:10.497,2200.7421,109769,-3.785,13.339
12:49:10.498,2200.7621,109770,-3.788,13.479
12:49:10.529,2200.7821,109771,-3.907,13.599
12:49:10.540,2200.8021,109772,-3.741,13.555
12:49:10.556,2200.8221,109773,-3.748,13.416
12:49:10.588,2200.8421,109774,-3.726,13.548
12:49:10.615,2200.8621,109775,-3.719,13.689
12:49:10.620,2200.8821,109776,-3.84,13.584
12:49:10.646,2200.9021,109777,-3.763,13.479
12:49:10.663,2200.9221,109778,-3.632,13.584
12:49:10.679,2200.9421,109779,-3.804,13.597
12:49:10.738,2200.9621,109780,-3.806,13.741
12:49:10.738,2200.9821,109781,-3.856,13.613
12:49:10.738,2201.0021,109782,-3.823,13.476
12:49:10.765,2201.0221,109783,-3.727,13.608
12:49:10.780,2201.0421,109784,-3.834,13.516
12:49:10.796,2201.0621,109785,-3.984,13.599
12:49:10.828,2201.0821,109786,-3.823,13.525
12:49:10.855,2201.1021,109787,-3.871,13.673
12:49:10.860,2201.1221,109788,-3.878,13.526
12:49:10.887,2201.1421,109789,-3.906,13.378
12:49:10.903,2201.1621,109790,-3.732,13.359
12:49:10.919,2201.1821,109791,-3.685,13.499
12:49:10.979,2201.2021,109792,-3.807,13.553
12:49:10.979,2201.2221,109793,-3.81,13.697
12:49:10.979,2201.2421,109794,-3.701,13.666
12:49:11.005,2201.2621,109795,-3.769,13.526
12:49:11.021,2201.2821,109796,-3.883,13.475
12:49:11.037,2201.3021,109797,-3.773,13.593
12:49:11.079,2201.3221,109798,-3.761,13.449
12:49:11.085,2201.3421,109799,-3.924,13.507
12:49:11.095,2201.3621,109800,-4.028,13.629
12:49:11.127,2201.3821,109801,-3.968,13.517
12:49:11.142,2201.4021,109802,-3.912,13.63
12:49:11.158,2201.4221,109803,-3.945,13.497
12:49:11.185,2201.4421,109804,-4.119,13.454
12:49:11.217,2201.4621,109805,-4.033,13.545
12:49:11.217,2201.4821,109806,-3.938,13.415
12:49:11.250,2201.5021,109807,-4.063,13.453
12:49:11.261,2201.5221,109808,-4.003,13.567
12:49:11.277,2201.5421,109809,-3.838,13.614
12:49:11.335,2201.5621,109810,-3.686,13.693
12:49:11.340,2201.5821,109811,-3.776,13.561
12:49:11.340,2201.6021,109812,-3.674,13.677
12:49:11.367,2201.6221,109813,-3.786,13.591
12:49:11.384,2201.6421,109814,-3.894,13.572
12:49:11.395,2201.6621,109815,-3.725,13.522
12:49:11.442,2201.6821,109816,-3.802,13.415
12:49:11.442,2201.7021,109817,-3.757,13.263
12:49:11.458,2201.7221,109818,-3.743,13.406
12:49:11.485,2201.7421,109819,-3.732,13.556
12:49:11.500,2201.7621,109820,-3.747,13.408
12:49:11.517,2201.7821,109821,-3.872,13.368
12:49:11.564,2201.8021,109822,-3.847,13.502
12:49:11.564,2201.8221,109823,-3.733,13.574
12:49:11.575,2201.8421,109824,-3.802,13.438
12:49:11.607,2201.8621,109825,-3.632,13.422
12:49:11.623,2201.8821,109826,-3.719,13.555
12:49:11.650,2201.9021,109827,-3.841,13.639
12:49:11.655,2201.9221,109828,-3.863,13.494
12:49:11.682,2201.9421,109829,-3.805,13.634
12:49:11.697,2201.9621,109830,-3.795,13.779
12:49:11.724,2201.9821,109831,-3.897,13.834
12:49:11.756,2202.0021,109832,-3.844,13.711
12:49:11.756,2202.0221,109833,-3.837,13.57
12:49:11.799,2202.0421,109834,-3.997,13.64
12:49:11.805,2202.0621,109835,-3.948,13.516
12:49:11.816,2202.0821,109836,-3.867,13.651
12:49:11.863,2202.1021,109837,-3.751,13.551
12:49:11.863,2202.1221,109838,-3.795,13.427
12:49:11.879,2202.1421,109839,-3.963,13.445
12:49:11.922,2202.1621,109840,-3.934,13.6
12:49:11.922,2202.1821,109841,-3.838,13.492
12:49:11.938,2202.2021,109842,-3.768,13.36
12:49:11.965,2202.2221,109843,-3.814,13.494
12:49:11.981,2202.2421,109844,-3.714,13.555
12:49:11.997,2202.2621,109845,-3.723,13.408
12:49:12.029,2202.2821,109846,-3.878,13.353
12:49:12.039,2202.3021,109847,-3.836,13.481
12:49:12.055,2202.3221,109848,-3.666,13.495
12:49:12.103,2202.3421,109849,-3.84,13.504
12:49:12.103,2202.3621,109850,-3.79,13.381
12:49:12.119,2202.3821,109851,-3.638,13.443
12:49:12.163,2202.4021,109852,-3.783,13.474
12:49:12.163,2202.4221,109853,-3.774,13.338
12:49:12.179,2202.4421,109854,-3.942,13.266
12:49:12.206,2202.4621,109855,-3.827,13.39
12:49:12.222,2202.4821,109856,-3.973,13.487
12:49:12.239,2202.5021,109857,-3.913,13.591
12:49:12.265,2202.5221,109858,-3.751,13.544
12:49:12.281,2202.5421,109859,-3.855,13.419
12:49:12.297,2202.5621,109860,-4.003,13.363
12:49:12.329,2202.5821,109861,-3.843,13.441
12:49:12.340,2202.6021,109862,-3.817,13.568
12:49:12.356,2202.6221,109863,-3.99,13.645
12:49:12.387,2202.6421,109864,-3.835,13.685
12:49:12.403,2202.6621,109865,-3.816,13.519
12:49:12.419,2202.6821,109866,-3.923,13.406
12:49:12.445,2202.7021,109867,-3.755,13.471
12:49:12.461,2202.7221,109868,-3.741,13.305
12:49:12.477,2202.7421,109869,-3.832,13.375
12:49:12.509,2202.7621,109870,-3.708,13.52
12:49:12.520,2202.7821,109871,-3.572,13.587
12:49:12.536,2202.8021,109872,-3.696,13.468
12:49:12.568,2202.8221,109873,-3.76,13.335
12:49:12.585,2202.8421,109874,-3.769,13.468
12:49:12.596,2202.8621,109875,-3.904,13.549
12:49:12.628,2202.8821,109876,-3.873,13.677
12:49:12.645,2202.9021,109877,-3.782,13.549
12:49:12.655,2202.9221,109878,-3.667,13.571
12:49:12.687,2202.9421,109879,-3.636,13.695
12:49:12.703,2202.9621,109880,-3.711,13.599
12:49:12.719,2202.9821,109881,-3.78,13.47
12:49:12.745,2203.0021,109882,-3.641,13.562
12:49:12.776,2203.0221,109883,-3.756,13.568
12:49:12.776,2203.0421,109884,-3.773,13.42
12:49:12.807,2203.0621,109885,-3.634,13.497
12:49:12.823,2203.0821,109886,-3.778,13.586
12:49:12.865,2203.1021,109887,-3.873,13.463
12:49:12.866,2203.1221,109888,-3.824,13.593
12:49:12.882,2203.1421,109889,-3.974,13.515
12:49:12.898,2203.1621,109890,-3.947,13.372
12:49:12.925,2203.1821,109891,-3.883,13.52
12:49:12.940,2203.2021,109892,-3.717,13.511
12:49:12.987,2203.2221,109893,-3.605,13.537
12:49:12.987,2203.2421,109894,-3.699,13.656
12:49:13.004,2203.2621,109895,-3.784,13.57
12:49:13.015,2203.2821,109896,-3.739,13.445
12:49:13.047,2203.3021,109897,-3.85,13.455
12:49:13.063,2203.3221,109898,-3.734,13.431
12:49:13.106,2203.3421,109899,-3.833,13.481
12:49:13.106,2203.3621,109900,-3.692,13.391
12:49:13.122,2203.3821,109901,-3.766,13.501
12:49:13.139,2203.4021,109902,-3.871,13.379
12:49:13.165,2203.4221,109903,-3.76,13.416
12:49:13.181,2203.4421,109904,-3.743,13.562
12:49:13.213,2203.4621,109905,-3.85,13.684
12:49:13.213,2203.4821,109906,-3.886,13.552
12:49:13.240,2203.5021,109907,-3.79,13.488
12:49:13.255,2203.5221,109908,-3.632,13.541
12:49:13.287,2203.5421,109909,-3.778,13.461
12:49:13.303,2203.5621,109910,-3.749,13.308
12:49:13.319,2203.5821,109911,-3.818,13.428
12:49:13.346,2203.6021,109912,-3.746,13.532
12:49:13.362,2203.6221,109913,-3.915,13.514
12:49:13.379,2203.6421,109914,-4.02,13.42
12:49:13.405,2203.6621,109915,-3.865,13.481
12:49:13.421,2203.6821,109916,-3.787,13.606
12:49:13.453,2203.7021,109917,-3.805,13.75
12:49:13.453,2203.7221,109918,-3.808,13.601
12:49:13.480,2203.7421,109919,-3.972,13.602
12:49:13.496,2203.7621,109920,-3.857,13.574
12:49:13.527,2203.7821,109921,-3.879,13.426
12:49:13.543,2203.8021,109922,-3.949,13.563
12:49:13.569,2203.8221,109923,-3.943,13.71
12:49:13.575,2203.8421,109924,-3.988,13.567
12:49:13.601,2203.8621,109925,-3.917,13.452
12:49:13.617,2203.8821,109926,-4.018,13.395
12:49:13.650,2203.9021,109927,-3.929,13.53
12:49:13.661,2203.9221,109928,-3.784,13.565
12:49:13.693,2203.9421,109929,-3.847,13.444
12:49:13.693,2203.9621,109930,-4.007,13.388
12:49:13.736,2203.9821,109931,-3.948,13.507
12:49:13.736,2204.0021,109932,-3.8,13.584
12:49:13.767,2204.0221,109933,-3.775,13.442
12:49:13.811,2204.0421,109934,-3.682,13.522
12:49:13.811,2204.0621,109935,-3.823,13.526
12:49:13.816,2204.0821,109936,-4.001,13.528
12:49:13.842,2204.1021,109937,-3.856,13.444
12:49:13.859,2204.1221,109938,-4.001,13.388
12:49:13.886,2204.1421,109939,-3.887,13.505
12:49:13.944,2204.1621,109940,-4.023,13.525
12:49:13.950,2204.1821,109941,-3.936,13.425
12:49:13.950,2204.2021,109942,-4.058,13.489
12:49:13.977,2204.2221,109943,-3.941,13.571
12:49:13.977,2204.2421,109944,-3.809,13.493
12:49:14.008,2204.2621,109945,-3.83,13.63
12:49:14.051,2204.2821,109946,-3.74,13.771
12:49:14.051,2204.3021,109947,-3.812,13.637
12:49:14.057,2204.3221,109948,-3.885,13.504
12:49:14.084,2204.3421,109949,-3.708,13.497
12:49:14.095,2204.3621,109950,-3.63,13.64
12:49:14.174,2204.3821,109951,-3.561,13.509
12:49:14.174,2204.4021,109952,-3.664,13.594
12:49:14.174,2204.4221,109953,-3.781,13.585
12:49:14.175,2204.4421,109954,-3.866,13.494
12:49:14.202,2204.4621,109955,-3.758,13.533
12:49:14.218,2204.4821,109956,-3.664,13.396
12:49:14.245,2204.5021,109957,-3.792,13.505
12:49:14.277,2204.5221,109958,-3.705,13.413
12:49:14.277,2204.5421,109959,-3.872,13.435
12:49:14.309,2204.5621,109960,-3.765,13.562
12:49:14.320,2204.5821,109961,-3.822,13.711
12:49:14.351,2204.6021,109962,-3.855,13.566
12:49:14.352,2204.6221,109963,-3.955,13.541
12:49:14.398,2204.6421,109964,-3.855,13.571
12:49:14.399,2204.6621,109965,-3.861,13.716
12:49:14.425,2204.6821,109966,-4.006,13.644
12:49:14.458,2204.7021,109967,-3.883,13.693
12:49:14.458,2204.7221,109968,-4.031,13.619
12:49:14.490,2204.7421,109969,-3.869,13.572
12:49:14.516,2204.7621,109970,-3.815,13.708
12:49:14.516,2204.7821,109971,-3.905,13.584
12:49:14.559,2204.8021,109972,-3.886,13.442
12:49:14.565,2204.8221,109973,-3.801,13.559
12:49:14.575,2204.8421,109974,-3.792,13.703
12:49:14.608,2204.8621,109975,-3.859,13.595
12:49:14.634,2204.8821,109976,-3.802,13.457
12:49:14.640,2204.9021,109977,-3.635,13.501
12:49:14.666,2204.9221,109978,-3.713,13.366
12:49:14.682,2204.9421,109979,-3.884,13.406
12:49:14.699,2204.9621,109980,-4.026,13.46
12:49:14.758,2204.9821,109981,-3.863,13.5
12:49:14.758,2205.0021,109982,-3.973,13.542
12:49:14.763,2205.0221,109983,-3.802,13.503
12:49:14.790,2205.0421,109984,-3.804,13.646
12:49:14.801,2205.0621,109985,-3.698,13.552
12:49:14.817,2205.0821,109986,-3.657,13.403
12:49:14.875,2205.1021,109987,-3.767,13.405
12:49:14.880,2205.1221,109988,-3.826,13.266
12:49:14.880,2205.1421,109989,-3.708,13.354
12:49:14.907,2205.1621,109990,-3.824,13.478
12:49:14.923,2205.1821,109991,-3.683,13.379
12:49:14.940,2205.2021,109992,-3.558,13.449
12:49:14.998,2205.2221,109993,-3.674,13.373
12:49:14.998,2205.2421,109994,-3.807,13.455
12:49:14.998,2205.2621,109995,-3.647,13.515
12:49:15.025,2205.2821,109996,-3.565,13.382
12:49:15.041,2205.3021,109997,-3.591,13.513
12:49:15.057,2205.3221,109998,-3.674,13.642
12:49:15.114,2205.3421,109999,-3.504,13.635
12:49:15.120,2205.3621,110000,-3.64,13.54
12:49:15.120,2205.3821,110001,-3.717,13.407
12:49:15.147,2205.4021,110002,-3.591,13.508
12:49:15.164,2205.4221,110003,-3.743,13.592
12:49:15.191,2205.4421,110004,-3.781,13.446
12:49:15.191,2205.4621,110005,-3.714,13.545
12:49:15.223,2205.4821,110006,-3.825,13.417
12:49:15.239,2205.5021,110007,-3.783,13.551
12:49:15.266,2205.5221,110008,-3.8,13.69
12:49:15.282,2205.5421,110009,-3.814,13.555
12:49:15.298,2205.5621,110010,-3.77,13.428
12:49:15.340,2205.5821,110011,-3.917,13.51
12:49:15.346,2205.6021,110012,-4.022,13.421
12:49:15.357,2205.6221,110013,-3.851,13.423
12:49:15.400,2205.6421,110014,-3.918,13.295
12:49:15.405,2205.6621,110015,-3.847,13.393
12:49:15.416,2205.6821,110016,-3.776,13.514
12:49:15.462,2205.7021,110017,-3.8,13.373
12:49:15.462,2205.7221,110018,-3.815,13.518
12:49:15.478,2205.7421,110019,-3.703,13.499
12:49:15.505,2205.7621,110020,-3.642,13.376
12:49:15.520,2205.7821,110021,-3.47,13.357
12:49:15.537,2205.8021,110022,-3.647,13.333
12:49:15.584,2205.8221,110023,-3.525,13.352
12:49:15.584,2205.8421,110024,-3.622,13.424
12:49:15.595,2205.8621,110025,-3.784,13.381
12:49:15.627,2205.8821,110026,-3.68,13.436
12:49:15.644,2205.9021,110027,-3.775,13.573
12:49:15.654,2205.9221,110028,-3.943,13.608
12:49:15.702,2205.9421,110029,-3.919,13.757
12:49:15.702,2205.9621,110030,-3.872,13.627
12:49:15.719,2205.9821,110031,-3.771,13.5
12:49:15.745,2206.0021,110032,-3.864,13.428
12:49:15.761,2206.0221,110033,-3.997,13.339
12:49:15.778,2206.0421,110034,-3.865,13.439
12:49:15.821,2206.0621,110035,-3.769,13.333
12:49:15.821,2206.0821,110036,-3.654,13.444
12:49:15.836,2206.1021,110037,-3.798,13.534
12:49:15.869,2206.1221,110038,-3.913,13.543
12:49:15.880,2206.1421,110039,-3.822,13.483
12:49:15.896,2206.1621,110040,-3.949,13.382
12:49:15.943,2206.1821,110041,-3.989,13.528
12:49:15.944,2206.2021,110042,-3.958,13.661
12:49:15.954,2206.2221,110043,-3.959,13.516
12:49:15.986,2206.2421,110044,-3.931,13.382
12:49:16.002,2206.2621,110045,-4.091,13.323
12:49:16.018,2206.2821,110046,-3.986,13.445
12:49:16.060,2206.3021,110047,-3.871,13.475
12:49:16.066,2206.3221,110048,-3.698,13.448
12:49:16.076,2206.3421,110049,-3.807,13.499
12:49:16.108,2206.3621,110050,-3.636,13.53
12:49:16.135,2206.3821,110051,-3.802,13.466
12:49:16.140,2206.4021,110052,-3.887,13.349
12:49:16.168,2206.4221,110053,-3.83,13.494
12:49:16.184,2206.4421,110054,-3.913,13.399
12:49:16.195,2206.4621,110055,-3.788,13.412
12:49:16.243,2206.4821,110056,-3.743,13.556
12:49:16.243,2206.5021,110057,-3.73,13.694
12:49:16.259,2206.5221,110058,-3.602,13.583
12:49:16.286,2206.5421,110059,-3.637,13.446
12:49:16.302,2206.5621,110060,-3.775,13.505
12:49:16.318,2206.5821,110061,-3.697,13.646
12:49:16.345,2206.6021,110062,-3.724,13.495
12:49:16.361,2206.6221,110063,-3.772,13.372
12:49:16.377,2206.6421,110064,-3.735,13.5
12:49:16.409,2206.6621,110065,-3.726,13.356
12:49:16.420,2206.6821,110066,-3.655,13.458
12:49:16.451,2206.7021,110067,-3.633,13.597
12:49:16.452,2206.7221,110068,-3.731,13.525
12:49:16.483,2206.7421,110069,-3.878,13.44
12:49:16.499,2206.7621,110070,-3.722,13.477
12:49:16.525,2206.7821,110071,-3.742,13.63
12:49:16.557,2206.8021,110072,-3.866,13.525
12:49:16.557,2206.8221,110073,-3.758,13.643
12:49:16.589,2206.8421,110074,-3.818,13.501
12:49:16.605,2206.8621,110075,-3.823,13.359
12:49:16.648,2206.8821,110076,-3.728,13.466
12:49:16.648,2206.9021,110077,-3.648,13.603
12:49:16.664,2206.9221,110078,-3.775,13.691
12:49:16.674,2206.9421,110079,-3.721,13.567
12:49:16.706,2206.9621,110080,-3.674,13.419
12:49:16.722,2206.9821,110081,-3.519,13.365
12:49:16.765,2207.0021,110082,-3.652,13.316
12:49:16.770,2207.0221,110083,-3.623,13.451
12:49:16.780,2207.0421,110084,-3.613,13.598
12:49:16.797,2207.0621,110085,-3.775,13.565
12:49:16.829,2207.0821,110086,-3.681,13.485
12:49:16.840,2207.1021,110087,-3.772,13.364
12:49:16.887,2207.1221,110088,-3.834,13.482
12:49:16.887,2207.1421,110089,-3.679,13.394
12:49:16.903,2207.1621,110090,-3.666,13.541
12:49:16.920,2207.1821,110091,-3.498,13.545
12:49:16.947,2207.2021,110092,-3.592,13.445
12:49:16.963,2207.2221,110093,-3.763,13.479
12:49:17.006,2207.2421,110094,-3.684,13.611
12:49:17.006,2207.2621,110095,-3.577,13.654
12:49:17.022,2207.2821,110096,-3.686,13.537
12:49:17.038,2207.3021,110097,-3.734,13.398
12:49:17.065,2207.3221,110098,-3.678,13.508
12:49:17.081,2207.3421,110099,-3.803,13.612
12:49:17.114,2207.3621,110100,-3.841,13.48
12:49:17.114,2207.3821,110101,-3.904,13.372
12:49:17.140,2207.4021,110102,-3.776,13.403
12:49:17.157,2207.4221,110103,-3.648,13.376
12:49:17.188,2207.4421,110104,-3.804,13.425
12:49:17.200,2207.4621,110105,-3.965,13.438
12:49:17.232,2207.4821,110106,-4.067,13.369
12:49:17.232,2207.5021,110107,-3.965,13.424
12:49:17.264,2207.5221,110108,-3.921,13.557
12:49:17.291,2207.5421,110109,-3.837,13.421
12:49:17.291,2207.5621,110110,-3.731,13.443
12:49:17.323,2207.5821,110111,-3.727,13.592
12:49:17.350,2207.6021,110112,-3.713,13.74
12:49:17.355,2207.6221,110113,-3.843,13.636
12:49:17.398,2207.6421,110114,-3.741,13.603
12:49:17.398,2207.6621,110115,-3.819,13.517
12:49:17.425,2207.6821,110116,-3.666,13.59
12:49:17.441,2207.7021,110117,-3.721,13.466
12:49:17.473,2207.7221,110118,-3.783,13.363
12:49:17.473,2207.7421,110119,-3.778,13.509
12:49:17.500,2207.7621,110120,-3.691,13.608
12:49:17.515,2207.7821,110121,-3.703,13.468
12:49:17.547,2207.8021,110122,-3.55,13.508
12:49:17.590,2207.8221,110123,-3.697,13.597
12:49:17.595,2207.8421,110124,-3.588,13.71
12:49:17.595,2207.8621,110125,-3.644,13.569
12:49:17.621,2207.8821,110126,-3.724,13.46
12:49:17.637,2207.9021,110127,-3.725,13.321
12:49:17.669,2207.9221,110128,-3.827,13.252
12:49:17.695,2207.9421,110129,-3.738,13.335
12:49:17.701,2207.9621,110130,-3.843,13.269
12:49:17.727,2207.9821,110131,-3.737,13.376
12:49:17.743,2208.0021,110132,-3.768,13.519
12:49:17.754,2208.0221,110133,-3.773,13.374
12:49:17.786,2208.0421,110134,-3.692,13.474
12:49:17.834,2208.0621,110135,-3.803,13.474
12:49:17.834,2208.0821,110136,-3.889,13.567
12:49:17.834,2208.1021,110137,-3.781,13.587
12:49:17.861,2208.1221,110138,-3.708,13.456
12:49:17.877,2208.1421,110139,-3.779,13.6
12:49:17.908,2208.1621,110140,-3.627,13.638
12:49:17.951,2208.1821,110141,-3.533,13.501
12:49:17.951,2208.2021,110142,-3.664,13.429
12:49:17.957,2208.2221,110143,-3.574,13.512
12:49:17.983,2208.2421,110144,-3.73,13.542
12:49:17.994,2208.2621,110145,-3.783,13.424
12:49:18.026,2208.2821,110146,-3.655,13.529
12:49:18.058,2208.3021,110147,-3.673,13.393
12:49:18.058,2208.3221,110148,-3.711,13.525
12:49:18.085,2208.3421,110149,-3.599,13.635
12:49:18.101,2208.3621,110150,-3.59,13.495
12:49:18.117,2208.3821,110151,-3.513,13.378
12:49:18.150,2208.4021,110152,-3.629,13.469
12:49:18.177,2208.4221,110153,-3.801,13.481
12:49:18.177,2208.4421,110154,-3.958,13.562
12:49:18.209,2208.4621,110155,-3.902,13.416
12:49:18.236,2208.4821,110156,-3.794,13.369
12:49:18.236,2208.5021,110157,-3.745,13.486
12:49:18.267,2208.5221,110158,-3.726,13.628
12:49:18.299,2208.5421,110159,-3.654,13.484
12:49:18.299,2208.5621,110160,-3.637,13.634
12:49:18.342,2208.5821,110161,-3.798,13.705
12:49:18.342,2208.6021,110162,-3.725,13.578
12:49:18.358,2208.6221,110163,-3.832,13.455
12:49:18.385,2208.6421,110164,-3.693,13.483
12:49:18.418,2208.6621,110165,-3.802,13.474
12:49:18.418,2208.6821,110166,-3.893,13.397
12:49:18.445,2208.7021,110167,-3.789,13.381
12:49:18.461,2208.7221,110168,-3.788,13.527
12:49:18.477,2208.7421,110169,-3.714,13.665
12:49:18.537,2208.7621,110170,-3.816,13.538
12:49:18.537,2208.7821,110171,-3.93,13.472
12:49:18.542,2208.8021,110172,-3.79,13.551
12:49:18.569,2208.8221,110173,-3.774,13.407
12:49:18.579,2208.8421,110174,-3.8,13.548
12:49:18.596,2208.8621,110175,-3.63,13.542
12:49:18.655,2208.8821,110176,-3.47,13.473
12:49:18.660,2208.9021,110177,-3.58,13.362
12:49:18.661,2208.9221,110178,-3.656,13.24
12:49:18.687,2208.9421,110179,-3.745,13.372
12:49:18.703,2208.9621,110180,-3.851,13.437
12:49:18.715,2208.9821,110181,-4.016,13.391
12:49:18.778,2209.0021,110182,-3.907,13.343
12:49:18.778,2209.0221,110183,-3.796,13.371
12:49:18.778,2209.0421,110184,-3.739,13.25
12:49:18.805,2209.0621,110185,-3.794,13.395
12:49:18.821,2209.0821,110186,-3.781,13.543
12:49:18.837,2209.1021,110187,-3.762,13.671
12:49:18.895,2209.1221,110188,-3.754,13.519
12:49:18.901,2209.1421,110189,-3.723,13.391
12:49:18.901,2209.1621,110190,-3.543,13.355
12:49:18.928,2209.1821,110191,-3.729,13.31
12:49:18.944,2209.2021,110192,-3.899,13.269
12:49:18.970,2209.2221,110193,-3.742,13.271
12:49:18.976,2209.2421,110194,-3.751,13.231
12:49:19.004,2209.2621,110195,-3.939,13.178
12:49:19.020,2209.2821,110196,-3.759,13.207
12:49:19.046,2209.3021,110197,-3.698,13.333
12:49:19.078,2209.3221,110198,-3.725,13.476
12:49:19.078,2209.3421,110199,-3.723,13.332
12:49:19.121,2209.3621,110200,-3.823,13.252
12:49:19.121,2209.3821,110201,-3.932,13.204
12:49:19.136,2209.4021,110202,-3.919,13.343
12:49:19.168,2209.4221,110203,-3.8,13.315
12:49:19.184,2209.4421,110204,-3.881,13.232
12:49:19.195,2209.4621,110205,-3.77,13.222
12:49:19.243,2209.4821,110206,-3.786,13.377
12:49:19.243,2209.5021,110207,-3.851,13.486
12:49:19.254,2209.5221,110208,-3.705,13.483
12:49:19.286,2209.5421,110209,-3.801,13.422
12:49:19.302,2209.5621,110210,-3.739,13.544
12:49:19.318,2209.5821,110211,-3.683,13.686
12:49:19.360,2209.6021,110212,-3.744,13.577
12:49:19.365,2209.6221,110213,-3.782,13.435
12:49:19.376,2209.6421,110214,-3.66,13.521
12:49:19.408,2209.6621,110215,-3.741,13.624
12:49:19.424,2209.6821,110216,-3.832,13.505
12:49:19.435,2209.7021,110217,-3.929,13.639
12:49:19.482,2209.7221,110218,-3.784,13.548
12:49:19.482,2209.7421,110219,-3.95,13.511
12:49:19.514,2209.7621,110220,-3.888,13.623
12:49:19.514,2209.7821,110221,-3.745,13.69
12:49:19.541,2209.8021,110222,-3.88,13.595
12:49:19.557,2209.8221,110223,-3.979,13.538
12:49:19.616,2209.8421,110224,-3.807,13.512
12:49:19.616,2209.8621,110225,-3.696,13.398
12:49:19.622,2209.8821,110226,-3.616,13.5
12:49:19.649,2209.9021,110227,-3.781,13.467
12:49:19.665,2209.9221,110228,-3.673,13.416
12:49:19.676,2209.9421,110229,-3.737,13.306
12:49:19.724,2209.9621,110230,-3.89,13.327
12:49:19.724,2209.9821,110231,-3.857,13.469
12:49:19.735,2210.0021,110232,-3.694,13.422
12:49:19.768,2210.0221,110233,-3.629,13.54
12:49:19.784,2210.0421,110234,-3.788,13.488
12:49:19.795,2210.0621,110235,-3.904,13.414
12:49:19.842,2210.0821,110236,-3.903,13.269
12:49:19.842,2210.1021,110237,-3.874,13.417
12:49:19.858,2210.1221,110238,-3.765,13.414
12:49:19.890,2210.1421,110239,-3.811,13.545
12:49:19.901,2210.1621,110240,-3.96,13.539
12:49:19.948,2210.1821,110241,-3.885,13.675
12:49:19.949,2210.2021,110242,-3.814,13.566
12:49:19.959,2210.2222,110243,-3.773,13.422
12:49:19.976,2210.2421,110244,-3.895,13.432
12:49:20.008,2210.2621,110245,-3.784,13.316
12:49:20.024,2210.2821,110246,-3.618,13.362
12:49:20.035,2210.3021,110247,-3.783,13.299
12:49:20.067,2210.3221,110248,-3.804,13.165
12:49:20.083,2210.3421,110249,-3.778,13.293
12:49:20.099,2210.3621,110250,-3.795,13.429
12:49:20.125,2210.3821,110251,-3.733,13.303
12:49:20.141,2210.4021,110252,-3.83,13.439
12:49:20.157,2210.4221,110253,-3.877,13.566
12:49:20.189,2210.4421,110254,-3.736,13.466
12:49:20.200,2210.4621,110255,-3.591,13.537
12:49:20.232,2210.4821,110256,-3.685,13.404
12:49:20.232,2210.5021,110257,-3.777,13.484
12:49:20.260,2210.5221,110258,-3.736,13.354
12:49:20.275,2210.5421,110259,-3.639,13.482
12:49:20.307,2210.5621,110260,-3.794,13.414
12:49:20.323,2210.5821,110261,-3.78,13.562
12:49:20.340,2210.6021,110262,-3.646,13.644
12:49:20.366,2210.6221,110263,-3.667,13.501
12:49:20.382,2210.6421,110264,-3.822,13.566
12:49:20.429,2210.6621,110265,-3.716,13.506
12:49:20.430,2210.6821,110266,-3.747,13.356
12:49:20.440,2210.7022,110267,-3.765,13.505
12:49:20.457,2210.7221,110268,-3.899,13.596
12:49:20.489,2210.7421,110269,-3.798,13.631
12:49:20.499,2210.7621,110270,-3.744,13.482
12:49:20.546,2210.7821,110271,-3.776,13.629
12:49:20.546,2210.8021,110272,-3.8,13.49
12:49:20.563,2210.8222,110273,-3.727,13.6
12:49:20.579,2210.8421,110274,-3.861,13.499
12:49:20.605,2210.8621,110275,-3.996,13.538
12:49:20.621,2210.8821,110276,-3.835,13.605
12:49:20.669,2210.9021,110277,-3.777,13.486
12:49:20.669,2210.9221,110278,-3.683,13.346
12:49:20.685,2210.9422,110279,-3.79,13.367
12:49:20.695,2210.9621,110280,-3.914,13.325
12:49:20.728,2210.9821,110281,-3.892,13.456
12:49:20.744,2211.0021,110282,-3.847,13.339
12:49:20.787,2211.0221,110283,-3.917,13.478
12:49:20.787,2211.0421,110284,-3.76,13.553
12:49:20.803,2211.0621,110285,-3.779,13.404
12:49:20.819,2211.0821,110286,-3.859,13.505
12:49:20.861,2211.1021,110287,-3.864,13.646
12:49:20.861,2211.1221,110288,-3.903,13.51
12:49:20.893,2211.1421,110289,-3.811,13.417
12:49:20.893,2211.1621,110290,-3.743,13.307
12:49:20.924,2211.1821,110291,-3.723,13.457
12:49:20.935,2211.2021,110292,-3.794,13.317
12:49:20.968,2211.2221,110293,-3.794,13.471
12:49:20.984,2211.2421,110294,-3.886,13.604
12:49:21.010,2211.2621,110295,-3.716,13.563
12:49:21.016,2211.2821,110296,-3.833,13.472
12:49:21.043,2211.3021,110297,-3.672,13.537
12:49:21.059,2211.3221,110298,-3.671,13.4
12:49:21.085,2211.3421,110299,-3.77,13.348
12:49:21.102,2211.3621,110300,-3.807,13.202
12:49:21.135,2211.3821,110301,-3.772,13.35
12:49:21.135,2211.4021,110302,-3.9,13.456
12:49:21.177,2211.4221,110303,-3.779,13.562
12:49:21.178,2211.4421,110304,-3.783,13.423
12:49:21.205,2211.4621,110305,-3.799,13.571
12:49:21.221,2211.4821,110306,-3.698,13.457
12:49:21.253,2211.5021,110307,-3.637,13.598
12:49:21.253,2211.5221,110308,-3.753,13.593
12:49:21.280,2211.5421,110309,-3.758,13.445
12:49:21.296,2211.5621,110310,-3.71,13.581
12:49:21.328,2211.5821,110311,-3.675,13.455
12:49:21.386,2211.6021,110312,-3.806,13.56
12:49:21.386,2211.6221,110313,-3.635,13.58
12:49:21.391,2211.6421,110314,-3.7,13.441
12:49:21.402,2211.6622,110315,-3.808,13.429
12:49:21.418,2211.6821,110316,-3.8,13.568
12:49:21.445,2211.7021,110317,-3.943,13.542
12:49:21.493,2211.7221,110318,-3.827,13.522
12:49:21.493,2211.7421,110319,-3.745,13.423
12:49:21.493,2211.7621,110320,-3.925,13.464
12:49:21.520,2211.7821,110321,-3.812,13.535
12:49:21.536,2211.8021,110322,-3.908,13.603
12:49:21.568,2211.8221,110323,-3.846,13.479
12:49:21.611,2211.8421,110324,-3.848,13.629
12:49:21.611,2211.8621,110325,-3.947,13.557
12:49:21.617,2211.8821,110326,-3.798,13.562
12:49:21.644,2211.9021,110327,-3.889,13.428
12:49:21.660,2211.9221,110328,-3.741,13.389
12:49:21.687,2211.9421,110329,-3.839,13.509
12:49:21.729,2211.9621,110330,-3.717,13.408
12:49:21.735,2211.9821,110331,-3.878,13.361
12:49:21.735,2212.0021,110332,-3.983,13.324
12:49:21.762,2212.0221,110333,-3.964,13.468
12:49:21.778,2212.0421,110334,-4.11,13.395
12:49:21.805,2212.0621,110335,-3.988,13.319
12:49:21.838,2212.0821,110336,-4.021,13.176
12:49:21.838,2212.1021,110337,-3.866,13.249
12:49:21.865,2212.1221,110338,-3.893,13.395
12:49:21.882,2212.1421,110339,-3.745,13.471
12:49:21.914,2212.1621,110340,-3.899,13.406
12:49:21.914,2212.1821,110341,-3.766,13.304
12:49:21.958,2212.2021,110342,-3.928,13.267
12:49:21.958,2212.2221,110343,-3.757,13.301
12:49:21.985,2212.2421,110344,-3.872,13.324
12:49:22.018,2212.2621,110345,-3.753,13.431
12:49:22.018,2212.2821,110346,-3.754,13.576
12:49:22.045,2212.3021,110347,-3.916,13.597
12:49:22.077,2212.3221,110348,-3.772,13.591
12:49:22.077,2212.3421,110349,-3.85,13.504
12:49:22.119,2212.3621,110350,-3.763,13.37
12:49:22.125,2212.3821,110351,-3.935,13.354
12:49:22.136,2212.4021,110352,-3.871,13.468
12:49:22.168,2212.4221,110353,-3.753,13.417
12:49:22.195,2212.4421,110354,-3.597,13.45
12:49:22.200,2212.4621,110355,-3.689,13.522
12:49:22.227,2212.4821,110356,-3.681,13.379
12:49:22.243,2212.5021,110357,-3.783,13.429
12:49:22.259,2212.5221,110358,-3.89,13.467
12:49:22.318,2212.5421,110359,-3.935,13.612
12:49:22.318,2212.5621,110360,-3.802,13.509
12:49:22.318,2212.5821,110361,-3.669,13.494
12:49:22.344,2212.6021,110362,-3.83,13.484
12:49:22.360,2212.6221,110363,-3.995,13.449
12:49:22.376,2212.6421,110364,-3.926,13.338
12:49:22.434,2212.6621,110365,-3.783,13.424
12:49:22.440,2212.6821,110366,-3.725,13.546
12:49:22.440,2212.7021,110367,-3.608,13.428
12:49:22.466,2212.7221,110368,-3.783,13.457
12:49:22.482,2212.7421,110369,-3.693,13.369
12:49:22.498,2212.7621,110370,-3.858,13.422
12:49:22.555,2212.7821,110371,-3.879,13.569
12:49:22.561,2212.8021,110372,-3.778,13.608
12:49:22.561,2212.8221,110373,-3.918,13.662
12:49:22.587,2212.8421,110374,-3.839,13.523
12:49:22.603,2212.8621,110375,-3.669,13.527
12:49:22.619,2212.8821,110376,-3.769,13.607
12:49:22.678,2212.9021,110377,-3.695,13.479
12:49:22.678,2212.9221,110378,-3.819,13.407
12:49:22.678,2212.9421,110379,-3.847,13.546
12:49:22.709,2212.9621,110380,-3.682,13.486
12:49:22.720,2212.9821,110381,-3.644,13.346
12:49:22.753,2213.0021,110382,-3.813,13.377
12:49:22.753,2213.0221,110383,-3.783,13.518
12:49:22.784,2213.0421,110384,-3.896,13.4
12:49:22.795,2213.0621,110385,-3.993,13.514
12:49:22.827,2213.0821,110386,-3.827,13.525
12:49:22.843,2213.1021,110387,-3.836,13.381
12:49:22.859,2213.1221,110388,-3.764,13.505
12:49:22.902,2213.1421,110389,-3.92,13.576
12:49:22.902,2213.1621,110390,-3.749,13.582
12:49:22.918,2213.1821,110391,-3.601,13.663
12:49:22.950,2213.2021,110392,-3.761,13.613
12:49:22.960,2213.2221,110393,-3.857,13.7
12:49:22.977,2213.2421,110394,-3.767,13.591
12:49:23.020,2213.2621,110395,-3.656,13.638
12:49:23.025,2213.2821,110396,-3.81,13.567
12:49:23.036,2213.3021,110397,-3.884,13.463
12:49:23.068,2213.3221,110398,-3.772,13.469
12:49:23.084,2213.3421,110399,-3.647,13.352
12:49:23.095,2213.3621,110400,-3.746,13.463
12:49:23.142,2213.3821,110401,-3.86,13.533
12:49:23.142,2213.4021,110402,-3.746,13.412
12:49:23.159,2213.4221,110403,-3.835,13.342
12:49:23.185,2213.4421,110404,-3.825,13.487
12:49:23.202,2213.4621,110405,-3.653,13.467
12:49:23.218,2213.4821,110406,-3.541,13.532
12:49:23.276,2213.5021,110407,-3.612,13.398
12:49:23.276,2213.5225,110408,-3.768,13.482
12:49:23.282,2213.5421,110409,-3.904,13.417
12:49:23.309,2213.5621,110410,-3.938,13.562
12:49:23.320,2213.5821,110411,-3.805,13.611
12:49:23.336,2213.6021,110412,-3.901,13.545
12:49:23.384,2213.6221,110413,-3.807,13.458
12:49:23.384,2213.6421,110414,-3.683,13.452
12:49:23.400,2213.6621,110415,-3.781,13.38
12:49:23.426,2213.6821,110416,-3.84,13.523
12:49:23.442,2213.7021,110417,-3.961,13.536
12:49:23.457,2213.7221,110418,-3.855,13.469
12:49:23.500,2213.7421,110419,-3.847,13.328
12:49:23.506,2213.7621,110420,-3.82,13.472
12:49:23.516,2213.7821,110421,-3.892,13.576
12:49:23.548,2213.8021,110422,-3.805,13.478
12:49:23.575,2213.8221,110423,-3.946,13.377
12:49:23.580,2213.8421,110424,-3.843,13.391
12:49:23.623,2213.8621,110425,-3.729,13.466
12:49:23.623,2213.8821,110426,-3.881,13.455
12:49:23.638,2213.9021,110427,-4.008,13.338
12:49:23.665,2213.9221,110428,-3.942,13.46
12:49:23.681,2213.9421,110429,-4.046,13.43
12:49:23.697,2213.9621,110430,-3.898,13.472
12:49:23.725,2213.9821,110431,-3.943,13.347
12:49:23.740,2214.0021,110432,-3.789,13.426
12:49:23.756,2214.0221,110433,-3.777,13.568
12:49:23.788,2214.0421,110434,-3.826,13.458
12:49:23.804,2214.0621,110435,-3.688,13.519
12:49:23.815,2214.0821,110436,-3.698,13.664
12:49:23.847,2214.1021,110437,-3.719,13.529
12:49:23.863,2214.1221,110438,-3.892,13.573
12:49:23.880,2214.1421,110439,-3.826,13.465
12:49:23.907,2214.1621,110440,-3.936,13.495
12:49:23.923,2214.1821,110441,-3.82,13.446
12:49:23.939,2214.2021,110442,-3.854,13.306
12:49:23.965,2214.2221,110443,-3.885,13.443
12:49:23.981,2214.2421,110444,-3.736,13.528
12:49:23.998,2214.2621,110445,-3.794,13.412
12:49:24.025,2214.2821,110446,-3.715,13.533
12:49:24.042,2214.3021,110447,-3.725,13.387
12:49:24.058,2214.3221,110448,-3.685,13.513
12:49:24.089,2214.3421,110449,-3.755,13.411
12:49:24.100,2214.3621,110450,-3.844,13.497
12:49:24.117,2214.3821,110451,-3.752,13.571
12:49:24.150,2214.4021,110452,-3.706,13.423
12:49:24.160,2214.4221,110453,-3.628,13.526
12:49:24.209,2214.4421,110454,-3.617,13.668
12:49:24.210,2214.4621,110455,-3.77,13.599
12:49:24.220,2214.4821,110456,-3.783,13.455
12:49:24.236,2214.5021,110457,-3.889,13.421
12:49:24.268,2214.5221,110458,-3.814,13.518
12:49:24.284,2214.5421,110459,-3.669,13.607
12:49:24.311,2214.5621,110460,-3.761,13.476
12:49:24.311,2214.5821,110461,-3.786,13.326
12:49:24.343,2214.6021,110462,-3.919,13.397
12:49:24.354,2214.6221,110463,-3.88,13.524
12:49:24.387,2214.6421,110464,-4.002,13.419
12:49:24.403,2214.6621,110465,-3.832,13.446
12:49:24.446,2214.6821,110466,-3.962,13.424
12:49:24.451,2214.7021,110467,-3.868,13.48
12:49:24.462,2214.7221,110468,-4.012,13.556
12:49:24.478,2214.7421,110469,-3.891,13.46
12:49:24.505,2214.7621,110470,-3.833,13.343
12:49:24.521,2214.7821,110471,-3.873,13.215
12:49:24.569,2214.8021,110472,-3.975,13.306
12:49:24.569,2214.8221,110473,-3.825,13.359
12:49:24.585,2214.8421,110474,-3.946,13.466
12:49:24.596,2214.8621,110475,-3.842,13.579
12:49:24.628,2214.8821,110476,-3.976,13.482
12:49:24.644,2214.9021,110477,-4.057,13.589
12:49:24.671,2214.9221,110478,-3.96,13.525
12:49:24.676,2214.9421,110479,-3.941,13.384
12:49:24.703,2214.9621,110480,-3.834,13.484
12:49:24.720,2214.9821,110481,-3.932,13.547
12:49:24.747,2215.0021,110482,-3.83,13.665
12:49:24.763,2215.0221,110483,-3.951,13.562
12:49:24.790,2215.0421,110484,-3.782,13.521
12:49:24.795,2215.0621,110485,-3.815,13.388
12:49:24.854,2215.0821,110486,-3.766,13.533
12:49:24.854,2215.1021,110487,-3.797,13.386
12:49:24.854,2215.1221,110488,-3.638,13.41
12:49:24.880,2215.1421,110489,-3.8,13.42
12:49:24.912,2215.1621,110490,-3.73,13.53
12:49:24.912,2215.1821,110491,-3.849,13.426
12:49:24.944,2215.2021,110492,-3.736,13.401
12:49:24.955,2215.2221,110493,-3.844,13.432
12:49:24.986,2215.2421,110494,-3.74,13.55
12:49:25.002,2215.2621,110495,-3.834,13.481
12:49:25.034,2215.2821,110496,-3.825,13.629
12:49:25.035,2215.3021,110497,-3.811,13.491
12:49:25.061,2215.3221,110498,-3.673,13.556
12:49:25.077,2215.3421,110499,-3.764,13.486
12:49:25.109,2215.3621,110500,-3.811,13.36
12:49:25.152,2215.3821,110501,-3.731,13.437
12:49:25.152,2215.4021,110502,-3.859,13.439
12:49:25.157,2215.4221,110503,-3.754,13.431
12:49:25.184,2215.4421,110504,-3.893,13.386
12:49:25.195,2215.4621,110505,-3.991,13.515
12:49:25.227,2215.4821,110506,-3.919,13.659
12:49:25.258,2215.5021,110507,-4.042,13.566
12:49:25.258,2215.5235,110508,-3.931,13.502
12:49:25.285,2215.5421,110509,-3.976,13.636
12:49:25.301,2215.5621,110510,-3.875,13.505
12:49:25.317,2215.5821,110511,-3.819,13.638
12:49:25.349,2215.6021,110512,-3.756,13.52
12:49:25.360,2215.6221,110513,-3.857,13.423
12:49:25.392,2215.6421,110514,-3.938,13.566
12:49:25.392,2215.6621,110515,-3.88,13.443
12:49:25.424,2215.6821,110516,-3.946,13.552
12:49:25.435,2215.7021,110517,-3.848,13.633
12:49:25.466,2215.7221,110518,-3.859,13.492
12:49:25.514,2215.7421,110519,-4.009,13.437
12:49:25.514,2215.7621,110520,-3.847,13.467
12:49:25.514,2215.7821,110521,-3.774,13.325
12:49:25.541,2215.8021,110522,-3.889,13.321
12:49:25.572,2215.8221,110523,-3.736,13.326
12:49:25.573,2215.8421,110524,-3.689,13.469
12:49:25.615,2215.8621,110525,-3.644,13.611
12:49:25.620,2215.8821,110526,-3.499,13.678
12:49:25.647,2215.9021,110527,-3.574,13.577
12:49:25.679,2215.9221,110528,-3.741,13.541
12:49:25.679,2215.9421,110529,-3.575,13.513
12:49:25.706,2215.9621,110530,-3.566,13.655
12:49:25.738,2215.9821,110531,-3.669,13.531
12:49:25.738,2216.0021,110532,-3.557,13.651
12:49:25.780,2216.0221,110533,-3.643,13.558
12:49:25.785,2216.0421,110534,-3.635,13.41
12:49:25.796,2216.0621,110535,-3.592,13.537
12:49:25.828,2216.0821,110536,-3.743,13.512
12:49:25.855,2216.1021,110537,-3.76,13.367
12:49:25.860,2216.1221,110538,-3.892,13.384
12:49:25.887,2216.1421,110539,-3.925,13.236
12:49:25.903,2216.1621,110540,-3.931,13.378
12:49:25.919,2216.1821,110541,-3.831,13.502
12:49:25.946,2216.2021,110542,-3.935,13.573
12:49:25.978,2216.2221,110543,-3.872,13.685
12:49:25.978,2216.2421,110544,-3.79,13.589
12:49:26.010,2216.2621,110545,-3.916,13.702
12:49:26.020,2216.2821,110546,-3.807,13.643
12:49:26.036,2216.3021,110547,-3.801,13.78
12:49:26.095,2216.3221,110548,-3.744,13.635
12:49:26.100,2216.3421,110549,-3.825,13.507
12:49:26.100,2216.3621,110550,-3.859,13.368
12:49:26.127,2216.3821,110551,-3.842,13.504
12:49:26.144,2216.4021,110552,-3.931,13.597
12:49:26.155,2216.4221,110553,-4.008,13.457
12:49:26.218,2216.4421,110554,-3.892,13.406
12:49:26.218,2216.4621,110555,-3.824,13.272
12:49:26.218,2216.4821,110556,-3.856,13.402
12:49:26.246,2216.5021,110557,-3.841,13.543
12:49:26.263,2216.5221,110558,-3.697,13.453
12:49:26.278,2216.5421,110559,-3.714,13.601
12:49:26.337,2216.5621,110560,-3.652,13.447
12:49:26.337,2216.5821,110561,-3.765,13.48
12:49:26.338,2216.6021,110562,-3.592,13.455
12:49:26.365,2216.6221,110563,-3.755,13.518
12:49:26.382,2216.6421,110564,-3.731,13.661
12:49:26.398,2216.6621,110565,-3.782,13.517
12:49:26.457,2216.6821,110566,-3.755,13.368
12:49:26.457,2216.7021,110567,-3.825,13.508
12:49:26.462,2216.7221,110568,-3.875,13.387
12:49:26.490,2216.7421,110569,-3.775,13.514
12:49:26.500,2216.7621,110570,-3.855,13.376
12:49:26.516,2216.7821,110571,-3.741,13.497
12:49:26.560,2216.8021,110572,-3.805,13.639
12:49:26.565,2216.8221,110573,-3.686,13.535
12:49:26.575,2216.8421,110574,-3.735,13.389
12:49:26.607,2216.8621,110575,-3.653,13.504
12:49:26.622,2216.8821,110576,-3.779,13.614
12:49:26.638,2216.9021,110577,-3.738,13.488
12:49:26.681,2216.9221,110578,-3.904,13.445
12:49:26.681,2216.9421,110579,-3.882,13.581
12:49:26.697,2216.9621,110580,-3.806,13.466
12:49:26.729,2216.9821,110581,-3.991,13.466
12:49:26.740,2217.0021,110582,-4.006,13.327
12:49:26.756,2217.0221,110583,-4.064,13.475
12:49:26.800,2217.0421,110584,-3.965,13.586
12:49:26.805,2217.0621,110585,-3.786,13.588
12:49:26.832,2217.0821,110586,-3.884,13.462
12:49:26.833,2217.1021,110587,-3.945,13.35
12:49:26.860,2217.1221,110588,-4.035,13.486
12:49:26.876,2217.1421,110589,-3.875,13.433
12:49:26.951,2217.1621,110590,-3.808,13.297
12:49:26.951,2217.1821,110591,-3.799,13.436
12:49:26.956,2217.2021,110592,-3.953,13.489
12:49:26.956,2217.2221,110593,-3.851,13.449
12:49:26.982,2217.2421,110594,-4.011,13.499
12:49:26.999,2217.2621,110595,-4.068,13.367
12:49:27.042,2217.2821,110596,-3.901,13.342
12:49:27.042,2217.3021,110597,-3.943,13.473
12:49:27.058,2217.3221,110598,-3.79,13.535
12:49:27.085,2217.3421,110599,-3.906,13.516
12:49:27.102,2217.3621,110600,-4.036,13.536
12:49:27.118,2217.3821,110601,-3.951,13.672
12:49:27.149,2217.4021,110602,-3.836,13.579
12:49:27.160,2217.4221,110603,-3.738,13.522
12:49:27.177,2217.4421,110604,-3.91,13.503
12:49:27.208,2217.4621,110605,-3.778,13.601
12:49:27.224,2217.4821,110606,-3.79,13.465
12:49:27.235,2217.5021,110607,-3.615,13.47
12:49:27.283,2217.5245,110608,-3.816,13.492
12:49:27.283,2217.5421,110609,-3.876,13.367
12:49:27.299,2217.5621,110610,-3.796,13.456
12:49:27.326,2217.5821,110611,-3.672,13.341
12:49:27.341,2217.6021,110612,-3.78,13.389
12:49:27.358,2217.6221,110613,-3.635,13.472
12:49:27.401,2217.6421,110614,-3.652,13.616
12:49:27.401,2217.6621,110615,-3.799,13.582
12:49:27.417,2217.6821,110616,-3.926,13.683
12:49:27.449,2217.7021,110617,-3.905,13.539
12:49:27.465,2217.7221,110618,-4.009,13.592
12:49:27.476,2217.7421,110619,-3.898,13.528
12:49:27.508,2217.7621,110620,-3.883,13.667
12:49:27.525,2217.7821,110621,-3.892,13.525
12:49:27.535,2217.8021,110622,-3.834,13.66
12:49:27.583,2217.8221,110623,-3.883,13.525
12:49:27.583,2217.8421,110624,-3.73,13.597
12:49:27.599,2217.8621,110625,-3.864,13.525
12:49:27.627,2217.8821,110626,-3.871,13.67
12:49:27.643,2217.9021,110627,-3.885,13.534
12:49:27.659,2217.9221,110628,-3.886,13.677
12:49:27.686,2217.9421,110629,-3.902,13.53
12:49:27.702,2217.9621,110630,-3.739,13.489
12:49:27.718,2217.9821,110631,-3.906,13.469
12:49:27.749,2218.0021,110632,-3.73,13.462
12:49:27.761,2218.0221,110633,-3.886,13.405
12:49:27.777,2218.0421,110634,-3.931,13.54
12:49:27.810,2218.0621,110635,-4.017,13.679
12:49:27.820,2218.0821,110636,-3.922,13.54
12:49:27.837,2218.1021,110637,-3.809,13.523
12:49:27.868,2218.1221,110638,-3.925,13.446
12:49:27.884,2218.1421,110639,-3.776,13.364
12:49:27.895,2218.1621,110640,-3.816,13.509
12:49:27.929,2218.1821,110641,-3.902,13.599
12:49:27.945,2218.2021,110642,-4.007,13.682
12:49:27.988,2218.2221,110643,-3.973,13.558
12:49:27.988,2218.2421,110644,-3.829,13.476
12:49:28.004,2218.2621,110645,-3.881,13.351
12:49:28.020,2218.2821,110646,-4.001,13.375
12:49:28.047,2218.3021,110647,-3.888,13.352
12:49:28.063,2218.3221,110648,-4.028,13.426
12:49:28.106,2218.3421,110649,-3.854,13.399
12:49:28.106,2218.3621,110650,-3.942,13.292
12:49:28.123,2218.3821,110651,-3.836,13.414
12:49:28.139,2218.4021,110652,-3.94,13.533
12:49:28.166,2218.4221,110653,-4.029,13.623
12:49:28.182,2218.4421,110654,-3.876,13.559
12:49:28.229,2218.4621,110655,-3.786,13.471
12:49:28.229,2218.4821,110656,-3.858,13.332
12:49:28.240,2218.5021,110657,-3.777,13.474
12:49:28.256,2218.5221,110658,-3.786,13.624
12:49:28.289,2218.5421,110659,-3.771,13.474
12:49:28.305,2218.5621,110660,-3.847,13.36
12:49:28.347,2218.5821,110661,-3.835,13.219
12:49:28.347,2218.6021,110662,-3.844,13.363
12:49:28.363,2218.6221,110663,-3.85,13.509
12:49:28.379,2218.6421,110664,-3.72,13.404
12:49:28.406,2218.6621,110665,-3.856,13.503
12:49:28.422,2218.6821,110666,-3.758,13.372
12:49:28.453,2218.7021,110667,-3.752,13.514
12:49:28.453,2218.7221,110668,-3.919,13.492
12:49:28.480,2218.7421,110669,-3.923,13.353
12:49:28.512,2218.7621,110670,-3.897,13.49
12:49:28.512,2218.7821,110671,-3.74,13.559
12:49:28.544,2218.8021,110672,-3.839,13.619
12:49:28.572,2218.8221,110673,-3.694,13.706
12:49:28.572,2218.8421,110674,-3.749,13.588
12:49:28.619,2218.8621,110675,-3.616,13.679
12:49:28.620,2218.8821,110676,-3.726,13.556
12:49:28.647,2218.9021,110677,-3.832,13.443
12:49:28.662,2218.9221,110678,-3.726,13.472
12:49:28.695,2218.9421,110679,-3.904,13.472
12:49:28.695,2218.9621,110680,-3.832,13.329
12:49:28.721,2218.9821,110681,-3.944,13.365
12:49:28.738,2219.0021,110682,-3.867,13.459
12:49:28.770,2219.0221,110683,-3.727,13.399
12:49:28.780,2219.0421,110684,-3.703,13.254
12:49:28.828,2219.0621,110685,-3.86,13.297
12:49:28.828,2219.0821,110686,-3.914,13.421
12:49:28.844,2219.1021,110687,-3.87,13.56
12:49:28.859,2219.1221,110688,-3.756,13.531
12:49:28.886,2219.1421,110689,-3.871,13.501
12:49:28.945,2219.1621,110690,-3.977,13.457
12:49:28.951,2219.1821,110691,-3.865,13.429
12:49:28.951,2219.2021,110692,-3.767,13.522
12:49:28.961,2219.2221,110693,-3.599,13.49
12:49:28.977,2219.2421,110694,-3.761,13.428
12:49:29.009,2219.2621,110695,-3.875,13.556
12:49:29.052,2219.2821,110696,-3.887,13.408
12:49:29.052,2219.3021,110697,-4.029,13.435
12:49:29.057,2219.3221,110698,-3.916,13.435
12:49:29.083,2219.3421,110699,-3.955,13.291
12:49:29.100,2219.3621,110700,-3.921,13.437
12:49:29.170,2219.3821,110701,-3.904,13.285
12:49:29.175,2219.4021,110702,-3.878,13.423
12:49:29.175,2219.4221,110703,-4.039,13.352
12:49:29.176,2219.4421,110704,-3.886,13.42
12:49:29.203,2219.4621,110705,-4.015,13.485
12:49:29.218,2219.4821,110706,-3.911,13.437
12:49:29.250,2219.5021,110707,-4.022,13.331
12:49:29.293,2219.5255,110708,-4.001,13.496
12:49:29.293,2219.5421,110709,-3.879,13.563
12:49:29.293,2219.5621,110710,-3.975,13.499
12:49:29.320,2219.5821,110711,-3.954,13.365
12:49:29.336,2219.6021,110712,-4.071,13.476
12:49:29.368,2219.6221,110713,-3.943,13.585
12:49:29.395,2219.6421,110714,-3.794,13.539
12:49:29.401,2219.6621,110715,-3.962,13.585
12:49:29.427,2219.6821,110716,-4.081,13.489
12:49:29.443,2219.7021,110717,-3.914,13.514
12:49:29.459,2219.7221,110718,-3.932,13.37
12:49:29.485,2219.7421,110719,-3.898,13.52
12:49:29.516,2219.7621,110720,-3.904,13.664
12:49:29.516,2219.7821,110721,-3.809,13.533
12:49:29.548,2219.8021,110722,-3.705,13.4
12:49:29.564,2219.8221,110723,-3.871,13.396
12:49:29.580,2219.8421,110724,-3.92,13.538
12:49:29.606,2219.8621,110725,-3.93,13.687
12:49:29.638,2219.8821,110726,-4.033,13.627
12:49:29.638,2219.9021,110727,-3.936,13.537
12:49:29.670,2219.9221,110728,-3.829,13.497
12:49:29.681,2219.9421,110729,-3.807,13.352
12:49:29.698,2219.9621,110730,-3.637,13.352
12:49:29.729,2219.9821,110731,-3.747,13.365
12:49:29.756,2220.0021,110732,-3.679,13.5
12:49:29.756,2220.0221,110733,-3.838,13.438
12:49:29.789,2220.0421,110734,-3.736,13.57
12:49:29.800,2220.0621,110735,-3.795,13.459
12:49:29.816,2220.0821,110736,-3.76,13.59
12:49:29.878,2220.1021,110737,-3.863,13.62
12:49:29.879,2220.1221,110738,-3.812,13.472
12:49:29.879,2220.1421,110739,-3.795,13.333
12:49:29.905,2220.1621,110740,-3.658,13.433
12:49:29.921,2220.1821,110741,-3.487,13.402
12:49:29.937,2220.2021,110742,-3.618,13.513
12:49:29.996,2220.2221,110743,-3.73,13.396
12:49:29.996,2220.2421,110744,-3.753,13.251
12:49:30.001,2220.2621,110745,-3.798,13.381
12:49:30.028,2220.2821,110746,-3.888,13.296
12:49:30.044,2220.3021,110747,-3.89,13.44
12:49:30.055,2220.3221,110748,-4.024,13.518
12:49:30.119,2220.3421,110749,-3.97,13.399
12:49:30.119,2220.3621,110750,-3.975,13.553
12:49:30.119,2220.3821,110751,-3.905,13.438
12:49:30.147,2220.4021,110752,-4.034,13.469
12:49:30.163,2220.4221,110753,-3.922,13.486
12:49:30.179,2220.4421,110754,-3.743,13.468
12:49:30.236,2220.4621,110755,-3.862,13.527
12:49:30.237,2220.4821,110756,-3.962,13.426
12:49:30.242,2220.5021,110757,-3.834,13.451
12:49:30.269,2220.5221,110758,-3.774,13.593
12:49:30.285,2220.5421,110759,-3.871,13.534
12:49:30.296,2220.5621,110760,-3.769,13.44
12:49:30.345,2220.5821,110761,-3.813,13.582
12:49:30.345,2220.6021,110762,-3.976,13.51
12:49:30.356,2220.6221,110763,-3.904,13.404
12:49:30.387,2220.6421,110764,-3.789,13.317
12:49:30.404,2220.6621,110765,-3.85,13.434
12:49:30.420,2220.6821,110766,-3.682,13.383
12:49:30.463,2220.7021,110767,-3.779,13.51
12:49:30.463,2220.7221,110768,-3.935,13.567
12:49:30.479,2220.7421,110769,-3.889,13.431
12:49:30.506,2220.7621,110770,-3.755,13.463
12:49:30.522,2220.7821,110771,-3.719,13.313
12:49:30.538,2220.8021,110772,-3.698,13.46
12:49:30.582,2220.8221,110773,-3.702,13.601
12:49:30.582,2220.8421,110774,-3.818,13.493
12:49:30.598,2220.8621,110775,-3.737,13.354
12:49:30.625,2220.8821,110776,-3.71,13.488
12:49:30.641,2220.9021,110777,-3.748,13.618
12:49:30.657,2220.9221,110778,-3.665,13.496
12:49:30.716,2220.9421,110779,-3.663,13.348
12:49:30.717,2220.9621,110780,-3.762,13.216
12:49:30.722,2220.9821,110781,-3.735,13.354
12:49:30.748,2221.0021,110782,-3.803,13.477
12:49:30.764,2221.0221,110783,-3.831,13.338
12:49:30.775,2221.0421,110784,-3.833,13.477
12:49:30.822,2221.0621,110785,-3.74,13.538
12:49:30.822,2221.0821,110786,-3.851,13.575
12:49:30.838,2221.1021,110787,-3.677,13.56
12:49:30.865,2221.1221,110788,-3.764,13.454
12:49:30.882,2221.1421,110789,-3.783,13.592
12:49:30.897,2221.1621,110790,-3.801,13.737
12:49:30.941,2221.1821,110791,-3.736,13.593
12:49:30.941,2221.2021,110792,-3.635,13.715
12:49:30.957,2221.2221,110793,-3.658,13.576
12:49:30.988,2221.2421,110794,-3.705,13.451
12:49:31.004,2221.2621,110795,-3.874,13.446
12:49:31.015,2221.2821,110796,-3.748,13.454
12:49:31.062,2221.3021,110797,-3.652,13.504
12:49:31.063,2221.3221,110798,-3.575,13.638
12:49:31.079,2221.3421,110799,-3.744,13.601
12:49:31.105,2221.3621,110800,-3.889,13.516
12:49:31.121,2221.3821,110801,-3.837,13.379
12:49:31.137,2221.4021,110802,-3.707,13.467
12:49:31.181,2221.4221,110803,-3.6,13.501
12:49:31.181,2221.4421,110804,-3.593,13.358
12:49:31.198,2221.4621,110805,-3.696,13.429
12:49:31.225,2221.4821,110806,-3.857,13.47
12:49:31.242,2221.5021,110807,-3.776,13.563
12:49:31.289,2221.5265,110808,-3.636,13.592
12:49:31.290,2221.5421,110809,-3.612,13.702
12:49:31.300,2221.5621,110810,-3.752,13.631
12:49:31.333,2221.5821,110811,-3.924,13.522
12:49:31.333,2221.6021,110812,-4.028,13.474
12:49:31.365,2221.6221,110813,-3.916,13.429
12:49:31.376,2221.6421,110814,-3.812,13.545
12:49:31.407,2221.6621,110815,-3.65,13.58
12:49:31.423,2221.6821,110816,-3.711,13.455
12:49:31.439,2221.7021,110817,-3.834,13.451
12:49:31.466,2221.7221,110818,-3.94,13.389
12:49:31.482,2221.7421,110819,-3.796,13.463
12:49:31.498,2221.7621,110820,-3.714,13.374
12:49:31.525,2221.7821,110821,-3.565,13.402
12:49:31.541,2221.8021,110822,-3.622,13.508
12:49:31.557,2221.8221,110823,-3.702,13.369
12:49:31.590,2221.8421,110824,-3.828,13.352
12:49:31.600,2221.8621,110825,-3.777,13.473
12:49:31.616,2221.8821,110826,-3.61,13.426
12:49:31.649,2221.9021,110827,-3.715,13.389
12:49:31.665,2221.9221,110828,-3.545,13.383
12:49:31.676,2221.9421,110829,-3.618,13.511
12:49:31.708,2221.9621,110830,-3.487,13.61
12:49:31.724,2221.9821,110831,-3.625,13.525
12:49:31.767,2222.0021,110832,-3.797,13.497
12:49:31.767,2222.0221,110833,-3.854,13.353
12:49:31.783,2222.0421,110834,-3.763,13.432
12:49:31.800,2222.0621,110835,-3.886,13.352
12:49:31.826,2222.0821,110836,-3.865,13.494
12:49:31.887,2222.1021,110837,-3.779,13.574
12:49:31.888,2222.1221,110838,-3.642,13.478
12:49:31.888,2222.1421,110839,-3.688,13.333
12:49:31.904,2222.1621,110840,-3.517,13.305
12:49:31.915,2222.1821,110841,-3.5,13.451
12:49:31.963,2222.2021,110842,-3.654,13.395
12:49:31.963,2222.2221,110843,-3.53,13.504
12:49:32.006,2222.2421,110844,-3.641,13.392
12:49:32.006,2222.2621,110845,-3.545,13.449
12:49:32.022,2222.2821,110846,-3.723,13.516
12:49:32.039,2222.3021,110847,-3.738,13.383
12:49:32.070,2222.3221,110848,-3.625,13.37
12:49:32.081,2222.3421,110849,-3.704,13.502
12:49:32.128,2222.3621,110850,-3.849,13.441
12:49:32.128,2222.3821,110851,-3.702,13.513
12:49:32.144,2222.4021,110852,-3.736,13.364
12:49:32.171,2222.4221,110853,-3.568,13.308
12:49:32.171,2222.4421,110854,-3.604,13.436
12:49:32.203,2222.4621,110855,-3.576,13.581
12:49:32.230,2222.4821,110856,-3.646,13.444
12:49:32.235,2222.5021,110857,-3.668,13.589
12:49:32.262,2222.5221,110858,-3.629,13.711
12:49:32.278,2222.5421,110859,-3.782,13.651
12:49:32.305,2222.5621,110860,-3.693,13.503
12:49:32.321,2222.5821,110861,-3.726,13.372
12:49:32.352,2222.6021,110862,-3.618,13.302
12:49:32.352,2222.6221,110863,-3.513,13.401
12:49:32.385,2222.6421,110864,-3.652,13.498
12:49:32.411,2222.6621,110865,-3.73,13.397
12:49:32.412,2222.6821,110866,-3.574,13.444
12:49:32.444,2222.7021,110867,-3.707,13.526
12:49:32.470,2222.7221,110868,-3.748,13.396
12:49:32.476,2222.7421,110869,-3.663,13.536
12:49:32.503,2222.7621,110870,-3.706,13.39
12:49:32.519,2222.7821,110871,-3.745,13.523
12:49:32.546,2222.8021,110872,-3.589,13.568
12:49:32.562,2222.8221,110873,-3.538,13.439
12:49:32.594,2222.8421,110874,-3.663,13.335
12:49:32.594,2222.8621,110875,-3.819,13.411
12:49:32.620,2222.8821,110876,-3.656,13.366
12:49:32.636,2222.9021,110877,-3.624,13.233
12:49:32.668,2222.9221,110878,-3.508,13.25
12:49:32.684,2222.9421,110879,-3.442,13.139
12:49:32.710,2222.9621,110880,-3.318,13.172
12:49:32.716,2222.9821,110881,-3.472,13.249
12:49:32.742,2223.0021,110882,-3.625,13.194
12:49:32.758,2223.0221,110883,-3.525,13.179
12:49:32.817,2223.0421,110884,-3.428,13.264
12:49:32.817,2223.0621,110885,-3.54,13.296
12:49:32.818,2223.0821,110886,-3.66,13.304
12:49:32.850,2223.1021,110887,-3.548,13.321
12:49:32.860,2223.1221,110888,-3.675,13.306
12:49:32.876,2223.1421,110889,-3.851,13.298
12:49:32.908,2223.1621,110890,-3.805,13.433
12:49:32.924,2223.1821,110891,-3.794,13.581
12:49:32.951,2223.2021,110892,-3.951,13.559
12:49:32.956,2223.2221,110893,-3.815,13.537
12:49:32.982,2223.2421,110894,-3.668,13.454
12:49:33.014,2223.2621,110895,-3.775,13.487
12:49:33.014,2223.2821,110896,-3.752,13.347
12:49:33.073,2223.3021,110897,-3.857,13.433
12:49:33.073,2223.3221,110898,-3.757,13.427
12:49:33.073,2223.3421,110899,-3.79,13.284
12:49:33.100,2223.3621,110900,-3.856,13.422
12:49:33.116,2223.3821,110901,-3.723,13.514
12:49:33.147,2223.4021,110902,-3.776,13.632
12:49:33.180,2223.4221,110903,-3.862,13.5
12:49:33.180,2223.4421,110904,-3.971,13.548
12:49:33.206,2223.4621,110905,-3.921,13.666
12:49:33.222,2223.4821,110906,-3.911,13.521
12:49:33.238,2223.5021,110907,-3.822,13.614
12:49:33.265,2223.5221,110908,-3.912,13.707
12:49:33.313,2223.5421,110909,-4.048,13.692
12:49:33.314,2223.5621,110910,-3.955,13.624
12:49:33.314,2223.5821,110911,-4.069,13.55
12:49:33.340,2223.6021,110912,-4.27,13.517
12:49:33.356,2223.6221,110913,-4.266,13.5
12:49:33.388,2223.6421,110914,-4.322,13.542
12:49:33.415,2223.6621,110915,-4.139,13.526
12:49:33.420,2223.6821,110916,-4.257,13.394
12:49:33.447,2223.7021,110917,-4.24,13.235
12:49:33.463,2223.7221,110918,-4.07,13.231
12:49:33.479,2223.7421,110919,-4.007,13.363
12:49:33.538,2223.7621,110920,-3.912,13.495
12:49:33.538,2223.7821,110921,-3.836,13.361
12:49:33.544,2223.8021,110922,-3.832,13.509
12:49:33.570,2223.8221,110923,-3.856,13.364
12:49:33.580,2223.8421,110924,-3.769,13.456
12:49:33.597,2223.8621,110925,-3.876,13.494
12:49:33.655,2223.8821,110926,-3.874,13.348
12:49:33.661,2223.9021,110927,-3.868,13.491
12:49:33.661,2223.9221,110928,-3.922,13.607
12:49:33.688,2223.9421,110929,-3.949,13.463
12:49:33.704,2223.9621,110930,-3.936,13.33
12:49:33.719,2223.9821,110931,-3.929,13.184
12:49:33.762,2224.0021,110932,-3.897,13.317
12:49:33.762,2224.0221,110933,-3.774,13.417
12:49:33.777,2224.0421,110934,-3.808,13.552
12:49:33.809,2224.0621,110935,-3.726,13.414
12:49:33.820,2224.0821,110936,-3.872,13.496
12:49:33.836,2224.1021,110937,-3.745,13.598
12:49:33.868,2224.1221,110938,-3.838,13.471
12:49:33.899,2224.1421,110939,-3.968,13.508
12:49:33.899,2224.1621,110940,-4.113,13.516
12:49:33.942,2224.1821,110941,-4.224,13.566
12:49:33.942,2224.2021,110942,-4.055,13.555
12:49:33.958,2224.2221,110943,-3.92,13.45
12:49:34.017,2224.2421,110944,-3.807,13.55
12:49:34.018,2224.2621,110945,-3.712,13.623
12:49:34.018,2224.2821,110946,-3.561,13.546
12:49:34.049,2224.3021,110947,-3.552,13.399
12:49:34.060,2224.3221,110948,-3.626,13.496
12:49:34.076,2224.3421,110949,-3.544,13.405
12:49:34.120,2224.3621,110950,-3.67,13.501
12:49:34.125,2224.3821,110951,-3.807,13.503
12:49:34.153,2224.4021,110952,-3.893,13.646
12:49:34.153,2224.4221,110953,-3.994,13.773
12:49:34.185,2224.4421,110954,-4.008,13.628
12:49:34.196,2224.4621,110955,-3.838,13.584
12:49:34.259,2224.4821,110956,-3.913,13.485
12:49:34.260,2224.5021,110957,-3.743,13.463
12:49:34.260,2224.5221,110958,-3.835,13.399
12:49:34.286,2224.5421,110959,-3.931,13.528
12:49:34.302,2224.5621,110960,-3.77,13.54
12:49:34.318,2224.5821,110961,-3.656,13.504
12:49:34.360,2224.6021,110962,-3.811,13.441
12:49:34.366,2224.6221,110963,-3.867,13.293
12:49:34.376,2224.6421,110964,-3.72,13.363
12:49:34.409,2224.6621,110965,-3.798,13.464
12:49:34.425,2224.6821,110966,-3.926,13.379
12:49:34.436,2224.7021,110967,-3.987,13.529
12:49:34.480,2224.7221,110968,-3.818,13.502
12:49:34.486,2224.7421,110969,-3.654,13.552
12:49:34.497,2224.7621,110970,-3.773,13.501
12:49:34.530,2224.7821,110971,-3.657,13.386
12:49:34.541,2224.8021,110972,-3.764,13.496
12:49:34.557,2224.8221,110973,-3.659,13.53
12:49:34.605,2224.8421,110974,-3.602,13.386
12:49:34.605,2224.8621,110975,-3.754,13.329
12:49:34.616,2224.8821,110976,-3.925,13.299
12:49:34.647,2224.9021,110977,-3.884,13.442
12:49:34.664,2224.9221,110978,-3.758,13.49
12:49:34.680,2224.9421,110979,-3.879,13.51
12:49:34.723,2224.9621,110980,-3.768,13.38
12:49:34.723,2224.9821,110981,-3.891,13.414
12:49:34.739,2225.0021,110982,-3.833,13.533
12:49:34.765,2225.0221,110983,-3.723,13.52
12:49:34.781,2225.0421,110984,-3.847,13.617
12:49:34.798,2225.0621,110985,-3.899,13.498
12:49:34.841,2225.0821,110986,-3.868,13.623
12:49:34.846,2225.1021,110987,-4.048,13.617
12:49:34.857,2225.1221,110988,-4.115,13.761
12:49:34.888,2225.1421,110989,-3.952,13.695
12:49:34.904,2225.1621,110990,-3.995,13.544
12:49:34.915,2225.1821,110991,-3.859,13.441
12:49:34.963,2225.2021,110992,-3.883,13.578
12:49:34.964,2225.2221,110993,-3.936,13.467
12:49:34.980,2225.2421,110994,-3.791,13.395
12:49:35.006,2225.2621,110995,-3.658,13.492
12:49:35.023,2225.2821,110996,-3.562,13.441
12:49:35.038,2225.3021,110997,-3.586,13.301
12:49:35.065,2225.3221,110998,-3.758,13.253
12:49:35.082,2225.3421,110999,-3.785,13.393
12:49:35.098,2225.3621,111000,-3.794,13.542
12:49:35.129,2225.3821,111001,-3.963,13.58
12:49:35.140,2225.4021,111002,-3.873,13.509
12:49:35.188,2225.4221,111003,-3.845,13.37
12:49:35.188,2225.4421,111004,-3.994,13.296
12:49:35.204,2225.4621,111005,-3.864,13.38
12:49:35.220,2225.4821,111006,-3.739,13.475
12:49:35.246,2225.5021,111007,-3.795,13.361
12:49:35.262,2225.5221,111008,-3.658,13.444
12:49:35.279,2225.5421,111009,-3.61,13.59
12:49:35.305,2225.5621,111010,-3.725,13.558
12:49:35.321,2225.5821,111011,-3.61,13.557
12:49:35.337,2225.6021,111012,-3.732,13.616
12:49:35.370,2225.6221,111013,-3.719,13.477
12:49:35.381,2225.6421,111014,-3.893,13.452
12:49:35.397,2225.6621,111015,-3.764,13.558
12:49:35.429,2225.6821,111016,-3.848,13.43
12:49:35.456,2225.7021,111017,-3.735,13.537
12:49:35.461,2225.7221,111018,-3.679,13.411
12:49:35.488,2225.7421,111019,-3.71,13.557
12:49:35.515,2225.7621,111020,-3.829,13.492
12:49:35.520,2225.7821,111021,-3.942,13.55
12:49:35.547,2225.8021,111022,-3.847,13.627
12:49:35.563,2225.8221,111023,-3.74,13.634
12:49:35.579,2225.8421,111024,-3.846,13.591
12:49:35.605,2225.8621,111025,-3.983,13.512
12:49:35.621,2225.8821,111026,-4.038,13.373
12:49:35.653,2225.9021,111027,-4.057,13.523
12:49:35.653,2225.9221,111028,-3.896,13.525
12:49:35.681,2225.9421,111029,-3.828,13.423
12:49:35.697,2225.9621,111030,-3.909,13.519
12:49:35.729,2225.9821,111031,-3.86,13.375
12:49:35.740,2226.0021,111032,-3.76,13.505
12:49:35.756,2226.0221,111033,-3.843,13.647
12:49:35.788,2226.0421,111034,-3.686,13.718
12:49:35.804,2226.0621,111035,-3.815,13.61
12:49:35.815,2226.0821,111036,-3.707,13.686
12:49:35.847,2226.1021,111037,-3.667,13.544
12:49:35.863,2226.1221,111038,-3.791,13.645
12:49:35.906,2226.1421,111039,-3.939,13.595
12:49:35.911,2226.1621,111040,-3.989,13.46
12:49:35.938,2226.1821,111041,-3.901,13.556
12:49:35.938,2226.2021,111042,-3.973,13.432
12:49:35.965,2226.2221,111043,-3.866,13.395
12:49:35.981,2226.2421,111044,-3.703,13.431
12:49:36.013,2226.2621,111045,-3.828,13.324
12:49:36.013,2226.2821,111046,-3.87,13.472
12:49:36.045,2226.3021,111047,-3.938,13.582
12:49:36.055,2226.3221,111048,-4.075,13.637
12:49:36.087,2226.3421,111049,-3.948,13.601
12:49:36.103,2226.3621,111050,-3.947,13.457
12:49:36.135,2226.3821,111051,-4.049,13.518
12:49:36.136,2226.4021,111052,-3.946,13.554
12:49:36.162,2226.4221,111053,-3.848,13.664
12:49:36.179,2226.4421,111054,-3.699,13.582
12:49:36.205,2226.4621,111055,-3.821,13.587
12:49:36.221,2226.4821,111056,-3.726,13.476
12:49:36.253,2226.5021,111057,-3.599,13.383
12:49:36.254,2226.5221,111058,-3.558,13.532
12:49:36.285,2226.5421,111059,-3.731,13.504
12:49:36.296,2226.5621,111060,-3.765,13.357
12:49:36.328,2226.5821,111061,-3.729,13.484
12:49:36.371,2226.6021,111062,-3.684,13.345
12:49:36.371,2226.6221,111063,-3.812,13.307
12:49:36.377,2226.6421,111064,-3.754,13.452
12:49:36.403,2226.6621,111065,-3.781,13.591
12:49:36.419,2226.6821,111066,-3.623,13.519
12:49:36.461,2226.7021,111067,-3.8,13.537
12:49:36.461,2226.7221,111068,-3.708,13.463
12:49:36.492,2226.7421,111069,-3.757,13.338
12:49:36.493,2226.7621,111070,-3.829,13.445
12:49:36.525,2226.7821,111071,-3.716,13.33
12:49:36.536,2226.8021,111072,-3.548,13.371
12:49:36.568,2226.8221,111073,-3.665,13.462
12:49:36.611,2226.8421,111074,-3.685,13.334
12:49:36.611,2226.8621,111075,-3.633,13.455
12:49:36.617,2226.8821,111076,-3.667,13.582
12:49:36.643,2226.9021,111077,-3.695,13.445
12:49:36.670,2226.9221,111078,-3.672,13.591
12:49:36.675,2226.9421,111079,-3.775,13.484
12:49:36.735,2226.9621,111080,-3.652,13.449
12:49:36.735,2226.9821,111081,-3.492,13.382
12:49:36.735,2227.0021,111082,-3.486,13.528
12:49:36.778,2227.0221,111083,-3.625,13.591
12:49:36.778,2227.0421,111084,-3.479,13.515
12:49:36.805,2227.0621,111085,-3.652,13.565
12:49:36.852,2227.0821,111086,-3.538,13.526
12:49:36.852,2227.1021,111087,-3.706,13.55
12:49:36.853,2227.1221,111088,-3.605,13.471
12:49:36.884,2227.1421,111089,-3.649,13.603
12:49:36.900,2227.1621,111090,-3.548,13.481
12:49:36.927,2227.1821,111091,-3.566,13.34
12:49:36.959,2227.2021,111092,-3.655,13.473
12:49:36.959,2227.2221,111093,-3.788,13.569
12:49:36.986,2227.2421,111094,-3.803,13.43
12:49:37.002,2227.2621,111095,-3.741,13.545
12:49:37.019,2227.2821,111096,-3.711,13.393
12:49:37.045,2227.3021,111097,-3.832,13.38
12:49:37.076,2227.3221,111098,-3.778,13.495
12:49:37.076,2227.3421,111099,-3.61,13.495
12:49:37.108,2227.3621,111100,-3.62,13.345
12:49:37.124,2227.3821,111101,-3.8,13.363
12:49:37.135,2227.4021,111102,-3.727,13.467
12:49:37.200,2227.4221,111103,-3.884,13.55
12:49:37.200,2227.4421,111104,-3.733,13.468
12:49:37.200,2227.4621,111105,-3.831,13.595
12:49:37.226,2227.4821,111106,-3.891,13.454
12:49:37.242,2227.5021,111107,-3.735,13.509
12:49:37.258,2227.5221,111108,-3.648,13.598
12:49:37.289,2227.5421,111109,-3.744,13.532
12:49:37.316,2227.5621,111110,-3.573,13.504
12:49:37.321,2227.5821,111111,-3.619,13.633
12:49:37.348,2227.6021,111112,-3.779,13.59
12:49:37.364,2227.6221,111113,-3.704,13.486
12:49:37.380,2227.6421,111114,-3.533,13.467
12:49:37.438,2227.6621,111115,-3.688,13.466
12:49:37.438,2227.6821,111116,-3.643,13.333
12:49:37.438,2227.7021,111117,-3.743,13.4
12:49:37.469,2227.7221,111118,-3.849,13.294
12:49:37.495,2227.7421,111119,-3.909,13.435
12:49:37.501,2227.7621,111120,-3.829,13.535
12:49:37.559,2227.7821,111121,-4.005,13.515
12:49:37.559,2227.8021,111122,-3.924,13.378
12:49:37.559,2227.8221,111123,-3.769,13.451
12:49:37.603,2227.8421,111124,-3.777,13.602
12:49:37.603,2227.8621,111125,-3.952,13.601
12:49:37.619,2227.8821,111126,-3.883,13.477
12:49:37.646,2227.9021,111127,-3.713,13.501
12:49:37.678,2227.9221,111128,-3.788,13.376
12:49:37.678,2227.9421,111129,-3.748,13.525
12:49:37.710,2227.9621,111130,-3.883,13.619
12:49:37.721,2227.9821,111131,-4.044,13.568
12:49:37.737,2228.0021,111132,-3.873,13.518
12:49:37.812,2228.0221,111133,-3.845,13.385
12:49:37.812,2228.0421,111134,-3.797,13.521
12:49:37.817,2228.0621,111135,-3.667,13.629
12:49:37.817,2228.0821,111136,-3.809,13.541
12:49:37.844,2228.1021,111137,-3.714,13.603
12:49:37.855,2228.1221,111138,-3.868,13.56
12:49:37.915,2228.1421,111139,-3.711,13.642
12:49:37.920,2228.1621,111140,-3.797,13.551
12:49:37.921,2228.1821,111141,-3.855,13.412
12:49:37.947,2228.2021,111142,-3.739,13.518
12:49:37.964,2228.2221,111143,-3.882,13.435
12:49:37.980,2228.2421,111144,-3.95,13.58
12:49:38.022,2228.2621,111145,-3.794,13.531
12:49:38.022,2228.2821,111146,-3.809,13.389
12:49:38.039,2228.3021,111147,-3.882,13.493
12:49:38.065,2228.3221,111148,-3.777,13.614
12:49:38.081,2228.3421,111149,-3.928,13.571
12:49:38.096,2228.3621,111150,-3.81,13.456
12:49:38.140,2228.3821,111151,-3.871,13.343
12:49:38.146,2228.4021,111152,-3.845,13.21
12:49:38.156,2228.4221,111153,-3.81,13.347
12:49:38.188,2228.4421,111154,-3.661,13.428
12:49:38.205,2228.4621,111155,-3.82,13.441
12:49:38.216,2228.4821,111156,-3.786,13.583
12:49:38.265,2228.5021,111157,-3.913,13.502
12:49:38.265,2228.5221,111158,-3.803,13.47
12:49:38.276,2228.5421,111159,-3.875,13.563
12:49:38.308,2228.5621,111160,-4.036,13.522
12:49:38.339,2228.5821,111161,-4.087,13.404
12:49:38.339,2228.6021,111162,-3.915,13.383
12:49:38.381,2228.6221,111163,-3.938,13.524
12:49:38.381,2228.6421,111164,-3.852,13.427
12:49:38.397,2228.6621,111165,-3.738,13.435
12:49:38.440,2228.6821,111166,-3.895,13.395
12:49:38.446,2228.7021,111167,-3.801,13.46
12:49:38.457,2228.7221,111168,-3.895,13.393
12:49:38.488,2228.7421,111169,-3.858,13.539
12:49:38.504,2228.7621,111170,-3.799,13.391
12:49:38.515,2228.7821,111171,-3.966,13.434
12:49:38.547,2228.8021,111172,-3.797,13.478
12:49:38.563,2228.8221,111173,-3.652,13.392
12:49:38.579,2228.8421,111174,-3.806,13.463
12:49:38.621,2228.8621,111175,-3.701,13.483
12:49:38.621,2228.8821,111176,-3.803,13.579
12:49:38.637,2228.9021,111177,-3.818,13.727
12:49:38.669,2228.9221,111178,-3.824,13.583
12:49:38.680,2228.9421,111179,-3.914,13.483
12:49:38.696,2228.9621,111180,-3.816,13.605
12:49:38.744,2228.9821,111181,-3.668,13.548
12:49:38.744,2229.0021,111182,-3.771,13.641
12:49:38.760,2229.0221,111183,-3.8,13.495
12:49:38.787,2229.0421,111184,-3.686,13.368
12:49:38.803,2229.0621,111185,-3.724,13.493
12:49:38.819,2229.0821,111186,-3.583,13.583
12:49:38.846,2229.1021,111187,-3.661,13.445
12:49:38.862,2229.1221,111188,-3.778,13.569
12:49:38.878,2229.1421,111189,-3.643,13.637
12:49:38.910,2229.1621,111190,-3.78,13.544
12:49:38.921,2229.1821,111191,-3.611,13.51
12:49:38.969,2229.2021,111192,-3.616,13.651
12:49:38.969,2229.2221,111193,-3.639,13.504
12:49:38.985,2229.2421,111194,-3.74,13.445
12:49:38.996,2229.2621,111195,-3.825,13.53
12:49:39.029,2229.2821,111196,-3.719,13.582
12:49:39.055,2229.3021,111197,-3.815,13.456
12:49:39.060,2229.3221,111198,-3.638,13.453
12:49:39.087,2229.3421,111199,-3.587,13.604
12:49:39.104,2229.3621,111200,-3.748,13.539
12:49:39.120,2229.3821,111201,-3.649,13.603
12:49:39.162,2229.4021,111202,-3.625,13.458
12:49:39.162,2229.4221,111203,-3.733,13.507
12:49:39.179,2229.4421,111204,-3.749,13.647
12:49:39.210,2229.4621,111205,-3.766,13.502
12:49:39.221,2229.4821,111206,-3.88,13.483
12:49:39.237,2229.5021,111207,-3.861,13.637
12:49:39.270,2229.5221,111208,-3.833,13.496
12:49:39.281,2229.5421,111209,-3.722,13.577
12:49:39.329,2229.5621,111210,-3.817,13.502
12:49:39.329,2229.5821,111211,-3.88,13.368
12:49:39.345,2229.6021,111212,-3.889,13.504
12:49:39.356,2229.6221,111213,-3.712,13.51
12:49:39.388,2229.6421,111214,-3.716,13.654
12:49:39.404,2229.6621,111215,-3.724,13.512
12:49:39.431,2229.6821,111216,-3.635,13.417
12:49:39.431,2229.7021,111217,-3.631,13.559
12:49:39.463,2229.7221,111218,-3.693,13.41
12:49:39.480,2229.7421,111219,-3.762,13.281
12:49:39.507,2229.7621,111220,-3.849,13.369
12:49:39.523,2229.7821,111221,-3.754,13.313
12:49:39.539,2229.8021,111222,-3.67,13.392
12:49:39.566,2229.8221,111223,-3.677,13.54
12:49:39.598,2229.8421,111224,-3.59,13.496
12:49:39.598,2229.8621,111225,-3.513,13.397
12:49:39.629,2229.8821,111226,-3.609,13.461
12:49:39.640,2229.9021,111227,-3.615,13.597
12:49:39.688,2229.9221,111228,-3.722,13.531
12:49:39.688,2229.9421,111229,-3.571,13.464
12:49:39.704,2229.9621,111230,-3.745,13.477
12:49:39.719,2229.9821,111231,-3.792,13.595
12:49:39.746,2230.0021,111232,-3.623,13.576
12:49:39.762,2230.0221,111233,-3.732,13.454
12:49:39.794,2230.0421,111234,-3.794,13.354
12:49:39.794,2230.0621,111235,-3.731,13.465
12:49:39.820,2230.0821,111236,-3.779,13.611
12:49:39.836,2230.1021,111237,-3.726,13.493
12:49:39.868,2230.1221,111238,-3.772,13.36
12:49:39.884,2230.1421,111239,-3.794,13.221
12:49:39.895,2230.1621,111240,-3.923,13.234
12:49:39.926,2230.1821,111241,-3.898,13.367
12:49:39.942,2230.2021,111242,-3.846,13.495
12:49:39.958,2230.2221,111243,-3.702,13.478
12:49:39.985,2230.2421,111244,-3.709,13.328
12:49:40.001,2230.2621,111245,-3.825,13.244
12:49:40.033,2230.2821,111246,-3.939,13.272
12:49:40.033,2230.3021,111247,-3.82,13.379
12:49:40.065,2230.3221,111248,-3.896,13.499
12:49:40.076,2230.3421,111249,-3.788,13.426
12:49:40.109,2230.3621,111250,-3.775,13.292
12:49:40.120,2230.3821,111251,-3.801,13.15
12:49:40.152,2230.4021,111252,-3.875,13.255
12:49:40.152,2230.4221,111253,-3.832,13.392
12:49:40.184,2230.4421,111254,-3.789,13.525
12:49:40.211,2230.4621,111255,-3.899,13.467
12:49:40.211,2230.4821,111256,-3.963,13.332
12:49:40.274,2230.5021,111257,-3.914,13.173
12:49:40.274,2230.5221,111258,-3.791,13.22
12:49:40.274,2230.5421,111259,-3.835,13.359
12:49:40.317,2230.5621,111260,-3.8,13.492
12:49:40.317,2230.5821,111261,-3.663,13.531
12:49:40.349,2230.6021,111262,-3.703,13.368
12:49:40.391,2230.6221,111263,-3.703,13.406
12:49:40.392,2230.6421,111264,-3.637,13.483
12:49:40.397,2230.6621,111265,-3.592,13.626
12:49:40.424,2230.6821,111266,-3.73,13.55
12:49:40.435,2230.7021,111267,-3.916,13.588
12:49:40.468,2230.7221,111268,-3.888,13.462
12:49:40.515,2230.7421,111269,-3.758,13.518
12:49:40.515,2230.7621,111270,-3.923,13.463
12:49:40.515,2230.7821,111271,-3.773,13.515
12:49:40.541,2230.8021,111272,-3.843,13.644
12:49:40.557,2230.8221,111273,-3.934,13.514
12:49:40.589,2230.8421,111274,-3.814,13.571
12:49:40.631,2230.8621,111275,-3.764,13.421
12:49:40.631,2230.8821,111276,-3.654,13.325
12:49:40.637,2230.9021,111277,-3.524,13.432
12:49:40.664,2230.9221,111278,-3.686,13.458
12:49:40.680,2230.9421,111279,-3.519,13.514
12:49:40.706,2230.9621,111280,-3.646,13.488
12:49:40.739,2230.9821,111281,-3.82,13.443
12:49:40.739,2231.0021,111282,-3.704,13.541
12:49:40.765,2231.0221,111283,-3.794,13.464
12:49:40.781,2231.0421,111284,-3.97,13.443
12:49:40.798,2231.0621,111285,-3.824,13.518
12:49:40.825,2231.0821,111286,-3.712,13.633
12:49:40.841,2231.1021,111287,-3.798,13.5
12:49:40.857,2231.1221,111288,-3.901,13.622
12:49:40.889,2231.1421,111289,-3.849,13.498
12:49:40.905,2231.1621,111290,-3.677,13.487
12:49:40.916,2231.1821,111291,-3.808,13.54
12:49:40.948,2231.2021,111292,-3.73,13.449
12:49:40.975,2231.2221,111293,-3.838,13.435
12:49:40.980,2231.2421,111294,-3.842,13.287
12:49:41.008,2231.2621,111295,-3.816,13.428
12:49:41.024,2231.2821,111296,-3.65,13.384
12:49:41.040,2231.3021,111297,-3.751,13.438
12:49:41.067,2231.3221,111298,-3.633,13.483
12:49:41.099,2231.3421,111299,-3.769,13.387
12:49:41.100,2231.3621,111300,-3.736,13.24
12:49:41.127,2231.3821,111301,-3.8,13.361
12:49:41.142,2231.4021,111302,-3.657,13.422
12:49:41.174,2231.4221,111303,-3.828,13.425
12:49:41.174,2231.4421,111304,-3.881,13.568
12:49:41.217,2231.4621,111305,-3.722,13.511
12:49:41.217,2231.4821,111306,-3.867,13.436
12:49:41.249,2231.5021,111307,-3.81,13.314
12:49:41.265,2231.5221,111308,-3.686,13.427
12:49:41.277,2231.5421,111309,-3.792,13.555
12:49:41.324,2231.5621,111310,-3.887,13.628
12:49:41.324,2231.5821,111311,-3.755,13.519
12:49:41.340,2231.6021,111312,-3.769,13.381
12:49:41.366,2231.6221,111313,-3.603,13.34
12:49:41.382,2231.6421,111314,-3.665,13.475
12:49:41.398,2231.6621,111315,-3.833,13.505
12:49:41.425,2231.6821,111316,-3.661,13.5
12:49:41.457,2231.7021,111317,-3.762,13.422
12:49:41.457,2231.7221,111318,-3.643,13.526
12:49:41.488,2231.7421,111319,-3.627,13.381
12:49:41.505,2231.7621,111320,-3.72,13.516
12:49:41.516,2231.7821,111321,-3.618,13.58
12:49:41.579,2231.8021,111322,-3.764,13.618
12:49:41.579,2231.8221,111323,-3.831,13.482
12:49:41.579,2231.8421,111324,-3.753,13.617
12:49:41.606,2231.8621,111325,-3.628,13.609
12:49:41.623,2231.8821,111326,-3.661,13.487
12:49:41.639,2231.9021,111327,-3.655,13.341
12:49:41.682,2231.9221,111328,-3.731,13.475
12:49:41.682,2231.9421,111329,-3.857,13.538
12:49:41.698,2231.9621,111330,-3.878,13.403
12:49:41.730,2231.9821,111331,-4.047,13.373
12:49:41.740,2232.0021,111332,-3.966,13.481
12:49:41.756,2232.0221,111333,-3.857,13.497
12:49:41.804,2232.0421,111334,-3.799,13.351
12:49:41.804,2232.0621,111335,-3.7,13.421
12:49:41.820,2232.0821,111336,-3.857,13.404
12:49:41.846,2232.1021,111337,-3.991,13.439
12:49:41.862,2232.1221,111338,-4.056,13.567
12:49:41.878,2232.1421,111339,-3.964,13.487
12:49:41.920,2232.1621,111340,-3.871,13.606
12:49:41.926,2232.1821,111341,-3.969,13.738
12:49:41.937,2232.2021,111342,-3.866,13.61
12:49:41.969,2232.2221,111343,-3.895,13.762
12:49:41.984,2232.2421,111344,-3.794,13.631
12:49:41.995,2232.2621,111345,-3.677,13.527
12:49:42.044,2232.2821,111346,-3.771,13.394
12:49:42.044,2232.3021,111347,-3.896,13.504
12:49:42.055,2232.3221,111348,-3.759,13.498
12:49:42.087,2232.3421,111349,-3.893,13.408
12:49:42.103,2232.3621,111350,-3.766,13.343
12:49:42.119,2232.3821,111351,-3.678,13.246
12:49:42.163,2232.4021,111352,-3.821,13.308
12:49:42.163,2232.4221,111353,-3.863,13.442
12:49:42.179,2232.4421,111354,-3.759,13.566
12:49:42.206,2232.4621,111355,-3.874,13.689
12:49:42.223,2232.4821,111356,-3.901,13.541
12:49:42.239,2232.5021,111357,-3.777,13.434
12:49:42.266,2232.5221,111358,-3.857,13.349
12:49:42.282,2232.5421,111359,-3.907,13.477
12:49:42.298,2232.5621,111360,-3.798,13.478
12:49:42.329,2232.5821,111361,-3.677,13.402
12:49:42.345,2232.6021,111362,-3.679,13.542
12:49:42.356,2232.6221,111363,-3.838,13.481
12:49:42.404,2232.6421,111364,-3.819,13.339
12:49:42.404,2232.6621,111365,-3.884,13.449
12:49:42.420,2232.6821,111366,-3.998,13.396
12:49:42.447,2232.7021,111367,-3.861,13.479
12:49:42.463,2232.7221,111368,-3.712,13.501
12:49:42.480,2232.7421,111369,-3.815,13.379
12:49:42.506,2232.7621,111370,-3.654,13.428
12:49:42.522,2232.7821,111371,-3.827,13.376
12:49:42.538,2232.8021,111372,-3.732,13.309
12:49:42.570,2232.8221,111373,-3.807,13.405
12:49:42.580,2232.8421,111374,-3.979,13.394
12:49:42.597,2232.8621,111375,-3.818,13.444
12:49:42.629,2232.8821,111376,-3.992,13.436
12:49:42.645,2232.9021,111377,-3.885,13.389
12:49:42.656,2232.9221,111378,-4.03,13.462
12:49:42.688,2232.9421,111379,-3.911,13.446
12:49:42.704,2232.9621,111380,-4.016,13.46
12:49:42.746,2232.9821,111381,-3.837,13.428
12:49:42.746,2233.0021,111382,-3.868,13.572
12:49:42.763,2233.0221,111383,-3.833,13.431
12:49:42.779,2233.0421,111384,-3.865,13.301
12:49:42.806,2233.0621,111385,-3.85,13.44
12:49:42.822,2233.0821,111386,-3.695,13.483
12:49:42.837,2233.1021,111387,-3.837,13.41
12:49:42.870,2233.1221,111388,-3.743,13.468
12:49:42.880,2233.1421,111389,-3.91,13.441
12:49:42.896,2233.1621,111390,-4.001,13.312
12:49:42.928,2233.1821,111391,-4.025,13.458
12:49:42.945,2233.2021,111392,-3.854,13.431
12:49:42.956,2233.2221,111393,-3.681,13.457
12:49:42.988,2233.2421,111394,-3.76,13.556
12:49:43.004,2233.2621,111395,-3.916,13.49
12:49:43.030,2233.2821,111396,-3.759,13.553
12:49:43.036,2233.3021,111397,-3.669,13.626
12:49:43.062,2233.3221,111398,-3.81,13.545
12:49:43.121,2233.3421,111399,-3.861,13.667
12:49:43.127,2233.3621,111400,-3.705,13.596
12:49:43.137,2233.3821,111401,-3.768,13.481
12:49:43.137,2233.4021,111402,-3.667,13.551
12:49:43.169,2233.4221,111403,-3.78,13.588
12:49:43.180,2233.4421,111404,-3.69,13.471
12:49:43.212,2233.4621,111405,-3.784,13.42
12:49:43.212,2233.4821,111406,-3.851,13.563
12:49:43.244,2233.5021,111407,-3.735,13.566
12:49:43.260,2233.5221,111408,-3.767,13.416
12:49:43.287,2233.5421,111409,-3.855,13.486
12:49:43.302,2233.5621,111410,-3.771,13.621
12:49:43.319,2233.5821,111411,-3.915,13.714
12:49:43.345,2233.6021,111412,-3.814,13.581
12:49:43.362,2233.6221,111413,-3.932,13.613
12:49:43.377,2233.6421,111414,-3.83,13.551
12:49:43.410,2233.6621,111415,-3.777,13.405
12:49:43.420,2233.6821,111416,-3.717,13.545
12:49:43.452,2233.7021,111417,-3.889,13.528
12:49:43.452,2233.7221,111418,-3.824,13.638
12:49:43.484,2233.7421,111419,-3.882,13.532
12:49:43.500,2233.7621,111420,-3.787,13.469
12:49:43.527,2233.7821,111421,-3.931,13.558
12:49:43.570,2233.8021,111422,-3.794,13.468
12:49:43.576,2233.8221,111423,-3.771,13.618
12:49:43.576,2233.8421,111424,-3.761,13.47
12:49:43.602,2233.8621,111425,-3.661,13.598
12:49:43.618,2233.8821,111426,-3.814,13.514
12:49:43.660,2233.9021,111427,-3.792,13.67
12:49:43.666,2233.9221,111428,-3.85,13.551
12:49:43.693,2233.9421,111429,-3.801,13.679
12:49:43.693,2233.9621,111430,-3.659,13.582
12:49:43.725,2233.9821,111431,-3.618,13.702
12:49:43.736,2234.0021,111432,-3.661,13.563
12:49:43.768,2234.0221,111433,-3.557,13.532
12:49:43.784,2234.0421,111434,-3.717,13.543
12:49:43.811,2234.0621,111435,-3.639,13.447
12:49:43.811,2234.0821,111436,-3.665,13.301
12:49:43.844,2234.1021,111437,-3.774,13.345
12:49:43.870,2234.1221,111438,-3.833,13.462
12:49:43.875,2234.1421,111439,-3.791,13.605
12:49:43.901,2234.1621,111440,-3.707,13.502
12:49:43.933,2234.1821,111441,-3.764,13.358
12:49:43.933,2234.2021,111442,-3.903,13.429
12:49:43.975,2234.2221,111443,-3.801,13.541
12:49:43.981,2234.2421,111444,-3.676,13.473
12:49:44.007,2234.2621,111445,-3.778,13.35
12:49:44.050,2234.2821,111446,-3.893,13.268
12:49:44.055,2234.3021,111447,-3.947,13.422
12:49:44.055,2234.3221,111448,-3.94,13.562
12:49:44.082,2234.3421,111449,-3.855,13.444
12:49:44.097,2234.3621,111450,-3.938,13.348
12:49:44.129,2234.3821,111451,-3.809,13.243
12:49:44.156,2234.4021,111452,-3.909,13.366
12:49:44.156,2234.4221,111453,-3.881,13.505
12:49:44.189,2234.4421,111454,-3.78,13.374
12:49:44.205,2234.4621,111455,-3.891,13.346
12:49:44.216,2234.4821,111456,-4.062,13.306
12:49:44.248,2234.5021,111457,-3.961,13.361
12:49:44.265,2234.5221,111458,-3.81,13.429
12:49:44.291,2234.5421,111459,-3.926,13.359
12:49:44.291,2234.5621,111460,-3.878,13.478
12:49:44.323,2234.5821,111461,-3.835,13.622
12:49:44.339,2234.6021,111462,-3.805,13.484
12:49:44.365,2234.6221,111463,-3.763,13.34
12:49:44.396,2234.6421,111464,-3.701,13.455
12:49:44.397,2234.6621,111465,-3.801,13.514
12:49:44.429,2234.6821,111466,-3.836,13.376
12:49:44.455,2234.7021,111467,-3.944,13.501
12:49:44.461,2234.7221,111468,-3.774,13.526
12:49:44.520,2234.7421,111469,-3.893,13.413
12:49:44.520,2234.7621,111470,-3.797,13.343
12:49:44.520,2234.7821,111471,-3.871,13.439
12:49:44.547,2234.8021,111472,-4.002,13.489
12:49:44.563,2234.8221,111473,-3.942,13.37
12:49:44.579,2234.8421,111474,-3.893,13.496
12:49:44.606,2234.8621,111475,-4.063,13.455
12:49:44.637,2234.8821,111476,-3.89,13.45
12:49:44.638,2234.9021,111477,-3.949,13.313
12:49:44.670,2234.9221,111478,-4.119,13.288
12:49:44.681,2234.9421,111479,-3.98,13.382
12:49:44.713,2234.9621,111480,-3.974,13.524
12:49:44.713,2234.9821,111481,-3.824,13.495
12:49:44.755,2235.0021,111482,-3.798,13.647
12:49:44.761,2235.0221,111483,-3.918,13.538
12:49:44.787,2235.0421,111484,-3.768,13.448
12:49:44.830,2235.0621,111485,-3.838,13.314
12:49:44.835,2235.0821,111486,-3.805,13.457
12:49:44.835,2235.1021,111487,-3.791,13.592
12:49:44.878,2235.1221,111488,-3.903,13.567
12:49:44.878,2235.1421,111489,-3.939,13.421
12:49:44.920,2235.1621,111490,-3.91,13.549
12:49:44.926,2235.1821,111491,-4.005,13.481
12:49:44.937,2235.2021,111492,-3.84,13.448
12:49:44.996,2235.2221,111493,-3.879,13.299
12:49:45.001,2235.2421,111494,-3.776,13.422
12:49:45.001,2235.2621,111495,-3.847,13.538
12:49:45.028,2235.2821,111496,-3.68,13.495
12:49:45.044,2235.3021,111497,-3.725,13.357
12:49:45.055,2235.3221,111498,-3.814,13.492
12:49:45.115,2235.3421,111499,-3.866,13.615
12:49:45.120,2235.3621,111500,-3.948,13.481
12:49:45.120,2235.3821,111501,-3.852,13.611
12:49:45.147,2235.4021,111502,-3.884,13.472
12:49:45.163,2235.4221,111503,-3.783,13.411
12:49:45.180,2235.4421,111504,-3.657,13.504
12:49:45.255,2235.4621,111505,-3.744,13.391
12:49:45.255,2235.4821,111506,-3.69,13.532
12:49:45.255,2235.5021,111507,-3.648,13.671
12:49:45.255,2235.5221,111508,-3.757,13.541
12:49:45.282,2235.5421,111509,-3.868,13.515
12:49:45.298,2235.5621,111510,-3.764,13.445
12:49:45.357,2235.5821,111511,-3.892,13.402
12:49:45.357,2235.6021,111512,-3.808,13.497
12:49:45.363,2235.6221,111513,-3.976,13.441
12:49:45.390,2235.6421,111514,-3.864,13.542
12:49:45.401,2235.6621,111515,-3.94,13.647
12:49:45.416,2235.6821,111516,-3.814,13.763
12:49:45.465,2235.7021,111517,-3.902,13.633
12:49:45.465,2235.7221,111518,-3.752,13.558
12:49:45.476,2235.7421,111519,-3.828,13.422
12:49:45.508,2235.7621,111520,-3.834,13.572
12:49:45.524,2235.7821,111521,-3.966,13.675
12:49:45.540,2235.8021,111522,-3.958,13.532
12:49:45.583,2235.8221,111523,-3.801,13.6
12:49:45.583,2235.8421,111524,-3.874,13.462
12:49:45.599,2235.8621,111525,-3.912,13.595
12:49:45.625,2235.8821,111526,-3.809,13.466
12:49:45.657,2235.9021,111527,-3.884,13.348
12:49:45.657,2235.9221,111528,-3.806,13.467
12:49:45.705,2235.9421,111529,-3.671,13.559
12:49:45.705,2235.9621,111530,-3.807,13.512
12:49:45.716,2235.9821,111531,-3.741,13.405
12:49:45.764,2236.0021,111532,-3.573,13.434
12:49:45.764,2236.0221,111533,-3.723,13.528
12:49:45.780,2236.0421,111534,-3.889,13.484
12:49:45.822,2236.0621,111535,-3.876,13.345
12:49:45.822,2236.0821,111536,-3.738,13.443
12:49:45.839,2236.1021,111537,-3.651,13.362
12:49:45.865,2236.1221,111538,-3.746,13.452
12:49:45.881,2236.1421,111539,-3.721,13.597
12:49:45.897,2236.1621,111540,-3.747,13.743
12:49:45.944,2236.1821,111541,-3.849,13.644
12:49:45.944,2236.2021,111542,-3.774,13.507
12:49:45.970,2236.2221,111543,-3.749,13.37
12:49:45.976,2236.2421,111544,-3.866,13.383
12:49:46.003,2236.2621,111545,-3.9,13.528
12:49:46.019,2236.2821,111546,-3.726,13.527
12:49:46.079,2236.3021,111547,-3.551,13.536
12:49:46.079,2236.3221,111548,-3.73,13.505
12:49:46.079,2236.3421,111549,-3.82,13.382
12:49:46.105,2236.3621,111550,-3.855,13.527
12:49:46.121,2236.3821,111551,-3.839,13.658
12:49:46.138,2236.4021,111552,-3.853,13.507
12:49:46.181,2236.4221,111553,-4.001,13.591
12:49:46.186,2236.4421,111554,-3.845,13.537
12:49:46.197,2236.4621,111555,-3.883,13.404
12:49:46.229,2236.4821,111556,-3.722,13.455
12:49:46.240,2236.5021,111557,-3.549,13.444
12:49:46.256,2236.5221,111558,-3.6,13.566
12:49:46.304,2236.5421,111559,-3.722,13.457
12:49:46.304,2236.5621,111560,-3.892,13.475
12:49:46.320,2236.5821,111561,-3.865,13.621
12:49:46.345,2236.6021,111562,-3.782,13.531
12:49:46.361,2236.6221,111563,-3.692,13.659
12:49:46.409,2236.6421,111564,-3.749,13.557
12:49:46.409,2236.6621,111565,-3.703,13.411
12:49:46.425,2236.6821,111566,-3.664,13.558
12:49:46.436,2236.7021,111567,-3.829,13.514
12:49:46.468,2236.7221,111568,-3.722,13.463
12:49:46.484,2236.7421,111569,-3.635,13.367
12:49:46.500,2236.7621,111570,-3.661,13.502
12:49:46.526,2236.7821,111571,-3.552,13.445
12:49:46.542,2236.8021,111572,-3.694,13.486
12:49:46.559,2236.8221,111573,-3.775,13.349
12:49:46.602,2236.8421,111574,-3.632,13.409
12:49:46.602,2236.8621,111575,-3.605,13.553
12:49:46.618,2236.8821,111576,-3.764,13.52
12:49:46.650,2236.9021,111577,-3.658,13.493
12:49:46.661,2236.9221,111578,-3.687,13.346
12:49:46.677,2236.9421,111579,-3.793,13.295
12:49:46.710,2236.9621,111580,-3.878,13.395
12:49:46.721,2236.9821,111581,-3.708,13.416
12:49:46.737,2237.0021,111582,-3.76,13.273
12:49:46.768,2237.0221,111583,-3.781,13.422
12:49:46.784,2237.0421,111584,-3.879,13.547
12:49:46.795,2237.0621,111585,-3.752,13.435
12:49:46.843,2237.0821,111586,-3.865,13.533
12:49:46.843,2237.1021,111587,-3.81,13.67
12:49:46.886,2237.1221,111588,-3.764,13.809
12:49:46.891,2237.1421,111589,-3.704,13.696
12:49:46.902,2237.1621,111590,-3.634,13.546
12:49:46.918,2237.1821,111591,-3.767,13.452
12:49:46.951,2237.2021,111592,-3.896,13.476
12:49:46.961,2237.2221,111593,-3.893,13.618
12:49:47.009,2237.2421,111594,-3.884,13.473
12:49:47.009,2237.2621,111595,-4.011,13.373
12:49:47.025,2237.2821,111596,-3.846,13.42
12:49:47.036,2237.3021,111597,-3.859,13.273
12:49:47.068,2237.3221,111598,-4.015,13.351
12:49:47.083,2237.3421,111599,-3.929,13.428
12:49:47.125,2237.3621,111600,-3.777,13.453
12:49:47.131,2237.3821,111601,-3.872,13.389
12:49:47.141,2237.4021,111602,-3.739,13.421
12:49:47.157,2237.4221,111603,-3.858,13.329
12:49:47.190,2237.4421,111604,-3.794,13.448
12:49:47.200,2237.4621,111605,-3.957,13.4
12:49:47.247,2237.4821,111606,-3.907,13.252
12:49:47.248,2237.5021,111607,-3.907,13.401
12:49:47.263,2237.5221,111608,-3.767,13.5
12:49:47.279,2237.5421,111609,-3.863,13.435
12:49:47.306,2237.5621,111610,-3.982,13.547
12:49:47.354,2237.5821,111611,-3.876,13.522
12:49:47.354,2237.6021,111612,-3.876,13.665
12:49:47.354,2237.6221,111613,-3.76,13.606
12:49:47.381,2237.6421,111614,-3.861,13.721
12:49:47.397,2237.6621,111615,-3.955,13.659
12:49:47.444,2237.6821,111616,-4.043,13.525
12:49:47.444,2237.7021,111617,-3.877,13.536
12:49:47.470,2237.7221,111618,-3.771,13.411
12:49:47.476,2237.7421,111619,-3.631,13.343
12:49:47.502,2237.7621,111620,-3.519,13.459
12:49:47.518,2237.7821,111621,-3.694,13.475
12:49:47.550,2237.8021,111622,-3.86,13.51
12:49:47.561,2237.8221,111623,-3.707,13.52
12:49:47.594,2237.8421,111624,-3.808,13.396
12:49:47.594,2237.8621,111625,-3.64,13.409
12:49:47.637,2237.8821,111626,-3.604,13.55
12:49:47.637,2237.9021,111627,-3.703,13.421
12:49:47.653,2237.9221,111628,-3.635,13.525
12:49:47.680,2237.9421,111629,-3.751,13.551
12:49:47.712,2237.9621,111630,-3.873,13.469
12:49:47.712,2237.9821,111631,-3.768,13.419
12:49:47.760,2238.0021,111632,-3.848,13.282
12:49:47.760,2238.0221,111633,-3.72,13.389
12:49:47.787,2238.0421,111634,-3.871,13.357
12:49:47.835,2238.0621,111635,-3.963,13.486
12:49:47.835,2238.0821,111636,-3.797,13.535
12:49:47.835,2238.1021,111637,-3.868,13.399
12:49:47.862,2238.1221,111638,-3.939,13.545
12:49:47.879,2238.1421,111639,-3.797,13.633
12:49:47.905,2238.1621,111640,-3.838,13.505
12:49:47.953,2238.1821,111641,-3.679,13.561
12:49:47.953,2238.2021,111642,-3.734,13.674
12:49:47.953,2238.2221,111643,-3.807,13.781
12:49:47.984,2238.2421,111644,-3.839,13.631
12:49:47.995,2238.2621,111645,-3.863,13.496
12:49:48.027,2238.2821,111646,-3.72,13.439
12:49:48.070,2238.3021,111647,-3.676,13.566
12:49:48.076,2238.3221,111648,-3.749,13.471
12:49:48.076,2238.3421,111649,-3.734,13.332
12:49:48.103,2238.3621,111650,-3.703,13.465
12:49:48.118,2238.3821,111651,-3.826,13.432
12:49:48.150,2238.4021,111652,-3.773,13.578
12:49:48.192,2238.4221,111653,-3.827,13.455
12:49:48.192,2238.4421,111654,-3.761,13.549
12:49:48.198,2238.4621,111655,-3.604,13.486
12:49:48.225,2238.4821,111656,-3.783,13.479
12:49:48.235,2238.5021,111657,-3.686,13.544
12:49:48.267,2238.5221,111658,-3.613,13.398
12:49:48.283,2238.5421,111659,-3.673,13.509
12:49:48.299,2238.5621,111660,-3.799,13.397
12:49:48.326,2238.5821,111661,-3.92,13.506
12:49:48.342,2238.6021,111662,-3.83,13.433
12:49:48.358,2238.6221,111663,-3.657,13.427
12:49:48.385,2238.6421,111664,-3.621,13.58
12:49:48.416,2238.6621,111665,-3.745,13.609
12:49:48.416,2238.6821,111666,-3.742,13.469
12:49:48.448,2238.7021,111667,-3.845,13.527
12:49:48.465,2238.7221,111668,-3.771,13.423
12:49:48.492,2238.7421,111669,-3.766,13.565
12:49:48.492,2238.7621,111670,-3.696,13.429
12:49:48.535,2238.7821,111671,-3.8,13.308
12:49:48.541,2238.8021,111672,-3.704,13.372
12:49:48.568,2238.8221,111673,-3.709,13.513
12:49:48.599,2238.8421,111674,-3.817,13.389
12:49:48.600,2238.8621,111675,-3.739,13.508
12:49:48.627,2238.8821,111676,-3.898,13.48
12:49:48.659,2238.9021,111677,-3.945,13.625
12:49:48.659,2238.9221,111678,-3.795,13.546
12:49:48.686,2238.9421,111679,-3.776,13.69
12:49:48.703,2238.9621,111680,-3.858,13.563
12:49:48.719,2238.9821,111681,-3.847,13.416
12:49:48.778,2239.0021,111682,-3.843,13.559
12:49:48.779,2239.0221,111683,-3.792,13.411
12:49:48.779,2239.0421,111684,-3.767,13.264
12:49:48.806,2239.0621,111685,-3.693,13.398
12:49:48.822,2239.0821,111686,-3.728,13.548
12:49:48.837,2239.1021,111687,-3.836,13.595
12:49:48.880,2239.1221,111688,-3.753,13.494
12:49:48.886,2239.1421,111689,-3.625,13.535
12:49:48.913,2239.1621,111690,-3.745,13.594
12:49:48.914,2239.1821,111691,-3.8,13.742
12:49:48.946,2239.2021,111692,-3.867,13.61
12:49:48.957,2239.2221,111693,-3.909,13.484
12:49:48.988,2239.2421,111694,-3.851,13.342
12:49:49.015,2239.2621,111695,-3.768,13.474
12:49:49.021,2239.2821,111696,-3.681,13.345
12:49:49.047,2239.3021,111697,-3.519,13.399
12:49:49.064,2239.3221,111698,-3.673,13.386
12:49:49.080,2239.3421,111699,-3.785,13.403
12:49:49.138,2239.3621,111700,-3.613,13.38
12:49:49.139,2239.3821,111701,-3.725,13.5
12:49:49.139,2239.4021,111702,-3.707,13.346
12:49:49.165,2239.4221,111703,-3.764,13.49
12:49:49.181,2239.4421,111704,-3.671,13.42
12:49:49.197,2239.4621,111705,-3.501,13.404
12:49:49.245,2239.4821,111706,-3.633,13.496
12:49:49.245,2239.5021,111707,-3.776,13.526
12:49:49.255,2239.5221,111708,-3.736,13.394
12:49:49.287,2239.5421,111709,-3.884,13.308
12:49:49.303,2239.5621,111710,-3.825,13.42
12:49:49.330,2239.5821,111711,-3.744,13.518
12:49:49.336,2239.6021,111712,-3.747,13.377
12:49:49.362,2239.6221,111713,-3.686,13.485
12:49:49.378,2239.6421,111714,-3.818,13.391
12:49:49.410,2239.6621,111715,-3.895,13.524
12:49:49.452,2239.6821,111716,-3.945,13.393
12:49:49.452,2239.7021,111717,-3.846,13.314
12:49:49.458,2239.7221,111718,-3.902,13.443
12:49:49.485,2239.7421,111719,-3.845,13.562
12:49:49.495,2239.7621,111720,-3.785,13.452
12:49:49.543,2239.7821,111721,-3.778,13.598
12:49:49.543,2239.8021,111722,-3.817,13.474
12:49:49.559,2239.8221,111723,-3.844,13.342
12:49:49.603,2239.8421,111724,-3.939,13.473
12:49:49.603,2239.8621,111725,-3.879,13.606
12:49:49.619,2239.8821,111726,-3.97,13.516
12:49:49.646,2239.9021,111727,-3.89,13.412
12:49:49.662,2239.9221,111728,-3.743,13.335
12:49:49.678,2239.9421,111729,-3.844,13.465
12:49:49.721,2239.9621,111730,-3.928,13.352
12:49:49.721,2239.9821,111731,-3.802,13.443
12:49:49.737,2240.0021,111732,-3.732,13.335
12:49:49.769,2240.0221,111733,-3.765,13.485
12:49:49.780,2240.0421,111734,-3.835,13.342
12:49:49.796,2240.0621,111735,-3.704,13.432
12:49:49.827,2240.0821,111736,-3.812,13.456
12:49:49.859,2240.1021,111737,-3.972,13.502
12:49:49.859,2240.1221,111738,-3.848,13.61
12:49:49.886,2240.1421,111739,-3.888,13.469
12:49:49.903,2240.1621,111740,-3.793,13.33
12:49:49.919,2240.1821,111741,-3.856,13.467
12:49:49.961,2240.2021,111742,-3.878,13.612
12:49:49.966,2240.2221,111743,-3.812,13.739
12:49:49.977,2240.2421,111744,-3.92,13.701
12:49:50.009,2240.2621,111745,-3.941,13.565
12:49:50.020,2240.2821,111746,-3.908,13.419
12:49:50.037,2240.3021,111747,-3.754,13.396
12:49:50.084,2240.3221,111748,-3.774,13.529
12:49:50.085,2240.3421,111749,-3.907,13.618
12:49:50.095,2240.3621,111750,-3.902,13.473
12:49:50.128,2240.3821,111751,-3.788,13.355
12:49:50.143,2240.4021,111752,-3.793,13.501
12:49:50.186,2240.4221,111753,-3.916,13.425
12:49:50.187,2240.4421,111754,-3.814,13.299
12:49:50.203,2240.4621,111755,-3.943,13.401
12:49:50.219,2240.4821,111756,-3.808,13.493
12:49:50.245,2240.5021,111757,-3.736,13.596
12:49:50.261,2240.5221,111758,-3.671,13.493
12:49:50.277,2240.5421,111759,-3.707,13.362
12:49:50.309,2240.5621,111760,-3.576,13.384
12:49:50.326,2240.5821,111761,-3.733,13.456
12:49:50.337,2240.6021,111762,-3.862,13.56
12:49:50.368,2240.6221,111763,-3.882,13.419
12:49:50.385,2240.6421,111764,-3.98,13.355
12:49:50.396,2240.6621,111765,-3.934,13.485
12:49:50.428,2240.6821,111766,-3.759,13.483
12:49:50.444,2240.7021,111767,-3.638,13.521
12:49:50.459,2240.7221,111768,-3.759,13.445
12:49:50.486,2240.7421,111769,-3.922,13.465
12:49:50.502,2240.7621,111770,-4.038,13.484
12:49:50.518,2240.7821,111771,-3.953,13.375
12:49:50.550,2240.8021,111772,-3.821,13.47
12:49:50.561,2240.8221,111773,-3.716,13.593
12:49:50.594,2240.8421,111774,-3.825,13.72
12:49:50.594,2240.8621,111775,-3.879,13.583
12:49:50.621,2240.8821,111776,-3.732,13.492
12:49:50.669,2240.9021,111777,-3.617,13.602
12:49:50.669,2240.9221,111778,-3.655,13.459
12:49:50.686,2240.9421,111779,-3.545,13.37
12:49:50.697,2240.9621,111780,-3.703,13.328
12:49:50.728,2240.9821,111781,-3.843,13.251
12:49:50.744,2241.0021,111782,-3.703,13.342
12:49:50.785,2241.0221,111783,-3.856,13.409
12:49:50.791,2241.0421,111784,-3.96,13.365
12:49:50.801,2241.0621,111785,-3.919,13.515
12:49:50.817,2241.0821,111786,-3.75,13.482
12:49:50.849,2241.1021,111787,-3.771,13.348
12:49:50.860,2241.1221,111788,-3.739,13.471
12:49:50.892,2241.1421,111789,-3.872,13.569
12:49:50.892,2241.1621,111790,-3.841,13.427
12:49:50.925,2241.1821,111791,-3.889,13.542
12:49:50.940,2241.2021,111792,-3.859,13.403
12:49:50.967,2241.2221,111793,-3.69,13.36
12:49:50.984,2241.2421,111794,-3.806,13.48
12:49:51.000,2241.2621,111795,-3.922,13.39
12:49:51.026,2241.2821,111796,-3.807,13.414
12:49:51.042,2241.3021,111797,-3.915,13.457
12:49:51.058,2241.3221,111798,-3.795,13.38
12:49:51.086,2241.3421,111799,-3.709,13.511
12:49:51.134,2241.3621,111800,-3.858,13.58
12:49:51.134,2241.3821,111801,-3.914,13.43
12:49:51.134,2241.4021,111802,-3.769,13.508
12:49:51.160,2241.4221,111803,-3.782,13.355
12:49:51.176,2241.4421,111804,-3.692,13.468
12:49:51.225,2241.4621,111805,-3.781,13.542
12:49:51.225,2241.4821,111806,-3.774,13.391
12:49:51.251,2241.5021,111807,-3.803,13.532
12:49:51.252,2241.5221,111808,-3.689,13.42
12:49:51.284,2241.5421,111809,-3.621,13.538
12:49:51.300,2241.5621,111810,-3.643,13.681
12:49:51.327,2241.5821,111811,-3.704,13.538
12:49:51.343,2241.6021,111812,-3.606,13.646
12:49:51.375,2241.6221,111813,-3.745,13.542
12:49:51.375,2241.6421,111814,-3.576,13.574
12:49:51.402,2241.6621,111815,-3.71,13.506
12:49:51.433,2241.6821,111816,-3.871,13.461
12:49:51.433,2241.7021,111817,-3.91,13.597
12:49:51.465,2241.7221,111818,-3.821,13.489
12:49:51.491,2241.7421,111819,-3.816,13.334
12:49:51.492,2241.7621,111820,-3.711,13.414
12:49:51.539,2241.7821,111821,-3.874,13.443
12:49:51.540,2241.8021,111822,-3.813,13.255
12:49:51.565,2241.8221,111823,-3.743,13.103
12:49:51.613,2241.8421,111824,-3.643,13.193
12:49:51.613,2241.8621,111825,-3.736,13.309
12:49:51.613,2241.8821,111826,-3.637,13.159
12:49:51.645,2241.9021,111827,-3.752,13.176
12:49:51.656,2241.9221,111828,-3.736,13.325
12:49:51.688,2241.9421,111829,-3.819,13.469
12:49:51.748,2241.9621,111830,-3.726,13.338
12:49:51.748,2241.9821,111831,-3.697,13.192
12:49:51.748,2242.0021,111832,-3.806,13.321
12:49:51.754,2242.0221,111833,-3.772,13.461
12:49:51.781,2242.0421,111834,-3.663,13.351
12:49:51.808,2242.0621,111835,-3.606,13.205
12:49:51.851,2242.0821,111836,-3.713,13.33
12:49:51.856,2242.1021,111837,-3.797,13.434
12:49:51.856,2242.1221,111838,-3.63,13.479
12:49:51.883,2242.1421,111839,-3.529,13.478
12:49:51.899,2242.1621,111840,-3.681,13.399
12:49:51.926,2242.1821,111841,-3.75,13.5
12:49:51.973,2242.2021,111842,-3.586,13.443
12:49:51.973,2242.2221,111843,-3.61,13.298
12:49:51.973,2242.2421,111844,-3.689,13.423
12:49:52.005,2242.2621,111845,-3.66,13.565
12:49:52.016,2242.2821,111846,-3.582,13.472
12:49:52.049,2242.3021,111847,-3.654,13.338
12:49:52.076,2242.3221,111848,-3.789,13.336
12:49:52.082,2242.3421,111849,-3.772,13.481
12:49:52.109,2242.3621,111850,-3.735,13.346
12:49:52.125,2242.3821,111851,-3.667,13.22
12:49:52.136,2242.4021,111852,-3.668,13.367
12:49:52.168,2242.4221,111853,-3.721,13.503
12:49:52.199,2242.4421,111854,-3.722,13.359
12:49:52.200,2242.4621,111855,-3.815,13.293
12:49:52.226,2242.4821,111856,-3.951,13.405
12:49:52.242,2242.5021,111857,-3.78,13.392
12:49:52.259,2242.5221,111858,-3.932,13.502
12:49:52.286,2242.5421,111859,-3.862,13.375
12:49:52.318,2242.5621,111860,-3.693,13.389
12:49:52.318,2242.5821,111861,-3.858,13.367
12:49:52.350,2242.6021,111862,-3.906,13.492
12:49:52.361,2242.6221,111863,-3.752,13.424
12:49:52.377,2242.6421,111864,-3.85,13.295
12:49:52.409,2242.6621,111865,-3.671,13.283
12:49:52.436,2242.6821,111866,-3.686,13.421
12:49:52.441,2242.7021,111867,-3.843,13.362
12:49:52.468,2242.7221,111868,-3.774,13.226
12:49:52.500,2242.7421,111869,-3.915,13.325
12:49:52.500,2242.7621,111870,-3.748,13.366
12:49:52.559,2242.7821,111871,-3.69,13.222
12:49:52.560,2242.8021,111872,-3.855,13.251
12:49:52.560,2242.8221,111873,-3.687,13.286
12:49:52.587,2242.8421,111874,-3.798,13.355
12:49:52.603,2242.8621,111875,-3.837,13.213
12:49:52.619,2242.8821,111876,-3.728,13.235
12:49:52.661,2242.9021,111877,-3.706,13.381
12:49:52.666,2242.9221,111878,-3.813,13.36
12:49:52.677,2242.9421,111879,-3.702,13.343
12:49:52.709,2242.9621,111880,-3.619,13.261
12:49:52.725,2242.9821,111881,-3.699,13.36
12:49:52.736,2243.0021,111882,-3.876,13.354
12:49:52.768,2243.0221,111883,-3.719,13.443
12:49:52.815,2243.0421,111884,-3.552,13.471
12:49:52.815,2243.0621,111885,-3.662,13.604
12:49:52.815,2243.0821,111886,-3.722,13.492
12:49:52.841,2243.1021,111887,-3.709,13.632
12:49:52.857,2243.1221,111888,-3.789,13.498
12:49:52.915,2243.1421,111889,-3.781,13.349
12:49:52.921,2243.1621,111890,-3.685,13.416
12:49:52.921,2243.1821,111891,-3.572,13.483
12:49:52.932,2243.2021,111892,-3.643,13.343
12:49:52.963,2243.2221,111893,-3.51,13.444
12:49:52.979,2243.2421,111894,-3.681,13.419
12:49:53.006,2243.2621,111895,-3.747,13.533
12:49:53.022,2243.2821,111896,-3.744,13.389
12:49:53.038,2243.3021,111897,-3.652,13.3
12:49:53.054,2243.3221,111898,-3.771,13.24
12:49:53.080,2243.3421,111899,-3.737,13.372
12:49:53.096,2243.3621,111900,-3.815,13.265
12:49:53.143,2243.3821,111901,-3.873,13.136
12:49:53.144,2243.4021,111902,-3.874,13.288
12:49:53.160,2243.4221,111903,-3.773,13.395
12:49:53.203,2243.4421,111904,-3.689,13.51
12:49:53.203,2243.4621,111905,-3.788,13.384
12:49:53.230,2243.4821,111906,-3.715,13.241
12:49:53.236,2243.5021,111907,-3.623,13.368
12:49:53.262,2243.5221,111908,-3.76,13.456
12:49:53.279,2243.5421,111909,-3.616,13.482
12:49:53.295,2243.5621,111910,-3.753,13.382
12:49:53.338,2243.5821,111911,-3.799,13.233
12:49:53.338,2243.6021,111912,-3.742,13.366
12:49:53.354,2243.6221,111913,-3.598,13.463
12:49:53.381,2243.6421,111914,-3.769,13.422
12:49:53.397,2243.6621,111915,-3.739,13.273
12:49:53.413,2243.6821,111916,-3.897,13.248
12:49:53.445,2243.7021,111917,-3.785,13.346
12:49:53.456,2243.7221,111918,-3.643,13.339
12:49:53.505,2243.7421,111919,-3.812,13.35
12:49:53.505,2243.7621,111920,-3.747,13.209
12:49:53.515,2243.7821,111921,-3.642,13.3
12:49:53.531,2243.8021,111922,-3.772,13.401
12:49:53.563,2243.8221,111923,-3.914,13.354
12:49:53.579,2243.8421,111924,-3.802,13.409
12:49:53.622,2243.8621,111925,-3.857,13.297
12:49:53.622,2243.8821,111926,-3.69,13.351
12:49:53.638,2243.9021,111927,-3.864,13.321
12:49:53.654,2243.9221,111928,-3.828,13.463
12:49:53.681,2243.9421,111929,-3.705,13.465
12:49:53.697,2243.9621,111930,-3.814,13.431
12:49:53.740,2243.9821,111931,-3.975,13.421
12:49:53.746,2244.0021,111932,-3.865,13.449
12:49:53.757,2244.0221,111933,-3.846,13.298
12:49:53.773,2244.0421,111934,-3.765,13.436
12:49:53.805,2244.0621,111935,-3.864,13.304
12:49:53.817,2244.0821,111936,-3.864,13.161
12:49:53.865,2244.1021,111937,-3.839,13.303
12:49:53.865,2244.1221,111938,-3.971,13.406
12:49:53.876,2244.1421,111939,-3.829,13.368
12:49:53.891,2244.1621,111940,-3.738,13.236
12:49:53.923,2244.1821,111941,-3.875,13.334
12:49:53.982,2244.2021,111942,-3.903,13.477
12:49:53.982,2244.2221,111943,-3.843,13.621
12:49:53.987,2244.2421,111944,-3.828,13.477
12:49:53.998,2244.2621,111945,-3.764,13.335
12:49:54.015,2244.2821,111946,-3.591,13.366
12:49:54.057,2244.3021,111947,-3.75,13.355
12:49:54.057,2244.3221,111948,-3.88,13.253
12:49:54.089,2244.3421,111949,-3.828,13.389
12:49:54.105,2244.3621,111950,-3.977,13.475
12:49:54.116,2244.3821,111951,-3.989,13.342
12:49:54.132,2244.4021,111952,-3.827,13.379
12:49:54.165,2244.4221,111953,-3.766,13.263
12:49:54.176,2244.4421,111954,-3.727,13.41
12:49:54.208,2244.4621,111955,-3.885,13.366
12:49:54.224,2244.4821,111956,-3.768,13.423
12:49:54.240,2244.5021,111957,-3.637,13.516
12:49:54.266,2244.5221,111958,-3.748,13.4
12:49:54.282,2244.5421,111959,-3.651,13.529
12:49:54.298,2244.5621,111960,-3.584,13.393
12:49:54.330,2244.5821,111961,-3.671,13.32
12:49:54.341,2244.6021,111962,-3.778,13.286
12:49:54.358,2244.6221,111963,-3.722,13.429
12:49:54.374,2244.6421,111964,-3.773,13.313
12:49:54.405,2244.6621,111965,-3.659,13.342
12:49:54.448,2244.6821,111966,-3.746,13.254
12:49:54.448,2244.7021,111967,-3.664,13.343
12:49:54.475,2244.7221,111968,-3.754,13.209
12:49:54.481,2244.7421,111969,-3.925,13.244
12:49:54.492,2244.7621,111970,-3.843,13.38
12:49:54.525,2244.7821,111971,-3.718,13.27
12:49:54.568,2244.8021,111972,-3.551,13.319
12:49:54.568,2244.8221,111973,-3.617,13.45
12:49:54.583,2244.8421,111974,-3.713,13.383
12:49:54.599,2244.8621,111975,-3.711,13.239
12:49:54.611,2244.8821,111976,-3.697,13.381
12:49:54.643,2244.9021,111977,-3.617,13.273
12:49:54.687,2244.9221,111978,-3.788,13.267
12:49:54.687,2244.9421,111979,-3.769,13.414
12:49:54.703,2244.9621,111980,-3.932,13.462
12:49:54.719,2244.9821,111981,-3.772,13.475
12:49:54.735,2245.0021,111982,-3.732,13.33
12:49:54.810,2245.0221,111983,-3.887,13.279
12:49:54.810,2245.0421,111984,-3.813,13.396
12:49:54.810,2245.0621,111985,-3.835,13.552
12:49:54.810,2245.0821,111986,-3.743,13.682
12:49:54.837,2245.1021,111987,-3.758,13.536
12:49:54.853,2245.1221,111988,-3.748,13.389
12:49:54.881,2245.1421,111989,-3.696,13.533
12:49:54.912,2245.1621,111990,-3.715,13.383
12:49:54.912,2245.1821,111991,-3.631,13.524
12:49:54.944,2245.2021,111992,-3.747,13.407
12:49:54.955,2245.2221,111993,-3.651,13.335
12:49:54.988,2245.2421,111994,-3.816,13.374
12:49:55.004,2245.2621,111995,-3.726,13.303
12:49:55.032,2245.2821,111996,-3.752,13.435
12:49:55.032,2245.3021,111997,-3.658,13.302
12:49:55.064,2245.3221,111998,-3.833,13.333
12:49:55.090,2245.3421,111999,-3.659,13.338
12:49:55.096,2245.3621,112000,-3.731,13.473
12:49:55.123,2245.3821,112001,-3.59,13.393
12:49:55.155,2245.4021,112002,-3.728,13.335
12:49:55.155,2245.4221,112003,-3.795,13.217
12:49:55.182,2245.4421,112004,-3.696,13.304
12:49:55.198,2245.4621,112005,-3.783,13.173
12:49:55.214,2245.4821,112006,-3.686,13.297
12:49:55.241,2245.5021,112007,-3.706,13.431
12:49:55.273,2245.5221,112008,-3.872,13.381
12:49:55.274,2245.5421,112009,-3.707,13.373
12:49:55.305,2245.5621,112010,-3.649,13.262
12:49:55.316,2245.5821,112011,-3.624,13.405
12:49:55.332,2245.6021,112012,-3.722,13.539
12:49:55.395,2245.6221,112013,-3.789,13.425
12:49:55.395,2245.6421,112014,-3.844,13.569
12:49:55.395,2245.6621,112015,-3.678,13.507
12:49:55.422,2245.6821,112016,-3.508,13.476
12:49:55.438,2245.7021,112017,-3.618,13.354
12:49:55.454,2245.7221,112018,-3.518,13.4
12:49:55.512,2245.7421,112019,-3.691,13.368
12:49:55.512,2245.7621,112020,-3.857,13.334
12:49:55.518,2245.7821,112021,-3.779,13.473
12:49:55.544,2245.8021,112022,-3.901,13.356
12:49:55.560,2245.8221,112023,-3.817,13.228
12:49:55.571,2245.8421,112024,-3.844,13.363
12:49:55.633,2245.8621,112025,-3.779,13.248
12:49:55.634,2245.8821,112026,-3.677,13.296
12:49:55.634,2245.9021,112027,-3.843,13.244
12:49:55.661,2245.9221,112028,-3.73,13.314
12:49:55.676,2245.9421,112029,-3.866,13.35
12:49:55.693,2245.9621,112030,-3.971,13.335
12:49:55.752,2245.9821,112031,-3.984,13.201
12:49:55.753,2246.0021,112032,-4.035,13.345
12:49:55.758,2246.0221,112033,-3.87,13.297
12:49:55.785,2246.0421,112034,-3.954,13.412
12:49:55.812,2246.0621,112035,-3.85,13.289
12:49:55.812,2246.0821,112036,-3.774,13.172
12:49:55.855,2246.1021,112037,-3.849,13.287
12:49:55.861,2246.1221,112038,-3.694,13.343
12:49:55.871,2246.1421,112039,-3.78,13.477
12:49:55.904,2246.1621,112040,-3.675,13.431
12:49:55.920,2246.1821,112041,-3.775,13.347
12:49:55.931,2246.2021,112042,-3.833,13.488
12:49:55.979,2246.2221,112043,-3.73,13.429
12:49:55.979,2246.2421,112044,-3.838,13.336
12:49:55.995,2246.2621,112045,-3.848,13.479
12:49:56.022,2246.2821,112046,-3.787,13.365
12:49:56.039,2246.3021,112047,-3.879,13.5
12:49:56.055,2246.3221,112048,-3.918,13.371
12:49:56.098,2246.3421,112049,-3.832,13.504
12:49:56.098,2246.3621,112050,-3.917,13.394
12:49:56.131,2246.3821,112051,-3.879,13.249
12:49:56.141,2246.4021,112052,-3.962,13.367
12:49:56.157,2246.4221,112053,-4.09,13.398
12:49:56.173,2246.4421,112054,-3.932,13.358
12:49:56.232,2246.4621,112055,-3.766,13.366
12:49:56.237,2246.4821,112056,-3.881,13.33
12:49:56.238,2246.5021,112057,-3.84,13.2
12:49:56.264,2246.5221,112058,-3.733,13.212
12:49:56.275,2246.5421,112059,-3.844,13.25
12:49:56.292,2246.5621,112060,-3.748,13.36
12:49:56.339,2246.5821,112061,-3.612,13.396
12:49:56.339,2246.6021,112062,-3.761,13.37
12:49:56.356,2246.6221,112063,-3.687,13.23
12:49:56.383,2246.6421,112064,-3.72,13.365
12:49:56.399,2246.6621,112065,-3.726,13.513
12:49:56.415,2246.6821,112066,-3.676,13.405
12:49:56.459,2246.7021,112067,-3.499,13.401
12:49:56.459,2246.7221,112068,-3.655,13.34
12:49:56.475,2246.7421,112069,-3.787,13.438
12:49:56.502,2246.7621,112070,-3.617,13.4
12:49:56.519,2246.7821,112071,-3.778,13.458
12:49:56.535,2246.8021,112072,-3.735,13.307
12:49:56.577,2246.8221,112073,-3.79,13.452
12:49:56.577,2246.8421,112074,-3.883,13.32
12:49:56.594,2246.8621,112075,-3.734,13.41
12:49:56.654,2246.8821,112076,-3.63,13.464
12:49:56.654,2246.9021,112077,-3.761,13.463
12:49:56.654,2246.9221,112078,-3.926,13.424
12:49:56.697,2246.9421,112079,-3.892,13.282
12:49:56.697,2246.9621,112080,-3.876,13.434
12:49:56.713,2246.9821,112081,-3.763,13.385
12:49:56.745,2247.0021,112082,-3.854,13.474
12:49:56.756,2247.0221,112083,-3.849,13.325
12:49:56.772,2247.0421,112084,-3.719,13.221
12:49:56.805,2247.0621,112085,-3.744,13.366
12:49:56.816,2247.0821,112086,-3.59,13.333
12:49:56.832,2247.1021,112087,-3.738,13.285
12:49:56.864,2247.1221,112088,-3.725,13.14
12:49:56.881,2247.1421,112089,-3.783,13.261
12:49:56.892,2247.1621,112090,-3.756,13.404
12:49:56.937,2247.1821,112091,-3.839,13.318
12:49:56.937,2247.2021,112092,-3.824,13.463
12:49:56.954,2247.2221,112093,-3.776,13.341
12:49:56.981,2247.2421,112094,-3.787,13.489
12:49:56.997,2247.2621,112095,-3.681,13.444
12:49:57.013,2247.2821,112096,-3.755,13.344
12:49:57.045,2247.3021,112097,-3.71,13.477
12:49:57.056,2247.3221,112098,-3.73,13.624
12:49:57.072,2247.3421,112099,-3.815,13.489
12:49:57.103,2247.3621,112100,-3.864,13.344
12:49:57.119,2247.3821,112101,-3.785,13.471
12:49:57.135,2247.4021,112102,-3.827,13.351
12:49:57.161,2247.4221,112103,-3.73,13.266
12:49:57.177,2247.4421,112104,-3.78,13.407
12:49:57.194,2247.4621,112105,-3.866,13.266
12:49:57.225,2247.4821,112106,-3.726,13.276
12:49:57.269,2247.5021,112107,-3.785,13.387
12:49:57.269,2247.5221,112108,-3.893,13.356
12:49:57.285,2247.5421,112109,-3.815,13.451
12:49:57.296,2247.5621,112110,-3.761,13.341
12:49:57.312,2247.5821,112111,-3.596,13.398
12:49:57.345,2247.6021,112112,-3.771,13.4
12:49:57.356,2247.6221,112113,-3.944,13.385
12:49:57.389,2247.6421,112114,-3.897,13.261
12:49:57.405,2247.6621,112115,-3.934,13.412
12:49:57.416,2247.6821,112116,-3.761,13.441
12:49:57.432,2247.7021,112117,-3.83,13.308
12:49:57.465,2247.7221,112118,-3.977,13.383
12:49:57.476,2247.7421,112119,-3.858,13.269
12:49:57.524,2247.7621,112120,-3.99,13.364
12:49:57.524,2247.7821,112121,-3.872,13.234
12:49:57.539,2247.8021,112122,-3.924,13.112
12:49:57.566,2247.8221,112123,-3.933,13.26
12:49:57.583,2247.8421,112124,-3.89,13.406
12:49:57.598,2247.8621,112125,-3.715,13.418
12:49:57.641,2247.8821,112126,-3.594,13.443
12:49:57.646,2247.9021,112127,-3.676,13.347
12:49:57.657,2247.9221,112128,-3.829,13.402
12:49:57.673,2247.9421,112129,-3.721,13.37
12:49:57.701,2247.9621,112130,-3.829,13.403
12:49:57.716,2247.9821,112131,-3.838,13.546
12:49:57.748,2248.0021,112132,-3.686,13.557
12:49:57.764,2248.0221,112133,-3.713,13.423
12:49:57.776,2248.0421,112134,-3.834,13.431
12:49:57.792,2248.0621,112135,-3.713,13.317
12:49:57.823,2248.0821,112136,-3.849,13.317
12:49:57.839,2248.1021,112137,-3.79,13.441
12:49:57.866,2248.1221,112138,-3.726,13.316
12:49:57.898,2248.1421,112139,-3.587,13.246
12:49:57.898,2248.1621,112140,-3.691,13.298
12:49:57.914,2248.1821,112141,-3.807,13.414
12:49:57.941,2248.2021,112142,-3.868,13.553
12:49:57.957,2248.2221,112143,-3.804,13.419
12:49:57.989,2248.2421,112144,-3.947,13.517
12:49:58.005,2248.2621,112145,-3.941,13.375
12:49:58.016,2248.2821,112146,-3.839,13.411
12:49:58.032,2248.3021,112147,-3.683,13.367
12:49:58.065,2248.3221,112148,-3.85,13.348
12:49:58.076,2248.3421,112149,-3.9,13.494
12:49:58.108,2248.3621,112150,-4.008,13.462
12:49:58.123,2248.3821,112151,-3.919,13.378
12:49:58.140,2248.4021,112152,-3.747,13.368
12:49:58.151,2248.4221,112153,-3.752,13.225
12:49:58.183,2248.4421,112154,-3.856,13.281
12:49:58.230,2248.4621,112155,-3.823,13.427
12:49:58.230,2248.4821,112156,-3.799,13.56
12:49:58.241,2248.5021,112157,-3.855,13.414
12:49:58.258,2248.5221,112158,-3.749,13.53
12:49:58.274,2248.5421,112159,-3.741,13.388
12:49:58.301,2248.5621,112160,-3.665,13.251
12:49:58.348,2248.5821,112161,-3.583,13.342
12:49:58.349,2248.6021,112162,-3.752,13.371
12:49:58.365,2248.6223,112163,-3.852,13.242
12:49:58.376,2248.6421,112164,-3.939,13.333
12:49:58.392,2248.6621,112165,-3.825,13.318
12:49:58.423,2248.6821,112166,-3.848,13.463
12:49:58.465,2248.7021,112167,-3.93,13.549
12:49:58.471,2248.7221,112168,-3.942,13.401
12:49:58.482,2248.7421,112169,-3.816,13.493
12:49:58.498,2248.7621,112170,-3.821,13.354
12:49:58.530,2248.7821,112171,-3.791,13.222
12:49:58.541,2248.8021,112172,-3.846,13.34
12:49:58.589,2248.8221,112173,-3.738,13.36
12:49:58.589,2248.8421,112174,-3.751,13.498
12:49:58.605,2248.8621,112175,-3.839,13.421
12:49:58.615,2248.8821,112176,-3.866,13.571
12:49:58.632,2248.9021,112177,-3.709,13.517
12:49:58.664,2248.9221,112178,-3.699,13.368
12:49:58.691,2248.9421,112179,-3.863,13.303
12:49:58.697,2248.9621,112180,-3.696,13.333
12:49:58.724,2248.9821,112181,-3.664,13.482
12:49:58.740,2249.0021,112182,-3.776,13.5
12:49:58.751,2249.0221,112183,-3.885,13.38
12:49:58.782,2249.0421,112184,-3.793,13.466
12:49:58.815,2249.0621,112185,-3.742,13.343
12:49:58.815,2249.0821,112186,-3.769,13.486
12:49:58.842,2249.1021,112187,-3.657,13.425
12:49:58.858,2249.1221,112188,-3.831,13.441
12:49:58.874,2249.1421,112189,-3.806,13.307
12:49:58.902,2249.1621,112190,-3.797,13.454
12:49:58.933,2249.1821,112191,-3.624,13.462
12:49:58.933,2249.2021,112192,-3.748,13.561
12:49:58.961,2249.2221,112193,-3.736,13.415
12:49:58.977,2249.2421,112194,-3.768,13.292
12:49:58.994,2249.2621,112195,-3.664,13.168
12:49:59.020,2249.2821,112196,-3.826,13.226
12:49:59.052,2249.3021,112197,-3.714,13.245
12:49:59.052,2249.3221,112198,-3.778,13.358
12:49:59.084,2249.3421,112199,-3.858,13.263
12:49:59.095,2249.3621,112200,-3.685,13.271
12:49:59.111,2249.3821,112201,-3.819,13.371
12:49:59.174,2249.4021,112202,-3.95,13.272
12:49:59.174,2249.4221,112203,-3.802,13.295
12:49:59.175,2249.4421,112204,-3.89,13.211
12:49:59.201,2249.4621,112205,-3.957,13.358
12:49:59.217,2249.4821,112206,-3.779,13.322
12:49:59.233,2249.5021,112207,-3.938,13.305
12:49:59.293,2249.5221,112208,-3.856,13.395
12:49:59.293,2249.5421,112209,-3.741,13.506
12:49:59.294,2249.5621,112210,-3.796,13.367
12:49:59.326,2249.5821,112211,-3.636,13.315
12:49:59.337,2249.6021,112212,-3.621,13.176
12:49:59.353,2249.6221,112213,-3.653,13.311
12:49:59.412,2249.6421,112214,-3.717,13.438
12:49:59.412,2249.6621,112215,-3.812,13.307
12:49:59.417,2249.6821,112216,-3.81,13.163
12:49:59.444,2249.7021,112217,-3.82,13.309
12:49:59.460,2249.7221,112218,-3.674,13.389
12:49:59.476,2249.7421,112219,-3.787,13.335
12:49:59.534,2249.7621,112220,-3.95,13.284
12:49:59.534,2249.7821,112221,-3.8,13.361
12:49:59.535,2249.8021,112222,-3.781,13.502
12:49:59.561,2249.8221,112223,-3.889,13.386
12:49:59.578,2249.8421,112224,-3.731,13.3
12:49:59.594,2249.8621,112225,-3.887,13.376
12:49:59.637,2249.8821,112226,-3.975,13.243
12:49:59.637,2249.9021,112227,-4.006,13.387
12:49:59.653,2249.9221,112228,-3.889,13.387
12:49:59.685,2249.9421,112229,-3.998,13.412
12:49:59.695,2249.9621,112230,-3.852,13.431
12:49:59.711,2249.9821,112231,-3.77,13.292
12:49:59.760,2250.0021,112232,-3.891,13.266
12:49:59.760,2250.0221,112233,-3.723,13.209
12:49:59.771,2250.0421,112234,-3.798,13.34
12:49:59.803,2250.0621,112235,-3.867,13.456
12:49:59.820,2250.0821,112236,-3.756,13.468
12:49:59.831,2250.1021,112237,-3.899,13.381
12:49:59.864,2250.1221,112238,-3.843,13.527
12:49:59.880,2250.1421,112239,-3.836,13.384
12:49:59.895,2250.1621,112240,-3.793,13.239
12:49:59.922,2250.1821,112241,-3.847,13.384
12:49:59.938,2250.2021,112242,-3.946,13.52
12:49:59.954,2250.2221,112243,-3.847,13.395
12:50:00.000,2250.2421,112244,-3.968,13.4
12:50:00.001,2250.2621,112245,-3.857,13.364
12:50:00.011,2250.2821,112246,-3.975,13.458
12:50:00.044,2250.3021,112247,-4.071,13.521
12:50:00.060,2250.3221,112248,-3.931,13.536
12:50:00.087,2250.3421,112249,-3.89,13.392
12:50:00.118,2250.3621,112250,-3.715,13.397
12:50:00.119,2250.3821,112251,-3.672,13.25
12:50:00.135,2250.4021,112252,-3.816,13.348
12:50:00.162,2250.4221,112253,-3.858,13.206
12:50:00.178,2250.4421,112254,-3.819,13.33
12:50:00.195,2250.4621,112255,-3.816,13.476
12:50:00.238,2250.4821,112256,-3.92,13.386
12:50:00.238,2250.5021,112257,-3.833,13.462
12:50:00.254,2250.5221,112258,-3.884,13.336
12:50:00.286,2250.5421,112259,-3.762,13.421
12:50:00.297,2250.5621,112260,-3.616,13.512
12:50:00.313,2250.5821,112261,-3.784,13.528
12:50:00.356,2250.6021,112262,-3.849,13.415
12:50:00.361,2250.6221,112263,-3.767,13.5
12:50:00.372,2250.6421,112264,-3.815,13.35
12:50:00.405,2250.6621,112265,-3.888,13.239
12:50:00.416,2250.6821,112266,-3.808,13.376
12:50:00.432,2250.7021,112267,-3.835,13.233
12:50:00.479,2250.7221,112268,-3.677,13.269
12:50:00.479,2250.7421,112269,-3.757,13.36
12:50:00.495,2250.7621,112270,-3.818,13.247
12:50:00.522,2250.7821,112271,-3.765,13.366
12:50:00.538,2250.8021,112272,-3.733,13.503
12:50:00.554,2250.8221,112273,-3.848,13.389
12:50:00.581,2250.8421,112274,-3.884,13.522
12:50:00.597,2250.8621,112275,-3.767,13.486
12:50:00.613,2250.8821,112276,-3.88,13.482
12:50:00.645,2250.9021,112277,-3.706,13.456
12:50:00.656,2250.9221,112278,-3.849,13.368
12:50:00.672,2250.9421,112279,-3.725,13.257
12:50:00.704,2250.9621,112280,-3.612,13.189
12:50:00.721,2250.9821,112281,-3.658,13.326
12:50:00.732,2251.0021,112282,-3.804,13.415
12:50:00.764,2251.0221,112283,-3.643,13.479
12:50:00.780,2251.0421,112284,-3.585,13.332
12:50:00.791,2251.0621,112285,-3.69,13.384
12:50:00.823,2251.0821,112286,-3.549,13.383
12:50:00.839,2251.1021,112287,-3.681,13.277
12:50:00.855,2251.1221,112288,-3.796,13.381
12:50:00.882,2251.1421,112289,-3.823,13.231
12:50:00.899,2251.1621,112290,-3.806,13.383
12:50:00.941,2251.1821,112291,-3.752,13.264
12:50:00.947,2251.2021,112292,-3.77,13.401
12:50:00.958,2251.2221,112293,-3.655,13.418
12:50:00.974,2251.2421,112294,-3.828,13.425
12:50:01.000,2251.2621,112295,-3.782,13.284
12:50:01.016,2251.2821,112296,-3.848,13.416
12:50:01.033,2251.3021,112297,-3.971,13.316
12:50:01.064,2251.3221,112298,-4.135,13.351
12:50:01.080,2251.3421,112299,-4.047,13.431
12:50:01.091,2251.3621,112300,-3.937,13.331
12:50:01.123,2251.3821,112301,-3.784,13.405
12:50:01.139,2251.4021,112302,-3.819,13.547
12:50:01.182,2251.4221,112303,-3.931,13.561
12:50:01.182,2251.4421,112304,-3.823,13.445
12:50:01.198,2251.4621,112305,-3.826,13.3
12:50:01.214,2251.4821,112306,-3.96,13.403
12:50:01.242,2251.5021,112307,-3.864,13.337
12:50:01.258,2251.5221,112308,-3.944,13.203
12:50:01.301,2251.5425,112309,-3.933,13.35
12:50:01.307,2251.5621,112310,-3.984,13.497
12:50:01.317,2251.5821,112311,-3.85,13.419
12:50:01.334,2251.6021,112312,-3.825,13.277
12:50:01.361,2251.6221,112313,-3.955,13.194
12:50:01.377,2251.6421,112314,-3.833,13.26
12:50:01.425,2251.6621,112315,-3.734,13.388
12:50:01.425,2251.6821,112316,-3.831,13.449
12:50:01.436,2251.7021,112317,-3.8,13.3
12:50:01.452,2251.7221,112318,-3.881,13.404
12:50:01.485,2251.7421,112319,-3.727,13.452
12:50:01.496,2251.7621,112320,-3.897,13.484
12:50:01.528,2251.7821,112321,-3.894,13.35
12:50:01.544,2251.8021,112322,-3.845,13.471
12:50:01.560,2251.8221,112323,-3.956,13.466
12:50:01.576,2251.8421,112324,-3.846,13.349
12:50:01.603,2251.8621,112325,-3.727,13.465
12:50:01.619,2251.8821,112326,-3.646,13.351
12:50:01.646,2251.9021,112327,-3.715,13.238
12:50:01.662,2251.9221,112328,-3.781,13.377
12:50:01.678,2251.9421,112329,-3.616,13.426
12:50:01.694,2251.9621,112330,-3.774,13.376
12:50:01.721,2251.9821,112331,-3.892,13.264
12:50:01.737,2252.0021,112332,-3.917,13.398
12:50:01.768,2252.0221,112333,-3.799,13.39
12:50:01.784,2252.0421,112334,-3.93,13.503
12:50:01.811,2252.0621,112335,-3.776,13.432
12:50:01.816,2252.0821,112336,-3.742,13.287
12:50:01.843,2252.1021,112337,-3.808,13.402
12:50:01.859,2252.1221,112338,-3.712,13.468
12:50:01.890,2252.1421,112339,-3.689,13.332
12:50:01.901,2252.1621,112340,-3.797,13.373
12:50:01.917,2252.1821,112341,-3.627,13.377
12:50:01.933,2252.2021,112342,-3.658,13.515
12:50:02.008,2252.2221,112343,-3.745,13.435
12:50:02.008,2252.2421,112344,-3.637,13.527
12:50:02.013,2252.2621,112345,-3.76,13.531
12:50:02.014,2252.2821,112346,-3.813,13.388
12:50:02.040,2252.3021,112347,-3.707,13.265
12:50:02.051,2252.3221,112348,-3.606,13.387
12:50:02.082,2252.3421,112349,-3.777,13.439
12:50:02.115,2252.3621,112350,-3.789,13.292
12:50:02.115,2252.3821,112351,-3.645,13.316
12:50:02.141,2252.4021,112352,-3.819,13.356
12:50:02.157,2252.4221,112353,-3.739,13.239
12:50:02.173,2252.4421,112354,-3.778,13.379
12:50:02.205,2252.4621,112355,-3.723,13.256
12:50:02.216,2252.4821,112356,-3.646,13.388
12:50:02.249,2252.5021,112357,-3.719,13.511
12:50:02.265,2252.5221,112358,-3.887,13.467
12:50:02.276,2252.5421,112359,-3.731,13.506
12:50:02.308,2252.5621,112360,-3.901,13.481
12:50:02.324,2252.5822,112361,-3.829,13.338
12:50:02.367,2252.6021,112362,-3.785,13.478
12:50:02.367,2252.6221,112363,-3.703,13.34
12:50:02.398,2252.6421,112364,-3.853,13.271
12:50:02.398,2252.6621,112365,-3.899,13.417
12:50:02.414,2252.6821,112366,-3.801,13.477
12:50:02.473,2252.7021,112367,-3.883,13.392
12:50:02.473,2252.7221,112368,-3.787,13.28
12:50:02.478,2252.7421,112369,-3.727,13.421
12:50:02.505,2252.7621,112370,-3.802,13.282
12:50:02.516,2252.7821,112371,-3.916,13.167
12:50:02.532,2252.8021,112372,-3.768,13.242
12:50:02.563,2252.8221,112373,-3.82,13.098
12:50:02.607,2252.8421,112374,-3.9,13.237
12:50:02.607,2252.8621,112375,-3.757,13.208
12:50:02.623,2252.8821,112376,-3.775,13.351
12:50:02.639,2252.9021,112377,-3.886,13.228
12:50:02.655,2252.9221,112378,-4.011,13.333
12:50:02.682,2252.9421,112379,-3.842,13.297
12:50:02.714,2252.9621,112380,-3.995,13.372
12:50:02.714,2252.9821,112381,-3.926,13.231
12:50:02.746,2253.0021,112382,-3.791,13.321
12:50:02.757,2253.0221,112383,-3.695,13.451
12:50:02.773,2253.0421,112384,-3.724,13.317
12:50:02.832,2253.0621,112385,-3.604,13.403
12:50:02.837,2253.0821,112386,-3.766,13.363
12:50:02.837,2253.1021,112387,-3.861,13.442
12:50:02.863,2253.1221,112388,-3.692,13.44
12:50:02.879,2253.1421,112389,-3.81,13.326
12:50:02.895,2253.1621,112390,-3.767,13.203
12:50:02.953,2253.1821,112391,-3.854,13.341
12:50:02.953,2253.2021,112392,-3.881,13.485
12:50:02.953,2253.2221,112393,-3.828,13.344
12:50:02.985,2253.2421,112394,-3.825,13.2
12:50:02.996,2253.2621,112395,-3.943,13.099
12:50:03.028,2253.2821,112396,-3.907,13.234
12:50:03.075,2253.3021,112397,-3.937,13.362
12:50:03.076,2253.3221,112398,-3.827,13.319
12:50:03.076,2253.3421,112399,-3.72,13.278
12:50:03.103,2253.3621,112400,-3.749,13.415
12:50:03.134,2253.3821,112401,-3.868,13.432
12:50:03.134,2253.4021,112402,-3.742,13.35
12:50:03.193,2253.4221,112403,-3.72,13.5
12:50:03.194,2253.4421,112404,-3.881,13.46
12:50:03.194,2253.4621,112405,-3.777,13.359
12:50:03.221,2253.4821,112406,-3.705,13.486
12:50:03.237,2253.5021,112407,-3.784,13.389
12:50:03.253,2253.5221,112408,-3.911,13.318
12:50:03.312,2253.5435,112409,-3.8,13.454
12:50:03.312,2253.5621,112410,-3.738,13.331
12:50:03.329,2253.5821,112411,-3.891,13.401
12:50:03.345,2253.6021,112412,-4.003,13.296
12:50:03.356,2253.6221,112413,-3.923,13.435
12:50:03.372,2253.6421,112414,-3.796,13.373
12:50:03.418,2253.6621,112415,-3.893,13.458
12:50:03.418,2253.6821,112416,-3.871,13.326
12:50:03.434,2253.7021,112417,-3.944,13.467
12:50:03.460,2253.7221,112418,-3.842,13.423
12:50:03.476,2253.7421,112419,-3.759,13.291
12:50:03.493,2253.7621,112420,-3.877,13.327
12:50:03.536,2253.7821,112421,-3.877,13.475
12:50:03.541,2253.8021,112422,-3.866,13.631
12:50:03.552,2253.8221,112423,-3.949,13.499
12:50:03.584,2253.8421,112424,-3.843,13.375
12:50:03.599,2253.8621,112425,-4.017,13.358
12:50:03.615,2253.8821,112426,-4.117,13.483
12:50:03.642,2253.9021,112427,-4.004,13.374
12:50:03.657,2253.9221,112428,-3.934,13.509
12:50:03.673,2253.9421,112429,-3.815,13.4
12:50:03.705,2253.9621,112430,-3.871,13.266
12:50:03.716,2253.9821,112431,-3.979,13.173
12:50:03.748,2254.0021,112432,-3.888,13.243
12:50:03.780,2254.0221,112433,-3.887,13.392
12:50:03.780,2254.0421,112434,-3.742,13.486
12:50:03.791,2254.0621,112435,-3.641,13.361
12:50:03.822,2254.0821,112436,-3.739,13.237
12:50:03.855,2254.1021,112437,-3.768,13.37
12:50:03.855,2254.1221,112438,-3.753,13.513
12:50:03.897,2254.1421,112439,-3.652,13.383
12:50:03.897,2254.1621,112440,-3.493,13.363
12:50:03.913,2254.1821,112441,-3.512,13.214
12:50:03.945,2254.2021,112442,-3.655,13.254
12:50:03.957,2254.2221,112443,-3.612,13.395
12:50:03.973,2254.2421,112444,-3.634,13.535
12:50:04.020,2254.2621,112445,-3.792,13.585
12:50:04.020,2254.2821,112446,-3.742,13.441
12:50:04.036,2254.3021,112447,-3.621,13.353
12:50:04.062,2254.3221,112448,-3.781,13.325
12:50:04.079,2254.3421,112449,-3.769,13.187
12:50:04.094,2254.3621,112450,-3.753,13.335
12:50:04.137,2254.3821,112451,-3.84,13.204
12:50:04.137,2254.4021,112452,-3.811,13.359
12:50:04.169,2254.4221,112453,-3.7,13.363
12:50:04.185,2254.4421,112454,-3.719,13.505
12:50:04.201,2254.4621,112455,-3.741,13.369
12:50:04.211,2254.4821,112456,-3.911,13.392
12:50:04.258,2254.5021,112457,-3.757,13.324
12:50:04.258,2254.5221,112458,-3.89,13.225
12:50:04.274,2254.5421,112459,-3.803,13.306
12:50:04.301,2254.5621,112460,-3.91,13.385
12:50:04.317,2254.5821,112461,-3.798,13.379
12:50:04.333,2254.6021,112462,-3.91,13.312
12:50:04.365,2254.6221,112463,-3.825,13.403
12:50:04.376,2254.6421,112464,-3.935,13.274
12:50:04.392,2254.6621,112465,-3.851,13.343
12:50:04.424,2254.6821,112466,-3.792,13.489
12:50:04.440,2254.7021,112467,-3.906,13.459
12:50:04.451,2254.7221,112468,-3.766,13.401
12:50:04.483,2254.7421,112469,-3.81,13.279
12:50:04.500,2254.7621,112470,-3.711,13.309
12:50:04.511,2254.7821,112471,-3.793,13.176
12:50:04.543,2254.8021,112472,-3.854,13.296
12:50:04.575,2254.8221,112473,-3.926,13.438
12:50:04.575,2254.8421,112474,-3.789,13.534
12:50:04.602,2254.8621,112475,-3.808,13.391
12:50:04.619,2254.8821,112476,-3.728,13.526
12:50:04.635,2254.9021,112477,-3.815,13.389
12:50:04.661,2254.9221,112478,-3.677,13.488
12:50:04.677,2254.9421,112479,-3.819,13.403
12:50:04.694,2254.9621,112480,-3.934,13.287
12:50:04.725,2254.9821,112481,-3.812,13.184
12:50:04.736,2255.0021,112482,-3.862,13.309
12:50:04.752,2255.0221,112483,-4.028,13.355
12:50:04.784,2255.0421,112484,-3.945,13.454
12:50:04.800,2255.0621,112485,-3.842,13.41
12:50:04.842,2255.0821,112486,-3.774,13.557
12:50:04.842,2255.1021,112487,-3.9,13.587
12:50:04.859,2255.1221,112488,-3.825,13.447
12:50:04.875,2255.1421,112489,-3.656,13.463
12:50:04.901,2255.1621,112490,-3.669,13.325
12:50:04.917,2255.1821,112491,-3.781,13.323
12:50:04.949,2255.2021,112492,-3.763,13.464
12:50:04.965,2255.2221,112493,-3.676,13.382
12:50:04.976,2255.2421,112494,-3.622,13.24
12:50:04.992,2255.2621,112495,-3.715,13.377
12:50:05.024,2255.2821,112496,-3.781,13.514
12:50:05.040,2255.3021,112497,-3.663,13.451
12:50:05.051,2255.3221,112498,-3.712,13.33
12:50:05.084,2255.3421,112499,-3.826,13.458
12:50:05.100,2255.3621,112500,-3.72,13.359
12:50:05.111,2255.3821,112501,-3.777,13.496
12:50:05.142,2255.4021,112502,-3.677,13.366
12:50:05.159,2255.4221,112503,-3.798,13.482
12:50:05.203,2255.4421,112504,-3.699,13.351
12:50:05.203,2255.4621,112505,-3.809,13.448
12:50:05.235,2255.4821,112506,-3.726,13.308
12:50:05.235,2255.5021,112507,-3.653,13.442
12:50:05.262,2255.5221,112508,-3.824,13.476
12:50:05.278,2255.5445,112509,-3.829,13.305
12:50:05.311,2255.5621,112510,-3.726,13.211
12:50:05.338,2255.5821,112511,-3.753,13.363
12:50:05.339,2255.6021,112512,-3.723,13.509
12:50:05.355,2255.6221,112513,-3.875,13.554
12:50:05.382,2255.6421,112514,-3.995,13.674
12:50:05.399,2255.6621,112515,-3.97,13.537
12:50:05.430,2255.6821,112516,-3.872,13.409
12:50:05.446,2255.7021,112517,-3.938,13.549
12:50:05.457,2255.7221,112518,-3.873,13.647
12:50:05.473,2255.7421,112519,-3.751,13.531
12:50:05.504,2255.7621,112520,-3.89,13.432
12:50:05.521,2255.7821,112521,-3.755,13.437
12:50:05.548,2255.8021,112522,-3.88,13.327
12:50:05.564,2255.8221,112523,-3.934,13.216
12:50:05.581,2255.8421,112524,-3.781,13.232
12:50:05.591,2255.8621,112525,-3.829,13.377
12:50:05.624,2255.8821,112526,-3.73,13.281
12:50:05.640,2255.9021,112527,-3.829,13.348
12:50:05.667,2255.9221,112528,-3.943,13.226
12:50:05.683,2255.9421,112529,-3.872,13.362
12:50:05.698,2255.9621,112530,-3.809,13.236
12:50:05.714,2255.9821,112531,-3.785,13.383
12:50:05.741,2256.0021,112532,-3.945,13.347
12:50:05.790,2256.0221,112533,-3.88,13.461
12:50:05.790,2256.0421,112534,-3.724,13.468
12:50:05.801,2256.0621,112535,-3.723,13.325
12:50:05.818,2256.0821,112536,-3.821,13.383
12:50:05.833,2256.1021,112537,-3.918,13.271
12:50:05.866,2256.1221,112538,-3.783,13.367
12:50:05.909,2256.1421,112539,-3.837,13.223
12:50:05.909,2256.1621,112540,-3.721,13.34
12:50:05.925,2256.1821,112541,-3.87,13.419
12:50:05.936,2256.2021,112542,-3.758,13.539
12:50:05.952,2256.2221,112543,-3.824,13.435
12:50:05.984,2256.2421,112544,-3.727,13.361
12:50:06.027,2256.2621,112545,-3.851,13.246
12:50:06.027,2256.2821,112546,-4.021,13.215
12:50:06.043,2256.3021,112547,-4.022,13.357
12:50:06.060,2256.3221,112548,-3.881,13.43
12:50:06.071,2256.3421,112549,-3.748,13.524
12:50:06.103,2256.3621,112550,-3.864,13.551
12:50:06.151,2256.3821,112551,-3.729,13.57
12:50:06.151,2256.4021,112552,-3.646,13.436
12:50:06.162,2256.4221,112553,-3.705,13.289
12:50:06.177,2256.4421,112554,-3.607,13.417
12:50:06.194,2256.4621,112555,-3.66,13.29
12:50:06.224,2256.4821,112556,-3.791,13.399
12:50:06.251,2256.5021,112557,-3.842,13.261
12:50:06.257,2256.5221,112558,-3.749,13.338
12:50:06.284,2256.5421,112559,-3.886,13.432
12:50:06.311,2256.5621,112560,-3.716,13.401
12:50:06.316,2256.5821,112561,-3.875,13.445
12:50:06.343,2256.6021,112562,-3.754,13.339
12:50:06.386,2256.6221,112563,-3.658,13.393
12:50:06.391,2256.6421,112564,-3.822,13.453
12:50:06.401,2256.6621,112565,-3.938,13.355
12:50:06.417,2256.6821,112566,-3.782,13.425
12:50:06.433,2256.7021,112567,-3.934,13.378
12:50:06.464,2256.7221,112568,-3.98,13.527
12:50:06.491,2256.7421,112569,-3.849,13.523
12:50:06.497,2256.7621,112570,-3.891,13.404
12:50:06.524,2256.7821,112571,-3.893,13.259
12:50:06.541,2256.8021,112572,-3.809,13.4
12:50:06.551,2256.8221,112573,-3.726,13.259
12:50:06.582,2256.8421,112574,-3.789,13.377
12:50:06.614,2256.8621,112575,-3.689,13.308
12:50:06.614,2256.8821,112576,-3.665,13.443
12:50:06.641,2256.9021,112577,-3.8,13.545
12:50:06.657,2256.9221,112578,-3.764,13.401
12:50:06.673,2256.9421,112579,-3.769,13.543
12:50:06.705,2256.9621,112580,-3.824,13.429
12:50:06.731,2256.9821,112581,-3.985,13.384
12:50:06.736,2257.0021,112582,-3.86,13.491
12:50:06.764,2257.0221,112583,-3.844,13.634
12:50:06.779,2257.0421,112584,-3.839,13.494
12:50:06.806,2257.0621,112585,-3.731,13.571
12:50:06.854,2257.0821,112586,-3.895,13.501
12:50:06.854,2257.1021,112587,-3.781,13.403
12:50:06.854,2257.1221,112588,-3.608,13.424
12:50:06.881,2257.1421,112589,-3.68,13.56
12:50:06.913,2257.1621,112590,-3.774,13.457
12:50:06.913,2257.1821,112591,-3.699,13.345
12:50:06.971,2257.2021,112592,-3.874,13.367
12:50:06.976,2257.2221,112593,-3.752,13.375
12:50:06.976,2257.2421,112594,-3.77,13.515
12:50:07.018,2257.2621,112595,-3.712,13.369
12:50:07.018,2257.2821,112596,-3.764,13.512
12:50:07.034,2257.3021,112597,-3.859,13.383
12:50:07.092,2257.3221,112598,-3.883,13.516
12:50:07.092,2257.3421,112599,-3.784,13.41
12:50:07.098,2257.3621,112600,-3.772,13.268
12:50:07.124,2257.3821,112601,-3.75,13.411
12:50:07.140,2257.4021,112602,-3.862,13.378
12:50:07.151,2257.4221,112603,-3.988,13.469
12:50:07.198,2257.4421,112604,-3.836,13.523
12:50:07.198,2257.4621,112605,-3.979,13.436
12:50:07.230,2257.4821,112606,-4.087,13.419
12:50:07.241,2257.5021,112607,-3.928,13.357
12:50:07.257,2257.5221,112608,-3.998,13.218
12:50:07.289,2257.5455,112609,-3.937,13.38
12:50:07.316,2257.5621,112610,-3.841,13.384
12:50:07.317,2257.5821,112611,-3.68,13.446
12:50:07.333,2257.6021,112612,-3.744,13.309
12:50:07.365,2257.6221,112613,-3.635,13.29
12:50:07.381,2257.6421,112614,-3.679,13.424
12:50:07.391,2257.6621,112615,-3.852,13.455
12:50:07.422,2257.6821,112616,-3.872,13.308
12:50:07.439,2257.7021,112617,-3.71,13.349
12:50:07.455,2257.7221,112618,-3.616,13.451
12:50:07.481,2257.7421,112619,-3.664,13.315
12:50:07.497,2257.7621,112620,-3.761,13.189
12:50:07.514,2257.7821,112621,-3.786,13.338
12:50:07.557,2257.8021,112622,-3.842,13.474
12:50:07.562,2257.8221,112623,-3.82,13.619
12:50:07.572,2257.8421,112624,-3.831,13.478
12:50:07.604,2257.8621,112625,-3.771,13.369
12:50:07.620,2257.8821,112626,-3.61,13.378
12:50:07.631,2257.9021,112627,-3.552,13.232
12:50:07.678,2257.9221,112628,-3.605,13.361
12:50:07.679,2257.9421,112629,-3.668,13.5
12:50:07.695,2257.9621,112630,-3.638,13.371
12:50:07.721,2257.9821,112631,-3.609,13.502
12:50:07.737,2258.0021,112632,-3.698,13.439
12:50:07.753,2258.0221,112633,-3.8,13.383
12:50:07.785,2258.0421,112634,-3.769,13.514
12:50:07.796,2258.0621,112635,-3.675,13.584
12:50:07.812,2258.0821,112636,-3.707,13.457
12:50:07.844,2258.1021,112637,-3.711,13.306
12:50:07.855,2258.1221,112638,-3.877,13.338
12:50:07.886,2258.1421,112639,-3.82,13.453
12:50:07.917,2258.1622,112640,-3.926,13.43
12:50:07.918,2258.1821,112641,-3.818,13.405
12:50:07.950,2258.2021,112642,-3.912,13.351
12:50:07.960,2258.2222,112643,-3.799,13.331
12:50:07.977,2258.2421,112644,-3.827,13.192
12:50:07.993,2258.2621,112645,-3.909,13.331
12:50:08.051,2258.2821,112646,-3.846,13.479
12:50:08.056,2258.3021,112647,-3.747,13.408
12:50:08.056,2258.3221,112648,-3.881,13.509
12:50:08.083,2258.3421,112649,-3.815,13.367
12:50:08.099,2258.3621,112650,-3.773,13.22
12:50:08.116,2258.3821,112651,-3.835,13.334
12:50:08.143,2258.4021,112652,-3.672,13.274
12:50:08.159,2258.4221,112653,-3.779,13.235
12:50:08.175,2258.4421,112654,-3.711,13.343
12:50:08.202,2258.4621,112655,-3.858,13.26
12:50:08.219,2258.4821,112656,-3.986,13.247
12:50:08.235,2258.5021,112657,-3.826,13.304
12:50:08.262,2258.5221,112658,-3.718,13.33
12:50:08.278,2258.5421,112659,-3.742,13.466
12:50:08.294,2258.5621,112660,-3.813,13.33
12:50:08.321,2258.5821,112661,-3.705,13.344
12:50:08.337,2258.6021,112662,-3.791,13.423
12:50:08.385,2258.6221,112663,-3.702,13.288
12:50:08.385,2258.6421,112664,-3.744,13.413
12:50:08.396,2258.6621,112665,-3.781,13.282
12:50:08.412,2258.6821,112666,-3.724,13.4
12:50:08.444,2258.7021,112667,-3.78,13.548
12:50:08.471,2258.7221,112668,-3.717,13.402
12:50:08.477,2258.7421,112669,-3.843,13.384
12:50:08.504,2258.7621,112670,-3.741,13.437
12:50:08.520,2258.7821,112671,-3.672,13.329
12:50:08.531,2258.8021,112672,-3.785,13.378
12:50:08.579,2258.8221,112673,-3.684,13.476
12:50:08.579,2258.8421,112674,-3.741,13.348
12:50:08.622,2258.8621,112675,-3.762,13.495
12:50:08.622,2258.8821,112676,-3.627,13.475
12:50:08.638,2258.9021,112677,-3.701,13.349
12:50:08.654,2258.9221,112678,-3.806,13.235
12:50:08.686,2258.9421,112679,-3.661,13.242
12:50:08.696,2258.9621,112680,-3.762,13.317
12:50:08.728,2258.9821,112681,-3.869,13.436
12:50:08.745,2259.0022,112682,-3.737,13.337
12:50:08.760,2259.0221,112683,-3.745,13.478
12:50:08.786,2259.0421,112684,-3.911,13.443
12:50:08.802,2259.0622,112685,-3.801,13.459
12:50:08.817,2259.0821,112686,-3.758,13.308
12:50:08.833,2259.1021,112687,-3.902,13.222
12:50:08.861,2259.1221,112688,-3.803,13.352
12:50:08.877,2259.1421,112689,-3.942,13.41
12:50:08.892,2259.1621,112690,-4.096,13.404
12:50:08.925,2259.1821,112691,-3.93,13.406
12:50:08.936,2259.2021,112692,-3.804,13.445
12:50:09.000,2259.2221,112693,-3.849,13.302
12:50:09.000,2259.2421,112694,-3.894,13.177
12:50:09.000,2259.2621,112695,-3.757,13.277
12:50:09.016,2259.2821,112696,-3.731,13.414
12:50:09.043,2259.3021,112697,-3.785,13.564
12:50:09.060,2259.3221,112698,-3.801,13.419
12:50:09.102,2259.3421,112699,-3.906,13.475
12:50:09.102,2259.3621,112700,-3.856,13.591
12:50:09.118,2259.3821,112701,-3.698,13.521
12:50:09.135,2259.4021,112702,-3.658,13.394
12:50:09.161,2259.4221,112703,-3.782,13.278
12:50:09.177,2259.4421,112704,-3.935,13.254
12:50:09.209,2259.4621,112705,-3.798,13.343
12:50:09.225,2259.4822,112706,-3.944,13.257
12:50:09.236,2259.5021,112707,-3.793,13.327
12:50:09.252,2259.5221,112708,-3.911,13.219
12:50:09.284,2259.5465,112709,-3.878,13.055
12:50:09.300,2259.5621,112710,-3.773,13.131
12:50:09.328,2259.5821,112711,-3.852,13.27
12:50:09.343,2259.6022,112712,-3.844,13.419
12:50:09.360,2259.6221,112713,-3.683,13.453
12:50:09.376,2259.6421,112714,-3.759,13.314
12:50:09.403,2259.6621,112715,-3.841,13.451
12:50:09.419,2259.6821,112716,-3.947,13.326
12:50:09.447,2259.7021,112717,-3.792,13.236
12:50:09.463,2259.7222,112718,-3.714,13.341
12:50:09.480,2259.7421,112719,-3.797,13.43
12:50:09.491,2259.7621,112720,-3.877,13.315
12:50:09.522,2259.7821,112721,-3.737,13.244
12:50:09.570,2259.8021,112722,-3.807,13.367
12:50:09.570,2259.8221,112723,-3.695,13.473
12:50:09.581,2259.8422,112724,-3.806,13.467
12:50:09.597,2259.8621,112725,-3.658,13.386
12:50:09.613,2259.8821,112726,-3.73,13.254
12:50:09.645,2259.9021,112727,-3.771,13.394
12:50:09.688,2259.9221,112728,-3.807,13.524
12:50:09.688,2259.9421,112729,-3.767,13.396
12:50:09.719,2259.9622,112730,-3.753,13.249
12:50:09.719,2259.9821,112731,-3.766,13.385
12:50:09.735,2260.0021,112732,-3.928,13.419
12:50:09.761,2260.0221,112733,-3.763,13.453
12:50:09.808,2260.0421,112734,-3.726,13.307
12:50:09.808,2260.0621,112735,-3.636,13.379
12:50:09.824,2260.0822,112736,-3.564,13.5
12:50:09.836,2260.1021,112737,-3.673,13.561
12:50:09.852,2260.1221,112738,-3.759,13.429
12:50:09.883,2260.1421,112739,-3.704,13.279
12:50:09.926,2260.1621,112740,-3.642,13.426
12:50:09.931,2260.1821,112741,-3.808,13.459
12:50:09.942,2260.2022,112742,-3.717,13.374
12:50:09.959,2260.2221,112743,-3.682,13.24
12:50:09.975,2260.2421,112744,-3.775,13.332
12:50:10.001,2260.2621,112745,-3.713,13.453
12:50:10.033,2260.2821,112746,-3.872,13.476
12:50:10.049,2260.3021,112747,-3.818,13.348
12:50:10.065,2260.3221,112748,-3.737,13.459
12:50:10.076,2260.3421,112749,-3.913,13.437
12:50:10.093,2260.3621,112750,-3.82,13.501
12:50:10.125,2260.3821,112751,-3.742,13.362
12:50:10.152,2260.4021,112752,-3.725,13.506
12:50:10.152,2260.4221,112753,-3.687,13.359
12:50:10.184,2260.4421,112754,-3.787,13.297
12:50:10.200,2260.4621,112755,-3.959,13.247
12:50:10.211,2260.4821,112756,-3.871,13.381
12:50:10.243,2260.5021,112757,-3.77,13.428
12:50:10.276,2260.5221,112758,-3.945,13.433
12:50:10.276,2260.5421,112759,-3.781,13.429
12:50:10.302,2260.5621,112760,-3.892,13.463
12:50:10.318,2260.5821,112761,-3.937,13.343
12:50:10.334,2260.6021,112762,-3.778,13.389
12:50:10.366,2260.6221,112763,-3.607,13.375
12:50:10.393,2260.6421,112764,-3.665,13.238
12:50:10.393,2260.6621,112765,-3.838,13.216
12:50:10.425,2260.6821,112766,-3.71,13.32
12:50:10.441,2260.7021,112767,-3.864,13.243
12:50:10.452,2260.7221,112768,-3.943,13.386
12:50:10.511,2260.7421,112769,-3.874,13.277
12:50:10.516,2260.7621,112770,-3.919,13.414
12:50:10.516,2260.7821,112771,-3.796,13.335
12:50:10.543,2260.8021,112772,-3.932,13.413
12:50:10.560,2260.8221,112773,-3.774,13.475
12:50:10.576,2260.8421,112774,-3.881,13.365
12:50:10.619,2260.8621,112775,-3.728,13.441
12:50:10.619,2260.8821,112776,-3.555,13.443
12:50:10.635,2260.9021,112777,-3.645,13.305
12:50:10.661,2260.9221,112778,-3.698,13.425
12:50:10.677,2260.9421,112779,-3.827,13.342
12:50:10.694,2260.9621,112780,-3.779,13.485
12:50:10.721,2260.9821,112781,-3.623,13.556
12:50:10.753,2261.0021,112782,-3.794,13.53
12:50:10.753,2261.0221,112783,-3.751,13.387
12:50:10.784,2261.0421,112784,-3.854,13.439
12:50:10.801,2261.0621,112785,-3.939,13.307
12:50:10.811,2261.0821,112786,-3.848,13.369
12:50:10.858,2261.1021,112787,-3.96,13.485
12:50:10.858,2261.1221,112788,-3.79,13.509
12:50:10.874,2261.1421,112789,-3.734,13.364
12:50:10.906,2261.1621,112790,-3.893,13.289
12:50:10.916,2261.1821,112791,-3.745,13.368
12:50:10.932,2261.2021,112792,-3.875,13.271
12:50:10.964,2261.2221,112793,-3.754,13.381
12:50:10.980,2261.2421,112794,-3.663,13.466
12:50:10.991,2261.2621,112795,-3.741,13.336
12:50:11.023,2261.2821,112796,-3.823,13.468
12:50:11.039,2261.3021,112797,-3.68,13.382
12:50:11.055,2261.3221,112798,-3.566,13.464
12:50:11.098,2261.3421,112799,-3.574,13.318
12:50:11.098,2261.3621,112800,-3.742,13.276
12:50:11.114,2261.3821,112801,-3.81,13.169
12:50:11.140,2261.4021,112802,-3.934,13.288
12:50:11.157,2261.4221,112803,-3.984,13.416
12:50:11.189,2261.4421,112804,-3.844,13.333
12:50:11.215,2261.4623,112805,-3.685,13.261
12:50:11.221,2261.4821,112806,-3.78,13.384
12:50:11.232,2261.5021,112807,-3.881,13.345
12:50:11.263,2261.5221,112808,-3.805,13.445
12:50:11.280,2261.5421,112809,-3.687,13.419
12:50:11.291,2261.5621,112810,-3.592,13.365
12:50:11.339,2261.5821,112811,-3.759,13.397
12:50:11.339,2261.6021,112812,-3.679,13.534
12:50:11.355,2261.6221,112813,-3.759,13.444
12:50:11.382,2261.6421,112814,-3.671,13.33
12:50:11.399,2261.6621,112815,-3.82,13.287
12:50:11.415,2261.6821,112816,-3.942,13.396
12:50:11.458,2261.7021,112817,-3.811,13.284
12:50:11.458,2261.7221,112818,-3.86,13.428
12:50:11.474,2261.7421,112819,-3.773,13.56
12:50:11.506,2261.7621,112820,-3.735,13.431
12:50:11.517,2261.7821,112821,-3.751,13.578
12:50:11.533,2261.8021,112822,-3.767,13.439
12:50:11.580,2261.8221,112823,-3.801,13.57
12:50:11.580,2261.8421,112824,-3.663,13.473
12:50:11.607,2261.8621,112825,-3.782,13.383
12:50:11.623,2261.8823,112826,-3.71,13.273
12:50:11.639,2261.9021,112827,-3.775,13.406
12:50:11.656,2261.9221,112828,-3.617,13.338
12:50:11.714,2261.9421,112829,-3.677,13.46
12:50:11.714,2261.9621,112830,-3.842,13.396
12:50:11.714,2261.9821,112831,-3.829,13.547
12:50:11.745,2262.0021,112832,-3.756,13.405
12:50:11.757,2262.0221,112833,-3.702,13.524
12:50:11.772,2262.0421,112834,-3.582,13.442
12:50:11.803,2262.0621,112835,-3.731,13.369
12:50:11.820,2262.0821,112836,-3.84,13.244
12:50:11.836,2262.1021,112837,-3.752,13.369
12:50:11.863,2262.1221,112838,-3.632,13.337
12:50:11.878,2262.1421,112839,-3.717,13.466
12:50:11.895,2262.1621,112840,-3.748,13.345
12:50:11.921,2262.1821,112841,-3.769,13.198
12:50:11.937,2262.2021,112842,-3.792,13.339
12:50:11.954,2262.2221,112843,-3.629,13.387
12:50:11.985,2262.2421,112844,-3.747,13.497
12:50:11.996,2262.2621,112845,-3.645,13.424
12:50:12.012,2262.2821,112846,-3.747,13.383
12:50:12.044,2262.3021,112847,-3.797,13.264
12:50:12.060,2262.3221,112848,-3.731,13.402
12:50:12.071,2262.3421,112849,-3.566,13.451
12:50:12.103,2262.3621,112850,-3.611,13.321
12:50:12.136,2262.3821,112851,-3.66,13.183
12:50:12.136,2262.4021,112852,-3.757,13.264
12:50:12.162,2262.4221,112853,-3.708,13.39
12:50:12.178,2262.4421,112854,-3.83,13.511
12:50:12.194,2262.4621,112855,-3.675,13.438
12:50:12.221,2262.4821,112856,-3.846,13.439
12:50:12.237,2262.5021,112857,-3.758,13.526
12:50:12.253,2262.5221,112858,-3.767,13.378
12:50:12.285,2262.5421,112859,-3.763,13.234
12:50:12.296,2262.5621,112860,-3.629,13.33
12:50:12.312,2262.5821,112861,-3.533,13.281
12:50:12.344,2262.6021,112862,-3.619,13.368
12:50:12.360,2262.6221,112863,-3.721,13.27
12:50:12.403,2262.6421,112864,-3.683,13.391
12:50:12.403,2262.6621,112865,-3.779,13.466
12:50:12.419,2262.6821,112866,-3.948,13.429
12:50:12.435,2262.7021,112867,-3.876,13.286
12:50:12.461,2262.7221,112868,-3.732,13.231
12:50:12.477,2262.7421,112869,-3.666,13.361
12:50:12.551,2262.7621,112870,-3.841,13.379
12:50:12.557,2262.7821,112871,-3.806,13.517
12:50:12.557,2262.8021,112872,-3.777,13.371
12:50:12.557,2262.8221,112873,-3.763,13.228
12:50:12.583,2262.8421,112874,-3.716,13.37
12:50:12.599,2262.8621,112875,-3.602,13.487
12:50:12.641,2262.8821,112876,-3.721,13.374
12:50:12.646,2262.9021,112877,-3.718,13.235
12:50:12.657,2262.9221,112878,-3.631,13.367
12:50:12.673,2262.9421,112879,-3.636,13.515
12:50:12.705,2262.9621,112880,-3.691,13.407
12:50:12.716,2262.9821,112881,-3.548,13.316
12:50:12.748,2263.0021,112882,-3.662,13.282
12:50:12.765,2263.0223,112883,-3.793,13.381
12:50:12.781,2263.0421,112884,-3.631,13.43
12:50:12.807,2263.0621,112885,-3.801,13.447
12:50:12.823,2263.0823,112886,-3.774,13.312
12:50:12.839,2263.1021,112887,-3.684,13.395
12:50:12.855,2263.1221,112888,-3.695,13.538
12:50:12.882,2263.1421,112889,-3.633,13.394
12:50:12.898,2263.1621,112890,-3.803,13.401
12:50:12.914,2263.1821,112891,-3.784,13.258
12:50:12.941,2263.2021,112892,-3.662,13.375
12:50:12.957,2263.2221,112893,-3.606,13.229
12:50:12.989,2263.2421,112894,-3.713,13.277
12:50:13.005,2263.2623,112895,-3.714,13.421
12:50:13.016,2263.2821,112896,-3.637,13.328
12:50:13.032,2263.3021,112897,-3.742,13.366
12:50:13.064,2263.3221,112898,-3.637,13.408
12:50:13.080,2263.3421,112899,-3.759,13.523
12:50:13.107,2263.3621,112900,-3.67,13.605
12:50:13.123,2263.3823,112901,-3.735,13.472
12:50:13.139,2263.4021,112902,-3.603,13.382
12:50:13.170,2263.4221,112903,-3.709,13.431
12:50:13.181,2263.4423,112904,-3.817,13.531
12:50:13.197,2263.4621,112905,-3.658,13.516
12:50:13.229,2263.4821,112906,-3.728,13.396
12:50:13.245,2263.5023,112907,-3.609,13.475
12:50:13.262,2263.5221,112908,-3.62,13.616
12:50:13.273,2263.5421,112909,-3.744,13.511
12:50:13.305,2263.5621,112910,-3.685,13.397
12:50:13.349,2263.5821,112911,-3.797,13.402
12:50:13.349,2263.6021,112912,-3.738,13.539
12:50:13.365,2263.6223,112913,-3.748,13.395
12:50:13.376,2263.6421,112914,-3.823,13.267
12:50:13.392,2263.6621,112915,-3.717,13.172
12:50:13.424,2263.6821,112916,-3.726,13.312
12:50:13.483,2263.7021,112917,-3.847,13.312
12:50:13.483,2263.7221,112918,-3.686,13.38
12:50:13.488,2263.7421,112919,-3.685,13.23
12:50:13.499,2263.7621,112920,-3.81,13.127
12:50:13.515,2263.7821,112921,-3.669,13.219
12:50:13.542,2263.8021,112922,-3.824,13.288
12:50:13.574,2263.8221,112923,-3.713,13.284
12:50:13.574,2263.8421,112924,-3.717,13.425
12:50:13.601,2263.8621,112925,-3.594,13.506
12:50:13.617,2263.8821,112926,-3.678,13.376
12:50:13.632,2263.9021,112927,-3.777,13.439
12:50:13.706,2263.9221,112928,-3.914,13.493
12:50:13.712,2263.9421,112929,-3.817,13.423
12:50:13.712,2263.9621,112930,-3.678,13.325
12:50:13.712,2263.9823,112931,-3.807,13.439
12:50:13.739,2264.0021,112932,-3.693,13.323
12:50:13.755,2264.0221,112933,-3.816,13.269
12:50:13.782,2264.0421,112934,-3.786,13.399
12:50:13.814,2264.0621,112935,-3.627,13.455
12:50:13.814,2264.0821,112936,-3.787,13.424
12:50:13.845,2264.1021,112937,-3.793,13.565
12:50:13.856,2264.1221,112938,-3.754,13.436
12:50:13.872,2264.1421,112939,-3.861,13.464
12:50:13.903,2264.1621,112940,-3.791,13.36
12:50:13.935,2264.1821,112941,-3.703,13.474
12:50:13.935,2264.2021,112942,-3.653,13.33
12:50:13.962,2264.2221,112943,-3.595,13.461
12:50:13.979,2264.2421,112944,-3.716,13.401
12:50:13.995,2264.2621,112945,-3.89,13.387
12:50:14.021,2264.2821,112946,-3.827,13.494
12:50:14.054,2264.3021,112947,-3.664,13.429
12:50:14.054,2264.3221,112948,-3.765,13.322
12:50:14.096,2264.3421,112949,-3.656,13.348
12:50:14.102,2264.3621,112950,-3.694,13.478
12:50:14.113,2264.3821,112951,-3.812,13.499
12:50:14.143,2264.4021,112952,-3.708,13.371
12:50:14.175,2264.4221,112953,-3.753,13.239
12:50:14.175,2264.4421,112954,-3.685,13.351
12:50:14.202,2264.4621,112955,-3.789,13.453
12:50:14.219,2264.4821,112956,-3.687,13.523
12:50:14.235,2264.5021,112957,-3.792,13.473
12:50:14.293,2264.5221,112958,-3.685,13.525
12:50:14.293,2264.5421,112959,-3.729,13.398
12:50:14.298,2264.5621,112960,-3.616,13.284
12:50:14.326,2264.5821,112961,-3.713,13.337
12:50:14.336,2264.6021,112962,-3.622,13.474
12:50:14.352,2264.6221,112963,-3.773,13.552
12:50:14.411,2264.6421,112964,-3.823,13.407
12:50:14.417,2264.6621,112965,-3.726,13.463
12:50:14.417,2264.6821,112966,-3.627,13.398
12:50:14.444,2264.7021,112967,-3.621,13.544
12:50:14.460,2264.7221,112968,-3.762,13.455
12:50:14.471,2264.7421,112969,-3.669,13.333
12:50:14.534,2264.7621,112970,-3.569,13.283
12:50:14.534,2264.7821,112971,-3.702,13.353
12:50:14.534,2264.8021,112972,-3.73,13.494
12:50:14.561,2264.8221,112973,-3.869,13.409
12:50:14.577,2264.8421,112974,-3.729,13.505
12:50:14.594,2264.8621,112975,-3.815,13.379
12:50:14.654,2264.8821,112976,-3.779,13.525
12:50:14.654,2264.9021,112977,-3.761,13.38
12:50:14.654,2264.9221,112978,-3.832,13.53
12:50:14.681,2264.9421,112979,-3.733,13.405
12:50:14.697,2264.9621,112980,-3.615,13.51
12:50:14.713,2264.9821,112981,-3.698,13.419
12:50:14.756,2265.0021,112982,-3.854,13.394
12:50:14.762,2265.0221,112983,-3.704,13.404
12:50:14.772,2265.0421,112984,-3.711,13.545
12:50:14.820,2265.0621,112985,-3.685,13.404
12:50:14.820,2265.0821,112986,-3.613,13.523
12:50:14.836,2265.1021,112987,-3.705,13.398
12:50:14.878,2265.1221,112988,-3.783,13.533
12:50:14.878,2265.1421,112989,-3.676,13.497
12:50:14.894,2265.1621,112990,-3.634,13.356
12:50:14.921,2265.1821,112991,-3.739,13.362
12:50:14.937,2265.2021,112992,-3.727,13.502
12:50:14.953,2265.2221,112993,-3.84,13.388
12:50:15.001,2265.2421,112994,-3.76,13.492
12:50:15.001,2265.2621,112995,-3.675,13.381
12:50:15.011,2265.2821,112996,-3.783,13.41
12:50:15.043,2265.3021,112997,-3.896,13.293
12:50:15.059,2265.3221,112998,-3.822,13.431
12:50:15.075,2265.3421,112999,-3.705,13.365
12:50:15.118,2265.3621,113000,-3.562,13.265
12:50:15.118,2265.3821,113001,-3.674,13.296
12:50:15.134,2265.4021,113002,-3.841,13.293
12:50:15.166,2265.4221,113003,-3.765,13.388
12:50:15.176,2265.4421,113004,-3.938,13.407
12:50:15.193,2265.4621,113005,-3.817,13.395
12:50:15.225,2265.4821,113006,-3.735,13.483
12:50:15.236,2265.5021,113007,-3.726,13.347
12:50:15.252,2265.5221,113008,-3.879,13.376
12:50:15.284,2265.5421,113009,-3.95,13.233
12:50:15.300,2265.5621,113010,-3.921,13.361
12:50:15.311,2265.5821,113011,-3.772,13.406
12:50:15.359,2265.6021,113012,-3.906,13.318
12:50:15.359,2265.6221,113013,-4.082,13.339
12:50:15.375,2265.6421,113014,-4.111,13.201
12:50:15.402,2265.6621,113015,-4.015,13.274
12:50:15.418,2265.6821,113016,-3.984,13.415
12:50:15.477,2265.7021,113017,-4.061,13.516
12:50:15.477,2265.7221,113018,-3.897,13.533
12:50:15.482,2265.7421,113019,-3.957,13.41
12:50:15.493,2265.7621,113020,-4.067,13.298
12:50:15.525,2265.7821,113021,-3.995,13.414
12:50:15.552,2265.8021,113022,-3.849,13.479
12:50:15.552,2265.8221,113023,-3.711,13.395
12:50:15.599,2265.8421,113024,-3.791,13.263
12:50:15.599,2265.8621,113025,-3.796,13.399
12:50:15.615,2265.8821,113026,-3.896,13.459
12:50:15.657,2265.9021,113027,-3.906,13.313
12:50:15.657,2265.9221,113028,-3.861,13.453
12:50:15.674,2265.9421,113029,-3.691,13.424
12:50:15.705,2265.9621,113030,-3.667,13.568
12:50:15.716,2265.9821,113031,-3.477,13.538
12:50:15.733,2266.0021,113032,-3.621,13.47
12:50:15.764,2266.0221,113033,-3.728,13.346
12:50:15.780,2266.0421,113034,-3.655,13.471
12:50:15.796,2266.0621,113035,-3.802,13.42
12:50:15.838,2266.0821,113036,-3.673,13.316
12:50:15.838,2266.1021,113037,-3.751,13.41
12:50:15.870,2266.1221,113038,-3.927,13.401
12:50:15.886,2266.1421,113039,-3.767,13.463
12:50:15.896,2266.1621,113040,-3.654,13.376
12:50:15.912,2266.1821,113041,-3.672,13.233
12:50:15.945,2266.2021,113042,-3.698,13.379
12:50:15.987,2266.2221,113043,-3.819,13.273
12:50:15.992,2266.2421,113044,-3.968,13.35
12:50:16.002,2266.2621,113045,-3.791,13.359
12:50:16.018,2266.2821,113046,-3.963,13.269
12:50:16.034,2266.3021,113047,-3.892,13.381
12:50:16.077,2266.3221,113048,-3.796,13.307
12:50:16.077,2266.3421,113049,-3.729,13.196
12:50:16.093,2266.3621,113050,-3.805,13.313
12:50:16.125,2266.3821,113051,-3.928,13.364
12:50:16.136,2266.4021,113052,-4.018,13.281
12:50:16.168,2266.4221,113053,-3.853,13.309
12:50:16.184,2266.4421,113054,-4.005,13.399
12:50:16.196,2266.4621,113055,-3.841,13.432
12:50:16.211,2266.4821,113056,-3.665,13.424
12:50:16.243,2266.5021,113057,-3.71,13.287
12:50:16.259,2266.5221,113058,-3.814,13.345
12:50:16.301,2266.5421,113059,-3.725,13.276
12:50:16.307,2266.5621,113060,-3.841,13.378
12:50:16.318,2266.5821,113061,-3.72,13.493
12:50:16.334,2266.6021,113062,-3.769,13.617
12:50:16.361,2266.6221,113063,-3.854,13.523
12:50:16.377,2266.6421,113064,-3.958,13.394
12:50:16.425,2266.6621,113065,-3.82,13.364
12:50:16.425,2266.6821,113066,-3.989,13.407
12:50:16.436,2266.7021,113067,-3.848,13.388
12:50:16.452,2266.7221,113068,-3.857,13.24
12:50:16.484,2266.7421,113069,-3.736,13.21
12:50:16.499,2266.7621,113070,-3.798,13.323
12:50:16.543,2266.7821,113071,-3.62,13.304
12:50:16.543,2266.8021,113072,-3.774,13.224
12:50:16.559,2266.8221,113073,-3.837,13.363
12:50:16.575,2266.8421,113074,-3.764,13.505
12:50:16.602,2266.8621,113075,-3.763,13.357
12:50:16.618,2266.8821,113076,-3.847,13.223
12:50:16.650,2266.9021,113077,-3.746,13.343
12:50:16.693,2266.9221,113078,-3.819,13.481
12:50:16.693,2266.9421,113079,-3.875,13.344
12:50:16.699,2266.9621,113080,-3.783,13.209
12:50:16.725,2266.9821,113081,-3.745,13.344
12:50:16.736,2267.0021,113082,-3.833,13.421
12:50:16.769,2267.0221,113083,-3.722,13.54
12:50:16.796,2267.0421,113084,-3.802,13.406
12:50:16.801,2267.0621,113085,-3.735,13.548
12:50:16.812,2267.0821,113086,-3.767,13.416
12:50:16.844,2267.1021,113087,-3.694,13.296
12:50:16.860,2267.1221,113088,-3.645,13.419
12:50:16.886,2267.1421,113089,-3.74,13.482
12:50:16.902,2267.1621,113090,-3.747,13.334
12:50:16.919,2267.1821,113091,-3.844,13.392
12:50:16.935,2267.2021,113092,-3.736,13.43
12:50:16.962,2267.2221,113093,-3.862,13.548
12:50:16.978,2267.2421,113094,-3.985,13.439
12:50:17.010,2267.2621,113095,-3.88,13.487
12:50:17.021,2267.2821,113096,-3.952,13.368
12:50:17.038,2267.3021,113097,-4.073,13.367
12:50:17.054,2267.3221,113098,-3.904,13.386
12:50:17.081,2267.3421,113099,-3.851,13.251
12:50:17.128,2267.3621,113100,-3.763,13.329
12:50:17.128,2267.3821,113101,-3.71,13.478
12:50:17.145,2267.4021,113102,-3.762,13.36
12:50:17.156,2267.4221,113103,-3.9,13.28
12:50:17.171,2267.4421,113104,-3.73,13.303
12:50:17.246,2267.4621,113105,-3.815,13.432
12:50:17.251,2267.4821,113106,-3.782,13.576
12:50:17.251,2267.5021,113107,-3.719,13.432
12:50:17.251,2267.5221,113108,-3.73,13.581
12:50:17.278,2267.5421,113109,-3.813,13.445
12:50:17.321,2267.5621,113110,-3.75,13.312
12:50:17.327,2267.5821,113111,-3.807,13.443
12:50:17.370,2267.6021,113112,-3.72,13.334
12:50:17.370,2267.6221,113113,-3.882,13.282
12:50:17.381,2267.6421,113114,-3.724,13.23
12:50:17.397,2267.6621,113115,-3.728,13.373
12:50:17.413,2267.6821,113116,-3.707,13.235
12:50:17.445,2267.7021,113117,-3.689,13.379
12:50:17.488,2267.7221,113118,-3.604,13.273
12:50:17.488,2267.7421,113119,-3.676,13.386
12:50:17.504,2267.7621,113120,-3.61,13.492
12:50:17.532,2267.7821,113121,-3.722,13.534
12:50:17.537,2267.8021,113122,-3.804,13.403
12:50:17.563,2267.8221,113123,-3.704,13.439
12:50:17.595,2267.8421,113124,-3.69,13.296
12:50:17.595,2267.8621,113125,-3.667,13.45
12:50:17.638,2267.8821,113126,-3.601,13.306
12:50:17.638,2267.9021,113127,-3.583,13.454
12:50:17.654,2267.9221,113128,-3.586,13.311
12:50:17.685,2267.9421,113129,-3.642,13.454
12:50:17.711,2267.9621,113130,-3.698,13.319
12:50:17.716,2267.9821,113131,-3.865,13.378
12:50:17.743,2268.0021,113132,-3.76,13.253
12:50:17.760,2268.0221,113133,-3.728,13.4
12:50:17.776,2268.0421,113134,-3.68,13.531
12:50:17.802,2268.0621,113135,-3.572,13.416
12:50:17.834,2268.0821,113136,-3.697,13.496
12:50:17.851,2268.1021,113137,-3.551,13.413
12:50:17.862,2268.1221,113138,-3.699,13.49
12:50:17.878,2268.1421,113139,-3.801,13.362
12:50:17.894,2268.1621,113140,-3.736,13.251
12:50:17.926,2268.1821,113141,-3.724,13.394
12:50:17.952,2268.2021,113142,-3.658,13.261
12:50:17.952,2268.2221,113143,-3.628,13.406
12:50:17.984,2268.2421,113144,-3.719,13.511
12:50:18.000,2268.2621,113145,-3.546,13.481
12:50:18.015,2268.2821,113146,-3.682,13.381
12:50:18.042,2268.3021,113147,-3.557,13.265
12:50:18.074,2268.3221,113148,-3.645,13.352
12:50:18.074,2268.3421,113149,-3.607,13.483
12:50:18.101,2268.3621,113150,-3.715,13.521
12:50:18.117,2268.3821,113151,-3.665,13.375
12:50:18.133,2268.4021,113152,-3.674,13.523
12:50:18.191,2268.4221,113153,-3.827,13.474
12:50:18.197,2268.4421,113154,-3.738,13.391
12:50:18.197,2268.4621,113155,-3.755,13.262
12:50:18.223,2268.4821,113156,-3.876,13.308
12:50:18.239,2268.5021,113157,-3.777,13.369
12:50:18.256,2268.5221,113158,-3.695,13.473
12:50:18.314,2268.5421,113159,-3.818,13.363
12:50:18.314,2268.5621,113160,-3.862,13.491
12:50:18.314,2268.5821,113161,-3.763,13.367
12:50:18.373,2268.6021,113162,-3.651,13.381
12:50:18.373,2268.6221,113163,-3.763,13.417
12:50:18.378,2268.6421,113164,-3.874,13.392
12:50:18.431,2268.6621,113165,-3.767,13.415
12:50:18.437,2268.6821,113166,-3.662,13.536
12:50:18.437,2268.7021,113167,-3.711,13.397
12:50:18.479,2268.7221,113168,-3.664,13.524
12:50:18.479,2268.7421,113169,-3.614,13.664
12:50:18.495,2268.7621,113170,-3.609,13.521
12:50:18.538,2268.7821,113171,-3.509,13.461
12:50:18.538,2268.8021,113172,-3.621,13.422
12:50:18.554,2268.8221,113173,-3.53,13.338
12:50:18.581,2268.8421,113174,-3.645,13.339
12:50:18.596,2268.8621,113175,-3.696,13.48
12:50:18.613,2268.8821,113176,-3.715,13.339
12:50:18.660,2268.9021,113177,-3.702,13.478
12:50:18.660,2268.9221,113178,-3.786,13.392
12:50:18.671,2268.9421,113179,-3.865,13.494
12:50:18.703,2268.9621,113180,-3.699,13.483
12:50:18.719,2268.9821,113181,-3.641,13.591
12:50:18.746,2269.0021,113182,-3.742,13.465
12:50:18.778,2269.0221,113183,-3.667,13.604
12:50:18.778,2269.0421,113184,-3.507,13.66
12:50:18.794,2269.0621,113185,-3.582,13.537
12:50:18.826,2269.0821,113186,-3.648,13.418
12:50:18.837,2269.1021,113187,-3.679,13.272
12:50:18.853,2269.1221,113188,-3.606,13.171
12:50:18.900,2269.1421,113189,-3.708,13.299
12:50:18.900,2269.1621,113190,-3.796,13.44
12:50:18.911,2269.1821,113191,-3.777,13.289
12:50:18.942,2269.2021,113192,-3.68,13.354
12:50:18.958,2269.2221,113193,-3.69,13.499
12:50:18.974,2269.2421,113194,-3.613,13.359
12:50:19.016,2269.2621,113195,-3.633,13.211
12:50:19.022,2269.2821,113196,-3.783,13.308
12:50:19.033,2269.3021,113197,-3.958,13.32
12:50:19.064,2269.3221,113198,-3.826,13.421
12:50:19.080,2269.3421,113199,-3.703,13.518
12:50:19.138,2269.3621,113200,-3.733,13.372
12:50:19.138,2269.3821,113201,-3.607,13.3
12:50:19.143,2269.4021,113202,-3.73,13.35
12:50:19.154,2269.4221,113203,-3.691,13.205
12:50:19.185,2269.4421,113204,-3.667,13.351
12:50:19.212,2269.4621,113205,-3.508,13.421
12:50:19.212,2269.4821,113206,-3.639,13.326
12:50:19.260,2269.5021,113207,-3.683,13.457
12:50:19.260,2269.5221,113208,-3.76,13.349
12:50:19.271,2269.5421,113209,-3.603,13.397
12:50:19.319,2269.5621,113210,-3.472,13.453
12:50:19.319,2269.5821,113211,-3.599,13.343
12:50:19.335,2269.6021,113212,-3.691,13.226
12:50:19.377,2269.6221,113213,-3.709,13.376
12:50:19.377,2269.6421,113214,-3.806,13.243
12:50:19.393,2269.6621,113215,-3.753,13.38
12:50:19.425,2269.6821,113216,-3.737,13.521
12:50:19.441,2269.7021,113217,-3.835,13.44
12:50:19.452,2269.7221,113218,-3.69,13.524
12:50:19.483,2269.7421,113219,-3.625,13.408
12:50:19.499,2269.7621,113220,-3.776,13.49
12:50:19.514,2269.7821,113221,-3.657,13.373
12:50:19.546,2269.8021,113222,-3.662,13.225
12:50:19.557,2269.8221,113223,-3.554,13.337
12:50:19.572,2269.8421,113224,-3.509,13.485
12:50:19.604,2269.8621,113225,-3.64,13.38
12:50:19.620,2269.8821,113226,-3.674,13.526
12:50:19.631,2269.9021,113227,-3.804,13.414
12:50:19.662,2269.9221,113228,-3.88,13.292
12:50:19.679,2269.9421,113229,-3.794,13.403
12:50:19.695,2269.9621,113230,-3.676,13.521
12:50:19.722,2269.9821,113231,-3.634,13.646
12:50:19.737,2270.0021,113232,-3.608,13.505
12:50:19.753,2270.0221,113233,-3.706,13.436
12:50:19.785,2270.0421,113234,-3.634,13.572
12:50:19.796,2270.0621,113235,-3.759,13.462
12:50:19.812,2270.0821,113236,-3.721,13.314
12:50:19.844,2270.1021,113237,-3.581,13.361
12:50:19.861,2270.1221,113238,-3.754,13.342
12:50:19.872,2270.1421,113239,-3.771,13.482
12:50:19.904,2270.1621,113240,-3.788,13.338
12:50:19.919,2270.1821,113241,-3.736,13.212
12:50:19.935,2270.2021,113242,-3.729,13.352
12:50:19.962,2270.2221,113243,-3.891,13.3
12:50:19.978,2270.2421,113244,-3.791,13.366
12:50:19.994,2270.2621,113245,-3.86,13.478
12:50:20.036,2270.2821,113246,-3.743,13.493
12:50:20.042,2270.3021,113247,-3.745,13.345
12:50:20.084,2270.3221,113248,-3.633,13.257
12:50:20.084,2270.3421,113249,-3.792,13.281
12:50:20.100,2270.3621,113250,-3.759,13.428
12:50:20.111,2270.3821,113251,-3.739,13.579
12:50:20.143,2270.4021,113252,-3.761,13.436
12:50:20.159,2270.4221,113253,-3.723,13.287
12:50:20.175,2270.4421,113254,-3.582,13.281
12:50:20.202,2270.4621,113255,-3.698,13.394
12:50:20.219,2270.4821,113256,-3.614,13.305
12:50:20.246,2270.5021,113257,-3.697,13.396
12:50:20.262,2270.5221,113258,-3.829,13.502
12:50:20.278,2270.5421,113259,-3.667,13.546
12:50:20.326,2270.5621,113260,-3.664,13.403
12:50:20.326,2270.5821,113261,-3.793,13.301
12:50:20.352,2270.6021,113262,-3.898,13.283
12:50:20.358,2270.6221,113263,-3.731,13.291
12:50:20.384,2270.6421,113264,-3.875,13.377
12:50:20.401,2270.6621,113265,-3.985,13.261
12:50:20.428,2270.6821,113266,-3.822,13.329
12:50:20.444,2270.7021,113267,-3.687,13.326
12:50:20.471,2270.7221,113268,-3.808,13.379
12:50:20.476,2270.7421,113269,-3.74,13.477
12:50:20.503,2270.7621,113270,-3.626,13.559
12:50:20.519,2270.7821,113271,-3.681,13.421
12:50:20.546,2270.8021,113272,-3.737,13.297
12:50:20.562,2270.8221,113273,-3.901,13.339
12:50:20.578,2270.8421,113274,-3.81,13.462
12:50:20.594,2270.8621,113275,-3.919,13.388
12:50:20.621,2270.8821,113276,-3.78,13.484
12:50:20.637,2270.9021,113277,-3.67,13.51
12:50:20.668,2270.9221,113278,-3.622,13.363
12:50:20.684,2270.9421,113279,-3.561,13.22
12:50:20.701,2270.9621,113280,-3.695,13.324
12:50:20.711,2270.9821,113281,-3.791,13.453
12:50:20.743,2271.0021,113282,-3.649,13.5
12:50:20.761,2271.0221,113283,-3.698,13.375
12:50:20.772,2271.0421,113284,-3.796,13.315
12:50:20.804,2271.0621,113285,-3.925,13.268
12:50:20.816,2271.0821,113286,-3.865,13.408
12:50:20.832,2271.1021,113287,-3.709,13.38
12:50:20.864,2271.1221,113288,-3.608,13.472
12:50:20.880,2271.1421,113289,-3.774,13.528
12:50:20.907,2271.1621,113290,-3.723,13.384
12:50:20.923,2271.1821,113291,-3.657,13.281
12:50:20.940,2271.2021,113292,-3.789,13.193
12:50:20.955,2271.2221,113293,-3.839,13.061
12:50:20.982,2271.2421,113294,-3.843,13.205
12:50:21.030,2271.2621,113295,-3.759,13.117
12:50:21.031,2271.2821,113296,-3.752,13.263
12:50:21.042,2271.3021,113297,-3.753,13.409
12:50:21.058,2271.3221,113298,-3.586,13.444
12:50:21.074,2271.3421,113299,-3.597,13.585
12:50:21.147,2271.3621,113300,-3.621,13.436
12:50:21.147,2271.3821,113301,-3.741,13.341
12:50:21.153,2271.4021,113302,-3.718,13.488
12:50:21.153,2271.4221,113303,-3.83,13.368
12:50:21.179,2271.4421,113304,-3.686,13.445
12:50:21.211,2271.4621,113305,-3.531,13.372
12:50:21.222,2271.4821,113306,-3.688,13.449
12:50:21.270,2271.5021,113307,-3.809,13.335
12:50:21.270,2271.5221,113308,-3.698,13.452
12:50:21.286,2271.5421,113309,-3.65,13.314
12:50:21.297,2271.5621,113310,-3.51,13.214
12:50:21.312,2271.5821,113311,-3.569,13.34
12:50:21.345,2271.6021,113312,-3.715,13.428
12:50:21.372,2271.6221,113313,-3.782,13.29
12:50:21.378,2271.6421,113314,-3.743,13.429
12:50:21.421,2271.6621,113315,-3.845,13.375
12:50:21.421,2271.6821,113316,-3.711,13.449
12:50:21.431,2271.7021,113317,-3.665,13.306
12:50:21.463,2271.7221,113318,-3.587,13.452
12:50:21.495,2271.7421,113319,-3.517,13.344
12:50:21.495,2271.7621,113320,-3.67,13.411
12:50:21.522,2271.7821,113321,-3.523,13.322
12:50:21.538,2271.8021,113322,-3.676,13.396
12:50:21.553,2271.8221,113323,-3.745,13.253
12:50:21.585,2271.8421,113324,-3.699,13.402
12:50:21.611,2271.8621,113325,-3.87,13.374
12:50:21.617,2271.8821,113326,-3.979,13.408
12:50:21.644,2271.9021,113327,-3.833,13.367
12:50:21.660,2271.9221,113328,-3.823,13.221
12:50:21.676,2271.9421,113329,-3.713,13.341
12:50:21.702,2271.9621,113330,-3.586,13.452
12:50:21.718,2271.9821,113331,-3.66,13.56
12:50:21.734,2272.0021,113332,-3.603,13.413
12:50:21.761,2272.0221,113333,-3.584,13.552
12:50:21.778,2272.0421,113334,-3.683,13.494
12:50:21.793,2272.0621,113335,-3.578,13.489
12:50:21.825,2272.0821,113336,-3.654,13.349
12:50:21.852,2272.1021,113337,-3.824,13.307
12:50:21.852,2272.1221,113338,-3.65,13.287
12:50:21.884,2272.1421,113339,-3.564,13.406
12:50:21.900,2272.1621,113340,-3.634,13.29
12:50:21.916,2272.1821,113341,-3.802,13.339
12:50:21.973,2272.2021,113342,-3.658,13.423
12:50:21.973,2272.2221,113343,-3.558,13.307
12:50:21.979,2272.2421,113344,-3.621,13.451
12:50:22.001,2272.2621,113345,-3.5,13.412
12:50:22.017,2272.2821,113346,-3.551,13.284
12:50:22.033,2272.3021,113347,-3.66,13.37
12:50:22.092,2272.3221,113348,-3.829,13.411
12:50:22.092,2272.3421,113349,-3.734,13.324
12:50:22.098,2272.3621,113350,-3.614,13.421
12:50:22.125,2272.3821,113351,-3.682,13.541
12:50:22.141,2272.4021,113352,-3.648,13.389
12:50:22.152,2272.4221,113353,-3.578,13.485
12:50:22.214,2272.4421,113354,-3.73,13.427
12:50:22.214,2272.4621,113355,-3.739,13.268
12:50:22.215,2272.4821,113356,-3.739,13.414
12:50:22.241,2272.5021,113357,-3.586,13.454
12:50:22.257,2272.5221,113358,-3.605,13.311
12:50:22.273,2272.5421,113359,-3.469,13.417
12:50:22.321,2272.5621,113360,-3.461,13.276
12:50:22.321,2272.5821,113361,-3.548,13.185
12:50:22.331,2272.6021,113362,-3.633,13.315
12:50:22.363,2272.6221,113363,-3.73,13.428
12:50:22.380,2272.6421,113364,-3.618,13.381
12:50:22.396,2272.6621,113365,-3.718,13.449
12:50:22.439,2272.6821,113366,-3.664,13.304
12:50:22.439,2272.7021,113367,-3.757,13.429
12:50:22.455,2272.7221,113368,-3.727,13.563
12:50:22.482,2272.7421,113369,-3.628,13.437
12:50:22.498,2272.7621,113370,-3.764,13.34
12:50:22.514,2272.7821,113371,-3.645,13.222
12:50:22.560,2272.8021,113372,-3.607,13.369
12:50:22.560,2272.8221,113373,-3.667,13.517
12:50:22.571,2272.8421,113374,-3.575,13.439
12:50:22.603,2272.8621,113375,-3.712,13.364
12:50:22.619,2272.8821,113376,-3.609,13.311
12:50:22.635,2272.9021,113377,-3.784,13.352
12:50:22.662,2272.9221,113378,-3.943,13.424
12:50:22.678,2272.9421,113379,-3.919,13.288
12:50:22.694,2272.9621,113380,-4.018,13.225
12:50:22.721,2272.9821,113381,-3.879,13.246
12:50:22.737,2273.0021,113382,-3.834,13.37
12:50:22.754,2273.0221,113383,-3.817,13.517
12:50:22.796,2273.0421,113384,-3.815,13.381
12:50:22.802,2273.0621,113385,-3.984,13.356
12:50:22.812,2273.0821,113386,-3.837,13.434
12:50:22.844,2273.1021,113387,-3.86,13.566
12:50:22.861,2273.1221,113388,-3.777,13.442
12:50:22.919,2273.1421,113389,-3.675,13.376
12:50:22.919,2273.1621,113390,-3.798,13.341
12:50:22.919,2273.1821,113391,-3.765,13.487
12:50:22.935,2273.2021,113392,-3.857,13.39
12:50:22.962,2273.2221,113393,-3.884,13.528
12:50:22.978,2273.2421,113394,-3.804,13.416
12:50:22.994,2273.2621,113395,-3.829,13.276
12:50:23.036,2273.2821,113396,-3.956,13.376
12:50:23.042,2273.3021,113397,-3.896,13.237
12:50:23.052,2273.3221,113398,-3.785,13.334
12:50:23.085,2273.3421,113399,-3.911,13.344
12:50:23.101,2273.3621,113400,-3.806,13.394
12:50:23.111,2273.3821,113401,-3.691,13.39
12:50:23.159,2273.4021,113402,-3.86,13.363
12:50:23.159,2273.4221,113403,-3.915,13.484
12:50:23.176,2273.4421,113404,-3.753,13.433
12:50:23.202,2273.4621,113405,-3.63,13.316
12:50:23.218,2273.4821,113406,-3.801,13.344
12:50:23.234,2273.5021,113407,-3.791,13.499
12:50:23.265,2273.5221,113408,-3.674,13.515
12:50:23.276,2273.5421,113409,-3.795,13.4
12:50:23.293,2273.5621,113410,-3.911,13.344
12:50:23.325,2273.5821,113411,-3.913,13.199
12:50:23.336,2273.6021,113412,-3.787,13.279
12:50:23.352,2273.6221,113413,-3.889,13.348
12:50:23.385,2273.6421,113414,-3.84,13.199
12:50:23.396,2273.6621,113415,-3.729,13.173
12:50:23.412,2273.6821,113416,-3.738,13.317
12:50:23.444,2273.7021,113417,-3.878,13.263
12:50:23.460,2273.7221,113418,-4.029,13.344
12:50:23.476,2273.7421,113419,-3.936,13.418
12:50:23.502,2273.7621,113420,-3.883,13.294
12:50:23.519,2273.7821,113421,-3.887,13.146
12:50:23.535,2273.8021,113422,-3.777,13.265
12:50:23.561,2273.8221,113423,-3.942,13.292
12:50:23.577,2273.8421,113424,-3.844,13.35
12:50:23.625,2273.8621,113425,-3.709,13.429
12:50:23.625,2273.8821,113426,-3.837,13.359
12:50:23.636,2273.9021,113427,-3.931,13.441
12:50:23.652,2273.9221,113428,-3.793,13.536
12:50:23.684,2273.9421,113429,-3.88,13.4
12:50:23.700,2273.9621,113430,-3.984,13.499
12:50:23.716,2273.9821,113431,-3.931,13.356
12:50:23.743,2274.0021,113432,-3.819,13.33
12:50:23.759,2274.0221,113433,-3.989,13.39
12:50:23.775,2274.0421,113434,-4.038,13.511
12:50:23.817,2274.0621,113435,-3.95,13.424
12:50:23.817,2274.0821,113436,-3.844,13.452
12:50:23.865,2274.1021,113437,-3.915,13.357
12:50:23.865,2274.1221,113438,-3.794,13.475
12:50:23.876,2274.1421,113439,-3.924,13.517
12:50:23.892,2274.1621,113440,-3.928,13.663
12:50:23.924,2274.1821,113441,-3.875,13.516
12:50:23.940,2274.2021,113442,-3.797,13.373
12:50:23.982,2274.2221,113443,-3.632,13.416
12:50:23.982,2274.2421,113444,-3.791,13.486
12:50:23.999,2274.2621,113445,-3.773,13.371
12:50:24.015,2274.2821,113446,-3.851,13.515
12:50:24.042,2274.3021,113447,-3.977,13.419
12:50:24.058,2274.3221,113448,-4.091,13.456
12:50:24.105,2274.3421,113449,-3.934,13.436
12:50:24.105,2274.3621,113450,-3.865,13.428
12:50:24.121,2274.3821,113451,-3.748,13.499
12:50:24.132,2274.4021,113452,-3.893,13.525
12:50:24.164,2274.4221,113453,-3.881,13.376
12:50:24.180,2274.4421,113454,-3.78,13.297
12:50:24.207,2274.4621,113455,-3.847,13.193
12:50:24.223,2274.4821,113456,-3.843,13.343
12:50:24.239,2274.5021,113457,-3.92,13.479
12:50:24.255,2274.5221,113458,-3.793,13.365
12:50:24.282,2274.5421,113459,-3.793,13.225
12:50:24.298,2274.5621,113460,-3.758,13.369
12:50:24.330,2274.5821,113461,-3.742,13.223
12:50:24.341,2274.6021,113462,-3.65,13.354
12:50:24.357,2274.6221,113463,-3.81,13.436
12:50:24.373,2274.6421,113464,-3.678,13.536
12:50:24.405,2274.6621,113465,-3.647,13.4
12:50:24.416,2274.6821,113466,-3.503,13.471
12:50:24.432,2274.7021,113467,-3.658,13.393
12:50:24.464,2274.7221,113468,-3.823,13.329
12:50:24.480,2274.7421,113469,-3.682,13.407
12:50:24.496,2274.7621,113470,-3.829,13.329
12:50:24.523,2274.7821,113471,-3.733,13.424
12:50:24.538,2274.8021,113472,-3.657,13.571
12:50:24.570,2274.8221,113473,-3.703,13.428
12:50:24.586,2274.8421,113474,-3.798,13.302
12:50:24.597,2274.8621,113475,-3.668,13.196
12:50:24.613,2274.8821,113476,-3.8,13.304
12:50:24.646,2274.9021,113477,-3.924,13.335
12:50:24.689,2274.9221,113478,-4.075,13.23
12:50:24.689,2274.9421,113479,-3.985,13.326
12:50:24.705,2274.9621,113480,-4.016,13.462
12:50:24.721,2274.9821,113481,-4.008,13.318
12:50:24.731,2275.0021,113482,-3.989,13.18
12:50:24.764,2275.0221,113483,-3.832,13.253
12:50:24.796,2275.0421,113484,-3.983,13.17
12:50:24.796,2275.0621,113485,-4.039,13.318
12:50:24.823,2275.0821,113486,-3.888,13.394
12:50:24.839,2275.1021,113487,-4.015,13.391
12:50:24.854,2275.1221,113488,-4.0,13.242
12:50:24.881,2275.1421,113489,-3.959,13.369
12:50:24.897,2275.1621,113490,-3.826,13.47
12:50:24.929,2275.1821,113491,-3.915,13.549
12:50:24.945,2275.2021,113492,-3.77,13.461
12:50:24.957,2275.2221,113493,-3.94,13.494
12:50:24.973,2275.2421,113494,-3.828,13.467
12:50:25.005,2275.2621,113495,-3.716,13.353
12:50:25.048,2275.2821,113496,-3.826,13.387
12:50:25.048,2275.3021,113497,-3.99,13.346
12:50:25.064,2275.3221,113498,-3.886,13.371
12:50:25.080,2275.3421,113499,-4.023,13.274
12:50:25.096,2275.3621,113500,-3.965,13.413
12:50:25.123,2275.3821,113501,-3.847,13.51
12:50:25.155,2275.4021,113502,-3.738,13.499
12:50:25.155,2275.4221,113503,-3.84,13.392
12:50:25.181,2275.4421,113504,-3.983,13.364
12:50:25.197,2275.4621,113505,-3.818,13.298
12:50:25.213,2275.4821,113506,-3.73,13.396
12:50:25.245,2275.5021,113507,-3.888,13.457
12:50:25.272,2275.5221,113508,-3.946,13.319
12:50:25.272,2275.5421,113509,-3.877,13.436
12:50:25.304,2275.5621,113510,-3.909,13.579
12:50:25.320,2275.5821,113511,-3.843,13.451
12:50:25.336,2275.6021,113512,-3.756,13.519
12:50:25.363,2275.6221,113513,-3.926,13.523
12:50:25.379,2275.6421,113514,-3.994,13.383
12:50:25.395,2275.6621,113515,-3.866,13.494
12:50:25.423,2275.6821,113516,-4.018,13.406
12:50:25.439,2275.7021,113517,-4.044,13.541
12:50:25.455,2275.7221,113518,-3.988,13.398
12:50:25.481,2275.7421,113519,-3.821,13.449
12:50:25.513,2275.7621,113520,-3.924,13.394
12:50:25.513,2275.7821,113521,-3.788,13.303
12:50:25.545,2275.8021,113522,-3.796,13.442
12:50:25.556,2275.8221,113523,-3.91,13.44
12:50:25.572,2275.8421,113524,-3.967,13.577
12:50:25.634,2275.8621,113525,-3.86,13.448
12:50:25.634,2275.8821,113526,-3.923,13.331
12:50:25.634,2275.9021,113527,-3.876,13.452
12:50:25.661,2275.9221,113528,-3.825,13.303
12:50:25.677,2275.9421,113529,-3.934,13.268
12:50:25.694,2275.9621,113530,-3.837,13.204
12:50:25.767,2275.9821,113531,-3.678,13.258
12:50:25.772,2276.0021,113532,-3.652,13.395
12:50:25.772,2276.0221,113533,-3.714,13.271
12:50:25.773,2276.0421,113534,-3.815,13.397
12:50:25.815,2276.0621,113535,-3.786,13.537
12:50:25.815,2276.0821,113536,-3.7,13.401
12:50:25.874,2276.1021,113537,-3.67,13.254
12:50:25.874,2276.1221,113538,-3.801,13.366
12:50:25.874,2276.1421,113539,-3.625,13.33
12:50:25.917,2276.1621,113540,-3.791,13.39
12:50:25.917,2276.1821,113541,-3.772,13.257
12:50:25.933,2276.2021,113542,-3.765,13.41
12:50:25.991,2276.2221,113543,-3.928,13.448
12:50:25.996,2276.2421,113544,-3.783,13.357
12:50:25.997,2276.2621,113545,-3.752,13.486
12:50:26.024,2276.2821,113546,-3.658,13.608
12:50:26.040,2276.3021,113547,-3.755,13.482
12:50:26.056,2276.3221,113548,-3.879,13.458
12:50:26.098,2276.3421,113549,-3.836,13.332
12:50:26.098,2276.3621,113550,-3.871,13.484
12:50:26.114,2276.3821,113551,-3.886,13.348
12:50:26.156,2276.4021,113552,-3.967,13.22
12:50:26.162,2276.4221,113553,-3.995,13.357
12:50:26.172,2276.4421,113554,-3.913,13.489
12:50:26.220,2276.4621,113555,-3.81,13.409
12:50:26.220,2276.4821,113556,-3.81,13.552
12:50:26.231,2276.5021,113557,-3.728,13.405
12:50:26.263,2276.5221,113558,-3.825,13.281
12:50:26.294,2276.5421,113559,-3.892,13.389
12:50:26.294,2276.5621,113560,-3.938,13.247
12:50:26.325,2276.5821,113561,-3.783,13.317
12:50:26.336,2276.6021,113562,-3.86,13.454
12:50:26.352,2276.6221,113563,-4.013,13.475
12:50:26.399,2276.6421,113564,-3.838,13.479
12:50:26.399,2276.6621,113565,-3.849,13.336
12:50:26.415,2276.6821,113566,-3.847,13.188
12:50:26.446,2276.7021,113567,-3.744,13.238
12:50:26.457,2276.7221,113568,-3.852,13.26
12:50:26.473,2276.7421,113569,-3.861,13.406
12:50:26.505,2276.7621,113570,-3.71,13.444
12:50:26.532,2276.7821,113571,-3.881,13.454
12:50:26.537,2276.8021,113572,-4.055,13.487
12:50:26.579,2276.8221,113573,-3.916,13.39
12:50:26.579,2276.8421,113574,-3.964,13.264
12:50:26.595,2276.8621,113575,-3.91,13.383
12:50:26.653,2276.8821,113576,-3.803,13.345
12:50:26.653,2276.9021,113577,-3.841,13.223
12:50:26.659,2276.9221,113578,-3.847,13.37
12:50:26.685,2276.9421,113579,-3.718,13.465
12:50:26.701,2276.9621,113580,-3.603,13.347
12:50:26.712,2276.9821,113581,-3.684,13.436
12:50:26.759,2277.0021,113582,-3.746,13.325
12:50:26.759,2277.0221,113583,-3.668,13.43
12:50:26.775,2277.0421,113584,-3.689,13.289
12:50:26.802,2277.0621,113585,-3.772,13.409
12:50:26.818,2277.0821,113586,-3.862,13.325
12:50:26.835,2277.1021,113587,-3.808,13.446
12:50:26.877,2277.1221,113588,-3.671,13.54
12:50:26.882,2277.1421,113589,-3.841,13.573
12:50:26.893,2277.1621,113590,-3.943,13.695
12:50:26.925,2277.1821,113591,-3.884,13.581
12:50:26.952,2277.2021,113592,-3.783,13.517
12:50:26.957,2277.2221,113593,-3.916,13.594
12:50:26.999,2277.2421,113594,-3.943,13.445
12:50:26.999,2277.2621,113595,-3.822,13.356
12:50:27.015,2277.2821,113596,-3.649,13.333
12:50:27.041,2277.3021,113597,-3.73,13.437
12:50:27.057,2277.3221,113598,-3.623,13.321
12:50:27.072,2277.3421,113599,-3.694,13.442
12:50:27.120,2277.3621,113600,-3.698,13.299
12:50:27.120,2277.3821,113601,-3.777,13.399
