real_time,timestamp_s,seq,rel_pitch_deg,rel_roll_deg,avg_pitch_deg,avg_roll_deg,accel_x_1,accel_y_1,accel_z_1,gyro_x_1,gyro_y_1,gyro_z_1,accel_x_2,accel_y_2,accel_z_2,gyro_x_2,gyro_y_2,gyro_z_2,q1w,q1x,q1y,q1z,q2w,q2x,q2y,q2z,temp1_C,temp2_C,madgwick_beta1,madgwick_beta2
20:48:05.139,6613.9771,330530,-0.048,-0.012,-0.048,-0.012,0.074,0.0173,-1.1099,0.02345,-0.11884,0.00306,1.0093,-0.009,-0.0122,-0.05809,0.01319,-0.02571,0.62301,0.16157,-0.76535,-0.0002,0.70267,-0.00665,-0.71149,-0.00064,50.27,52.93,0.02,0.0729
20:48:05.166,6613.9971,330531,-0.034,-0.019,-0.041,-0.015,0.0762,0.0164,-1.105,0.02265,-0.11871,0.00386,1.0083,-0.0115,-0.0132,-0.05836,0.01332,-0.02611,0.6227,0.16162,-0.76559,-0.0002,0.70247,-0.00765,-0.71167,0.00037,50.26,52.92,0.02,0.0737
20:48:05.167,6614.0171,330532,0.125,-0.028,0.014,-0.019,0.0732,0.0159,-1.1074,0.02332,-0.11858,0.00306,1.0122,-0.0112,-0.0095,-0.05875,0.01306,-0.02491,0.62239,0.16167,-0.76583,-0.0002,0.70318,-0.0076,-0.71097,0.00033,50.25,52.94,0.02,0.0708
20:48:05.226,6614.0371,330533,0.22,-0.039,0.066,-0.024,0.0742,0.0156,-1.1035,0.02278,-0.11791,0.00426,1.0125,-0.0078,-0.01,-0.05822,0.01266,-0.02531,0.62207,0.16172,-0.76608,-0.0002,0.70349,-0.00671,-0.71067,-0.00057,50.26,52.9,0.02,0.0706
20:48:05.227,6614.0571,330534,0.319,-0.045,0.116,-0.028,0.0764,0.0137,-1.1025,0.02318,-0.11764,0.00373,1.0117,-0.0127,-0.0088,-0.05862,0.01252,-0.02558,0.62176,0.16177,-0.76632,-0.0002,0.70383,-0.00758,-0.71033,0.00032,50.25,52.92,0.02,0.0711
20:48:05.228,6614.0771,330535,0.244,-0.056,0.138,-0.033,0.074,0.0181,-1.1035,0.02212,-0.11804,0.00346,1.0076,-0.0115,-0.0137,-0.05796,0.01319,-0.02531,0.62145,0.16183,-0.76656,-0.0002,0.70309,-0.00764,-0.71106,0.00037,50.25,52.92,0.02,0.0742
20:48:05.256,6614.0971,330536,0.386,-0.066,0.173,-0.038,0.0781,0.0156,-1.1072,0.02225,-0.11858,0.00306,1.0056,-0.0098,-0.01,-0.05822,0.01266,-0.02545,0.62113,0.16188,-0.7668,-0.0002,0.70369,-0.00698,-0.71047,-0.00029,50.26,52.92,0.02,0.0757
20:48:05.271,6614.1171,330537,0.471,-0.073,0.21,-0.042,0.0784,0.0154,-1.1028,0.02278,-0.11871,0.00413,1.012,-0.0105,-0.0095,-0.05862,0.01252,-0.02545,0.62082,0.16193,-0.76705,-0.0002,0.70394,-0.00792,-0.71022,0.00065,50.25,52.93,0.02,0.0709
20:48:05.286,6614.1371,330538,0.399,-0.083,0.231,-0.047,0.0767,0.0217,-1.1003,0.02292,-0.11911,0.004,1.009,-0.0125,-0.0103,-0.05836,0.01346,-0.02505,0.62051,0.16198,-0.76729,-0.0002,0.70321,-0.0081,-0.71093,0.00083,50.24,52.93,0.02,0.0732
20:48:05.345,6614.1571,330539,0.538,-0.089,0.262,-0.051,0.0771,0.0146,-1.1008,0.02278,-0.11831,0.0048,1.0078,-0.0144,-0.0095,-0.05889,0.01266,-0.02598,0.6202,0.16203,-0.76753,-0.0002,0.7038,-0.00874,-0.71034,0.00148,50.28,52.93,0.02,0.074
20:48:05.347,6614.1771,330540,0.511,-0.102,0.284,-0.056,0.0728,0.0146,-1.1023,0.02252,-0.11791,0.0032,1.0134,-0.0107,-0.0117,-0.05796,0.01266,-0.02598,0.61988,0.16208,-0.76777,-0.0002,0.70336,-0.00798,-0.71079,0.00071,50.26,52.92,0.02,0.0699
20:48:05.348,6614.1971,330541,0.59,-0.114,0.31,-0.06,0.0737,0.0139,-1.0955,0.02305,-0.11804,0.00333,1.0112,-0.0083,-0.0098,-0.05809,0.01332,-0.02531,0.61957,0.16213,-0.76801,-0.0002,0.70357,-0.00702,-0.71059,-0.00026,50.25,52.93,0.02,0.0715
20:48:05.376,6614.2171,330542,0.751,-0.121,0.344,-0.065,0.0769,0.0142,-1.103,0.02318,-0.11778,0.00373,1.0063,-0.0115,-0.0059,-0.05889,0.01239,-0.02518,0.61926,0.16218,-0.76826,-0.0002,0.70429,-0.00734,-0.70988,7e-05,50.24,52.92,0.02,0.0752
20:48:05.391,6614.2371,330543,0.68,-0.131,0.368,-0.07,0.0771,0.0139,-1.105,0.02345,-0.11751,0.00333,1.0073,-0.012,-0.0115,-0.05875,0.01292,-0.02518,0.61894,0.16223,-0.7685,-0.0002,0.70357,-0.00765,-0.71058,0.00038,50.23,52.91,0.02,0.0744
20:48:05.406,6614.2571,330544,0.616,-0.143,0.384,-0.075,0.0737,0.0188,-1.1028,0.02292,-0.11751,0.0036,1.0115,-0.0098,-0.0132,-0.05836,0.01279,-0.02598,0.61863,0.16228,-0.76874,-0.0002,0.7029,-0.00731,-0.71125,3e-05,50.25,52.91,0.02,0.0713
20:48:05.451,6614.2771,330545,0.702,-0.148,0.404,-0.079,0.0776,0.0166,-1.1025,0.02372,-0.11858,0.0032,1.01,-0.0134,-0.0112,-0.05875,0.01306,-0.02518,0.61832,0.16234,-0.76898,-0.0002,0.70315,-0.00826,-0.71099,0.00099,50.24,52.92,0.02,0.0724
20:48:05.453,6614.2971,330546,0.81,-0.16,0.428,-0.084,0.0728,0.0161,-1.0991,0.02292,-0.11818,0.00386,1.0093,-0.0071,-0.0085,-0.05915,0.01292,-0.02531,0.618,0.16239,-0.76922,-0.0002,0.70355,-0.00739,-0.71061,0.00012,50.24,52.92,0.02,0.073
20:48:05.466,6614.3171,330547,0.94,-0.171,0.457,-0.089,0.0759,0.0168,-1.1006,0.02372,-0.11738,0.00333,1.0085,-0.0098,-0.0095,-0.05796,0.01292,-0.02611,0.61769,0.16244,-0.76946,-0.0002,0.70408,-0.00666,-0.71009,-0.00061,50.24,52.92,0.02,0.0736
20:48:05.497,6614.3371,330548,0.866,-0.182,0.478,-0.094,0.074,0.0166,-1.106,0.02292,-0.11804,0.00293,1.0085,-0.009,-0.0117,-0.05836,0.01279,-0.02545,0.61737,0.16249,-0.7697,-0.0002,0.70334,-0.00677,-0.71082,-0.00051,50.24,52.9,0.02,0.0735
20:48:05.511,6614.3571,330549,0.914,-0.187,0.5,-0.098,0.0732,0.0171,-1.1035,0.02305,-0.11818,0.00306,1.01,-0.0107,-0.0107,-0.05796,0.01239,-0.02558,0.61706,0.16254,-0.76995,-0.0002,0.70336,-0.00779,-0.71079,0.00052,50.25,52.93,0.02,0.0724
20:48:05.541,6614.3771,330550,1.053,-0.198,0.526,-0.103,0.0754,0.0188,-1.1045,0.02252,-0.11818,0.00346,1.009,-0.01,-0.009,-0.05875,0.01306,-0.02585,0.61675,0.16259,-0.77019,-0.0002,0.70394,-0.00716,-0.71022,-0.00011,50.27,52.92,0.02,0.0732
20:48:05.572,6614.3971,330551,0.998,-0.206,0.548,-0.108,0.0774,0.0154,-1.1101,0.02172,-0.11844,0.0044,1.0085,-0.0125,-0.0117,-0.05849,0.01252,-0.02611,0.61643,0.16264,-0.77043,-0.0002,0.70333,-0.00773,-0.71083,0.00046,50.26,52.92,0.02,0.0735
20:48:05.573,6614.4171,330552,0.926,-0.216,0.564,-0.112,0.0769,0.0151,-1.0999,0.02225,-0.11778,0.004,1.01,-0.012,-0.0139,-0.05796,0.01292,-0.02571,0.61612,0.16269,-0.77067,-0.0002,0.7026,-0.00782,-0.71154,0.00054,50.26,52.91,0.02,0.0724
20:48:05.586,6614.4371,330553,1.083,-0.223,0.586,-0.117,0.0725,0.0161,-1.106,0.02385,-0.11804,0.0036,1.011,-0.0132,-0.0095,-0.05782,0.01239,-0.02585,0.6158,0.16274,-0.77091,-0.0002,0.70329,-0.00808,-0.71085,0.00081,50.27,52.92,0.02,0.0717
20:48:05.617,6614.4571,330554,1.24,-0.233,0.612,-0.122,0.0723,0.0122,-1.104,0.02238,-0.11778,0.00413,1.0076,-0.0112,-0.0081,-0.05862,0.01239,-0.02505,0.61549,0.16279,-0.77115,-0.0002,0.704,-0.00771,-0.71016,0.00045,50.26,52.92,0.02,0.0742
20:48:05.631,6614.4771,330555,1.168,-0.244,0.633,-0.126,0.0757,0.0142,-1.1018,0.02265,-0.11804,0.00373,1.0098,-0.0112,-0.0112,-0.05836,0.01239,-0.02571,0.61517,0.16284,-0.77139,-0.0002,0.70327,-0.00759,-0.71088,0.00032,50.26,52.92,0.02,0.0726
20:48:05.646,6614.4971,330556,1.323,-0.254,0.659,-0.131,0.0784,0.0183,-1.1042,0.02345,-0.11791,0.0036,1.009,-0.011,-0.0105,-0.05982,0.01266,-0.02518,0.61486,0.1629,-0.77163,-0.0002,0.70395,-0.0072,-0.71021,-7e-05,50.25,52.92,0.02,0.0732
20:48:05.691,6614.5171,330557,1.298,-0.26,0.682,-0.136,0.0728,0.0193,-1.1006,0.02225,-0.11818,0.00493,1.0081,-0.0127,-0.0103,-0.05889,0.01292,-0.02571,0.61455,0.16295,-0.77187,-0.0002,0.70352,-0.00804,-0.71063,0.00078,50.26,52.92,0.02,0.0738
20:48:05.692,6614.5371,330558,1.231,-0.273,0.701,-0.14,0.0747,0.0159,-1.1008,0.02372,-0.11778,0.00253,1.009,-0.0115,-0.0122,-0.05915,0.01292,-0.02571,0.61423,0.163,-0.77211,-0.0002,0.70283,-0.00769,-0.71132,0.00042,50.27,52.92,0.02,0.0731
20:48:05.706,6614.5571,330559,1.389,-0.282,0.724,-0.145,0.0764,0.0103,-1.1016,0.02292,-0.11738,0.0028,1.0105,-0.0107,-0.0098,-0.05875,0.01266,-0.02558,0.61392,0.16305,-0.77235,-0.0002,0.70353,-0.00744,-0.71062,0.00017,50.26,52.92,0.02,0.072
20:48:05.751,6614.5771,330560,1.343,-0.289,0.744,-0.15,0.0737,0.0149,-1.1077,0.02318,-0.11924,0.0036,1.0095,-0.012,-0.0112,-0.05836,0.01292,-0.02505,0.6136,0.1631,-0.77259,-0.0002,0.70296,-0.0081,-0.71118,0.00083,50.26,52.92,0.02,0.0728
20:48:05.752,6614.5971,330561,1.505,-0.297,0.767,-0.154,0.0769,0.0166,-1.105,0.02345,-0.11764,0.00306,1.0103,-0.0125,-0.0098,-0.05862,0.01292,-0.02545,0.61329,0.16315,-0.77283,-0.0002,0.70369,-0.00802,-0.71046,0.00076,50.24,52.9,0.02,0.0722
20:48:05.766,6614.6171,330562,1.506,-0.313,0.79,-0.159,0.074,0.0183,-1.0928,0.02332,-0.11804,0.0036,1.0129,-0.0117,-0.01,-0.05915,0.01292,-0.02558,0.61297,0.1632,-0.77307,-0.0002,0.70343,-0.00711,-0.71073,-0.00017,50.26,52.91,0.02,0.0702
20:48:05.826,6614.6371,330563,1.533,-0.316,0.812,-0.164,0.0737,0.0186,-1.1072,0.02345,-0.11684,0.00333,1.0122,-0.0115,-0.0107,-0.05849,0.01319,-0.02491,0.61265,0.16325,-0.77331,-0.0002,0.70331,-0.00809,-0.71084,0.00082,50.26,52.91,0.02,0.0708
20:48:05.827,6614.6571,330564,1.463,-0.326,0.83,-0.169,0.0779,0.0176,-1.1021,0.02252,-0.11751,0.00453,1.0103,-0.0129,-0.0117,-0.05875,0.01319,-0.02558,0.61234,0.1633,-0.77355,-0.0002,0.70259,-0.00828,-0.71154,0.001,50.24,52.91,0.02,0.0722
20:48:05.828,6614.6771,330565,1.622,-0.332,0.852,-0.173,0.0791,0.0166,-1.1025,0.02278,-0.11791,0.004,1.0071,-0.0137,-0.0117,-0.05862,0.01279,-0.02571,0.61202,0.16335,-0.77379,-0.0002,0.7033,-0.00861,-0.71084,0.00135,50.24,52.92,0.02,0.0746
20:48:05.856,6614.6971,330566,1.742,-0.345,0.876,-0.178,0.0764,0.0166,-1.106,0.02372,-0.11844,0.00386,1.0083,-0.0107,-0.0088,-0.05875,0.01266,-0.02585,0.61171,0.1634,-0.77402,-0.0002,0.70378,-0.00781,-0.71038,0.00055,50.26,52.91,0.02,0.0737
20:48:05.871,6614.7171,330567,1.668,-0.358,0.897,-0.182,0.0747,0.0193,-1.104,0.02345,-0.11778,0.00413,1.0061,-0.0112,-0.0112,-0.05849,0.01319,-0.02545,0.61139,0.16345,-0.77426,-0.0002,0.70304,-0.00755,-0.71111,0.00028,50.24,52.91,0.02,0.0753
20:48:05.887,6614.7371,330568,1.599,-0.37,0.915,-0.187,0.0747,0.0144,-1.1011,0.02332,-0.11804,0.00266,1.0103,-0.011,-0.012,-0.05849,0.01292,-0.02491,0.61108,0.1635,-0.7745,-0.0002,0.70233,-0.00735,-0.71181,7e-05,50.24,52.91,0.02,0.0722
20:48:05.930,6614.7571,330569,1.54,-0.377,0.931,-0.192,0.075,0.0178,-1.1013,0.02332,-0.11778,0.00306,1.0103,-0.0115,-0.0149,-0.05942,0.01239,-0.02531,0.61076,0.16355,-0.77474,-0.0002,0.70169,-0.00783,-0.71244,0.00055,50.24,52.92,0.02,0.0721
20:48:05.932,6614.7771,330570,1.696,-0.383,0.949,-0.197,0.0757,0.0166,-1.103,0.02425,-0.11844,0.00346,1.0125,-0.0127,-0.0132,-0.05849,0.01279,-0.02531,0.61044,0.1636,-0.77498,-0.0002,0.70238,-0.00806,-0.71176,0.00079,50.25,52.92,0.02,0.0705
20:48:05.961,6614.7971,330571,1.856,-0.393,0.971,-0.201,0.0754,0.0151,-1.1072,0.02385,-0.11778,0.00386,1.0088,-0.011,-0.0093,-0.05875,0.01292,-0.02585,0.61013,0.16365,-0.77522,-0.0002,0.70309,-0.00779,-0.71105,0.00052,50.26,52.92,0.02,0.0733
20:48:05.976,6614.8171,330572,1.853,-0.41,0.991,-0.206,0.0742,0.0171,-1.1038,0.02185,-0.11724,0.00386,1.0071,-0.0056,-0.0132,-0.05836,0.01279,-0.02558,0.60981,0.16371,-0.77545,-0.0002,0.70281,-0.00682,-0.71135,-0.00046,50.24,52.9,0.02,0.0746
20:48:05.992,6614.8371,330573,2.008,-0.415,1.015,-0.211,0.0764,0.0132,-1.0999,0.02332,-0.11751,0.00413,1.0063,-0.0105,-0.01,-0.05902,0.01332,-0.02558,0.6095,0.16375,-0.77569,-0.0002,0.70349,-0.00727,-0.71067,1e-05,50.25,52.92,0.02,0.0752
20:48:06.006,6614.8571,330574,1.952,-0.422,1.035,-0.216,0.0774,0.0103,-1.103,0.02345,-0.11911,0.00306,1.0112,-0.0122,-0.0127,-0.05929,0.01306,-0.02611,0.60918,0.1638,-0.77593,-0.0002,0.70286,-0.00776,-0.71129,0.00049,50.26,52.9,0.02,0.0715
20:48:06.051,6614.8771,330575,2.037,-0.439,1.057,-0.221,0.0764,0.0142,-1.1035,0.02238,-0.11884,0.0036,1.0071,-0.0095,-0.0115,-0.05849,0.01292,-0.02598,0.60886,0.16385,-0.77617,-0.0002,0.70311,-0.00678,-0.71104,-0.0005,50.25,52.91,0.02,0.0746
20:48:06.052,6614.8971,330576,1.97,-0.448,1.077,-0.225,0.0742,0.0171,-1.1028,0.02305,-0.11791,0.00426,1.0112,-0.01,-0.0144,-0.05822,0.01306,-0.02518,0.60855,0.1639,-0.77641,-0.0002,0.70242,-0.00703,-0.71173,-0.00025,50.26,52.91,0.02,0.0715
20:48:06.066,6614.9171,330577,1.931,-0.453,1.094,-0.23,0.0779,0.0168,-1.1045,0.02238,-0.11778,0.00293,1.012,-0.0107,-0.0142,-0.05809,0.01199,-0.02518,0.60823,0.16395,-0.77664,-0.0002,0.70189,-0.00771,-0.71224,0.00043,50.25,52.92,0.02,0.0709
20:48:06.096,6614.9371,330578,2.082,-0.465,1.115,-0.235,0.0791,0.0183,-1.1008,0.02225,-0.11778,0.00413,1.0071,-0.0076,-0.0095,-0.05902,0.01252,-0.02518,0.60791,0.164,-0.77688,-0.0002,0.70256,-0.00722,-0.71159,-6e-05,50.27,52.92,0.02,0.0746
20:48:06.111,6614.9571,330579,2.192,-0.467,1.136,-0.239,0.0754,0.0146,-1.1006,0.02225,-0.11804,0.00386,1.0098,-0.0107,-0.0127,-0.05836,0.01319,-0.02518,0.6076,0.16405,-0.77712,-0.0002,0.70296,-0.00807,-0.71119,0.0008,50.25,52.91,0.02,0.0725
20:48:06.127,6614.9771,330580,2.281,-0.483,1.159,-0.244,0.0752,0.0156,-1.1003,0.02185,-0.11738,0.00226,1.01,-0.0098,-0.011,-0.05902,0.01266,-0.02531,0.60728,0.1641,-0.77736,-0.0002,0.70324,-0.00712,-0.71092,-0.00015,50.25,52.92,0.02,0.0724
20:48:06.170,6614.9971,330581,2.218,-0.49,1.179,-0.249,0.0752,0.0188,-1.1008,0.02358,-0.11724,0.0032,1.0066,-0.0122,-0.0142,-0.05915,0.01306,-0.02571,0.60696,0.16415,-0.77759,-0.0002,0.70256,-0.00761,-0.71158,0.00034,50.24,52.92,0.02,0.0749
20:48:06.172,6615.0171,330582,2.365,-0.502,1.201,-0.254,0.0767,0.0127,-1.1013,0.02278,-0.11671,0.00373,1.0095,-0.0107,-0.0122,-0.05875,0.01226,-0.02545,0.60664,0.1642,-0.77783,-0.0002,0.7032,-0.0071,-0.71095,-0.00017,50.26,52.92,0.02,0.0728
20:48:06.186,6615.0371,330583,2.502,-0.506,1.225,-0.258,0.074,0.0188,-1.1035,0.02212,-0.11711,0.00373,1.0105,-0.0122,-0.009,-0.05809,0.01266,-0.02558,0.60633,0.16425,-0.77807,-0.0002,0.70377,-0.00772,-0.71038,0.00046,50.24,52.92,0.02,0.072
20:48:06.216,6615.0571,330584,2.447,-0.521,1.248,-0.263,0.0752,0.0159,-1.103,0.02265,-0.11711,0.00293,1.0076,-0.0085,-0.0127,-0.05862,0.01252,-0.02518,0.60601,0.1643,-0.7783,-0.0002,0.70316,-0.00714,-0.711,-0.00013,50.24,52.9,0.02,0.0742
20:48:06.232,6615.0771,330585,2.535,-0.522,1.271,-0.268,0.0764,0.02,-1.0962,0.02345,-0.11698,0.002,1.0078,-0.0127,-0.0105,-0.05809,0.01212,-0.02545,0.60569,0.16436,-0.77854,-0.0002,0.70342,-0.00811,-0.71073,0.00085,50.27,52.92,0.02,0.074
20:48:06.246,6615.0971,330586,2.609,-0.521,1.294,-0.272,0.0762,0.0183,-1.103,0.02318,-0.11871,0.0036,1.0081,-0.0139,-0.0103,-0.05862,0.01306,-0.02545,0.60537,0.16441,-0.77878,-0.0002,0.70359,-0.00912,-0.71055,0.00187,50.27,52.92,0.02,0.0738
20:48:06.291,6615.1171,330587,2.628,-0.54,1.317,-0.277,0.074,0.0203,-1.0979,0.02278,-0.11831,0.00346,1.0068,-0.0073,-0.0112,-0.05836,0.01306,-0.02558,0.60506,0.16446,-0.77901,-0.0002,0.70344,-0.00809,-0.71071,0.00083,50.27,52.91,0.02,0.0748
20:48:06.292,6615.1371,330588,2.609,-0.558,1.339,-0.282,0.0771,0.0183,-1.0986,0.02225,-0.11764,0.00413,1.0098,-0.0103,-0.0115,-0.05902,0.01279,-0.02571,0.60474,0.16451,-0.77925,-0.0002,0.70305,-0.00722,-0.7111,-5e-05,50.25,52.92,0.02,0.0726
20:48:06.306,6615.1571,330589,2.761,-0.571,1.363,-0.286,0.0752,0.0166,-1.1069,0.02438,-0.11871,0.00346,1.011,-0.009,-0.0095,-0.05902,0.01332,-0.02598,0.60442,0.16456,-0.77948,-0.0002,0.70372,-0.00683,-0.71045,-0.00044,50.24,52.92,0.02,0.0717
20:48:06.337,6615.1771,330590,2.743,-0.572,1.385,-0.291,0.073,0.0142,-1.1084,0.02292,-0.11844,0.00333,1.0083,-0.011,-0.0105,-0.05862,0.01319,-0.02585,0.6041,0.16461,-0.77972,-0.0002,0.70332,-0.00771,-0.71083,0.00045,50.25,52.92,0.02,0.0737
20:48:06.351,6615.1971,330591,2.667,-0.584,1.406,-0.296,0.0762,0.0144,-1.1006,0.02292,-0.11804,0.004,1.0068,-0.0115,-0.0112,-0.05929,0.01252,-0.02531,0.60379,0.16466,-0.77996,-0.0002,0.70258,-0.00761,-0.71157,0.00034,50.26,52.91,0.02,0.0748
20:48:06.366,6615.2171,330592,2.664,-0.603,1.426,-0.301,0.0732,0.0188,-1.1091,0.02212,-0.11858,0.00333,1.0107,-0.0081,-0.0139,-0.05929,0.01239,-0.02585,0.60347,0.16471,-0.78019,-0.0002,0.70229,-0.00669,-0.71186,-0.0006,50.24,52.92,0.02,0.0719
20:48:06.396,6615.2371,330593,2.816,-0.617,1.448,-0.306,0.0762,0.0171,-1.1013,0.02385,-0.11778,0.0028,1.0063,-0.0061,-0.0103,-0.05822,0.01199,-0.02558,0.60315,0.16476,-0.78043,-0.0002,0.70296,-0.00619,-0.71121,-0.0011,50.27,52.91,0.02,0.0752
20:48:06.411,6615.2571,330594,2.938,-0.617,1.471,-0.311,0.0767,0.0164,-1.105,0.02292,-0.11804,0.00386,1.0066,-0.0112,-0.0095,-0.05822,0.01266,-0.02531,0.60283,0.16481,-0.78066,-0.0002,0.70343,-0.00701,-0.71073,-0.00027,50.25,52.92,0.02,0.075
20:48:06.426,6615.2771,330595,2.961,-0.637,1.493,-0.315,0.0781,0.0195,-1.1064,0.02292,-0.11738,0.00306,1.0103,-0.0054,-0.011,-0.05796,0.01252,-0.02585,0.60251,0.16486,-0.7809,-0.0002,0.7033,-0.00601,-0.71086,-0.00128,50.25,52.92,0.02,0.0722
20:48:06.456,6615.2971,330596,2.94,-0.638,1.515,-0.32,0.0767,0.0151,-1.1084,0.02172,-0.11724,0.00413,1.0056,-0.0093,-0.012,-0.05782,0.01279,-0.02491,0.60219,0.16491,-0.78113,-0.0002,0.70289,-0.00691,-0.71127,-0.00038,50.26,52.91,0.02,0.0757
20:48:06.472,6615.3171,330597,2.87,-0.649,1.535,-0.325,0.0781,0.0178,-1.1067,0.02238,-0.11791,0.0036,1.012,-0.009,-0.0151,-0.05809,0.01252,-0.02425,0.60188,0.16496,-0.78137,-0.0002,0.70218,-0.00685,-0.71197,-0.00044,50.26,52.92,0.02,0.0709
20:48:06.486,6615.3371,330598,2.995,-0.65,1.556,-0.33,0.0762,0.0161,-1.1055,0.02318,-0.11778,0.00373,1.0073,-0.0112,-0.0127,-0.05782,0.01279,-0.02518,0.60156,0.16501,-0.7816,-0.0002,0.70266,-0.00764,-0.71148,0.00036,50.25,52.92,0.02,0.0744
20:48:06.516,6615.3571,330599,3.158,-0.656,1.579,-0.334,0.0728,0.0159,-1.1038,0.02318,-0.11818,0.0028,1.0073,-0.0117,-0.0112,-0.05862,0.01226,-0.02598,0.60124,0.16506,-0.78184,-0.0002,0.7034,-0.00782,-0.71075,0.00055,50.26,52.92,0.02,0.0744
20:48:06.531,6615.3771,330600,3.321,-0.666,1.603,-0.339,0.0798,0.0164,-1.1023,0.02238,-0.11884,0.0036,1.0085,-0.0115,-0.0088,-0.05889,0.01292,-0.02585,0.60092,0.1651,-0.78207,-0.0002,0.70413,-0.00765,-0.71003,0.00039,50.24,52.92,0.02,0.0735
20:48:06.546,6615.3971,330601,3.248,-0.676,1.626,-0.344,0.075,0.0159,-1.0999,0.02265,-0.11858,0.0036,1.0095,-0.0117,-0.0112,-0.05889,0.01279,-0.02571,0.6006,0.16515,-0.78231,-0.0002,0.7034,-0.00773,-0.71075,0.00046,50.25,52.91,0.02,0.0728
20:48:06.577,6615.4171,330602,3.253,-0.675,1.648,-0.348,0.0769,0.0181,-1.103,0.02252,-0.11924,0.00346,1.0071,-0.0154,-0.0115,-0.05809,0.01292,-0.02571,0.60028,0.1652,-0.78254,-0.0002,0.70314,-0.00871,-0.71099,0.00146,50.24,52.91,0.02,0.0745
20:48:06.591,6615.4371,330603,3.396,-0.689,1.672,-0.353,0.0728,0.0151,-1.106,0.02332,-0.11938,0.0032,1.01,-0.0112,-0.0076,-0.05809,0.01346,-0.02611,0.59996,0.16525,-0.78278,-0.0002,0.70376,-0.00817,-0.71039,0.00091,50.25,52.92,0.02,0.0724
20:48:06.606,6615.4571,330604,3.33,-0.697,1.694,-0.358,0.0769,0.0151,-1.0994,0.02278,-0.11924,0.00226,1.0112,-0.0144,-0.0134,-0.05862,0.01252,-0.02558,0.59964,0.1653,-0.78301,-0.0002,0.70307,-0.00843,-0.71107,0.00117,50.24,52.91,0.02,0.0715
20:48:06.636,6615.4771,330605,3.351,-0.718,1.716,-0.362,0.0745,0.0203,-1.1033,0.02292,-0.11884,0.00293,1.01,-0.0083,-0.0122,-0.05809,0.01239,-0.02571,0.59932,0.16535,-0.78324,-0.0002,0.70294,-0.00743,-0.71121,0.00016,50.25,52.94,0.02,0.0724
20:48:06.651,6615.4971,330606,3.511,-0.73,1.739,-0.367,0.0742,0.0178,-1.1023,0.02345,-0.11751,0.0032,1.0073,-0.009,-0.0078,-0.05849,0.01252,-0.02491,0.599,0.1654,-0.78348,-0.0002,0.70365,-0.00712,-0.71051,-0.00015,50.25,52.92,0.02,0.0745
20:48:06.666,6615.5171,330607,3.529,-0.728,1.762,-0.372,0.072,0.0181,-1.1023,0.02345,-0.11818,0.00333,1.0083,-0.0137,-0.0105,-0.05849,0.01239,-0.02531,0.59868,0.16545,-0.78371,-0.0002,0.70347,-0.00813,-0.71067,0.00087,50.25,52.9,0.02,0.0737
20:48:06.696,6615.5371,330608,3.453,-0.738,1.784,-0.376,0.0774,0.0198,-1.1042,0.02278,-0.11804,0.00413,1.0071,-0.0129,-0.0122,-0.05849,0.01346,-0.02571,0.59836,0.1655,-0.78394,-0.0002,0.70272,-0.00819,-0.71141,0.00092,50.24,52.92,0.02,0.0746
20:48:06.711,6615.5571,330609,3.516,-0.759,1.805,-0.381,0.0723,0.0188,-1.1079,0.02345,-0.11858,0.0044,1.0093,-0.0107,-0.0122,-0.05809,0.01346,-0.02545,0.59804,0.16555,-0.78418,-0.00021,0.70285,-0.00718,-0.7113,-0.0001,50.26,52.91,0.02,0.0729
20:48:06.726,6615.5771,330610,3.595,-0.78,1.827,-0.386,0.0769,0.0156,-1.1108,0.02385,-0.11804,0.0032,1.0122,-0.0073,-0.0115,-0.05822,0.01292,-0.02585,0.59772,0.1656,-0.78441,-0.00021,0.70307,-0.00623,-0.71109,-0.00106,50.25,52.91,0.02,0.0708
20:48:06.756,6615.5971,330611,3.663,-0.777,1.85,-0.391,0.0801,0.0142,-1.1001,0.02238,-0.11858,0.00386,1.0073,-0.011,-0.011,-0.05862,0.01292,-0.02465,0.5974,0.16565,-0.78464,-0.0002,0.7032,-0.00726,-0.71095,-1e-05,50.27,52.92,0.02,0.0744
20:48:06.771,6615.6171,330612,3.733,-0.774,1.872,-0.395,0.0789,0.02,-1.1018,0.02185,-0.11764,0.0036,1.0105,-0.0132,-0.0107,-0.05902,0.01239,-0.02491,0.59708,0.1657,-0.78488,-0.00021,0.70335,-0.00825,-0.71079,0.00099,50.26,52.91,0.02,0.072
20:48:06.786,6615.6371,330613,3.704,-0.794,1.894,-0.4,0.0754,0.0176,-1.1055,0.02185,-0.11844,0.0032,1.0078,-0.0112,-0.0117,-0.05782,0.01212,-0.02505,0.59676,0.16575,-0.78511,-0.00021,0.7029,-0.00743,-0.71125,0.00015,50.24,52.92,0.02,0.0741
20:48:06.817,6615.6605,330614,3.856,-0.814,1.917,-0.405,0.0735,0.019,-1.1028,0.02278,-0.11751,0.0024,1.0122,-0.0098,-0.0112,-0.05782,0.01292,-0.02571,0.59639,0.16581,-0.78538,-0.00021,0.70353,-0.00666,-0.71063,-0.00063,50.26,52.91,0.02,0.0708
20:48:06.831,6615.6771,330615,3.865,-0.812,1.94,-0.41,0.0752,0.0164,-1.1067,0.02292,-0.11738,0.00293,1.0083,-0.0132,-0.0112,-0.05849,0.01292,-0.02545,0.59612,0.16585,-0.78558,-0.00021,0.70335,-0.00748,-0.71081,0.0002,50.26,52.92,0.02,0.0737
20:48:06.846,6615.6971,330616,3.8,-0.827,1.961,-0.415,0.0769,0.0171,-1.0999,0.02305,-0.11831,0.00226,1.0083,-0.0098,-0.0125,-0.05875,0.01239,-0.02518,0.5958,0.1659,-0.78581,-0.00021,0.70267,-0.00708,-0.71148,-0.00021,50.24,52.92,0.02,0.0737
20:48:06.876,6615.7171,330617,3.925,-0.826,1.984,-0.419,0.075,0.0164,-1.1008,0.02252,-0.11791,0.00333,1.0103,-0.0146,-0.0095,-0.05742,0.01212,-0.02545,0.59548,0.16595,-0.78604,-0.00021,0.70316,-0.00782,-0.71099,0.00055,50.24,52.92,0.02,0.0722
20:48:06.891,6615.7371,330618,4.031,-0.824,2.007,-0.424,0.0769,0.0171,-1.1038,0.02238,-0.11884,0.004,1.0125,-0.0142,-0.0103,-0.05875,0.01266,-0.02531,0.59516,0.166,-0.78627,-0.00021,0.70352,-0.00866,-0.71062,0.0014,50.25,52.93,0.02,0.0705
20:48:06.906,6615.7571,330619,3.983,-0.843,2.029,-0.428,0.0759,0.0178,-1.1079,0.02252,-0.11791,0.00293,1.0105,-0.0129,-0.0115,-0.05902,0.01252,-0.02598,0.59484,0.16605,-0.78651,-0.00021,0.70296,-0.00804,-0.71119,0.00077,50.24,52.9,0.02,0.072
20:48:06.936,6615.7771,330620,4.129,-0.857,2.052,-0.433,0.0764,0.0134,-1.0981,0.02292,-0.11871,0.004,1.0112,-0.0112,-0.01,-0.05809,0.01306,-0.02598,0.59452,0.1661,-0.78674,-0.00021,0.7036,-0.00757,-0.71056,0.0003,50.24,52.93,0.02,0.0715
20:48:06.952,6615.7971,330621,4.104,-0.879,2.074,-0.438,0.0781,0.0151,-1.1033,0.02265,-0.11871,0.004,1.0095,-0.0088,-0.0112,-0.05822,0.01266,-0.02571,0.5942,0.16614,-0.78697,-0.00021,0.70317,-0.00674,-0.71099,-0.00054,50.25,52.91,0.02,0.0728
20:48:06.966,6615.8171,330622,4.244,-0.879,2.097,-0.443,0.0786,0.0151,-1.0959,0.02172,-0.11938,0.00386,1.0081,-0.0112,-0.009,-0.05809,0.01266,-0.02558,0.59388,0.16619,-0.7872,-0.00021,0.70376,-0.00738,-0.7104,0.0001,50.25,52.91,0.02,0.0738
20:48:06.997,6615.8371,330623,4.169,-0.887,2.119,-0.447,0.0791,0.0166,-1.1023,0.02252,-0.11871,0.00346,1.0063,-0.0115,-0.0134,-0.05836,0.01199,-0.02571,0.59356,0.16624,-0.78743,-0.00021,0.70301,-0.00755,-0.71114,0.00028,50.25,52.91,0.02,0.0752
20:48:07.011,6615.8571,330624,4.28,-0.907,2.142,-0.452,0.0779,0.0159,-1.0981,0.02225,-0.11831,0.0036,1.0129,-0.0085,-0.0103,-0.05796,0.01292,-0.02518,0.59324,0.16629,-0.78767,-0.0002,0.70343,-0.00676,-0.71073,-0.00052,50.24,52.91,0.02,0.0703
20:48:07.026,6615.8771,330625,4.286,-0.903,2.164,-0.457,0.0764,0.0176,-1.1055,0.02225,-0.11791,0.00226,1.0083,-0.0117,-0.0112,-0.05889,0.01226,-0.02545,0.59292,0.16634,-0.7879,-0.00021,0.70318,-0.00773,-0.71097,0.00046,50.25,52.93,0.02,0.0737
20:48:07.056,6615.8971,330626,4.41,-0.922,2.188,-0.462,0.0789,0.0149,-1.1006,0.02332,-0.11884,0.00266,1.009,-0.0081,-0.0088,-0.05915,0.01199,-0.02505,0.59259,0.16639,-0.78813,-0.0002,0.70368,-0.00698,-0.71048,-0.00029,50.26,52.91,0.02,0.0732
20:48:07.072,6615.9171,330627,4.48,-0.918,2.211,-0.466,0.0757,0.0142,-1.1013,0.02212,-0.11751,0.00253,1.0107,-0.0151,-0.009,-0.05875,0.01132,-0.02571,0.59227,0.16644,-0.78836,-0.0002,0.70382,-0.00797,-0.71033,0.00071,50.26,52.91,0.02,0.0719
20:48:07.116,6615.9371,330628,4.409,-0.933,2.233,-0.471,0.0732,0.0173,-1.0999,0.02345,-0.11804,0.00266,1.0078,-0.0112,-0.012,-0.05836,0.01226,-0.02598,0.59195,0.16649,-0.78859,-0.0002,0.70311,-0.00768,-0.71104,0.0004,50.25,52.91,0.02,0.074
20:48:07.118,6615.9571,330629,4.487,-0.956,2.256,-0.476,0.0779,0.012,-1.1038,0.02358,-0.11791,0.00346,1.0078,-0.0076,-0.0105,-0.05862,0.01226,-0.02585,0.59163,0.16653,-0.78882,-0.0002,0.70333,-0.00669,-0.71083,-0.0006,50.25,52.92,0.02,0.0741
20:48:07.132,6615.9771,330630,4.584,-0.951,2.279,-0.481,0.0745,0.0146,-1.0969,0.02252,-0.11791,0.00333,1.0066,-0.0115,-0.0098,-0.05849,0.01266,-0.02545,0.59131,0.16658,-0.78905,-0.0002,0.70364,-0.00765,-0.71051,0.00037,50.25,52.93,0.02,0.075
20:48:07.146,6615.9971,330631,4.515,-0.966,2.301,-0.485,0.0769,0.0151,-1.1064,0.02305,-0.11911,0.0028,1.0095,-0.0095,-0.0146,-0.05822,0.01319,-0.02531,0.59099,0.16663,-0.78928,-0.0002,0.70294,-0.00737,-0.71121,9e-05,50.26,52.9,0.02,0.0728
20:48:07.176,6616.0171,330632,4.45,-0.984,2.322,-0.49,0.0791,0.0139,-1.1045,0.02225,-0.11698,0.00306,1.0054,-0.0095,-0.0132,-0.05836,0.01319,-0.02531,0.59066,0.16668,-0.78952,-0.0002,0.70227,-0.00687,-0.71188,-0.00042,50.26,52.92,0.02,0.0759
20:48:07.191,6616.0371,330633,4.6,-0.985,2.343,-0.495,0.0728,0.0171,-1.1042,0.02225,-0.11631,0.00413,1.0081,-0.0112,-0.0112,-0.05796,0.01306,-0.02545,0.59034,0.16673,-0.78975,-0.0002,0.70291,-0.00738,-0.71124,0.0001,50.25,52.9,0.02,0.0738
20:48:07.206,6616.0571,330634,4.741,-1.003,2.366,-0.5,0.074,0.0154,-1.1006,0.02292,-0.11764,0.0032,1.0068,-0.0076,-0.009,-0.05782,0.01252,-0.02491,0.59002,0.16678,-0.78998,-0.0002,0.70352,-0.00676,-0.71064,-0.00053,50.24,52.91,0.02,0.0748
20:48:07.236,6616.0771,330635,4.669,-1.009,2.388,-0.505,0.071,0.0161,-1.1042,0.02385,-0.11884,0.00373,1.0066,-0.0093,-0.0115,-0.05756,0.01252,-0.02558,0.5897,0.16683,-0.79021,-0.0002,0.70279,-0.00703,-0.71136,-0.00026,50.26,52.91,0.02,0.075
20:48:07.251,6616.0971,330636,4.8,-1.008,2.411,-0.509,0.0764,0.0166,-1.1057,0.02278,-0.11804,0.0032,1.0142,-0.0125,-0.01,-0.05809,0.01292,-0.02558,0.58937,0.16687,-0.79044,-0.0002,0.70332,-0.00766,-0.71083,0.00038,50.26,52.92,0.02,0.0693
20:48:07.268,6616.1171,330637,4.724,-1.017,2.432,-0.514,0.0769,0.0156,-1.1016,0.02305,-0.11871,0.00333,1.0056,-0.0115,-0.0115,-0.05822,0.01292,-0.02545,0.58905,0.16692,-0.79067,-0.0002,0.70256,-0.00778,-0.71158,0.0005,50.27,52.9,0.02,0.0757
20:48:07.296,6616.1371,330638,4.833,-1.04,2.454,-0.519,0.0764,0.0127,-1.1072,0.02345,-0.11831,0.00333,1.0088,-0.0078,-0.011,-0.05849,0.01279,-0.02611,0.58873,0.16697,-0.7909,-0.0002,0.70298,-0.00693,-0.71118,-0.00036,50.28,52.92,0.02,0.0733
20:48:07.311,6616.1571,330639,4.996,-1.042,2.477,-0.524,0.0779,0.0151,-1.1038,0.02332,-0.11844,0.00333,1.0042,-0.0105,-0.0093,-0.05809,0.01266,-0.02518,0.58841,0.16702,-0.79113,-0.0002,0.70371,-0.00729,-0.71045,1e-05,50.26,52.92,0.02,0.0768
20:48:07.341,6616.1771,330640,5.149,-1.044,2.501,-0.528,0.0762,0.0142,-1.1008,0.02318,-0.11791,0.0044,1.0088,-0.0117,-0.0078,-0.05875,0.01306,-0.02585,0.58808,0.16707,-0.79136,-0.0002,0.70437,-0.00775,-0.70979,0.00048,50.25,52.91,0.02,0.0733
20:48:07.356,6616.1971,330641,5.079,-1.059,2.524,-0.533,0.0774,0.0171,-1.0996,0.02158,-0.11791,0.0044,1.0093,-0.0095,-0.0132,-0.05836,0.01319,-0.02585,0.58776,0.16711,-0.79159,-0.0002,0.70366,-0.00747,-0.7105,0.00019,50.25,52.9,0.02,0.0729
20:48:07.371,6616.2171,330642,5.036,-1.08,2.546,-0.538,0.0762,0.0168,-1.1086,0.02332,-0.11884,0.0052,1.011,-0.0063,-0.0134,-0.05782,0.01346,-0.02518,0.58744,0.16716,-0.79182,-0.0002,0.70313,-0.00679,-0.71103,-0.0005,50.25,52.91,0.02,0.0717
20:48:07.386,6616.2371,330643,5.198,-1.092,2.57,-0.543,0.0786,0.0188,-1.0986,0.02185,-0.11791,0.0044,1.0081,-0.0073,-0.0049,-0.05849,0.01199,-0.02531,0.58712,0.16721,-0.79204,-0.0002,0.70386,-0.0066,-0.71031,-0.00068,50.26,52.92,0.02,0.0739
20:48:07.416,6616.2571,330644,5.17,-1.09,2.592,-0.548,0.073,0.0151,-1.1069,0.02292,-0.11711,0.00386,1.0137,-0.0139,-0.0127,-0.05849,0.01199,-0.02531,0.58679,0.16726,-0.79227,-0.0002,0.7034,-0.00734,-0.71076,6e-05,50.22,52.93,0.02,0.0696
20:48:07.431,6616.2771,330645,5.145,-1.086,2.614,-0.552,0.0737,0.0142,-1.1045,0.02252,-0.11791,0.00413,1.0085,-0.0117,-0.0112,-0.05875,0.01266,-0.02558,0.58647,0.16731,-0.7925,-0.0002,0.70295,-0.00817,-0.71119,0.00089,50.24,52.92,0.02,0.0735
20:48:07.461,6616.2971,330646,5.096,-1.108,2.636,-0.557,0.0759,0.0139,-1.103,0.02198,-0.11831,0.0032,1.0095,-0.0105,-0.0139,-0.05822,0.01319,-0.02585,0.58615,0.16736,-0.79273,-0.0002,0.70238,-0.00753,-0.71176,0.00024,50.24,52.92,0.02,0.0728
20:48:07.477,6616.3171,330647,5.262,-1.116,2.658,-0.562,0.0781,0.0173,-1.104,0.02305,-0.11671,0.0036,1.0068,-0.011,-0.0125,-0.05836,0.01226,-0.02545,0.58582,0.16741,-0.79296,-0.0002,0.70313,-0.00753,-0.71102,0.00024,50.24,52.91,0.02,0.0748
20:48:07.522,6616.3371,330648,5.197,-1.121,2.679,-0.566,0.0762,0.0186,-1.1013,0.02278,-0.11791,0.00386,1.0098,-0.0125,-0.0144,-0.05849,0.01319,-0.02545,0.5855,0.16745,-0.79319,-0.0002,0.70244,-0.00786,-0.7117,0.00057,50.25,52.91,0.02,0.0725
20:48:07.523,6616.3571,330649,5.31,-1.144,2.701,-0.571,0.0757,0.0181,-1.1055,0.02332,-0.11698,0.00386,1.01,-0.0081,-0.0112,-0.05889,0.01279,-0.02558,0.58518,0.1675,-0.79342,-0.0002,0.70288,-0.00704,-0.71127,-0.00025,50.26,52.92,0.02,0.0724
20:48:07.525,6616.3771,330650,5.452,-1.162,2.724,-0.576,0.072,0.0195,-1.1006,0.02252,-0.11751,0.0036,1.0095,-0.0078,-0.01,-0.05915,0.01226,-0.02558,0.58485,0.16755,-0.79365,-0.0002,0.7035,-0.00649,-0.71067,-0.00081,50.26,52.92,0.02,0.0728
20:48:07.551,6616.3971,330651,5.407,-1.161,2.746,-0.581,0.0762,0.0154,-1.106,0.02345,-0.11791,0.0044,1.0095,-0.011,-0.0129,-0.05862,0.01292,-0.02545,0.58453,0.1676,-0.79387,-0.0002,0.70293,-0.00713,-0.71123,-0.00017,50.25,52.91,0.02,0.0728
20:48:07.582,6616.4171,330652,5.525,-1.156,2.768,-0.586,0.0771,0.0154,-1.1052,0.02265,-0.11764,0.00453,1.0105,-0.0125,-0.0105,-0.05822,0.01306,-0.02518,0.5842,0.16765,-0.7941,-0.0002,0.70337,-0.00793,-0.71078,0.00065,50.25,52.91,0.02,0.072
20:48:07.583,6616.4371,330653,5.455,-1.172,2.79,-0.59,0.0735,0.0161,-1.1021,0.02212,-0.11818,0.0036,1.0076,-0.0112,-0.0127,-0.05796,0.01252,-0.02451,0.58388,0.1677,-0.79433,-0.0002,0.70266,-0.00761,-0.71149,0.00032,50.24,52.92,0.02,0.0742
20:48:07.611,6616.4571,330654,5.603,-1.19,2.813,-0.595,0.075,0.0156,-1.1001,0.02318,-0.11751,0.00266,1.0076,-0.009,-0.0098,-0.05782,0.01266,-0.02545,0.58356,0.16774,-0.79456,-0.0002,0.70331,-0.00709,-0.71085,-0.0002,50.24,52.92,0.02,0.0742
20:48:07.627,6616.4771,330655,5.765,-1.199,2.836,-0.6,0.074,0.0171,-1.1045,0.02265,-0.11898,0.00266,1.01,-0.0098,-0.0093,-0.05809,0.01346,-0.02505,0.58323,0.16779,-0.79479,-0.0002,0.70404,-0.00709,-0.71013,-0.0002,50.25,52.92,0.02,0.0724
20:48:07.656,6616.4971,330656,5.76,-1.193,2.859,-0.605,0.0725,0.0134,-1.1023,0.02212,-0.11831,0.0032,1.011,-0.0105,-0.009,-0.05862,0.01252,-0.02531,0.58291,0.16784,-0.79501,-0.0002,0.70371,-0.00799,-0.71044,0.00071,50.25,52.91,0.02,0.0717
20:48:07.671,6616.5171,330657,5.694,-1.212,2.881,-0.609,0.0774,0.0151,-1.1064,0.02265,-0.11751,0.00386,1.0044,-0.0088,-0.0142,-0.05836,0.01266,-0.02625,0.58258,0.16789,-0.79524,-0.0002,0.70304,-0.00748,-0.71111,0.00019,50.28,52.91,0.02,0.0766
20:48:07.702,6616.5371,330658,5.817,-1.235,2.904,-0.614,0.0767,0.0183,-1.1052,0.02278,-0.11791,0.00346,1.0105,-0.0093,-0.0105,-0.05849,0.01212,-0.02531,0.58226,0.16794,-0.79547,-0.0002,0.70354,-0.00675,-0.71062,-0.00054,50.26,52.91,0.02,0.0721
20:48:07.703,6616.5571,330659,5.88,-1.226,2.927,-0.619,0.0752,0.0139,-1.1018,0.02278,-0.11818,0.00346,1.011,-0.0129,-0.0098,-0.05849,0.01292,-0.02611,0.58194,0.16798,-0.7957,-0.0002,0.70363,-0.00775,-0.71052,0.00047,50.27,52.9,0.02,0.0717
20:48:07.731,6616.5771,330660,5.995,-1.249,2.95,-0.624,0.0774,0.0137,-1.104,0.02198,-0.11698,0.00373,1.0107,-0.0115,-0.0098,-0.05822,0.01266,-0.02651,0.58161,0.16803,-0.79592,-0.0002,0.70408,-0.00695,-0.71008,-0.00033,50.27,52.9,0.02,0.0719
20:48:07.746,6616.5971,330661,5.946,-1.25,2.973,-0.628,0.073,0.0154,-1.1057,0.02358,-0.11884,0.0044,1.0149,-0.0125,-0.0122,-0.05769,0.01346,-0.02505,0.58129,0.16808,-0.79615,-0.0002,0.70349,-0.00746,-0.71066,0.00017,50.26,52.91,0.02,0.0687
20:48:07.776,6616.6171,330662,5.87,-1.262,2.995,-0.633,0.0767,0.02,-1.0994,0.02292,-0.11778,0.00373,1.0068,-0.0105,-0.0154,-0.05809,0.01306,-0.02558,0.58096,0.16813,-0.79638,-0.0002,0.70274,-0.00742,-0.71141,0.00013,50.24,52.91,0.02,0.0748
20:48:07.791,6616.6371,330663,6.025,-1.277,3.017,-0.638,0.0747,0.0159,-1.1016,0.02278,-0.11791,0.004,1.0098,-0.0098,-0.0105,-0.05782,0.01266,-0.02545,0.58064,0.16818,-0.7966,-0.0002,0.70343,-0.00709,-0.71073,-0.0002,50.24,52.91,0.02,0.0726
20:48:07.821,6616.6571,330664,6.032,-1.305,3.04,-0.643,0.0742,0.0137,-1.1028,0.02398,-0.11764,0.00306,1.0076,-0.0085,-0.0107,-0.05875,0.01252,-0.02558,0.58031,0.16822,-0.79683,-0.0002,0.70322,-0.00609,-0.71094,-0.00122,50.27,52.91,0.02,0.0742
20:48:07.838,6616.6771,330665,6.137,-1.297,3.062,-0.648,0.0754,0.0168,-1.1057,0.02305,-0.11764,0.0036,1.0068,-0.011,-0.0095,-0.05929,0.01332,-0.02611,0.57999,0.16827,-0.79706,-0.0002,0.70357,-0.00702,-0.71059,-0.00027,50.24,52.92,0.02,0.0748
20:48:07.851,6616.6971,330666,6.061,-1.308,3.084,-0.653,0.0735,0.0171,-1.1055,0.02278,-0.11858,0.00386,1.0073,-0.0095,-0.0144,-0.05862,0.01332,-0.02478,0.57966,0.16832,-0.79728,-0.0002,0.70283,-0.00702,-0.71133,-0.00028,50.24,52.92,0.02,0.0744
20:48:07.868,6616.7171,330667,5.988,-1.317,3.105,-0.657,0.0774,0.0176,-1.1018,0.02278,-0.11844,0.00293,1.009,-0.01,-0.0166,-0.05769,0.01346,-0.02545,0.57934,0.16837,-0.79751,-0.0002,0.70209,-0.0071,-0.71205,-0.00021,50.24,52.92,0.02,0.0731
20:48:07.911,6616.7371,330668,6.143,-1.318,3.127,-0.662,0.0762,0.0195,-1.1047,0.02212,-0.11778,0.0032,1.0093,-0.0129,-0.0088,-0.05875,0.01266,-0.02505,0.57901,0.16842,-0.79774,-0.0002,0.70277,-0.00748,-0.71138,0.00018,50.25,52.92,0.02,0.0729
20:48:07.912,6616.7571,330669,6.302,-1.33,3.15,-0.667,0.0762,0.0159,-1.105,0.02305,-0.11884,0.00386,1.0103,-0.01,-0.009,-0.05862,0.01279,-0.02585,0.57869,0.16846,-0.79796,-0.0002,0.70349,-0.00728,-0.71067,-1e-05,50.25,52.92,0.02,0.0722
20:48:07.941,6616.7771,330670,6.444,-1.349,3.173,-0.672,0.0754,0.0154,-1.0991,0.02292,-0.11871,0.00306,1.012,-0.0078,-0.0073,-0.05849,0.01279,-0.02611,0.57836,0.16851,-0.79819,-0.0002,0.7041,-0.00677,-0.71007,-0.00052,50.25,52.92,0.02,0.071
20:48:07.971,6616.7971,330671,6.436,-1.342,3.196,-0.676,0.0781,0.0129,-1.104,0.02292,-0.11791,0.0036,1.0129,-0.0137,-0.0105,-0.05809,0.01252,-0.02571,0.57803,0.16856,-0.79841,-0.0002,0.70375,-0.00763,-0.7104,0.00035,50.26,52.92,0.02,0.0702
20:48:07.972,6616.8171,330672,6.362,-1.353,3.218,-0.681,0.072,0.0117,-1.0969,0.02278,-0.11791,0.00373,1.0085,-0.0112,-0.0129,-0.05836,0.01239,-0.02585,0.57771,0.1686,-0.79864,-0.0002,0.70301,-0.00761,-0.71113,0.00032,50.26,52.92,0.02,0.0735
20:48:07.986,6616.8371,330673,6.354,-1.345,3.24,-0.686,0.0801,0.0149,-1.1096,0.02292,-0.11684,0.00306,1.0095,-0.0127,-0.0122,-0.05796,0.01226,-0.02585,0.57738,0.16865,-0.79887,-0.0002,0.70267,-0.00851,-0.71147,0.00123,50.26,52.91,0.02,0.0728
20:48:08.017,6616.8571,330674,6.484,-1.368,3.263,-0.69,0.0752,0.0186,-1.1057,0.02385,-0.11791,0.0036,1.0081,-0.0117,-0.011,-0.05822,0.01279,-0.02531,0.57706,0.1687,-0.79909,-0.0002,0.70321,-0.0078,-0.71094,0.00052,50.24,52.9,0.02,0.0738
20:48:08.061,6616.8771,330675,6.647,-1.374,3.286,-0.695,0.0791,0.0146,-1.1038,0.02278,-0.11818,0.00293,1.009,-0.0122,-0.009,-0.05836,0.01319,-0.02545,0.57673,0.16875,-0.79932,-0.0002,0.70394,-0.00793,-0.71021,0.00065,50.25,52.9,0.02,0.0732
20:48:08.062,6616.8971,330676,6.571,-1.385,3.308,-0.7,0.0771,0.0176,-1.1023,0.02265,-0.11751,0.00386,1.0073,-0.012,-0.0142,-0.05822,0.01292,-0.02571,0.5764,0.1688,-0.79954,-0.0002,0.70319,-0.00791,-0.71095,0.00063,50.26,52.91,0.02,0.0744
20:48:08.077,6616.9171,330677,6.537,-1.411,3.33,-0.705,0.0762,0.0166,-1.0994,0.02238,-0.11751,0.00293,1.0093,-0.0078,-0.0137,-0.05796,0.01212,-0.02611,0.57608,0.16884,-0.79977,-0.0002,0.70272,-0.00713,-0.71143,-0.00017,50.26,52.93,0.02,0.0729
20:48:08.091,6616.9371,330678,6.52,-1.403,3.351,-0.709,0.074,0.012,-1.1008,0.02318,-0.11738,0.00333,1.0061,-0.012,-0.0134,-0.05796,0.01372,-0.02585,0.57575,0.16889,-0.79999,-0.00019,0.70232,-0.00803,-0.71182,0.00074,50.27,52.91,0.02,0.0753
20:48:08.107,6616.9571,330679,6.679,-1.415,3.373,-0.714,0.0747,0.0154,-1.1062,0.02265,-0.11804,0.00346,1.0105,-0.0112,-0.0083,-0.05875,0.01332,-0.02558,0.57543,0.16894,-0.80022,-0.00019,0.70303,-0.00785,-0.71111,0.00057,50.27,52.92,0.02,0.0721
20:48:08.136,6616.9771,330680,6.821,-1.434,3.396,-0.719,0.0718,0.0171,-1.104,0.02265,-0.11818,0.00346,1.011,-0.0112,-0.0107,-0.05915,0.01346,-0.02558,0.5751,0.16898,-0.80044,-0.0002,0.70365,-0.00732,-0.71051,4e-05,50.24,52.91,0.02,0.0717
20:48:08.152,6616.9971,330681,6.758,-1.454,3.418,-0.724,0.0742,0.0144,-1.1001,0.02292,-0.11831,0.00187,1.011,-0.0093,-0.0117,-0.05849,0.01292,-0.02478,0.57477,0.16903,-0.80066,-0.00019,0.70299,-0.00692,-0.71116,-0.00038,50.24,52.91,0.02,0.0717
20:48:08.181,6617.0171,330682,6.861,-1.443,3.441,-0.728,0.0754,0.0171,-1.1006,0.02398,-0.11858,0.00306,1.0073,-0.0112,-0.011,-0.05862,0.01266,-0.02545,0.57445,0.16908,-0.80089,-0.00019,0.70333,-0.00785,-0.71082,0.00057,50.26,52.9,0.02,0.0744
20:48:08.196,6617.0371,330683,6.792,-1.46,3.463,-0.733,0.0801,0.019,-1.1072,0.02358,-0.11818,0.004,1.0103,-0.0107,-0.0137,-0.05822,0.01306,-0.02491,0.57412,0.16913,-0.80111,-0.0002,0.70263,-0.00756,-0.71151,0.00027,50.27,52.92,0.02,0.0722
20:48:08.211,6617.0571,330684,6.953,-1.462,3.485,-0.738,0.073,0.0146,-1.1086,0.02305,-0.11858,0.0036,1.0083,-0.0129,-0.0081,-0.05849,0.01292,-0.02505,0.57379,0.16917,-0.80134,-0.0002,0.70335,-0.00783,-0.7108,0.00055,50.25,52.93,0.02,0.0737
20:48:08.226,6617.0771,330685,7.117,-1.472,3.508,-0.743,0.0723,0.0188,-1.1013,0.02252,-0.11831,0.0036,1.0088,-0.0117,-0.0071,-0.05849,0.01252,-0.02531,0.57347,0.16922,-0.80156,-0.0002,0.70408,-0.00778,-0.71007,0.00051,50.26,52.89,0.02,0.0733
20:48:08.256,6617.0971,330686,7.042,-1.481,3.531,-0.747,0.073,0.0193,-1.1094,0.02358,-0.11858,0.0036,1.0076,-0.012,-0.0112,-0.05942,0.01239,-0.02491,0.57314,0.16927,-0.80178,-0.0002,0.70334,-0.00786,-0.71081,0.00057,50.24,52.93,0.02,0.0742
20:48:08.286,6617.1171,330687,7.175,-1.504,3.554,-0.752,0.0735,0.0173,-1.1045,0.02292,-0.11831,0.00386,1.009,-0.0103,-0.0093,-0.05875,0.01319,-0.02491,0.57281,0.16932,-0.80201,-0.0002,0.70391,-0.00719,-0.71026,-9e-05,50.25,52.91,0.02,0.0732
20:48:08.287,6617.1371,330688,7.181,-1.492,3.577,-0.757,0.0762,0.0178,-1.1008,0.02305,-0.11818,0.00413,1.0083,-0.0115,-0.0095,-0.05782,0.01252,-0.02545,0.57248,0.16937,-0.80223,-0.0002,0.70364,-0.00816,-0.71051,0.00088,50.25,52.92,0.02,0.0737
20:48:08.316,6617.1571,330689,7.194,-1.523,3.599,-0.761,0.0723,0.0173,-1.0994,0.02185,-0.11644,0.0044,1.0105,-0.0103,-0.0103,-0.05915,0.01252,-0.02505,0.57217,0.1694,-0.80245,-0.0002,0.70348,-0.00717,-0.71068,-0.00012,50.23,52.9,0.02,0.072
20:48:08.346,6617.1771,330690,7.156,-1.518,3.622,-0.766,0.0757,0.0159,-1.1082,0.02252,-0.11804,0.0032,1.0105,-0.0122,-0.012,-0.05849,0.01239,-0.02545,0.57184,0.16945,-0.80267,-0.0002,0.70295,-0.00787,-0.7112,0.00058,50.26,52.91,0.02,0.072
20:48:08.361,6617.1971,330691,7.316,-1.533,3.644,-0.771,0.0754,0.0154,-1.1062,0.02425,-0.11778,0.0036,1.0066,-0.011,-0.0095,-0.05875,0.01199,-0.02625,0.57152,0.16949,-0.80289,-0.0002,0.70367,-0.00756,-0.71049,0.00028,50.26,52.91,0.02,0.075
20:48:08.376,6617.2171,330692,7.279,-1.56,3.667,-0.776,0.0759,0.0176,-1.1052,0.02305,-0.11778,0.00426,1.0122,-0.0083,-0.0117,-0.05902,0.01186,-0.02571,0.57119,0.16954,-0.80312,-0.0002,0.70319,-0.00684,-0.71097,-0.00046,50.25,52.92,0.02,0.0708
20:48:08.406,6617.2371,330693,7.309,-1.546,3.689,-0.78,0.0725,0.0186,-1.1074,0.02332,-0.11751,0.004,1.0063,-0.0122,-0.0115,-0.05862,0.01212,-0.02451,0.57086,0.16959,-0.80334,-0.0002,0.70306,-0.00788,-0.71108,0.0006,50.25,52.91,0.02,0.0752
20:48:08.407,6617.2571,330694,7.433,-1.572,3.712,-0.785,0.0745,0.0198,-1.1011,0.02398,-0.11804,0.00333,1.0076,-0.0098,-0.01,-0.05875,0.01279,-0.02571,0.57053,0.16964,-0.80356,-0.0002,0.70358,-0.00712,-0.71058,-0.00017,50.25,52.91,0.02,0.0742
20:48:08.436,6617.2771,330695,7.49,-1.559,3.734,-0.79,0.0752,0.0166,-1.1033,0.02305,-0.11831,0.0032,1.0156,-0.012,-0.01,-0.05769,0.01306,-0.02545,0.57021,0.16968,-0.80379,-0.0002,0.70363,-0.00807,-0.71052,0.0008,50.25,52.91,0.02,0.0682
20:48:08.451,6617.2971,330696,7.476,-1.59,3.757,-0.795,0.0735,0.0151,-1.1021,0.02345,-0.11831,0.00213,1.0093,-0.0083,-0.0115,-0.05729,0.01279,-0.02531,0.56988,0.16973,-0.80401,-0.0002,0.70329,-0.00717,-0.71087,-0.00012,50.26,52.92,0.02,0.073
20:48:08.467,6617.3171,330697,7.642,-1.604,3.78,-0.799,0.0728,0.0178,-1.1021,0.02358,-0.11871,0.00293,1.0037,-0.0095,-0.0093,-0.05796,0.01279,-0.02598,0.56955,0.16978,-0.80423,-0.0002,0.70405,-0.00694,-0.71012,-0.00035,50.26,52.9,0.02,0.0772
20:48:08.496,6617.3371,330698,7.572,-1.622,3.802,-0.804,0.0791,0.0186,-1.106,0.02278,-0.11871,0.00253,1.0081,-0.0078,-0.0122,-0.05875,0.01252,-0.02571,0.56922,0.16983,-0.80445,-0.0002,0.70334,-0.00663,-0.71082,-0.00066,50.25,52.92,0.02,0.0738
20:48:08.541,6617.3571,330699,7.509,-1.621,3.824,-0.809,0.0725,0.0178,-1.1089,0.02411,-0.11871,0.00333,1.0068,-0.0117,-0.0154,-0.05809,0.01319,-0.02545,0.56889,0.16987,-0.80468,-0.0002,0.70267,-0.0071,-0.71149,-0.00019,50.26,52.91,0.02,0.0748
20:48:08.542,6617.3771,330700,7.619,-1.61,3.846,-0.814,0.0737,0.0186,-1.0986,0.02212,-0.11844,0.0032,1.0093,-0.0125,-0.0115,-0.05875,0.01346,-0.02611,0.56857,0.16992,-0.8049,-0.0002,0.70304,-0.00798,-0.7111,0.0007,50.26,52.91,0.02,0.0729
20:48:08.572,6617.3971,330701,7.719,-1.639,3.869,-0.819,0.0752,0.0159,-1.1025,0.02265,-0.11764,0.0036,1.0125,-0.0098,-0.0105,-0.05875,0.01306,-0.02585,0.56824,0.16997,-0.80512,-0.0002,0.70341,-0.00713,-0.71075,-0.00016,50.25,52.91,0.02,0.0705
20:48:08.573,6617.4171,330702,7.659,-1.662,3.891,-0.824,0.0776,0.0134,-1.1023,0.02212,-0.11844,0.0032,1.0088,-0.0081,-0.0127,-0.05889,0.01226,-0.02558,0.56791,0.17001,-0.80534,-0.0002,0.70277,-0.00662,-0.71138,-0.00068,50.25,52.91,0.02,0.0733
20:48:08.586,6617.4371,330703,7.714,-1.646,3.913,-0.828,0.0742,0.0164,-1.1047,0.02145,-0.11698,0.00413,1.0071,-0.012,-0.0122,-0.05875,0.01226,-0.02505,0.56758,0.17006,-0.80556,-0.0002,0.70281,-0.00766,-0.71134,0.00038,50.26,52.9,0.02,0.0746
20:48:08.616,6617.4571,330704,7.878,-1.653,3.935,-0.833,0.0767,0.0161,-1.1038,0.02132,-0.11831,0.00333,1.0078,-0.0117,-0.009,-0.05889,0.01172,-0.02505,0.56725,0.17011,-0.80578,-0.0002,0.70355,-0.00772,-0.71061,0.00045,50.25,52.91,0.02,0.0741
20:48:08.647,6617.4771,330705,7.807,-1.658,3.957,-0.838,0.0781,0.0161,-1.1069,0.02265,-0.11791,0.00293,1.0076,-0.0122,-0.012,-0.05796,0.01199,-0.02518,0.56692,0.17015,-0.80601,-0.0002,0.70282,-0.00796,-0.71132,0.00068,50.26,52.92,0.02,0.0742
20:48:08.648,6617.4971,330706,7.928,-1.686,3.98,-0.842,0.0774,0.0142,-1.106,0.02265,-0.11738,0.004,1.0076,-0.0088,-0.01,-0.05836,0.01172,-0.02478,0.56659,0.1702,-0.80623,-0.0002,0.70332,-0.00718,-0.71084,-0.00011,50.26,52.91,0.02,0.0742
20:48:08.676,6617.5171,330707,7.905,-1.676,4.002,-0.847,0.0752,0.0168,-1.106,0.02318,-0.11698,0.0044,1.0083,-0.0127,-0.0122,-0.05822,0.01119,-0.02465,0.56627,0.17025,-0.80645,-0.0002,0.70287,-0.00801,-0.71127,0.00073,50.25,52.9,0.02,0.0737
20:48:08.691,6617.5371,330708,7.852,-1.702,4.023,-0.852,0.0767,0.0186,-1.1062,0.02118,-0.11738,0.00373,1.0098,-0.0088,-0.0154,-0.05889,0.01146,-0.02372,0.56594,0.17029,-0.80667,-0.0002,0.70228,-0.00741,-0.71186,0.00011,50.25,52.91,0.02,0.0725
20:48:08.706,6617.5571,330709,8.009,-1.718,4.045,-0.857,0.0752,0.0171,-1.1079,0.02238,-0.11791,0.0036,1.0093,-0.0088,-0.0093,-0.05889,0.01266,-0.02451,0.56561,0.17034,-0.80689,-0.0002,0.70299,-0.00711,-0.71117,-0.00019,50.27,52.92,0.02,0.073
20:48:08.766,6617.5771,330710,8.041,-1.75,4.068,-0.862,0.0757,0.0134,-1.1077,0.02132,-0.11631,0.0032,1.0151,-0.0039,-0.012,-0.05902,0.01106,-0.02451,0.56529,0.17038,-0.8071,-0.00021,0.70295,-0.00615,-0.71121,-0.00116,50.25,52.91,0.02,0.0686
20:48:08.767,6617.5971,330711,8.167,-1.735,4.09,-0.866,0.0732,0.0142,-1.1008,0.02025,-0.11698,0.00386,0.9995,-0.0122,-0.0088,-0.05982,0.01119,-0.02278,0.56498,0.17041,-0.80732,-0.00023,0.70344,-0.00705,-0.71072,-0.00026,50.25,52.91,0.02,0.0797
20:48:08.768,6617.6171,330712,8.106,-1.734,4.112,-0.871,0.0811,0.0251,-1.1042,0.02038,-0.11818,0.00493,1.0105,-0.0142,-0.0181,-0.05982,0.01159,-0.02358,0.56465,0.17043,-0.80754,-0.00025,0.70276,-0.00747,-0.71138,0.00014,50.26,52.92,0.02,0.0719
20:48:08.796,6617.6371,330713,8.246,-1.757,4.134,-0.876,0.0754,0.011,-1.0999,0.02212,-0.11924,0.0032,1.0105,-0.0085,-0.0098,-0.05875,0.01319,-0.02545,0.56432,0.17048,-0.80776,-0.00024,0.70338,-0.00692,-0.71078,-0.00041,50.26,52.91,0.02,0.0721
20:48:08.811,6617.6615,330714,8.156,-1.765,4.156,-0.881,0.0823,0.0188,-1.1067,0.02145,-0.11764,0.0048,1.0085,-0.0107,-0.0178,-0.05889,0.01106,-0.02411,0.56392,0.17053,-0.80803,-0.00025,0.70247,-0.00713,-0.71168,-0.00022,50.25,52.92,0.02,0.0735
20:48:08.826,6617.6771,330715,8.163,-1.753,4.178,-0.885,0.0776,0.0256,-1.1001,0.02238,-0.11911,0.00466,1.0066,-0.0127,-0.0139,-0.05822,0.01146,-0.02398,0.56366,0.17057,-0.8082,-0.00025,0.70227,-0.0079,-0.71186,0.00056,50.24,52.9,0.02,0.0749
20:48:08.856,6617.6971,330716,8.279,-1.779,4.2,-0.89,0.074,0.0081,-1.1089,0.02425,-0.11818,0.00306,1.0181,-0.0034,-0.0078,-0.05836,0.01332,-0.02585,0.56333,0.17062,-0.80842,-0.00024,0.70274,-0.00724,-0.71141,-0.00011,50.27,52.91,0.02,0.0664
20:48:08.901,6617.7171,330717,8.44,-1.775,4.222,-0.895,0.0728,0.0159,-1.0984,0.01998,-0.11858,0.00466,0.9946,-0.0134,-0.0063,-0.05929,0.01199,-0.02292,0.563,0.17064,-0.80865,-0.00026,0.70344,-0.00766,-0.71071,0.00031,50.25,52.9,0.02,0.076
20:48:08.902,6617.7371,330718,8.373,-1.777,4.244,-0.9,0.0842,0.0278,-1.1038,0.02025,-0.11551,0.0044,1.0156,-0.0168,-0.0254,-0.05929,0.00946,-0.02411,0.5627,0.17066,-0.80885,-0.00028,0.70276,-0.00792,-0.71139,0.00056,50.26,52.9,0.02,0.068
20:48:08.916,6617.7571,330719,8.536,-1.788,4.267,-0.904,0.0681,0.0125,-1.0969,0.02372,-0.11738,0.00333,1.0073,-0.0098,0.002,-0.05849,0.01399,-0.02651,0.56237,0.17071,-0.80907,-0.00028,0.7035,-0.0078,-0.71065,0.00044,50.26,52.9,0.02,0.0745
20:48:08.931,6617.7771,330720,8.471,-1.81,4.289,-0.909,0.0784,0.0181,-1.1082,0.02212,-0.11751,0.00413,1.0088,-0.0093,-0.0139,-0.05849,0.01252,-0.02531,0.56204,0.17076,-0.80929,-0.00028,0.70283,-0.00737,-0.71132,-0.0,50.25,52.91,0.02,0.0733
20:48:08.946,6617.7971,330721,8.636,-1.813,4.311,-0.914,0.0742,0.0173,-1.1038,0.02305,-0.11778,0.00373,1.0066,-0.0115,-0.0085,-0.05849,0.01266,-0.02545,0.56171,0.1708,-0.80951,-0.00028,0.70357,-0.00758,-0.71059,0.00022,50.25,52.91,0.02,0.075
20:48:09.006,6617.8171,330722,8.582,-1.807,4.334,-0.918,0.0742,0.0144,-1.1038,0.02225,-0.11858,0.00346,1.0029,-0.0117,-0.0107,-0.05875,0.01266,-0.02518,0.56138,0.17085,-0.80973,-0.00028,0.70293,-0.00822,-0.71121,0.00086,50.26,52.91,0.02,0.0777
20:48:09.007,6617.8371,330723,8.51,-1.826,4.355,-0.923,0.0793,0.0208,-1.1042,0.02332,-0.11924,0.0036,1.0066,-0.011,-0.0156,-0.05836,0.01199,-0.02465,0.56105,0.1709,-0.80995,-0.00028,0.70222,-0.00788,-0.71191,0.00051,50.26,52.9,0.02,0.0749
20:48:09.008,6617.8571,330724,8.648,-1.851,4.377,-0.928,0.0723,0.0139,-1.1079,0.02292,-0.11711,0.00253,1.0107,-0.0063,-0.0081,-0.05849,0.01306,-0.02638,0.56072,0.17094,-0.81017,-0.00028,0.70282,-0.0073,-0.71133,-7e-05,50.24,52.92,0.02,0.0719
20:48:09.036,6617.8771,330725,8.627,-1.835,4.399,-0.932,0.0725,0.0186,-1.1006,0.02118,-0.11684,0.00426,1.0059,-0.0144,-0.0142,-0.05875,0.01212,-0.02531,0.5604,0.17097,-0.81038,-0.00029,0.70239,-0.00818,-0.71175,0.00081,50.26,52.92,0.02,0.0754
20:48:09.052,6617.8971,330726,8.649,-1.819,4.42,-0.937,0.0784,0.0183,-1.1011,0.02265,-0.11738,0.00373,1.0117,-0.0142,-0.0137,-0.05809,0.01266,-0.02558,0.56007,0.17102,-0.8106,-0.00029,0.70222,-0.00915,-0.7119,0.0018,50.25,52.91,0.02,0.0711
20:48:09.066,6617.9171,330727,8.806,-1.837,4.443,-0.941,0.0759,0.0122,-1.1025,0.02358,-0.11831,0.00306,1.0066,-0.011,-0.0054,-0.05782,0.01319,-0.02558,0.55974,0.17107,-0.81082,-0.00029,0.70292,-0.00877,-0.71121,0.00142,50.25,52.9,0.02,0.075
20:48:09.127,6617.9371,330728,8.728,-1.851,4.464,-0.946,0.072,0.0159,-1.0977,0.02225,-0.11831,0.00466,1.0059,-0.0142,-0.0137,-0.05955,0.01212,-0.02518,0.55941,0.17111,-0.81104,-0.00029,0.70217,-0.00868,-0.71196,0.00132,50.25,52.9,0.02,0.0754
20:48:09.128,6617.9571,330729,8.802,-1.885,4.486,-0.951,0.0752,0.0173,-1.1091,0.02212,-0.11738,0.00373,1.0144,-0.0088,-0.0129,-0.05915,0.01319,-0.02585,0.55908,0.17116,-0.81126,-0.00029,0.70238,-0.00775,-0.71176,0.00038,50.27,52.9,0.02,0.0691
20:48:09.130,6617.9771,330730,8.739,-1.908,4.507,-0.956,0.0708,0.0139,-1.1042,0.02278,-0.11778,0.00306,1.0093,-0.0105,-0.0149,-0.05942,0.01292,-0.02545,0.55875,0.1712,-0.81148,-0.00029,0.70172,-0.00729,-0.71241,-9e-05,50.27,52.92,0.02,0.0729
20:48:09.171,6617.9971,330731,8.896,-1.922,4.529,-0.96,0.0725,0.0151,-1.0979,0.02252,-0.11711,0.0044,1.0117,-0.01,-0.0144,-0.05862,0.01199,-0.02518,0.55842,0.17125,-0.81169,-0.00029,0.70243,-0.00712,-0.71172,-0.00026,50.24,52.91,0.02,0.0711
20:48:09.172,6618.0171,330732,9.062,-1.932,4.551,-0.965,0.0757,0.0183,-1.1072,0.02265,-0.11738,0.00373,1.0068,-0.0095,-0.009,-0.05849,0.01252,-0.02558,0.55808,0.1713,-0.81191,-0.00029,0.70318,-0.00708,-0.71097,-0.0003,50.26,52.92,0.02,0.0748
20:48:09.186,6618.0371,330733,9.151,-1.915,4.574,-0.97,0.074,0.0195,-1.1042,0.02252,-0.11751,0.0036,1.011,-0.0132,-0.0103,-0.05862,0.01266,-0.02491,0.55775,0.17134,-0.81213,-0.00029,0.70342,-0.00803,-0.71073,0.00066,50.26,52.91,0.02,0.0716
20:48:09.231,6618.0571,330734,9.196,-1.953,4.596,-0.975,0.0757,0.0144,-1.1025,0.02305,-0.11871,0.00386,1.011,-0.0066,-0.0103,-0.05889,0.01332,-0.02531,0.55742,0.17139,-0.81235,-0.00029,0.70346,-0.00702,-0.7107,-0.00035,50.25,52.91,0.02,0.0717
20:48:09.232,6618.0771,330735,9.307,-1.939,4.619,-0.979,0.0754,0.0168,-1.0996,0.02318,-0.11884,0.00346,1.0117,-0.0137,-0.0085,-0.05902,0.01306,-0.02558,0.55709,0.17143,-0.81256,-0.00029,0.70385,-0.00786,-0.71031,0.0005,50.25,52.92,0.02,0.0711
20:48:09.246,6618.0971,330736,9.238,-1.951,4.641,-0.984,0.0771,0.0142,-1.0999,0.02185,-0.11751,0.00413,1.0132,-0.0117,-0.0127,-0.05862,0.01226,-0.02518,0.55676,0.17148,-0.81278,-0.00029,0.70314,-0.00782,-0.71101,0.00045,50.26,52.91,0.02,0.07
20:48:09.307,6618.1171,330737,9.407,-1.959,4.664,-0.989,0.0745,0.0193,-1.0986,0.02225,-0.11711,0.00413,1.0046,-0.0117,-0.0093,-0.05849,0.01306,-0.02505,0.55643,0.17153,-0.813,-0.00029,0.70391,-0.00781,-0.71024,0.00045,50.25,52.91,0.02,0.0765
20:48:09.310,6618.1371,330738,9.334,-1.97,4.686,-0.993,0.0781,0.011,-1.1042,0.02172,-0.11818,0.00453,1.0093,-0.0117,-0.0122,-0.05862,0.01252,-0.02598,0.5561,0.17157,-0.81322,-0.00029,0.70318,-0.00781,-0.71097,0.00044,50.26,52.91,0.02,0.0729
20:48:09.312,6618.1571,330739,9.339,-1.952,4.709,-0.998,0.0747,0.0173,-1.1018,0.02305,-0.11818,0.00426,1.0066,-0.0154,-0.0122,-0.05822,0.01252,-0.02545,0.55576,0.17162,-0.81343,-0.00029,0.7029,-0.00879,-0.71123,0.00143,50.26,52.92,0.02,0.0749
20:48:09.351,6618.1771,330740,9.389,-1.99,4.731,-1.003,0.0759,0.0173,-1.103,0.02278,-0.11924,0.004,1.0112,-0.0103,-0.0117,-0.05849,0.01239,-0.02478,0.55543,0.17166,-0.81365,-0.00029,0.70297,-0.00779,-0.71118,0.00042,50.25,52.91,0.02,0.0715
20:48:09.353,6618.1971,330741,9.33,-2.015,4.753,-1.007,0.0769,0.0166,-1.1003,0.02252,-0.11871,0.00306,1.0098,-0.0105,-0.0132,-0.05915,0.01226,-0.02571,0.5551,0.17171,-0.81387,-0.00029,0.70234,-0.00729,-0.71181,-0.0001,50.27,52.91,0.02,0.0725
20:48:09.367,6618.2171,330742,9.492,-2.025,4.775,-1.012,0.0725,0.0154,-1.1021,0.02305,-0.11818,0.0044,1.009,-0.01,-0.0098,-0.05875,0.01226,-0.02451,0.55477,0.17175,-0.81408,-0.00029,0.70307,-0.00724,-0.71108,-0.00013,50.25,52.9,0.02,0.0732
20:48:09.412,6618.2371,330743,9.421,-2.033,4.796,-1.017,0.0764,0.0171,-1.1047,0.02358,-0.11871,0.00453,1.01,-0.0105,-0.0142,-0.05849,0.01199,-0.02518,0.55444,0.1718,-0.8143,-0.00029,0.70235,-0.00736,-0.71179,-3e-05,50.27,52.91,0.02,0.0724
20:48:09.415,6618.2571,330744,9.58,-2.049,4.819,-1.022,0.0754,0.0164,-1.1028,0.02225,-0.11871,0.00506,1.0085,-0.0095,-0.011,-0.05849,0.01306,-0.02518,0.5541,0.17185,-0.81452,-0.00029,0.70307,-0.0071,-0.71109,-0.00028,50.25,52.91,0.02,0.0735
20:48:09.426,6618.2771,330745,9.697,-2.033,4.841,-1.026,0.0776,0.0127,-1.1047,0.02238,-0.11831,0.00253,1.0083,-0.0117,-0.0105,-0.05782,0.01306,-0.02491,0.55377,0.17189,-0.81473,-0.00028,0.70349,-0.00795,-0.71066,0.00059,50.25,52.91,0.02,0.0737
20:48:09.487,6618.2971,330746,9.688,-2.016,4.864,-1.031,0.0759,0.0164,-1.0967,0.02118,-0.11858,0.00346,1.0073,-0.0144,-0.0112,-0.05836,0.01226,-0.02585,0.55344,0.17194,-0.81495,-0.00028,0.70312,-0.00887,-0.71102,0.00151,50.25,52.91,0.02,0.0744
20:48:09.517,6618.3171,330747,9.661,-2.052,4.886,-1.036,0.0757,0.0195,-1.1045,0.02292,-0.11724,0.0044,1.009,-0.0115,-0.0129,-0.05809,0.01199,-0.02545,0.55311,0.17198,-0.81516,-0.00029,0.70271,-0.00802,-0.71143,0.00064,50.26,52.91,0.02,0.0731
20:48:09.530,6618.3371,330748,9.643,-2.089,4.907,-1.04,0.0754,0.0164,-1.1099,0.02185,-0.11738,0.0036,1.0081,-0.01,-0.0134,-0.05942,0.01226,-0.02545,0.55277,0.17203,-0.81538,-0.00029,0.70235,-0.00712,-0.7118,-0.00028,50.25,52.91,0.02,0.0738
20:48:09.546,6618.3571,330749,9.802,-2.085,4.93,-1.045,0.0737,0.0142,-1.1089,0.02305,-0.11778,0.0032,1.0061,-0.0132,-0.0078,-0.05809,0.01239,-0.02558,0.55244,0.17207,-0.8156,-0.00028,0.70304,-0.00753,-0.71111,0.00016,50.24,52.91,0.02,0.0753
20:48:09.547,6618.3771,330750,9.763,-2.075,4.952,-1.05,0.0745,0.0159,-1.0986,0.02411,-0.11858,0.00213,1.0105,-0.0117,-0.0122,-0.05889,0.01212,-0.02491,0.55211,0.17212,-0.81581,-0.00028,0.7025,-0.00821,-0.71164,0.00083,50.25,52.92,0.02,0.072
20:48:09.548,6618.3971,330751,9.726,-2.064,4.973,-1.054,0.075,0.0188,-1.1003,0.02278,-0.11844,0.00346,1.009,-0.0139,-0.0139,-0.05862,0.01279,-0.02585,0.55178,0.17217,-0.81603,-0.00029,0.70196,-0.00892,-0.71216,0.00155,50.25,52.9,0.02,0.0731
20:48:09.606,6618.4171,330752,9.886,-2.08,4.995,-1.059,0.0723,0.0173,-1.0999,0.02318,-0.11804,0.00386,1.0085,-0.0132,-0.0093,-0.05862,0.01266,-0.02585,0.55144,0.17221,-0.81624,-0.00029,0.70269,-0.00869,-0.71145,0.00132,50.25,52.91,0.02,0.0735
20:48:09.608,6618.4371,330753,9.811,-2.084,5.017,-1.064,0.0728,0.0151,-1.1042,0.02372,-0.11724,0.0032,1.0049,-0.0151,-0.0159,-0.05875,0.01252,-0.02545,0.55111,0.17226,-0.81646,-0.00029,0.70193,-0.0089,-0.71219,0.00153,50.25,52.89,0.02,0.0761
20:48:09.612,6618.4571,330754,9.876,-2.122,5.038,-1.068,0.0774,0.0149,-1.1021,0.02372,-0.11831,0.00373,1.0137,-0.0085,-0.0137,-0.05902,0.01266,-0.02585,0.55078,0.1723,-0.81667,-0.00028,0.7021,-0.00795,-0.71204,0.00057,50.25,52.91,0.02,0.0696
20:48:09.636,6618.4771,330755,9.986,-2.158,5.06,-1.073,0.0759,0.0159,-1.1062,0.02225,-0.11898,0.00333,1.0083,-0.0081,-0.0122,-0.05822,0.01332,-0.02611,0.55044,0.17235,-0.81689,-0.00028,0.70253,-0.00711,-0.71162,-0.00028,50.26,52.9,0.02,0.0737
20:48:09.651,6618.4971,330756,10.013,-2.136,5.082,-1.078,0.0759,0.0193,-1.103,0.02278,-0.11831,0.0036,1.0088,-0.0144,-0.0137,-0.05849,0.01252,-0.02531,0.55011,0.17239,-0.8171,-0.00029,0.70238,-0.00812,-0.71175,0.00074,50.25,52.91,0.02,0.0733
20:48:09.666,6618.5171,330757,10.17,-2.148,5.104,-1.083,0.0723,0.0171,-1.1089,0.02345,-0.11884,0.00346,1.0125,-0.012,-0.009,-0.05836,0.01306,-0.02518,0.54978,0.17244,-0.81732,-0.00029,0.70309,-0.00802,-0.71106,0.00064,50.26,52.9,0.02,0.0705
20:48:09.711,6618.5371,330758,10.202,-2.126,5.126,-1.087,0.0769,0.0215,-1.1074,0.02278,-0.11751,0.00373,1.009,-0.0129,-0.0115,-0.05849,0.01266,-0.02571,0.54944,0.17249,-0.81753,-0.00029,0.70297,-0.00903,-0.71116,0.00167,50.26,52.91,0.02,0.0731
20:48:09.713,6618.5571,330759,10.274,-2.166,5.149,-1.092,0.0723,0.0139,-1.1055,0.02318,-0.11831,0.004,1.0112,-0.0115,-0.011,-0.05822,0.01252,-0.02611,0.54911,0.17253,-0.81775,-0.00029,0.70318,-0.00807,-0.71097,0.00069,50.25,52.92,0.02,0.0715
20:48:09.741,6618.5771,330760,10.281,-2.207,5.171,-1.097,0.0759,0.0193,-1.1074,0.02292,-0.11831,0.00333,1.0085,-0.0098,-0.0117,-0.05796,0.01252,-0.02545,0.54878,0.17258,-0.81796,-0.00029,0.70298,-0.00707,-0.71118,-0.00031,50.24,52.89,0.02,0.0735
20:48:09.756,6618.5971,330761,10.206,-2.212,5.193,-1.101,0.0791,0.0168,-1.1099,0.02278,-0.11778,0.00493,1.0061,-0.0105,-0.0159,-0.05862,0.01239,-0.02571,0.54844,0.17262,-0.81818,-0.00029,0.70223,-0.00725,-0.71191,-0.00014,50.25,52.9,0.02,0.0753
20:48:09.771,6618.6171,330762,10.363,-2.216,5.215,-1.106,0.0771,0.0181,-1.1067,0.02305,-0.11911,0.00346,1.0132,-0.0117,-0.0071,-0.05836,0.01319,-0.02571,0.54811,0.17267,-0.81839,-0.00029,0.70292,-0.0074,-0.71123,2e-05,50.25,52.91,0.02,0.07
20:48:09.787,6618.6371,330763,10.523,-2.216,5.238,-1.111,0.0764,0.0178,-1.1057,0.02292,-0.11751,0.00346,1.0093,-0.0112,-0.0103,-0.05756,0.01279,-0.02531,0.54778,0.17271,-0.8186,-0.00029,0.70363,-0.00768,-0.71053,0.00031,50.26,52.9,0.02,0.0729
20:48:09.846,6618.6571,330764,10.625,-2.255,5.261,-1.116,0.0728,0.0134,-1.1064,0.02318,-0.11818,0.00333,1.0051,-0.0059,-0.0076,-0.05849,0.01279,-0.02585,0.54744,0.17276,-0.81882,-0.00029,0.70402,-0.00676,-0.71015,-0.00062,50.26,52.89,0.02,0.0761
20:48:09.847,6618.6771,330765,10.55,-2.257,5.283,-1.121,0.074,0.0183,-1.104,0.02318,-0.11884,0.00293,1.0039,-0.0107,-0.0146,-0.05822,0.01292,-0.02518,0.54711,0.1728,-0.81903,-0.00029,0.70327,-0.00702,-0.71089,-0.00036,50.25,52.91,0.02,0.077
20:48:09.850,6618.6971,330766,10.709,-2.253,5.306,-1.125,0.0781,0.0154,-1.1077,0.02252,-0.11964,0.00213,1.0085,-0.0117,-0.0071,-0.05836,0.01346,-0.02518,0.54676,0.17286,-0.81925,-0.0003,0.70395,-0.00741,-0.71021,4e-05,50.24,52.9,0.02,0.0736
20:48:09.876,6618.7171,330767,10.663,-2.242,5.328,-1.13,0.073,0.0176,-1.0999,0.02292,-0.11871,0.0032,1.0059,-0.0146,-0.0125,-0.05849,0.01266,-0.02545,0.54643,0.1729,-0.81946,-0.0003,0.70336,-0.00809,-0.71079,0.00072,50.26,52.9,0.02,0.0754
20:48:09.951,6618.7371,330768,10.59,-2.255,5.35,-1.135,0.0774,0.0173,-1.1052,0.02252,-0.11818,0.00346,1.0098,-0.012,-0.0144,-0.05889,0.01292,-0.02651,0.54609,0.17295,-0.81968,-0.0003,0.70263,-0.008,-0.71151,0.00062,50.25,52.9,0.02,0.0725
20:48:09.966,6618.7571,330769,10.735,-2.282,5.373,-1.14,0.0728,0.0178,-1.103,0.02212,-0.11898,0.00506,1.0078,-0.0107,-0.011,-0.05849,0.01346,-0.02531,0.54575,0.17298,-0.8199,-0.0003,0.70327,-0.00744,-0.71089,6e-05,50.26,52.91,0.02,0.0741
20:48:09.967,6618.7771,330770,10.728,-2.324,5.395,-1.144,0.0715,0.0139,-1.106,0.02212,-0.11778,0.00213,1.0066,-0.0085,-0.0115,-0.05849,0.01292,-0.02531,0.54542,0.17302,-0.82011,-0.0003,0.70299,-0.00646,-0.71117,-0.00093,50.25,52.91,0.02,0.075
20:48:09.997,6618.7971,330771,10.886,-2.323,5.418,-1.149,0.0745,0.0151,-1.1042,0.02345,-0.11778,0.00333,1.0105,-0.0085,-0.0103,-0.05836,0.01412,-0.02665,0.54508,0.17307,-0.82032,-0.0003,0.70368,-0.00677,-0.71049,-0.00062,50.25,52.91,0.02,0.0721
20:48:10.072,6618.8171,330772,10.813,-2.33,5.44,-1.154,0.0779,0.0166,-1.1057,0.02425,-0.11778,0.00373,1.009,-0.0093,-0.0144,-0.05875,0.01386,-0.02585,0.54475,0.17311,-0.82054,-0.0003,0.70294,-0.00686,-0.71121,-0.00053,50.24,52.91,0.02,0.0731
20:48:10.131,6618.8371,330773,10.969,-2.323,5.463,-1.159,0.0747,0.0159,-1.1082,0.02225,-0.11738,0.00373,1.0059,-0.0115,-0.0085,-0.05862,0.01239,-0.02625,0.54441,0.17316,-0.82075,-0.0003,0.70361,-0.00736,-0.71055,-1e-05,50.25,52.91,0.02,0.0755
20:48:10.176,6618.8571,330774,10.934,-2.308,5.485,-1.164,0.0759,0.0173,-1.1001,0.02252,-0.11898,0.00373,1.0068,-0.0144,-0.0127,-0.05809,0.01226,-0.02505,0.54408,0.1732,-0.82096,-0.0003,0.70308,-0.00812,-0.71106,0.00074,50.27,52.9,0.02,0.0748
20:48:10.222,6618.8771,330775,11.0,-2.351,5.507,-1.169,0.0771,0.0127,-1.1057,0.02292,-0.11871,0.00346,1.0105,-0.0083,-0.0107,-0.05862,0.01252,-0.02558,0.54374,0.17324,-0.82118,-0.0003,0.70326,-0.00714,-0.7109,-0.00025,50.25,52.9,0.02,0.0721
20:48:10.225,6618.8971,330776,10.964,-2.338,5.529,-1.173,0.075,0.0156,-1.1008,0.02385,-0.11871,0.00346,1.011,-0.0127,-0.0132,-0.05836,0.01292,-0.02611,0.54341,0.17329,-0.82139,-0.0003,0.70273,-0.00782,-0.71141,0.00044,50.24,52.91,0.02,0.0716
20:48:10.252,6618.9171,330777,11.113,-2.328,5.552,-1.178,0.0747,0.0164,-1.1086,0.02332,-0.11791,0.00306,1.0083,-0.0144,-0.0095,-0.05849,0.01279,-0.02585,0.54307,0.17333,-0.8216,-0.0003,0.70335,-0.00838,-0.71079,0.00101,50.26,52.91,0.02,0.0737
20:48:10.297,6618.9371,330778,11.04,-2.327,5.574,-1.183,0.0757,0.0161,-1.0977,0.02398,-0.11818,0.00346,1.0024,-0.0139,-0.012,-0.05929,0.01359,-0.02598,0.54274,0.17338,-0.82181,-0.0003,0.70261,-0.00873,-0.71152,0.00136,50.26,52.9,0.02,0.0781
20:48:10.326,6618.9571,330779,11.193,-2.35,5.596,-1.187,0.0759,0.0132,-1.1021,0.02385,-0.11898,0.0036,1.0076,-0.0117,-0.0083,-0.05902,0.01266,-0.02571,0.5424,0.17342,-0.82202,-0.0003,0.7033,-0.00832,-0.71084,0.00095,50.25,52.89,0.02,0.0742
20:48:10.371,6618.9771,330780,11.292,-2.389,5.619,-1.192,0.0737,0.0156,-1.1025,0.02332,-0.11751,0.004,1.01,-0.0076,-0.0085,-0.05822,0.01279,-0.02571,0.54207,0.17347,-0.82224,-0.0003,0.70367,-0.00744,-0.71049,7e-05,50.24,52.92,0.02,0.0725
20:48:10.372,6618.9971,330781,11.256,-2.374,5.642,-1.197,0.0752,0.0173,-1.1052,0.02318,-0.11684,0.004,1.0068,-0.0127,-0.0112,-0.05782,0.01199,-0.02491,0.54173,0.17351,-0.82245,-0.0003,0.70314,-0.0082,-0.711,0.00082,50.25,52.91,0.02,0.0748
20:48:10.375,6619.0171,330782,11.187,-2.396,5.663,-1.201,0.0723,0.0164,-1.1038,0.02212,-0.11738,0.00386,1.0088,-0.0122,-0.0125,-0.05902,0.01279,-0.02505,0.5414,0.17356,-0.82266,-0.0003,0.70245,-0.00786,-0.71169,0.00047,50.25,52.9,0.02,0.0733
20:48:10.377,6619.0371,330783,11.345,-2.413,5.686,-1.206,0.072,0.0159,-1.1055,0.02225,-0.11924,0.0032,1.0093,-0.0105,-0.0093,-0.05809,0.01239,-0.02545,0.54106,0.1736,-0.82287,-0.0003,0.70316,-0.00761,-0.71099,0.00024,50.25,52.91,0.02,0.073
20:48:10.378,6619.0571,330784,11.458,-2.394,5.708,-1.211,0.0752,0.0176,-1.1096,0.02212,-0.11911,0.00306,1.0117,-0.0139,-0.01,-0.05849,0.01266,-0.02598,0.54073,0.17365,-0.82308,-0.0003,0.70355,-0.00845,-0.71059,0.00108,50.25,52.91,0.02,0.0711
20:48:10.387,6619.0771,330785,11.423,-2.432,5.731,-1.216,0.0769,0.0168,-1.0991,0.02252,-0.11791,0.004,1.0085,-0.012,-0.011,-0.05889,0.01306,-0.02491,0.54039,0.17369,-0.82329,-0.0003,0.70309,-0.00765,-0.71106,0.00027,50.26,52.92,0.02,0.0735
20:48:10.388,6619.0971,330786,11.58,-2.447,5.754,-1.22,0.0762,0.0127,-1.1003,0.02292,-0.11831,0.00346,1.0112,-0.011,-0.0103,-0.05836,0.01332,-0.02585,0.54005,0.17374,-0.8235,-0.0003,0.7038,-0.00748,-0.71036,0.00011,50.27,52.9,0.02,0.0715
20:48:10.417,6619.1171,330787,11.514,-2.449,5.776,-1.225,0.0745,0.0193,-1.0996,0.02278,-0.11818,0.00346,1.0115,-0.0117,-0.0122,-0.05849,0.01279,-0.02518,0.53972,0.17378,-0.82371,-0.0003,0.7031,-0.00771,-0.71105,0.00033,50.26,52.9,0.02,0.0713
20:48:10.418,6619.1371,330788,11.465,-2.438,5.798,-1.23,0.0742,0.0212,-1.1047,0.02278,-0.11871,0.00386,1.0078,-0.0146,-0.0146,-0.05862,0.01239,-0.02558,0.53938,0.17383,-0.82392,-0.0003,0.70249,-0.00832,-0.71165,0.00094,50.25,52.91,0.02,0.074
20:48:10.422,6619.1571,330789,11.606,-2.466,5.82,-1.235,0.0784,0.0151,-1.1011,0.02252,-0.11884,0.0044,1.0107,-0.0107,-0.0103,-0.05849,0.01332,-0.02558,0.53905,0.17387,-0.82413,-0.0003,0.70311,-0.00779,-0.71104,0.00041,50.25,52.91,0.02,0.0719
20:48:10.423,6619.1771,330790,11.766,-2.468,5.843,-1.239,0.0776,0.0137,-1.1055,0.02278,-0.11764,0.00333,1.0103,-0.0122,-0.0095,-0.05902,0.01292,-0.02531,0.53871,0.17391,-0.82434,-0.0003,0.70382,-0.00798,-0.71034,0.00061,50.25,52.9,0.02,0.0722
20:48:10.461,6619.1971,330791,11.698,-2.469,5.865,-1.244,0.0764,0.0168,-1.0999,0.02212,-0.11871,0.0028,1.009,-0.0139,-0.0139,-0.05915,0.01332,-0.02638,0.53837,0.17396,-0.82456,-0.0003,0.70311,-0.00825,-0.71104,0.00088,50.26,52.89,0.02,0.0731
20:48:10.462,6619.2171,330792,11.674,-2.511,5.887,-1.249,0.0781,0.0166,-1.1038,0.02305,-0.11818,0.00373,1.0063,-0.0081,-0.0134,-0.05915,0.01212,-0.02571,0.53804,0.174,-0.82477,-0.0003,0.70272,-0.00735,-0.71143,-4e-05,50.23,52.9,0.02,0.0752
20:48:10.463,6619.2371,330793,11.832,-2.503,5.91,-1.254,0.0798,0.0198,-1.1064,0.02278,-0.11804,0.0028,1.0039,-0.0129,-0.009,-0.05809,0.01226,-0.02585,0.5377,0.17405,-0.82498,-0.0003,0.7034,-0.00785,-0.71075,0.00048,50.26,52.91,0.02,0.077
20:48:10.467,6619.2571,330794,11.997,-2.509,5.933,-1.258,0.0737,0.0178,-1.1038,0.02238,-0.11818,0.0028,1.0078,-0.0122,-0.0068,-0.05875,0.01226,-0.02505,0.53737,0.17409,-0.82518,-0.0003,0.70414,-0.00792,-0.71001,0.00055,50.27,52.91,0.02,0.0741
20:48:10.468,6619.2771,330795,11.932,-2.532,5.955,-1.263,0.0764,0.0178,-1.1047,0.02198,-0.11724,0.00413,1.0122,-0.01,-0.0125,-0.05849,0.01212,-0.02531,0.53703,0.17414,-0.82539,-0.0003,0.70348,-0.00758,-0.71068,0.00021,50.25,52.91,0.02,0.0708
20:48:10.475,6619.2971,330796,12.041,-2.509,5.978,-1.268,0.0754,0.0137,-1.1101,0.02278,-0.11858,0.00333,1.0093,-0.0144,-0.009,-0.05862,0.01292,-0.02571,0.53669,0.17418,-0.8256,-0.0003,0.70384,-0.00847,-0.71031,0.00111,50.27,52.9,0.02,0.0729
20:48:10.491,6619.3171,330797,12.056,-2.554,6.001,-1.273,0.0764,0.0156,-1.1045,0.02185,-0.11871,0.00333,1.0127,-0.0105,-0.0098,-0.05862,0.01292,-0.02531,0.53636,0.17423,-0.82581,-0.0003,0.7037,-0.0075,-0.71046,0.00013,50.27,52.91,0.02,0.0704
20:48:10.492,6619.3371,330798,12.011,-2.542,6.023,-1.277,0.073,0.0146,-1.1011,0.02212,-0.11751,0.00373,1.0098,-0.0122,-0.011,-0.05889,0.01332,-0.02585,0.53602,0.17427,-0.82602,-0.0003,0.70311,-0.00812,-0.71103,0.00074,50.24,52.91,0.02,0.0725
20:48:10.506,6619.3571,330799,12.026,-2.588,6.045,-1.282,0.0752,0.0171,-1.0977,0.02225,-0.11818,0.00466,1.0103,-0.0103,-0.0117,-0.05809,0.01266,-0.02571,0.53568,0.17431,-0.82623,-0.0003,0.70297,-0.00712,-0.71118,-0.00026,50.24,52.91,0.02,0.0722
20:48:10.566,6619.3771,330800,12.035,-2.563,6.068,-1.287,0.075,0.0142,-1.0967,0.02305,-0.11818,0.00373,1.0083,-0.0139,-0.0129,-0.05836,0.01266,-0.02558,0.53534,0.17436,-0.82644,-0.0003,0.70271,-0.00809,-0.71143,0.00071,50.25,52.91,0.02,0.0736
20:48:10.567,6619.3971,330801,12.202,-2.572,6.09,-1.292,0.0752,0.0183,-1.1042,0.02278,-0.11791,0.00306,1.0061,-0.0125,-0.0081,-0.05822,0.01279,-0.02491,0.53501,0.1744,-0.82665,-0.0003,0.70346,-0.00809,-0.71069,0.00072,50.26,52.89,0.02,0.0753
20:48:10.570,6619.4171,330802,12.138,-2.602,6.112,-1.296,0.0771,0.0212,-1.1055,0.02318,-0.11764,0.00413,1.0066,-0.0105,-0.0127,-0.05822,0.01346,-0.02558,0.53467,0.17445,-0.82686,-0.0003,0.70282,-0.00756,-0.71133,0.00017,50.25,52.91,0.02,0.0749
20:48:10.596,6619.4371,330803,12.086,-2.594,6.134,-1.301,0.0774,0.0183,-1.1006,0.02332,-0.11791,0.0044,1.0107,-0.0129,-0.0146,-0.05836,0.01292,-0.02585,0.53433,0.17449,-0.82707,-0.0003,0.70219,-0.00806,-0.71194,0.00068,50.25,52.91,0.02,0.0718
20:48:10.611,6619.4571,330804,12.051,-2.576,6.156,-1.306,0.0762,0.0132,-1.1033,0.02318,-0.11791,0.0032,1.0073,-0.0137,-0.0149,-0.05862,0.01292,-0.02598,0.534,0.17453,-0.82728,-0.0003,0.70166,-0.00881,-0.71246,0.00143,50.25,52.9,0.02,0.0744
20:48:10.626,6619.4771,330805,12.192,-2.605,6.177,-1.31,0.0713,0.0173,-1.1023,0.02332,-0.11724,0.004,1.0107,-0.012,-0.0125,-0.05875,0.01306,-0.02545,0.53366,0.17458,-0.82748,-0.0003,0.70228,-0.00828,-0.71185,0.0009,50.26,52.91,0.02,0.0719
20:48:10.656,6619.4971,330806,12.284,-2.579,6.2,-1.315,0.0754,0.0173,-1.1001,0.02278,-0.11764,0.00373,1.011,-0.0144,-0.0134,-0.05889,0.01186,-0.02558,0.53332,0.17462,-0.82769,-0.0003,0.70253,-0.00922,-0.71159,0.00186,50.25,52.9,0.02,0.0716
20:48:10.671,6619.5171,330807,12.286,-2.626,6.221,-1.32,0.074,0.0181,-1.1062,0.02265,-0.11751,0.00386,1.0078,-0.0125,-0.0137,-0.05822,0.01239,-0.02545,0.53298,0.17467,-0.8279,-0.0003,0.70231,-0.00823,-0.71182,0.00085,50.26,52.9,0.02,0.074
20:48:10.686,6619.5371,330808,12.214,-2.636,6.243,-1.325,0.0732,0.0154,-1.1035,0.02278,-0.11804,0.004,1.0107,-0.0129,-0.0164,-0.05836,0.01319,-0.02585,0.53265,0.17471,-0.82811,-0.0003,0.70159,-0.00824,-0.71253,0.00085,50.26,52.9,0.02,0.0718
20:48:10.716,6619.5571,330809,12.379,-2.647,6.265,-1.329,0.0813,0.0168,-1.0994,0.02278,-0.11751,0.00386,1.0078,-0.0127,-0.0105,-0.05822,0.01292,-0.02598,0.53231,0.17476,-0.82832,-0.0003,0.70234,-0.0082,-0.7118,0.00082,50.25,52.92,0.02,0.074
20:48:10.746,6619.5771,330810,12.447,-2.696,6.287,-1.334,0.0789,0.0173,-1.103,0.02212,-0.11684,0.00426,1.0051,-0.0083,-0.0127,-0.05862,0.01292,-0.02585,0.53197,0.1748,-0.82852,-0.0003,0.70253,-0.00717,-0.71162,-0.00022,50.26,52.91,0.02,0.0761
20:48:10.747,6619.5971,330811,12.6,-2.723,6.309,-1.339,0.0754,0.0168,-1.1067,0.02265,-0.11778,0.00413,1.0059,-0.009,-0.0117,-0.05862,0.01399,-0.02545,0.53163,0.17484,-0.82873,-0.0003,0.70322,-0.00673,-0.71094,-0.00066,50.24,52.91,0.02,0.0755
20:48:10.777,6619.6171,330812,12.755,-2.713,6.332,-1.344,0.0776,0.0203,-1.1038,0.02292,-0.11911,0.00306,1.0066,-0.0103,-0.0088,-0.05875,0.01332,-0.02505,0.53129,0.17489,-0.82894,-0.0003,0.70388,-0.00723,-0.71028,-0.00015,50.26,52.89,0.02,0.075
20:48:10.791,6619.6371,330813,12.739,-2.689,6.355,-1.349,0.0735,0.0188,-1.1028,0.02318,-0.11738,0.0024,1.0059,-0.0125,-0.0103,-0.05862,0.01346,-0.02611,0.53096,0.17493,-0.82915,-0.0003,0.70347,-0.00812,-0.71068,0.00074,50.26,52.9,0.02,0.0755
20:48:10.807,6619.6571,330814,12.722,-2.666,6.377,-1.353,0.0696,0.0176,-1.1038,0.02252,-0.11764,0.0032,1.0083,-0.0149,-0.0115,-0.05902,0.01332,-0.02598,0.53062,0.17498,-0.82935,-0.0003,0.70304,-0.00897,-0.71109,0.0016,50.25,52.91,0.02,0.0736
20:48:10.896,6619.6771,330815,12.785,-2.715,6.399,-1.358,0.0745,0.0178,-1.1018,0.02238,-0.11724,0.00373,1.0095,-0.0095,-0.0107,-0.05889,0.01172,-0.02545,0.53028,0.17502,-0.82956,-0.0003,0.7032,-0.00797,-0.71095,0.00059,50.26,52.9,0.02,0.0728
20:48:10.897,6619.6971,330816,12.841,-2.761,6.422,-1.363,0.0737,0.0149,-1.0989,0.02332,-0.11831,0.00306,1.0171,-0.0083,-0.0107,-0.05862,0.01186,-0.02598,0.52994,0.17506,-0.82977,-0.0003,0.70332,-0.00704,-0.71084,-0.00035,50.26,52.91,0.02,0.0671
20:48:10.900,6619.7171,330817,12.781,-2.752,6.444,-1.368,0.0764,0.0173,-1.1016,0.02332,-0.11858,0.00333,1.0068,-0.0107,-0.0125,-0.05822,0.01292,-0.02505,0.5296,0.17511,-0.82997,-0.0003,0.70265,-0.00752,-0.7115,0.00012,50.26,52.9,0.02,0.0748
20:48:10.903,6619.7371,330818,12.916,-2.734,6.466,-1.372,0.0776,0.0146,-1.1055,0.02265,-0.11738,0.00266,1.009,-0.0132,-0.011,-0.05862,0.01292,-0.02531,0.52926,0.17515,-0.83018,-0.0003,0.70317,-0.00823,-0.71097,0.00086,50.24,52.9,0.02,0.0731
20:48:10.904,6619.7571,330819,13.055,-2.766,6.489,-1.377,0.0737,0.0166,-1.1018,0.02265,-0.11698,0.00413,1.0083,-0.0095,-0.0076,-0.05889,0.01292,-0.02558,0.52893,0.1752,-0.83039,-0.0003,0.70379,-0.00765,-0.71037,0.00027,50.25,52.92,0.02,0.0737
20:48:10.941,6619.7771,330820,12.986,-2.768,6.511,-1.382,0.0774,0.0168,-1.0996,0.02292,-0.11791,0.00386,1.0095,-0.012,-0.012,-0.05849,0.01319,-0.02598,0.52859,0.17524,-0.83059,-0.0003,0.70307,-0.00786,-0.71108,0.00048,50.26,52.9,0.02,0.0728
20:48:10.971,6619.7971,330821,13.14,-2.76,6.534,-1.387,0.0784,0.012,-1.1064,0.02252,-0.11871,0.0024,1.0095,-0.0134,-0.0093,-0.05889,0.01306,-0.02611,0.52825,0.17528,-0.8308,-0.0003,0.70372,-0.00831,-0.71042,0.00094,50.25,52.91,0.02,0.0728
20:48:10.973,6619.8171,330822,13.296,-2.755,6.557,-1.391,0.0793,0.0176,-1.1035,0.02212,-0.11818,0.0032,1.0107,-0.0139,-0.0083,-0.05862,0.01292,-0.02545,0.52791,0.17533,-0.83101,-0.0003,0.7044,-0.00866,-0.70975,0.00131,50.24,52.9,0.02,0.0719
20:48:11.017,6619.8371,330823,13.223,-2.769,6.58,-1.396,0.0762,0.0146,-1.104,0.02225,-0.11858,0.00333,1.0098,-0.0137,-0.012,-0.05822,0.01279,-0.02518,0.52757,0.17537,-0.83121,-0.0003,0.70367,-0.00859,-0.71047,0.00122,50.26,52.91,0.02,0.0725
20:48:11.018,6619.8571,330824,13.148,-2.789,6.602,-1.401,0.0745,0.0164,-1.1113,0.02278,-0.11698,0.0036,1.0061,-0.0129,-0.0127,-0.05889,0.01346,-0.02518,0.52723,0.17541,-0.83142,-0.0003,0.70294,-0.00835,-0.7112,0.00097,50.25,52.92,0.02,0.0753
20:48:11.031,6619.8771,330825,13.141,-2.837,6.624,-1.406,0.0735,0.0215,-1.106,0.02278,-0.11844,0.00333,1.009,-0.0095,-0.0129,-0.05862,0.01319,-0.02585,0.52689,0.17546,-0.83162,-0.0003,0.70267,-0.00739,-0.71148,-0.0,50.24,52.91,0.02,0.0732
20:48:11.046,6619.8971,330826,13.308,-2.832,6.647,-1.41,0.0767,0.0161,-1.1047,0.02252,-0.11831,0.00453,1.0029,-0.0117,-0.01,-0.05756,0.01346,-0.02585,0.52655,0.1755,-0.83183,-0.0003,0.70341,-0.00775,-0.71075,0.00037,50.25,52.9,0.02,0.0777
20:48:11.076,6619.9171,330827,13.473,-2.834,6.669,-1.415,0.0789,0.0173,-1.1008,0.02332,-0.11764,0.0032,1.0066,-0.0127,-0.0063,-0.05822,0.01319,-0.02611,0.52621,0.17554,-0.83204,-0.0003,0.70414,-0.00795,-0.71001,0.00058,50.24,52.9,0.02,0.075
20:48:11.092,6619.9371,330828,13.407,-2.835,6.692,-1.42,0.0767,0.0195,-1.1033,0.02332,-0.11884,0.00346,1.0117,-0.0129,-0.0107,-0.05809,0.01279,-0.02531,0.52587,0.17559,-0.83224,-0.0003,0.70345,-0.00819,-0.7107,0.00081,50.26,52.92,0.02,0.0711
20:48:11.122,6619.9571,330829,13.334,-2.853,6.714,-1.425,0.0769,0.0151,-1.1033,0.02278,-0.11844,0.00293,1.009,-0.0112,-0.0159,-0.05822,0.01252,-0.02598,0.52553,0.17563,-0.83245,-0.0003,0.70273,-0.00799,-0.71141,0.0006,50.23,52.9,0.02,0.0731
20:48:11.124,6619.9771,330830,13.478,-2.882,6.737,-1.43,0.0764,0.0171,-1.105,0.02332,-0.11911,0.00293,1.0117,-0.009,-0.0081,-0.05889,0.01332,-0.02611,0.5252,0.17567,-0.83265,-0.0003,0.70336,-0.00752,-0.71079,0.00013,50.25,52.91,0.02,0.0712
20:48:11.151,6619.9971,330831,13.515,-2.931,6.759,-1.435,0.0745,0.0134,-1.1069,0.02198,-0.11778,0.00346,1.0142,-0.0083,-0.0107,-0.05849,0.01319,-0.02571,0.52486,0.17572,-0.83286,-0.0003,0.70337,-0.00655,-0.7108,-0.00085,50.26,52.89,0.02,0.0693
20:48:11.166,6620.0171,330832,13.518,-2.9,6.781,-1.439,0.0779,0.0181,-1.1096,0.02265,-0.11818,0.00386,1.0024,-0.0134,-0.0122,-0.05875,0.01226,-0.02571,0.52452,0.17576,-0.83306,-0.0003,0.70306,-0.00756,-0.71109,0.00017,50.25,52.9,0.02,0.0781
20:48:11.196,6620.0371,330833,13.682,-2.905,6.804,-1.444,0.0801,0.0173,-1.1057,0.02345,-0.11778,0.00426,1.0083,-0.0117,-0.0071,-0.05902,0.01266,-0.02558,0.52418,0.1758,-0.83327,-0.0003,0.70379,-0.00767,-0.71036,0.00029,50.24,52.92,0.02,0.0737
20:48:11.211,6620.0571,330834,13.613,-2.904,6.826,-1.449,0.0767,0.0171,-1.1101,0.02332,-0.11911,0.00306,1.0076,-0.0132,-0.0144,-0.05902,0.01279,-0.02598,0.52384,0.17585,-0.83347,-0.0003,0.70307,-0.00795,-0.71107,0.00057,50.25,52.91,0.02,0.0742
20:48:11.241,6620.0771,330835,13.757,-2.935,6.849,-1.454,0.0757,0.0195,-1.0947,0.02345,-0.11831,0.0028,1.009,-0.0105,-0.0095,-0.05875,0.01279,-0.02518,0.5235,0.17589,-0.83367,-0.0003,0.70371,-0.00743,-0.71045,5e-05,50.24,52.92,0.02,0.0732
20:48:11.256,6620.0971,330836,13.693,-2.928,6.871,-1.459,0.0796,0.0176,-1.1082,0.02185,-0.11778,0.00386,1.0071,-0.011,-0.0103,-0.05915,0.01226,-0.02558,0.52316,0.17593,-0.83388,-0.0003,0.70302,-0.00785,-0.71112,0.00046,50.25,52.92,0.02,0.0746
20:48:11.272,6620.1171,330837,13.74,-2.98,6.894,-1.464,0.0762,0.0176,-1.1003,0.02385,-0.11844,0.00373,1.0093,-0.0098,-0.0115,-0.05875,0.01239,-0.02558,0.52282,0.17598,-0.83408,-0.0003,0.70309,-0.00682,-0.71107,-0.00057,50.25,52.91,0.02,0.0729
20:48:11.285,6620.1371,330838,13.851,-2.955,6.916,-1.468,0.0742,0.0176,-1.1042,0.02265,-0.11911,0.004,1.0115,-0.0168,-0.0081,-0.05875,0.01332,-0.02571,0.52248,0.17602,-0.83429,-0.0003,0.70346,-0.00768,-0.7107,0.00029,50.26,52.9,0.02,0.0712
20:48:11.316,6620.1571,330839,13.784,-2.952,6.938,-1.473,0.0769,0.0188,-1.1052,0.02265,-0.11711,0.004,1.0076,-0.012,-0.012,-0.05875,0.01279,-0.02598,0.52214,0.17606,-0.83449,-0.0003,0.70274,-0.00799,-0.7114,0.0006,50.27,52.9,0.02,0.0742
20:48:11.331,6620.1771,330840,13.745,-2.935,6.96,-1.478,0.0747,0.0161,-1.0942,0.02225,-0.11778,0.0048,1.0117,-0.0139,-0.0139,-0.05836,0.01239,-0.02531,0.5218,0.17611,-0.83469,-0.0003,0.70219,-0.00863,-0.71194,0.00124,50.25,52.9,0.02,0.0711
20:48:11.361,6620.1971,330841,13.908,-2.946,6.982,-1.483,0.0762,0.0164,-1.1064,0.02265,-0.11858,0.0044,1.0083,-0.0139,-0.0115,-0.05862,0.01279,-0.02611,0.52145,0.17615,-0.8349,-0.0003,0.70293,-0.00859,-0.71121,0.00121,50.26,52.9,0.02,0.0737
20:48:11.391,6620.2171,330842,13.932,-3.0,7.005,-1.487,0.073,0.0173,-1.1074,0.02238,-0.11858,0.00373,1.0076,-0.0093,-0.0122,-0.05836,0.01266,-0.02531,0.52111,0.17619,-0.8351,-0.0003,0.70285,-0.00755,-0.71129,0.00016,50.27,52.9,0.02,0.0742
20:48:11.393,6620.2371,330843,14.059,-2.976,7.027,-1.492,0.0759,0.0173,-1.1035,0.02265,-0.11764,0.00333,1.009,-0.0125,-0.0112,-0.05836,0.01292,-0.02505,0.52077,0.17624,-0.83531,-0.00031,0.70332,-0.00834,-0.71082,0.00097,50.24,52.91,0.02,0.0731
20:48:11.406,6620.2571,330844,14.206,-3.005,7.05,-1.497,0.0747,0.0203,-1.1013,0.02198,-0.11738,0.00493,1.0088,-0.0129,-0.0103,-0.05915,0.01199,-0.02545,0.52043,0.17628,-0.83551,-0.00031,0.70398,-0.00788,-0.71017,0.00051,50.25,52.91,0.02,0.0733
20:48:11.436,6620.2771,330845,14.149,-3.0,7.072,-1.502,0.0757,0.02,-1.0898,0.02238,-0.11898,0.00373,0.9861,-0.0156,-0.0156,-0.05862,0.01292,-0.02585,0.52009,0.17632,-0.83571,-0.00031,0.70333,-0.00826,-0.71081,0.00088,50.27,52.91,0.02,0.0698
20:48:11.451,6620.2971,330846,14.167,-3.025,7.095,-1.507,0.0752,0.0269,-1.1519,0.03317,-0.12204,0.0008,1.0757,-0.0127,-0.0151,-0.05756,0.01812,-0.03211,0.5197,0.17645,-0.83593,-0.00025,0.70314,-0.00814,-0.711,0.00077,50.25,52.91,0.02,0.0231
20:48:11.481,6620.3171,330847,14.277,-3.065,7.117,-1.511,0.074,-0.01,-1.0708,0.02105,-0.11911,0.00187,0.9709,0.0117,0.002,-0.05836,0.01426,-0.02745,0.51927,0.1765,-0.83619,-0.00026,0.70351,-0.00747,-0.71065,0.0001,50.25,52.91,0.0249,0.0582
20:48:11.496,6620.3371,330848,14.232,-3.053,7.14,-1.516,0.0789,0.0371,-1.1196,0.02132,-0.11844,0.00493,1.0203,-0.0247,-0.0271,-0.06009,0.00893,-0.02105,0.51893,0.17652,-0.83639,-0.00027,0.70292,-0.00798,-0.71122,0.00058,50.25,52.92,0.02,0.0643
20:48:11.511,6620.3571,330849,14.166,-3.044,7.162,-1.521,0.0854,0.0188,-1.1125,0.02065,-0.11511,0.00373,1.0083,-0.0134,-0.0142,-0.05875,0.01106,-0.02491,0.51861,0.17655,-0.83658,-0.00029,0.70223,-0.00836,-0.7119,0.00096,50.24,52.9,0.02,0.0736
20:48:11.526,6620.3771,330850,14.245,-3.099,7.184,-1.526,0.0752,0.0186,-1.0908,0.02345,-0.12004,0.00466,1.0073,-0.0061,-0.0122,-0.05862,0.01559,-0.02878,0.51825,0.17659,-0.8368,-0.00028,0.70248,-0.00734,-0.71166,-7e-05,50.24,52.92,0.02,0.0745
20:48:11.556,6620.3971,330851,14.387,-3.091,7.206,-1.531,0.0771,0.0122,-1.1157,0.02745,-0.11911,0.00373,1.0173,-0.0137,-0.0098,-0.05702,0.01492,-0.02864,0.5179,0.17665,-0.83701,-0.00024,0.70306,-0.00783,-0.71109,0.00045,50.26,52.9,0.02,0.0669
20:48:11.573,6620.4171,330852,14.54,-3.124,7.229,-1.536,0.0696,0.0146,-1.0986,0.02198,-0.11964,0.004,1.0039,-0.0056,-0.0032,-0.05849,0.01439,-0.02811,0.51755,0.1767,-0.83721,-0.00024,0.70376,-0.0073,-0.7104,-8e-05,50.24,52.89,0.02,0.0771
20:48:11.617,6620.4371,330853,14.505,-3.103,7.251,-1.541,0.0801,0.0203,-1.1003,0.02372,-0.11951,0.00226,1.0073,-0.0205,-0.0171,-0.05915,0.01346,-0.02571,0.5172,0.17675,-0.83742,-0.00025,0.70321,-0.00803,-0.71093,0.00066,50.26,52.91,0.02,0.0743
20:48:11.618,6620.4571,330854,14.548,-3.158,7.274,-1.546,0.0723,0.0115,-1.1025,0.02425,-0.11924,0.00293,1.0115,-0.0032,-0.0107,-0.05822,0.01346,-0.02718,0.51686,0.17679,-0.83762,-0.00025,0.70326,-0.00703,-0.7109,-0.00036,50.26,52.9,0.02,0.0713
20:48:11.631,6620.4771,330855,14.706,-3.163,7.296,-1.551,0.0723,0.0137,-1.1077,0.02292,-0.11831,0.0032,1.0137,-0.0103,-0.0068,-0.05915,0.01332,-0.02625,0.51651,0.17684,-0.83782,-0.00024,0.70395,-0.00715,-0.71021,-0.00023,50.26,52.91,0.02,0.0697
20:48:11.646,6620.4971,330856,14.644,-3.151,7.319,-1.555,0.083,0.0244,-1.1008,0.02145,-0.11791,0.00386,1.0049,-0.0164,-0.0183,-0.05902,0.01172,-0.02505,0.51617,0.17688,-0.83802,-0.00025,0.70327,-0.00764,-0.71088,0.00026,50.27,52.9,0.02,0.0761
20:48:11.676,6620.5171,330857,14.806,-3.156,7.342,-1.56,0.072,0.0134,-1.105,0.02425,-0.11858,0.00346,1.0117,-0.0132,-0.0015,-0.05849,0.01399,-0.02771,0.51583,0.17692,-0.83822,-0.00025,0.70398,-0.00776,-0.71017,0.00039,50.24,52.9,0.02,0.0712
20:48:11.691,6620.5371,330858,14.937,-3.192,7.365,-1.565,0.073,0.0022,-1.0984,0.02358,-0.11844,0.00306,1.0132,-0.0063,-0.0037,-0.05862,0.01386,-0.02691,0.51549,0.17696,-0.83842,-0.00024,0.70455,-0.00718,-0.70961,-0.00019,50.26,52.9,0.02,0.0701
20:48:11.721,6620.5571,330859,14.916,-3.168,7.388,-1.57,0.0767,0.0242,-1.1057,0.02265,-0.11764,0.00493,1.0134,-0.0217,-0.0142,-0.05902,0.01212,-0.02531,0.51515,0.17701,-0.83862,-0.00024,0.70411,-0.00794,-0.71005,0.00057,50.27,52.89,0.02,0.0697
20:48:11.736,6620.5771,330860,14.833,-3.189,7.41,-1.575,0.0803,0.0227,-1.0994,0.02238,-0.11804,0.00373,1.0005,-0.0103,-0.0134,-0.05862,0.01212,-0.02518,0.51481,0.17705,-0.83883,-0.00025,0.70333,-0.00768,-0.71082,0.0003,50.24,52.9,0.02,0.0795
20:48:11.751,6620.5971,330861,14.993,-3.204,7.433,-1.58,0.073,0.0105,-1.103,0.02505,-0.11791,0.0024,1.0117,-0.0112,-0.0066,-0.05729,0.01359,-0.02651,0.51446,0.17711,-0.83902,-0.00023,0.70404,-0.00765,-0.71012,0.00027,50.26,52.9,0.02,0.0712
20:48:11.766,6620.6171,330862,14.928,-3.235,7.456,-1.585,0.0793,0.0161,-1.1084,0.02398,-0.11724,0.00333,1.009,-0.0066,-0.0149,-0.05809,0.01306,-0.02651,0.51412,0.17715,-0.83923,-0.00023,0.70339,-0.00717,-0.71076,-0.00022,50.25,52.91,0.02,0.0732
20:48:11.796,6620.6371,330863,14.89,-3.215,7.478,-1.59,0.0752,0.0222,-1.1033,0.02332,-0.11764,0.00386,1.0103,-0.0156,-0.0154,-0.05889,0.01266,-0.02491,0.51378,0.1772,-0.83943,-0.00023,0.70284,-0.00783,-0.71131,0.00044,50.26,52.91,0.02,0.0721
20:48:11.841,6620.6571,330864,15.048,-3.208,7.5,-1.595,0.0735,0.0195,-1.1042,0.02225,-0.11751,0.0028,1.0083,-0.0139,-0.0085,-0.05822,0.01306,-0.02585,0.51343,0.17724,-0.83963,-0.00023,0.70352,-0.00822,-0.71063,0.00085,50.25,52.9,0.02,0.0737
20:48:11.842,6620.6771,330865,15.117,-3.265,7.523,-1.6,0.073,0.0171,-1.0979,0.02212,-0.11791,0.00346,1.0044,-0.0095,-0.0095,-0.05809,0.01306,-0.02625,0.51309,0.17728,-0.83983,-0.00023,0.70373,-0.00718,-0.71043,-0.0002,50.24,52.91,0.02,0.0766
20:48:11.856,6620.6971,330866,15.123,-3.233,7.546,-1.604,0.0771,0.0161,-1.1047,0.02292,-0.11858,0.00306,1.0107,-0.0127,-0.0105,-0.05836,0.01332,-0.02571,0.51275,0.17733,-0.84003,-0.00023,0.70344,-0.00811,-0.71071,0.00074,50.26,52.9,0.02,0.0719
20:48:11.871,6620.7171,330867,15.225,-3.284,7.568,-1.609,0.0747,0.022,-1.1057,0.02292,-0.11778,0.0028,1.0046,-0.0105,-0.0095,-0.05902,0.01332,-0.02585,0.51241,0.17737,-0.84023,-0.00024,0.70385,-0.0072,-0.71031,-0.00018,50.23,52.89,0.02,0.0765
20:48:11.886,6620.7371,330868,15.217,-3.253,7.591,-1.614,0.0762,0.0222,-1.105,0.02225,-0.11738,0.00346,1.0073,-0.0134,-0.0107,-0.05849,0.01306,-0.02491,0.51206,0.17741,-0.84043,-0.00024,0.70347,-0.0081,-0.71068,0.00073,50.25,52.9,0.02,0.0744
20:48:11.963,6620.7571,330869,15.368,-3.279,7.614,-1.619,0.0723,0.0125,-1.1072,0.02252,-0.11844,0.00226,1.0105,-0.0105,-0.0063,-0.05889,0.01279,-0.02571,0.51172,0.17746,-0.84063,-0.00024,0.70415,-0.00775,-0.71001,0.00038,50.24,52.9,0.02,0.0721
20:48:11.963,6620.7771,330870,15.295,-3.284,7.636,-1.624,0.075,0.019,-1.1008,0.02265,-0.11844,0.00306,1.0078,-0.012,-0.012,-0.05849,0.01212,-0.02505,0.51138,0.1775,-0.84083,-0.00024,0.70341,-0.00785,-0.71074,0.00047,50.25,52.9,0.02,0.074
20:48:11.967,6620.7971,330871,15.221,-3.287,7.658,-1.629,0.0776,0.0203,-1.1011,0.02198,-0.11738,0.00293,1.0068,-0.0127,-0.0149,-0.05836,0.01239,-0.02531,0.51103,0.17754,-0.84103,-0.00024,0.70266,-0.00801,-0.71148,0.00063,50.24,52.91,0.02,0.0748
20:48:11.970,6620.8171,330872,15.377,-3.311,7.681,-1.634,0.0723,0.0117,-1.1079,0.02398,-0.11884,0.0028,1.0083,-0.009,-0.0049,-0.05809,0.01346,-0.02638,0.51069,0.17758,-0.84122,-0.00024,0.70338,-0.00771,-0.71078,0.00033,50.25,52.9,0.02,0.0737
20:48:11.991,6620.8371,330873,15.486,-3.358,7.704,-1.639,0.0757,0.0146,-1.1108,0.02252,-0.11804,0.004,1.0117,-0.0085,-0.009,-0.05849,0.01306,-0.02518,0.51035,0.17762,-0.84142,-0.00024,0.70382,-0.00692,-0.71034,-0.00046,50.24,52.91,0.02,0.0712
20:48:12.006,6620.8571,330874,15.453,-3.337,7.726,-1.644,0.0774,0.0193,-1.1011,0.02225,-0.11738,0.00426,1.0134,-0.0132,-0.0125,-0.05875,0.01252,-0.02465,0.51,0.17767,-0.84162,-0.00024,0.7033,-0.00759,-0.71085,0.0002,50.25,52.91,0.02,0.0698
20:48:12.036,6620.8771,330875,15.621,-3.352,7.749,-1.649,0.0742,0.0178,-1.1033,0.02305,-0.11831,0.0036,1.0042,-0.0105,-0.0066,-0.05782,0.01252,-0.02598,0.50966,0.17771,-0.84182,-0.00024,0.70407,-0.00749,-0.71009,0.00011,50.25,52.9,0.02,0.0768
20:48:12.066,6620.8971,330876,15.693,-3.408,7.772,-1.654,0.0725,0.0115,-1.1016,0.02318,-0.11804,0.0036,1.011,-0.0071,-0.0078,-0.05756,0.01292,-0.02571,0.50932,0.17775,-0.84202,-0.00024,0.70429,-0.00652,-0.70988,-0.00086,50.25,52.91,0.02,0.0717
20:48:12.067,6620.9171,330877,15.642,-3.39,7.794,-1.659,0.0774,0.0188,-1.094,0.02238,-0.11751,0.0036,1.0066,-0.0142,-0.0146,-0.05889,0.01239,-0.02585,0.50897,0.17779,-0.84222,-0.00024,0.70367,-0.00711,-0.71049,-0.00027,50.24,52.91,0.02,0.0749
20:48:12.096,6620.9371,330878,15.609,-3.368,7.817,-1.664,0.0769,0.0217,-1.1052,0.02198,-0.11764,0.00466,1.0132,-0.0134,-0.0127,-0.05902,0.01279,-0.02625,0.50863,0.17784,-0.84242,-0.00024,0.70314,-0.00778,-0.71101,0.0004,50.23,52.9,0.02,0.07
20:48:12.111,6620.9571,330879,15.763,-3.39,7.84,-1.669,0.0786,0.0173,-1.1077,0.02332,-0.11684,0.00293,1.012,-0.0103,-0.0073,-0.05862,0.01279,-0.02665,0.50829,0.17788,-0.84262,-0.00024,0.70384,-0.00754,-0.71032,0.00017,50.24,52.9,0.02,0.0709
20:48:12.126,6620.9771,330880,15.915,-3.376,7.863,-1.673,0.0784,0.0168,-1.1011,0.02225,-0.11764,0.00346,1.0088,-0.0112,-0.009,-0.05875,0.01252,-0.02531,0.50794,0.17792,-0.84282,-0.00024,0.70447,-0.00806,-0.70968,0.00069,50.25,52.9,0.02,0.0733
20:48:12.156,6620.9971,330881,15.859,-3.366,7.885,-1.678,0.0728,0.0171,-1.1052,0.02278,-0.11898,0.00413,1.012,-0.0154,-0.0122,-0.05849,0.01239,-0.02558,0.5076,0.17796,-0.84301,-0.00024,0.70382,-0.00847,-0.71033,0.0011,50.25,52.9,0.02,0.0709
20:48:12.186,6621.0171,330882,15.909,-3.424,7.908,-1.683,0.0754,0.0171,-1.1055,0.02332,-0.11871,0.00333,1.0112,-0.0098,-0.009,-0.05836,0.01399,-0.02638,0.50726,0.178,-0.84321,-0.00024,0.70392,-0.00747,-0.71024,9e-05,50.27,52.9,0.02,0.0715
20:48:12.187,6621.0371,330883,16.057,-3.406,7.931,-1.688,0.0762,0.0137,-1.105,0.02425,-0.11898,0.00346,1.0085,-0.0127,-0.0071,-0.05796,0.01372,-0.02598,0.50691,0.17805,-0.84341,-0.00024,0.70452,-0.00806,-0.70963,0.00069,50.25,52.92,0.02,0.0735
20:48:12.216,6621.0571,330884,15.987,-3.426,7.954,-1.693,0.0759,0.0171,-1.1062,0.02425,-0.11791,0.0032,1.0115,-0.0112,-0.0115,-0.05875,0.01292,-0.02585,0.50657,0.17809,-0.84361,-0.00024,0.70382,-0.00785,-0.71033,0.00048,50.24,52.91,0.02,0.0713
20:48:12.246,6621.0771,330885,15.934,-3.411,7.976,-1.698,0.075,0.0181,-1.1038,0.02278,-0.11778,0.0036,1.0083,-0.0154,-0.0137,-0.05902,0.01332,-0.02598,0.50622,0.17813,-0.84381,-0.00024,0.70318,-0.00838,-0.71096,0.001,50.24,52.91,0.02,0.0736
20:48:12.247,6621.0971,330886,15.898,-3.462,7.998,-1.703,0.0769,0.0156,-1.1016,0.02292,-0.11724,0.0036,1.0054,-0.0098,-0.0129,-0.05822,0.01426,-0.02598,0.50588,0.17817,-0.844,-0.00024,0.70274,-0.00752,-0.71141,0.00013,50.24,52.9,0.02,0.0759
20:48:12.277,6621.1171,330887,16.054,-3.458,8.021,-1.708,0.0769,0.0156,-1.1082,0.02305,-0.11884,0.00333,1.0125,-0.0125,-0.009,-0.05849,0.01266,-0.02531,0.50554,0.17821,-0.8442,-0.00024,0.70341,-0.00782,-0.71074,0.00044,50.24,52.91,0.02,0.0705
20:48:12.321,6621.1371,330888,16.016,-3.508,8.043,-1.713,0.0735,0.0176,-1.1001,0.02318,-0.11884,0.00333,1.0068,-0.009,-0.012,-0.05889,0.01319,-0.02478,0.50519,0.17825,-0.8444,-0.00024,0.70295,-0.007,-0.71121,-0.0004,50.26,52.89,0.02,0.0748
20:48:12.322,6621.1571,330889,16.042,-3.469,8.065,-1.718,0.0715,0.0183,-1.1025,0.02252,-0.11871,0.00333,1.0078,-0.0132,-0.0125,-0.05822,0.01266,-0.02545,0.50485,0.1783,-0.84459,-0.00024,0.70277,-0.00801,-0.71137,0.00063,50.26,52.89,0.02,0.074
20:48:12.324,6621.1771,330890,16.107,-3.526,8.088,-1.723,0.075,0.0151,-1.1038,0.02305,-0.11844,0.00386,1.0132,-0.0061,-0.0112,-0.05849,0.01292,-0.02518,0.5045,0.17834,-0.84479,-0.00024,0.70295,-0.00706,-0.7112,-0.00034,50.25,52.91,0.02,0.07
20:48:12.352,6621.1971,330891,16.267,-3.544,8.11,-1.728,0.074,0.0173,-1.1082,0.02238,-0.11698,0.00333,1.0093,-0.009,-0.009,-0.05875,0.01266,-0.02625,0.50416,0.17838,-0.84499,-0.00024,0.70368,-0.00691,-0.71048,-0.00047,50.24,52.9,0.02,0.073
20:48:12.367,6621.2171,330892,16.21,-3.53,8.133,-1.733,0.0769,0.02,-1.1064,0.02238,-0.11911,0.00333,1.0083,-0.0117,-0.0134,-0.05862,0.01306,-0.02491,0.50381,0.17842,-0.84519,-0.00024,0.70302,-0.00738,-0.71113,-1e-05,50.25,52.91,0.02,0.0737
20:48:12.396,6621.2371,330893,16.24,-3.49,8.155,-1.737,0.0769,0.0166,-1.1025,0.02265,-0.11791,0.00346,1.0071,-0.011,-0.0117,-0.05862,0.01306,-0.02531,0.50347,0.17846,-0.84538,-0.00024,0.70286,-0.00841,-0.71128,0.00103,50.25,52.91,0.02,0.0746
20:48:12.441,6621.2571,330894,16.377,-3.529,8.177,-1.742,0.0774,0.0181,-1.1021,0.02278,-0.11778,0.00333,1.0081,-0.0112,-0.0098,-0.05889,0.01306,-0.02531,0.50312,0.17851,-0.84558,-0.00024,0.70348,-0.00782,-0.71068,0.00044,50.25,52.89,0.02,0.0738
20:48:12.444,6621.2771,330895,16.398,-3.589,8.2,-1.747,0.0764,0.0171,-1.0984,0.02345,-0.11764,0.0036,1.0105,-0.01,-0.0105,-0.05822,0.01239,-0.02518,0.50278,0.17855,-0.84577,-0.00024,0.70339,-0.00681,-0.71077,-0.00058,50.27,52.9,0.02,0.072
20:48:12.445,6621.2971,330896,16.326,-3.62,8.222,-1.752,0.0757,0.0178,-1.0996,0.02358,-0.11791,0.00266,1.0054,-0.0073,-0.0129,-0.05862,0.01239,-0.02545,0.50243,0.17859,-0.84597,-0.00024,0.70269,-0.00638,-0.71146,-0.00102,50.25,52.9,0.02,0.0759
20:48:12.471,6621.3171,330897,16.461,-3.592,8.244,-1.757,0.0728,0.0176,-1.1003,0.02292,-0.11831,0.00306,1.0059,-0.011,-0.0103,-0.05822,0.01359,-0.02558,0.50209,0.17863,-0.84617,-0.00024,0.70321,-0.00716,-0.71095,-0.00023,50.25,52.9,0.02,0.0755
20:48:12.487,6621.3371,330898,16.428,-3.563,8.266,-1.762,0.0764,0.0181,-1.1082,0.02292,-0.11751,0.00373,1.0044,-0.01,-0.0112,-0.05862,0.01279,-0.02571,0.50174,0.17867,-0.84636,-0.00024,0.70267,-0.00794,-0.71147,0.00056,50.26,52.9,0.02,0.0766
20:48:12.516,6621.3571,330899,16.368,-3.605,8.288,-1.767,0.0767,0.0164,-1.0989,0.02252,-0.11764,0.0032,1.0056,-0.0103,-0.0142,-0.05822,0.01346,-0.02611,0.5014,0.17871,-0.84656,-0.00024,0.70206,-0.00731,-0.71208,-9e-05,50.27,52.91,0.02,0.0757
20:48:12.546,6621.3771,330900,16.528,-3.622,8.311,-1.772,0.0747,0.0146,-1.1108,0.02212,-0.11871,0.00346,1.0103,-0.0095,-0.0098,-0.05836,0.01252,-0.02625,0.50105,0.17876,-0.84675,-0.00024,0.70278,-0.00719,-0.71137,-0.00021,50.26,52.9,0.02,0.0722
20:48:12.547,6621.3971,330901,16.459,-3.614,8.332,-1.777,0.075,0.0203,-1.0984,0.02212,-0.11831,0.00413,1.0056,-0.0103,-0.0132,-0.05796,0.01172,-0.02531,0.50071,0.1788,-0.84695,-0.00025,0.70206,-0.00753,-0.71208,0.00013,50.26,52.9,0.02,0.0757
20:48:12.576,6621.4171,330902,16.563,-3.578,8.355,-1.782,0.0779,0.0183,-1.1042,0.02198,-0.11711,0.004,1.01,-0.0144,-0.0132,-0.05822,0.01239,-0.02465,0.50036,0.17884,-0.84714,-0.00025,0.70237,-0.00844,-0.71176,0.00106,50.27,52.9,0.02,0.0724
20:48:12.591,6621.4371,330903,16.655,-3.637,8.377,-1.787,0.0779,0.0134,-1.1018,0.02318,-0.11791,0.00333,1.0049,-0.0061,-0.0107,-0.05875,0.01279,-0.02491,0.50002,0.17888,-0.84734,-0.00024,0.70272,-0.00749,-0.71142,0.0001,50.25,52.9,0.02,0.0763
20:48:12.606,6621.4571,330904,16.809,-3.622,8.399,-1.792,0.0713,0.0139,-1.1018,0.02411,-0.11698,0.00346,1.0076,-0.0137,-0.0088,-0.05836,0.01306,-0.02531,0.49967,0.17892,-0.84754,-0.00024,0.70337,-0.008,-0.71078,0.00063,50.25,52.91,0.02,0.0742
20:48:12.637,6621.4771,330905,16.862,-3.684,8.422,-1.797,0.075,0.0156,-1.1003,0.02265,-0.11751,0.0032,1.0088,-0.0093,-0.0103,-0.05862,0.01306,-0.02571,0.49933,0.17896,-0.84773,-0.00024,0.70349,-0.00698,-0.71067,-0.0004,50.25,52.91,0.02,0.0733
20:48:12.681,6621.4971,330906,16.862,-3.744,8.444,-1.802,0.074,0.0134,-1.1077,0.02305,-0.11871,0.0028,1.009,-0.0061,-0.011,-0.05875,0.01239,-0.02585,0.49898,0.179,-0.84793,-0.00024,0.70327,-0.006,-0.71089,-0.0014,50.25,52.91,0.02,0.0732
20:48:12.682,6621.5171,330907,16.907,-3.701,8.467,-1.807,0.0723,0.0193,-1.1038,0.02225,-0.11764,0.00333,1.0073,-0.0117,-0.0112,-0.05875,0.01252,-0.02585,0.49863,0.17904,-0.84812,-0.00024,0.70321,-0.00704,-0.71095,-0.00034,50.24,52.9,0.02,0.0744
20:48:12.685,6621.5371,330908,16.995,-3.662,8.489,-1.812,0.0745,0.0186,-1.1091,0.02238,-0.11831,0.00346,1.0103,-0.01,-0.011,-0.05889,0.01252,-0.02505,0.49829,0.17909,-0.84831,-0.00024,0.70342,-0.00801,-0.71073,0.00064,50.25,52.9,0.02,0.0722
20:48:12.711,6621.5571,330909,17.164,-3.667,8.512,-1.817,0.073,0.0151,-1.1011,0.02318,-0.11818,0.00373,1.0049,-0.0125,-0.0088,-0.05875,0.01252,-0.02505,0.49794,0.17913,-0.84851,-0.00024,0.70418,-0.00812,-0.70997,0.00076,50.24,52.9,0.02,0.0762
20:48:12.727,6621.5771,330910,17.136,-3.723,8.534,-1.822,0.0759,0.0149,-1.1028,0.02238,-0.11791,0.00426,1.0071,-0.0115,-0.0088,-0.05822,0.01252,-0.02558,0.4976,0.17917,-0.8487,-0.00024,0.70379,-0.00723,-0.71037,-0.00014,50.24,52.91,0.02,0.0746
20:48:12.786,6621.5971,330911,17.265,-3.768,8.557,-1.827,0.075,0.0171,-1.1042,0.02198,-0.11791,0.0032,1.01,-0.0085,-0.0081,-0.05862,0.01292,-0.02518,0.49725,0.17921,-0.8489,-0.00024,0.70435,-0.00658,-0.70982,-0.0008,50.24,52.9,0.02,0.0724
20:48:12.789,6621.6171,330912,17.197,-3.764,8.58,-1.832,0.075,0.0171,-1.1086,0.02238,-0.11751,0.00333,1.009,-0.0093,-0.011,-0.05836,0.01172,-0.02518,0.4969,0.17925,-0.84909,-0.00024,0.70364,-0.00683,-0.71053,-0.00055,50.24,52.89,0.02,0.0732
20:48:12.790,6621.6371,330913,17.196,-3.725,8.602,-1.837,0.0774,0.0168,-1.1064,0.02198,-0.11684,0.00386,1.0063,-0.0112,-0.0107,-0.05836,0.01239,-0.02491,0.49656,0.17929,-0.84929,-0.00024,0.70329,-0.00777,-0.71086,0.0004,50.26,52.91,0.02,0.0752
20:48:12.816,6621.6571,330914,17.2,-3.786,8.625,-1.842,0.0742,0.0134,-1.1057,0.02238,-0.11791,0.00266,1.0107,-0.011,-0.011,-0.05862,0.01186,-0.02491,0.49621,0.17933,-0.84948,-0.00024,0.70311,-0.0068,-0.71105,-0.00059,50.26,52.91,0.02,0.0719
20:48:12.831,6621.6771,330915,17.214,-3.745,8.647,-1.847,0.0728,0.019,-1.1042,0.02225,-0.11818,0.004,1.0071,-0.012,-0.0122,-0.05809,0.01292,-0.02598,0.49586,0.17937,-0.84967,-0.00024,0.70285,-0.00778,-0.7113,0.00041,50.26,52.91,0.02,0.0746
20:48:12.847,6621.6971,330916,17.165,-3.786,8.669,-1.852,0.0754,0.0139,-1.1108,0.02278,-0.11804,0.0028,1.0146,-0.0103,-0.0134,-0.05875,0.01266,-0.02558,0.49552,0.17941,-0.84987,-0.00024,0.70231,-0.00718,-0.71184,-0.00021,50.25,52.89,0.02,0.0689
20:48:12.906,6621.7171,330917,17.31,-3.815,8.691,-1.857,0.0757,0.0173,-1.1028,0.02198,-0.11658,0.00346,1.0151,-0.0085,-0.011,-0.05836,0.01266,-0.02465,0.49517,0.17946,-0.85006,-0.00024,0.70296,-0.00684,-0.7112,-0.00055,50.24,52.91,0.02,0.0686
20:48:12.907,6621.7371,330918,17.451,-3.794,8.714,-1.862,0.0752,0.0156,-1.0974,0.02252,-0.11698,0.0036,1.012,-0.0132,-0.0081,-0.05809,0.01199,-0.02598,0.49482,0.1795,-0.85025,-0.00024,0.70351,-0.00746,-0.71064,8e-05,50.27,52.92,0.02,0.0709
20:48:12.909,6621.7571,330919,17.473,-3.857,8.736,-1.867,0.0745,0.0142,-1.106,0.02185,-0.11711,0.004,1.0117,-0.0046,-0.0107,-0.05836,0.01226,-0.02558,0.49448,0.17954,-0.85045,-0.00024,0.70344,-0.00646,-0.71073,-0.00093,50.24,52.91,0.02,0.0712
20:48:12.936,6621.7771,330920,17.515,-3.812,8.759,-1.872,0.0728,0.0164,-1.1003,0.02372,-0.11831,0.0032,1.0076,-0.0144,-0.011,-0.05849,0.01266,-0.02545,0.49413,0.17958,-0.85064,-0.00024,0.70335,-0.0075,-0.71081,0.00012,50.25,52.9,0.02,0.0742
20:48:12.951,6621.7971,330921,17.645,-3.856,8.781,-1.877,0.075,0.0193,-1.103,0.02332,-0.11751,0.00333,1.0105,-0.0093,-0.0093,-0.05849,0.01226,-0.02545,0.49378,0.17962,-0.85083,-0.00024,0.70392,-0.00688,-0.71024,-0.0005,50.25,52.91,0.02,0.0721
20:48:12.981,6621.8171,330922,17.632,-3.82,8.804,-1.882,0.075,0.0186,-1.105,0.02278,-0.11858,0.004,1.0081,-0.011,-0.01,-0.05782,0.01172,-0.02451,0.49344,0.17966,-0.85102,-0.00025,0.70351,-0.00774,-0.71065,0.00037,50.27,52.89,0.02,0.0738
20:48:13.011,6621.8371,330923,17.618,-3.783,8.826,-1.887,0.0781,0.0178,-1.1099,0.02292,-0.11804,0.00373,1.0059,-0.0146,-0.0117,-0.05875,0.01319,-0.02478,0.49309,0.1797,-0.85122,-0.00025,0.70308,-0.00863,-0.71105,0.00126,50.25,52.91,0.02,0.0754
20:48:13.012,6621.8571,330924,17.608,-3.842,8.848,-1.892,0.073,0.0186,-1.1025,0.02385,-0.11844,0.00373,1.012,-0.01,-0.0127,-0.05862,0.01306,-0.02505,0.49274,0.17974,-0.85141,-0.00025,0.70281,-0.00771,-0.71134,0.00033,50.25,52.89,0.02,0.0709
20:48:13.026,6621.8771,330925,17.68,-3.795,8.871,-1.897,0.0786,0.0129,-1.103,0.02345,-0.11831,0.0028,1.0042,-0.0134,-0.012,-0.05756,0.01332,-0.02558,0.49239,0.17978,-0.8516,-0.00025,0.7029,-0.00878,-0.71123,0.00141,50.23,52.9,0.02,0.0767
20:48:13.071,6621.8971,330926,17.692,-3.859,8.893,-1.902,0.0706,0.0142,-1.1082,0.02212,-0.11818,0.0032,1.0103,-0.009,-0.0127,-0.05782,0.01279,-0.02545,0.49205,0.17982,-0.85179,-0.00024,0.70277,-0.00778,-0.71138,0.0004,50.26,52.9,0.02,0.0722
20:48:13.074,6621.9171,330927,17.754,-3.923,8.915,-1.907,0.0774,0.0144,-1.103,0.02292,-0.11791,0.0036,1.0107,-0.0078,-0.0117,-0.05769,0.01172,-0.02558,0.4917,0.17986,-0.85199,-0.00024,0.70294,-0.0068,-0.71122,-0.00059,50.25,52.9,0.02,0.0719
20:48:13.086,6621.9371,330928,17.902,-3.899,8.938,-1.912,0.0747,0.0166,-1.1052,0.02332,-0.11724,0.00346,1.0061,-0.01,-0.0107,-0.05809,0.01226,-0.02531,0.49135,0.1799,-0.85218,-0.00024,0.70354,-0.00744,-0.71062,6e-05,50.24,52.89,0.02,0.0753
20:48:13.131,6621.9571,330929,17.936,-3.855,8.96,-1.917,0.0769,0.0176,-1.0996,0.02332,-0.11831,0.004,1.0098,-0.0117,-0.0103,-0.05849,0.01319,-0.02531,0.491,0.17994,-0.85237,-0.00024,0.70341,-0.00845,-0.71074,0.00108,50.25,52.9,0.02,0.0726
20:48:13.133,6621.9771,330930,17.972,-3.921,8.983,-1.922,0.073,0.0159,-1.1055,0.02238,-0.11791,0.00333,1.0085,-0.0112,-0.0105,-0.05809,0.01226,-0.02558,0.49066,0.17998,-0.85256,-0.00024,0.70342,-0.00741,-0.71074,3e-05,50.26,52.9,0.02,0.0735
20:48:13.161,6621.9971,330931,18.131,-3.935,9.005,-1.927,0.0769,0.0142,-1.1099,0.02278,-0.11684,0.00386,1.0115,-0.0105,-0.0076,-0.05915,0.01212,-0.02491,0.49031,0.18002,-0.85275,-0.00024,0.70414,-0.00738,-0.71003,1e-05,50.24,52.9,0.02,0.0713
20:48:13.176,6622.0171,330932,18.148,-3.891,9.028,-1.931,0.0745,0.0178,-1.1033,0.02198,-0.11804,0.00506,1.0093,-0.0127,-0.009,-0.05849,0.01172,-0.02518,0.48996,0.18007,-0.85294,-0.00024,0.7039,-0.00836,-0.71025,0.00099,50.26,52.88,0.02,0.0729
20:48:13.192,6622.0371,330933,18.081,-3.889,9.051,-1.936,0.0752,0.0168,-1.1064,0.02318,-0.11778,0.00333,1.0103,-0.0144,-0.0127,-0.05915,0.01292,-0.02571,0.48961,0.18011,-0.85314,-0.00024,0.70319,-0.00858,-0.71095,0.00121,50.27,52.91,0.02,0.0721
20:48:13.206,6622.0571,330934,18.056,-3.947,9.073,-1.941,0.0752,0.0166,-1.1042,0.02292,-0.11751,0.00346,1.009,-0.0107,-0.0125,-0.05849,0.01399,-0.02625,0.48927,0.18015,-0.85333,-0.00024,0.70281,-0.0077,-0.71133,0.00031,50.25,52.89,0.02,0.0731
20:48:13.252,6622.0771,330935,18.216,-3.967,9.095,-1.946,0.0752,0.0171,-1.1079,0.02332,-0.11804,0.00426,1.0088,-0.011,-0.0103,-0.05849,0.01306,-0.02571,0.48892,0.18019,-0.85352,-0.00024,0.70354,-0.00756,-0.71061,0.00017,50.25,52.91,0.02,0.0733
20:48:13.253,6622.0971,330936,18.141,-3.982,9.118,-1.951,0.075,0.0151,-1.0991,0.02358,-0.11831,0.0036,1.0081,-0.0105,-0.0129,-0.05915,0.01226,-0.02571,0.48857,0.18023,-0.85371,-0.00024,0.70281,-0.00744,-0.71134,5e-05,50.26,52.89,0.02,0.0738
20:48:13.281,6622.1171,330937,18.303,-3.994,9.14,-1.956,0.0784,0.0164,-1.1099,0.02305,-0.11871,0.00333,1.0095,-0.0107,-0.0073,-0.05782,0.01346,-0.02545,0.48822,0.18027,-0.8539,-0.00024,0.70354,-0.00744,-0.71062,6e-05,50.26,52.92,0.02,0.0728
20:48:13.296,6622.1371,330938,18.466,-4.001,9.163,-1.961,0.0784,0.0166,-1.1045,0.02252,-0.11818,0.00386,1.0095,-0.011,-0.0071,-0.05796,0.01306,-0.02531,0.48787,0.18031,-0.85409,-0.00024,0.70427,-0.00752,-0.70989,0.00014,50.24,52.91,0.02,0.0728
20:48:13.311,6622.1571,330939,18.397,-4.0,9.185,-1.966,0.0728,0.0164,-1.1006,0.02318,-0.11818,0.00386,1.009,-0.0117,-0.0112,-0.05875,0.01386,-0.02585,0.48752,0.18035,-0.85428,-0.00024,0.70355,-0.00771,-0.71061,0.00033,50.26,52.89,0.02,0.0732
20:48:13.326,6622.1771,330940,18.321,-4.014,9.208,-1.971,0.074,0.0134,-1.1099,0.02372,-0.11791,0.0028,1.0078,-0.011,-0.0132,-0.05889,0.01306,-0.02545,0.48718,0.18039,-0.85447,-0.00024,0.7028,-0.00762,-0.71134,0.00023,50.24,52.9,0.02,0.074
20:48:13.371,6622.1971,330941,18.264,-4.057,9.23,-1.976,0.0779,0.0151,-1.1035,0.02305,-0.11791,0.0024,1.0098,-0.01,-0.0134,-0.05849,0.01266,-0.02545,0.48683,0.18043,-0.85466,-0.00024,0.70221,-0.00704,-0.71194,-0.00037,50.24,52.9,0.02,0.0725
20:48:13.372,6622.2171,330942,18.421,-4.051,9.252,-1.981,0.0759,0.0156,-1.1067,0.02318,-0.11898,0.00453,1.0112,-0.0117,-0.0093,-0.05849,0.01186,-0.02518,0.48648,0.18047,-0.85485,-0.00024,0.70289,-0.00735,-0.71126,-4e-05,50.27,52.92,0.02,0.0715
20:48:13.386,6622.2371,330943,18.346,-4.056,9.274,-1.986,0.0796,0.0186,-1.105,0.02252,-0.11831,0.00373,1.0071,-0.0105,-0.0137,-0.05809,0.01359,-0.02505,0.48613,0.18051,-0.85504,-0.00024,0.70214,-0.00742,-0.712,2e-05,50.25,52.9,0.02,0.0746
20:48:13.416,6622.2571,330944,18.492,-4.091,9.296,-1.991,0.0715,0.0164,-1.1055,0.02265,-0.11764,0.00373,1.0107,-0.0076,-0.0095,-0.05756,0.01292,-0.02558,0.48578,0.18055,-0.85523,-0.00024,0.7028,-0.007,-0.71135,-0.0004,50.24,52.89,0.02,0.0719
20:48:13.431,6622.2771,330945,18.629,-4.138,9.318,-1.997,0.0764,0.0151,-1.1042,0.02238,-0.11698,0.00306,1.0066,-0.0054,-0.0083,-0.05836,0.01346,-0.02585,0.48543,0.18059,-0.85542,-0.00024,0.70342,-0.00639,-0.71075,-0.00102,50.27,52.9,0.02,0.075
20:48:13.491,6622.2971,330946,18.666,-4.092,9.341,-2.002,0.0742,0.0176,-1.0989,0.02345,-0.11858,0.0028,1.0112,-0.0134,-0.0112,-0.05875,0.01279,-0.02558,0.48508,0.18063,-0.85561,-0.00024,0.7033,-0.00738,-0.71086,-1e-05,50.25,52.91,0.02,0.0715
20:48:13.492,6622.3171,330947,18.646,-4.057,9.363,-2.007,0.0757,0.0164,-1.0989,0.02385,-0.11884,0.00453,1.0098,-0.0137,-0.0127,-0.05782,0.01292,-0.02571,0.48473,0.18067,-0.8558,-0.00024,0.70284,-0.00818,-0.7113,0.00079,50.26,52.91,0.02,0.0725
20:48:13.495,6622.3371,330948,18.809,-4.053,9.386,-2.011,0.0762,0.0154,-1.1008,0.02265,-0.11778,0.00493,1.0083,-0.0134,-0.0103,-0.05889,0.01266,-0.02571,0.48439,0.18071,-0.85599,-0.00024,0.70356,-0.00843,-0.71059,0.00105,50.26,52.91,0.02,0.0737
20:48:13.506,6622.3571,330949,18.907,-4.114,9.408,-2.016,0.0764,0.0193,-1.1016,0.02238,-0.11724,0.00386,1.0093,-0.0117,-0.0093,-0.05862,0.01292,-0.02585,0.48404,0.18075,-0.85618,-0.00024,0.70395,-0.00756,-0.71021,0.00018,50.25,52.9,0.02,0.0729
20:48:13.538,6622.3771,330950,18.837,-4.12,9.431,-2.021,0.0762,0.0171,-1.1042,0.02225,-0.11831,0.00426,1.0115,-0.0115,-0.0151,-0.05875,0.01292,-0.02571,0.48369,0.18079,-0.85637,-0.00024,0.70324,-0.00762,-0.71091,0.00024,50.27,52.9,0.02,0.0712
20:48:13.551,6622.3971,330951,18.955,-4.175,9.453,-2.027,0.0747,0.0159,-1.1047,0.02345,-0.11951,0.00346,1.0071,-0.0078,-0.0088,-0.05875,0.01346,-0.02665,0.48334,0.18083,-0.85655,-0.00024,0.70375,-0.00685,-0.71042,-0.00054,50.25,52.91,0.02,0.0746
20:48:13.566,6622.4171,330952,18.893,-4.165,9.476,-2.032,0.0769,0.0142,-1.1064,0.02265,-0.11738,0.0032,1.0098,-0.0103,-0.0122,-0.05796,0.01306,-0.02625,0.48299,0.18087,-0.85674,-0.00024,0.70306,-0.0072,-0.71109,-0.00019,50.24,52.9,0.02,0.0726
20:48:13.612,6622.4371,330953,19.057,-4.162,9.498,-2.037,0.075,0.0161,-1.1072,0.02278,-0.11738,0.00346,1.0078,-0.011,-0.0085,-0.05769,0.01279,-0.02545,0.48264,0.18091,-0.85693,-0.00024,0.70378,-0.00745,-0.71037,7e-05,50.24,52.9,0.02,0.0741
20:48:13.615,6622.4571,330954,19.132,-4.114,9.521,-2.041,0.073,0.0181,-1.1045,0.02252,-0.11778,0.0024,1.0085,-0.0149,-0.009,-0.05849,0.01239,-0.02531,0.48229,0.18095,-0.85712,-0.00024,0.70389,-0.00847,-0.71025,0.0011,50.25,52.9,0.02,0.0735
20:48:13.626,6622.4771,330955,19.183,-4.182,9.544,-2.047,0.0754,0.0164,-1.1072,0.02278,-0.11858,0.00306,1.011,-0.0122,-0.009,-0.05729,0.01319,-0.02625,0.48194,0.18099,-0.85731,-0.00024,0.70401,-0.00747,-0.71015,9e-05,50.26,52.9,0.02,0.0717
20:48:13.656,6622.4971,330956,19.155,-4.15,9.566,-2.051,0.074,0.0154,-1.1101,0.02398,-0.11764,0.00306,1.0107,-0.0142,-0.0112,-0.05796,0.01266,-0.02611,0.48159,0.18103,-0.8575,-0.00024,0.70351,-0.0082,-0.71064,0.00082,50.24,52.9,0.02,0.0719
20:48:13.671,6622.5171,330957,19.2,-4.22,9.589,-2.057,0.0757,0.0178,-1.0999,0.02158,-0.11844,0.00346,1.0095,-0.0093,-0.01,-0.05836,0.01306,-0.02558,0.48124,0.18107,-0.85768,-0.00024,0.70358,-0.00718,-0.71058,-0.00021,50.26,52.9,0.02,0.0728
20:48:13.731,6622.5371,330958,19.14,-4.259,9.611,-2.062,0.0781,0.0176,-1.1008,0.02225,-0.11831,0.0044,1.0115,-0.0078,-0.0125,-0.05862,0.01186,-0.02491,0.48089,0.18111,-0.85787,-0.00024,0.70297,-0.00666,-0.71119,-0.00074,50.27,52.9,0.02,0.0713
20:48:13.746,6622.5571,330959,19.289,-4.235,9.633,-2.067,0.0764,0.0164,-1.1047,0.02265,-0.11738,0.00386,1.0068,-0.0122,-0.0081,-0.05782,0.01186,-0.02478,0.48054,0.18115,-0.85806,-0.00024,0.70357,-0.00728,-0.71058,-0.00011,50.25,52.89,0.02,0.0748
20:48:13.747,6622.5771,330960,19.227,-4.227,9.656,-2.072,0.0725,0.0198,-1.1045,0.02238,-0.11764,0.00333,1.0115,-0.0107,-0.0112,-0.05889,0.01292,-0.02465,0.48019,0.18119,-0.85825,-0.00024,0.70289,-0.00758,-0.71126,0.00019,50.25,52.9,0.02,0.0713
20:48:13.748,6622.5971,330961,19.389,-4.235,9.678,-2.077,0.0764,0.0178,-1.1096,0.02265,-0.11751,0.00453,1.0105,-0.0115,-0.0066,-0.05875,0.01332,-0.02531,0.47984,0.18123,-0.85843,-0.00025,0.70361,-0.00764,-0.71054,0.00025,50.26,52.9,0.02,0.0721
20:48:13.776,6622.6171,330962,19.323,-4.274,9.7,-2.082,0.074,0.0139,-1.1038,0.02385,-0.11684,0.00373,1.0081,-0.0098,-0.0117,-0.05875,0.01319,-0.02558,0.47949,0.18127,-0.85862,-0.00024,0.70296,-0.00714,-0.71119,-0.00026,50.25,52.91,0.02,0.0738
20:48:13.791,6622.6371,330963,19.443,-4.237,9.723,-2.087,0.0796,0.0144,-1.1038,0.02252,-0.11711,0.0036,1.0115,-0.0125,-0.0105,-0.05889,0.01226,-0.02611,0.47914,0.18131,-0.85881,-0.00024,0.70337,-0.00796,-0.71078,0.00058,50.25,52.91,0.02,0.0713
20:48:13.806,6622.6571,330964,19.5,-4.307,9.745,-2.092,0.0737,0.0151,-1.1069,0.02278,-0.11711,0.00346,1.01,-0.0098,-0.0103,-0.05769,0.01199,-0.02505,0.47879,0.18135,-0.859,-0.00024,0.70352,-0.00696,-0.71064,-0.00043,50.24,52.91,0.02,0.0724
20:48:13.851,6622.6771,330965,19.58,-4.26,9.768,-2.097,0.0728,0.0188,-1.1023,0.02212,-0.11818,0.00266,1.012,-0.0156,-0.0093,-0.05849,0.01212,-0.02518,0.47844,0.18139,-0.85918,-0.00024,0.70367,-0.00793,-0.71049,0.00055,50.26,52.91,0.02,0.0709
20:48:13.852,6622.6971,330966,19.611,-4.332,9.79,-2.102,0.0776,0.0154,-1.1082,0.02225,-0.11804,0.00293,1.0085,-0.0066,-0.0098,-0.05902,0.01279,-0.02571,0.47809,0.18143,-0.85937,-0.00024,0.70366,-0.0069,-0.7105,-0.00049,50.25,52.91,0.02,0.0736
20:48:13.866,6622.7171,330967,19.708,-4.289,9.813,-2.107,0.0732,0.0149,-1.1094,0.02278,-0.11804,0.00266,1.0137,-0.0093,-0.0098,-0.05822,0.01279,-0.02571,0.47774,0.18146,-0.85956,-0.00024,0.70392,-0.00781,-0.71024,0.00043,50.25,52.91,0.02,0.0697
20:48:13.896,6622.7371,330968,19.646,-4.328,9.835,-2.112,0.073,0.0176,-1.104,0.02172,-0.11724,0.00373,1.011,-0.0083,-0.0134,-0.05915,0.01319,-0.02438,0.47739,0.1815,-0.85974,-0.00024,0.70329,-0.00732,-0.71086,-7e-05,50.24,52.91,0.02,0.0717
20:48:13.911,6622.7571,330969,19.569,-4.333,9.858,-2.117,0.0774,0.0159,-1.1077,0.02305,-0.11778,0.0036,1.0059,-0.0105,-0.0139,-0.05782,0.01226,-0.02491,0.47704,0.18154,-0.85993,-0.00024,0.70253,-0.00739,-0.71161,-1e-05,50.26,52.89,0.02,0.0755
20:48:13.926,6622.7771,330970,19.726,-4.359,9.88,-2.122,0.0752,0.0178,-1.1094,0.02292,-0.11858,0.00413,1.0095,-0.0098,-0.011,-0.05862,0.01186,-0.02478,0.47669,0.18158,-0.86012,-0.00024,0.70325,-0.00715,-0.71091,-0.00025,50.27,52.9,0.02,0.0728
20:48:13.972,6622.7971,330971,19.887,-4.365,9.903,-2.127,0.0728,0.0181,-1.1013,0.02252,-0.11844,0.00453,1.011,-0.0105,-0.0068,-0.05862,0.01239,-0.02531,0.47634,0.18162,-0.8603,-0.00024,0.70396,-0.00726,-0.7102,-0.00013,50.26,52.9,0.02,0.0717
20:48:13.973,6622.8171,330972,19.866,-4.328,9.925,-2.132,0.0737,0.0168,-1.106,0.02158,-0.11764,0.00306,1.0105,-0.0107,-0.0093,-0.05862,0.01226,-0.02518,0.47598,0.18166,-0.86049,-0.00024,0.7035,-0.00804,-0.71065,0.00065,50.25,52.91,0.02,0.0721
20:48:13.986,6622.8371,330973,19.871,-4.399,9.948,-2.137,0.074,0.0188,-1.1016,0.02132,-0.11751,0.0032,1.0088,-0.0068,-0.0112,-0.05836,0.01146,-0.02465,0.47563,0.1817,-0.86067,-0.00025,0.70333,-0.00703,-0.71083,-0.00036,50.25,52.9,0.02,0.0733
20:48:14.016,6622.8571,330974,19.863,-4.355,9.97,-2.142,0.075,0.0144,-1.1072,0.02252,-0.11818,0.00453,1.0085,-0.0127,-0.0122,-0.05756,0.01172,-0.02451,0.47528,0.18174,-0.86086,-0.00025,0.70293,-0.00791,-0.71121,0.00052,50.26,52.91,0.02,0.0735
20:48:14.031,6622.8771,330975,19.918,-4.427,9.992,-2.147,0.0745,0.0159,-1.106,0.02318,-0.11858,0.00306,1.0093,-0.0093,-0.0115,-0.05822,0.01292,-0.02531,0.47493,0.18178,-0.86104,-0.00024,0.70308,-0.0069,-0.71108,-0.00049,50.26,52.89,0.02,0.0729
20:48:14.046,6622.8971,330976,19.983,-4.377,10.014,-2.152,0.0752,0.0161,-1.0994,0.02318,-0.11738,0.00346,1.0105,-0.0156,-0.0112,-0.05836,0.01212,-0.02478,0.47458,0.18182,-0.86123,-0.00024,0.70312,-0.00791,-0.71102,0.00053,50.26,52.9,0.02,0.072
20:48:14.076,6622.9171,330977,19.92,-4.417,10.037,-2.157,0.0732,0.0154,-1.1021,0.02292,-0.11738,0.00306,1.0098,-0.0081,-0.0161,-0.05889,0.01199,-0.02545,0.47423,0.18186,-0.86141,-0.00024,0.70249,-0.00741,-0.71165,1e-05,50.25,52.9,0.02,0.0725
20:48:14.092,6622.9371,330978,20.082,-4.438,10.059,-2.163,0.0747,0.0166,-1.1052,0.02132,-0.11804,0.0044,1.0073,-0.0103,-0.012,-0.05822,0.01172,-0.02531,0.47388,0.1819,-0.8616,-0.00024,0.70323,-0.00727,-0.71092,-0.00013,50.25,52.88,0.02,0.0744
20:48:14.106,6622.9571,330979,20.014,-4.475,10.081,-2.168,0.0762,0.0171,-1.1038,0.02318,-0.11751,0.00333,1.0078,-0.0088,-0.0129,-0.05849,0.01239,-0.02518,0.47353,0.18194,-0.86178,-0.00024,0.70257,-0.00681,-0.71158,-0.00059,50.25,52.91,0.02,0.0741
20:48:14.136,6622.9771,330980,20.164,-4.453,10.103,-2.173,0.073,0.0178,-1.1077,0.02225,-0.11711,0.0036,1.0093,-0.012,-0.0095,-0.05782,0.01279,-0.02451,0.47317,0.18198,-0.86197,-0.00025,0.70318,-0.00737,-0.71097,-2e-05,50.27,52.89,0.02,0.0729
20:48:14.151,6622.9971,330981,20.112,-4.429,10.126,-2.178,0.0762,0.02,-1.1047,0.02292,-0.11804,0.0036,1.0076,-0.0107,-0.0115,-0.05836,0.01292,-0.02585,0.47282,0.18202,-0.86215,-0.00025,0.70254,-0.00791,-0.7116,0.00052,50.25,52.9,0.02,0.0742
20:48:14.166,6623.0171,330982,20.207,-4.496,10.148,-2.183,0.0759,0.0142,-1.1089,0.02292,-0.11858,0.00333,1.0078,-0.0056,-0.0103,-0.05849,0.01372,-0.02611,0.47247,0.18206,-0.86234,-0.00025,0.70292,-0.00701,-0.71123,-0.00039,50.25,52.91,0.02,0.0741
20:48:14.196,6623.0371,330983,20.367,-4.506,10.17,-2.188,0.0747,0.0154,-1.1047,0.02372,-0.11938,0.00293,1.0112,-0.0095,-0.0105,-0.05902,0.01386,-0.02611,0.47212,0.18209,-0.86252,-0.00025,0.70364,-0.00705,-0.71052,-0.00035,50.24,52.91,0.02,0.0715
20:48:14.211,6623.0571,330984,20.342,-4.47,10.193,-2.193,0.0769,0.0156,-1.1021,0.02345,-0.11804,0.00293,1.0103,-0.012,-0.0115,-0.05836,0.01319,-0.02678,0.47177,0.18213,-0.86271,-0.00025,0.70315,-0.0078,-0.711,0.00041,50.25,52.91,0.02,0.0722
20:48:14.226,6623.0771,330985,20.267,-4.477,10.215,-2.198,0.0728,0.0142,-1.1047,0.02332,-0.11871,0.00266,1.0073,-0.0117,-0.0132,-0.05875,0.01279,-0.02571,0.47142,0.18217,-0.86289,-0.00024,0.7024,-0.00783,-0.71174,0.00043,50.26,52.9,0.02,0.0744
20:48:14.256,6623.0971,330986,20.282,-4.548,10.237,-2.203,0.0771,0.0168,-1.1042,0.02252,-0.11844,0.00293,1.0127,-0.0093,-0.0137,-0.05822,0.01332,-0.02531,0.47106,0.18221,-0.86308,-0.00024,0.70229,-0.00686,-0.71185,-0.00056,50.25,52.9,0.02,0.0704
20:48:14.272,6623.1171,330987,20.439,-4.579,10.259,-2.208,0.072,0.0166,-1.0955,0.02278,-0.11831,0.00333,1.0076,-0.0068,-0.0083,-0.05889,0.01292,-0.02558,0.47071,0.18225,-0.86326,-0.00025,0.70301,-0.00657,-0.71114,-0.00084,50.26,52.92,0.02,0.0743
20:48:14.287,6623.1371,330988,20.554,-4.534,10.282,-2.213,0.0762,0.0134,-1.1101,0.02332,-0.11764,0.00293,1.0083,-0.0127,-0.0098,-0.05822,0.01319,-0.02558,0.47036,0.18229,-0.86344,-0.00024,0.70338,-0.00747,-0.71077,7e-05,50.25,52.9,0.02,0.0737
20:48:14.331,6623.1571,330989,20.683,-4.588,10.304,-2.219,0.073,0.0154,-1.1055,0.02372,-0.11818,0.00386,1.0078,-0.01,-0.01,-0.05822,0.01332,-0.02505,0.47001,0.18233,-0.86363,-0.00024,0.70396,-0.0068,-0.71021,-0.0006,50.25,52.88,0.02,0.0741
20:48:14.332,6623.1771,330990,20.619,-4.63,10.326,-2.224,0.0757,0.0149,-1.1052,0.02265,-0.11804,0.00346,1.009,-0.0051,-0.0134,-0.05822,0.01332,-0.02611,0.46965,0.18236,-0.86381,-0.00024,0.70332,-0.00628,-0.71084,-0.00113,50.25,52.89,0.02,0.0732
20:48:14.347,6623.1971,330991,20.772,-4.613,10.349,-2.229,0.0718,0.0164,-1.0996,0.02172,-0.11764,0.00306,1.0105,-0.0112,-0.0056,-0.05822,0.01279,-0.02585,0.4693,0.1824,-0.86399,-0.00024,0.70396,-0.00675,-0.7102,-0.00065,50.24,52.9,0.02,0.0721
20:48:14.376,6623.2171,330992,20.725,-4.587,10.372,-2.234,0.0776,0.0173,-1.1025,0.02212,-0.11711,0.00293,1.0088,-0.011,-0.0115,-0.05849,0.01172,-0.02478,0.46895,0.18244,-0.86418,-0.00024,0.70334,-0.00732,-0.71081,-8e-05,50.26,52.9,0.02,0.0733
20:48:14.391,6623.2371,330993,20.887,-4.579,10.394,-2.239,0.0818,0.0208,-1.0942,0.02318,-0.11858,0.00386,1.0076,-0.0117,-0.0076,-0.05756,0.01212,-0.02545,0.4686,0.18248,-0.86436,-0.00024,0.70405,-0.00764,-0.71011,0.00025,50.26,52.89,0.02,0.0742
20:48:14.408,6623.2571,330994,20.81,-4.597,10.417,-2.244,0.0769,0.0193,-1.1028,0.02372,-0.11871,0.0032,1.0066,-0.0103,-0.0132,-0.05836,0.01306,-0.02531,0.46825,0.18252,-0.86454,-0.00025,0.70331,-0.0075,-0.71085,0.0001,50.26,52.89,0.02,0.0749
20:48:14.436,6623.2771,330995,20.752,-4.581,10.439,-2.249,0.0762,0.0188,-1.1082,0.02425,-0.11804,0.0032,1.0107,-0.012,-0.0129,-0.05862,0.01386,-0.02665,0.46789,0.18256,-0.86472,-0.00025,0.70264,-0.00789,-0.7115,0.00049,50.25,52.9,0.02,0.0719
20:48:14.451,6623.2971,330996,20.887,-4.627,10.461,-2.254,0.0774,0.0127,-1.1064,0.02305,-0.11804,0.0032,1.0122,-0.0071,-0.0073,-0.05836,0.01319,-0.02678,0.46754,0.1826,-0.86491,-0.00024,0.70324,-0.00736,-0.71091,-5e-05,50.26,52.9,0.02,0.0708
20:48:14.466,6623.3171,330997,20.988,-4.576,10.484,-2.259,0.0764,0.0144,-1.1052,0.02318,-0.11818,0.00306,1.0061,-0.0146,-0.0098,-0.05822,0.01292,-0.02585,0.46719,0.18264,-0.86509,-0.00024,0.70352,-0.00834,-0.71063,0.00095,50.24,52.9,0.02,0.0753
20:48:14.496,6623.3371,330998,21.13,-4.623,10.506,-2.264,0.0757,0.0149,-1.1082,0.02292,-0.11871,0.00346,1.0068,-0.012,-0.0088,-0.05849,0.01332,-0.02678,0.46683,0.18267,-0.86527,-0.00024,0.70416,-0.00779,-0.71,0.00041,50.24,52.9,0.02,0.0748
20:48:14.511,6623.3571,330999,21.12,-4.694,10.529,-2.269,0.0706,0.0159,-1.1001,0.02332,-0.11898,0.0028,1.0107,-0.0095,-0.009,-0.05849,0.01372,-0.02638,0.46648,0.18271,-0.86545,-0.00024,0.7039,-0.00685,-0.71027,-0.00054,50.24,52.89,0.02,0.0719
20:48:14.556,6623.3771,331000,21.097,-4.655,10.551,-2.274,0.0762,0.0161,-1.1052,0.02225,-0.11831,0.00386,1.0107,-0.0142,-0.0125,-0.05875,0.01199,-0.02518,0.46613,0.18275,-0.86564,-0.00024,0.70342,-0.00761,-0.71074,0.00021,50.24,52.9,0.02,0.0718
20:48:14.557,6623.3971,331001,21.024,-4.649,10.574,-2.28,0.0798,0.0156,-1.1011,0.02145,-0.11804,0.00386,1.0051,-0.012,-0.0137,-0.05836,0.01199,-0.02438,0.46578,0.18279,-0.86582,-0.00024,0.70267,-0.00783,-0.71148,0.00043,50.26,52.9,0.02,0.0761
20:48:14.571,6623.4171,331002,21.084,-4.728,10.596,-2.285,0.0791,0.0188,-1.1038,0.02225,-0.11764,0.0028,1.0046,-0.0095,-0.0122,-0.05822,0.01239,-0.02518,0.46542,0.18283,-0.866,-0.00024,0.70285,-0.00678,-0.7113,-0.00063,50.24,52.91,0.02,0.0765
20:48:14.586,6623.4371,331003,21.047,-4.79,10.618,-2.29,0.0767,0.0151,-1.1067,0.02411,-0.11831,0.00333,1.0105,-0.0073,-0.0129,-0.05809,0.01346,-0.02571,0.46507,0.18287,-0.86618,-0.00024,0.70241,-0.00598,-0.71174,-0.00144,50.26,52.89,0.02,0.072
20:48:14.617,6623.4571,331004,21.204,-4.775,10.64,-2.295,0.0745,0.0154,-1.1082,0.02438,-0.11858,0.00226,1.0098,-0.01,-0.0083,-0.05889,0.01332,-0.02651,0.46471,0.18292,-0.86636,-0.00024,0.70306,-0.00643,-0.7111,-0.00098,50.25,52.9,0.02,0.0726
20:48:14.633,6623.4771,331005,21.351,-4.753,10.663,-2.3,0.0762,0.0161,-1.1011,0.02252,-0.11764,0.00346,1.012,-0.0115,-0.0076,-0.05889,0.01172,-0.02558,0.46435,0.18296,-0.86655,-0.00024,0.70366,-0.00699,-0.71051,-0.00042,50.27,52.9,0.02,0.0709
20:48:14.676,6623.4971,331006,21.339,-4.705,10.685,-2.305,0.0767,0.0186,-1.1018,0.02225,-0.11778,0.00453,1.0066,-0.0122,-0.0112,-0.05915,0.01239,-0.02505,0.464,0.183,-0.86673,-0.00024,0.70323,-0.00786,-0.71092,0.00046,50.25,52.9,0.02,0.0749
20:48:14.677,6623.5171,331007,21.332,-4.78,10.707,-2.311,0.075,0.0149,-1.1035,0.02345,-0.11818,0.00346,1.0073,-0.011,-0.0112,-0.05809,0.01332,-0.02558,0.46365,0.18304,-0.86691,-0.00024,0.70299,-0.00687,-0.71116,-0.00054,50.26,52.91,0.02,0.0744
20:48:14.692,6623.5371,331008,21.481,-4.752,10.73,-2.316,0.0786,0.0122,-1.103,0.02292,-0.11778,0.0036,1.0076,-0.0115,-0.0093,-0.05756,0.01346,-0.02665,0.46329,0.18307,-0.86709,-0.00023,0.70359,-0.00749,-0.71057,9e-05,50.23,52.9,0.02,0.0742
20:48:14.707,6623.5571,331009,21.619,-4.797,10.752,-2.321,0.0774,0.0198,-1.104,0.02305,-0.11738,0.00373,1.012,-0.01,-0.009,-0.05915,0.01279,-0.02611,0.46294,0.18311,-0.86727,-0.00024,0.70422,-0.00701,-0.70995,-0.00039,50.24,52.9,0.02,0.0709
20:48:14.737,6623.5771,331010,21.563,-4.773,10.775,-2.326,0.0776,0.0176,-1.1006,0.02225,-0.11764,0.00333,1.0061,-0.0107,-0.01,-0.05836,0.01252,-0.02505,0.46259,0.18315,-0.86745,-0.00024,0.70355,-0.00751,-0.71061,0.00011,50.25,52.9,0.02,0.0753
20:48:14.751,6623.5971,331011,21.493,-4.773,10.797,-2.331,0.0754,0.0171,-1.1111,0.02372,-0.11871,0.00293,1.01,-0.0115,-0.0139,-0.05822,0.01332,-0.02625,0.46223,0.18319,-0.86763,-0.00024,0.70282,-0.00764,-0.71132,0.00024,50.26,52.91,0.02,0.0724
20:48:14.796,6623.6171,331012,21.588,-4.841,10.819,-2.336,0.073,0.0146,-1.1055,0.02372,-0.11711,0.0032,1.012,-0.0063,-0.01,-0.05836,0.01399,-0.02558,0.46188,0.18323,-0.86781,-0.00024,0.70321,-0.0068,-0.71095,-0.00061,50.27,52.9,0.02,0.0709
20:48:14.797,6623.6371,331013,21.74,-4.873,10.842,-2.341,0.0759,0.0146,-1.1045,0.02318,-0.11764,0.00373,1.011,-0.0071,-0.0071,-0.05849,0.01372,-0.02558,0.46152,0.18327,-0.86799,-0.00024,0.7039,-0.00651,-0.71027,-0.0009,50.26,52.9,0.02,0.0717
20:48:14.811,6623.6571,331014,21.76,-4.82,10.865,-2.347,0.0798,0.0186,-1.1035,0.02198,-0.11724,0.00413,1.0112,-0.0115,-0.01,-0.05889,0.01292,-0.02505,0.46117,0.1833,-0.86817,-0.00024,0.70367,-0.00746,-0.71049,6e-05,50.25,52.91,0.02,0.0715
20:48:14.826,6623.6771,331015,21.688,-4.825,10.887,-2.352,0.0803,0.0154,-1.1038,0.02252,-0.11684,0.0032,1.009,-0.011,-0.0144,-0.05915,0.01199,-0.02545,0.46082,0.18334,-0.86835,-0.00023,0.70293,-0.00752,-0.71121,0.00011,50.26,52.9,0.02,0.0731
20:48:14.856,6623.6971,331016,21.83,-4.873,10.909,-2.357,0.0745,0.0151,-1.1003,0.02292,-0.11831,0.0032,1.0078,-0.0076,-0.0078,-0.05875,0.01292,-0.02558,0.46046,0.18338,-0.86853,-0.00023,0.70358,-0.007,-0.71058,-0.00041,50.25,52.89,0.02,0.0741
20:48:14.871,6623.7171,331017,21.984,-4.845,10.932,-2.362,0.074,0.019,-1.0991,0.02185,-0.11844,0.00413,1.0046,-0.0125,-0.0068,-0.05929,0.01239,-0.02585,0.46011,0.18342,-0.86871,-0.00024,0.70421,-0.00762,-0.70995,0.00022,50.26,52.9,0.02,0.0765
20:48:14.901,6623.7371,331018,21.916,-4.842,10.954,-2.367,0.0762,0.0208,-1.1011,0.02438,-0.11818,0.00373,1.0105,-0.0127,-0.0151,-0.05822,0.01306,-0.02558,0.45975,0.18346,-0.86889,-0.00024,0.7035,-0.00778,-0.71065,0.00038,50.24,52.91,0.02,0.072
20:48:14.916,6623.7571,331019,21.858,-4.892,10.977,-2.372,0.0735,0.0139,-1.1033,0.02372,-0.11911,0.00306,1.0095,-0.009,-0.0127,-0.05769,0.01359,-0.02665,0.4594,0.1835,-0.86907,-0.00024,0.70292,-0.00717,-0.71124,-0.00025,50.26,52.9,0.02,0.0728
20:48:14.931,6623.7771,331020,22.013,-4.923,10.999,-2.377,0.0732,0.0164,-1.1021,0.02345,-0.11764,0.0032,1.0095,-0.0083,-0.0076,-0.05809,0.01239,-0.02491,0.45904,0.18353,-0.86925,-0.00024,0.70363,-0.00692,-0.71054,-0.0005,50.25,52.9,0.02,0.0728
20:48:14.946,6623.7971,331021,21.956,-4.895,11.021,-2.382,0.0786,0.0173,-1.1013,0.02172,-0.11604,0.00373,1.0054,-0.0117,-0.0132,-0.05875,0.01212,-0.02465,0.45871,0.18356,-0.86942,-0.00024,0.70296,-0.00744,-0.71119,3e-05,50.26,52.91,0.02,0.0758
20:48:14.976,6623.8171,331022,22.05,-4.838,11.044,-2.387,0.0762,0.0234,-1.1028,0.02278,-0.11711,0.0024,1.0066,-0.0132,-0.0112,-0.05889,0.01239,-0.02571,0.45835,0.1836,-0.8696,-0.00025,0.70318,-0.00845,-0.71096,0.00105,50.26,52.88,0.02,0.0749
20:48:14.992,6623.8371,331023,22.126,-4.912,11.066,-2.393,0.0769,0.0137,-1.0999,0.02411,-0.11858,0.00346,1.0127,-0.0088,-0.0098,-0.05782,0.01332,-0.02571,0.458,0.18364,-0.86978,-0.00024,0.70346,-0.00753,-0.7107,0.00013,50.25,52.9,0.02,0.0704
20:48:15.021,6623.8571,331024,22.276,-4.951,11.089,-2.398,0.0771,0.0139,-1.1035,0.02278,-0.11764,0.00453,1.009,-0.0085,-0.0061,-0.05796,0.01239,-0.02411,0.45765,0.18368,-0.86996,-0.00024,0.70414,-0.00715,-0.71002,-0.00025,50.24,52.9,0.02,0.0732
20:48:15.037,6623.8771,331025,22.198,-4.944,11.111,-2.403,0.0774,0.0227,-1.1021,0.02145,-0.11711,0.00346,1.001,-0.012,-0.0164,-0.05862,0.01159,-0.02438,0.45729,0.18372,-0.87013,-0.00025,0.70336,-0.00738,-0.71079,-3e-05,50.25,52.91,0.02,0.0791
20:48:15.051,6623.8971,331026,22.255,-4.886,11.134,-2.408,0.0747,0.0193,-1.103,0.02252,-0.11764,0.00373,1.01,-0.0134,-0.0107,-0.05809,0.01279,-0.02598,0.45694,0.18375,-0.87031,-0.00025,0.70335,-0.00839,-0.71079,0.001,50.25,52.91,0.02,0.0724
20:48:15.066,6623.9171,331027,22.4,-4.928,11.156,-2.413,0.0759,0.0151,-1.0996,0.02372,-0.11831,0.00333,1.0105,-0.0115,-0.0078,-0.05809,0.01346,-0.02558,0.45658,0.18379,-0.87049,-0.00025,0.70401,-0.00797,-0.71014,0.00057,50.25,52.9,0.02,0.0721
20:48:15.096,6623.9371,331028,22.331,-4.934,11.179,-2.418,0.0715,0.0164,-1.1047,0.02305,-0.11831,0.0048,1.0122,-0.0122,-0.0093,-0.05822,0.01279,-0.02518,0.45623,0.18383,-0.87067,-0.00025,0.7033,-0.008,-0.71085,0.0006,50.24,52.89,0.02,0.0708
20:48:15.111,6623.9571,331029,22.485,-4.91,11.201,-2.423,0.0776,0.0171,-1.1033,0.02345,-0.11724,0.00386,1.0076,-0.0142,-0.0085,-0.05875,0.01199,-0.02531,0.45587,0.18387,-0.87085,-0.00025,0.70394,-0.00854,-0.71021,0.00115,50.26,52.9,0.02,0.0742
20:48:15.156,6623.9771,331030,22.545,-4.993,11.224,-2.428,0.0737,0.0159,-1.1042,0.02438,-0.11711,0.004,1.0056,-0.0098,-0.0083,-0.05822,0.01239,-0.02585,0.45552,0.18391,-0.87102,-0.00025,0.70412,-0.0075,-0.71004,0.00011,50.25,52.89,0.02,0.0757
20:48:15.157,6623.9971,331031,22.682,-5.043,11.247,-2.433,0.0732,0.0103,-1.106,0.02278,-0.11818,0.0024,1.01,-0.0098,-0.0073,-0.05862,0.01319,-0.02585,0.45516,0.18394,-0.8712,-0.00024,0.70475,-0.00697,-0.70943,-0.00042,50.25,52.9,0.02,0.0724
20:48:15.171,6624.0171,331032,22.627,-5.014,11.269,-2.438,0.0735,0.0176,-1.103,0.02198,-0.11631,0.00346,1.0039,-0.0129,-0.0112,-0.05889,0.01212,-0.02518,0.4548,0.18398,-0.87138,-0.00024,0.70407,-0.00751,-0.71009,0.00012,50.26,52.9,0.02,0.077
20:48:15.186,6624.0371,331033,22.568,-4.997,11.292,-2.444,0.0774,0.0159,-1.104,0.02278,-0.11804,0.00413,1.0107,-0.0127,-0.012,-0.05836,0.01266,-0.02571,0.45445,0.18402,-0.87156,-0.00024,0.7034,-0.00789,-0.71075,0.00049,50.25,52.91,0.02,0.0719
20:48:15.216,6624.0571,331034,22.686,-5.063,11.314,-2.449,0.0752,0.0127,-1.1035,0.02478,-0.11671,0.00373,1.0083,-0.0056,-0.0061,-0.05756,0.01426,-0.02651,0.4541,0.18406,-0.87173,-0.00022,0.70394,-0.00713,-0.71023,-0.00025,50.27,52.89,0.02,0.0737
20:48:15.231,6624.0771,331035,22.7,-5.143,11.337,-2.454,0.0718,0.0115,-1.1052,0.02158,-0.11751,0.00426,1.011,-0.0024,-0.0098,-0.05822,0.01346,-0.02505,0.45375,0.1841,-0.87191,-0.00022,0.70383,-0.00614,-0.71034,-0.00126,50.25,52.89,0.02,0.0717
20:48:15.261,6624.0971,331036,22.675,-5.093,11.359,-2.459,0.0752,0.021,-1.0986,0.02012,-0.11698,0.00426,1.0061,-0.0195,-0.0171,-0.05889,0.01132,-0.02425,0.4534,0.18412,-0.87208,-0.00024,0.70333,-0.00694,-0.71083,-0.00046,50.25,52.89,0.02,0.0752
20:48:15.276,6624.1171,331037,22.807,-5.049,11.382,-2.464,0.0776,0.0205,-1.0994,0.02292,-0.11844,0.00346,1.0071,-0.0151,-0.0073,-0.05862,0.01266,-0.02558,0.45305,0.18415,-0.87226,-0.00024,0.70381,-0.00775,-0.71035,0.00036,50.27,52.89,0.02,0.0746
20:48:15.291,6624.1371,331038,22.938,-5.105,11.405,-2.47,0.0696,0.0054,-1.1064,0.02252,-0.11791,0.0032,1.01,-0.0034,-0.0015,-0.05822,0.01306,-0.02625,0.45269,0.18419,-0.87244,-0.00024,0.7044,-0.00714,-0.70977,-0.00024,50.24,52.89,0.02,0.0725
20:48:15.306,6624.1571,331039,22.891,-5.062,11.427,-2.475,0.0771,0.0225,-1.0964,0.02078,-0.11804,0.00413,0.9995,-0.0161,-0.0134,-0.05982,0.01226,-0.02425,0.45234,0.18421,-0.87261,-0.00026,0.70376,-0.00784,-0.71039,0.00046,50.25,52.89,0.02,0.0798
20:48:15.336,6624.1771,331040,22.898,-5.003,11.449,-2.48,0.0864,0.0229,-1.0886,0.02438,-0.11924,0.00373,1.0017,-0.0244,-0.0137,-0.05889,0.01519,-0.02785,0.45198,0.18425,-0.87279,-0.00026,0.70344,-0.00883,-0.7107,0.00145,50.25,52.9,0.02,0.0784
20:48:15.381,6624.1971,331041,23.018,-5.074,11.472,-2.485,0.0596,-0.0068,-1.0793,0.02785,-0.12151,0.0012,1.0166,0.0,-0.0007,-0.05769,0.01932,-0.03171,0.45159,0.18433,-0.87298,-0.00023,0.70395,-0.00809,-0.7102,0.00071,50.24,52.91,0.02,0.0675
20:48:15.382,6624.2171,331042,23.121,-5.129,11.495,-2.49,0.0742,0.012,-1.1221,0.02585,-0.12044,0.0016,1.0349,-0.0061,-0.0046,-0.05809,0.01585,-0.02731,0.45121,0.18439,-0.87316,-0.00021,0.70435,-0.00752,-0.70981,0.00015,50.25,52.9,0.02,0.0538
20:48:15.383,6624.2371,331043,23.156,-5.063,11.517,-2.495,0.0764,0.0203,-1.1118,0.02025,-0.11698,0.00453,1.009,-0.0183,-0.0088,-0.05862,0.01066,-0.02158,0.45086,0.18441,-0.87334,-0.00023,0.70421,-0.00857,-0.70994,0.0012,50.25,52.9,0.02,0.0731
20:48:15.411,6624.2571,331044,23.084,-5.046,11.54,-2.5,0.0764,0.0266,-1.093,0.01998,-0.11551,0.0044,1.0083,-0.0166,-0.0151,-0.05849,0.00893,-0.02238,0.45053,0.18443,-0.8735,-0.00025,0.70347,-0.00888,-0.71067,0.0015,50.25,52.9,0.02,0.0736
20:48:15.427,6624.2771,331045,23.215,-5.105,11.563,-2.505,0.0776,0.0166,-1.0952,0.02212,-0.11698,0.00213,1.0061,-0.009,-0.0051,-0.05849,0.01212,-0.02611,0.45018,0.18447,-0.87368,-0.00025,0.70407,-0.00822,-0.71009,0.00085,50.24,52.91,0.02,0.0754
20:48:15.471,6624.2971,331046,23.347,-5.163,11.585,-2.51,0.0732,0.0146,-1.1155,0.02212,-0.11698,0.00426,1.0076,-0.0051,-0.0012,-0.05836,0.01252,-0.02465,0.44982,0.1845,-0.87385,-0.00025,0.70466,-0.00759,-0.7095,0.00023,50.23,52.9,0.02,0.0743
20:48:15.474,6624.3171,331047,23.508,-5.144,11.608,-2.515,0.0686,0.0186,-1.1042,0.01905,-0.11658,0.00506,1.0051,-0.0139,-0.002,-0.05955,0.01066,-0.02278,0.44948,0.18451,-0.87402,-0.00028,0.70536,-0.00802,-0.70881,0.00064,50.23,52.91,0.02,0.0761
20:48:15.501,6624.3371,331048,23.429,-5.167,11.631,-2.52,0.0745,0.0242,-1.0986,0.01852,-0.11471,0.0044,1.0095,-0.0068,-0.0176,-0.05942,0.00959,-0.02265,0.44916,0.18452,-0.87419,-0.00031,0.70464,-0.00775,-0.70953,0.00035,50.24,52.91,0.02,0.0727
20:48:15.517,6624.3571,331049,23.386,-5.225,11.654,-2.525,0.0737,0.0137,-1.0972,0.02038,-0.11658,0.00346,1.0151,-0.0032,-0.0122,-0.05849,0.01092,-0.02358,0.44882,0.18455,-0.87436,-0.00033,0.70417,-0.00703,-0.70999,-0.00038,50.25,52.9,0.02,0.0686
20:48:15.531,6624.3771,331050,23.331,-5.223,11.676,-2.531,0.0774,0.0183,-1.1038,0.01998,-0.11658,0.004,1.0269,-0.011,-0.0176,-0.05942,0.00946,-0.02345,0.44849,0.18457,-0.87453,-0.00035,0.70355,-0.00715,-0.71061,-0.00028,50.24,52.9,0.02,0.0597
20:48:15.546,6624.3971,331051,23.266,-5.209,11.698,-2.536,0.0767,0.0186,-1.1021,0.02105,-0.11804,0.00413,1.0081,-0.0129,-0.0176,-0.05822,0.01106,-0.02478,0.44813,0.18461,-0.8747,-0.00035,0.70284,-0.00745,-0.71131,2e-05,50.24,52.9,0.02,0.0737
20:48:15.576,6624.4171,331052,23.421,-5.252,11.721,-2.541,0.0752,0.0198,-1.1045,0.02465,-0.11951,0.00333,1.0068,-0.0095,-0.01,-0.05822,0.01399,-0.02691,0.44776,0.18465,-0.87488,-0.00034,0.70355,-0.00709,-0.71061,-0.00034,50.25,52.87,0.02,0.0748
20:48:15.621,6624.4371,331053,23.586,-5.26,11.743,-2.546,0.0747,0.0161,-1.1091,0.02318,-0.11858,0.00413,1.0076,-0.0105,-0.0029,-0.05849,0.01386,-0.02638,0.4474,0.18469,-0.87506,-0.00034,0.70429,-0.00718,-0.70987,-0.00024,50.24,52.89,0.02,0.0743
20:48:15.622,6624.4571,331054,23.688,-5.33,11.766,-2.551,0.0718,0.0161,-1.1047,0.02358,-0.11738,0.004,1.0122,-0.0076,-0.0068,-0.05836,0.01199,-0.02478,0.44704,0.18473,-0.87523,-0.00034,0.70473,-0.00638,-0.70945,-0.00104,50.24,52.89,0.02,0.0708
20:48:15.623,6624.4771,331055,23.621,-5.327,11.789,-2.557,0.0771,0.0183,-1.1018,0.02145,-0.11778,0.00306,1.0112,-0.01,-0.0176,-0.05782,0.01159,-0.02411,0.44669,0.18476,-0.87541,-0.00034,0.70402,-0.00654,-0.71015,-0.00088,50.24,52.9,0.02,0.0714
20:48:15.651,6624.4971,331056,23.591,-5.285,11.811,-2.562,0.0769,0.0161,-1.1074,0.02145,-0.11804,0.0028,1.0112,-0.0144,-0.0137,-0.05889,0.01226,-0.02358,0.44633,0.1848,-0.87558,-0.00034,0.70348,-0.00725,-0.71067,-0.00018,50.25,52.89,0.02,0.0715
20:48:15.681,6624.5171,331057,23.527,-5.263,11.833,-2.567,0.0693,0.0168,-1.1003,0.02212,-0.11684,0.004,1.0037,-0.0146,-0.0181,-0.05915,0.01226,-0.02451,0.44597,0.18484,-0.87575,-0.00034,0.70277,-0.00767,-0.71138,0.00024,50.25,52.89,0.02,0.077
20:48:15.696,6624.5371,331058,23.461,-5.305,11.855,-2.572,0.0752,0.0183,-1.1104,0.02198,-0.11764,0.00493,1.0112,-0.0066,-0.0186,-0.05955,0.01172,-0.02358,0.44561,0.18487,-0.87593,-0.00034,0.70212,-0.00723,-0.71202,-0.00023,50.23,52.89,0.02,0.0715
20:48:15.741,6624.5571,331059,23.549,-5.373,11.877,-2.577,0.0718,0.0181,-1.1077,0.02052,-0.11578,0.004,1.0168,-0.0054,-0.0122,-0.05862,0.01172,-0.02345,0.44528,0.1849,-0.87609,-0.00036,0.70248,-0.00645,-0.71167,-0.00103,50.27,52.9,0.02,0.0673
20:48:15.742,6624.5771,331060,23.525,-5.325,11.899,-2.583,0.0745,0.0173,-1.1118,0.01892,-0.11631,0.0028,1.0161,-0.0105,-0.0151,-0.05862,0.01053,-0.02292,0.44494,0.18492,-0.87626,-0.00039,0.702,-0.00716,-0.71214,-0.00031,50.26,52.89,0.02,0.0678
20:48:15.744,6624.5971,331061,23.639,-5.387,11.921,-2.588,0.0789,0.0032,-1.1167,0.01945,-0.11471,0.00373,1.0054,0.0054,-0.0034,-0.05862,0.00919,-0.02172,0.44462,0.18494,-0.87642,-0.00041,0.70252,-0.00645,-0.71163,-0.00103,50.26,52.91,0.02,0.0759
20:48:15.771,6624.6171,331062,23.634,-5.312,11.943,-2.593,0.0754,0.0518,-1.0898,0.01652,-0.11658,0.00426,0.9985,-0.0361,-0.0232,-0.05955,0.00839,-0.02012,0.44429,0.18495,-0.87658,-0.00047,0.70213,-0.0075,-0.71201,1e-05,50.27,52.9,0.02,0.0796
20:48:15.786,6624.6371,331063,23.695,-5.399,11.965,-2.598,0.0803,0.0063,-1.1021,0.02345,-0.11738,0.00333,1.0078,0.0022,-0.0117,-0.05862,0.01372,-0.02598,0.44393,0.18498,-0.87676,-0.00047,0.70232,-0.00649,-0.71183,-0.001,50.26,52.89,0.02,0.0741
20:48:15.816,6624.6571,331064,23.849,-5.37,11.988,-2.603,0.0732,0.0212,-1.0952,0.02198,-0.11818,0.0024,1.0061,-0.0125,-0.0085,-0.05822,0.01332,-0.02505,0.44357,0.18502,-0.87693,-0.00047,0.70295,-0.00707,-0.7112,-0.00041,50.26,52.89,0.02,0.0753
20:48:15.846,6624.6771,331065,23.812,-5.349,12.01,-2.608,0.0803,0.0186,-1.1157,0.02318,-0.11858,0.00346,1.0239,-0.0164,-0.0212,-0.05822,0.01252,-0.02571,0.44322,0.18506,-0.8771,-0.00047,0.7024,-0.00748,-0.71174,-0.0,50.24,52.89,0.02,0.0618
20:48:15.847,6624.6971,331066,23.944,-5.416,12.032,-2.614,0.0779,0.0151,-1.0981,0.02225,-0.11804,0.00306,1.0012,-0.0073,-0.0105,-0.05822,0.01279,-0.02531,0.44286,0.18509,-0.87728,-0.00047,0.70302,-0.00677,-0.71114,-0.00072,50.26,52.87,0.02,0.079
20:48:15.891,6624.7171,331067,24.025,-5.356,12.054,-2.619,0.0742,0.0193,-1.1113,0.02332,-0.11818,0.00293,1.0132,-0.01,-0.0115,-0.05782,0.01279,-0.02505,0.4425,0.18513,-0.87745,-0.00047,0.70315,-0.00774,-0.711,0.00026,50.25,52.89,0.02,0.07
20:48:15.892,6624.7371,331068,23.998,-5.429,12.076,-2.624,0.0715,0.0142,-1.1062,0.02252,-0.11791,0.00293,1.012,-0.0076,-0.0129,-0.05782,0.01346,-0.02598,0.44214,0.18517,-0.87762,-0.00047,0.70278,-0.00689,-0.71137,-0.0006,50.26,52.91,0.02,0.0709
20:48:15.906,6624.7571,331069,24.158,-5.419,12.099,-2.629,0.071,0.0181,-1.0989,0.02292,-0.11778,0.0032,1.0095,-0.0098,-0.0105,-0.05782,0.01306,-0.02598,0.44179,0.1852,-0.8778,-0.00047,0.70348,-0.00722,-0.71068,-0.00026,50.25,52.91,0.02,0.0728
20:48:15.936,6624.7771,331070,24.192,-5.356,12.121,-2.634,0.0745,0.0156,-1.1074,0.02332,-0.11804,0.00306,1.0105,-0.0151,-0.0112,-0.05875,0.01319,-0.02558,0.44143,0.18524,-0.87797,-0.00047,0.70331,-0.00821,-0.71083,0.00074,50.25,52.9,0.02,0.072
20:48:15.966,6624.7971,331071,24.309,-5.424,12.143,-2.639,0.0767,0.0139,-1.0962,0.02252,-0.11778,0.00253,1.009,-0.0095,-0.0085,-0.05849,0.01332,-0.02625,0.44107,0.18528,-0.87814,-0.00047,0.70384,-0.00748,-0.71032,1e-05,50.26,52.89,0.02,0.0732
20:48:15.967,6624.8171,331072,24.324,-5.512,12.166,-2.645,0.0732,0.0176,-1.1042,0.02252,-0.11751,0.00373,1.0073,-0.0081,-0.0095,-0.05862,0.01252,-0.02505,0.44071,0.18531,-0.87831,-0.00047,0.70375,-0.00644,-0.71042,-0.00104,50.27,52.89,0.02,0.0745
20:48:15.996,6624.8371,331073,24.449,-5.461,12.189,-2.65,0.0759,0.0183,-1.0952,0.02198,-0.11738,0.004,1.0071,-0.0107,-0.0081,-0.05836,0.01212,-0.02518,0.44035,0.18535,-0.87848,-0.00047,0.70416,-0.00731,-0.71,-0.00016,50.24,52.88,0.02,0.0746
20:48:16.011,6624.8571,331074,24.377,-5.453,12.211,-2.655,0.0745,0.0178,-1.1052,0.02292,-0.11911,0.0044,1.0066,-0.0117,-0.0142,-0.05809,0.01306,-0.02571,0.43999,0.18539,-0.87866,-0.00047,0.70342,-0.00751,-0.71073,4e-05,50.24,52.9,0.02,0.0749
20:48:16.026,6624.8771,331075,24.307,-5.473,12.233,-2.66,0.0781,0.0151,-1.1106,0.02358,-0.11791,0.0036,1.012,-0.0098,-0.0146,-0.05836,0.01346,-0.02625,0.43964,0.18542,-0.87883,-0.00047,0.70272,-0.00736,-0.71143,-0.00013,50.24,52.89,0.02,0.0709
20:48:16.056,6624.8971,331076,24.461,-5.506,12.255,-2.665,0.0801,0.0146,-1.1008,0.02305,-0.11778,0.004,1.0103,-0.01,-0.0117,-0.05862,0.01266,-0.02625,0.43928,0.18546,-0.879,-0.00047,0.70343,-0.00712,-0.71073,-0.00037,50.26,52.89,0.02,0.0722
20:48:16.102,6624.9171,331077,24.431,-5.46,12.278,-2.67,0.0759,0.0164,-1.1055,0.02292,-0.11724,0.00373,1.0078,-0.0117,-0.012,-0.05915,0.01226,-0.02545,0.43892,0.18549,-0.87917,-0.00047,0.7029,-0.00785,-0.71125,0.00037,50.25,52.9,0.02,0.074
20:48:16.105,6624.9371,331078,24.378,-5.523,12.3,-2.676,0.0752,0.0178,-1.1033,0.02305,-0.11844,0.00333,1.0078,-0.0081,-0.0146,-0.05796,0.01252,-0.02491,0.43856,0.18553,-0.87934,-0.00047,0.70236,-0.00714,-0.71179,-0.00036,50.26,52.92,0.02,0.074
20:48:16.131,6624.9571,331079,24.497,-5.469,12.322,-2.681,0.0784,0.0181,-1.1021,0.02225,-0.11724,0.004,1.0085,-0.0132,-0.012,-0.05822,0.01292,-0.02558,0.4382,0.18557,-0.87951,-0.00047,0.70273,-0.00802,-0.71141,0.00054,50.26,52.89,0.02,0.0735
20:48:16.147,6624.9771,331080,24.609,-5.408,12.344,-2.686,0.0801,0.0176,-1.104,0.02185,-0.11751,0.00373,1.0051,-0.0142,-0.0117,-0.05809,0.01239,-0.02505,0.43784,0.1856,-0.87968,-0.00047,0.70306,-0.00898,-0.71107,0.00152,50.25,52.91,0.02,0.076
20:48:16.176,6624.9971,331081,24.636,-5.5,12.366,-2.691,0.0791,0.0168,-1.1089,0.02185,-0.11911,0.00413,1.0061,-0.012,-0.0115,-0.05836,0.01292,-0.02545,0.43748,0.18564,-0.87985,-0.00047,0.70305,-0.00793,-0.71109,0.00045,50.25,52.9,0.02,0.0753
20:48:16.177,6625.0171,331082,24.585,-5.56,12.388,-2.696,0.0723,0.0171,-1.1008,0.02332,-0.11858,0.00253,1.0112,-0.0107,-0.0125,-0.05796,0.01279,-0.02571,0.43713,0.18568,-0.88003,-0.00047,0.70252,-0.00725,-0.71162,-0.00024,50.25,52.9,0.02,0.0715
20:48:16.223,6625.0371,331083,24.699,-5.504,12.411,-2.701,0.0774,0.0142,-1.1064,0.02305,-0.11738,0.0036,1.0085,-0.0127,-0.012,-0.05796,0.01226,-0.02478,0.43677,0.18571,-0.8802,-0.00047,0.70287,-0.00816,-0.71127,0.00069,50.25,52.9,0.02,0.0735
20:48:16.225,6625.0571,331084,24.822,-5.568,12.433,-2.706,0.0767,0.0222,-1.104,0.02225,-0.11831,0.00426,1.0103,-0.0107,-0.0105,-0.05836,0.01186,-0.02465,0.43641,0.18575,-0.88037,-0.00047,0.70342,-0.0075,-0.71073,3e-05,50.24,52.9,0.02,0.0722
20:48:16.227,6625.0771,331085,24.902,-5.499,12.455,-2.711,0.0752,0.0168,-1.1057,0.02252,-0.11871,0.00333,1.0056,-0.012,-0.0103,-0.05809,0.01306,-0.02531,0.43605,0.18578,-0.88054,-0.00047,0.70354,-0.00855,-0.7106,0.00109,50.25,52.9,0.02,0.0757
20:48:16.252,6625.0971,331086,24.877,-5.581,12.478,-2.716,0.0757,0.0183,-1.1038,0.02172,-0.11738,0.00386,1.0068,-0.0071,-0.0125,-0.05849,0.01332,-0.02531,0.43569,0.18582,-0.88071,-0.00047,0.7032,-0.00762,-0.71095,0.00014,50.25,52.89,0.02,0.0748
20:48:16.266,6625.1171,331087,25.033,-5.548,12.5,-2.721,0.072,0.0183,-1.1003,0.02332,-0.11884,0.00306,1.0044,-0.0139,-0.0081,-0.05836,0.01226,-0.02625,0.43533,0.18586,-0.88088,-0.00047,0.70383,-0.00823,-0.71032,0.00077,50.26,52.9,0.02,0.0766
20:48:16.296,6625.1371,331088,24.965,-5.595,12.523,-2.727,0.0752,0.0171,-1.105,0.02305,-0.11818,0.00333,1.0078,-0.0093,-0.0137,-0.05849,0.01199,-0.02531,0.43497,0.18589,-0.88105,-0.00047,0.70318,-0.00772,-0.71097,0.00025,50.26,52.89,0.02,0.074
20:48:16.327,6625.1571,331089,25.065,-5.533,12.545,-2.732,0.0774,0.0186,-1.0999,0.02292,-0.11818,0.00306,1.0095,-0.0132,-0.0107,-0.05809,0.01199,-0.02518,0.43461,0.18593,-0.88122,-0.00047,0.70343,-0.00868,-0.71071,0.00122,50.24,52.91,0.02,0.0728
20:48:16.330,6625.1771,331090,25.22,-5.512,12.568,-2.737,0.0769,0.0142,-1.1013,0.02292,-0.11671,0.00346,1.0103,-0.0146,-0.0098,-0.05849,0.01212,-0.02598,0.43425,0.18597,-0.88139,-0.00047,0.70407,-0.00914,-0.71007,0.0017,50.25,52.89,0.02,0.0722
20:48:16.357,6625.1971,331091,25.147,-5.563,12.59,-2.742,0.072,0.0168,-1.0964,0.02265,-0.11871,0.004,1.0017,-0.0127,-0.0117,-0.05902,0.01359,-0.02531,0.43389,0.186,-0.88156,-0.00047,0.70339,-0.00859,-0.71075,0.00113,50.24,52.89,0.02,0.0786
20:48:16.372,6625.2171,331092,25.194,-5.654,12.612,-2.747,0.0754,0.0151,-1.1079,0.02305,-0.11991,0.00266,1.01,-0.011,-0.0103,-0.05836,0.01319,-0.02531,0.43352,0.18604,-0.88173,-0.00048,0.70349,-0.00758,-0.71066,0.00011,50.27,52.9,0.02,0.0724
20:48:16.403,6625.2371,331093,25.136,-5.707,12.635,-2.752,0.0737,0.0144,-1.0996,0.02305,-0.11751,0.00346,1.0125,-0.0088,-0.0125,-0.05942,0.01252,-0.02531,0.43316,0.18608,-0.8819,-0.00048,0.70291,-0.00702,-0.71124,-0.00047,50.26,52.89,0.02,0.0705
20:48:16.405,6625.2571,331094,25.251,-5.645,12.657,-2.757,0.0769,0.0232,-1.1091,0.02132,-0.11525,0.004,1.0051,-0.0154,-0.0095,-0.05875,0.01186,-0.02531,0.43282,0.18611,-0.88206,-0.00049,0.70328,-0.00795,-0.71087,0.00048,50.27,52.89,0.02,0.0761
20:48:16.446,6625.2771,331095,25.185,-5.705,12.679,-2.762,0.0833,0.0173,-1.1091,0.01639,-0.09912,0.00453,1.0098,-0.0107,-0.0117,-0.05929,0.01252,-0.02598,0.43264,0.1861,-0.88215,-0.0005,0.7028,-0.00719,-0.71135,-0.00029,50.24,52.91,0.02,0.0726
20:48:16.449,6625.2971,331096,25.332,-5.678,12.701,-2.767,0.0593,0.019,-1.0842,0.01998,-0.10672,0.00453,1.0066,-0.011,-0.0105,-0.05902,0.01252,-0.02531,0.43239,0.18612,-0.88227,-0.00051,0.70347,-0.00766,-0.71068,0.00019,50.25,52.88,0.02,0.075
20:48:16.476,6625.3171,331097,25.03,-5.573,12.723,-2.772,-0.1667,-0.2202,-1.1863,-0.08847,0.27539,-0.00173,1.01,-0.0105,-0.009,-0.05902,0.01266,-0.02585,0.43572,0.18569,-0.88072,-0.00072,0.70416,-0.00732,-0.71,-0.00014,50.25,52.89,0.02,0.0724
20:48:16.491,6625.3371,331098,24.555,-5.259,12.744,-2.777,0.1865,0.1567,-1.0991,-0.28418,0.29404,-1.14885,1.0105,-0.0071,-0.009,-0.05849,0.01212,-0.02545,0.43957,0.19456,-0.87685,-0.00773,0.70397,-0.00634,-0.7102,-0.00113,50.24,52.89,0.02,0.0721
20:48:16.508,6625.3571,331099,24.225,-4.98,12.764,-2.781,0.1287,0.0645,-1.1099,-0.14962,0.19465,-0.77261,1.0085,-0.0129,-0.0098,-0.05862,0.01239,-0.02558,0.44224,0.20067,-0.87408,-0.01205,0.70381,-0.00736,-0.71035,-0.00011,50.24,52.89,0.02,0.0735
20:48:16.566,6625.3771,331100,24.204,-4.917,12.784,-2.784,0.114,0.0767,-1.0801,0.01865,-0.01199,-0.14376,1.0083,-0.0117,-0.009,-0.05809,0.01426,-0.02585,0.4428,0.20201,-0.87348,-0.01254,0.70407,-0.00832,-0.71008,0.00087,50.24,52.9,0.02,0.0737
20:48:16.567,6625.3971,331101,24.474,-5.319,12.804,-2.789,0.2554,0.134,-1.123,0.34134,-0.40902,0.42261,1.0129,-0.0127,-0.0132,-0.05862,0.01386,-0.02585,0.43932,0.19976,-0.8758,-0.00851,0.70337,-0.00827,-0.71078,0.0008,50.25,52.89,0.02,0.0702
20:48:16.569,6625.4171,331102,24.628,-5.54,12.825,-2.794,0.1008,0.0229,-1.1313,0.16654,-0.31216,0.99537,1.0107,-0.012,-0.012,-0.05809,0.01426,-0.02691,0.43707,0.19173,-0.87875,-0.00328,0.70273,-0.00783,-0.71142,0.00035,50.25,52.89,0.02,0.0719
20:48:16.596,6625.4371,331103,24.829,-5.737,12.846,-2.799,0.0908,0.0049,-1.071,0.10312,-0.27459,1.19722,1.01,-0.011,-0.0125,-0.05862,0.01292,-0.02611,0.43516,0.18163,-0.88184,0.00235,0.70268,-0.00681,-0.71147,-0.00068,50.23,52.9,0.0239,0.0724
20:48:16.611,6625.4571,331104,25.179,-5.814,12.867,-2.804,0.0957,0.0361,-1.0857,0.09606,-0.29964,1.35443,1.0093,-0.0117,-0.009,-0.05889,0.01146,-0.02518,0.43306,0.17009,-0.88513,0.00853,0.70331,-0.00733,-0.71084,-0.00015,50.27,52.89,0.02,0.0729
20:48:16.626,6625.4771,331105,25.456,-5.908,12.889,-2.809,0.1724,-0.0017,-1.1726,0.12404,-0.38517,1.5684,1.0068,-0.0117,-0.0115,-0.05836,0.01172,-0.02491,0.43006,0.15673,-0.88895,0.01575,0.7029,-0.00821,-0.71125,0.00074,50.26,52.89,0.02,0.0748
20:48:16.686,6625.4971,331106,26.002,-6.173,12.912,-2.815,0.1089,0.0588,-1.0237,0.14429,-0.42847,1.73667,1.01,-0.011,-0.0098,-0.05849,0.01226,-0.02598,0.42586,0.14201,-0.89326,0.02367,0.70353,-0.00771,-0.71062,0.00024,50.25,52.9,0.0566,0.0724
20:48:16.687,6625.5171,331107,26.057,-6.33,12.935,-2.821,-0.0828,0.0005,-1.0974,0.07821,-0.11391,1.1294,1.011,-0.01,-0.0098,-0.05836,0.01386,-0.02625,0.42521,0.13222,-0.89492,0.02894,0.70381,-0.00678,-0.71035,-0.0007,50.25,52.89,0.02,0.0717
20:48:16.689,6625.5371,331108,25.972,-6.287,12.957,-2.827,-0.0156,-0.0371,-1.1077,0.0477,-0.05129,0.58515,1.0088,-0.0134,-0.0115,-0.05836,0.01252,-0.02545,0.42524,0.12712,-0.89555,0.03171,0.70342,-0.00765,-0.71073,0.00018,50.24,52.89,0.02,0.0733
20:48:16.716,6625.5571,331109,25.9,-6.306,12.98,-2.833,0.0801,0.032,-1.1021,0.04277,-0.12044,0.48656,1.0078,-0.0117,-0.0132,-0.05902,0.01186,-0.02491,0.42469,0.12291,-0.89632,0.0339,0.70269,-0.00782,-0.71146,0.00034,50.26,52.9,0.02,0.074
20:48:16.731,6625.5771,331110,26.14,-6.342,13.002,-2.839,0.1562,0.0381,-1.105,0.07048,-0.21104,0.73624,1.0063,-0.0142,-0.0105,-0.05915,0.01279,-0.02585,0.4232,0.11661,-0.89773,0.03727,0.70324,-0.00853,-0.7109,0.00106,50.26,52.88,0.02,0.0752
20:48:16.747,6625.5971,331111,26.258,-6.532,13.025,-2.846,0.1179,0.0178,-1.1248,0.08047,-0.23062,0.94354,1.012,-0.0122,-0.0112,-0.05849,0.01292,-0.02598,0.42142,0.10848,-0.89939,0.04159,0.70313,-0.00754,-0.71102,7e-05,50.25,52.9,0.02,0.0709
20:48:16.791,6625.6171,331112,26.444,-6.608,13.048,-2.852,0.009,-0.0178,-1.0918,0.06688,-0.15055,0.8263,1.0093,-0.011,-0.009,-0.05849,0.01212,-0.02558,0.42039,0.1013,-0.90053,0.04539,0.70386,-0.0076,-0.7103,0.00013,50.24,52.89,0.02,0.0729
20:48:16.792,6625.6371,331113,26.345,-6.557,13.071,-2.858,-0.0007,0.0305,-1.0962,0.03744,-0.05969,0.50055,1.0081,-0.0149,-0.0122,-0.05836,0.01266,-0.02505,0.42031,0.09688,-0.90093,0.04761,0.70332,-0.00831,-0.71082,0.00085,50.24,52.89,0.02,0.0738
20:48:16.822,6625.6571,331114,26.142,-6.579,13.093,-2.865,0.0823,-0.011,-1.1038,0.02585,0.00133,0.58862,1.0056,-0.011,-0.0129,-0.05862,0.01199,-0.02505,0.42075,0.09159,-0.90114,0.05018,0.70268,-0.00774,-0.71146,0.00026,50.25,52.9,0.02,0.0757
20:48:16.825,6625.6771,331115,26.245,-6.607,13.116,-2.871,0.0977,0.0012,-1.1016,0.03637,-0.06901,0.53452,1.0061,-0.0105,-0.0078,-0.05862,0.01226,-0.02518,0.42056,0.08685,-0.90157,0.05253,0.70343,-0.0076,-0.71072,0.00013,50.25,52.89,0.02,0.0754
20:48:16.853,6625.6971,331116,26.206,-6.72,13.138,-2.878,0.0925,0.0146,-1.1106,0.04863,-0.12684,0.44539,1.0068,-0.0088,-0.0115,-0.05889,0.01172,-0.02558,0.41987,0.083,-0.90213,0.05456,0.703,-0.00675,-0.71115,-0.00074,50.25,52.88,0.02,0.0748
20:48:16.866,6625.7171,331117,26.327,-6.676,13.16,-2.884,0.033,-0.0137,-1.1038,0.03757,-0.1275,0.23968,1.0044,-0.0134,-0.01,-0.05796,0.01346,-0.02491,0.41929,0.08095,-0.90253,0.05563,0.70333,-0.00772,-0.71082,0.00025,50.24,52.91,0.02,0.0766
20:48:16.927,6625.7371,331118,26.471,-6.678,13.183,-2.891,0.0903,0.0295,-1.1006,0.01705,-0.09513,0.02145,1.0042,-0.0112,-0.0081,-0.05796,0.01399,-0.02491,0.41913,0.08077,-0.90261,0.05561,0.7041,-0.00769,-0.71006,0.00023,50.27,52.9,0.02,0.0768
20:48:16.930,6625.7571,331119,26.401,-6.676,13.205,-2.897,0.0779,0.0195,-1.1082,0.02598,-0.11471,-0.01172,1.0149,-0.0129,-0.0173,-0.05862,0.00999,-0.02465,0.41881,0.08094,-0.90275,0.05552,0.7034,-0.00783,-0.71075,0.00036,50.25,52.9,0.02,0.0687
20:48:16.932,6625.7771,331120,26.443,-6.798,13.228,-2.904,0.0806,0.0222,-1.104,0.03664,-0.16347,0.00226,1.01,-0.0083,-0.0112,-0.05902,0.01306,-0.02598,0.41803,0.08105,-0.9031,0.05554,0.70321,-0.00685,-0.71095,-0.00064,50.25,52.9,0.02,0.0724
20:48:16.957,6625.7971,331121,26.655,-6.791,13.25,-2.91,0.0728,0.0203,-1.1013,0.04143,-0.19612,-0.00173,1.0059,-0.0095,-0.0107,-0.05836,0.01292,-0.02611,0.41696,0.08124,-0.90358,0.05556,0.70365,-0.00771,-0.71051,0.00024,50.24,52.89,0.02,0.0755
20:48:16.971,6625.8171,331122,26.694,-6.889,13.273,-2.917,0.0698,0.0234,-1.0959,0.02265,-0.12137,-0.02305,1.0076,-0.0107,-0.0098,-0.05915,0.01186,-0.02545,0.41658,0.0815,-0.90374,0.05539,0.70372,-0.00667,-0.71045,-0.00081,50.25,52.89,0.02,0.0742
20:48:16.986,6625.8371,331123,26.58,-6.794,13.295,-2.923,0.0889,0.0107,-1.1235,0.00546,-0.0429,-0.06875,1.0076,-0.0098,-0.011,-0.05902,0.01226,-0.02531,0.41696,0.08206,-0.90355,0.05494,0.70313,-0.00732,-0.71103,-0.00016,50.24,52.9,0.02,0.0742
20:48:17.031,6625.8571,331124,26.521,-6.784,13.318,-2.93,0.0708,0.1008,-1.1003,0.02705,-0.1279,0.03491,1.0059,-0.011,-0.0139,-0.05862,0.01266,-0.02571,0.4165,0.08184,-0.90377,0.055,0.70239,-0.00757,-0.71176,9e-05,50.25,52.89,0.02,0.0755
20:48:17.034,6625.8771,331125,26.64,-6.924,13.34,-2.937,0.0925,-0.0034,-1.1074,0.04117,-0.18639,0.41288,1.0127,-0.0073,-0.0129,-0.05889,0.01252,-0.02518,0.41528,0.07827,-0.90454,0.05677,0.70254,-0.00661,-0.71161,-0.00089,50.25,52.9,0.02,0.0704
20:48:17.047,6625.8971,331126,26.843,-6.963,13.363,-2.943,0.0588,-0.0059,-1.1013,0.04437,-0.15801,0.41368,1.0073,-0.0088,-0.0107,-0.05849,0.01332,-0.02518,0.41431,0.07468,-0.90517,0.05858,0.70327,-0.00683,-0.71089,-0.00066,50.25,52.89,0.02,0.0745
20:48:17.076,6625.9171,331127,26.876,-6.916,13.385,-2.95,0.0403,-0.002,-1.1035,0.0397,-0.12617,0.22023,1.0115,-0.0137,-0.012,-0.05849,0.01226,-0.02545,0.41374,0.07281,-0.90552,0.05958,0.70306,-0.00779,-0.71108,0.00031,50.27,52.89,0.02,0.0713
20:48:17.091,6625.9371,331128,26.922,-6.859,13.408,-2.957,0.072,0.0195,-1.0979,0.03251,-0.13749,0.05969,1.0061,-0.0125,-0.0117,-0.05796,0.01359,-0.02558,0.41317,0.07237,-0.9058,0.05982,0.70284,-0.0088,-0.7113,0.00133,50.26,52.89,0.02,0.0753
20:48:17.106,6625.9571,331129,26.859,-6.904,13.43,-2.963,0.0759,0.0278,-1.1016,0.02238,-0.12364,0.0028,1.0085,-0.0127,-0.0146,-0.05875,0.01332,-0.02585,0.41276,0.0724,-0.90599,0.05974,0.70217,-0.00836,-0.71196,0.00087,50.24,52.9,0.02,0.0735
20:48:17.166,6625.9771,331130,26.78,-6.946,13.453,-2.97,0.0815,0.0149,-1.0991,0.00773,-0.08953,-0.03957,1.0073,-0.0122,-0.0146,-0.05836,0.01279,-0.02611,0.4127,0.07273,-0.90602,0.05938,0.70166,-0.00761,-0.71247,0.0001,50.23,52.89,0.02,0.0744
20:48:17.169,6625.9971,331131,26.909,-6.88,13.475,-2.976,0.0798,0.0337,-1.0984,0.00666,-0.0914,-0.23822,1.0083,-0.0125,-0.0139,-0.05902,0.01332,-0.02545,0.41274,0.07485,-0.9059,0.05819,0.70226,-0.0082,-0.71187,0.00071,50.25,52.9,0.02,0.0736
20:48:17.170,6626.0171,331132,27.085,-6.9,13.497,-2.983,0.0691,0.0256,-1.1128,0.01426,-0.1303,-0.22436,1.0088,-0.0122,-0.011,-0.05875,0.01266,-0.02518,0.41241,0.07691,-0.90595,0.0571,0.703,-0.00807,-0.71115,0.0006,50.25,52.89,0.02,0.0733
20:48:17.212,6626.0372,331133,27.135,-6.915,13.52,-2.989,0.0828,0.0227,-1.1011,0.03597,-0.2149,-0.03038,1.0076,-0.0134,-0.0132,-0.05809,0.01306,-0.02558,0.41118,0.07735,-0.90648,0.05694,0.70233,-0.00856,-0.7118,0.00108,50.25,52.9,0.02,0.0742
20:48:17.213,6626.0571,331134,27.369,-6.962,13.543,-2.996,0.1086,0.0037,-1.1035,0.02518,-0.18666,-0.13043,1.0107,-0.0134,-0.0083,-0.05836,0.01319,-0.02558,0.41028,0.07862,-0.90682,0.0563,0.70305,-0.00851,-0.71109,0.00104,50.24,52.89,0.02,0.0719
20:48:17.226,6626.0771,331135,27.428,-6.969,13.566,-3.002,0.0857,-0.0103,-1.1104,-0.01279,-0.05436,-0.44792,1.0105,-0.0129,-0.011,-0.05782,0.01346,-0.02611,0.41078,0.08255,-0.90638,0.05413,0.7036,-0.00784,-0.71055,0.00036,50.25,52.9,0.02,0.072
20:48:17.271,6626.0972,331136,27.326,-6.957,13.588,-3.009,0.0466,0.0469,-1.1089,-0.01346,-0.07701,-0.63978,1.0107,-0.0107,-0.0112,-0.05822,0.01279,-0.02665,0.41118,0.08824,-0.90583,0.05112,0.70297,-0.00734,-0.71118,-0.00014,50.25,52.89,0.02,0.0719
20:48:17.272,6626.1171,331137,27.262,-6.875,13.611,-3.015,0.0203,0.0417,-1.1008,-0.00373,-0.09459,-0.45245,1.0088,-0.0129,-0.0149,-0.05809,0.01412,-0.02571,0.41129,0.09227,-0.9055,0.04896,0.70234,-0.00788,-0.7118,0.0004,50.25,52.89,0.02,0.0733
20:48:17.286,6626.1371,331138,27.329,-6.963,13.633,-3.022,0.0769,0.0234,-1.1028,0.01732,-0.11165,-0.08314,1.0054,-0.0066,-0.012,-0.05875,0.01306,-0.02531,0.41104,0.09305,-0.90556,0.04851,0.70264,-0.00689,-0.71152,-0.0006,50.25,52.88,0.02,0.0759
20:48:17.318,6626.1572,331139,27.352,-6.89,13.656,-3.028,0.0732,0.02,-1.1042,0.02145,-0.11858,-0.03264,1.0112,-0.0125,-0.0137,-0.05902,0.01212,-0.02531,0.41069,0.09339,-0.90569,0.04829,0.70238,-0.00784,-0.71176,0.00035,50.25,52.9,0.02,0.0715
20:48:17.346,6626.1771,331140,27.354,-6.812,13.678,-3.034,0.011,0.0291,-1.0784,-0.00466,0.03837,-0.03118,1.0078,-0.0125,-0.0085,-0.05915,0.01252,-0.02571,0.41177,0.09354,-0.9052,0.04799,0.70312,-0.00796,-0.71103,0.00049,50.24,52.89,0.0209,0.0741
20:48:17.347,6626.1971,331141,27.051,-6.688,13.7,-3.04,0.0266,0.1021,-1.1931,-0.05929,0.24968,-0.29124,1.0032,-0.0093,-0.0103,-0.05862,0.01199,-0.02478,0.41497,0.09573,-0.9036,0.04629,0.70348,-0.00699,-0.71068,-0.00049,50.24,52.89,0.02,0.0775
20:48:17.391,6626.2172,331142,25.868,-6.176,13.72,-3.045,0.2795,-0.0461,-1.1833,-0.0842,1.10649,-0.40209,1.0063,-0.0115,-0.0063,-0.05836,0.01092,-0.02491,0.42601,0.09839,-0.89824,0.04479,0.70418,-0.00739,-0.70998,-8e-05,50.25,52.89,0.02,0.0752
20:48:17.394,6626.2371,331143,23.438,-5.222,13.736,-3.049,0.082,-0.0034,-1.1316,-0.22609,2.06349,-0.23968,1.0071,-0.0139,-0.0112,-0.05836,0.01266,-0.02531,0.44563,0.09852,-0.88871,0.04362,0.70362,-0.00808,-0.71053,0.00061,50.27,52.91,0.02,0.0746
20:48:17.407,6626.2571,331144,20.26,-4.426,13.747,-3.051,0.1956,0.0205,-1.1553,-0.08207,2.64158,-0.45352,1.0088,-0.0105,-0.0129,-0.05889,0.01092,-0.02451,0.47021,0.10093,-0.87569,0.0433,0.70293,-0.00768,-0.71122,0.00019,50.26,52.89,0.02,0.0733
20:48:17.452,6626.2772,331145,16.469,-3.372,13.751,-3.052,0.2341,0.0657,-1.0627,-0.19878,3.18716,-0.43993,1.009,-0.0117,-0.0127,-0.05809,0.00933,-0.02385,0.49942,0.10234,-0.85924,0.04252,0.70224,-0.00812,-0.7119,0.00064,50.27,52.9,0.02,0.0731
20:48:17.455,6626.2971,331146,13.305,-2.6,13.75,-3.051,0.3201,0.0178,-1.0725,-0.09646,2.80385,-0.36172,1.0081,-0.0144,-0.0117,-0.05862,0.00933,-0.02385,0.52454,0.10366,-0.84398,0.0426,0.70283,-0.0087,-0.7113,0.00122,50.25,52.91,0.02,0.0738
20:48:17.466,6626.3171,331147,10.415,-2.135,13.745,-3.049,0.3782,0.0713,-1.0408,0.02745,2.48023,-0.36279,1.0081,-0.0095,-0.0107,-0.05809,0.00919,-0.02385,0.54637,0.10572,-0.82971,0.04334,0.70311,-0.00775,-0.71104,0.00028,50.26,52.88,0.02,0.0738
20:48:17.511,6626.3371,331148,8.055,-1.705,13.736,-3.047,0.4199,0.0312,-1.0854,-0.04024,1.97182,-0.18586,1.0056,-0.01,-0.0115,-0.05862,0.01039,-0.02425,0.56359,0.10607,-0.81804,0.04394,0.70296,-0.00672,-0.71119,-0.00077,50.24,52.89,0.02,0.0757
20:48:17.512,6626.3571,331149,5.544,-1.164,13.722,-3.044,0.4395,0.0293,-1.0625,-0.09699,2.05336,-0.24341,1.0024,-0.0103,-0.0132,-0.05849,0.00973,-0.02398,0.58132,0.10647,-0.80548,0.04383,0.70237,-0.00748,-0.71178,-1e-05,50.25,52.87,0.02,0.0781
20:48:17.526,6626.3771,331150,2.924,-0.584,13.705,-3.04,0.5295,0.061,-1.0427,-0.1247,2.262,-0.45725,1.0085,-0.0127,-0.0129,-0.05875,0.01053,-0.02425,0.60061,0.1083,-0.79104,0.04244,0.70262,-0.00845,-0.71152,0.00097,50.26,52.89,0.02,0.0735
20:48:17.558,6626.3972,331151,0.132,0.035,13.683,-3.035,0.5093,0.0662,-0.9529,-0.17613,2.43507,-0.53426,1.0112,-0.0105,-0.011,-0.05862,0.01159,-0.02478,0.62104,0.11029,-0.77493,0.04034,0.70309,-0.00769,-0.71106,0.0002,50.25,52.89,0.02,0.0715
20:48:17.571,6626.4171,331152,-2.181,0.536,13.658,-3.03,0.6379,0.0862,-0.9944,-0.13923,2.05576,-0.37478,1.0076,-0.0105,-0.01,-0.05849,0.01159,-0.02465,0.63793,0.11135,-0.76099,0.03909,0.7038,-0.00734,-0.71036,-0.00014,50.24,52.89,0.02,0.0742
20:48:17.586,6626.4371,331153,-4.668,1.125,13.628,-3.023,0.6199,0.0649,-0.9294,-0.23449,2.06255,-0.10392,1.01,-0.0117,-0.01,-0.05902,0.01172,-0.02478,0.6546,0.10968,-0.74697,0.03884,0.70345,-0.00824,-0.7107,0.00076,50.26,52.89,0.02,0.0724
20:48:17.632,6626.4571,331154,-6.639,1.556,13.596,-3.016,0.6821,0.084,-0.9768,-0.15015,1.55867,-0.00759,1.0085,-0.0112,-0.0139,-0.05955,0.01186,-0.02451,0.66707,0.108,-0.73608,0.03928,0.70274,-0.00793,-0.7114,0.00044,50.24,52.89,0.02,0.0735
20:48:17.634,6626.4771,331155,-8.24,1.965,13.561,-3.008,0.7463,0.1108,-1.0017,-0.15002,1.4357,-0.00933,1.0095,-0.0129,-0.0083,-0.05929,0.01119,-0.02545,0.67844,0.10635,-0.72584,0.03956,0.70346,-0.0081,-0.71068,0.00062,50.22,52.89,0.02,0.0728
20:48:17.646,6626.4971,331156,-10.606,2.6,13.523,-2.999,0.6858,0.1057,-0.8726,-0.27579,1.91267,-0.05516,1.0093,-0.012,-0.012,-0.05915,0.01239,-0.02531,0.69327,0.10396,-0.71207,0.03911,0.70274,-0.00793,-0.7114,0.00045,50.24,52.89,0.02,0.0729
20:48:17.676,6626.5171,331157,-12.665,3.234,13.481,-2.989,0.7444,0.0859,-0.8809,-0.27232,1.70616,-0.11245,1.0066,-0.0105,-0.0129,-0.05982,0.01212,-0.02478,0.70636,0.10203,-0.69943,0.03806,0.70239,-0.00701,-0.71176,-0.00049,50.25,52.87,0.02,0.0749
20:48:17.691,6626.5371,331158,-14.161,3.818,13.437,-2.978,0.7642,0.075,-0.8499,-0.29657,1.36709,-0.08247,1.0063,-0.0083,-0.0076,-0.06595,0.01039,-0.02398,0.71686,0.09981,-0.68906,0.03671,0.70313,-0.00695,-0.71103,-0.00065,50.25,52.89,0.02,0.0752
20:48:17.706,6626.5571,331159,-15.246,4.149,13.391,-2.967,0.7859,0.0703,-0.8455,-0.22303,0.81324,-0.07088,1.0051,-0.0146,-0.0151,-0.10858,0.01053,-0.02198,0.7233,0.09824,-0.68259,0.0354,0.70258,-0.00811,-0.71156,-0.0002,50.26,52.9,0.02,0.076
20:48:17.738,6626.5771,331160,-15.603,4.306,13.345,-2.955,0.7888,0.1001,-0.7842,-0.10845,0.21877,-0.03837,1.0115,-0.0044,-0.0146,-0.12684,0.00906,-0.02078,0.72551,0.09749,-0.6804,0.03451,0.70231,-0.00768,-0.71183,-0.00161,50.25,52.89,0.02,0.0713
20:48:17.751,6626.5971,331161,-15.273,4.111,13.3,-2.944,0.783,0.1038,-0.8318,-0.00719,-0.36639,-0.07394,1.0083,-0.0122,-0.0132,-0.18013,0.01039,-0.02065,0.72363,0.09793,-0.68238,0.03348,0.70241,-0.00959,-0.71171,-0.00141,50.25,52.88,0.02,0.0737
20:48:17.766,6626.6171,331162,-14.525,3.884,13.256,-2.933,0.7964,0.1118,-0.8779,0.05263,-0.64044,-0.04263,1.0049,-0.0093,-0.0063,-0.15868,0.01119,-0.02118,0.71981,0.09868,-0.68633,0.03282,0.70314,-0.01008,-0.71098,-0.00233,50.25,52.88,0.02,0.0763
20:48:17.796,6626.6371,331163,-13.867,3.719,13.213,-2.923,0.7749,0.1179,-0.8794,0.05383,-0.64044,0.0024,1.0085,-0.0088,-0.011,-0.13123,0.01092,-0.02292,0.71595,0.09913,-0.69031,0.03248,0.70325,-0.00959,-0.71087,-0.00386,50.27,52.9,0.02,0.0736
20:48:17.811,6626.6571,331164,-13.244,3.468,13.172,-2.913,0.7642,0.1001,-0.8738,0.06808,-0.63338,0.05249,1.0063,-0.0122,-0.0105,-0.12444,0.01172,-0.02372,0.71209,0.09932,-0.69426,0.03262,0.70335,-0.01111,-0.71075,-0.00326,50.26,52.89,0.02,0.0752
20:48:17.826,6626.6771,331165,-12.58,3.248,13.131,-2.903,0.7441,0.0947,-0.8799,0.08434,-0.75595,0.03517,1.01,-0.009,-0.0127,-0.11898,0.01119,-0.02292,0.70734,0.09979,-0.69903,0.03262,0.70274,-0.01096,-0.71135,-0.00428,50.24,52.88,0.02,0.0724
20:48:17.856,6626.6971,331166,-11.662,2.964,13.092,-2.894,0.7188,0.0974,-0.8743,0.09273,-0.94994,-0.00999,1.01,-0.0156,-0.0142,-0.09846,0.01172,-0.02465,0.70121,0.10068,-0.70507,0.03216,0.70246,-0.01219,-0.71161,-0.00361,50.24,52.89,0.02,0.0723
20:48:17.871,6626.7171,331167,-10.544,2.694,13.055,-2.885,0.7434,0.1123,-0.8792,0.13456,-1.09716,0.01559,1.0127,-0.011,-0.0134,-0.07927,0.01239,-0.02478,0.69394,0.10173,-0.71209,0.03201,0.70232,-0.01137,-0.71176,-0.00473,50.26,52.91,0.02,0.0704
20:48:17.886,6626.7371,331168,-9.13,2.299,13.021,-2.877,0.7361,0.103,-0.8679,0.18812,-1.28941,0.06995,1.0068,-0.0144,-0.0105,-0.07048,0.01279,-0.02505,0.68516,0.10281,-0.72037,0.03243,0.70281,-0.01225,-0.71126,-0.00401,50.24,52.89,0.02,0.0748
20:48:17.917,6626.7571,331169,-7.329,1.775,12.989,-2.87,0.6262,0.0525,-0.8831,0.25874,-1.80289,0.1247,1.011,-0.0142,-0.0161,-0.06408,0.01306,-0.02505,0.67249,0.10411,-0.732,0.03321,0.70216,-0.01273,-0.7119,-0.00361,50.25,52.88,0.02,0.0716
20:48:17.931,6626.7771,331170,-4.32,1.005,12.962,-2.864,0.6128,0.0925,-0.9233,0.37704,-2.71605,0.14482,1.0105,-0.0149,-0.0117,-0.06195,0.01319,-0.02571,0.65281,0.10629,-0.74925,0.034,0.70278,-0.01326,-0.71127,-0.00311,50.26,52.88,0.02,0.072
20:48:17.978,6626.7971,331171,-0.361,0.081,12.941,-2.859,0.5918,0.0989,-0.9839,0.42301,-3.55501,0.24075,1.0002,-0.0078,-0.0005,-0.05929,0.02105,-0.02838,0.62635,0.10825,-0.77121,0.03483,0.70359,-0.01283,-0.71048,-0.00355,50.27,52.88,0.02,0.0798
20:48:17.991,6626.8171,331172,3.838,-0.803,12.927,-2.856,0.5229,0.0759,-1.0681,0.30164,-3.90354,0.4767,1.0046,-0.0093,-0.0105,-0.05929,0.01466,-0.02678,0.5965,0.10764,-0.79456,0.03577,0.70344,-0.01178,-0.71064,-0.00463,50.26,52.9,0.02,0.0765
20:48:17.992,6626.8371,331173,7.205,-1.413,12.918,-2.854,0.3843,0.0195,-1.1421,0.12124,-3.19968,0.56423,1.0095,-0.0139,-0.0164,-0.05889,0.01452,-0.02665,0.57148,0.10489,-0.81306,0.03653,0.70279,-0.0122,-0.71128,-0.00421,50.25,52.91,0.02,0.0727
20:48:18.006,6626.8571,331174,9.513,-1.696,12.913,-2.852,0.3682,0.0598,-1.064,-0.02438,-2.16887,0.29551,1.0085,-0.012,-0.0125,-0.05862,0.01545,-0.02758,0.55448,0.10305,-0.82503,0.03562,0.70249,-0.01312,-0.71156,-0.00329,50.25,52.89,0.02,0.0735
20:48:18.051,6626.8771,331175,11.799,-1.982,12.911,-2.85,0.3545,0.0535,-1.1194,-0.04716,-2.01845,0.24914,1.0081,-0.0122,-0.0112,-0.05929,0.01319,-0.02585,0.5385,0.10136,-0.8358,0.0344,0.70312,-0.01256,-0.71095,-0.00385,50.27,52.88,0.02,0.0738
20:48:18.052,6626.8971,331176,14.004,-2.483,12.913,-2.85,0.2175,0.0679,-1.0222,0.10459,-2.11185,0.18666,1.01,-0.0117,-0.0127,-0.05782,0.01452,-0.02611,0.52101,0.10104,-0.84687,0.03394,0.70244,-0.01226,-0.71163,-0.00416,50.24,52.88,0.0445,0.0724
20:48:18.066,6626.9171,331177,16.249,-3.168,12.918,-2.85,0.3079,0.0505,-1.0986,0.31149,-2.10998,0.06155,1.0112,-0.0161,-0.0129,-0.05809,0.01492,-0.02691,0.50354,0.10272,-0.85714,0.03462,0.70254,-0.01324,-0.71151,-0.00315,50.26,52.89,0.02,0.0714
20:48:18.111,6626.9371,331178,18.328,-3.876,12.926,-2.852,0.2634,0.0576,-1.1123,0.27912,-1.90694,-0.01239,1.0076,-0.0107,-0.0103,-0.05902,0.01412,-0.02625,0.48766,0.10476,-0.86602,0.03485,0.70308,-0.01252,-0.71099,-0.00388,50.24,52.89,0.02,0.0742
20:48:18.114,6626.9571,331179,20.111,-4.44,12.937,-2.854,0.259,0.0708,-1.1123,0.22449,-1.59318,0.01705,1.0024,-0.0117,-0.0081,-0.05836,0.01399,-0.02598,0.47436,0.10616,-0.8732,0.03507,0.70386,-0.0124,-0.71022,-0.00398,50.26,52.9,0.02,0.0781
20:48:18.126,6626.9771,331180,21.153,-4.755,12.95,-2.857,0.1846,0.0303,-1.1353,0.14895,-1.0877,-0.03238,1.0061,-0.0159,-0.0115,-0.05902,0.01359,-0.02638,0.46544,0.10743,-0.87784,0.03493,0.70339,-0.01323,-0.71067,-0.00315,50.24,52.89,0.02,0.0753
20:48:18.156,6626.9971,331181,21.586,-4.949,12.963,-2.86,0.1826,0.0378,-1.1213,0.06915,-0.56677,-0.13683,1.0095,-0.0139,-0.011,-0.05929,0.01332,-0.02585,0.46115,0.10906,-0.87993,0.03416,0.70276,-0.01271,-0.7113,-0.00369,50.25,52.89,0.02,0.0728
20:48:18.171,6627.0171,331182,21.931,-5.012,12.977,-2.864,0.1982,0.1064,-1.0273,0.0385,-0.24102,-0.15988,1.0088,-0.0127,-0.0107,-0.05836,0.01239,-0.02598,0.4594,0.11071,-0.88067,0.03326,0.7035,-0.01268,-0.71057,-0.00371,50.24,52.89,0.0413,0.0733
20:48:18.217,6627.0371,331183,22.97,-5.309,12.992,-2.868,0.208,0.0356,-1.0872,0.14536,-0.92809,0.28991,1.0083,-0.0129,-0.01,-0.05782,0.01412,-0.02518,0.4517,0.10904,-0.8848,0.03472,0.70412,-0.01324,-0.70995,-0.00314,50.26,52.89,0.02,0.0737
20:48:18.232,6627.0571,331184,24.405,-5.903,13.009,-2.872,0.1499,0.0173,-1.1194,0.21903,-1.49685,0.36119,1.0105,-0.0122,-0.0117,-0.05809,0.01279,-0.02598,0.43883,0.10724,-0.8914,0.03653,0.70347,-0.01282,-0.7106,-0.00357,50.25,52.89,0.02,0.072
20:48:18.234,6627.0771,331185,25.806,-6.539,13.029,-2.878,0.1094,0.002,-1.166,0.21344,-1.3968,0.16454,1.0117,-0.0093,-0.0107,-0.05836,0.01359,-0.02558,0.42684,0.10711,-0.89718,0.03753,0.70337,-0.01183,-0.71071,-0.00457,50.25,52.9,0.02,0.0712
20:48:18.247,6627.0971,331186,26.425,-6.936,13.049,-2.884,0.0957,0.0044,-1.1343,0.2169,-0.5689,0.01053,1.0046,-0.0093,-0.0081,-0.05849,0.01439,-0.02638,0.42223,0.10806,-0.89919,0.03879,0.70412,-0.01155,-0.70997,-0.00485,50.24,52.9,0.02,0.0765
20:48:18.276,6627.1171,331187,26.396,-6.841,13.07,-2.89,0.1274,0.0222,-1.0928,0.00653,-0.08394,-0.0016,1.0095,-0.0129,-0.0098,-0.05849,0.01146,-0.02585,0.42219,0.10805,-0.89921,0.03861,0.70377,-0.01245,-0.71031,-0.00394,50.23,52.89,0.02,0.0728
20:48:18.291,6627.1371,331188,26.5,-6.939,13.09,-2.896,0.1196,0.0247,-1.1067,0.02864,-0.14123,0.004,1.0137,-0.0088,-0.0083,-0.05849,0.01292,-0.02518,0.42162,0.1081,-0.89948,0.0386,0.70409,-0.01158,-0.71,-0.00482,50.26,52.9,0.02,0.0697
20:48:18.306,6627.1571,331189,26.481,-6.949,13.11,-2.902,0.1155,0.0244,-1.1062,0.03531,-0.15535,0.00346,1.0142,-0.0117,-0.0142,-0.05875,0.01319,-0.02611,0.42091,0.10819,-0.8998,0.03863,0.70342,-0.01184,-0.71066,-0.00456,50.24,52.87,0.02,0.0692
20:48:18.336,6627.1771,331190,26.42,-6.958,13.13,-2.908,0.1187,0.0242,-1.1052,0.02678,-0.13163,0.00386,1.0061,-0.0105,-0.0137,-0.05822,0.01306,-0.02598,0.42043,0.10824,-0.90002,0.03861,0.70266,-0.01191,-0.71141,-0.0045,50.24,52.9,0.02,0.0753
20:48:18.351,6627.1971,331191,26.572,-6.917,13.151,-2.914,0.1191,0.0249,-1.1111,0.02878,-0.14282,0.00333,1.0117,-0.0139,-0.011,-0.05756,0.01252,-0.02531,0.41984,0.1083,-0.90029,0.03859,0.70307,-0.01273,-0.711,-0.00366,50.23,52.89,0.02,0.0711
20:48:18.368,6627.2171,331192,26.639,-7.025,13.171,-2.921,0.115,0.0251,-1.1055,0.02825,-0.13923,0.0036,1.0085,-0.0107,-0.0112,-0.05849,0.01319,-0.02571,0.41929,0.10835,-0.90054,0.03857,0.70319,-0.01171,-0.71089,-0.00469,50.27,52.9,0.02,0.0735
20:48:18.396,6627.2371,331193,26.826,-7.038,13.192,-2.927,0.1184,0.0259,-1.1028,0.02878,-0.14016,0.0028,1.0095,-0.0112,-0.0066,-0.05862,0.01199,-0.02545,0.41872,0.10842,-0.9008,0.03855,0.70391,-0.01191,-0.71018,-0.00449,50.26,52.89,0.02,0.0728
20:48:18.411,6627.2571,331194,26.779,-7.035,13.212,-2.933,0.1155,0.0227,-1.1028,0.02798,-0.13603,0.0036,1.0088,-0.0125,-0.0154,-0.05915,0.01306,-0.02571,0.41819,0.10847,-0.90103,0.03854,0.70319,-0.01214,-0.71088,-0.00425,50.25,52.9,0.02,0.0733
20:48:18.456,6627.2771,331195,26.777,-6.989,13.232,-2.939,0.1135,0.0203,-1.1055,0.02745,-0.13483,0.00333,1.0085,-0.0125,-0.012,-0.05849,0.01266,-0.02585,0.41768,0.10852,-0.90127,0.03852,0.70269,-0.01291,-0.71137,-0.00348,50.25,52.9,0.02,0.0735
20:48:18.459,6627.2971,331196,26.924,-7.066,13.253,-2.945,0.1116,0.0247,-1.1025,0.02705,-0.13523,0.00466,1.0068,-0.011,-0.0103,-0.05875,0.01279,-0.02625,0.41716,0.10856,-0.9015,0.0385,0.7033,-0.01228,-0.71078,-0.00412,50.24,52.89,0.02,0.0748
20:48:18.471,6627.3171,331197,27.012,-7.164,13.274,-2.952,0.114,0.0254,-1.1084,0.02638,-0.1335,0.00413,1.0127,-0.0098,-0.0103,-0.05862,0.01359,-0.02585,0.41666,0.1086,-0.90173,0.03847,0.70358,-0.01137,-0.71051,-0.00503,50.25,52.89,0.02,0.0704
20:48:18.486,6627.3371,331198,26.989,-7.134,13.294,-2.958,0.1116,0.0254,-1.1025,0.02598,-0.13323,0.004,1.0134,-0.0122,-0.0137,-0.05849,0.01306,-0.02518,0.41616,0.10863,-0.90196,0.03844,0.70298,-0.0119,-0.71109,-0.0045,50.26,52.89,0.02,0.0698
20:48:18.531,6627.3571,331199,27.068,-7.065,13.315,-2.964,0.1128,0.0249,-1.1091,0.02638,-0.13243,0.00413,1.0081,-0.0122,-0.0117,-0.05902,0.01266,-0.02531,0.41566,0.10867,-0.90218,0.03841,0.70298,-0.01294,-0.71108,-0.00345,50.24,52.91,0.02,0.0738
20:48:18.576,6627.3771,331200,27.244,-7.046,13.335,-2.97,0.1128,0.0256,-1.1023,0.02611,-0.13057,0.00373,1.0051,-0.0146,-0.01,-0.05929,0.01292,-0.02545,0.41519,0.10871,-0.9024,0.03839,0.70366,-0.01342,-0.71041,-0.00295,50.25,52.89,0.02,0.0761
20:48:18.577,6627.3971,331201,27.193,-7.109,13.356,-2.976,0.114,0.021,-1.1008,0.02518,-0.1291,0.0036,1.0093,-0.0112,-0.0134,-0.05836,0.01359,-0.02611,0.41473,0.10875,-0.90261,0.03835,0.70306,-0.01284,-0.71101,-0.00355,50.25,52.9,0.02,0.0729
20:48:18.579,6627.4171,331202,27.136,-7.116,13.377,-2.982,0.1143,0.0251,-1.1023,0.02558,-0.1303,0.0044,1.0098,-0.0132,-0.0127,-0.05756,0.01306,-0.02571,0.41425,0.10878,-0.90282,0.03832,0.70233,-0.01289,-0.71173,-0.00351,50.24,52.88,0.02,0.0725
20:48:18.592,6627.4371,331203,27.077,-7.132,13.397,-2.989,0.1108,0.0195,-1.1064,0.02611,-0.12963,0.004,1.0115,-0.0132,-0.0149,-0.05809,0.01399,-0.02545,0.41378,0.10882,-0.90304,0.0383,0.70161,-0.01287,-0.71243,-0.00354,50.25,52.9,0.02,0.0712
20:48:18.621,6627.4571,331204,27.248,-7.173,13.417,-2.995,0.1135,0.0234,-1.105,0.02665,-0.1299,0.00426,1.0073,-0.0115,-0.0093,-0.05889,0.01292,-0.02491,0.41331,0.10886,-0.90325,0.03828,0.70235,-0.01267,-0.71171,-0.00374,50.25,52.9,0.02,0.0744
20:48:18.638,6627.4771,331205,27.369,-7.104,13.438,-3.001,0.1143,0.0232,-1.1069,0.02438,-0.12843,0.00466,1.0042,-0.0134,-0.0132,-0.05849,0.01306,-0.02545,0.41286,0.10888,-0.90346,0.03825,0.70263,-0.01367,-0.71141,-0.00272,50.26,52.89,0.02,0.0767
20:48:18.651,6627.4971,331206,27.518,-7.163,13.459,-3.007,0.1106,0.0251,-1.1052,0.02411,-0.12777,0.0044,1.0112,-0.0139,-0.0105,-0.05849,0.01212,-0.02545,0.41241,0.10891,-0.90366,0.03821,0.70327,-0.0132,-0.71079,-0.00318,50.25,52.89,0.02,0.0715
20:48:18.681,6627.5171,331207,27.63,-7.252,13.48,-3.013,0.1111,0.0203,-1.106,0.02438,-0.1279,0.00466,1.0081,-0.0117,-0.0095,-0.05849,0.01239,-0.02585,0.41196,0.10893,-0.90386,0.03817,0.70373,-0.01238,-0.71035,-0.00401,50.24,52.89,0.02,0.0738
20:48:18.696,6627.5371,331208,27.747,-7.186,13.501,-3.019,0.1123,0.0239,-1.1082,0.02491,-0.12724,0.00466,1.0078,-0.0166,-0.0083,-0.05915,0.01252,-0.02531,0.41151,0.10895,-0.90407,0.03814,0.704,-0.01335,-0.71007,-0.00302,50.25,52.89,0.02,0.074
20:48:18.726,6627.5571,331209,27.684,-7.225,13.522,-3.026,0.1094,0.0242,-1.1116,0.02465,-0.12617,0.00506,1.0107,-0.0125,-0.0132,-0.05822,0.01239,-0.02558,0.41107,0.10898,-0.90426,0.03811,0.70331,-0.01303,-0.71075,-0.00336,50.24,52.89,0.02,0.0719
20:48:18.741,6627.5771,331210,27.73,-7.328,13.542,-3.032,0.1147,0.022,-1.1074,0.02465,-0.12617,0.0028,1.0112,-0.01,-0.0105,-0.05836,0.01266,-0.02571,0.41064,0.10902,-0.90446,0.03807,0.70339,-0.01203,-0.71069,-0.00437,50.24,52.89,0.02,0.0715
20:48:18.772,6627.5971,331211,27.671,-7.382,13.563,-3.038,0.1113,0.0254,-1.1023,0.02478,-0.12604,0.00333,1.0093,-0.0078,-0.0142,-0.05769,0.01372,-0.02571,0.4102,0.10905,-0.90465,0.03803,0.70275,-0.01152,-0.71132,-0.00489,50.24,52.91,0.02,0.0729
20:48:18.774,6627.6171,331212,27.753,-7.308,13.584,-3.044,0.1121,0.0239,-1.105,0.02451,-0.12604,0.00346,1.0083,-0.0122,-0.0122,-0.05915,0.01346,-0.02571,0.40977,0.10909,-0.90485,0.038,0.70281,-0.01255,-0.71126,-0.00384,50.27,52.91,0.02,0.0737
20:48:18.831,6627.6371,331213,27.915,-7.36,13.605,-3.051,0.1125,0.0234,-1.1116,0.02558,-0.12684,0.0036,1.0063,-0.0117,-0.011,-0.05822,0.01266,-0.02611,0.40932,0.10912,-0.90504,0.03797,0.70352,-0.0122,-0.71056,-0.00419,50.25,52.89,0.02,0.0752
20:48:18.832,6627.6571,331214,28.004,-7.283,13.626,-3.057,0.1123,0.0247,-1.1035,0.02385,-0.12417,0.00373,1.0059,-0.0127,-0.01,-0.05942,0.01306,-0.02505,0.40891,0.10915,-0.90523,0.03793,0.70363,-0.01325,-0.71043,-0.00312,50.25,52.88,0.02,0.0755
20:48:18.835,6627.6771,331215,27.942,-7.275,13.647,-3.063,0.1138,0.0259,-1.1099,0.02385,-0.1243,0.0036,1.0076,-0.0146,-0.011,-0.05849,0.01319,-0.02558,0.40849,0.10918,-0.90542,0.03788,0.7029,-0.01344,-0.71116,-0.00294,50.25,52.89,0.02,0.0742
20:48:18.862,6627.6971,331216,27.995,-7.379,13.668,-3.069,0.1082,0.0237,-1.1079,0.02318,-0.12244,0.00293,1.0066,-0.0085,-0.011,-0.05849,0.01292,-0.02545,0.40809,0.10921,-0.9056,0.03784,0.70305,-0.01241,-0.71102,-0.00399,50.25,52.88,0.02,0.075
20:48:18.876,6627.7171,331217,28.11,-7.311,13.689,-3.076,0.1074,0.0222,-1.1069,0.02465,-0.12497,0.0028,1.0071,-0.0137,-0.011,-0.05862,0.01226,-0.02531,0.40766,0.10925,-0.90578,0.0378,0.70332,-0.01338,-0.71074,-0.003,50.24,52.89,0.02,0.0746
20:48:18.891,6627.7371,331218,28.07,-7.395,13.71,-3.082,0.1089,0.022,-1.1008,0.02838,-0.12804,0.00226,1.0083,-0.0127,-0.012,-0.05822,0.01346,-0.02545,0.4072,0.10932,-0.90598,0.03779,0.70283,-0.01262,-0.71124,-0.00378,50.24,52.9,0.02,0.0737
20:48:18.952,6627.7571,331219,28.256,-7.38,13.731,-3.088,0.1113,0.0181,-1.1138,0.03424,-0.14855,-0.0024,1.0073,-0.0134,-0.0112,-0.05862,0.01266,-0.02545,0.40656,0.10945,-0.90626,0.03779,0.70344,-0.01322,-0.71063,-0.00317,50.24,52.89,0.02,0.0744
20:48:18.982,6627.7771,331220,28.263,-7.351,13.752,-3.094,0.1074,0.0227,-1.1023,0.02332,-0.16161,-0.00613,1.011,-0.0164,-0.0129,-0.05849,0.01266,-0.02558,0.4058,0.10958,-0.90659,0.03767,0.70283,-0.01376,-0.71122,-0.00263,50.26,52.88,0.02,0.0716
20:48:18.985,6627.7971,331221,28.343,-7.45,13.773,-3.101,0.1077,0.0205,-1.1016,0.01705,-0.13563,0.00173,1.0073,-0.0105,-0.011,-0.05796,0.01226,-0.02571,0.40529,0.1096,-0.90682,0.03755,0.70304,-0.01275,-0.71102,-0.00364,50.24,52.87,0.02,0.0744
20:48:18.988,6627.8171,331222,28.279,-7.442,13.794,-3.107,0.1077,0.0217,-1.1079,0.02012,-0.12324,0.00373,1.0085,-0.0132,-0.0137,-0.05809,0.01212,-0.02531,0.40488,0.10961,-0.907,0.03747,0.70231,-0.01288,-0.71175,-0.00352,50.26,52.89,0.02,0.0735
20:48:19.058,6627.8371,331223,28.457,-7.435,13.815,-3.113,0.1042,0.0254,-1.0986,0.01106,-0.13137,0.0056,1.0125,-0.0139,-0.0105,-0.05809,0.01292,-0.02558,0.40441,0.10958,-0.90722,0.03731,0.70301,-0.01301,-0.71105,-0.00338,50.26,52.89,0.02,0.0705
20:48:19.103,6627.8571,331224,28.402,-7.484,13.836,-3.119,0.1055,0.0208,-1.1045,0.01812,-0.1303,0.00346,1.0076,-0.0115,-0.0142,-0.05836,0.01252,-0.02505,0.40395,0.10958,-0.90743,0.03721,0.70236,-0.0125,-0.7117,-0.0039,50.24,52.89,0.02,0.0742
20:48:19.131,6627.8771,331225,28.563,-7.478,13.857,-3.126,0.103,0.0234,-1.1021,0.02465,-0.11778,0.00293,1.0112,-0.0132,-0.0107,-0.05875,0.01252,-0.02598,0.40358,0.10961,-0.90759,0.03717,0.70306,-0.01275,-0.71101,-0.00364,50.24,52.89,0.02,0.0715
20:48:19.132,6627.8971,331226,28.522,-7.433,13.878,-3.132,0.1067,0.0186,-1.1055,0.03051,-0.11458,0.002,1.0061,-0.0168,-0.0149,-0.05729,0.01279,-0.02598,0.40325,0.10967,-0.90773,0.0372,0.70248,-0.01343,-0.71158,-0.00296,50.25,52.9,0.02,0.0752
20:48:19.134,6627.9171,331227,28.663,-7.501,13.899,-3.138,0.1091,0.0244,-1.1008,0.02598,-0.12031,0.00173,1.0063,-0.0115,-0.009,-0.05822,0.01279,-0.02585,0.40286,0.10973,-0.9079,0.03717,0.70313,-0.0129,-0.71093,-0.00349,50.27,52.9,0.02,0.0752
20:48:19.208,6627.9371,331228,28.676,-7.43,13.92,-3.144,0.1074,0.0242,-1.105,0.02518,-0.12004,-0.00013,1.0093,-0.0139,-0.0115,-0.05822,0.01212,-0.02571,0.40248,0.10979,-0.90806,0.03713,0.7028,-0.01382,-0.71125,-0.00256,50.26,52.91,0.02,0.0729
20:48:19.209,6627.9571,331229,28.608,-7.474,13.941,-3.15,0.1096,0.0249,-1.1008,0.02238,-0.11858,0.002,1.0117,-0.0144,-0.0146,-0.05862,0.01266,-0.02545,0.40212,0.10982,-0.90822,0.03709,0.70216,-0.0134,-0.71189,-0.00299,50.25,52.89,0.02,0.0711
20:48:19.212,6627.9771,331230,28.771,-7.506,13.962,-3.157,0.104,0.0237,-1.1067,0.01346,-0.1275,0.00546,1.011,-0.0117,-0.0063,-0.05849,0.01332,-0.02558,0.40168,0.10979,-0.90842,0.03695,0.70285,-0.01313,-0.71121,-0.00327,50.24,52.89,0.02,0.0717
20:48:19.213,6627.9971,331231,28.746,-7.457,13.983,-3.163,0.1035,0.0203,-1.1121,0.02505,-0.12071,0.002,1.0129,-0.0161,-0.0139,-0.05822,0.01292,-0.02518,0.40129,0.10984,-0.90859,0.03692,0.70231,-0.01377,-0.71173,-0.00262,50.24,52.89,0.02,0.0702
20:48:19.215,6628.0171,331232,28.801,-7.56,14.005,-3.169,0.1052,0.0242,-1.104,0.02318,-0.12097,0.0028,1.0105,-0.0117,-0.0129,-0.05849,0.01252,-0.02465,0.4009,0.10987,-0.90876,0.03688,0.70249,-0.01279,-0.71157,-0.00361,50.25,52.87,0.02,0.072
20:48:19.236,6628.0371,331233,28.737,-7.585,14.025,-3.175,0.1084,0.0244,-1.1099,0.02038,-0.12297,0.00253,1.012,-0.012,-0.0159,-0.05849,0.01279,-0.02558,0.4005,0.10989,-0.90894,0.0368,0.7018,-0.01256,-0.71226,-0.00386,50.25,52.91,0.02,0.0709
20:48:19.237,6628.0571,331234,28.891,-7.554,14.047,-3.181,0.1118,0.0195,-1.104,0.02518,-0.11671,0.0028,1.0081,-0.0139,-0.0132,-0.05796,0.01279,-0.02585,0.40014,0.10993,-0.90909,0.03678,0.70243,-0.0131,-0.71163,-0.0033,50.25,52.89,0.02,0.0738
20:48:19.298,6628.0771,331235,29.05,-7.596,14.068,-3.188,0.1086,0.0183,-1.1047,0.02052,-0.12204,0.00373,1.0073,-0.0134,-0.0122,-0.05862,0.01252,-0.02585,0.39975,0.10994,-0.90927,0.03671,0.70315,-0.01281,-0.71092,-0.00358,50.24,52.89,0.02,0.0744
20:48:19.299,6628.0971,331236,29.012,-7.549,14.089,-3.194,0.106,0.022,-1.103,0.02225,-0.12151,0.00346,1.0076,-0.0144,-0.0127,-0.05849,0.01266,-0.02545,0.39935,0.10997,-0.90944,0.03666,0.70253,-0.0134,-0.71152,-0.003,50.22,52.89,0.02,0.0742
20:48:19.300,6628.1171,331237,29.067,-7.654,14.11,-3.2,0.1074,0.0212,-1.105,0.02358,-0.11778,0.00266,1.0073,-0.0122,-0.0125,-0.05822,0.01359,-0.02491,0.39899,0.10999,-0.9096,0.03662,0.70272,-0.01239,-0.71134,-0.00402,50.24,52.9,0.02,0.0744
20:48:19.417,6628.1371,331238,29.046,-7.589,14.131,-3.206,0.1045,0.0227,-1.1038,0.02132,-0.12031,0.00453,1.0054,-0.0125,-0.0129,-0.05836,0.01252,-0.02571,0.39861,0.11,-0.90977,0.03656,0.7022,-0.01316,-0.71185,-0.00324,50.24,52.89,0.02,0.0758
20:48:19.420,6628.1571,331239,29.17,-7.662,14.152,-3.213,0.1038,0.0212,-1.1045,0.02118,-0.11991,0.0036,1.0107,-0.0107,-0.011,-0.05836,0.01239,-0.02545,0.39823,0.11001,-0.90993,0.0365,0.70276,-0.01252,-0.7113,-0.00388,50.24,52.89,0.02,0.0719
20:48:19.446,6628.1771,331240,29.324,-7.708,14.174,-3.219,0.104,0.0234,-1.1045,0.02398,-0.11884,0.00453,1.0068,-0.011,-0.0095,-0.05862,0.01252,-0.02545,0.39787,0.11004,-0.91009,0.03646,0.70348,-0.01221,-0.7106,-0.00418,50.26,52.89,0.02,0.0748
20:48:19.449,6628.1971,331241,29.424,-7.797,14.195,-3.225,0.1069,0.0227,-1.1135,0.02278,-0.11871,0.0024,1.0098,-0.0105,-0.0098,-0.05836,0.01279,-0.02478,0.39751,0.11006,-0.91025,0.03641,0.70394,-0.01141,-0.71015,-0.00499,50.27,52.89,0.02,0.0726
20:48:19.450,6628.2171,331242,29.412,-7.729,14.216,-3.232,0.1099,0.0256,-1.1079,0.02198,-0.11898,0.00413,1.0083,-0.0105,-0.0098,-0.05849,0.01239,-0.02518,0.39714,0.11008,-0.9104,0.03637,0.70347,-0.01222,-0.7106,-0.00417,50.24,52.89,0.02,0.0737
20:48:19.478,6628.2371,331243,29.459,-7.838,14.238,-3.238,0.1067,0.0232,-1.1084,0.02305,-0.11791,0.00306,1.0071,-0.0095,-0.01,-0.05782,0.01226,-0.02531,0.39678,0.11011,-0.91056,0.03633,0.70363,-0.0112,-0.71046,-0.00521,50.24,52.89,0.02,0.0746
20:48:19.481,6628.2571,331244,29.426,-7.786,14.259,-3.244,0.1072,0.0229,-1.1018,0.02305,-0.11791,0.0024,1.0112,-0.0139,-0.0149,-0.05796,0.01319,-0.02598,0.39642,0.11013,-0.91072,0.03628,0.70306,-0.01182,-0.71102,-0.00459,50.25,52.88,0.02,0.0714
20:48:19.482,6628.2771,331245,29.349,-7.796,14.28,-3.251,0.1055,0.0222,-1.1079,0.02198,-0.11911,0.00386,1.0066,-0.01,-0.0132,-0.05809,0.01319,-0.02531,0.39606,0.11015,-0.91087,0.03624,0.70231,-0.01176,-0.71176,-0.00465,50.24,52.89,0.02,0.0749
20:48:19.486,6628.2971,331246,29.451,-7.884,14.301,-3.257,0.1045,0.0225,-1.106,0.02212,-0.11938,0.0028,1.0107,-0.0093,-0.0132,-0.05836,0.01252,-0.02545,0.39569,0.11018,-0.91103,0.0362,0.70277,-0.01099,-0.71131,-0.00543,50.24,52.88,0.02,0.0719
20:48:19.521,6628.3171,331247,29.449,-7.812,14.322,-3.264,0.1091,0.0229,-1.1064,0.02198,-0.11884,0.0036,1.009,-0.0122,-0.0144,-0.05889,0.01199,-0.02558,0.39533,0.1102,-0.91119,0.03615,0.70237,-0.01184,-0.7117,-0.00457,50.27,52.89,0.02,0.0731
20:48:19.551,6628.3371,331248,29.612,-7.808,14.344,-3.27,0.1045,0.0222,-1.1062,0.02292,-0.11911,0.00386,1.0095,-0.011,-0.0112,-0.05849,0.01279,-0.02545,0.39497,0.11022,-0.91134,0.03611,0.70308,-0.01207,-0.711,-0.00433,50.25,52.89,0.02,0.0728
20:48:19.596,6628.3571,331249,29.566,-7.766,14.365,-3.276,0.105,0.0217,-1.1038,0.02305,-0.11871,0.004,1.0093,-0.0125,-0.0134,-0.05809,0.01252,-0.02478,0.3946,0.11025,-0.9115,0.03607,0.70244,-0.01259,-0.71162,-0.00381,50.25,52.9,0.02,0.0729
20:48:19.626,6628.3772,331250,29.68,-7.847,14.386,-3.283,0.1057,0.0234,-1.0996,0.02305,-0.11844,0.00346,1.0117,-0.011,-0.0122,-0.05782,0.01292,-0.02545,0.39424,0.11027,-0.91166,0.03603,0.70297,-0.0119,-0.71111,-0.00451,50.26,52.89,0.02,0.0711
20:48:19.641,6628.3971,331251,29.844,-7.861,14.407,-3.289,0.1047,0.0264,-1.1011,0.02252,-0.11818,0.00493,1.0081,-0.0105,-0.0103,-0.05849,0.01266,-0.02571,0.39388,0.11029,-0.91181,0.03598,0.70371,-0.01194,-0.71038,-0.00446,50.24,52.89,0.02,0.0738
20:48:19.644,6628.4171,331252,29.776,-7.851,14.429,-3.295,0.1096,0.022,-1.103,0.02558,-0.11604,0.00293,1.011,-0.0115,-0.0132,-0.05862,0.01252,-0.02558,0.39353,0.11033,-0.91196,0.03596,0.703,-0.01213,-0.71107,-0.00427,50.24,52.88,0.02,0.0716
20:48:19.657,6628.4371,331253,29.781,-7.776,14.45,-3.301,0.1055,0.0244,-1.1052,0.02638,-0.11751,0.00027,1.0068,-0.012,-0.012,-0.05849,0.01239,-0.02531,0.39317,0.1104,-0.91211,0.03594,0.70264,-0.01305,-0.71142,-0.00334,50.25,52.89,0.02,0.0748
20:48:19.688,6628.4571,331254,29.901,-7.857,14.471,-3.308,0.1047,0.0217,-1.1082,0.02345,-0.11818,-0.00093,1.0083,-0.0093,-0.009,-0.05836,0.01279,-0.02585,0.3928,0.11046,-0.91226,0.03588,0.7032,-0.01237,-0.71087,-0.00402,50.26,52.89,0.02,0.0737
20:48:19.690,6628.4771,331255,29.827,-7.876,14.492,-3.314,0.1082,0.0203,-1.1055,0.02345,-0.11844,0.002,1.0098,-0.0115,-0.0125,-0.05836,0.01332,-0.02571,0.39244,0.11049,-0.91241,0.03584,0.70248,-0.01223,-0.71159,-0.00417,50.26,52.9,0.02,0.0725
20:48:19.692,6628.4971,331256,30.0,-7.899,14.514,-3.32,0.1099,0.022,-1.0996,0.01972,-0.1247,0.00333,1.0056,-0.0112,-0.0117,-0.05862,0.01319,-0.02518,0.39202,0.1105,-0.9126,0.03576,0.70324,-0.01216,-0.71084,-0.00424,50.25,52.89,0.02,0.0757
20:48:19.718,6628.5171,331257,29.931,-7.921,14.535,-3.327,0.1069,0.0205,-1.1011,0.02012,-0.12337,0.00373,1.0088,-0.0103,-0.0139,-0.05809,0.01279,-0.02518,0.39161,0.11051,-0.91277,0.03569,0.70252,-0.01196,-0.71155,-0.00445,50.25,52.88,0.02,0.0733
20:48:19.720,6628.5371,331258,30.071,-7.983,14.556,-3.333,0.1067,0.0247,-1.1011,0.02292,-0.11964,0.0036,1.0093,-0.0088,-0.0105,-0.05836,0.01346,-0.02558,0.39125,0.11053,-0.91293,0.03564,0.70317,-0.01149,-0.71091,-0.00492,50.26,52.89,0.02,0.073
20:48:19.778,6628.5571,331259,30.002,-7.985,14.577,-3.339,0.1038,0.0212,-1.1079,0.02318,-0.12177,0.004,1.0083,-0.0093,-0.0122,-0.05875,0.01266,-0.02545,0.39085,0.11056,-0.9131,0.0356,0.70243,-0.01154,-0.71164,-0.00488,50.25,52.88,0.02,0.0737
20:48:19.779,6628.5771,331260,30.151,-7.916,14.599,-3.346,0.1013,0.0281,-1.1047,0.01785,-0.13923,0.00213,1.0098,-0.0107,-0.0127,-0.05809,0.01252,-0.02545,0.3903,0.11058,-0.91334,0.03548,0.70281,-0.01241,-0.71126,-0.00399,50.25,52.89,0.02,0.0725
20:48:19.780,6628.5971,331261,30.223,-7.821,14.62,-3.352,0.1042,0.0254,-1.1025,0.00933,-0.14669,0.00213,1.0105,-0.0134,-0.0125,-0.05782,0.01226,-0.02505,0.38969,0.11057,-0.91361,0.03528,0.70263,-0.01339,-0.71143,-0.003,50.24,52.88,0.02,0.072
20:48:19.806,6628.6171,331262,30.374,-7.876,14.642,-3.358,0.1052,0.0234,-1.1084,0.02172,-0.12244,0.00386,1.0085,-0.0129,-0.0095,-0.05836,0.01266,-0.02518,0.38928,0.11059,-0.91378,0.03522,0.70331,-0.013,-0.71075,-0.00338,50.26,52.91,0.02,0.0735
20:48:19.809,6628.6371,331263,30.3,-7.903,14.663,-3.364,0.1025,0.0212,-1.1018,0.02198,-0.11964,0.00373,1.0098,-0.0122,-0.0149,-0.05889,0.01226,-0.02558,0.38892,0.11061,-0.91393,0.03518,0.7026,-0.01277,-0.71146,-0.00362,50.25,52.89,0.02,0.0725
20:48:19.810,6628.6571,331264,30.455,-7.925,14.684,-3.37,0.1042,0.0276,-1.1013,0.02518,-0.11351,0.00293,1.0105,-0.0129,-0.011,-0.05862,0.01292,-0.02518,0.38859,0.11065,-0.91407,0.03515,0.70333,-0.01275,-0.71074,-0.00364,50.24,52.89,0.02,0.072
20:48:19.836,6628.6771,331265,30.349,-7.955,14.706,-3.377,0.0359,0.0342,-1.1123,0.02825,-0.09673,-0.01292,1.0042,-0.0107,-0.0164,-0.05862,0.01306,-0.02531,0.38842,0.11084,-0.91412,0.03511,0.70258,-0.01249,-0.71148,-0.00391,50.24,52.89,0.02,0.0767
20:48:19.866,6628.6971,331266,29.978,-7.727,14.726,-3.382,0.0632,-0.0261,-1.1721,-0.0389,0.36625,0.10046,1.012,-0.0132,-0.011,-0.05849,0.01212,-0.02545,0.39252,0.10955,-0.91251,0.03544,0.70325,-0.01285,-0.71082,-0.00354,50.24,52.89,0.02,0.0709
20:48:19.896,6628.7171,331267,29.2,-7.147,14.746,-3.388,0.2327,0.0601,-1.1335,-0.28991,0.57063,-0.37851,1.0085,-0.0129,-0.0142,-0.05875,0.01106,-0.02518,0.39893,0.11158,-0.90961,0.03178,0.70251,-0.01281,-0.71155,-0.00359,50.24,52.89,0.02,0.0735
20:48:19.897,6628.7371,331268,28.638,-6.857,14.765,-3.392,0.1594,0.0327,-1.0801,-0.10832,0.53905,-0.27912,1.01,-0.011,-0.0081,-0.05782,0.01186,-0.02598,0.40479,0.11344,-0.90684,0.03015,0.70321,-0.01251,-0.71087,-0.00388,50.25,52.9,0.02,0.0724
20:48:19.911,6628.7571,331269,27.951,-6.673,14.783,-3.397,0.1316,0.0195,-1.1384,-0.05662,0.44526,-0.29351,1.0085,-0.011,-0.0125,-0.05796,0.01306,-0.02598,0.40972,0.11566,-0.90439,0.02883,0.70256,-0.012,-0.7115,-0.0044,50.24,52.9,0.02,0.0735
20:48:19.927,6628.7771,331270,27.095,-6.391,14.799,-3.401,0.1521,0.0266,-1.1392,-0.09952,0.76168,-0.3953,1.0105,-0.0088,-0.0115,-0.05809,0.01226,-0.02505,0.41758,0.11853,-0.90047,0.02707,0.70308,-0.01129,-0.711,-0.00512,50.26,52.89,0.02,0.072
20:48:20.003,6628.7971,331271,25.973,-5.961,14.814,-3.404,0.2319,0.0737,-1.0664,-0.07714,0.96366,-0.45112,1.0076,-0.0112,-0.011,-0.05809,0.01119,-0.02491,0.42723,0.12194,-0.89552,0.0255,0.70325,-0.01231,-0.71083,-0.00409,50.24,52.88,0.02,0.0742
20:48:20.016,6628.8171,331272,24.999,-5.673,14.828,-3.407,0.2168,0.0483,-1.1116,-0.03158,0.73051,-0.25087,1.0098,-0.012,-0.0112,-0.05822,0.01332,-0.02531,0.43462,0.1238,-0.89172,0.02492,0.70277,-0.01309,-0.71128,-0.0033,50.26,52.88,0.02,0.0725
20:48:20.017,6628.8371,331273,24.205,-5.421,14.841,-3.41,0.2322,0.0505,-1.1609,-0.02998,0.71932,-0.12724,1.009,-0.0161,-0.01,-0.05902,0.01199,-0.02451,0.44184,0.12456,-0.88806,0.02488,0.70338,-0.01367,-0.71068,-0.00271,50.25,52.88,0.02,0.0731
20:48:20.019,6628.8571,331274,22.903,-5.25,14.851,-3.412,0.1848,0.022,-1.144,-0.01466,1.06478,-0.2185,1.01,-0.011,-0.0103,-0.05796,0.01186,-0.02545,0.45211,0.1261,-0.88265,0.02502,0.70344,-0.01265,-0.71063,-0.00374,50.25,52.88,0.02,0.0724
20:48:20.046,6628.8771,331275,21.72,-5.215,14.861,-3.415,0.1809,0.0115,-1.1123,0.15575,0.86254,-0.23475,1.0071,-0.0132,-0.011,-0.05849,0.01159,-0.02465,0.46032,0.12859,-0.878,0.02633,0.70284,-0.01327,-0.71122,-0.00312,50.26,52.89,0.02,0.0746
20:48:20.106,6628.8971,331276,20.948,-5.554,14.869,-3.418,0.2952,0.0549,-1.1287,0.33241,0.48629,-0.168,1.0117,-0.0105,-0.0142,-0.05796,0.01106,-0.02491,0.46493,0.13141,-0.87506,0.029,0.70241,-0.01247,-0.71166,-0.00393,50.25,52.91,0.02,0.0711
20:48:20.107,6628.9171,331277,20.442,-5.961,14.876,-3.421,0.385,0.0593,-1.1106,0.36825,0.35693,-0.08154,1.0115,-0.0093,-0.0122,-0.05889,0.01146,-0.02505,0.46832,0.13367,-0.8728,0.03222,0.70277,-0.01161,-0.71131,-0.0048,50.25,52.88,0.02,0.0713
20:48:20.121,6628.9371,331278,19.963,-6.185,14.883,-3.425,0.3901,0.0603,-1.0591,0.2582,0.41315,-0.03757,1.002,-0.0085,-0.009,-0.05902,0.01292,-0.02558,0.47232,0.135,-0.87033,0.03475,0.70354,-0.01136,-0.71055,-0.00505,50.26,52.88,0.02,0.0784
20:48:20.137,6628.9571,331279,19.284,-6.211,14.889,-3.428,0.3748,0.0212,-1.085,0.1676,0.4779,0.11751,1.0095,-0.0154,-0.0117,-0.05862,0.01186,-0.02531,0.47694,0.13452,-0.86778,0.03733,0.70331,-0.01233,-0.71077,-0.00407,50.24,52.89,0.02,0.0727
20:48:20.140,6628.9771,331280,18.147,-6.221,14.893,-3.432,0.3066,0.0022,-1.0598,0.14416,0.79779,0.01812,1.0095,-0.0105,-0.0156,-0.05796,0.01346,-0.02558,0.48438,0.13466,-0.86352,0.03967,0.70258,-0.01217,-0.71148,-0.00424,50.23,52.89,0.02,0.0727
20:48:20.151,6628.9971,331281,17.105,-6.247,14.896,-3.436,0.2776,0.0027,-1.0439,0.17453,0.90997,-0.14695,1.0151,-0.0112,-0.0117,-0.05849,0.01266,-0.02598,0.49279,0.13633,-0.8584,0.04161,0.70327,-0.01214,-0.7108,-0.00426,50.24,52.89,0.02,0.0686
20:48:20.181,6629.0171,331282,16.245,-6.284,14.898,-3.44,0.325,0.0154,-1.0701,0.17746,0.59874,-0.14709,1.0068,-0.0122,-0.0115,-0.05836,0.01266,-0.02505,0.49846,0.13813,-0.85475,0.04315,0.7028,-0.01296,-0.71126,-0.00344,50.23,52.89,0.02,0.0748
20:48:20.196,6629.0371,331283,15.688,-6.351,14.899,-3.444,0.334,0.0125,-1.0598,0.09739,0.33321,-0.06235,1.0115,-0.0098,-0.0139,-0.05875,0.01239,-0.02518,0.50192,0.1389,-0.85255,0.04406,0.70241,-0.01212,-0.71165,-0.0043,50.26,52.9,0.02,0.0713
20:48:20.226,6629.0571,331284,15.505,-6.343,14.9,-3.447,0.3826,0.03,-1.0256,0.07767,0.13816,0.00333,1.0071,-0.0125,-0.0127,-0.05849,0.01239,-0.02505,0.5037,0.13909,-0.85143,0.04485,0.70278,-0.01303,-0.71128,-0.00337,50.25,52.9,0.02,0.0746
20:48:20.227,6629.0771,331285,15.339,-6.397,14.9,-3.451,0.4163,0.0168,-1.0339,0.10072,0.15815,-0.0834,1.0107,-0.0142,-0.0095,-0.05796,0.01226,-0.02638,0.50565,0.14013,-0.85007,0.04543,0.7035,-0.01315,-0.71057,-0.00324,50.25,52.89,0.02,0.0719
20:48:20.256,6629.0971,331286,14.793,-6.429,14.9,-3.455,0.4219,0.0063,-1.0437,0.06488,0.33041,-0.1684,1.0098,-0.009,-0.0122,-0.05862,0.01332,-0.02585,0.50916,0.14163,-0.84772,0.04553,0.70314,-0.01226,-0.71093,-0.00414,50.23,52.89,0.02,0.0726
20:48:20.286,6629.1171,331287,14.34,-6.39,14.899,-3.459,0.386,-0.0044,-1.0474,-0.00293,0.30537,-0.06662,1.0076,-0.0088,-0.0112,-0.05889,0.01199,-0.02585,0.5125,0.14192,-0.84566,0.04554,0.70315,-0.01122,-0.71094,-0.0052,50.25,52.9,0.02,0.0742
20:48:20.301,6629.1371,331288,13.997,-6.236,14.898,-3.463,0.4182,-0.0024,-1.0566,-0.04783,0.18359,0.02425,1.0105,-0.0144,-0.0142,-0.05862,0.01079,-0.02545,0.51481,0.14127,-0.84436,0.04546,0.70274,-0.01205,-0.71134,-0.00436,50.25,52.9,0.02,0.072
20:48:20.348,6629.1571,331289,13.942,-6.148,14.897,-3.466,0.429,-0.0056,-1.0369,-0.08926,-0.06249,0.19065,1.0081,-0.0093,-0.0127,-0.05769,0.01199,-0.02545,0.51503,0.1391,-0.84458,0.04555,0.70252,-0.01105,-0.71156,-0.00537,50.25,52.9,0.02,0.0738
20:48:20.361,6629.1771,331290,13.987,-5.987,14.896,-3.47,0.4307,0.0222,-1.0479,-0.08394,-0.02118,0.09326,1.0068,-0.0132,-0.0093,-0.05849,0.01332,-0.02585,0.51564,0.13778,-0.84445,0.04522,0.70306,-0.01179,-0.71102,-0.00461,50.26,52.89,0.02,0.0748
20:48:20.393,6629.1971,331291,13.253,-5.764,14.894,-3.473,0.385,0.0315,-1.0056,-0.09486,0.47777,-0.25447,1.0063,-0.0105,-0.0154,-0.05822,0.01292,-0.02611,0.52059,0.13911,-0.84126,0.04368,0.7023,-0.01188,-0.71177,-0.00453,50.25,52.89,0.0221,0.0751
20:48:20.395,6629.2171,331292,12.965,-5.448,14.891,-3.475,0.3713,0.0259,-0.9861,-0.19905,0.33588,-0.14109,1.0129,-0.0125,-0.0081,-0.05902,0.01186,-0.02518,0.52415,0.13903,-0.83917,0.04164,0.70299,-0.01213,-0.71109,-0.00427,50.25,52.89,0.0395,0.0702
20:48:20.406,6629.2371,331293,12.791,-5.129,14.888,-3.477,0.4058,0.0015,-1.0095,-0.22556,0.01919,0.07821,1.0125,-0.012,-0.0129,-0.05822,0.01332,-0.02571,0.52529,0.13706,-0.83885,0.04012,0.70236,-0.01261,-0.7117,-0.0038,50.25,52.89,0.02,0.0705
20:48:20.422,6629.2571,331294,13.019,-4.761,14.886,-3.479,0.4934,0.0715,-0.9958,-0.29444,-0.14482,0.14842,1.0132,-0.0132,-0.0117,-0.05822,0.01412,-0.02558,0.52513,0.13423,-0.8395,0.03815,0.70304,-0.01286,-0.71102,-0.00353,50.24,52.89,0.02,0.07
20:48:20.466,6629.2771,331295,12.952,-3.96,14.883,-3.48,0.4883,0.0867,-1.0752,-0.67362,-0.03837,0.11285,1.0088,-0.0112,-0.0146,-0.05889,0.01266,-0.02611,0.52637,0.12966,-0.83967,0.03294,0.70237,-0.01245,-0.71169,-0.00396,50.26,52.89,0.02,0.0733
20:48:20.496,6629.2971,331296,13.172,-3.372,14.881,-3.48,0.4553,0.0273,-1.1697,-0.4839,-0.28298,0.17786,1.0083,-0.0139,-0.0149,-0.05822,0.01172,-0.02491,0.52525,0.12561,-0.84111,0.02936,0.70183,-0.01316,-0.71221,-0.00324,50.25,52.88,0.02,0.0736
20:48:20.511,6629.3171,331297,13.555,-3.54,14.879,-3.48,0.3713,0.0098,-1.1758,0.10365,-0.35853,0.05476,1.0083,-0.01,-0.0122,-0.05769,0.01479,-0.02625,0.52279,0.1257,-0.84261,0.03,0.70236,-0.01241,-0.7117,-0.00399,50.26,52.89,0.02,0.0737
20:48:20.528,6629.3371,331298,13.648,-3.679,14.878,-3.48,0.3599,0.0378,-1.1208,0.1367,-0.07181,-0.18373,1.0088,-0.0115,-0.0093,-0.05836,0.01346,-0.02571,0.52276,0.12789,-0.8423,0.03002,0.7031,-0.01233,-0.71097,-0.00406,50.25,52.89,0.02,0.0733
20:48:20.571,6629.3571,331299,13.552,-3.77,14.876,-3.48,0.4243,0.0735,-1.0615,0.07634,-0.09806,-0.2626,1.0073,-0.01,-0.0132,-0.05809,0.01239,-0.02478,0.52262,0.13044,-0.84202,0.02907,0.70246,-0.01178,-0.71161,-0.00462,50.25,52.9,0.02,0.0744
20:48:20.572,6629.3771,331300,13.853,-3.798,14.875,-3.481,0.4446,0.0649,-1.0564,0.02918,-0.24115,-0.15548,1.0085,-0.0107,-0.0095,-0.05796,0.01132,-0.02571,0.5213,0.13188,-0.84265,0.02811,0.7032,-0.0119,-0.71088,-0.0045,50.25,52.88,0.02,0.0735
20:48:20.574,6629.3971,331301,14.003,-3.83,14.874,-3.481,0.4346,0.0706,-1.0398,0.05143,-0.27672,-0.10139,1.0122,-0.0129,-0.0127,-0.05862,0.01266,-0.02585,0.51964,0.133,-0.84352,0.02756,0.70272,-0.01264,-0.71134,-0.00375,50.24,52.88,0.02,0.0707
20:48:20.575,6629.4171,331302,14.367,-3.937,14.873,-3.482,0.4194,0.0466,-1.0432,0.0389,-0.38837,0.00933,1.0071,-0.01,-0.012,-0.05822,0.01266,-0.02545,0.51702,0.13314,-0.84512,0.02735,0.70289,-0.01161,-0.71119,-0.00479,50.24,52.89,0.02,0.0746
20:48:20.602,6629.4371,331303,14.677,-4.02,14.873,-3.482,0.3896,0.0486,-1.0806,0.01759,-0.37438,0.01785,1.0081,-0.0063,-0.0122,-0.05769,0.01372,-0.02571,0.51453,0.13309,-0.84665,0.02702,0.7028,-0.01058,-0.71128,-0.00583,50.26,52.88,0.02,0.0739
20:48:20.632,6629.4571,331304,14.924,-4.06,14.873,-3.483,0.4258,0.0608,-1.1047,0.06555,-0.2983,-0.07941,1.0149,-0.0125,-0.0125,-0.05796,0.01386,-0.02625,0.51264,0.1341,-0.84765,0.02669,0.70277,-0.01155,-0.71131,-0.00486,50.25,52.89,0.02,0.0687
20:48:20.646,6629.4771,331305,15.125,-4.125,14.873,-3.484,0.4177,0.0662,-1.0439,0.08807,-0.17853,-0.02758,1.0093,-0.0129,-0.0093,-0.05875,0.01346,-0.02518,0.51173,0.13475,-0.84809,0.02697,0.70334,-0.01219,-0.71074,-0.0042,50.25,52.88,0.02,0.0729
20:48:20.649,6629.4971,331306,15.383,-4.145,14.874,-3.485,0.4009,0.0432,-1.0884,0.0481,-0.31762,0.11098,1.0127,-0.0134,-0.011,-0.05849,0.01319,-0.02611,0.50965,0.13405,-0.84943,0.02745,0.70322,-0.01316,-0.71085,-0.00322,50.24,52.88,0.02,0.0704
20:48:20.695,6629.5171,331307,15.459,-4.202,14.875,-3.486,0.3921,0.0439,-1.0837,0.03411,-0.24848,0.0858,1.009,-0.0122,-0.0144,-0.05862,0.01346,-0.02545,0.50817,0.13347,-0.8504,0.02777,0.70253,-0.0128,-0.71153,-0.0036,50.25,52.89,0.02,0.0731
20:48:20.695,6629.5371,331308,15.667,-4.231,14.876,-3.487,0.3953,0.05,-1.0737,0.02638,-0.16161,0.02638,1.0066,-0.0117,-0.0085,-0.05836,0.01212,-0.02585,0.50746,0.13334,-0.85084,0.02783,0.70327,-0.01258,-0.7108,-0.00381,50.24,52.89,0.02,0.075
20:48:20.722,6629.5571,331309,15.804,-4.197,14.877,-3.488,0.4016,0.0547,-1.0693,0.02105,-0.1724,0.03691,1.0076,-0.0156,-0.0105,-0.05862,0.01146,-0.02531,0.50667,0.13309,-0.85135,0.02789,0.7034,-0.01361,-0.71066,-0.00277,50.24,52.87,0.02,0.0742
20:48:20.738,6629.5771,331310,15.933,-4.261,14.878,-3.489,0.3921,0.0488,-1.061,0.01732,-0.2173,0.06781,1.0107,-0.0107,-0.011,-0.05862,0.01226,-0.02531,0.50549,0.13258,-0.85213,0.02801,0.7033,-0.01261,-0.71077,-0.00378,50.24,52.89,0.02,0.0719
20:48:20.783,6629.5971,331311,16.064,-4.3,14.88,-3.49,0.3918,0.0425,-1.0669,0.00013,-0.27339,0.06941,1.0083,-0.0107,-0.012,-0.05836,0.01306,-0.02531,0.50385,0.13198,-0.85319,0.02793,0.70278,-0.01187,-0.71129,-0.00453,50.24,52.89,0.02,0.0737
20:48:20.786,6629.6171,331312,16.131,-4.313,14.881,-3.491,0.3875,0.0452,-1.0757,-0.00373,-0.23609,0.0016,1.01,-0.0095,-0.0137,-0.05796,0.01292,-0.02545,0.50255,0.13192,-0.85398,0.02751,0.70211,-0.01149,-0.71196,-0.00492,50.24,52.89,0.02,0.0724
20:48:20.811,6629.6371,331313,16.406,-4.335,14.883,-3.492,0.3799,0.0598,-1.0791,0.04197,-0.23209,-0.02931,1.011,-0.0125,-0.0105,-0.05875,0.01266,-0.02571,0.50123,0.13237,-0.8547,0.02733,0.70272,-0.01201,-0.71135,-0.00439,50.24,52.9,0.02,0.0717
20:48:20.812,6629.6571,331314,16.413,-4.365,14.885,-3.493,0.376,0.051,-1.094,0.05556,-0.17613,0.02438,1.0078,-0.0115,-0.0134,-0.05862,0.01226,-0.02491,0.50035,0.1324,-0.85519,0.02761,0.70207,-0.01253,-0.71198,-0.00387,50.25,52.89,0.02,0.074
20:48:20.827,6629.6771,331315,16.273,-4.376,14.887,-3.494,0.3889,0.0486,-1.0942,0.03984,0.13363,0.15308,1.0105,-0.0103,-0.0103,-0.05875,0.01172,-0.02545,0.50211,0.13117,-0.85431,0.02882,0.70276,-0.0122,-0.71131,-0.0042,50.25,52.89,0.02,0.072
20:48:20.856,6629.6971,331316,15.894,-4.269,14.888,-3.495,0.4075,0.0364,-1.061,-0.00813,0.35546,0.15748,1.0117,-0.0122,-0.01,-0.05822,0.01172,-0.02478,0.50583,0.12959,-0.85232,0.02993,0.70345,-0.01244,-0.71062,-0.00394,50.24,52.88,0.02,0.0711
20:48:20.873,6629.7171,331317,15.443,-4.163,14.889,-3.496,0.4097,0.0481,-1.0496,-0.00266,0.24661,0.02518,1.009,-0.0142,-0.0122,-0.05902,0.01186,-0.02531,0.50864,0.1292,-0.85069,0.03027,0.70289,-0.01312,-0.71117,-0.00327,50.26,52.89,0.02,0.0731
20:48:20.886,6629.7371,331318,15.402,-4.202,14.89,-3.497,0.4121,0.0474,-1.0491,0.01572,-0.05423,-0.00053,1.0117,-0.0125,-0.012,-0.05849,0.01359,-0.02518,0.50887,0.12921,-0.85056,0.03024,0.70289,-0.01212,-0.71118,-0.00428,50.24,52.89,0.02,0.0711
20:48:20.946,6629.7571,331319,15.675,-4.258,14.891,-3.498,0.408,0.0466,-1.0686,0.03291,-0.23089,-0.00453,1.0098,-0.0105,-0.011,-0.05889,0.01359,-0.02585,0.50757,0.12939,-0.85131,0.03012,0.70356,-0.01172,-0.71052,-0.00467,50.23,52.89,0.02,0.0726
20:48:20.947,6629.7771,331320,15.935,-4.263,14.892,-3.499,0.3975,0.0496,-1.0808,0.03864,-0.28845,-0.0048,1.0095,-0.0132,-0.0098,-0.05849,0.01332,-0.02571,0.50577,0.12963,-0.85234,0.02996,0.70365,-0.01274,-0.71042,-0.00364,50.25,52.89,0.02,0.0728
20:48:20.949,6629.7971,331321,16.054,-4.278,14.893,-3.5,0.3999,0.0481,-1.0732,0.0373,-0.2614,-0.0024,1.009,-0.0142,-0.011,-0.05822,0.01266,-0.02545,0.50421,0.12982,-0.85325,0.02985,0.70308,-0.01339,-0.71098,-0.00299,50.25,52.89,0.02,0.0731
20:48:20.978,6629.8171,331322,16.255,-4.38,14.895,-3.501,0.4006,0.0471,-1.0601,0.0389,-0.27925,0.01172,1.0093,-0.0105,-0.0117,-0.05809,0.01399,-0.02545,0.50248,0.12991,-0.85425,0.02979,0.70301,-0.01237,-0.71106,-0.00403,50.25,52.89,0.02,0.0729
20:48:21.021,6629.8371,331323,16.455,-4.498,14.897,-3.502,0.3899,0.0476,-1.0815,0.05436,-0.27299,0.02012,1.0127,-0.0093,-0.0117,-0.05836,0.01386,-0.02585,0.50078,0.13001,-0.85523,0.02992,0.70299,-0.01138,-0.71109,-0.00503,50.24,52.88,0.02,0.0704
20:48:21.022,6629.8571,331324,16.556,-4.509,14.899,-3.503,0.3926,0.0486,-1.0908,0.05689,-0.18199,0.01652,1.0137,-0.0125,-0.0122,-0.05822,0.01306,-0.02585,0.49986,0.13012,-0.85574,0.03016,0.70286,-0.01234,-0.71121,-0.00405,50.24,52.89,0.02,0.0696
20:48:21.053,6629.8771,331325,16.459,-4.566,14.901,-3.505,0.3977,0.0449,-1.0681,0.05156,-0.09939,0.00813,1.01,-0.01,-0.0154,-0.05889,0.01239,-0.02531,0.49965,0.13025,-0.85584,0.03043,0.70218,-0.01201,-0.71189,-0.0044,50.23,52.89,0.02,0.0724
20:48:21.066,6629.8971,331326,16.435,-4.536,14.903,-3.506,0.3955,0.0471,-1.0735,0.03877,-0.07621,0.01039,1.0071,-0.012,-0.0142,-0.05849,0.01292,-0.02545,0.49966,0.13028,-0.85582,0.03063,0.70199,-0.01303,-0.71206,-0.00337,50.26,52.88,0.02,0.0745
20:48:21.067,6629.9171,331327,16.53,-4.568,14.905,-3.507,0.3909,0.0483,-1.0806,0.02718,-0.07448,0.01719,1.0066,-0.011,-0.0107,-0.05849,0.01319,-0.02571,0.49969,0.13021,-0.85581,0.03077,0.70267,-0.01256,-0.71139,-0.00384,50.25,52.88,0.02,0.075
20:48:21.115,6629.9371,331328,16.525,-4.614,14.907,-3.509,0.3987,0.0442,-1.0615,0.03557,-0.00986,0.01212,1.0083,-0.0115,-0.012,-0.05836,0.01292,-0.02585,0.50027,0.1302,-0.85546,0.03104,0.7032,-0.01183,-0.71088,-0.00457,50.25,52.89,0.02,0.0737
20:48:21.115,6629.9571,331329,16.381,-4.608,14.909,-3.51,0.4004,0.0439,-1.0522,0.02984,-0.05183,0.00786,1.0098,-0.011,-0.0132,-0.05849,0.01199,-0.02505,0.5005,0.1302,-0.85532,0.03118,0.7025,-0.01209,-0.71157,-0.00431,50.26,52.89,0.02,0.0725
20:48:21.126,6629.9771,331330,16.35,-4.634,14.911,-3.511,0.3989,0.0469,-1.0627,0.02491,-0.15242,0.02332,1.0142,-0.0098,-0.0168,-0.05836,0.01319,-0.02531,0.49987,0.13009,-0.85571,0.03122,0.70182,-0.01188,-0.71224,-0.00453,50.24,52.88,0.02,0.0692
20:48:21.171,6629.9971,331331,16.622,-4.634,14.913,-3.513,0.3965,0.0459,-1.0679,0.02398,-0.22676,0.04596,1.0093,-0.0134,-0.0117,-0.05822,0.01346,-0.02625,0.4986,0.12979,-0.85649,0.03128,0.70243,-0.01243,-0.71163,-0.00396,50.24,52.88,0.02,0.0729
20:48:21.172,6630.0171,331332,16.961,-4.676,14.915,-3.514,0.3921,0.042,-1.0708,0.01426,-0.28418,0.06089,1.011,-0.0107,-0.0105,-0.05875,0.01319,-0.02558,0.49684,0.12934,-0.85758,0.03125,0.70312,-0.01212,-0.71096,-0.00428,50.25,52.89,0.02,0.0717
20:48:21.188,6630.0371,331333,17.34,-4.68,14.918,-3.516,0.3857,0.0332,-1.0913,0.01985,-0.32269,0.03597,1.0063,-0.0117,-0.0107,-0.05822,0.01279,-0.02558,0.49475,0.12914,-0.85883,0.0311,0.70371,-0.01277,-0.71036,-0.00361,50.24,52.89,0.02,0.0752
20:48:21.291,6630.0571,331334,17.523,-4.754,14.922,-3.517,0.3762,0.0452,-1.0903,0.02318,-0.20611,-0.04303,1.0061,-0.012,-0.0093,-0.05862,0.01292,-0.02558,0.49367,0.1296,-0.85939,0.03073,0.70404,-0.01181,-0.71005,-0.00457,50.25,52.89,0.02,0.0753
20:48:21.292,6630.0771,331335,17.414,-4.79,14.925,-3.519,0.3918,0.0461,-1.0647,0.02278,-0.07621,-0.05529,1.0054,-0.0095,-0.0093,-0.05862,0.01279,-0.02465,0.49372,0.13012,-0.85929,0.03047,0.70343,-0.01116,-0.71065,-0.00524,50.26,52.89,0.02,0.0759
20:48:21.336,6630.0971,331336,17.43,-4.74,14.928,-3.52,0.3892,0.0461,-1.0688,0.01785,-0.10499,-0.00413,1.012,-0.0132,-0.0112,-0.05849,0.01239,-0.02518,0.49351,0.13019,-0.8594,0.03038,0.70328,-0.01214,-0.71079,-0.00425,50.25,52.89,0.02,0.0709
20:48:21.337,6630.1171,331337,17.456,-4.705,14.931,-3.522,0.3882,0.0454,-1.0815,0.01745,-0.15615,0.02105,1.0098,-0.0132,-0.012,-0.05902,0.01226,-0.02465,0.49285,0.13006,-0.8598,0.03034,0.70284,-0.01295,-0.71122,-0.00344,50.25,52.89,0.02,0.0725
20:48:21.411,6630.1371,331338,17.417,-4.711,14.934,-3.523,0.3845,0.0417,-1.0813,0.01932,-0.15402,0.01745,1.0039,-0.0137,-0.0164,-0.05849,0.01252,-0.02598,0.49221,0.12996,-0.86018,0.03031,0.70207,-0.01302,-0.71199,-0.00337,50.25,52.9,0.02,0.0769
20:48:21.441,6630.1571,331339,17.479,-4.668,14.937,-3.525,0.3799,0.042,-1.0752,0.02491,-0.07368,-0.01452,1.0068,-0.0151,-0.0137,-0.05796,0.01252,-0.02571,0.49227,0.13014,-0.86013,0.03027,0.70243,-0.01394,-0.71161,-0.00244,50.24,52.89,0.02,0.0747
20:48:21.473,6630.1771,331340,17.393,-4.71,14.94,-3.526,0.3911,0.0459,-1.0688,0.01772,-0.0481,-0.03877,1.0122,-0.0078,-0.0154,-0.05862,0.01266,-0.02491,0.49256,0.13049,-0.85992,0.03009,0.70219,-0.013,-0.71186,-0.00339,50.25,52.89,0.02,0.0707
20:48:21.516,6630.1971,331341,17.432,-4.753,14.943,-3.528,0.3914,0.0454,-1.0691,0.01439,-0.07647,-0.02705,1.009,-0.0107,-0.0129,-0.05862,0.01279,-0.02531,0.4926,0.13073,-0.85986,0.02989,0.70253,-0.01208,-0.71154,-0.00432,50.25,52.89,0.02,0.0731
20:48:21.517,6630.2171,331342,17.482,-4.693,14.946,-3.529,0.3923,0.052,-1.0659,0.01199,-0.10698,-0.00946,1.0107,-0.0146,-0.0129,-0.05836,0.01279,-0.02571,0.49239,0.13081,-0.85998,0.02972,0.70256,-0.01309,-0.71149,-0.0033,50.24,52.88,0.02,0.0718
20:48:21.519,6630.2371,331343,17.542,-4.665,14.95,-3.53,0.394,0.0515,-1.0615,0.02078,-0.18386,0.04517,1.0095,-0.0171,-0.0146,-0.05889,0.01346,-0.02558,0.49148,0.1305,-0.86054,0.02979,0.70213,-0.01392,-0.7119,-0.00246,50.26,52.89,0.02,0.0727
20:48:21.520,6630.2571,331344,17.81,-4.738,14.953,-3.532,0.3889,0.0381,-1.0781,0.02478,-0.25367,0.10046,1.009,-0.0098,-0.0098,-0.05862,0.01372,-0.02585,0.48995,0.12974,-0.86151,0.03009,0.70264,-0.01317,-0.71142,-0.00321,50.25,52.9,0.02,0.0732
20:48:21.546,6630.2771,331345,17.963,-4.83,14.957,-3.534,0.3799,0.0381,-1.0906,0.03158,-0.22836,0.06049,1.0103,-0.0122,-0.0127,-0.05889,0.01319,-0.02585,0.48864,0.12936,-0.86231,0.03027,0.70264,-0.01216,-0.71143,-0.00424,50.25,52.88,0.02,0.0722
20:48:21.547,6630.2971,331346,17.842,-4.86,14.96,-3.535,0.384,0.0444,-1.0664,0.02971,-0.07821,-0.02518,1.0068,-0.0103,-0.0142,-0.05822,0.01226,-0.02545,0.48865,0.12966,-0.86226,0.03022,0.70193,-0.0118,-0.71213,-0.00461,50.26,52.89,0.02,0.0748
20:48:21.550,6630.3171,331347,17.911,-4.816,14.964,-3.537,0.3914,0.0503,-1.0581,0.02598,-0.10685,-0.01799,1.0076,-0.0117,-0.0144,-0.05809,0.01212,-0.02505,0.48842,0.12988,-0.86236,0.03013,0.7021,-0.01281,-0.71196,-0.00358,50.25,52.9,0.02,0.0742
20:48:21.576,6630.3371,331348,18.186,-4.888,14.968,-3.538,0.3826,0.0444,-1.0642,0.03238,-0.24555,0.0429,1.0117,-0.0107,-0.0117,-0.05915,0.01239,-0.02491,0.48697,0.12966,-0.86321,0.03021,0.7027,-0.01226,-0.71137,-0.00414,50.27,52.89,0.02,0.0711
20:48:21.577,6630.3571,331349,18.543,-4.907,14.972,-3.54,0.376,0.0374,-1.083,0.03717,-0.3091,0.06315,1.0073,-0.0127,-0.0115,-0.05942,0.01252,-0.02638,0.48495,0.1293,-0.8644,0.03035,0.70326,-0.01295,-0.71081,-0.00343,50.26,52.89,0.02,0.0744
20:48:21.593,6630.3771,331350,18.812,-4.968,14.977,-3.542,0.3726,0.0356,-1.0854,0.03064,-0.22783,0.02425,1.009,-0.0129,-0.01,-0.05875,0.01252,-0.02585,0.48365,0.12922,-0.86514,0.03035,0.70393,-0.01254,-0.71015,-0.00384,50.26,52.89,0.02,0.0732
20:48:21.594,6630.3971,331351,18.714,-4.979,14.981,-3.544,0.3657,0.04,-1.0696,0.01599,-0.09912,-0.04477,1.0068,-0.011,-0.0125,-0.05822,0.01199,-0.02571,0.4835,0.12963,-0.86517,0.03006,0.7032,-0.01228,-0.71087,-0.0041,50.23,52.88,0.02,0.0748
20:48:21.608,6630.4171,331352,18.651,-5.013,14.986,-3.545,0.3826,0.0525,-1.0615,0.01439,-0.10738,-0.0814,1.012,-0.0081,-0.0139,-0.05809,0.01319,-0.02598,0.4833,0.13035,-0.86519,0.02956,0.70266,-0.01163,-0.71141,-0.00477,50.26,52.89,0.02,0.0709
20:48:21.651,6630.4371,331353,18.887,-4.997,14.991,-3.547,0.3687,0.0464,-1.082,0.01359,-0.19159,-0.02025,1.0112,-0.01,-0.0122,-0.05836,0.01319,-0.02598,0.48235,0.13056,-0.8657,0.02924,0.7033,-0.0121,-0.71078,-0.00429,50.26,52.89,0.02,0.0715
20:48:21.683,6630.4571,331354,18.908,-5.063,14.995,-3.549,0.3726,0.0469,-1.0869,0.02132,-0.15362,0.00719,1.0095,-0.0083,-0.0117,-0.05809,0.01279,-0.02545,0.48171,0.13057,-0.86606,0.02917,0.70299,-0.01118,-0.7111,-0.00523,50.26,52.87,0.02,0.0728
20:48:21.685,6630.4772,331355,18.956,-5.018,15.0,-3.551,0.3718,0.0405,-1.073,0.02851,-0.07754,0.01559,1.0085,-0.0103,-0.0112,-0.05902,0.01292,-0.02518,0.48171,0.13051,-0.86606,0.02931,0.70323,-0.01215,-0.71085,-0.00424,50.26,52.89,0.02,0.0735
20:48:21.687,6630.4971,331356,18.812,-5.009,15.005,-3.552,0.3796,0.0393,-1.0725,0.02292,-0.05649,0.01079,1.0076,-0.012,-0.0161,-0.05875,0.01212,-0.02505,0.48191,0.13045,-0.86596,0.0294,0.70249,-0.01228,-0.71157,-0.00411,50.24,52.89,0.02,0.0741
20:48:21.690,6630.5171,331357,18.907,-5.022,15.009,-3.554,0.3789,0.0466,-1.0779,0.02585,-0.05769,-0.00533,1.0039,-0.0105,-0.0076,-0.05889,0.01252,-0.02518,0.4821,0.13056,-0.86584,0.02944,0.70326,-0.01214,-0.71082,-0.00425,50.25,52.89,0.02,0.077
20:48:21.711,6630.5371,331358,18.979,-5.036,15.014,-3.556,0.3794,0.0488,-1.0728,0.02292,-0.0465,-0.02145,1.01,-0.0105,-0.009,-0.05836,0.01212,-0.02585,0.48239,0.13078,-0.86564,0.02938,0.70397,-0.01189,-0.71012,-0.00449,50.27,52.89,0.02,0.0724
20:48:21.714,6630.5571,331359,18.871,-5.03,15.019,-3.558,0.377,0.0447,-1.0813,0.01812,-0.08926,0.01079,1.0076,-0.0107,-0.0125,-0.05822,0.01266,-0.02478,0.48231,0.13072,-0.86569,0.02939,0.70322,-0.01196,-0.71086,-0.00443,50.25,52.88,0.02,0.0742
20:48:21.726,6630.5771,331360,18.853,-4.969,15.024,-3.56,0.3794,0.043,-1.0776,0.01812,-0.07208,0.03531,1.0098,-0.0151,-0.0117,-0.05902,0.01292,-0.02625,0.48237,0.13044,-0.8657,0.02953,0.70308,-0.01296,-0.71099,-0.00342,50.24,52.9,0.02,0.0725
20:48:21.771,6630.5972,331361,18.675,-4.944,15.028,-3.561,0.3779,0.04,-1.0798,0.01439,-0.02118,0.02092,1.0122,-0.0144,-0.0159,-0.05862,0.01266,-0.02545,0.48288,0.13025,-0.86544,0.02965,0.70237,-0.01311,-0.71168,-0.00328,50.26,52.89,0.02,0.0707
20:48:21.801,6630.6171,331362,18.656,-4.963,15.032,-3.563,0.3833,0.0435,-1.0725,0.00719,-0.0036,0.00826,1.0085,-0.0093,-0.0107,-0.05809,0.01212,-0.02518,0.48356,0.13013,-0.86508,0.02966,0.70285,-0.01231,-0.71122,-0.00408,50.24,52.89,0.02,0.0736
20:48:21.804,6630.6371,331363,18.533,-4.896,15.036,-3.564,0.3799,0.0486,-1.0835,0.01865,-0.00333,0.0048,1.0095,-0.0156,-0.0134,-0.05836,0.01306,-0.02558,0.48422,0.13009,-0.86471,0.02975,0.70254,-0.01325,-0.71151,-0.00314,50.25,52.9,0.02,0.0727
20:48:21.805,6630.6571,331364,18.404,-4.866,15.04,-3.566,0.3936,0.04,-1.084,0.01292,0.13363,0.01013,1.0098,-0.0139,-0.0112,-0.05862,0.01239,-0.02558,0.48608,0.12994,-0.86368,0.03,0.70326,-0.01308,-0.7108,-0.0033,50.25,52.89,0.02,0.0725
20:48:21.832,6630.6771,331365,17.874,-4.806,15.044,-3.568,0.3955,0.0425,-1.0696,0.00826,0.28072,-0.03038,1.0073,-0.0132,-0.0132,-0.05822,0.01226,-0.02571,0.48922,0.13007,-0.86188,0.0302,0.70253,-0.0129,-0.71153,-0.00349,50.25,52.88,0.02,0.0744
20:48:21.893,6630.6971,331366,17.633,-4.739,15.047,-3.569,0.4216,0.0581,-1.0366,0.01665,0.23529,-0.03158,1.0083,-0.0137,-0.012,-0.05942,0.01186,-0.02571,0.49196,0.13027,-0.86028,0.03041,0.70324,-0.01319,-0.71083,-0.00319,50.25,52.89,0.02,0.0737
20:48:21.894,6630.7172,331367,17.455,-4.75,15.05,-3.57,0.4165,0.0498,-1.0518,0.00573,-0.00013,0.07994,1.009,-0.0098,-0.0137,-0.05822,0.01252,-0.02598,0.49265,0.12952,-0.85999,0.03076,0.70275,-0.01242,-0.71132,-0.00397,50.26,52.88,0.02,0.0731
20:48:21.897,6630.7371,331368,17.547,-4.789,15.053,-3.572,0.3923,0.0203,-1.0859,0.00786,-0.11471,0.09686,1.0095,-0.0088,-0.011,-0.05862,0.01346,-0.02571,0.49233,0.12867,-0.86028,0.03108,0.70313,-0.01155,-0.71095,-0.00485,50.26,52.89,0.02,0.0728
20:48:21.906,6630.7571,331369,17.439,-4.712,15.056,-3.573,0.3987,0.041,-1.1023,0.01239,0.01026,-0.02265,1.0093,-0.0112,-0.0115,-0.05902,0.01266,-0.02571,0.49313,0.12883,-0.85981,0.031,0.70301,-0.01256,-0.71106,-0.00382,50.25,52.89,0.02,0.0729
20:48:21.938,6630.7771,331370,17.105,-4.647,15.058,-3.574,0.4226,0.0425,-1.0752,-0.01279,0.29524,-0.09273,1.009,-0.0117,-0.011,-0.05902,0.01159,-0.02518,0.49643,0.12939,-0.85783,0.03073,0.7036,-0.01196,-0.71048,-0.00443,50.25,52.89,0.02,0.0732
20:48:21.968,6630.7971,331371,16.395,-4.561,15.06,-3.576,0.4392,0.063,-1.0339,-0.00586,0.45352,-0.17293,1.0112,-0.0066,-0.0144,-0.05769,0.01146,-0.02545,0.50111,0.13062,-0.85494,0.03031,0.703,-0.01142,-0.71108,-0.00497,50.24,52.87,0.02,0.0715
20:48:21.970,6630.8171,331372,16.126,-4.435,15.061,-3.577,0.4463,0.0608,-1.03,-0.00986,0.18999,-0.06169,1.0078,-0.0125,-0.0112,-0.05849,0.01239,-0.02465,0.50348,0.13095,-0.8535,0.03008,0.70313,-0.01245,-0.71094,-0.00394,50.24,52.89,0.02,0.074
20:48:21.996,6630.8372,331373,15.954,-4.383,15.062,-3.578,0.4382,0.0493,-1.0569,-0.01466,-0.02758,0.02451,1.01,-0.0122,-0.0139,-0.05836,0.01266,-0.02545,0.50397,0.13058,-0.85327,0.02996,0.70241,-0.01251,-0.71166,-0.00388,50.25,52.88,0.02,0.0724
20:48:22.011,6630.8571,331374,16.025,-4.332,15.063,-3.578,0.4336,0.0486,-1.0645,0.00027,-0.0489,0.00679,1.012,-0.0154,-0.0095,-0.05849,0.01239,-0.02505,0.50426,0.13045,-0.85312,0.02985,0.70302,-0.013,-0.71104,-0.00338,50.24,52.87,0.02,0.0709
20:48:22.027,6630.8771,331375,15.993,-4.33,15.064,-3.579,0.4446,0.0493,-1.062,-0.00133,0.01399,-0.03784,1.0095,-0.0127,-0.011,-0.05822,0.01279,-0.02531,0.50511,0.13067,-0.85259,0.02958,0.70352,-0.01225,-0.71055,-0.00413,50.25,52.9,0.02,0.0728
20:48:22.071,6630.8971,331376,15.692,-4.265,15.065,-3.58,0.4297,0.0359,-1.1052,0.00027,0.09326,-0.05849,1.0095,-0.012,-0.0112,-0.05809,0.01306,-0.02585,0.50663,0.13105,-0.85164,0.02934,0.70284,-0.01261,-0.71123,-0.00378,50.24,52.88,0.02,0.0728
20:48:22.074,6630.9171,331377,15.117,-4.099,15.065,-3.581,0.468,0.0552,-1.0596,-0.02825,0.5164,-0.16321,1.011,-0.0142,-0.0105,-0.05822,0.01172,-0.02478,0.51183,0.13206,-0.84838,0.02886,0.70342,-0.0132,-0.71064,-0.00317,50.25,52.87,0.02,0.0716
20:48:22.086,6630.9371,331378,14.18,-3.955,15.064,-3.581,0.4739,0.0703,-1.019,-0.02745,0.63964,-0.19292,1.0081,-0.0132,-0.0151,-0.05849,0.01146,-0.02491,0.51807,0.13328,-0.84441,0.0284,0.70269,-0.01306,-0.71137,-0.00332,50.24,52.89,0.02,0.0738
20:48:22.116,6630.9572,331379,13.579,-3.855,15.062,-3.582,0.4932,0.0725,-1.0137,-0.03291,0.34667,-0.0485,1.0056,-0.012,-0.0154,-0.05809,0.01199,-0.02491,0.52178,0.13334,-0.84212,0.02825,0.70198,-0.01266,-0.71207,-0.00374,50.25,52.89,0.02,0.0757
20:48:22.133,6630.9771,331380,13.536,-3.79,15.06,-3.582,0.502,0.0642,-1.0261,-0.01013,0.05862,0.0862,1.0122,-0.0139,-0.0117,-0.05862,0.01306,-0.02625,0.52297,0.13245,-0.84151,0.02862,0.70266,-0.01295,-0.7114,-0.00344,50.25,52.89,0.02,0.0707
20:48:22.146,6630.9971,331381,13.444,-3.779,15.059,-3.582,0.4836,0.0496,-1.05,0.002,0.07434,0.12537,1.0056,-0.0107,-0.0105,-0.05809,0.01266,-0.02545,0.52427,0.13129,-0.84086,0.02931,0.70322,-0.01222,-0.71086,-0.00416,50.25,52.86,0.02,0.0757
20:48:22.176,6631.0172,331382,13.194,-3.705,15.056,-3.582,0.4792,0.0481,-1.0542,0.01679,0.14962,0.0389,1.009,-0.0137,-0.011,-0.05889,0.01266,-0.02585,0.5262,0.13091,-0.83969,0.02978,0.70324,-0.01325,-0.71082,-0.00312,50.24,52.89,0.02,0.0731
20:48:22.191,6631.0371,331383,12.97,-3.704,15.054,-3.582,0.4978,0.0535,-1.0381,0.01399,0.15761,-0.03051,1.0068,-0.0117,-0.01,-0.05862,0.01239,-0.02491,0.52822,0.1311,-0.83839,0.02987,0.70358,-0.01232,-0.71049,-0.00406,50.26,52.85,0.02,0.0748
20:48:22.237,6631.0571,331384,12.616,-3.661,15.051,-3.582,0.5073,0.0684,-1.0132,0.01279,0.1271,-0.04517,1.0068,-0.0132,-0.0159,-0.05902,0.01239,-0.02638,0.52999,0.13142,-0.83723,0.02982,0.70284,-0.01252,-0.71122,-0.00386,50.25,52.88,0.02,0.0747
20:48:22.281,6631.0772,331385,12.686,-3.623,15.048,-3.582,0.5073,0.0679,-1.0305,0.00879,-0.04397,0.03291,1.0068,-0.0161,-0.0073,-0.05915,0.01359,-0.02571,0.53031,0.13111,-0.83707,0.02993,0.7035,-0.01304,-0.71057,-0.00333,50.25,52.89,0.02,0.0748
20:48:22.282,6631.0971,331386,12.798,-3.602,15.046,-3.582,0.5068,0.061,-1.0422,0.00453,-0.07474,0.09659,1.01,-0.0139,-0.0088,-0.05862,0.01332,-0.02558,0.53035,0.13026,-0.83716,0.03031,0.70422,-0.0131,-0.70985,-0.00326,50.24,52.88,0.02,0.0724
20:48:22.298,6631.1171,331387,12.721,-3.633,15.043,-3.583,0.4958,0.0442,-1.033,0.02025,-0.08767,0.07741,1.0103,-0.011,-0.01,-0.05822,0.01346,-0.02558,0.53027,0.12964,-0.83729,0.0307,0.70375,-0.01234,-0.71033,-0.00404,50.25,52.88,0.02,0.0722
20:48:22.299,6631.1371,331388,12.678,-3.678,15.04,-3.583,0.5032,0.0479,-1.0483,0.02638,-0.0862,0.00426,1.0117,-0.01,-0.01,-0.05836,0.01306,-0.02531,0.53022,0.12968,-0.83732,0.03075,0.7035,-0.0114,-0.71058,-0.00499,50.24,52.88,0.02,0.0712
20:48:22.311,6631.1571,331389,12.49,-3.655,15.037,-3.583,0.5051,0.0586,-1.0291,0.02118,-0.00799,-0.0421,1.0105,-0.012,-0.0154,-0.05836,0.01199,-0.02491,0.53085,0.13005,-0.83687,0.03062,0.70283,-0.01179,-0.71124,-0.0046,50.25,52.87,0.02,0.072
20:48:22.386,6631.1771,331390,12.362,-3.603,15.034,-3.583,0.5127,0.0613,-1.0188,0.01212,-0.01306,-0.03664,1.0085,-0.0115,-0.0127,-0.05875,0.01252,-0.02505,0.53144,0.13033,-0.83646,0.03043,0.70246,-0.01268,-0.7116,-0.0037,50.23,52.88,0.02,0.0735
20:48:22.387,6631.1971,331391,12.461,-3.625,15.031,-3.583,0.5061,0.0547,-1.0276,0.01292,-0.09992,-0.01372,1.0105,-0.0083,-0.01,-0.05902,0.01266,-0.02465,0.5313,0.13045,-0.83654,0.03026,0.70298,-0.01197,-0.7111,-0.00441,50.25,52.89,0.02,0.0721
20:48:22.391,6631.2171,331392,12.644,-3.601,15.028,-3.583,0.5042,0.0503,-1.0242,0.01625,-0.18466,-0.01452,1.0095,-0.0144,-0.0103,-0.05929,0.01226,-0.02571,0.53044,0.13061,-0.83706,0.03,0.70333,-0.01286,-0.71074,-0.00351,50.24,52.89,0.02,0.0728
20:48:22.392,6631.2371,331393,12.75,-3.63,15.026,-3.583,0.5042,0.0613,-1.0264,0.02878,-0.27526,-0.0401,1.0098,-0.0139,-0.0134,-0.05875,0.01252,-0.02571,0.52881,0.13109,-0.83803,0.02959,0.70261,-0.01305,-0.71145,-0.00332,50.24,52.89,0.02,0.0725
20:48:22.418,6631.2571,331394,12.924,-3.707,15.023,-3.583,0.5037,0.0657,-1.0505,0.0393,-0.32842,-0.03637,1.0088,-0.0107,-0.0161,-0.05889,0.01319,-0.02558,0.52673,0.13161,-0.83928,0.02921,0.70199,-0.01251,-0.71207,-0.00389,50.25,52.89,0.02,0.0733
20:48:22.431,6631.2771,331395,13.158,-3.709,15.021,-3.583,0.5024,0.0603,-1.0476,0.02971,-0.20398,0.00133,1.0095,-0.0164,-0.011,-0.05796,0.01266,-0.02545,0.52568,0.13172,-0.83992,0.02913,0.70255,-0.01316,-0.71151,-0.00322,50.24,52.89,0.02,0.0727
20:48:22.461,6631.2971,331396,13.259,-3.755,15.019,-3.583,0.4993,0.064,-1.0439,0.02345,-0.12537,0.01745,1.0076,-0.011,-0.0117,-0.05822,0.01212,-0.02505,0.5253,0.13164,-0.84017,0.02917,0.70292,-0.01225,-0.71116,-0.00413,50.25,52.89,0.02,0.0742
20:48:22.506,6631.3171,331397,13.311,-3.719,15.017,-3.583,0.4961,0.0518,-1.0366,0.01372,-0.0377,0.01572,1.01,-0.0154,-0.0081,-0.05915,0.01226,-0.02491,0.52567,0.1315,-0.83996,0.02924,0.70351,-0.01284,-0.71056,-0.00353,50.26,52.88,0.02,0.0724
20:48:22.521,6631.3371,331398,13.15,-3.694,15.015,-3.584,0.51,0.0598,-1.0232,0.01958,-0.03011,-0.01319,1.0068,-0.0149,-0.0127,-0.05929,0.01292,-0.02558,0.5261,0.13163,-0.83966,0.02922,0.70284,-0.01332,-0.71122,-0.00305,50.26,52.89,0.02,0.0748
20:48:22.522,6631.3571,331399,13.068,-3.72,15.013,-3.584,0.5088,0.0615,-1.0417,0.02505,-0.10778,-0.00107,1.0098,-0.0127,-0.0151,-0.05836,0.01332,-0.02571,0.52587,0.13171,-0.8398,0.02921,0.70217,-0.01292,-0.71189,-0.00346,50.25,52.88,0.02,0.0725
20:48:22.536,6631.3771,331400,13.245,-3.752,15.011,-3.584,0.5046,0.0605,-1.03,0.02105,-0.15255,0.02065,1.01,-0.0117,-0.012,-0.05875,0.01279,-0.02571,0.52527,0.1316,-0.84019,0.02921,0.7028,-0.01241,-0.71127,-0.00398,50.25,52.88,0.02,0.0724
20:48:22.553,6631.3971,331401,13.394,-3.801,15.009,-3.584,0.4978,0.0569,-1.0354,0.01545,-0.18772,0.02278,1.01,-0.0117,-0.0122,-0.05836,0.01212,-0.02585,0.52437,0.13145,-0.84078,0.02914,0.70302,-0.01144,-0.71106,-0.00496,50.26,52.87,0.02,0.0724
20:48:22.596,6631.4171,331402,13.46,-3.781,15.007,-3.584,0.5029,0.062,-1.0457,0.02238,-0.1804,0.00187,1.01,-0.0107,-0.0122,-0.05822,0.01252,-0.02585,0.52353,0.13151,-0.8413,0.02902,0.70268,-0.01234,-0.71139,-0.00405,50.26,52.88,0.02,0.0724
20:48:22.599,6631.4371,331403,13.543,-3.76,15.005,-3.585,0.4951,0.0576,-1.0378,0.02585,-0.1712,-0.00679,1.0117,-0.0149,-0.0132,-0.05862,0.01252,-0.02545,0.52277,0.13166,-0.84175,0.0289,0.7025,-0.01331,-0.71155,-0.00307,50.24,52.89,0.02,0.0711
20:48:22.612,6631.4571,331404,13.728,-3.791,15.004,-3.585,0.502,0.0618,-1.0315,0.04064,-0.14282,-0.03198,1.01,-0.0146,-0.0112,-0.05902,0.01332,-0.02545,0.52223,0.13209,-0.84202,0.02881,0.70323,-0.01334,-0.71083,-0.00302,50.24,52.88,0.02,0.0724
20:48:22.629,6631.4771,331405,13.686,-3.841,15.003,-3.585,0.4963,0.0552,-1.04,0.02585,-0.07501,-0.01892,1.0066,-0.011,-0.0115,-0.05836,0.01252,-0.02558,0.52228,0.13231,-0.84196,0.02876,0.70307,-0.01231,-0.711,-0.00407,50.24,52.88,0.02,0.075
20:48:22.671,6631.4971,331406,13.699,-3.798,15.001,-3.585,0.5042,0.0659,-1.0254,0.01958,-0.02571,-0.02398,1.0076,-0.0125,-0.011,-0.05889,0.01212,-0.02598,0.52275,0.13254,-0.84163,0.02868,0.7035,-0.01317,-0.71057,-0.0032,50.24,52.88,0.02,0.0742
20:48:22.701,6631.5171,331407,13.786,-3.809,15.0,-3.586,0.5005,0.0576,-1.0393,0.01079,-0.07021,0.0064,1.0071,-0.0129,-0.0088,-0.05836,0.01226,-0.02491,0.52286,0.13247,-0.84158,0.02864,0.70414,-0.01263,-0.70994,-0.00374,50.24,52.88,0.02,0.0746
20:48:22.702,6631.5371,331408,13.644,-3.83,14.998,-3.586,0.5037,0.0571,-1.0256,0.02278,-0.05556,-0.00919,1.0059,-0.01,-0.0117,-0.05915,0.01252,-0.02505,0.52307,0.13259,-0.84143,0.02863,0.70347,-0.01213,-0.7106,-0.00424,50.25,52.88,0.02,0.0755
20:48:22.716,6631.5572,331409,13.504,-3.851,14.996,-3.586,0.5017,0.0618,-1.0334,0.02451,-0.06115,-0.01772,1.0054,-0.0095,-0.0127,-0.05902,0.01292,-0.02571,0.52324,0.13279,-0.84129,0.02859,0.70278,-0.01169,-0.7113,-0.00469,50.26,52.89,0.02,0.0759
20:48:22.746,6631.5771,331410,13.597,-3.828,14.995,-3.587,0.5078,0.061,-1.0393,0.02105,-0.07541,-0.01132,1.01,-0.0107,-0.0115,-0.05862,0.01306,-0.02438,0.52329,0.13293,-0.84124,0.02853,0.70336,-0.0123,-0.71071,-0.00407,50.25,52.88,0.02,0.0724
20:48:22.747,6631.5971,331411,13.473,-3.823,14.993,-3.587,0.5076,0.0583,-1.0347,0.01705,-0.07208,0.0024,1.0122,-0.0117,-0.0142,-0.05809,0.01279,-0.02545,0.52337,0.13292,-0.84119,0.02852,0.70265,-0.01232,-0.71142,-0.00406,50.25,52.89,0.02,0.0707
20:48:22.836,6631.6172,331412,13.479,-3.779,14.991,-3.587,0.5022,0.0569,-1.0303,0.02012,-0.06382,-0.00826,1.0078,-0.0132,-0.0125,-0.05862,0.01252,-0.02611,0.52351,0.13303,-0.84109,0.02848,0.70274,-0.01335,-0.71131,-0.00301,50.24,52.89,0.02,0.074
20:48:22.837,6631.6371,331413,13.454,-3.827,14.99,-3.587,0.5117,0.063,-1.0305,0.02385,-0.07821,-0.02864,1.0078,-0.0125,-0.0125,-0.05822,0.01319,-0.02625,0.52354,0.13332,-0.84103,0.02835,0.70268,-0.01232,-0.71139,-0.00406,50.25,52.87,0.02,0.074
20:48:22.839,6631.6571,331414,13.602,-3.842,14.988,-3.588,0.5061,0.0647,-1.0344,0.02971,-0.11138,-0.02078,1.0122,-0.0117,-0.012,-0.05889,0.01346,-0.02558,0.52328,0.13359,-0.84115,0.02827,0.70339,-0.01233,-0.71068,-0.00404,50.26,52.87,0.02,0.0707
20:48:22.842,6631.6772,331415,13.556,-3.88,14.986,-3.588,0.5088,0.0608,-1.0576,0.01998,-0.04823,0.0052,1.0115,-0.0063,-0.0105,-0.05889,0.01319,-0.02611,0.52356,0.13358,-0.84098,0.02833,0.7034,-0.01133,-0.71069,-0.00505,50.26,52.88,0.02,0.0713
20:48:22.844,6631.6971,331416,13.255,-3.791,14.984,-3.588,0.5046,0.0498,-1.0352,0.0056,0.16867,-0.03491,1.0078,-0.0117,-0.011,-0.05809,0.01239,-0.02545,0.52568,0.13376,-0.83962,0.02835,0.70322,-0.01234,-0.71085,-0.00403,50.25,52.88,0.02,0.0741
20:48:22.866,6631.7171,331417,12.89,-3.676,14.982,-3.588,0.5271,0.0637,-1.0251,-0.01013,0.22929,-0.087,1.0029,-0.0154,-0.0115,-0.05862,0.01186,-0.02438,0.52836,0.13428,-0.83787,0.02804,0.70307,-0.01341,-0.71099,-0.00295,50.24,52.88,0.02,0.0777
20:48:22.941,6631.7372,331418,12.523,-3.629,14.979,-3.588,0.5315,0.0671,-1.0059,-0.02132,0.17253,-0.05836,1.0085,-0.0125,-0.0127,-0.05836,0.01212,-0.02518,0.53056,0.13451,-0.83645,0.02771,0.70262,-0.0126,-0.71145,-0.00378,50.24,52.89,0.02,0.0735
20:48:22.971,6631.7571,331419,12.279,-3.594,14.976,-3.588,0.5295,0.062,-1.0171,0.0012,0.03677,-0.04943,1.0137,-0.0125,-0.0139,-0.05849,0.01306,-0.02505,0.53159,0.13483,-0.83575,0.02744,0.70192,-0.01261,-0.71213,-0.00377,50.24,52.88,0.02,0.0696
20:48:22.972,6631.7771,331420,12.267,-3.563,14.973,-3.588,0.5293,0.0598,-1.0527,0.01079,0.03504,-0.05995,1.0071,-0.0132,-0.012,-0.05875,0.01266,-0.02558,0.53259,0.13529,-0.83505,0.02719,0.70266,-0.01281,-0.71141,-0.00357,50.24,52.89,0.02,0.0746
20:48:22.975,6631.7972,331421,11.868,-3.531,14.97,-3.588,0.5339,0.071,-1.0256,-0.00759,0.20611,-0.09832,1.0063,-0.0105,-0.0137,-0.05915,0.01266,-0.02571,0.53506,0.13592,-0.83338,0.02681,0.70225,-0.01192,-0.71181,-0.00448,50.25,52.89,0.02,0.0752
20:48:23.016,6631.8171,331422,11.501,-3.419,14.966,-3.588,0.5461,0.0732,-1.0017,-0.01399,0.24075,-0.09033,1.0098,-0.0156,-0.0142,-0.05849,0.01212,-0.02558,0.53781,0.13644,-0.83153,0.02646,0.70217,-0.01293,-0.71188,-0.00345,50.23,52.89,0.02,0.0725
20:48:23.033,6631.8371,331423,11.349,-3.386,14.962,-3.588,0.5505,0.0703,-1.0125,-0.00839,0.13257,-0.05702,1.0061,-0.0093,-0.0103,-0.05862,0.01239,-0.02531,0.53965,0.13675,-0.8303,0.0262,0.70277,-0.01227,-0.7113,-0.00411,50.26,52.88,0.02,0.0754
20:48:23.061,6631.8571,331424,11.202,-3.371,14.958,-3.588,0.5471,0.061,-1.0256,-0.00746,0.07687,-0.03144,1.0115,-0.011,-0.0122,-0.05942,0.01226,-0.02531,0.54101,0.13685,-0.8294,0.02601,0.70301,-0.01132,-0.71107,-0.00507,50.24,52.89,0.02,0.0713
20:48:23.062,6631.8771,331425,10.884,-3.268,14.953,-3.587,0.5569,0.0693,-1.0259,-0.01346,0.20131,-0.07301,1.01,-0.0105,-0.0117,-0.05875,0.01252,-0.02585,0.54342,0.13724,-0.82777,0.02572,0.70297,-0.01234,-0.7111,-0.00404,50.24,52.89,0.02,0.0724
20:48:23.064,6631.8971,331426,10.463,-3.22,14.948,-3.587,0.5688,0.074,-0.9937,-0.01719,0.28445,-0.09593,1.0083,-0.0095,-0.0117,-0.05836,0.01359,-0.02571,0.54653,0.13778,-0.82564,0.02538,0.70298,-0.0113,-0.7111,-0.00509,50.25,52.89,0.02,0.0737
20:48:23.108,6631.9172,331427,10.214,-3.13,14.943,-3.586,0.5825,0.0774,-0.9827,-0.00626,0.17906,-0.06395,1.0051,-0.0115,-0.011,-0.05902,0.01279,-0.02558,0.54874,0.13813,-0.82412,0.02516,0.70323,-0.01232,-0.71085,-0.00406,50.24,52.89,0.02,0.0761
20:48:23.111,6631.9371,331428,10.192,-3.092,14.938,-3.586,0.5781,0.075,-1.0168,-0.00466,0.04277,0.01106,1.0093,-0.0115,-0.009,-0.05875,0.01306,-0.02558,0.5498,0.13791,-0.82345,0.02518,0.70396,-0.01225,-0.71013,-0.00412,50.25,52.87,0.02,0.0729
20:48:23.112,6631.9571,331429,9.941,-3.034,14.932,-3.585,0.5696,0.0718,-1.0002,-0.01399,0.04237,0.02718,1.009,-0.0134,-0.0139,-0.05849,0.01212,-0.02545,0.55086,0.13751,-0.82281,0.02521,0.70325,-0.01253,-0.71082,-0.00385,50.27,52.88,0.02,0.0731
20:48:23.136,6631.9772,331430,9.662,-2.926,14.926,-3.584,0.5798,0.0732,-1.0393,-0.02278,0.22276,-0.02092,1.0063,-0.0139,-0.0103,-0.05796,0.01239,-0.02545,0.55343,0.13741,-0.8211,0.02516,0.70361,-0.01346,-0.71046,-0.0029,50.25,52.88,0.02,0.0752
20:48:23.183,6631.9971,331431,8.926,-2.825,14.92,-3.584,0.584,0.0796,-0.9756,-0.03144,0.46391,-0.09779,1.0071,-0.0122,-0.0154,-0.05875,0.01172,-0.02558,0.558,0.13782,-0.81793,0.02493,0.7029,-0.01312,-0.71116,-0.00325,50.26,52.89,0.02,0.0745
20:48:23.184,6632.0171,331432,8.366,-2.746,14.912,-3.583,0.6069,0.0872,-0.9578,-0.02651,0.31562,-0.07861,1.0098,-0.0127,-0.0139,-0.05862,0.01266,-0.02571,0.56134,0.13815,-0.8156,0.02465,0.70224,-0.01271,-0.71182,-0.00368,50.24,52.88,0.02,0.0725
20:48:23.185,6632.0372,331433,8.234,-2.718,14.905,-3.582,0.6094,0.0854,-0.9824,-0.00746,0.09553,-0.02358,1.011,-0.012,-0.0134,-0.05902,0.01239,-0.02505,0.56284,0.13818,-0.81456,0.02452,0.7027,-0.01193,-0.71137,-0.00446,50.25,52.88,0.02,0.0716
20:48:23.213,6632.0571,331434,8.197,-2.673,14.897,-3.581,0.6023,0.0784,-0.9805,0.00679,-0.01066,0.00839,1.009,-0.0127,-0.012,-0.05809,0.01239,-0.02598,0.56344,0.13806,-0.81417,0.02456,0.70293,-0.01291,-0.71113,-0.00347,50.25,52.88,0.02,0.0731
20:48:23.226,6632.0771,331435,8.264,-2.672,14.89,-3.58,0.6008,0.0776,-0.9895,0.01772,-0.03944,0.00373,1.009,-0.0127,-0.0093,-0.05822,0.01212,-0.02505,0.56378,0.13805,-0.81393,0.02461,0.70366,-0.01272,-0.71042,-0.00365,50.24,52.88,0.02,0.0732
20:48:23.256,6632.0972,331436,8.068,-2.661,14.883,-3.579,0.6033,0.0801,-0.9937,0.01266,-0.01426,-0.01372,1.009,-0.0122,-0.0154,-0.05875,0.01319,-0.02491,0.56435,0.13814,-0.81353,0.02456,0.70292,-0.01265,-0.71115,-0.00373,50.24,52.89,0.02,0.0731
20:48:23.301,6632.1171,331437,8.073,-2.634,14.875,-3.578,0.6106,0.085,-0.9734,0.00333,0.01652,-0.03837,1.0105,-0.0125,-0.0093,-0.05862,0.01212,-0.02571,0.56518,0.13837,-0.81291,0.02433,0.70364,-0.01261,-0.71043,-0.00377,50.23,52.88,0.02,0.072
20:48:23.302,6632.1371,331438,7.943,-2.635,14.868,-3.577,0.6145,0.0869,-0.9612,0.00866,-0.05716,-0.03837,1.01,-0.0071,-0.0156,-0.05875,0.01292,-0.02558,0.56541,0.13865,-0.81272,0.02404,0.70303,-0.01205,-0.71104,-0.00433,50.22,52.89,0.02,0.0724
20:48:23.305,6632.1572,331439,8.104,-2.615,14.86,-3.575,0.6147,0.084,-1.0054,0.01506,-0.18999,0.01132,1.0063,-0.0139,-0.011,-0.05875,0.01279,-0.02585,0.56454,0.1386,-0.81334,0.02391,0.70322,-0.01308,-0.71085,-0.00329,50.25,52.88,0.02,0.0752
20:48:23.331,6632.1771,331440,8.176,-2.637,14.853,-3.574,0.6025,0.082,-0.9856,0.01013,-0.13203,0.01719,1.0049,-0.0085,-0.0103,-0.05836,0.01266,-0.02558,0.56414,0.13845,-0.81364,0.02385,0.70335,-0.01203,-0.71073,-0.00436,50.24,52.89,0.02,0.0763
20:48:23.346,6632.1971,331441,8.119,-2.636,14.845,-3.573,0.6165,0.083,-0.9878,0.02225,-0.1251,-0.00679,1.01,-0.0127,-0.0139,-0.05849,0.01306,-0.02571,0.56379,0.13857,-0.81387,0.02376,0.70268,-0.01242,-0.71138,-0.00396,50.25,52.89,0.02,0.0724
20:48:23.378,6632.2172,331442,8.274,-2.634,14.838,-3.572,0.6086,0.085,-0.9819,0.02025,-0.11871,0.0024,1.0112,-0.0134,-0.009,-0.05875,0.01306,-0.02558,0.56349,0.1386,-0.81407,0.02372,0.70338,-0.01269,-0.71069,-0.00369,50.26,52.88,0.02,0.0715
20:48:23.408,6632.2371,331443,8.209,-2.643,14.831,-3.571,0.6086,0.084,-0.9722,0.02225,-0.13043,-0.00147,1.0078,-0.0127,-0.0146,-0.05929,0.01252,-0.02558,0.56309,0.13868,-0.81433,0.02365,0.70263,-0.0127,-0.71143,-0.00368,50.26,52.87,0.02,0.074
20:48:23.436,6632.2571,331444,8.368,-2.638,14.824,-3.57,0.6038,0.0818,-0.9834,0.01932,-0.11977,-0.004,1.0078,-0.0137,-0.0107,-0.05809,0.01239,-0.02505,0.56279,0.13875,-0.81453,0.02356,0.70334,-0.01303,-0.71073,-0.00333,50.24,52.87,0.02,0.074
20:48:23.437,6632.2771,331445,8.231,-2.632,14.817,-3.569,0.6113,0.0813,-0.9783,0.01652,-0.06728,-0.01625,1.0063,-0.0142,-0.0137,-0.05889,0.01212,-0.02531,0.56292,0.1389,-0.81442,0.02345,0.70259,-0.01317,-0.71147,-0.0032,50.25,52.89,0.02,0.0751
20:48:23.466,6632.2971,331446,8.162,-2.655,14.809,-3.568,0.613,0.0903,-0.9736,0.01879,-0.07981,-0.01306,1.0088,-0.0098,-0.0146,-0.05902,0.01226,-0.02598,0.56294,0.13904,-0.81438,0.02336,0.70221,-0.01229,-0.71185,-0.0041,50.25,52.89,0.02,0.0733
20:48:23.469,6632.3171,331447,8.283,-2.646,14.802,-3.567,0.6143,0.0845,-1.0203,0.01745,-0.08713,0.00027,1.0095,-0.0127,-0.0112,-0.05902,0.01279,-0.02545,0.5629,0.13907,-0.81441,0.02333,0.70291,-0.01258,-0.71115,-0.0038,50.24,52.89,0.02,0.0728
20:48:23.496,6632.3371,331448,8.249,-2.607,14.795,-3.566,0.6121,0.0859,-0.9902,0.00226,0.04956,-0.01412,1.0088,-0.0129,-0.0107,-0.05929,0.01186,-0.02465,0.564,0.13909,-0.81364,0.02328,0.70362,-0.01287,-0.71045,-0.0035,50.23,52.89,0.02,0.0733
20:48:23.526,6632.3571,331449,8.085,-2.59,14.788,-3.565,0.6189,0.0835,-1.0044,-0.00706,0.06102,-0.0016,1.0117,-0.009,-0.0098,-0.05849,0.01186,-0.02518,0.5652,0.13896,-0.81283,0.02324,0.70365,-0.01186,-0.71044,-0.00451,50.24,52.88,0.02,0.0712
20:48:23.529,6632.3771,331450,7.655,-2.527,14.78,-3.564,0.6277,0.0918,-0.9583,-0.00666,0.20078,-0.02185,1.0098,-0.0115,-0.0122,-0.05929,0.01332,-0.02598,0.56755,0.13896,-0.8112,0.02328,0.70296,-0.0122,-0.71112,-0.00419,50.24,52.87,0.02,0.0725
20:48:23.556,6632.3971,331451,7.386,-2.498,14.772,-3.563,0.6316,0.082,-0.9519,0.00067,0.0485,0.02038,1.0071,-0.0112,-0.0122,-0.05915,0.01239,-0.02518,0.56863,0.13869,-0.81048,0.02342,0.70221,-0.01208,-0.71185,-0.00431,50.24,52.88,0.02,0.0746
20:48:23.571,6632.4171,331452,7.472,-2.545,14.764,-3.562,0.6289,0.0903,-0.9551,0.03837,-0.11218,0.00679,1.0071,-0.0076,-0.0125,-0.05862,0.01319,-0.02545,0.56836,0.13879,-0.81065,0.02355,0.70258,-0.01117,-0.7115,-0.00523,50.26,52.88,0.02,0.0746
20:48:23.586,6632.4371,331453,7.596,-2.559,14.756,-3.561,0.6204,0.083,-0.9656,0.03984,-0.2217,0.0036,1.0076,-0.0107,-0.0134,-0.05822,0.01306,-0.02531,0.5672,0.13894,-0.81143,0.02353,0.70234,-0.01216,-0.71173,-0.00423,50.26,52.88,0.02,0.0742
20:48:23.663,6632.4571,331454,7.652,-2.596,14.749,-3.56,0.6223,0.0835,-0.9834,0.03957,-0.23662,-0.01452,1.0078,-0.0112,-0.0139,-0.05915,0.01226,-0.02518,0.56593,0.13925,-0.81228,0.02339,0.7016,-0.01229,-0.71245,-0.00411,50.24,52.89,0.02,0.074
20:48:23.676,6632.4771,331455,7.873,-2.612,14.741,-3.559,0.6206,0.0845,-0.967,0.03531,-0.18239,-0.03531,1.0088,-0.0139,-0.0125,-0.05862,0.01252,-0.02505,0.5651,0.13968,-0.81278,0.02317,0.70225,-0.01277,-0.71181,-0.00361,50.24,52.87,0.02,0.0733
20:48:23.677,6632.4971,331456,7.984,-2.657,14.734,-3.558,0.6135,0.0786,-0.978,0.02758,-0.17946,-0.05436,1.0068,-0.0117,-0.0137,-0.05836,0.01332,-0.02611,0.56431,0.14023,-0.81325,0.02278,0.7023,-0.01172,-0.71177,-0.00468,50.26,52.88,0.02,0.0748
20:48:23.708,6632.5171,331457,8.048,-2.614,14.727,-3.557,0.6125,0.0754,-0.9802,-0.00173,-0.05982,-0.05316,1.0093,-0.0134,-0.0112,-0.05836,0.01239,-0.02531,0.56453,0.14057,-0.81305,0.02233,0.70282,-0.01244,-0.71125,-0.00394,50.24,52.88,0.02,0.0729
20:48:23.709,6632.5371,331458,7.782,-2.565,14.719,-3.556,0.6277,0.0879,-1.0024,-0.00893,0.05156,-0.09739,1.0068,-0.0129,-0.0149,-0.05875,0.01292,-0.02505,0.56568,0.14121,-0.81215,0.02173,0.70209,-0.0127,-0.71197,-0.00369,50.24,52.89,0.02,0.0748
20:48:23.710,6632.5571,331459,7.55,-2.479,14.712,-3.554,0.6333,0.0974,-0.9531,-0.01919,0.16347,-0.11698,1.0125,-0.0168,-0.0132,-0.05902,0.01306,-0.02585,0.56776,0.14193,-0.81059,0.02108,0.70235,-0.01362,-0.7117,-0.00275,50.24,52.89,0.02,0.0705
20:48:23.766,6632.5771,331460,7.43,-2.452,14.704,-3.553,0.6448,0.1106,-0.9529,-0.01239,0.06715,-0.07767,1.0093,-0.0112,-0.012,-0.05889,0.01172,-0.02558,0.56904,0.14239,-0.80963,0.02058,0.70268,-0.0127,-0.71138,-0.00367,50.24,52.89,0.02,0.0729
20:48:23.781,6632.5971,331461,7.227,-2.419,14.696,-3.552,0.6331,0.0901,-0.9634,-0.02078,0.05502,0.01026,1.0093,-0.0115,-0.0129,-0.05849,0.01266,-0.02505,0.5702,0.14208,-0.80886,0.0205,0.70242,-0.01175,-0.71165,-0.00464,50.25,52.89,0.02,0.0729
20:48:23.782,6632.6171,331462,6.921,-2.319,14.687,-3.551,0.6392,0.0852,-0.9822,-0.03317,0.16481,0.00466,1.0151,-0.0115,-0.0137,-0.05942,0.01172,-0.02571,0.57228,0.14173,-0.80746,0.02044,0.70222,-0.01267,-0.71184,-0.00371,50.26,52.88,0.02,0.0686
20:48:23.797,6632.6371,331463,6.594,-2.218,14.679,-3.549,0.6475,0.0942,-0.9482,-0.04916,0.3035,-0.03531,1.0078,-0.0117,-0.0122,-0.05809,0.01252,-0.02585,0.5755,0.14158,-0.8052,0.02022,0.70291,-0.01228,-0.71116,-0.0041,50.24,52.89,0.02,0.074
20:48:23.812,6632.6571,331464,6.151,-2.134,14.67,-3.548,0.6553,0.0979,-0.9478,-0.0401,0.20731,-0.01665,1.0093,-0.0107,-0.0142,-0.05862,0.01239,-0.02505,0.57792,0.14135,-0.80351,0.02005,0.7022,-0.01203,-0.71187,-0.00436,50.24,52.87,0.02,0.0729
20:48:23.828,6632.6771,331465,6.037,-2.078,14.66,-3.546,0.6602,0.1016,-0.9426,-0.01079,0.12217,-0.01945,1.0063,-0.0115,-0.012,-0.05902,0.01292,-0.02531,0.57962,0.14133,-0.80229,0.01997,0.70293,-0.0123,-0.71114,-0.00408,50.24,52.87,0.02,0.0752
20:48:23.856,6632.6971,331466,5.84,-2.055,14.651,-3.545,0.658,0.1011,-0.9465,0.01319,0.00693,0.00187,1.0076,-0.0146,-0.0149,-0.05902,0.01239,-0.02478,0.58034,0.1413,-0.80177,0.02005,0.70232,-0.01291,-0.71173,-0.00347,50.25,52.89,0.02,0.0741
20:48:23.886,6632.7171,331467,5.785,-2.076,14.642,-3.543,0.6562,0.0938,-0.946,0.02052,-0.07901,0.0437,1.0088,-0.0105,-0.0144,-0.05849,0.01266,-0.02531,0.58036,0.14099,-0.8018,0.0203,0.70204,-0.01196,-0.71203,-0.00443,50.25,52.87,0.02,0.0733
20:48:23.901,6632.7371,331468,5.893,-2.081,14.632,-3.542,0.6543,0.0898,-0.9583,0.02998,-0.07967,0.03198,1.0066,-0.0134,-0.01,-0.05836,0.01279,-0.02531,0.58036,0.14083,-0.80182,0.02057,0.70272,-0.01239,-0.71134,-0.00399,50.25,52.88,0.02,0.0749
20:48:23.916,6632.7571,331469,5.819,-2.104,14.623,-3.54,0.6562,0.0913,-0.9521,0.02478,-0.03531,0.0,1.0093,-0.0112,-0.0125,-0.05889,0.01292,-0.02625,0.58074,0.14089,-0.80154,0.02067,0.70263,-0.01138,-0.71145,-0.00502,50.24,52.89,0.02,0.0729
20:48:23.961,6632.7771,331470,5.637,-2.087,14.613,-3.538,0.6577,0.0969,-0.9692,0.02052,0.00213,-0.02984,1.0056,-0.011,-0.0142,-0.05889,0.01266,-0.02585,0.58142,0.14115,-0.801,0.02062,0.70208,-0.01212,-0.71198,-0.00427,50.27,52.87,0.02,0.0757
20:48:23.962,6632.7971,331471,5.459,-2.071,14.604,-3.537,0.6602,0.0913,-0.9429,0.00919,0.14562,-0.05769,1.0071,-0.0103,-0.0137,-0.05889,0.01279,-0.02585,0.58327,0.14155,-0.79958,0.02051,0.70262,-0.01138,-0.71146,-0.00502,50.26,52.88,0.02,0.0746
20:48:23.965,6632.8171,331472,5.354,-2.042,14.594,-3.535,0.6748,0.1069,-0.9248,0.01386,0.10672,-0.08513,1.0066,-0.0112,-0.0093,-0.05875,0.01226,-0.02545,0.58482,0.1422,-0.79835,0.02023,0.7033,-0.01182,-0.71078,-0.00456,50.25,52.88,0.02,0.075
20:48:24.006,6632.8371,331473,5.287,-2.069,14.584,-3.534,0.6877,0.1033,-0.9253,0.03464,-0.12737,-0.05076,1.0093,-0.0095,-0.0132,-0.05889,0.01252,-0.02478,0.58445,0.14274,-0.79853,0.01998,0.70258,-0.01162,-0.71149,-0.00478,50.25,52.89,0.02,0.0729
20:48:24.009,6632.8571,331474,5.706,-2.129,14.575,-3.532,0.6638,0.0996,-0.9417,0.05356,-0.34507,-0.0064,1.0063,-0.01,-0.0073,-0.05836,0.01386,-0.02545,0.58231,0.14308,-0.80003,0.01983,0.70334,-0.01166,-0.71074,-0.00473,50.25,52.89,0.02,0.0752
20:48:24.051,6632.8771,331475,5.87,-2.161,14.565,-3.531,0.6511,0.0862,-0.9487,0.03371,-0.32455,-0.00333,1.0103,-0.0112,-0.0144,-0.05836,0.01279,-0.02585,0.58035,0.14327,-0.80142,0.01957,0.70264,-0.01194,-0.71143,-0.00445,50.24,52.89,0.02,0.0722
20:48:24.066,6632.8971,331476,6.016,-2.207,14.556,-3.529,0.6653,0.0942,-0.9517,0.03091,-0.27792,-0.07887,1.0081,-0.0085,-0.0137,-0.05862,0.01292,-0.02558,0.57879,0.14404,-0.80243,0.01892,0.7022,-0.01111,-0.71188,-0.0053,50.24,52.87,0.02,0.0738
20:48:24.081,6632.9171,331477,6.289,-2.206,14.548,-3.528,0.6602,0.1016,-0.9766,0.02078,-0.27299,-0.09366,1.01,-0.0088,-0.0137,-0.05862,0.01306,-0.02598,0.57727,0.14488,-0.80339,0.01811,0.70252,-0.01202,-0.71155,-0.00437,50.24,52.89,0.02,0.0724
20:48:24.126,6632.9371,331478,6.284,-2.203,14.539,-3.527,0.6528,0.0994,-0.9524,0.01545,-0.1728,-0.0842,1.0093,-0.0115,-0.0144,-0.05796,0.01199,-0.02598,0.57657,0.14559,-0.80378,0.01745,0.70183,-0.01239,-0.71222,-0.004,50.25,52.89,0.02,0.0729
20:48:24.130,6632.9571,331479,6.63,-2.214,14.531,-3.525,0.6641,0.1121,-0.9512,0.01972,-0.27792,-0.05289,1.0049,-0.0127,-0.0107,-0.05849,0.01346,-0.02585,0.57501,0.14609,-0.80482,0.01685,0.70259,-0.01255,-0.71147,-0.00383,50.26,52.89,0.02,0.0762
20:48:24.132,6632.9771,331480,6.922,-2.215,14.523,-3.524,0.6538,0.1025,-0.9839,0.01212,-0.40795,0.02065,1.0122,-0.0137,-0.0139,-0.05782,0.01239,-0.02571,0.5724,0.14598,-0.80671,0.01643,0.70207,-0.01323,-0.71197,-0.00314,50.24,52.9,0.02,0.0707
20:48:24.171,6632.9971,331481,7.365,-2.252,14.515,-3.523,0.6521,0.1108,-0.9963,0.02225,-0.38424,0.03331,1.0056,-0.0093,-0.009,-0.05875,0.01199,-0.02545,0.56995,0.14582,-0.80847,0.01619,0.70271,-0.01264,-0.71136,-0.00374,50.24,52.88,0.02,0.0757
20:48:24.174,6633.0171,331482,7.678,-2.298,14.508,-3.521,0.6501,0.1052,-1.0093,0.02398,-0.32349,0.07141,1.0081,-0.009,-0.0115,-0.05902,0.01172,-0.02611,0.56799,0.14535,-0.80994,0.01628,0.70297,-0.01167,-0.71111,-0.00472,50.24,52.88,0.02,0.0738
20:48:24.201,6633.0371,331483,7.854,-2.405,14.501,-3.52,0.6331,0.103,-0.9812,0.07914,-0.30577,0.09886,1.0127,-0.009,-0.0122,-0.05849,0.01239,-0.02598,0.56607,0.14496,-0.81133,0.01699,0.70254,-0.01088,-0.71154,-0.00552,50.26,52.89,0.02,0.0704
20:48:24.246,6633.0571,331484,8.074,-2.516,14.494,-3.519,0.6406,0.1086,-0.9548,0.10805,-0.36292,0.03158,1.0095,-0.012,-0.0176,-0.05875,0.01266,-0.02585,0.56366,0.14529,-0.81294,0.01747,0.70194,-0.01147,-0.71213,-0.00493,50.25,52.87,0.02,0.0727
20:48:24.249,6633.0771,331485,8.49,-2.617,14.488,-3.518,0.6414,0.1113,-0.9565,0.0914,-0.34827,-0.0874,1.0095,-0.01,-0.01,-0.05889,0.01252,-0.02598,0.56142,0.1465,-0.81428,0.01716,0.70267,-0.01158,-0.71141,-0.0048,50.26,52.88,0.02,0.0728
20:48:24.250,6633.0971,331486,8.754,-2.705,14.482,-3.517,0.6663,0.1055,-0.9949,0.08993,-0.38983,-0.12484,1.0125,-0.0115,-0.0142,-0.05822,0.01346,-0.02545,0.55883,0.148,-0.8158,0.01658,0.70214,-0.01224,-0.71193,-0.00414,50.25,52.88,0.02,0.0705
20:48:24.276,6633.1171,331487,9.014,-2.795,14.476,-3.516,0.6704,0.1011,-0.9839,0.06488,-0.25913,-0.14682,1.0078,-0.01,-0.0134,-0.05849,0.01199,-0.02518,0.55735,0.14952,-0.81655,0.01586,0.70256,-0.01138,-0.71152,-0.00501,50.23,52.88,0.02,0.074
20:48:24.291,6633.1371,331488,9.22,-2.903,14.471,-3.516,0.6631,0.1179,-0.9861,0.12537,-0.24208,-0.08367,1.0134,-0.0156,-0.012,-0.05862,0.01279,-0.02545,0.5559,0.15086,-0.81729,0.01601,0.7027,-0.01234,-0.71136,-0.00404,50.24,52.89,0.02,0.0698
20:48:24.308,6633.1571,331489,9.517,-3.035,14.466,-3.515,0.6719,0.1121,-1.0159,0.14003,-0.27219,-0.02625,1.0088,-0.0129,-0.0117,-0.05875,0.01252,-0.02558,0.55417,0.15182,-0.81827,0.01656,0.70321,-0.01308,-0.71085,-0.00328,50.26,52.89,0.02,0.0733
20:48:24.351,6633.1771,331490,9.499,-3.174,14.46,-3.515,0.6719,0.0688,-1.0295,0.11045,-0.13616,-0.03611,1.0054,-0.01,-0.0127,-0.05822,0.01252,-0.02598,0.5536,0.15266,-0.81849,0.01703,0.70281,-0.01219,-0.71127,-0.00419,50.25,52.88,0.02,0.0759
20:48:24.352,6633.1971,331491,9.291,-3.261,14.455,-3.515,0.6328,0.0767,-0.9851,0.1259,0.07941,0.00533,1.0103,-0.0144,-0.0127,-0.05796,0.01266,-0.02531,0.55476,0.15321,-0.81758,0.01819,0.70266,-0.01318,-0.7114,-0.00319,50.24,52.89,0.02,0.0721
20:48:24.366,6633.2171,331492,8.985,-3.464,14.449,-3.515,0.5933,0.0979,-0.9702,0.19132,0.07608,0.10472,1.0093,-0.0125,-0.0156,-0.05796,0.01319,-0.02505,0.55577,0.15332,-0.81682,0.02041,0.70197,-0.01282,-0.71208,-0.00356,50.25,52.88,0.02,0.0729
20:48:24.396,6633.2371,331493,9.148,-3.688,14.444,-3.515,0.6333,0.0784,-0.9983,0.21637,-0.13976,0.14762,1.0122,-0.0144,-0.0122,-0.05915,0.01292,-0.02505,0.55496,0.15325,-0.81732,0.02276,0.70264,-0.01316,-0.71142,-0.0032,50.26,52.89,0.02,0.0707
20:48:24.413,6633.2571,331494,9.233,-3.969,14.438,-3.515,0.6438,0.0803,-0.9832,0.23342,-0.2578,0.13203,1.0063,-0.0134,-0.0132,-0.05849,0.01279,-0.02558,0.55317,0.15343,-0.81843,0.02497,0.70205,-0.0125,-0.71201,-0.00388,50.24,52.89,0.02,0.0751
20:48:24.426,6633.2771,331495,9.46,-4.256,14.433,-3.516,0.6316,0.0879,-0.9824,0.27419,-0.32122,0.12977,1.009,-0.0132,-0.0146,-0.05782,0.01159,-0.02598,0.55079,0.15387,-0.81988,0.0274,0.70182,-0.01348,-0.71222,-0.00289,50.25,52.87,0.02,0.0731
20:48:24.486,6633.2971,331496,9.863,-4.592,14.429,-3.517,0.637,0.1025,-1.0024,0.26979,-0.38597,0.08474,1.0088,-0.0117,-0.0127,-0.05849,0.01186,-0.02518,0.54789,0.15467,-0.8216,0.02944,0.70234,-0.01275,-0.71172,-0.00363,50.26,52.87,0.02,0.0733
20:48:24.487,6633.3171,331497,10.245,-4.818,14.424,-3.519,0.646,0.0991,-0.97,0.18972,-0.33241,0.02611,1.01,-0.0115,-0.0093,-0.05875,0.01266,-0.02465,0.54557,0.1555,-0.82294,0.03058,0.70305,-0.01251,-0.71102,-0.00386,50.25,52.87,0.02,0.0724
20:48:24.491,6633.3371,331498,10.618,-4.993,14.42,-3.52,0.657,0.0784,-0.9927,0.11525,-0.46231,0.06422,1.0103,-0.0095,-0.0122,-0.05875,0.01252,-0.02518,0.54228,0.15564,-0.82507,0.03112,0.70281,-0.01155,-0.71127,-0.00483,50.24,52.89,0.02,0.0722
20:48:24.518,6633.3571,331499,11.309,-5.164,14.417,-3.522,0.6909,0.0571,-1.0823,0.14855,-0.64431,0.17333,1.01,-0.0132,-0.011,-0.05836,0.01279,-0.02531,0.53739,0.1551,-0.82832,0.03225,0.70311,-0.01248,-0.71096,-0.0039,50.25,52.89,0.02,0.0724
20:48:24.548,6633.3771,331500,11.707,-5.486,14.414,-3.524,0.6694,0.0581,-1.0447,0.24115,-0.54158,0.3027,1.0115,-0.0098,-0.0139,-0.05862,0.01252,-0.02531,0.53314,0.15396,-0.83116,0.035,0.70251,-0.01194,-0.71156,-0.00445,50.24,52.88,0.02,0.0713
20:48:24.549,6633.3971,331501,12.099,-5.827,14.412,-3.526,0.6477,0.0764,-1.0105,0.3003,-0.35093,0.33694,1.0081,-0.0112,-0.012,-0.05809,0.01266,-0.02545,0.53036,0.15277,-0.83299,0.03871,0.70319,-0.01236,-0.71089,-0.00401,50.25,52.88,0.02,0.0738
20:48:24.621,6633.4171,331502,12.084,-6.168,14.41,-3.529,0.6145,0.0317,-0.988,0.3067,-0.19652,0.36745,1.009,-0.0122,-0.0129,-0.05849,0.01226,-0.02531,0.52882,0.15129,-0.83404,0.04287,0.70246,-0.01254,-0.7116,-0.00384,50.24,52.88,0.02,0.0731
20:48:24.622,6633.4371,331503,12.361,-6.566,14.407,-3.532,0.554,0.0374,-0.9688,0.31016,-0.30896,0.45605,1.011,-0.0081,-0.011,-0.05822,0.01279,-0.02518,0.52629,0.14914,-0.83578,0.04735,0.70289,-0.01173,-0.71119,-0.00466,50.24,52.89,0.02,0.0717
20:48:24.626,6633.4571,331504,13.002,-6.967,14.406,-3.536,0.5259,0.0256,-0.9536,0.28885,-0.59101,0.46298,1.0105,-0.009,-0.0103,-0.05796,0.01252,-0.02531,0.52142,0.14694,-0.83899,0.05127,0.70356,-0.01133,-0.71053,-0.00505,50.25,52.88,0.02,0.0721
20:48:24.627,6633.4771,331505,13.998,-7.356,14.406,-3.539,0.5505,0.0095,-0.9832,0.26846,-1.00097,0.47377,1.0127,-0.0125,-0.0107,-0.05822,0.01159,-0.02505,0.51311,0.14474,-0.84428,0.05446,0.7034,-0.0123,-0.71068,-0.00407,50.25,52.88,0.02,0.0704
20:48:24.651,6633.4971,331506,15.038,-7.831,14.406,-3.544,0.562,-0.0276,-1.032,0.29124,-1.13207,0.46471,1.0125,-0.0125,-0.0127,-0.05809,0.01212,-0.02518,0.5036,0.14276,-0.85011,0.05762,0.70272,-0.01258,-0.71135,-0.0038,50.25,52.88,0.02,0.0705
20:48:24.667,6633.5171,331507,15.648,-8.276,14.407,-3.549,0.5405,-0.0176,-1.0308,0.26979,-0.72971,0.46831,1.012,-0.0103,-0.0134,-0.05836,0.01239,-0.02531,0.49747,0.14041,-0.85385,0.06116,0.70234,-0.01173,-0.71173,-0.00466,50.25,52.89,0.02,0.0709
20:48:24.711,6633.5371,331508,16.03,-8.562,14.409,-3.554,0.4829,-0.0198,-1.0293,0.24914,-0.42767,0.27432,1.01,-0.0127,-0.0134,-0.05809,0.01252,-0.02545,0.49402,0.13943,-0.85581,0.06399,0.70239,-0.01274,-0.71166,-0.00363,50.25,52.88,0.02,0.0724
20:48:24.712,6633.5571,331509,16.603,-8.93,14.411,-3.559,0.4663,-0.0242,-0.9885,0.25594,-0.52173,0.20225,1.0059,-0.0127,-0.0107,-0.05862,0.01226,-0.02585,0.4898,0.13914,-0.8581,0.06638,0.70315,-0.0127,-0.71092,-0.00367,50.24,52.89,0.02,0.0755
20:48:24.727,6633.5771,331510,17.272,-9.376,14.414,-3.565,0.5066,0.0271,-0.9561,0.29124,-0.81431,0.11644,1.0107,-0.0142,-0.0149,-0.05822,0.01332,-0.02531,0.48306,0.13997,-0.86163,0.06821,0.70246,-0.01298,-0.7116,-0.0034,50.24,52.87,0.02,0.0718
20:48:24.756,6633.5971,331511,18.14,-9.743,14.418,-3.571,0.5459,0.0332,-0.9004,0.19558,-0.75822,-0.19958,1.0137,-0.0127,-0.011,-0.05796,0.01359,-0.02545,0.47683,0.14305,-0.86463,0.0677,0.70313,-0.01271,-0.71094,-0.00366,50.24,52.88,0.0399,0.0696
20:48:24.786,6633.6171,331512,19.047,-9.925,14.423,-3.578,0.4641,-0.0256,-0.9136,-0.00386,-0.91317,-0.04397,1.0083,-0.011,-0.0139,-0.05742,0.01372,-0.02531,0.46905,0.14393,-0.86886,0.06603,0.70246,-0.01227,-0.71161,-0.00411,50.25,52.87,0.0612,0.0737
20:48:24.787,6633.6371,331513,20.404,-10.088,14.429,-3.585,0.4233,-0.0386,-1.0037,-0.00986,-1.30793,0.24661,1.0095,-0.0129,-0.0137,-0.05822,0.01252,-0.02558,0.45829,0.14247,-0.87489,0.06515,0.70213,-0.01319,-0.71192,-0.00319,50.24,52.89,0.02,0.0727
20:48:24.831,6633.6571,331514,21.834,-10.336,14.436,-3.591,0.375,-0.054,-1.0144,0.00586,-1.25091,0.25274,1.0098,-0.0137,-0.0107,-0.05796,0.01292,-0.02558,0.44792,0.14097,-0.88053,0.06451,0.70286,-0.01309,-0.7112,-0.00328,50.24,52.87,0.02,0.0725
20:48:24.832,6633.6771,331515,23.115,-10.745,14.445,-3.599,0.3342,-0.053,-1.0518,0.09499,-1.33964,0.37038,1.0098,-0.0098,-0.0168,-0.05809,0.01332,-0.02571,0.4365,0.13886,-0.88654,0.06503,0.70223,-0.01257,-0.71183,-0.00381,50.25,52.88,0.02,0.0725
20:48:24.846,6633.6971,331516,24.751,-11.226,14.456,-3.606,0.3303,-0.0718,-1.0195,0.14429,-1.45155,0.43007,1.0081,-0.0132,-0.0115,-0.05782,0.01386,-0.02571,0.42384,0.13647,-0.89296,0.0661,0.70295,-0.01282,-0.71111,-0.00355,50.25,52.89,0.0244,0.0738
20:48:24.891,6633.7171,331517,25.977,-11.74,14.467,-3.615,0.3782,-0.0583,-1.0156,0.1327,-1.29954,0.33401,1.0051,-0.0098,-0.0139,-0.05782,0.01372,-0.02531,0.41259,0.13477,-0.89841,0.06684,0.70242,-0.01205,-0.71164,-0.00434,50.25,52.87,0.02,0.0761
20:48:24.892,6633.7371,331518,26.977,-12.147,14.48,-3.623,0.364,-0.0505,-1.0369,0.06342,-1.0488,0.34001,1.0037,-0.0073,-0.0139,-0.05782,0.01332,-0.02571,0.40362,0.13255,-0.90277,0.06731,0.70221,-0.01101,-0.71187,-0.00539,50.24,52.88,0.02,0.0771
20:48:24.906,6633.7571,331519,27.742,-12.286,14.493,-3.632,0.2495,-0.0991,-1.0659,0.02491,-0.80259,0.33588,1.0063,-0.009,-0.0144,-0.05756,0.01292,-0.02518,0.39686,0.13002,-0.90609,0.06775,0.70179,-0.01189,-0.71227,-0.00451,50.24,52.88,0.02,0.0752
20:48:24.951,6633.7771,331520,28.657,-12.533,14.508,-3.641,0.1968,-0.0923,-1.0557,0.05276,-0.79912,0.33601,1.0098,-0.0127,-0.01,-0.05809,0.01332,-0.02571,0.39005,0.12759,-0.90934,0.06844,0.70248,-0.01219,-0.71158,-0.00419,50.26,52.88,0.0216,0.0726
20:48:24.954,6633.7971,331521,29.628,-12.755,14.523,-3.65,0.2029,-0.0552,-1.0381,0.05129,-0.93022,0.33148,1.0068,-0.0151,-0.0139,-0.05809,0.01239,-0.02545,0.38177,0.12529,-0.91313,0.06887,0.70228,-0.0132,-0.71178,-0.00317,50.25,52.89,0.0356,0.0747
20:48:24.966,6633.8171,331522,30.752,-13.137,14.539,-3.66,0.2656,-0.002,-1.01,0.04583,-0.95873,0.23582,1.0044,-0.0129,-0.0115,-0.05889,0.01332,-0.02545,0.37309,0.12389,-0.91691,0.06874,0.70299,-0.0128,-0.71107,-0.00357,50.24,52.88,0.0467,0.0766
20:48:24.996,6633.8371,331523,31.479,-13.24,14.556,-3.669,0.29,-0.0325,-1.0471,-0.06955,-0.81031,0.17174,1.0103,-0.0137,-0.0154,-0.05822,0.01332,-0.02558,0.36639,0.1225,-0.91988,0.06761,0.70227,-0.01293,-0.71178,-0.00344,50.24,52.87,0.02,0.0721
20:48:25.011,6633.8571,331524,32.145,-13.301,14.574,-3.679,0.2314,-0.0522,-1.092,-0.16481,-0.70559,0.20691,1.012,-0.011,-0.0146,-0.05796,0.01332,-0.02545,0.36072,0.12036,-0.92253,0.06586,0.70196,-0.01204,-0.7121,-0.00435,50.25,52.88,0.02,0.0709
20:48:25.026,6633.8771,331525,32.666,-13.065,14.592,-3.688,0.1887,-0.0776,-1.1167,-0.25074,-0.5617,0.12617,1.0093,-0.012,-0.0168,-0.05769,0.01319,-0.02585,0.35651,0.11855,-0.92458,0.06322,0.70127,-0.01242,-0.71277,-0.00397,50.26,52.89,0.02,0.0729
20:48:25.071,6633.8971,331526,33.237,-12.82,14.611,-3.698,0.1394,-0.0823,-1.1584,-0.27232,-0.41115,0.12044,1.0078,-0.0112,-0.0083,-0.05836,0.01332,-0.02518,0.35371,0.11661,-0.92608,0.06053,0.70202,-0.01235,-0.71204,-0.00404,50.25,52.87,0.02,0.0741
20:48:25.072,6633.9171,331527,33.862,-12.678,14.63,-3.707,0.1362,-0.0305,-1.1206,-0.23462,-0.48803,0.15242,1.0122,-0.0112,-0.0134,-0.05849,0.01346,-0.02585,0.35013,0.11457,-0.92785,0.05819,0.70269,-0.01201,-0.71138,-0.00437,50.24,52.89,0.02,0.0707
20:48:25.102,6633.9371,331528,34.46,-12.534,14.65,-3.715,0.1235,0.0051,-1.0681,-0.20331,-0.44632,0.01492,1.0088,-0.0105,-0.0093,-0.05782,0.01279,-0.02558,0.3469,0.11389,-0.92929,0.05568,0.70342,-0.01194,-0.71066,-0.00443,50.24,52.89,0.0236,0.0733
20:48:25.116,6633.9571,331529,34.9,-12.334,14.67,-3.724,0.1316,-0.0005,-1.1045,-0.24754,-0.51161,-0.08633,1.009,-0.0093,-0.0151,-0.05875,0.01359,-0.02638,0.34323,0.11403,-0.93083,0.05234,0.7027,-0.01175,-0.71137,-0.00463,50.26,52.88,0.02,0.0731
20:48:25.131,6633.9771,331530,35.823,-12.334,14.691,-3.733,0.2312,-0.0608,-1.2173,-0.22196,-0.77461,-0.09273,1.0093,-0.0076,-0.0095,-0.05822,0.01292,-0.02531,0.33709,0.11445,-0.93321,0.04896,0.70333,-0.01123,-0.71075,-0.00515,50.24,52.88,0.02,0.073
20:48:25.146,6633.9971,331531,36.728,-12.378,14.713,-3.741,0.2437,-0.0222,-1.2302,-0.09992,-0.75595,0.01132,1.0083,-0.0115,-0.0066,-0.05902,0.01279,-0.02651,0.33091,0.1143,-0.93553,0.04706,0.704,-0.0117,-0.71009,-0.00468,50.23,52.88,0.02,0.0737
20:48:25.206,6634.0171,331532,37.068,-12.346,14.736,-3.75,0.1643,0.0037,-1.1521,-0.01985,-0.42581,-0.0437,1.0083,-0.012,-0.0103,-0.05836,0.01279,-0.02545,0.32773,0.11477,-0.93664,0.0461,0.70348,-0.01243,-0.7106,-0.00394,50.24,52.88,0.02,0.0737
20:48:25.207,6634.0371,331533,37.386,-12.479,14.758,-3.759,0.0896,0.0046,-1.05,-0.03784,-0.2983,-0.1295,1.0093,-0.011,-0.01,-0.05889,0.01292,-0.02545,0.32544,0.11593,-0.93736,0.04477,0.70376,-0.01149,-0.71033,-0.00489,50.23,52.88,0.0396,0.0729
20:48:25.209,6634.0571,331534,37.968,-12.327,14.781,-3.767,0.0642,0.0203,-1.0017,-0.10658,-0.42221,-0.22116,1.0071,-0.0149,-0.0095,-0.05796,0.01279,-0.02545,0.32141,0.11784,-0.93863,0.04223,0.70376,-0.01254,-0.71032,-0.00383,50.26,52.88,0.077,0.0746
20:48:25.238,6634.0771,331535,38.477,-12.264,14.805,-3.776,0.1499,0.0242,-1.0759,-0.18945,-0.58715,-0.25314,1.0105,-0.011,-0.011,-0.05809,0.01279,-0.02585,0.31699,0.11979,-0.94003,0.03879,0.70315,-0.012,-0.71093,-0.00438,50.24,52.88,0.02,0.072
20:48:25.251,6634.0971,331536,39.202,-12.275,14.829,-3.784,0.2249,-0.0046,-1.1633,-0.22143,-0.6976,-0.16321,1.0093,-0.0095,-0.0112,-0.05836,0.01279,-0.02558,0.31153,0.12084,-0.94186,0.03523,0.70317,-0.01098,-0.71092,-0.00541,50.26,52.88,0.02,0.0729
20:48:25.266,6634.1171,331537,39.711,-12.044,14.854,-3.792,0.218,0.0168,-1.1602,-0.1776,-0.53692,-0.11964,1.0115,-0.0117,-0.0139,-0.05875,0.01252,-0.02518,0.3075,0.12155,-0.9432,0.0324,0.70267,-0.0117,-0.7114,-0.00469,50.24,52.89,0.02,0.0713
20:48:25.296,6634.1371,331538,39.987,-11.778,14.879,-3.8,0.1904,0.0417,-1.1365,-0.11018,-0.27232,-0.18506,1.01,-0.0115,-0.0127,-0.05809,0.01226,-0.02531,0.3059,0.123,-0.9436,0.03031,0.70261,-0.01271,-0.71145,-0.00367,50.24,52.89,0.02,0.0724
20:48:25.313,6634.1571,331539,40.092,-11.655,14.904,-3.808,-0.0037,-0.2976,-2.0,-0.08407,-0.176,-0.0469,1.2434,0.1064,-0.1191,-0.05303,0.00919,0.00413,0.30513,0.12315,-0.94387,0.02913,0.70243,-0.0127,-0.71163,-0.00361,50.25,52.89,0.02,0.02
20:48:25.328,6634.1771,331540,40.096,-11.726,14.929,-3.816,0.1157,0.0767,-1.1367,-0.00173,-0.13203,-0.02678,1.0344,-0.0063,-0.0151,-0.05462,0.0012,-0.02891,0.30466,0.12339,-0.944,0.0287,0.70218,-0.01193,-0.71188,-0.00434,50.24,52.88,0.02,0.0541
20:48:25.356,6634.1971,331541,40.317,-11.765,14.954,-3.824,0.0891,0.0381,-1.0994,0.06289,-0.1764,-0.09646,1.0107,-0.0154,-0.0085,-0.05942,0.01932,-0.02651,0.30372,0.1245,-0.94416,0.02864,0.70285,-0.01244,-0.71122,-0.00383,50.25,52.88,0.02,0.0719
20:48:25.371,6634.2171,331542,40.65,-11.862,14.979,-3.832,0.2017,0.0588,-1.0774,0.07914,-0.27832,0.05303,1.0061,-0.0249,0.0046,-0.05689,0.01652,-0.02771,0.30175,0.12428,-0.94481,0.02905,0.70354,-0.0129,-0.71053,-0.00333,50.25,52.88,0.02,0.0752
20:48:25.386,6634.2371,331543,40.968,-12.08,15.005,-3.84,0.1404,0.0054,-1.1111,0.10166,-0.259,0.04716,0.9966,-0.0129,-0.0059,-0.05582,0.02958,-0.02904,0.29993,0.12416,-0.94538,0.02971,0.70444,-0.01275,-0.70964,-0.00343,50.25,52.87,0.02,0.0775
20:48:25.416,6634.2571,331544,40.977,-12.172,15.03,-3.848,0.106,-0.0083,-1.106,-0.00226,-0.05782,0.03997,1.0125,-0.011,-0.0068,-0.05596,0.01759,-0.02811,0.30014,0.12373,-0.94537,0.02963,0.70479,-0.01182,-0.70931,-0.00433,50.24,52.86,0.02,0.0706
20:48:25.433,6634.2771,331545,40.632,-11.868,15.055,-3.856,0.1138,0.0139,-1.1008,-0.07528,0.15055,-0.00973,1.0066,-0.0122,-0.0098,-0.05769,-0.00306,-0.01852,0.30243,0.1235,-0.94469,0.02895,0.70397,-0.01223,-0.71012,-0.00392,50.24,52.88,0.02,0.075
20:48:25.446,6634.2971,331546,40.485,-11.776,15.08,-3.864,0.1514,0.0156,-1.0991,-0.02225,-0.07474,0.09273,1.0063,-0.011,-0.0146,-0.05942,-0.01905,-0.01132,0.30249,0.12253,-0.9448,0.0288,0.70299,-0.01225,-0.71108,-0.00391,50.24,52.87,0.02,0.0752
20:48:25.476,6634.3171,331547,40.684,-11.862,15.106,-3.871,0.1489,0.0146,-1.1003,0.01692,-0.38717,0.18159,1.0081,-0.0107,-0.0181,-0.06169,-0.01266,-0.01332,0.29953,0.12092,-0.94595,0.02891,0.70207,-0.01226,-0.71199,-0.00396,50.26,52.87,0.02,0.0738
20:48:25.491,6634.3371,331548,41.363,-12.283,15.131,-3.88,0.1255,-0.0007,-1.0957,0.07341,-0.67362,0.26446,1.0122,-0.0078,-0.0125,-0.06129,0.01013,-0.02105,0.29377,0.11878,-0.94801,0.02946,0.70244,-0.01147,-0.71163,-0.00479,50.24,52.89,0.02,0.0708
20:48:25.508,6634.3571,331549,42.155,-12.699,15.158,-3.888,0.072,0.0129,-1.0999,0.08647,-0.90064,0.28698,1.0198,-0.0066,-0.0251,-0.06289,0.01879,-0.01905,0.28582,0.11652,-0.9507,0.02992,0.70184,-0.0114,-0.71223,-0.00494,50.24,52.87,0.02,0.0649
20:48:25.536,6634.3771,331550,42.865,-12.855,15.185,-3.897,0.0764,0.0173,-1.0938,0.06742,-0.70466,0.03757,1.0061,-0.0146,-0.0159,-0.05955,0.03064,-0.01612,0.2798,0.11652,-0.9525,0.0297,0.70178,-0.0125,-0.71227,-0.00384,50.26,52.88,0.02,0.0753
20:48:25.551,6634.3971,331551,43.653,-12.987,15.213,-3.906,0.1284,-0.0181,-1.1123,0.03571,-0.57423,-0.07967,1.0012,-0.0222,-0.0039,-0.05289,0.10938,0.01119,0.27509,0.11749,-0.95377,0.02904,0.70314,-0.01331,-0.71092,-0.00295,50.25,52.88,0.02,0.0789
20:48:25.566,6634.4171,331552,44.419,-13.033,15.241,-3.915,0.0693,0.002,-1.0991,-0.05116,-0.5629,-0.20744,0.9409,-0.0498,0.0718,-0.05462,0.13177,0.02158,0.27062,0.11945,-0.95486,0.02719,0.70436,-0.01377,-0.70971,-0.00245,50.25,52.88,0.02,0.0387
20:48:25.596,6634.4371,331553,43.766,-13.028,15.269,-3.924,-0.144,0.1016,-0.9543,0.18892,0.38411,0.21903,1.0239,-0.0303,-0.0093,-0.06009,-0.14216,-0.11018,0.2741,0.1178,-0.954,0.02966,0.70317,-0.01404,-0.71088,-0.00217,50.24,52.87,0.0578,0.0617
20:48:25.613,6634.4571,331554,43.35,-13.027,15.297,-3.933,-0.0791,-0.0032,-1.1028,0.09326,0.32802,0.76568,0.9812,-0.0054,0.0457,-0.05955,-0.01852,-0.05143,0.27767,0.11061,-0.95372,0.0329,0.70361,-0.01373,-0.71045,-0.00248,50.24,52.88,0.02,0.0667
20:48:25.626,6634.4771,331555,43.057,-13.095,15.324,-3.942,0.0769,0.0093,-1.1018,0.02864,0.13963,0.12084,1.0083,-0.0103,-0.0103,-0.05729,0.01053,-0.02838,0.2797,0.10943,-0.95324,0.03352,0.70352,-0.01267,-0.71055,-0.00354,50.24,52.89,0.02,0.0737
20:48:25.671,6634.4971,331556,42.549,-12.83,15.35,-3.95,0.0945,0.012,-1.1072,-0.0064,0.29791,0.00786,1.0093,-0.0146,-0.0151,-0.05769,0.01199,-0.02571,0.28332,0.10919,-0.9522,0.03365,0.70281,-0.01292,-0.71125,-0.00329,50.23,52.88,0.02,0.0729
20:48:25.686,6634.5171,331557,42.116,-12.702,15.376,-3.959,0.1287,0.0107,-1.1006,-0.01732,0.36905,-0.0036,1.0105,-0.0107,-0.0103,-0.05822,0.00973,-0.02491,0.28763,0.10899,-0.95092,0.03372,0.70328,-0.01217,-0.7108,-0.00404,50.25,52.88,0.02,0.072
20:48:25.687,6634.5371,331558,41.867,-12.435,15.402,-3.967,0.1223,0.0081,-1.106,-0.00333,0.12977,0.0064,1.0088,-0.0142,-0.012,-0.05875,0.01239,-0.02451,0.28964,0.10882,-0.95033,0.0337,0.70291,-0.01307,-0.71115,-0.00314,50.25,52.88,0.02,0.0733
20:48:25.716,6634.5571,331559,41.774,-12.598,15.428,-3.975,0.1172,0.0063,-1.1047,0.04517,-0.0397,-0.00053,1.0112,-0.0115,-0.0122,-0.05889,0.01905,-0.02931,0.28998,0.10891,-0.95021,0.03394,0.70285,-0.01205,-0.71122,-0.00418,50.26,52.87,0.02,0.0715
20:48:25.732,6634.5771,331560,41.615,-12.767,15.453,-3.984,0.1211,0.0056,-1.1025,0.0878,-0.04916,-0.13656,1.0093,-0.0103,-0.0127,-0.05756,0.01665,-0.02825,0.29024,0.11042,-0.94995,0.03418,0.70233,-0.01134,-0.71174,-0.00489,50.26,52.88,0.02,0.0729
20:48:25.747,6634.5971,331561,41.679,-12.712,15.478,-3.992,0.1272,0.0166,-1.0962,0.06795,-0.07035,-0.16561,1.0107,-0.0151,-0.0112,-0.05849,0.01306,-0.02625,0.29032,0.11216,-0.94972,0.03411,0.70269,-0.01222,-0.71138,-0.00399,50.25,52.89,0.02,0.0718
20:48:25.777,6634.6171,331562,41.739,-12.915,15.504,-4.001,0.1189,0.0051,-1.1045,0.0389,-0.14176,-0.05436,1.0056,-0.01,-0.0122,-0.05915,0.01412,-0.02625,0.28972,0.11278,-0.94984,0.03402,0.70288,-0.01119,-0.7112,-0.00503,50.24,52.87,0.02,0.0757
20:48:25.791,6634.6371,331563,41.899,-12.85,15.529,-4.01,0.114,0.0063,-1.1062,0.02358,-0.11911,0.01026,1.0066,-0.0125,-0.0088,-0.05875,0.01252,-0.02518,0.28933,0.11273,-0.94996,0.03399,0.70345,-0.01187,-0.71063,-0.00434,50.24,52.87,0.02,0.075
20:48:25.806,6634.6571,331564,42.007,-12.726,15.555,-4.018,0.1309,0.0063,-1.1025,0.02065,-0.11831,-0.0048,1.0103,-0.0139,-0.0098,-0.05836,0.01226,-0.02531,0.28895,0.11282,-0.95007,0.0339,0.70364,-0.01286,-0.71044,-0.00334,50.26,52.88,0.02,0.0722
20:48:25.851,6634.6771,331565,42.131,-12.929,15.581,-4.027,0.126,0.0051,-1.1018,0.02118,-0.20318,0.0024,1.0066,-0.011,-0.0095,-0.05862,0.01226,-0.02571,0.28777,0.11287,-0.95043,0.03374,0.70377,-0.01182,-0.71031,-0.00439,50.24,52.87,0.02,0.075
20:48:25.852,6634.6971,331566,42.227,-12.933,15.606,-4.035,0.115,0.0105,-1.1082,0.01212,-0.2562,0.01839,1.0105,-0.0125,-0.0161,-0.05889,0.01199,-0.02611,0.28609,0.11276,-0.95096,0.03347,0.70307,-0.01204,-0.71101,-0.00417,50.24,52.89,0.02,0.072
20:48:25.868,6634.7171,331567,42.288,-12.897,15.632,-4.044,0.1106,0.0029,-1.1028,0.02651,-0.20771,0.01066,1.009,-0.0117,-0.0122,-0.05836,0.01226,-0.02571,0.28485,0.11274,-0.95133,0.03337,0.70243,-0.01256,-0.71163,-0.00365,50.25,52.88,0.02,0.0731
20:48:25.896,6634.7371,331568,42.456,-12.901,15.658,-4.052,0.1189,0.0032,-1.1055,0.02838,-0.11991,0.00173,1.0071,-0.0134,-0.0112,-0.05875,0.01279,-0.02638,0.28445,0.11279,-0.95145,0.03337,0.70316,-0.01285,-0.71091,-0.00335,50.24,52.89,0.02,0.0746
20:48:25.926,6634.7571,331569,42.401,-13.029,15.683,-4.061,0.1135,0.0071,-1.1052,0.02345,-0.11871,0.002,1.0076,-0.01,-0.0129,-0.05862,0.01306,-0.02545,0.28407,0.11281,-0.95156,0.03332,0.70272,-0.012,-0.71135,-0.00421,50.24,52.87,0.02,0.0742
20:48:25.927,6634.7771,331570,42.602,-13.06,15.709,-4.07,0.1167,0.0042,-1.1064,0.02225,-0.15082,0.0056,1.0085,-0.0115,-0.0098,-0.05809,0.01306,-0.02585,0.28338,0.11281,-0.95177,0.03324,0.70345,-0.01214,-0.71062,-0.00407,50.25,52.88,0.02,0.0735
20:48:25.956,6634.7971,331571,42.565,-13.052,15.735,-4.078,0.1128,0.0063,-1.1072,0.02491,-0.14322,0.004,1.0117,-0.012,-0.0144,-0.05836,0.01212,-0.02545,0.28276,0.11283,-0.95195,0.03318,0.70274,-0.01225,-0.71133,-0.00396,50.26,52.87,0.02,0.0711
20:48:25.971,6634.8171,331572,42.739,-13.065,15.761,-4.087,0.1155,0.0071,-1.1067,0.02611,-0.1283,0.00133,1.0107,-0.0125,-0.01,-0.05902,0.01252,-0.02518,0.28228,0.11288,-0.95209,0.03314,0.70345,-0.01247,-0.71063,-0.00373,50.24,52.88,0.02,0.0719
20:48:26.016,6634.8371,331573,42.83,-12.937,15.787,-4.095,0.1184,0.0078,-1.1089,0.02411,-0.13869,0.00306,1.0085,-0.0139,-0.0105,-0.05875,0.01252,-0.02491,0.2817,0.11291,-0.95226,0.03308,0.70337,-0.0135,-0.71069,-0.0027,50.25,52.88,0.02,0.0735
20:48:26.017,6634.8571,331574,42.795,-13.072,15.813,-4.104,0.1099,0.0076,-1.1033,0.02425,-0.14056,0.00306,1.0066,-0.0115,-0.0127,-0.05809,0.01279,-0.02571,0.28111,0.11294,-0.95244,0.03302,0.7029,-0.01268,-0.71117,-0.00353,50.23,52.88,0.02,0.0749
20:48:26.031,6634.8771,331575,42.964,-12.996,15.839,-4.112,0.1106,0.0044,-1.1089,0.02465,-0.1335,0.004,1.0059,-0.0151,-0.0105,-0.05875,0.01306,-0.02558,0.28058,0.11296,-0.95259,0.03297,0.70341,-0.01346,-0.71065,-0.00273,50.24,52.87,0.02,0.0754
20:48:26.046,6634.8971,331576,43.116,-13.106,15.865,-4.121,0.1121,0.0049,-1.1108,0.02318,-0.13296,0.0032,1.0073,-0.0142,-0.009,-0.05836,0.01279,-0.02518,0.28006,0.11298,-0.95274,0.03291,0.70409,-0.01301,-0.70998,-0.00318,50.25,52.88,0.02,0.0744
20:48:26.076,6634.9171,331577,43.076,-13.066,15.891,-4.129,0.1108,0.0073,-1.1094,0.02451,-0.13416,0.00373,1.009,-0.0154,-0.0122,-0.05836,0.01186,-0.02585,0.27952,0.11301,-0.9529,0.03285,0.70338,-0.01331,-0.71068,-0.00289,50.24,52.88,0.02,0.0731
20:48:26.091,6634.9371,331578,43.017,-13.149,15.917,-4.138,0.1121,0.0024,-1.1099,0.02518,-0.13416,0.00386,1.0076,-0.0132,-0.0125,-0.05809,0.01212,-0.02531,0.27898,0.11303,-0.95306,0.03281,0.70273,-0.01281,-0.71133,-0.0034,50.24,52.89,0.02,0.0742
20:48:26.137,6634.9571,331579,43.157,-13.269,15.943,-4.147,0.1096,0.0073,-1.1025,0.02491,-0.1315,0.0024,1.0098,-0.011,-0.0095,-0.05836,0.01319,-0.02558,0.27848,0.11306,-0.9532,0.03276,0.70337,-0.01231,-0.71071,-0.0039,50.24,52.89,0.02,0.0726
20:48:26.139,6634.9771,331580,43.261,-13.424,15.969,-4.156,0.1099,0.0066,-1.1016,0.02398,-0.13257,0.0028,1.0112,-0.0105,-0.0098,-0.05889,0.01292,-0.02505,0.27796,0.11309,-0.95335,0.0327,0.70383,-0.01153,-0.71026,-0.00468,50.25,52.88,0.02,0.0715
20:48:26.151,6634.9971,331581,43.212,-13.399,15.994,-4.164,0.1079,0.0056,-1.1077,0.02451,-0.1311,0.0032,1.01,-0.011,-0.0149,-0.05929,0.01332,-0.02545,0.27745,0.11312,-0.9535,0.03265,0.70311,-0.01171,-0.71097,-0.00451,50.23,52.87,0.02,0.0724
20:48:26.168,6635.0171,331582,43.191,-13.316,16.02,-4.173,0.1111,0.0054,-1.1016,0.02411,-0.13083,0.00413,1.0061,-0.0112,-0.0125,-0.05836,0.01279,-0.02531,0.27695,0.11314,-0.95364,0.0326,0.70248,-0.01229,-0.71159,-0.00393,50.24,52.88,0.02,0.0753
20:48:26.196,6635.0371,331583,43.328,-13.208,16.046,-4.182,0.1113,0.0051,-1.1091,0.02451,-0.13163,0.0036,1.01,-0.0168,-0.0117,-0.05875,0.01252,-0.02598,0.27644,0.11316,-0.95379,0.03256,0.70276,-0.01322,-0.7113,-0.00298,50.24,52.88,0.02,0.0723
20:48:26.212,6635.0571,331584,43.506,-13.238,16.072,-4.19,0.1089,0.0085,-1.1038,0.02345,-0.1327,0.0036,1.0103,-0.0146,-0.0117,-0.05836,0.01279,-0.02505,0.27592,0.11318,-0.95394,0.03249,0.70348,-0.01332,-0.71058,-0.00287,50.24,52.89,0.02,0.0721
20:48:26.243,6635.0771,331585,43.449,-13.224,16.098,-4.199,0.1089,0.0081,-1.1089,0.02438,-0.12843,0.00333,1.0085,-0.0154,-0.0156,-0.05836,0.01199,-0.02531,0.27544,0.1132,-0.95408,0.03244,0.70274,-0.01342,-0.71131,-0.00278,50.25,52.88,0.02,0.0734
20:48:26.244,6635.0971,331586,43.56,-13.372,16.124,-4.207,0.1113,0.0073,-1.1028,0.02358,-0.1271,0.00306,1.0083,-0.0125,-0.0105,-0.05836,0.01239,-0.02545,0.27497,0.11323,-0.95421,0.03239,0.70328,-0.01269,-0.71079,-0.0035,50.24,52.88,0.02,0.0737
20:48:26.271,6635.1171,331587,43.495,-13.425,16.15,-4.216,0.1113,0.0032,-1.105,0.02545,-0.1299,0.0028,1.0088,-0.012,-0.0129,-0.05796,0.01226,-0.02571,0.27447,0.11326,-0.95435,0.03235,0.70258,-0.01237,-0.71149,-0.00384,50.23,52.88,0.02,0.0733
20:48:26.286,6635.1371,331588,43.658,-13.523,16.176,-4.225,0.1082,0.0066,-1.1074,0.02465,-0.13257,0.00266,1.0046,-0.0107,-0.0098,-0.05809,0.01279,-0.02558,0.27395,0.11329,-0.9545,0.0323,0.70332,-0.01205,-0.71076,-0.00416,50.24,52.88,0.02,0.0765
20:48:26.317,6635.1571,331589,43.638,-13.43,16.202,-4.234,0.1084,0.0068,-1.1118,0.02318,-0.1279,0.00293,1.0054,-0.0164,-0.0161,-0.05915,0.01292,-0.02518,0.27348,0.11331,-0.95464,0.03224,0.70269,-0.01267,-0.71137,-0.00354,50.26,52.88,0.02,0.0758
20:48:26.331,6635.1771,331590,43.583,-13.546,16.228,-4.242,0.1091,0.0059,-1.1111,0.02425,-0.12684,0.00253,1.0098,-0.0088,-0.0154,-0.05875,0.01239,-0.02491,0.27301,0.11334,-0.95477,0.03219,0.70218,-0.01195,-0.71189,-0.00427,50.26,52.88,0.02,0.0725
20:48:26.361,6635.1971,331591,43.558,-13.695,16.253,-4.251,0.1067,0.0034,-1.1089,0.02358,-0.13137,0.00333,1.0125,-0.0098,-0.0144,-0.05822,0.01226,-0.02505,0.27251,0.11336,-0.95491,0.03213,0.70185,-0.01107,-0.71222,-0.00517,50.25,52.87,0.02,0.0705
20:48:26.376,6635.2171,331592,43.682,-13.576,16.279,-4.26,0.1082,0.0051,-1.1042,0.02411,-0.1311,0.00333,1.0107,-0.0139,-0.0139,-0.05809,0.01226,-0.02531,0.272,0.11339,-0.95506,0.03208,0.70204,-0.01205,-0.71202,-0.00418,50.25,52.88,0.02,0.0718
20:48:26.392,6635.2371,331593,43.855,-13.581,16.305,-4.269,0.1086,0.0037,-1.1045,0.02345,-0.12724,0.00386,1.011,-0.0132,-0.009,-0.05782,0.01226,-0.02531,0.27153,0.1134,-0.95519,0.03203,0.70274,-0.0123,-0.71133,-0.00391,50.25,52.89,0.02,0.0717
20:48:26.406,6635.2571,331594,43.868,-13.465,16.331,-4.277,0.1086,0.0059,-1.1052,0.02465,-0.1287,0.00373,1.009,-0.0127,-0.0129,-0.05836,0.01279,-0.02558,0.27105,0.11342,-0.95533,0.03198,0.70228,-0.01311,-0.71177,-0.0031,50.24,52.88,0.02,0.0731
20:48:26.451,6635.2771,331595,43.936,-13.642,16.357,-4.286,0.1091,0.0068,-1.104,0.02465,-0.12963,0.00306,1.0107,-0.0093,-0.0122,-0.05822,0.01212,-0.02491,0.27055,0.11345,-0.95546,0.03194,0.70257,-0.01218,-0.7115,-0.00403,50.24,52.88,0.02,0.0719
20:48:26.452,6635.2971,331596,43.907,-13.566,16.383,-4.295,0.1052,0.0073,-1.1062,0.02385,-0.12817,0.00266,1.0081,-0.0125,-0.0142,-0.05822,0.01279,-0.02491,0.27008,0.11348,-0.9556,0.03188,0.70192,-0.01269,-0.71213,-0.00353,50.25,52.88,0.02,0.0738
20:48:26.481,6635.3171,331597,43.868,-13.544,16.408,-4.304,0.1069,0.0063,-1.1133,0.02305,-0.12564,0.00333,1.0232,-0.0144,-0.021,-0.05836,0.01306,-0.02598,0.26962,0.1135,-0.95572,0.03182,0.7013,-0.01283,-0.71274,-0.00339,50.24,52.88,0.02,0.0624
20:48:26.496,6635.3371,331598,44.002,-13.476,16.434,-4.312,0.1072,0.0093,-1.0955,0.02491,-0.1275,0.00306,1.0281,-0.0178,-0.0146,-0.05809,0.01306,-0.02571,0.26915,0.11352,-0.95586,0.03178,0.70165,-0.01349,-0.71239,-0.00272,50.25,52.88,0.02,0.0587
20:48:26.511,6635.3571,331599,44.156,-13.596,16.46,-4.321,0.1047,0.009,-1.1038,0.02518,-0.1307,0.00346,1.0012,-0.0122,-0.0107,-0.05836,0.01292,-0.02545,0.26865,0.11355,-0.956,0.03173,0.70238,-0.01303,-0.71168,-0.00317,50.24,52.88,0.02,0.079
20:48:26.526,6635.3771,331600,44.317,-13.667,16.486,-4.33,0.104,0.002,-1.0996,0.02372,-0.12684,0.00306,1.0093,-0.0132,-0.01,-0.05782,0.01279,-0.02571,0.26818,0.11357,-0.95613,0.03168,0.7031,-0.01287,-0.71096,-0.00333,50.23,52.88,0.02,0.0729
20:48:26.558,6635.3971,331601,44.414,-13.831,16.512,-4.338,0.1062,0.0037,-1.1157,0.02265,-0.12497,0.0036,1.0061,-0.0117,-0.0103,-0.05875,0.01292,-0.02531,0.26773,0.11359,-0.95625,0.03162,0.70359,-0.01205,-0.7105,-0.00415,50.23,52.89,0.02,0.0753
20:48:26.571,6635.4171,331602,44.371,-13.771,16.538,-4.347,0.1084,0.0059,-1.1047,0.02292,-0.12657,0.00253,1.0073,-0.0122,-0.012,-0.05875,0.01199,-0.02585,0.26727,0.11361,-0.95638,0.03156,0.70289,-0.01242,-0.71118,-0.00378,50.25,52.9,0.02,0.0744
20:48:26.602,6635.4371,331603,44.303,-13.877,16.564,-4.356,0.1033,0.0039,-1.1125,0.02278,-0.12857,0.00306,1.0015,-0.011,-0.0129,-0.05836,0.01266,-0.02558,0.26679,0.11363,-0.95651,0.0315,0.70226,-0.01175,-0.71181,-0.00446,50.22,52.89,0.02,0.0788
20:48:26.616,6635.4571,331604,44.28,-13.798,16.59,-4.365,0.1084,0.0083,-1.1072,0.02385,-0.1267,0.00226,1.0122,-0.0112,-0.0149,-0.05836,0.01252,-0.02571,0.26632,0.11367,-0.95664,0.03144,0.70165,-0.01227,-0.71241,-0.00395,50.22,52.87,0.02,0.0707
20:48:26.631,6635.4771,331605,44.453,-13.804,16.616,-4.374,0.1021,0.0056,-1.1045,0.02505,-0.1267,0.00266,1.0098,-0.0134,-0.0112,-0.05875,0.01292,-0.02545,0.26586,0.1137,-0.95677,0.0314,0.70235,-0.01253,-0.71171,-0.00367,50.24,52.88,0.02,0.0725
20:48:26.661,6635.4971,331606,44.585,-13.694,16.642,-4.382,0.1042,0.0056,-1.1013,0.02598,-0.12923,0.00093,1.0122,-0.0181,-0.012,-0.05862,0.01252,-0.02585,0.26537,0.11375,-0.9569,0.03136,0.70262,-0.01345,-0.71144,-0.00274,50.25,52.87,0.02,0.0707
20:48:26.676,6635.5171,331607,44.706,-13.824,16.668,-4.391,0.1052,0.0095,-1.1028,0.02332,-0.12724,0.00173,1.0149,-0.0112,-0.0088,-0.05836,0.01319,-0.02558,0.2649,0.11378,-0.95703,0.0313,0.70318,-0.01288,-0.71089,-0.00331,50.25,52.88,0.02,0.0688
20:48:26.693,6635.5371,331608,44.642,-13.848,16.694,-4.4,0.1079,0.0024,-1.1165,0.02385,-0.12923,0.00187,1.009,-0.0129,-0.0139,-0.05782,0.01399,-0.02611,0.26441,0.11382,-0.95716,0.03124,0.70245,-0.01273,-0.71161,-0.00347,50.24,52.89,0.02,0.0731
20:48:26.721,6635.5571,331609,44.819,-13.814,16.72,-4.409,0.1079,0.0049,-1.1069,0.02238,-0.1267,0.00266,1.0068,-0.0149,-0.0107,-0.05782,0.01279,-0.02585,0.26395,0.11384,-0.95729,0.03118,0.70312,-0.01321,-0.71094,-0.00298,50.24,52.89,0.02,0.0748
20:48:26.736,6635.5771,331610,44.986,-13.855,16.746,-4.417,0.1067,0.0005,-1.1155,0.02278,-0.12351,0.00187,1.0083,-0.0146,-0.0085,-0.05849,0.01266,-0.02571,0.26351,0.11387,-0.95741,0.03112,0.70386,-0.01323,-0.71021,-0.00294,50.23,52.89,0.02,0.0737
20:48:26.768,6635.5971,331611,44.925,-13.86,16.772,-4.426,0.1042,0.0061,-1.1055,0.02105,-0.1255,0.00187,1.0117,-0.0144,-0.0112,-0.05796,0.01266,-0.02531,0.26306,0.1139,-0.95753,0.03104,0.70315,-0.01317,-0.71092,-0.00302,50.24,52.89,0.02,0.0711
20:48:26.769,6635.6171,331612,45.019,-14.009,16.798,-4.435,0.1047,0.0046,-1.1064,0.02185,-0.11924,0.00213,1.0125,-0.0122,-0.0098,-0.05769,0.01212,-0.02478,0.26267,0.11392,-0.95764,0.03098,0.70363,-0.01244,-0.71044,-0.00374,50.24,52.88,0.02,0.0705
20:48:26.796,6635.6371,331613,44.97,-13.961,16.824,-4.444,0.1047,0.0098,-1.1062,0.02292,-0.12351,0.00293,1.0103,-0.0142,-0.0149,-0.05782,0.01319,-0.02505,0.26224,0.11394,-0.95775,0.03092,0.70293,-0.01271,-0.71113,-0.00348,50.24,52.87,0.02,0.0721
20:48:26.811,6635.6571,331614,45.143,-13.898,16.85,-4.452,0.1047,0.0083,-1.1064,0.02252,-0.11964,0.00226,1.0007,-0.0159,-0.0088,-0.05822,0.01226,-0.02411,0.26184,0.11397,-0.95786,0.03085,0.70359,-0.01335,-0.71048,-0.00283,50.25,52.87,0.02,0.0794
20:48:26.841,6635.6771,331615,45.068,-13.908,16.876,-4.461,0.1045,0.0051,-1.1172,0.02398,-0.12297,0.00413,1.0049,-0.0144,-0.0132,-0.05809,0.01279,-0.02531,0.26141,0.11398,-0.95798,0.03081,0.70282,-0.01326,-0.71123,-0.00293,50.25,52.87,0.02,0.0762
20:48:26.856,6635.6971,331616,45.213,-14.005,16.902,-4.47,0.1057,0.01,-1.1047,0.02225,-0.12217,0.00333,1.0088,-0.0125,-0.0078,-0.05836,0.01172,-0.02531,0.26099,0.114,-0.95809,0.03075,0.70352,-0.01291,-0.71055,-0.00327,50.24,52.88,0.02,0.0733
20:48:26.873,6635.7171,331617,45.14,-14.052,16.928,-4.479,0.1016,0.0054,-1.1118,0.02212,-0.12497,0.00426,1.0066,-0.011,-0.0156,-0.05796,0.01226,-0.02571,0.26055,0.114,-0.95822,0.03068,0.70281,-0.01259,-0.71126,-0.00361,50.23,52.89,0.02,0.0749
20:48:26.886,6635.7371,331618,45.152,-14.241,16.954,-4.488,0.0999,0.0059,-1.1101,0.02185,-0.12817,0.00333,1.0073,-0.012,-0.0122,-0.05849,0.01239,-0.02505,0.26007,0.11402,-0.95835,0.03061,0.70279,-0.01154,-0.71129,-0.00467,50.24,52.88,0.02,0.0744
20:48:26.916,6635.7571,331619,45.305,-14.162,16.98,-4.497,0.1067,0.0054,-1.1069,0.02345,-0.11911,0.0032,1.0098,-0.0129,-0.01,-0.05849,0.01252,-0.02598,0.25969,0.11403,-0.95845,0.03056,0.7033,-0.01226,-0.71077,-0.00394,50.24,52.88,0.02,0.0726
20:48:26.961,6635.7771,331620,45.449,-14.053,17.006,-4.505,0.1025,0.0068,-1.1064,0.02318,-0.12497,0.0044,1.0093,-0.0137,-0.01,-0.05889,0.01279,-0.02491,0.25924,0.11404,-0.95857,0.03051,0.70368,-0.01314,-0.71039,-0.00304,50.26,52.88,0.02,0.0729
20:48:26.962,6635.7971,331621,45.439,-13.95,17.032,-4.514,0.105,0.0088,-1.1008,0.02398,-0.1299,0.00293,1.0068,-0.0168,-0.012,-0.05875,0.01212,-0.02478,0.25874,0.11407,-0.9587,0.03045,0.70309,-0.0138,-0.71096,-0.00238,50.26,52.88,0.02,0.0747
20:48:26.964,6635.8171,331622,45.401,-14.107,17.058,-4.523,0.106,0.0066,-1.1042,0.02198,-0.11858,0.0032,1.0103,-0.0105,-0.0132,-0.05782,0.01332,-0.02545,0.25836,0.11408,-0.95881,0.0304,0.70279,-0.01288,-0.71127,-0.00332,50.25,52.86,0.02,0.0722
20:48:26.991,6635.8371,331623,45.339,-14.166,17.084,-4.532,0.1011,0.0027,-1.1008,0.02465,-0.1299,0.0032,1.0117,-0.012,-0.0151,-0.05809,0.01346,-0.02518,0.25786,0.1141,-0.95894,0.03036,0.70212,-0.01253,-0.71193,-0.00368,50.24,52.87,0.02,0.0711
20:48:27.006,6635.8571,331624,45.527,-14.151,17.11,-4.54,0.1023,0.0073,-1.1108,0.02198,-0.12843,0.0024,1.001,-0.0132,-0.0125,-0.05796,0.01186,-0.02478,0.25738,0.11413,-0.95907,0.03028,0.70287,-0.01291,-0.71119,-0.00328,50.24,52.89,0.02,0.0791
20:48:27.036,6635.8771,331625,45.464,-14.261,17.136,-4.549,0.0999,0.0088,-1.1094,0.02052,-0.11485,0.00226,1.0132,-0.012,-0.0132,-0.05796,0.01252,-0.02518,0.25704,0.11415,-0.95916,0.03021,0.70238,-0.01221,-0.71168,-0.004,50.24,52.88,0.02,0.07
20:48:27.083,6635.8971,331626,45.629,-14.341,17.162,-4.558,0.1028,0.0032,-1.1057,0.02398,-0.12391,0.0044,1.0022,-0.0105,-0.0088,-0.05875,0.01212,-0.02531,0.2566,0.11416,-0.95928,0.03017,0.70316,-0.01203,-0.71092,-0.00418,50.22,52.87,0.02,0.0783
20:48:27.084,6635.9171,331627,45.556,-14.336,17.188,-4.567,0.106,0.0068,-1.1028,0.02158,-0.12191,0.0036,1.0051,-0.0107,-0.0164,-0.05862,0.01212,-0.02531,0.25618,0.11417,-0.95939,0.0301,0.7024,-0.01199,-0.71167,-0.00422,50.24,52.88,0.02,0.076
20:48:27.098,6635.9371,331628,45.477,-14.424,17.213,-4.576,0.0955,0.0027,-1.1052,0.02158,-0.12044,0.00413,1.0029,-0.0105,-0.0137,-0.05822,0.01252,-0.02585,0.25577,0.11417,-0.9595,0.03004,0.70173,-0.01142,-0.71233,-0.00481,50.24,52.88,0.02,0.0777
20:48:27.113,6635.9571,331629,45.652,-14.385,17.239,-4.585,0.1035,0.009,-1.0994,0.02398,-0.12564,0.0032,1.0063,-0.0144,-0.009,-0.05836,0.01279,-0.02545,0.25532,0.11419,-0.95962,0.02999,0.70239,-0.01194,-0.71168,-0.00427,50.23,52.9,0.02,0.0752
20:48:27.126,6635.9771,331630,45.689,-14.243,17.265,-4.594,0.1069,0.0054,-1.1077,0.02332,-0.11844,0.002,1.0127,-0.0117,-0.0137,-0.05796,0.01386,-0.02611,0.25494,0.11421,-0.95972,0.02994,0.70211,-0.01285,-0.71194,-0.00335,50.24,52.89,0.02,0.0704
20:48:27.157,6635.9971,331631,45.808,-14.386,17.291,-4.603,0.1038,0.0056,-1.1045,0.02478,-0.12737,0.00386,1.0127,-0.0098,-0.0107,-0.05782,0.01332,-0.02571,0.25446,0.11422,-0.95985,0.0299,0.70268,-0.01226,-0.71139,-0.00394,50.26,52.89,0.02,0.0704
20:48:27.188,6636.0171,331632,45.971,-14.295,17.317,-4.611,0.1035,0.0081,-1.1121,0.02198,-0.1247,0.00346,1.0056,-0.0125,-0.012,-0.05822,0.01266,-0.02545,0.25402,0.11424,-0.95997,0.02983,0.7032,-0.01304,-0.71087,-0.00314,50.25,52.87,0.02,0.0757
20:48:27.189,6636.0371,331633,45.974,-14.475,17.343,-4.62,0.1003,0.0056,-1.1145,0.02318,-0.11991,0.00266,1.0139,-0.0127,-0.0112,-0.05875,0.01266,-0.02585,0.25362,0.11426,-0.96007,0.02978,0.70317,-0.01207,-0.71091,-0.00413,50.24,52.88,0.02,0.0695
20:48:27.218,6636.0571,331634,45.964,-14.37,17.369,-4.629,0.1016,0.0056,-1.1069,0.02358,-0.12644,0.0032,1.01,-0.0127,-0.0125,-0.05769,0.01212,-0.02545,0.25315,0.11428,-0.96019,0.02972,0.7026,-0.01272,-0.71146,-0.00348,50.24,52.88,0.02,0.0724
20:48:27.232,6636.0771,331635,46.091,-14.494,17.395,-4.638,0.1028,0.0042,-1.1021,0.02265,-0.11951,0.0024,1.0083,-0.0112,-0.0103,-0.05849,0.01239,-0.02558,0.25277,0.11429,-0.96029,0.02967,0.70326,-0.01223,-0.71082,-0.00397,50.25,52.87,0.02,0.0737
20:48:27.246,6636.0971,331636,46.087,-14.384,17.421,-4.647,0.1028,0.0046,-1.1035,0.02305,-0.12417,0.00413,1.0127,-0.0161,-0.0144,-0.05942,0.01252,-0.02611,0.25233,0.1143,-0.96041,0.02962,0.70274,-0.0129,-0.71132,-0.0033,50.24,52.88,0.02,0.0703
20:48:27.276,6636.1171,331637,46.252,-14.41,17.447,-4.656,0.0979,0.0056,-1.1138,0.02358,-0.12497,0.00426,1.0142,-0.0139,-0.0112,-0.05889,0.01252,-0.02598,0.25188,0.11431,-0.96053,0.02957,0.70343,-0.01303,-0.71064,-0.00316,50.25,52.88,0.02,0.0692
20:48:27.306,6636.1371,331638,46.186,-14.533,17.473,-4.665,0.1003,0.0042,-1.1035,0.02212,-0.12244,0.004,1.0056,-0.0107,-0.0127,-0.05836,0.01306,-0.02531,0.25145,0.11432,-0.96064,0.02951,0.70289,-0.01229,-0.71119,-0.00391,50.25,52.88,0.02,0.0757
20:48:27.307,6636.1571,331639,46.117,-14.542,17.498,-4.673,0.0986,0.0073,-1.1079,0.02172,-0.12204,0.0036,1.01,-0.0115,-0.0139,-0.05862,0.01252,-0.02491,0.25103,0.11433,-0.96075,0.02945,0.70216,-0.01218,-0.7119,-0.00403,50.25,52.87,0.02,0.0724
20:48:27.337,6636.1771,331640,46.271,-14.453,17.524,-4.682,0.0991,0.0042,-1.1099,0.02358,-0.12284,0.00373,1.0095,-0.0149,-0.012,-0.05822,0.01226,-0.02491,0.2506,0.11434,-0.96086,0.0294,0.70264,-0.01295,-0.71142,-0.00324,50.24,52.89,0.02,0.0727
20:48:27.351,6636.1971,331641,46.438,-14.49,17.55,-4.691,0.1008,0.0007,-1.1018,0.02238,-0.12391,0.0036,1.0103,-0.0139,-0.011,-0.05822,0.01252,-0.02558,0.25017,0.11436,-0.96098,0.02934,0.70336,-0.01301,-0.71071,-0.00317,50.24,52.88,0.02,0.0722
20:48:27.367,6636.2171,331642,46.371,-14.501,17.576,-4.7,0.1018,0.0034,-1.1077,0.02305,-0.12337,0.00306,1.0107,-0.0127,-0.0186,-0.05849,0.01359,-0.02598,0.24973,0.11438,-0.96109,0.02929,0.70264,-0.01291,-0.71142,-0.00328,50.25,52.88,0.02,0.0718
20:48:27.428,6636.2371,331643,46.384,-14.363,17.602,-4.709,0.1008,0.0066,-1.1106,0.02252,-0.12124,0.0028,1.0085,-0.0146,-0.0132,-0.05809,0.01319,-0.02571,0.24932,0.1144,-0.9612,0.02923,0.70221,-0.01375,-0.71184,-0.00244,50.24,52.87,0.02,0.0735
20:48:27.429,6636.2571,331644,46.376,-14.558,17.628,-4.717,0.1001,0.0083,-1.1042,0.02398,-0.12377,0.004,1.0063,-0.0125,-0.0142,-0.05782,0.01279,-0.02505,0.24888,0.11441,-0.96131,0.02918,0.70211,-0.01271,-0.71195,-0.0035,50.24,52.88,0.02,0.0751
20:48:27.432,6636.2771,331645,46.521,-14.455,17.654,-4.726,0.1035,0.0054,-1.1067,0.02265,-0.12057,0.00453,1.0115,-0.0151,-0.0132,-0.05875,0.01292,-0.02478,0.24847,0.11441,-0.96142,0.02913,0.70252,-0.01352,-0.71153,-0.00267,50.24,52.87,0.02,0.0712
20:48:27.457,6636.2971,331646,46.68,-14.531,17.68,-4.735,0.0999,0.0063,-1.1011,0.02225,-0.12151,0.00386,1.0051,-0.0146,-0.0098,-0.05836,0.01292,-0.02505,0.24806,0.11442,-0.96153,0.02907,0.70328,-0.01335,-0.71078,-0.00283,50.24,52.89,0.02,0.0761
20:48:27.472,6636.3171,331647,46.637,-14.688,17.706,-4.744,0.1013,0.0068,-1.104,0.02172,-0.12231,0.00253,1.009,-0.012,-0.012,-0.05836,0.01266,-0.02545,0.24763,0.11444,-0.96163,0.029,0.70292,-0.01245,-0.71115,-0.00374,50.25,52.88,0.02,0.0731
20:48:27.487,6636.3371,331648,46.769,-14.809,17.732,-4.753,0.0994,0.0076,-1.1121,0.02305,-0.12191,0.00253,1.0103,-0.0115,-0.0107,-0.05769,0.01306,-0.02558,0.24721,0.11447,-0.96174,0.02894,0.70357,-0.012,-0.71051,-0.00419,50.24,52.88,0.02,0.0722
20:48:27.516,6636.3571,331649,46.701,-14.814,17.758,-4.762,0.0996,0.0044,-1.1023,0.02385,-0.12244,0.0028,1.01,-0.0107,-0.0132,-0.05849,0.01226,-0.02558,0.24679,0.11449,-0.96185,0.0289,0.70285,-0.01194,-0.71123,-0.00426,50.24,52.87,0.02,0.0724
20:48:27.561,6636.3771,331650,46.78,-14.642,17.783,-4.771,0.0996,0.0085,-1.1089,0.02025,-0.11631,0.00386,1.0037,-0.0142,-0.0122,-0.05822,0.01146,-0.02438,0.24642,0.11449,-0.96194,0.02882,0.7028,-0.01302,-0.71126,-0.00317,50.25,52.87,0.02,0.0771
20:48:27.562,6636.3971,331651,46.729,-14.6,17.809,-4.779,0.1025,0.0039,-1.1113,0.02332,-0.12257,0.00346,1.0122,-0.0146,-0.0144,-0.05836,0.01266,-0.02558,0.246,0.11451,-0.96205,0.02877,0.7021,-0.01324,-0.71195,-0.00296,50.26,52.87,0.02,0.0707
20:48:27.564,6636.4171,331652,46.656,-14.676,17.835,-4.788,0.1006,0.0068,-1.1111,0.02425,-0.12417,0.00293,1.0073,-0.0142,-0.0146,-0.05809,0.01266,-0.02571,0.24555,0.11453,-0.96216,0.02873,0.70143,-0.01278,-0.71261,-0.00343,50.23,52.88,0.02,0.0744
20:48:27.591,6636.4371,331653,46.783,-14.801,17.861,-4.797,0.0999,0.0029,-1.1047,0.02305,-0.11991,0.00386,1.0088,-0.009,-0.0103,-0.05796,0.01239,-0.02545,0.24517,0.11454,-0.96226,0.02868,0.70209,-0.01231,-0.71197,-0.0039,50.25,52.88,0.02,0.0733
20:48:27.607,6636.4571,331654,46.955,-14.826,17.887,-4.806,0.1006,0.0061,-1.1038,0.02398,-0.12364,0.00346,1.0073,-0.012,-0.0134,-0.05955,0.01332,-0.02585,0.24473,0.11456,-0.96237,0.02863,0.70283,-0.01246,-0.71124,-0.00374,50.26,52.88,0.02,0.0744
20:48:27.638,6636.4771,331655,47.036,-15.008,17.912,-4.815,0.0994,0.0039,-1.106,0.02318,-0.12177,0.00306,1.0085,-0.0105,-0.0112,-0.05875,0.01292,-0.02571,0.24431,0.11458,-0.96248,0.02858,0.70326,-0.01162,-0.71082,-0.00458,50.23,52.88,0.02,0.0735
20:48:27.666,6636.4971,331656,47.179,-14.892,17.938,-4.824,0.0999,0.0078,-1.1138,0.02438,-0.12177,0.00413,1.0073,-0.0146,-0.009,-0.05862,0.01279,-0.02585,0.24389,0.11459,-0.96259,0.02854,0.70364,-0.01253,-0.71044,-0.00366,50.25,52.89,0.02,0.0744
20:48:27.667,6636.5171,331657,47.106,-14.966,17.964,-4.833,0.0994,0.0081,-1.106,0.02292,-0.12217,0.00333,1.009,-0.0103,-0.0129,-0.05796,0.01266,-0.02531,0.24347,0.11461,-0.96269,0.02848,0.70298,-0.01206,-0.71109,-0.00414,50.24,52.88,0.02,0.0731
20:48:27.696,6636.5371,331658,47.135,-14.82,17.99,-4.842,0.0991,0.0054,-1.1101,0.02265,-0.11951,0.0032,1.0122,-0.0151,-0.0132,-0.05849,0.01212,-0.02545,0.24308,0.11462,-0.96279,0.02843,0.70265,-0.01295,-0.71141,-0.00325,50.25,52.88,0.02,0.0707
20:48:27.711,6636.5571,331659,47.072,-14.814,18.016,-4.851,0.0974,0.0039,-1.1125,0.02385,-0.1243,0.00373,1.0098,-0.0137,-0.0137,-0.05875,0.01306,-0.02585,0.24264,0.11464,-0.9629,0.02839,0.70192,-0.01295,-0.71213,-0.00325,50.24,52.88,0.02,0.0725
20:48:27.726,6636.5771,331660,47.238,-14.797,18.042,-4.859,0.0994,0.0049,-1.1033,0.02292,-0.12164,0.00373,1.0122,-0.0159,-0.011,-0.05836,0.01306,-0.02571,0.24222,0.11465,-0.96301,0.02834,0.70258,-0.01332,-0.71147,-0.00287,50.24,52.88,0.02,0.0707
20:48:27.757,6636.5971,331661,47.16,-14.823,18.067,-4.868,0.1006,0.0054,-1.1072,0.02238,-0.11911,0.00306,1.0083,-0.0139,-0.0156,-0.05796,0.01172,-0.02505,0.24184,0.11466,-0.9631,0.02829,0.70186,-0.01311,-0.71219,-0.00309,50.24,52.88,0.02,0.0736
20:48:27.786,6636.6171,331662,47.23,-15.01,18.093,-4.877,0.1006,0.0049,-1.1064,0.02358,-0.12177,0.00333,1.0103,-0.0095,-0.0129,-0.05809,0.01306,-0.02545,0.24142,0.11468,-0.96321,0.02824,0.70224,-0.01224,-0.71183,-0.00397,50.25,52.87,0.02,0.0722
20:48:27.790,6636.6371,331663,47.207,-14.907,18.119,-4.886,0.0981,0.0012,-1.1079,0.02372,-0.12391,0.00413,1.0068,-0.012,-0.0142,-0.05782,0.01292,-0.02491,0.24097,0.11469,-0.96332,0.0282,0.70161,-0.01283,-0.71244,-0.00338,50.25,52.87,0.02,0.0748
20:48:27.817,6636.6571,331664,47.374,-14.89,18.145,-4.895,0.1013,0.009,-1.1077,0.02332,-0.12111,0.00373,1.0105,-0.0159,-0.0112,-0.05822,0.01292,-0.02491,0.24056,0.1147,-0.96342,0.02814,0.70228,-0.0132,-0.71177,-0.00299,50.25,52.89,0.02,0.072
20:48:27.832,6636.6771,331665,47.523,-14.98,18.17,-4.904,0.1003,0.0054,-1.1084,0.02345,-0.11938,0.00346,1.0068,-0.0137,-0.0115,-0.05862,0.01266,-0.02585,0.24018,0.11471,-0.96352,0.02809,0.70302,-0.01296,-0.71105,-0.00323,50.24,52.89,0.02,0.0748
20:48:27.847,6636.6971,331666,47.564,-15.18,18.196,-4.913,0.1008,0.0032,-1.1028,0.02318,-0.12337,0.00226,1.0107,-0.0117,-0.0112,-0.05902,0.01306,-0.02518,0.23974,0.11474,-0.96362,0.02804,0.70322,-0.01199,-0.71086,-0.00421,50.25,52.87,0.02,0.0719
20:48:27.908,6636.7171,331667,47.721,-15.266,18.222,-4.922,0.0962,0.0056,-1.1011,0.02292,-0.12111,0.00293,1.0051,-0.0107,-0.01,-0.05862,0.01266,-0.02598,0.23933,0.11476,-0.96373,0.02799,0.70397,-0.0118,-0.71012,-0.00439,50.25,52.87,0.02,0.0761
20:48:27.909,6636.7371,331668,47.692,-15.158,18.248,-4.931,0.0972,0.0068,-1.0986,0.02198,-0.12017,0.0032,1.0063,-0.0149,-0.0139,-0.05809,0.01279,-0.02531,0.23893,0.11477,-0.96383,0.02792,0.70333,-0.01237,-0.71074,-0.00382,50.26,52.87,0.02,0.0751
20:48:27.911,6636.7571,331669,47.811,-15.313,18.274,-4.94,0.0979,0.0085,-1.1025,0.02372,-0.12124,0.00373,1.0056,-0.0112,-0.0098,-0.05862,0.01252,-0.02545,0.23851,0.11479,-0.96393,0.02787,0.70396,-0.01176,-0.71013,-0.00443,50.25,52.88,0.02,0.0757
20:48:27.937,6636.7771,331670,47.821,-15.18,18.3,-4.949,0.0999,0.0049,-1.1128,0.02345,-0.12137,0.00386,1.0117,-0.0122,-0.01,-0.05836,0.01372,-0.02491,0.23809,0.1148,-0.96403,0.02783,0.70351,-0.01254,-0.71056,-0.00365,50.25,52.89,0.02,0.0711
20:48:27.951,6636.7971,331671,47.964,-15.289,18.326,-4.958,0.0989,0.0054,-1.1033,0.02198,-0.12217,0.00386,1.009,-0.012,-0.009,-0.05849,0.01279,-0.02491,0.23767,0.1148,-0.96414,0.02777,0.70421,-0.0122,-0.70988,-0.00398,50.24,52.89,0.02,0.0732
20:48:27.982,6636.8171,331672,47.91,-15.235,18.352,-4.967,0.0989,0.0073,-1.1035,0.02278,-0.11991,0.00373,1.0117,-0.0125,-0.0107,-0.05809,0.01252,-0.02451,0.23729,0.11482,-0.96423,0.02771,0.70351,-0.01245,-0.71056,-0.00374,50.25,52.87,0.02,0.0711
20:48:28.026,6636.8371,331673,47.847,-15.184,18.378,-4.976,0.1003,0.0027,-1.1089,0.02332,-0.12017,0.0036,1.0034,-0.0127,-0.0117,-0.05862,0.01292,-0.02491,0.23688,0.11483,-0.96433,0.02767,0.70275,-0.01268,-0.71131,-0.00351,50.25,52.87,0.02,0.0773
20:48:28.028,6636.8571,331674,48.012,-15.207,18.403,-4.985,0.0942,0.0049,-1.1074,0.02438,-0.12137,0.00386,1.0107,-0.0132,-0.0115,-0.05875,0.01332,-0.02625,0.23646,0.11484,-0.96443,0.02763,0.70347,-0.01286,-0.7106,-0.00333,50.26,52.87,0.02,0.0719
20:48:28.029,6636.8771,331675,47.943,-15.214,18.429,-4.994,0.1003,0.0024,-1.1064,0.02318,-0.12071,0.00333,1.0107,-0.0132,-0.0125,-0.05822,0.01226,-0.02518,0.23605,0.11486,-0.96453,0.02758,0.70275,-0.01277,-0.71132,-0.00343,50.24,52.87,0.02,0.0719
20:48:28.057,6636.8971,331676,48.096,-15.299,18.455,-5.003,0.1011,0.0039,-1.1057,0.02332,-0.12124,0.00386,1.0083,-0.0129,-0.0112,-0.05862,0.01239,-0.02465,0.23564,0.11487,-0.96464,0.02754,0.70348,-0.01258,-0.7106,-0.00361,50.25,52.87,0.02,0.0737
20:48:28.072,6636.9171,331677,48.037,-15.25,18.481,-5.012,0.0947,0.0085,-1.1128,0.02278,-0.12111,0.00386,1.0066,-0.0132,-0.0122,-0.05849,0.01279,-0.02518,0.23522,0.11488,-0.96474,0.02748,0.70274,-0.0128,-0.71132,-0.0034,50.24,52.87,0.02,0.0749
20:48:28.086,6636.9371,331678,48.201,-15.294,18.507,-5.021,0.1023,0.0046,-1.1055,0.02225,-0.12031,0.0036,1.0085,-0.0134,-0.0107,-0.05836,0.01266,-0.02505,0.23482,0.11489,-0.96484,0.02742,0.70348,-0.01284,-0.71059,-0.00334,50.24,52.87,0.02,0.0735
20:48:28.131,6636.9571,331679,48.165,-15.202,18.533,-5.029,0.1021,0.0012,-1.105,0.02332,-0.12044,0.00426,1.0088,-0.0159,-0.0137,-0.05862,0.01306,-0.02545,0.23441,0.11489,-0.96494,0.02738,0.70283,-0.01332,-0.71123,-0.00287,50.26,52.88,0.02,0.0732
20:48:28.133,6636.9771,331680,48.168,-15.404,18.558,-5.038,0.0964,0.0034,-1.1086,0.02278,-0.12111,0.0028,1.0103,-0.011,-0.0122,-0.05836,0.01266,-0.02625,0.23399,0.11491,-0.96504,0.02732,0.70282,-0.01231,-0.71125,-0.00389,50.26,52.88,0.02,0.0722
20:48:28.147,6636.9971,331681,48.339,-15.323,18.584,-5.047,0.0969,0.0037,-1.104,0.02238,-0.12217,0.00266,1.0032,-0.0132,-0.011,-0.05822,0.01279,-0.02585,0.23357,0.11493,-0.96514,0.02726,0.7034,-0.01302,-0.71067,-0.00316,50.23,52.86,0.02,0.0775
20:48:28.178,6637.0171,331682,48.266,-15.309,18.61,-5.056,0.1008,0.0029,-1.1074,0.02265,-0.11871,0.00226,1.0073,-0.0139,-0.0166,-0.05809,0.01199,-0.02491,0.23319,0.11495,-0.96523,0.02722,0.70265,-0.01303,-0.71141,-0.00316,50.24,52.88,0.02,0.0744
20:48:28.191,6637.0371,331683,48.411,-15.402,18.636,-5.065,0.0979,0.0022,-1.0999,0.02238,-0.11964,0.0036,1.0093,-0.0132,-0.0103,-0.05875,0.01239,-0.02571,0.2328,0.11496,-0.96532,0.02717,0.70337,-0.0128,-0.7107,-0.00339,50.25,52.88,0.02,0.0729
20:48:28.208,6637.0571,331684,48.38,-15.595,18.661,-5.074,0.0981,0.0034,-1.1018,0.02358,-0.12191,0.00293,1.0063,-0.0105,-0.0112,-0.05915,0.01252,-0.02571,0.23238,0.11498,-0.96542,0.02712,0.70314,-0.01179,-0.71094,-0.00441,50.26,52.89,0.02,0.0752
20:48:28.268,6637.0771,331685,48.339,-15.515,18.687,-5.083,0.0977,0.0083,-1.1042,0.02398,-0.11884,0.00333,1.0125,-0.012,-0.0139,-0.05822,0.01212,-0.02465,0.232,0.11499,-0.96552,0.02707,0.70249,-0.01219,-0.71158,-0.00402,50.25,52.88,0.02,0.0705
20:48:28.269,6637.0971,331686,48.305,-15.414,18.713,-5.092,0.1006,0.0054,-1.1052,0.02212,-0.12097,0.00413,1.0063,-0.0125,-0.0144,-0.05862,0.01252,-0.02571,0.23158,0.115,-0.96562,0.02701,0.70183,-0.0127,-0.71223,-0.0035,50.25,52.88,0.02,0.0751
20:48:28.270,6637.1171,331687,48.473,-15.391,18.738,-5.101,0.0989,0.0081,-1.1038,0.02212,-0.11951,0.00306,1.0076,-0.0164,-0.0093,-0.05875,0.01292,-0.02665,0.2312,0.11501,-0.96571,0.02696,0.70251,-0.0131,-0.71154,-0.00309,50.24,52.89,0.02,0.0742
20:48:28.297,6637.1371,331688,48.622,-15.471,18.764,-5.11,0.0986,0.0063,-1.0981,0.02345,-0.12004,0.0032,1.012,-0.0137,-0.0107,-0.05769,0.01252,-0.02518,0.23079,0.11502,-0.9658,0.02691,0.70322,-0.01295,-0.71085,-0.00324,50.26,52.88,0.02,0.0709
20:48:28.311,6637.1571,331689,48.551,-15.589,18.79,-5.119,0.1023,0.0061,-1.1047,0.02345,-0.11964,0.0032,1.0085,-0.0129,-0.0117,-0.05809,0.01252,-0.02531,0.23041,0.11504,-0.9659,0.02686,0.70266,-0.01227,-0.71141,-0.00393,50.24,52.87,0.02,0.0735
20:48:28.326,6637.1771,331690,48.525,-15.479,18.815,-5.128,0.1016,0.0017,-1.0984,0.02318,-0.12004,0.00386,1.0083,-0.0139,-0.0149,-0.05809,0.01292,-0.02545,0.23001,0.11505,-0.96599,0.02681,0.70205,-0.01285,-0.71201,-0.00335,50.24,52.9,0.02,0.0736
20:48:28.357,6637.1971,331691,48.695,-15.453,18.841,-5.137,0.0991,0.0071,-1.1006,0.02238,-0.12017,0.00293,1.0085,-0.0151,-0.0117,-0.05836,0.01292,-0.02531,0.2296,0.11506,-0.96609,0.02675,0.70272,-0.01327,-0.71133,-0.00292,50.24,52.89,0.02,0.0735
20:48:28.371,6637.2171,331692,48.79,-15.622,18.867,-5.146,0.0969,0.0073,-1.1035,0.02332,-0.11938,0.00293,1.011,-0.0127,-0.011,-0.05836,0.01252,-0.02518,0.22922,0.11508,-0.96618,0.0267,0.70325,-0.01257,-0.71083,-0.00362,50.23,52.88,0.02,0.0716
20:48:28.386,6637.2371,331693,48.854,-15.82,18.893,-5.155,0.0974,0.0063,-1.1084,0.02225,-0.12057,0.0036,1.01,-0.011,-0.0103,-0.05836,0.01239,-0.02478,0.22881,0.11509,-0.96628,0.02664,0.7036,-0.01168,-0.71048,-0.00451,50.24,52.87,0.02,0.0724
20:48:28.416,6637.2571,331694,48.838,-15.7,18.918,-5.164,0.0994,0.0029,-1.106,0.02212,-0.12044,0.00333,1.0098,-0.0142,-0.0137,-0.05822,0.01199,-0.02531,0.2284,0.1151,-0.96637,0.02658,0.70303,-0.01231,-0.71105,-0.00388,50.23,52.87,0.02,0.0725
20:48:28.431,6637.2771,331695,48.977,-15.565,18.944,-5.173,0.0962,0.0071,-1.1035,0.02278,-0.11977,0.00306,1.0056,-0.0161,-0.01,-0.05836,0.01226,-0.02465,0.22802,0.11511,-0.96646,0.02653,0.70338,-0.01325,-0.71068,-0.00293,50.24,52.88,0.02,0.0757
20:48:28.448,6637.2971,331696,48.906,-15.558,18.97,-5.182,0.1011,0.0095,-1.1052,0.02278,-0.12004,0.0024,1.0076,-0.0144,-0.0137,-0.05782,0.01279,-0.02505,0.22761,0.11513,-0.96656,0.02647,0.70263,-0.01322,-0.71142,-0.00297,50.24,52.88,0.02,0.0742
20:48:28.506,6637.3171,331697,48.917,-15.423,18.995,-5.191,0.0996,0.0149,-1.0859,0.02531,-0.11764,0.00147,0.9851,-0.02,-0.0156,-0.05809,0.01399,-0.02771,0.22723,0.11517,-0.96664,0.02643,0.70222,-0.01398,-0.71182,-0.0022,50.25,52.88,0.02,0.0691
20:48:28.507,6637.3371,331698,48.986,-15.583,19.021,-5.2,0.0859,-0.0149,-1.1279,0.02771,-0.13177,0.0028,1.0439,0.0015,-0.0076,-0.05702,0.01745,-0.02931,0.22671,0.1152,-0.96676,0.02643,0.70247,-0.01335,-0.71158,-0.00281,50.24,52.88,0.02,0.0471
20:48:28.509,6637.3571,331699,49.181,-15.597,19.047,-5.209,0.0874,0.0161,-1.0996,0.02345,-0.13643,0.0024,0.9985,-0.0183,-0.0034,-0.05875,0.01359,-0.02465,0.22614,0.11523,-0.96689,0.02635,0.70324,-0.01361,-0.71082,-0.00253,50.26,52.87,0.02,0.079
20:48:28.536,6637.3771,331700,49.064,-15.638,19.073,-5.218,0.1155,-0.0056,-1.0981,0.01825,-0.093,0.00346,0.9961,-0.0073,-0.0247,-0.05889,0.00853,-0.02372,0.226,0.11523,-0.96693,0.0263,0.70249,-0.01322,-0.71157,-0.00295,50.25,52.88,0.02,0.0773
20:48:28.551,6637.3971,331701,49.248,-15.625,19.098,-5.226,0.0872,0.0188,-1.0994,0.02052,-0.12923,0.0052,1.0078,-0.0195,-0.0034,-0.05769,0.01466,-0.02491,0.22552,0.11522,-0.96705,0.0262,0.7032,-0.01356,-0.71086,-0.00258,50.24,52.87,0.02,0.074
20:48:28.566,6637.4171,331702,49.214,-15.808,19.124,-5.235,0.0977,-0.0051,-1.1182,0.03251,-0.13896,0.0016,1.0125,-0.0027,-0.0178,-0.05889,0.01652,-0.02891,0.22492,0.11528,-0.96718,0.02623,0.70281,-0.01275,-0.71126,-0.00342,50.26,52.86,0.02,0.0705
20:48:28.611,6637.4371,331703,49.373,-15.726,19.15,-5.244,0.0928,0.0107,-1.0984,0.01919,-0.10965,0.0048,1.0049,-0.0195,-0.0063,-0.05756,0.01319,-0.02611,0.22462,0.11527,-0.96725,0.02615,0.70341,-0.01339,-0.71065,-0.00276,50.24,52.87,0.02,0.0762
20:48:28.612,6637.4571,331704,49.33,-15.87,19.175,-5.253,0.0996,0.0024,-1.1167,0.02598,-0.13283,0.00333,1.0164,-0.0093,-0.0142,-0.05889,0.01426,-0.02651,0.22408,0.11529,-0.96737,0.02611,0.70296,-0.01268,-0.7111,-0.00348,50.26,52.88,0.02,0.0676
20:48:28.626,6637.4771,331705,49.343,-15.688,19.201,-5.262,0.1006,0.0076,-1.1072,0.02132,-0.10206,0.00346,1.0051,-0.0195,-0.0142,-0.05822,0.01199,-0.02545,0.22385,0.1153,-0.96743,0.02606,0.70261,-0.01363,-0.71144,-0.00253,50.25,52.87,0.02,0.076
20:48:28.657,6637.4971,331706,49.404,-15.905,19.227,-5.271,0.0901,-0.0015,-1.1089,0.02598,-0.13696,0.00426,1.0156,-0.0046,-0.01,-0.05782,0.01492,-0.02718,0.22328,0.11531,-0.96756,0.02603,0.70285,-0.01271,-0.71121,-0.00345,50.25,52.88,0.02,0.0683
20:48:28.672,6637.5171,331707,49.411,-15.757,19.252,-5.28,0.0999,0.0081,-1.0979,0.02238,-0.12164,0.00266,1.0081,-0.0144,-0.0129,-0.05875,0.01319,-0.02518,0.22286,0.11533,-0.96766,0.02597,0.70237,-0.0135,-0.71168,-0.00266,50.25,52.87,0.02,0.0738
20:48:28.686,6637.5371,331708,49.33,-15.89,19.278,-5.289,0.1011,0.0027,-1.1035,0.02118,-0.10405,0.00306,1.0083,-0.0098,-0.0168,-0.05822,0.01146,-0.02585,0.22261,0.11534,-0.96771,0.02592,0.70188,-0.01272,-0.71217,-0.00345,50.24,52.88,0.02,0.0736
20:48:28.731,6637.5571,331709,49.491,-16.03,19.303,-5.298,0.0908,0.0015,-1.1052,0.02638,-0.14029,0.00333,1.0081,-0.0095,-0.0078,-0.05769,0.01479,-0.02718,0.22201,0.11537,-0.96785,0.02588,0.70259,-0.01234,-0.71147,-0.00382,50.26,52.87,0.02,0.0739
20:48:28.732,6637.5771,331710,49.638,-16.119,19.329,-5.308,0.0972,0.0034,-1.104,0.02425,-0.11658,0.00306,1.0105,-0.0112,-0.0093,-0.05809,0.01319,-0.02625,0.22162,0.11538,-0.96794,0.02583,0.70331,-0.01216,-0.71077,-0.00399,50.25,52.87,0.02,0.072
20:48:28.747,6637.5971,331711,49.571,-16.068,19.355,-5.317,0.0979,0.0049,-1.1047,0.02158,-0.11418,0.0032,1.0076,-0.0127,-0.0161,-0.05836,0.01279,-0.02571,0.22128,0.11539,-0.96802,0.02577,0.70257,-0.01234,-0.7115,-0.00382,50.24,52.87,0.02,0.0741
20:48:28.777,6637.6171,331712,49.742,-16.04,19.38,-5.326,0.092,0.0022,-1.1042,0.02545,-0.12684,0.002,1.0115,-0.0139,-0.0105,-0.05836,0.01332,-0.02651,0.2208,0.11542,-0.96812,0.02574,0.7032,-0.01281,-0.71087,-0.00334,50.25,52.87,0.02,0.0713
20:48:28.792,6637.6371,331713,49.697,-16.228,19.406,-5.335,0.0959,0.0039,-1.1108,0.02518,-0.12031,0.0052,1.0076,-0.0083,-0.0127,-0.05862,0.01412,-0.02558,0.22039,0.11542,-0.96822,0.02571,0.70289,-0.01186,-0.71119,-0.0043,50.24,52.87,0.02,0.0742
20:48:28.806,6637.6571,331714,49.695,-16.08,19.432,-5.344,0.0984,0.0081,-1.1111,0.02132,-0.11564,0.00453,1.0098,-0.0154,-0.0151,-0.05849,0.01226,-0.02505,0.22003,0.11542,-0.9683,0.02565,0.70239,-0.01261,-0.71167,-0.00354,50.25,52.87,0.02,0.0725
20:48:28.851,6637.6771,331715,49.637,-16.242,19.457,-5.353,0.0967,0.0027,-1.0984,0.02398,-0.12057,0.0048,1.0085,-0.0103,-0.0146,-0.05796,0.01332,-0.02638,0.21962,0.11542,-0.9684,0.02561,0.70197,-0.01177,-0.7121,-0.0044,50.25,52.87,0.02,0.0735
20:48:28.853,6637.6971,331716,49.795,-16.324,19.483,-5.362,0.0977,0.0071,-1.1033,0.02438,-0.12204,0.00266,1.0081,-0.01,-0.012,-0.05796,0.01332,-0.02571,0.21919,0.11545,-0.96849,0.02557,0.70271,-0.01166,-0.71137,-0.0045,50.23,52.87,0.02,0.0738
20:48:28.867,6637.7171,331717,49.794,-16.169,19.508,-5.371,0.0984,0.0068,-1.1072,0.02252,-0.11485,0.0036,1.0066,-0.0164,-0.0164,-0.05809,0.01266,-0.02545,0.21884,0.11546,-0.96857,0.02551,0.70221,-0.01246,-0.71185,-0.0037,50.24,52.88,0.02,0.0748
20:48:28.896,6637.7371,331718,49.964,-16.123,19.534,-5.381,0.1003,0.0093,-1.1045,0.02332,-0.12324,0.00293,1.0095,-0.0134,-0.0127,-0.05809,0.01386,-0.02571,0.2184,0.11548,-0.96867,0.02546,0.70284,-0.01299,-0.71122,-0.00316,50.27,52.87,0.02,0.0727
20:48:28.912,6637.7571,331719,50.101,-16.239,19.559,-5.39,0.0977,0.0059,-1.1086,0.02345,-0.11858,0.0036,1.0103,-0.0117,-0.0073,-0.05796,0.01306,-0.02558,0.21802,0.11549,-0.96875,0.02541,0.70353,-0.01266,-0.71055,-0.00348,50.25,52.87,0.02,0.0722
20:48:28.926,6637.7771,331720,50.046,-16.171,19.585,-5.399,0.1011,0.0046,-1.1023,0.02305,-0.11871,0.00373,1.0083,-0.0132,-0.0107,-0.05875,0.01266,-0.02585,0.21763,0.1155,-0.96884,0.02536,0.70282,-0.01295,-0.71125,-0.00319,50.26,52.88,0.02,0.0737
20:48:28.986,6637.7971,331721,50.106,-16.386,19.611,-5.408,0.092,0.0071,-1.1062,0.02292,-0.12177,0.0028,1.0076,-0.0125,-0.0117,-0.05809,0.01359,-0.02571,0.21721,0.11552,-0.96894,0.0253,0.70316,-0.01202,-0.71092,-0.00413,50.24,52.87,0.02,0.0742
20:48:28.987,6637.8171,331722,50.12,-16.217,19.636,-5.417,0.0996,0.0066,-1.1001,0.02185,-0.11564,0.00306,1.0059,-0.0132,-0.0122,-0.05782,0.01199,-0.02625,0.21685,0.11553,-0.96902,0.02524,0.70273,-0.0129,-0.71133,-0.00325,50.25,52.87,0.02,0.0755
20:48:28.989,6637.8371,331723,50.266,-16.329,19.662,-5.426,0.094,0.0049,-1.1086,0.02305,-0.12177,0.0036,1.0085,-0.0129,-0.0105,-0.05782,0.01252,-0.02625,0.21643,0.11554,-0.96911,0.02519,0.70344,-0.01262,-0.71063,-0.00352,50.24,52.87,0.02,0.0735
20:48:29.031,6637.8571,331724,50.374,-16.504,19.688,-5.435,0.092,0.0029,-1.1047,0.02531,-0.12377,0.0028,1.0117,-0.0098,-0.0076,-0.05862,0.01346,-0.02571,0.21598,0.11557,-0.96921,0.02515,0.704,-0.012,-0.71008,-0.00414,50.27,52.89,0.02,0.0712
20:48:29.032,6637.8771,331725,50.369,-16.353,19.713,-5.445,0.1006,0.0078,-1.1033,0.02065,-0.11618,0.0036,1.0081,-0.0149,-0.0115,-0.05849,0.01186,-0.02465,0.21562,0.11557,-0.96929,0.02508,0.70348,-0.01274,-0.71059,-0.0034,50.26,52.87,0.02,0.0738
20:48:29.047,6637.8971,331726,50.413,-16.565,19.739,-5.454,0.0955,0.0024,-1.1035,0.02225,-0.11898,0.00333,1.0122,-0.0115,-0.0098,-0.05782,0.01239,-0.02531,0.21523,0.11558,-0.96938,0.02503,0.70376,-0.01182,-0.71033,-0.00433,50.24,52.88,0.02,0.0708
20:48:29.077,6637.9171,331727,50.57,-16.639,19.765,-5.463,0.0908,0.0015,-1.1047,0.02425,-0.12097,0.00426,1.0098,-0.0105,-0.0081,-0.05836,0.01306,-0.02571,0.21481,0.11559,-0.96947,0.025,0.70448,-0.01176,-0.70961,-0.00438,50.24,52.87,0.02,0.0726
20:48:29.092,6637.9371,331728,50.534,-16.537,19.79,-5.472,0.0972,0.0081,-1.103,0.02078,-0.11804,0.00373,1.0107,-0.0127,-0.0107,-0.05849,0.01279,-0.02531,0.21443,0.1156,-0.96955,0.02493,0.70384,-0.01221,-0.71024,-0.00393,50.25,52.87,0.02,0.0719
20:48:29.106,6637.9571,331729,50.499,-16.427,19.816,-5.482,0.0969,0.0037,-1.0964,0.02065,-0.11804,0.0036,1.0078,-0.0159,-0.0149,-0.05809,0.01252,-0.02451,0.21405,0.1156,-0.96964,0.02486,0.70318,-0.01271,-0.71089,-0.00344,50.24,52.88,0.02,0.074
20:48:29.136,6637.9771,331730,50.453,-16.612,19.841,-5.491,0.094,0.0042,-1.1008,0.02358,-0.12044,0.00373,1.0088,-0.01,-0.0122,-0.05756,0.01332,-0.02558,0.21363,0.11561,-0.96973,0.02481,0.70286,-0.01179,-0.71122,-0.00437,50.25,52.86,0.02,0.0733
20:48:29.152,6637.9971,331731,50.425,-16.823,19.867,-5.5,0.0952,0.0015,-1.1042,0.02225,-0.12111,0.00346,1.0059,-0.0093,-0.0122,-0.05875,0.01306,-0.02545,0.21322,0.11562,-0.96982,0.02475,0.70268,-0.01076,-0.71141,-0.00542,50.25,52.86,0.02,0.0755
20:48:29.166,6638.0171,331732,50.567,-16.692,19.892,-5.51,0.0945,0.0085,-1.1077,0.02105,-0.11711,0.00306,1.0088,-0.0129,-0.0103,-0.05782,0.01239,-0.02558,0.21284,0.11564,-0.96991,0.02468,0.70306,-0.01164,-0.71103,-0.00452,50.24,52.88,0.02,0.0733
20:48:29.196,6638.0371,331733,50.736,-16.71,19.918,-5.519,0.094,0.0046,-1.1013,0.02345,-0.11991,0.0044,1.0073,-0.0105,-0.01,-0.05836,0.01292,-0.02558,0.21244,0.11564,-0.97,0.02464,0.70379,-0.01187,-0.7103,-0.00428,50.25,52.88,0.02,0.0744
20:48:29.211,6638.0571,331734,50.656,-16.763,19.943,-5.528,0.0957,0.0078,-1.0994,0.02265,-0.11964,0.00293,1.0081,-0.0105,-0.0098,-0.05915,0.01239,-0.02558,0.21205,0.11565,-0.97008,0.02459,0.70309,-0.01151,-0.71099,-0.00465,50.25,52.89,0.02,0.0738
20:48:29.227,6638.0771,331735,50.633,-16.644,19.969,-5.537,0.0928,0.0081,-1.0994,0.02345,-0.12071,0.0036,1.0085,-0.012,-0.0139,-0.05836,0.01319,-0.02505,0.21164,0.11566,-0.97017,0.02454,0.70247,-0.01209,-0.71159,-0.00407,50.24,52.88,0.02,0.0735
20:48:29.257,6638.0971,331736,50.752,-16.484,19.994,-5.546,0.0942,0.0085,-1.1084,0.02318,-0.11884,0.00293,1.009,-0.0137,-0.0127,-0.05796,0.01306,-0.02545,0.21125,0.11568,-0.97025,0.02448,0.70267,-0.01308,-0.71139,-0.00306,50.25,52.87,0.02,0.0731
20:48:29.271,6638.1171,331737,50.884,-16.615,20.02,-5.556,0.0955,0.0071,-1.1038,0.02252,-0.11804,0.00333,1.009,-0.0127,-0.01,-0.05809,0.01239,-0.02598,0.21087,0.11569,-0.97034,0.02443,0.70335,-0.01269,-0.71072,-0.00345,50.26,52.88,0.02,0.0732
20:48:29.288,6638.1371,331738,50.862,-16.821,20.045,-5.565,0.0933,0.0037,-1.0981,0.02372,-0.12084,0.00293,1.0122,-0.0098,-0.0112,-0.05862,0.01319,-0.02611,0.21045,0.11571,-0.97043,0.02439,0.7032,-0.01172,-0.71088,-0.00443,50.24,52.88,0.02,0.0708
20:48:29.318,6638.1571,331739,50.886,-16.656,20.071,-5.574,0.0977,0.0022,-1.1033,0.02265,-0.12004,0.00293,1.0095,-0.0127,-0.0122,-0.05836,0.01266,-0.02558,0.21005,0.11572,-0.97051,0.02433,0.7028,-0.01259,-0.71126,-0.00356,50.26,52.89,0.02,0.0728
20:48:29.332,6638.1771,331740,50.809,-16.677,20.096,-5.583,0.0977,0.0024,-1.1064,0.02225,-0.11858,0.00266,1.0088,-0.012,-0.0149,-0.05809,0.01292,-0.02491,0.20966,0.11573,-0.9706,0.02429,0.70208,-0.0124,-0.71198,-0.00376,50.25,52.87,0.02,0.0733
20:48:29.346,6638.1971,331741,50.915,-16.857,20.122,-5.593,0.0969,0.0039,-1.1047,0.02385,-0.12084,0.00346,1.0088,-0.0078,-0.0103,-0.05875,0.01292,-0.02518,0.20924,0.11575,-0.97069,0.02424,0.70266,-0.01176,-0.71142,-0.0044,50.24,52.88,0.02,0.0733
20:48:29.377,6638.2171,331742,50.925,-16.704,20.147,-5.602,0.0945,0.0063,-1.1033,0.02345,-0.11991,0.00333,1.0117,-0.0134,-0.0144,-0.05889,0.01239,-0.02505,0.20886,0.11576,-0.97077,0.02419,0.70221,-0.01254,-0.71185,-0.00362,50.24,52.87,0.02,0.0711
20:48:29.392,6638.2371,331743,51.046,-16.865,20.173,-5.611,0.094,0.0085,-1.1084,0.02305,-0.11858,0.00333,1.0054,-0.0112,-0.0122,-0.05849,0.01319,-0.02478,0.20847,0.11577,-0.97085,0.02414,0.70287,-0.012,-0.71121,-0.00415,50.26,52.89,0.02,0.0758
20:48:29.406,6638.2571,331744,51.216,-16.854,20.198,-5.62,0.093,0.0076,-1.1023,0.02465,-0.12124,0.00293,1.0088,-0.0139,-0.0071,-0.05836,0.01346,-0.02571,0.20805,0.11579,-0.97094,0.0241,0.70355,-0.01238,-0.71052,-0.00376,50.25,52.87,0.02,0.0733
20:48:29.437,6638.2771,331745,51.167,-17.042,20.224,-5.63,0.0984,0.0029,-1.1047,0.02278,-0.11818,0.00293,1.0088,-0.0103,-0.0107,-0.05796,0.01279,-0.02571,0.20767,0.1158,-0.97102,0.02405,0.70324,-0.01145,-0.71085,-0.00471,50.22,52.87,0.02,0.0733
20:48:29.452,6638.2971,331746,51.305,-16.911,20.249,-5.639,0.095,0.0059,-1.1084,0.02252,-0.11924,0.0036,1.0117,-0.0127,-0.0098,-0.05836,0.01199,-0.02518,0.20728,0.11581,-0.97111,0.024,0.70358,-0.01233,-0.7105,-0.00382,50.23,52.87,0.02,0.0711
20:48:29.466,6638.3171,331747,51.265,-16.812,20.275,-5.648,0.0955,0.0059,-1.1013,0.02292,-0.11871,0.0024,1.0093,-0.0139,-0.0129,-0.05796,0.01212,-0.02531,0.20689,0.11582,-0.97119,0.02395,0.70292,-0.01276,-0.71115,-0.00338,50.24,52.87,0.02,0.0729
20:48:29.497,6638.3371,331748,51.19,-16.856,20.3,-5.657,0.0947,0.0037,-1.1013,0.02318,-0.11844,0.00226,1.012,-0.0125,-0.0137,-0.05756,0.01306,-0.02651,0.20651,0.11583,-0.97127,0.0239,0.70223,-0.01247,-0.71183,-0.00369,50.25,52.88,0.02,0.0709
20:48:29.512,6638.3571,331749,51.151,-17.045,20.325,-5.667,0.0933,0.001,-1.1062,0.02265,-0.11951,0.0024,1.0134,-0.0098,-0.0146,-0.05849,0.01239,-0.02545,0.20612,0.11584,-0.97135,0.02385,0.70198,-0.01156,-0.71209,-0.00461,50.25,52.89,0.02,0.0698
20:48:29.528,6638.3771,331750,51.316,-17.024,20.351,-5.676,0.0979,0.0039,-1.1062,0.02265,-0.11684,0.004,1.0103,-0.0122,-0.0107,-0.05849,0.01172,-0.02518,0.20573,0.11586,-0.97143,0.02381,0.70265,-0.01196,-0.71143,-0.0042,50.25,52.88,0.02,0.0722
20:48:29.557,6638.3971,331751,51.451,-17.156,20.376,-5.685,0.0977,0.0063,-1.1018,0.02212,-0.11831,0.00333,1.0081,-0.0107,-0.0122,-0.05822,0.01279,-0.02558,0.20535,0.11587,-0.97152,0.02375,0.70334,-0.0116,-0.71074,-0.00456,50.24,52.88,0.02,0.0738
20:48:29.571,6638.4171,331752,51.585,-17.284,20.402,-5.695,0.093,0.0051,-1.1035,0.02292,-0.12084,0.00306,1.0125,-0.0078,-0.0063,-0.05756,0.01332,-0.02558,0.20493,0.11588,-0.9716,0.0237,0.70401,-0.01126,-0.71008,-0.00489,50.24,52.86,0.02,0.0706
20:48:29.586,6638.4371,331753,51.525,-17.23,20.427,-5.704,0.1003,0.0029,-1.0999,0.02292,-0.12004,0.00346,1.0073,-0.0105,-0.0149,-0.05796,0.01252,-0.02531,0.20453,0.11589,-0.97169,0.02365,0.70327,-0.01146,-0.71081,-0.00471,50.24,52.88,0.02,0.0744
20:48:29.618,6638.4571,331754,51.605,-17.037,20.453,-5.713,0.0957,0.0081,-1.0989,0.02145,-0.11618,0.004,1.0068,-0.0115,-0.011,-0.05875,0.01226,-0.02531,0.20416,0.1159,-0.97177,0.02359,0.7032,-0.0125,-0.71088,-0.00365,50.25,52.87,0.02,0.0748
20:48:29.646,6638.4771,331755,51.773,-17.051,20.478,-5.723,0.0967,0.0056,-1.1125,0.02332,-0.11977,0.00346,1.0068,-0.0134,-0.0085,-0.05875,0.01319,-0.02651,0.20377,0.11591,-0.97185,0.02354,0.70393,-0.01275,-0.71015,-0.00339,50.23,52.88,0.02,0.0748
20:48:29.648,6638.4971,331756,51.703,-17.034,20.504,-5.732,0.0923,0.0029,-1.1003,0.02225,-0.11671,0.00373,1.01,-0.0132,-0.0122,-0.05849,0.01292,-0.02585,0.20338,0.11592,-0.97193,0.02349,0.7032,-0.01275,-0.71087,-0.0034,50.24,52.87,0.02,0.0724
20:48:29.676,6638.5171,331757,51.63,-17.118,20.529,-5.741,0.0952,0.0071,-1.105,0.02265,-0.12057,0.00266,1.0112,-0.012,-0.0127,-0.05769,0.01266,-0.02585,0.20297,0.11594,-0.97201,0.02343,0.70257,-0.01227,-0.7115,-0.00389,50.24,52.88,0.02,0.0715
20:48:29.692,6638.5371,331758,51.751,-16.951,20.554,-5.75,0.0916,0.0076,-1.1018,0.02265,-0.11698,0.00453,1.0076,-0.0137,-0.0125,-0.05782,0.01279,-0.02531,0.20259,0.11595,-0.97209,0.02338,0.70277,-0.01327,-0.71129,-0.00287,50.23,52.88,0.02,0.0742
20:48:29.721,6638.5571,331759,51.671,-17.062,20.58,-5.76,0.0947,0.0032,-1.1064,0.02358,-0.11964,0.00413,1.0068,-0.012,-0.0149,-0.05756,0.01279,-0.02545,0.2022,0.11596,-0.97218,0.02333,0.70216,-0.01267,-0.7119,-0.0035,50.22,52.88,0.02,0.0748
20:48:29.737,6638.5771,331760,51.797,-17.22,20.605,-5.769,0.0986,0.0066,-1.1079,0.02332,-0.12004,0.00453,1.0076,-0.01,-0.01,-0.05889,0.01279,-0.02505,0.20179,0.11596,-0.97226,0.02328,0.70282,-0.01218,-0.71125,-0.00398,50.26,52.88,0.02,0.0742
20:48:29.752,6638.5971,331761,51.906,-17.036,20.63,-5.778,0.0959,0.0073,-1.1047,0.02478,-0.11844,0.00346,1.0051,-0.0129,-0.012,-0.05836,0.01292,-0.02558,0.2014,0.11597,-0.97234,0.02323,0.70292,-0.01324,-0.71114,-0.00291,50.24,52.89,0.02,0.0761
20:48:29.796,6638.6171,331762,51.951,-17.269,20.656,-5.787,0.0979,0.0022,-1.1067,0.02252,-0.12004,0.00386,1.0076,-0.0117,-0.011,-0.05862,0.01239,-0.02585,0.201,0.11598,-0.97243,0.02318,0.70321,-0.01228,-0.71087,-0.00388,50.23,52.87,0.02,0.0742
20:48:29.798,6638.6371,331763,52.059,-17.448,20.681,-5.797,0.0947,0.0051,-1.1079,0.02451,-0.12217,0.00266,1.0122,-0.0093,-0.0085,-0.05849,0.01359,-0.02691,0.20057,0.116,-0.97251,0.02313,0.70379,-0.01169,-0.7103,-0.00446,50.25,52.88,0.02,0.0708
20:48:29.828,6638.6571,331764,52.055,-17.294,20.707,-5.806,0.0952,0.0049,-1.1033,0.02185,-0.11698,0.0036,1.0076,-0.0137,-0.012,-0.05902,0.01226,-0.02531,0.20018,0.11601,-0.97259,0.02308,0.70325,-0.01242,-0.71082,-0.00373,50.25,52.89,0.02,0.0742
20:48:29.831,6638.6771,331765,52.153,-17.489,20.732,-5.815,0.0933,0.0073,-1.105,0.02332,-0.11964,0.00373,1.0068,-0.0115,-0.0103,-0.05889,0.01226,-0.02571,0.19979,0.11602,-0.97267,0.02303,0.70382,-0.01173,-0.71027,-0.00443,50.24,52.87,0.02,0.0748
20:48:29.858,6638.6971,331766,52.312,-17.489,20.758,-5.825,0.0891,0.0117,-1.1248,0.02212,-0.12084,0.004,1.0178,-0.0107,-0.0088,-0.05809,0.01306,-0.02518,0.19938,0.11603,-0.97276,0.02297,0.70445,-0.01202,-0.70964,-0.00412,50.23,52.88,0.02,0.0666
20:48:29.872,6638.7171,331767,52.273,-17.438,20.783,-5.834,0.0916,0.0051,-1.0984,0.02185,-0.12151,0.00306,1.0222,-0.0161,-0.0237,-0.05836,0.01239,-0.02478,0.19896,0.11604,-0.97284,0.0229,0.70383,-0.01222,-0.71025,-0.00393,50.25,52.87,0.02,0.063
20:48:29.933,6638.7371,331768,52.256,-17.658,20.808,-5.844,0.0986,0.0071,-1.1006,0.02438,-0.11631,0.00493,1.0129,-0.0046,-0.0098,-0.05902,0.01239,-0.02558,0.19859,0.11604,-0.97292,0.02287,0.70376,-0.01123,-0.71033,-0.00493,50.26,52.88,0.02,0.0703
20:48:29.934,6638.7571,331769,52.385,-17.486,20.834,-5.853,0.0974,0.0042,-1.1069,0.02198,-0.12337,0.0028,1.0056,-0.0151,-0.0083,-0.05889,0.01226,-0.02398,0.19815,0.11606,-0.97301,0.0228,0.70396,-0.01226,-0.71012,-0.00389,50.24,52.88,0.02,0.0757
20:48:29.935,6638.7771,331770,52.327,-17.412,20.859,-5.863,0.0967,0.0017,-1.1143,0.02158,-0.11058,0.004,1.0125,-0.0127,-0.0112,-0.05796,0.01132,-0.02465,0.19784,0.11606,-0.97307,0.02275,0.70327,-0.01252,-0.7108,-0.00363,50.26,52.88,0.02,0.0705
20:48:29.947,6638.7971,331771,52.423,-17.628,20.885,-5.872,0.0906,0.0056,-1.1035,0.02265,-0.12657,0.00346,1.0061,-0.012,-0.0105,-0.05836,0.01226,-0.02451,0.19737,0.11607,-0.97317,0.02269,0.70379,-0.01175,-0.71029,-0.00441,50.25,52.88,0.02,0.0753
20:48:29.977,6638.8171,331772,52.337,-17.664,20.91,-5.882,0.094,0.0051,-1.1086,0.02078,-0.11072,0.0032,1.01,-0.0081,-0.0144,-0.05822,0.01079,-0.02518,0.19705,0.11608,-0.97323,0.02263,0.7031,-0.01145,-0.71098,-0.00472,50.25,52.87,0.02,0.0724
20:48:29.993,6638.8371,331773,52.468,-17.814,20.935,-5.891,0.0918,0.0022,-1.1025,0.02212,-0.12444,0.0048,1.0117,-0.0083,-0.0095,-0.05822,0.01199,-0.02505,0.1966,0.11608,-0.97333,0.02257,0.70375,-0.01103,-0.71034,-0.00514,50.24,52.87,0.02,0.0712
20:48:30.021,6638.8571,331774,52.512,-17.622,20.961,-5.901,0.0947,0.0066,-1.1064,0.02238,-0.11551,0.00253,1.0078,-0.0166,-0.012,-0.05796,0.01226,-0.02478,0.19624,0.1161,-0.9734,0.02251,0.70346,-0.01199,-0.71062,-0.00417,50.23,52.88,0.02,0.074
20:48:30.037,6638.8771,331775,52.449,-17.573,20.986,-5.91,0.0986,0.0012,-1.1021,0.02305,-0.11911,0.00333,1.0088,-0.0115,-0.0127,-0.05796,0.01252,-0.02571,0.19585,0.11611,-0.97348,0.02246,0.70274,-0.01214,-0.71134,-0.00402,50.22,52.88,0.02,0.0733
20:48:30.052,6638.8971,331776,52.521,-17.802,21.011,-5.919,0.0945,0.0063,-1.1069,0.02252,-0.12031,0.00306,1.0051,-0.0107,-0.012,-0.05782,0.01306,-0.02491,0.19544,0.11612,-0.97356,0.02241,0.70318,-0.01127,-0.71091,-0.0049,50.24,52.87,0.02,0.0761
20:48:30.066,6638.9171,331777,52.681,-17.834,21.037,-5.929,0.0959,0.0012,-1.1079,0.02238,-0.11711,0.00306,1.012,-0.0098,-0.0081,-0.05836,0.01252,-0.02545,0.19505,0.11613,-0.97364,0.02236,0.70388,-0.01144,-0.71021,-0.00472,50.23,52.89,0.02,0.0709
20:48:30.098,6638.9371,331778,52.671,-17.69,21.062,-5.938,0.0918,0.01,-1.0967,0.02278,-0.11871,0.00373,1.0107,-0.0134,-0.0125,-0.05849,0.01212,-0.02531,0.19467,0.11614,-0.97371,0.02231,0.70333,-0.01209,-0.71075,-0.00407,50.25,52.88,0.02,0.0719
20:48:30.111,6638.9571,331779,52.622,-17.593,21.087,-5.948,0.0962,0.0,-1.1052,0.02292,-0.11804,0.00426,1.0044,-0.0127,-0.0134,-0.05836,0.01292,-0.02611,0.19428,0.11615,-0.97379,0.02226,0.70261,-0.01248,-0.71146,-0.00369,50.24,52.88,0.02,0.0766
20:48:30.141,6638.9771,331780,52.789,-17.6,21.113,-5.957,0.0913,0.0066,-1.1028,0.02212,-0.12071,0.00306,1.0107,-0.0137,-0.0098,-0.05875,0.01292,-0.02558,0.19386,0.11616,-0.97387,0.0222,0.7033,-0.01276,-0.71077,-0.0034,50.23,52.87,0.02,0.0719
20:48:30.157,6638.9971,331781,52.711,-17.596,21.138,-5.966,0.0964,0.0037,-1.1008,0.02172,-0.11538,0.00346,1.0076,-0.0127,-0.0144,-0.05889,0.01199,-0.02531,0.1935,0.11617,-0.97395,0.02214,0.70256,-0.01267,-0.71151,-0.0035,50.24,52.88,0.02,0.0742
20:48:30.172,6639.0171,331782,52.875,-17.558,21.163,-5.976,0.0952,0.0046,-1.1038,0.02278,-0.12124,0.00266,1.0137,-0.0142,-0.0115,-0.05796,0.01226,-0.02505,0.19308,0.11619,-0.97403,0.02209,0.70317,-0.01314,-0.7109,-0.00301,50.25,52.87,0.02,0.0696
20:48:30.186,6639.0371,331783,52.999,-17.714,21.189,-5.985,0.0913,0.002,-1.1042,0.02078,-0.11711,0.00373,1.0073,-0.0117,-0.0073,-0.05889,0.01239,-0.02411,0.19271,0.11619,-0.9741,0.02202,0.70384,-0.01268,-0.71024,-0.00347,50.25,52.87,0.02,0.0745
20:48:30.216,6639.0571,331784,52.956,-17.614,21.214,-5.994,0.0977,0.0039,-1.103,0.01985,-0.11791,0.0048,1.0088,-0.0166,-0.0159,-0.05902,0.01199,-0.02478,0.19232,0.11619,-0.97418,0.02194,0.70315,-0.01306,-0.71091,-0.00309,50.24,52.88,0.02,0.0732
20:48:30.232,6639.0771,331785,52.919,-17.834,21.239,-6.004,0.0969,0.0044,-1.1052,0.02212,-0.11938,0.00333,1.0076,-0.009,-0.0122,-0.05822,0.01279,-0.02518,0.19194,0.1162,-0.97426,0.02189,0.70295,-0.01206,-0.71112,-0.00411,50.25,52.88,0.02,0.0742
20:48:30.262,6639.0971,331786,52.977,-17.64,21.264,-6.013,0.0962,0.0039,-1.103,0.02332,-0.11951,0.0032,1.0085,-0.0176,-0.0132,-0.05849,0.01306,-0.02611,0.19155,0.11621,-0.97433,0.02185,0.70274,-0.01305,-0.71132,-0.00311,50.24,52.88,0.02,0.0734
20:48:30.277,6639.1171,331787,52.935,-17.86,21.29,-6.022,0.0918,0.0037,-1.1091,0.02292,-0.11871,0.0028,1.0059,-0.0081,-0.0137,-0.05875,0.01252,-0.02545,0.19116,0.11622,-0.97441,0.0218,0.7025,-0.01204,-0.71157,-0.00413,50.23,52.87,0.02,0.0755
20:48:30.291,6639.1371,331788,52.9,-17.762,21.315,-6.032,0.0945,0.0049,-1.1052,0.02385,-0.12097,0.00293,1.0105,-0.0127,-0.0156,-0.05915,0.01252,-0.02625,0.19074,0.11623,-0.97449,0.02175,0.70184,-0.01245,-0.71222,-0.00372,50.24,52.87,0.02,0.072
20:48:30.308,6639.1571,331789,53.056,-17.845,21.34,-6.041,0.0935,0.009,-1.103,0.02345,-0.11898,0.00293,1.0066,-0.0117,-0.0078,-0.05849,0.01306,-0.02598,0.19035,0.11625,-0.97457,0.0217,0.70259,-0.01238,-0.71147,-0.00378,50.25,52.87,0.02,0.075
20:48:30.337,6639.1771,331790,53.191,-17.995,21.365,-6.05,0.0923,0.0051,-1.1038,0.02411,-0.12031,0.0032,1.0068,-0.01,-0.0088,-0.05796,0.01386,-0.02611,0.18994,0.11626,-0.97465,0.02166,0.7033,-0.012,-0.71078,-0.00416,50.25,52.88,0.02,0.0748
20:48:30.351,6639.1971,331791,53.336,-17.864,21.39,-6.06,0.0977,0.0073,-1.0981,0.02438,-0.11898,0.0036,1.0105,-0.0168,-0.0083,-0.05836,0.01319,-0.02625,0.18955,0.11627,-0.97472,0.02161,0.70368,-0.01285,-0.71039,-0.00329,50.25,52.86,0.02,0.072
20:48:30.396,6639.2171,331792,53.352,-18.115,21.416,-6.069,0.0925,0.0042,-1.1003,0.02278,-0.11898,0.00333,1.0068,-0.0122,-0.0095,-0.05769,0.01346,-0.02598,0.18917,0.11628,-0.9748,0.02156,0.70384,-0.01182,-0.71025,-0.00433,50.24,52.85,0.02,0.0748
20:48:30.397,6639.2371,331793,53.303,-18.042,21.441,-6.079,0.093,0.0056,-1.1106,0.02372,-0.12044,0.00466,1.0098,-0.0117,-0.0122,-0.05756,0.01359,-0.02598,0.18875,0.11628,-0.97488,0.02151,0.70314,-0.0121,-0.71094,-0.00406,50.24,52.87,0.02,0.0725
20:48:30.411,6639.2571,331794,53.367,-17.85,21.466,-6.088,0.0974,0.0054,-1.1074,0.02345,-0.11858,0.00386,1.0112,-0.0125,-0.0115,-0.05782,0.01332,-0.02585,0.18837,0.11629,-0.97495,0.02146,0.70296,-0.01307,-0.7111,-0.00308,50.23,52.86,0.02,0.0715
20:48:30.442,6639.2771,331795,53.507,-17.986,21.491,-6.098,0.0928,0.0044,-1.1038,0.02265,-0.12057,0.00373,1.0085,-0.0127,-0.0085,-0.05822,0.01292,-0.02598,0.18795,0.1163,-0.97503,0.02141,0.70367,-0.01276,-0.71041,-0.00339,50.25,52.86,0.02,0.0735
20:48:30.457,6639.2971,331796,53.437,-17.976,21.517,-6.107,0.0933,0.0083,-1.1094,0.02411,-0.11964,0.00333,1.0095,-0.0132,-0.0107,-0.05809,0.01292,-0.02638,0.18755,0.11632,-0.97511,0.02136,0.70294,-0.01272,-0.71113,-0.00344,50.24,52.87,0.02,0.0728
20:48:30.472,6639.3171,331797,53.358,-18.005,21.542,-6.116,0.0964,0.0059,-1.1011,0.02372,-0.11964,0.00333,1.0085,-0.012,-0.0151,-0.05875,0.01279,-0.02585,0.18716,0.11633,-0.97518,0.02131,0.70221,-0.01249,-0.71185,-0.00368,50.24,52.87,0.02,0.0735
20:48:30.501,6639.3371,331798,53.509,-18.09,21.567,-6.126,0.0967,0.0049,-1.0996,0.02238,-0.11858,0.00306,1.0107,-0.0122,-0.0112,-0.05889,0.01306,-0.02571,0.18677,0.11634,-0.97526,0.02126,0.70294,-0.01241,-0.71113,-0.00375,50.25,52.87,0.02,0.0719
20:48:30.518,6639.3571,331799,53.452,-18.288,21.592,-6.135,0.0967,0.0012,-1.1021,0.02425,-0.11898,0.0032,1.0076,-0.0085,-0.0132,-0.05809,0.01386,-0.02598,0.18638,0.11634,-0.97533,0.02122,0.70258,-0.0115,-0.71149,-0.00468,50.25,52.87,0.02,0.0742
20:48:30.531,6639.3771,331800,53.541,-18.091,21.617,-6.145,0.0964,0.0044,-1.1047,0.02345,-0.12057,0.0032,1.0073,-0.0166,-0.0132,-0.05875,0.01319,-0.02545,0.18597,0.11636,-0.97541,0.02117,0.70253,-0.01254,-0.71153,-0.00362,50.23,52.87,0.02,0.0744
20:48:30.562,6639.3971,331801,53.482,-18.054,21.642,-6.154,0.0925,0.001,-1.1072,0.02385,-0.11924,0.00373,1.0142,-0.0132,-0.0176,-0.05875,0.01346,-0.02585,0.18558,0.11637,-0.97549,0.02113,0.70184,-0.01264,-0.71222,-0.00353,50.25,52.87,0.02,0.0692
20:48:30.577,6639.4171,331802,53.612,-18.215,21.667,-6.164,0.0911,0.0037,-1.1072,0.02318,-0.12044,0.00306,1.0068,-0.0105,-0.0112,-0.05915,0.01306,-0.02531,0.18517,0.11638,-0.97556,0.02108,0.70253,-0.0122,-0.71154,-0.00396,50.24,52.88,0.02,0.0748
20:48:30.591,6639.4371,331803,53.775,-18.215,21.693,-6.173,0.0947,0.0049,-1.1133,0.02145,-0.11778,0.00346,1.012,-0.0139,-0.0085,-0.05782,0.01306,-0.02491,0.18478,0.11639,-0.97564,0.02103,0.7032,-0.01252,-0.71087,-0.00363,50.23,52.88,0.02,0.0709
20:48:30.636,6639.4571,331804,53.781,-18.458,21.718,-6.183,0.0955,0.0044,-1.1023,0.02318,-0.11911,0.0048,1.0117,-0.0112,-0.011,-0.05822,0.01279,-0.02531,0.18439,0.1164,-0.97571,0.02098,0.70328,-0.01153,-0.7108,-0.00464,50.26,52.88,0.02,0.0711
20:48:30.637,6639.4771,331805,53.937,-18.53,21.743,-6.192,0.0916,0.0017,-1.1067,0.02425,-0.12071,0.00373,1.012,-0.0098,-0.0095,-0.05822,0.01346,-0.02531,0.18397,0.11641,-0.97579,0.02094,0.70399,-0.01155,-0.7101,-0.00461,50.24,52.88,0.02,0.0709
20:48:30.666,6639.4971,331806,54.0,-18.326,21.768,-6.202,0.0945,0.0015,-1.1018,0.02265,-0.11764,0.00386,1.0068,-0.0132,-0.0095,-0.05849,0.01279,-0.02571,0.18358,0.11642,-0.97586,0.0209,0.70379,-0.01256,-0.71029,-0.00359,50.25,52.87,0.02,0.0748
20:48:30.667,6639.5171,331807,53.936,-18.298,21.793,-6.211,0.0952,0.0037,-1.1067,0.02332,-0.12071,0.0024,1.0098,-0.0129,-0.0137,-0.05782,0.01279,-0.02545,0.18317,0.11644,-0.97594,0.02085,0.70306,-0.01261,-0.71101,-0.00355,50.23,52.87,0.02,0.0725
20:48:30.741,6639.5371,331808,54.018,-18.518,21.819,-6.221,0.0964,0.0017,-1.1047,0.02225,-0.11938,0.00306,1.0093,-0.0103,-0.0098,-0.05809,0.01279,-0.02518,0.18278,0.11645,-0.97601,0.0208,0.70357,-0.01186,-0.71052,-0.00431,50.24,52.86,0.02,0.0729
20:48:30.743,6639.5571,331809,54.045,-18.325,21.844,-6.23,0.1003,0.0039,-1.1018,0.02158,-0.11698,0.00413,1.0066,-0.0166,-0.0127,-0.05796,0.01319,-0.02598,0.18239,0.11646,-0.97608,0.02075,0.70317,-0.01275,-0.7109,-0.0034,50.24,52.87,0.02,0.0749
20:48:30.746,6639.5771,331810,54.169,-18.495,21.869,-6.24,0.0889,0.0059,-1.1042,0.02265,-0.12111,0.004,1.009,-0.0098,-0.0063,-0.05862,0.01292,-0.02545,0.18197,0.11647,-0.97616,0.0207,0.70382,-0.01229,-0.71026,-0.00387,50.22,52.86,0.02,0.0732
20:48:30.747,6639.5971,331811,54.177,-18.323,21.894,-6.249,0.0942,0.0046,-1.1033,0.02358,-0.12004,0.00293,1.0078,-0.0156,-0.0117,-0.05929,0.01346,-0.02505,0.18156,0.11648,-0.97624,0.02065,0.70333,-0.01306,-0.71074,-0.00309,50.25,52.88,0.02,0.074
20:48:30.772,6639.6171,331812,54.114,-18.516,21.919,-6.259,0.095,0.0007,-1.1011,0.02198,-0.11844,0.0028,1.0068,-0.0095,-0.0127,-0.05756,0.01279,-0.02505,0.18117,0.11649,-0.97631,0.02061,0.70293,-0.01217,-0.71114,-0.00399,50.25,52.88,0.02,0.0748
20:48:30.786,6639.6371,331813,54.157,-18.322,21.944,-6.268,0.0947,0.01,-1.103,0.02358,-0.11938,0.00333,1.0105,-0.0146,-0.0129,-0.05836,0.01292,-0.02518,0.18079,0.1165,-0.97638,0.02055,0.70262,-0.01309,-0.71144,-0.00307,50.24,52.87,0.02,0.072
20:48:30.816,6639.6571,331814,54.091,-18.506,21.97,-6.278,0.092,0.0044,-1.1021,0.02372,-0.11818,0.00373,1.0068,-0.0127,-0.0134,-0.05782,0.01266,-0.02491,0.1804,0.11651,-0.97645,0.0205,0.7022,-0.01223,-0.71187,-0.00395,50.24,52.87,0.02,0.0748
20:48:30.861,6639.6771,331815,54.246,-18.571,21.995,-6.287,0.095,0.0056,-1.1099,0.02172,-0.11938,0.0036,1.0112,-0.012,-0.0093,-0.05809,0.01199,-0.02571,0.18001,0.11652,-0.97653,0.02045,0.70291,-0.01227,-0.71116,-0.0039,50.26,52.87,0.02,0.0715
20:48:30.862,6639.6971,331816,54.402,-18.458,22.02,-6.297,0.092,0.0073,-1.1052,0.02292,-0.11938,0.00373,1.0093,-0.0142,-0.0105,-0.05836,0.01279,-0.02518,0.17962,0.11653,-0.9766,0.0204,0.70339,-0.01305,-0.71068,-0.00311,50.24,52.88,0.02,0.0729
20:48:30.864,6639.7171,331817,54.322,-18.485,22.045,-6.306,0.095,0.0049,-1.1099,0.02265,-0.11724,0.00426,1.0078,-0.0122,-0.0161,-0.05836,0.01266,-0.02518,0.17923,0.11654,-0.97667,0.02035,0.70266,-0.01282,-0.7114,-0.00335,50.25,52.87,0.02,0.074
20:48:30.892,6639.7371,331818,54.309,-18.725,22.07,-6.316,0.094,0.0059,-1.1033,0.02265,-0.11884,0.004,1.0122,-0.0122,-0.0127,-0.05849,0.01252,-0.02545,0.17884,0.11655,-0.97674,0.0203,0.70263,-0.01183,-0.71144,-0.00435,50.24,52.87,0.02,0.0707
20:48:30.907,6639.7571,331819,54.413,-18.924,22.095,-6.326,0.0925,0.0046,-1.1094,0.02305,-0.12017,0.00373,1.0103,-0.0098,-0.012,-0.05889,0.01292,-0.02531,0.17843,0.11656,-0.97681,0.02025,0.70321,-0.01122,-0.71087,-0.00496,50.25,52.88,0.02,0.0722
20:48:30.938,6639.7771,331820,54.448,-18.734,22.12,-6.335,0.094,0.0042,-1.1003,0.02238,-0.11871,0.00426,1.0105,-0.0112,-0.012,-0.05849,0.01252,-0.02598,0.17804,0.11657,-0.97689,0.0202,0.70286,-0.01211,-0.71121,-0.00407,50.25,52.88,0.02,0.072
20:48:30.966,6639.7971,331821,54.62,-18.73,22.145,-6.345,0.0935,0.0051,-1.1094,0.02332,-0.12084,0.0036,1.0076,-0.0127,-0.0095,-0.05822,0.01306,-0.02571,0.17762,0.11658,-0.97696,0.02015,0.70356,-0.01247,-0.71052,-0.00369,50.24,52.87,0.02,0.0742
20:48:30.967,6639.8171,331822,54.545,-18.867,22.17,-6.355,0.0928,0.0042,-1.1011,0.02332,-0.11977,0.00306,1.0103,-0.011,-0.0112,-0.05862,0.01199,-0.02598,0.17724,0.11659,-0.97703,0.0201,0.70302,-0.0118,-0.71106,-0.00438,50.25,52.87,0.02,0.0722
20:48:30.997,6639.8371,331823,54.568,-18.676,22.195,-6.364,0.0911,0.0054,-1.1035,0.02305,-0.11791,0.00293,1.0076,-0.0117,-0.0122,-0.05822,0.01199,-0.02558,0.17685,0.1166,-0.9771,0.02005,0.7026,-0.01266,-0.71147,-0.00351,50.24,52.86,0.02,0.0742
20:48:31.012,6639.8571,331824,54.544,-18.55,22.22,-6.374,0.0979,0.0042,-1.1057,0.02398,-0.12031,0.00466,1.0107,-0.0134,-0.0134,-0.05809,0.01266,-0.02598,0.17643,0.1166,-0.97718,0.02001,0.70197,-0.01318,-0.71208,-0.00299,50.25,52.86,0.02,0.0718
20:48:31.027,6639.8771,331825,54.574,-18.817,22.245,-6.383,0.0959,0.001,-1.1089,0.02372,-0.12111,0.00346,1.0066,-0.0095,-0.0134,-0.05902,0.01359,-0.02558,0.17601,0.11661,-0.97725,0.01997,0.70221,-0.01218,-0.71186,-0.00401,50.26,52.87,0.02,0.0749
20:48:31.057,6639.8971,331826,54.711,-18.954,22.27,-6.393,0.0933,0.0066,-1.1113,0.02145,-0.12017,0.00466,1.0107,-0.0105,-0.0115,-0.05862,0.01332,-0.02505,0.1756,0.11661,-0.97733,0.0199,0.7029,-0.01188,-0.71118,-0.0043,50.25,52.88,0.02,0.0719
20:48:31.086,6639.9171,331827,54.788,-18.754,22.295,-6.402,0.0938,0.0042,-1.1062,0.02332,-0.11738,0.00373,1.011,-0.0127,-0.0122,-0.05782,0.01279,-0.02611,0.17521,0.11661,-0.9774,0.01985,0.70278,-0.01287,-0.71128,-0.0033,50.24,52.87,0.02,0.0716
20:48:31.087,6639.9371,331828,54.942,-18.866,22.32,-6.412,0.0974,0.0078,-1.0989,0.02385,-0.12004,0.00373,1.0049,-0.0132,-0.0107,-0.05875,0.01292,-0.02545,0.17481,0.11662,-0.97747,0.01981,0.70354,-0.01273,-0.71053,-0.00343,50.26,52.87,0.02,0.0762
20:48:31.116,6639.9571,331829,54.916,-19.119,22.346,-6.422,0.0913,0.0029,-1.1086,0.02358,-0.12071,0.00333,1.0071,-0.0071,-0.0107,-0.05782,0.01332,-0.02558,0.17439,0.11664,-0.97754,0.01976,0.70343,-0.01169,-0.71065,-0.00448,50.24,52.86,0.02,0.0746
20:48:31.133,6639.9771,331830,54.859,-19.031,22.371,-6.431,0.0911,0.0039,-1.1003,0.01985,-0.11378,0.00546,1.0085,-0.011,-0.0129,-0.05849,0.01186,-0.02478,0.17404,0.11662,-0.97761,0.01969,0.70272,-0.01194,-0.71136,-0.00424,50.26,52.87,0.02,0.0735
20:48:31.148,6639.9971,331831,54.954,-18.824,22.396,-6.441,0.0918,0.0059,-1.1057,0.02118,-0.11724,0.00386,1.0073,-0.0134,-0.0125,-0.05849,0.01212,-0.02558,0.17365,0.11663,-0.97768,0.01964,0.7027,-0.01299,-0.71137,-0.00318,50.24,52.89,0.02,0.0744
20:48:31.177,6640.0171,331832,54.964,-19.088,22.421,-6.451,0.0969,0.0061,-1.1055,0.02265,-0.11471,0.004,1.0066,-0.0107,-0.012,-0.05822,0.01159,-0.02518,0.1733,0.11663,-0.97774,0.01959,0.70286,-0.01196,-0.71122,-0.00422,50.25,52.89,0.02,0.075
20:48:31.206,6640.0371,331833,55.114,-19.184,22.446,-6.46,0.0916,0.0034,-1.1062,0.02278,-0.11871,0.00333,1.01,-0.0105,-0.0078,-0.05782,0.01306,-0.02585,0.17291,0.11664,-0.97781,0.01954,0.70358,-0.01187,-0.7105,-0.00429,50.25,52.88,0.02,0.0724
20:48:31.209,6640.0571,331834,55.203,-18.984,22.471,-6.47,0.0962,0.0029,-1.1077,0.02225,-0.11831,0.0036,1.0112,-0.0166,-0.0103,-0.05849,0.01266,-0.02505,0.17252,0.11665,-0.97788,0.0195,0.70354,-0.01288,-0.71053,-0.00328,50.25,52.87,0.02,0.0715
20:48:31.237,6640.0771,331835,55.12,-19.044,22.496,-6.48,0.092,0.0039,-1.1038,0.02265,-0.11804,0.00426,1.0073,-0.0127,-0.0117,-0.05902,0.01252,-0.02518,0.17213,0.11666,-0.97795,0.01945,0.70284,-0.01252,-0.71123,-0.00366,50.24,52.87,0.02,0.0744
20:48:31.253,6640.0971,331836,55.274,-18.937,22.521,-6.489,0.094,0.002,-1.1018,0.02238,-0.11764,0.00306,1.0115,-0.0144,-0.011,-0.05862,0.01292,-0.02558,0.17174,0.11667,-0.97802,0.0194,0.70331,-0.01326,-0.71075,-0.00289,50.24,52.87,0.02,0.0713
20:48:31.266,6640.1171,331837,55.358,-19.17,22.546,-6.499,0.0933,0.0056,-1.1035,0.02332,-0.11804,0.0028,1.0068,-0.009,-0.0068,-0.05836,0.01252,-0.02518,0.17135,0.11668,-0.97809,0.01935,0.70384,-0.01251,-0.71024,-0.00365,50.25,52.86,0.02,0.0749
20:48:31.297,6640.1371,331838,55.276,-19.301,22.571,-6.509,0.0962,0.0051,-1.105,0.02185,-0.11698,0.00293,1.0066,-0.0103,-0.0112,-0.05822,0.01252,-0.02518,0.17096,0.11669,-0.97815,0.0193,0.70325,-0.01186,-0.71083,-0.00431,50.24,52.87,0.02,0.075
20:48:31.343,6640.1571,331839,55.356,-19.529,22.596,-6.519,0.0896,0.0073,-1.1025,0.02332,-0.11858,0.0024,1.0105,-0.0085,-0.0095,-0.05822,0.01159,-0.02571,0.17057,0.1167,-0.97822,0.01925,0.70374,-0.01112,-0.71035,-0.00506,50.26,52.87,0.02,0.0721
20:48:31.346,6640.1771,331840,55.345,-19.374,22.621,-6.528,0.0955,0.0042,-1.1077,0.02318,-0.11751,0.00293,1.0098,-0.0149,-0.0154,-0.05782,0.01252,-0.02531,0.17018,0.11671,-0.97829,0.0192,0.70317,-0.01175,-0.71091,-0.00442,50.25,52.89,0.02,0.0725
20:48:31.347,6640.1971,331841,55.478,-19.531,22.646,-6.538,0.0964,0.0081,-1.1106,0.02318,-0.12017,0.00266,1.0085,-0.01,-0.0105,-0.05875,0.01346,-0.02585,0.16977,0.11673,-0.97836,0.01914,0.70387,-0.0114,-0.71022,-0.00476,50.24,52.89,0.02,0.0735
20:48:31.372,6640.2171,331842,55.46,-19.384,22.671,-6.548,0.0916,0.0005,-1.1047,0.02332,-0.11858,0.0032,1.0095,-0.0139,-0.0139,-0.05742,0.01212,-0.02598,0.16938,0.11673,-0.97843,0.0191,0.70327,-0.01199,-0.71081,-0.00418,50.22,52.87,0.02,0.0727
20:48:31.387,6640.2371,331843,55.43,-19.258,22.696,-6.558,0.0947,0.0063,-1.1069,0.02372,-0.11964,0.00386,1.0103,-0.0137,-0.0146,-0.05875,0.01319,-0.02545,0.16899,0.11674,-0.97849,0.01905,0.70262,-0.01246,-0.71144,-0.00371,50.27,52.88,0.02,0.0721
20:48:31.417,6640.2571,331844,55.591,-19.32,22.721,-6.568,0.0928,-0.0002,-1.1045,0.02305,-0.11818,0.00413,1.0076,-0.0129,-0.0085,-0.05849,0.01252,-0.02545,0.1686,0.11675,-0.97856,0.019,0.70337,-0.01255,-0.71071,-0.00361,50.26,52.88,0.02,0.0742
20:48:31.446,6640.2771,331845,55.513,-19.313,22.746,-6.577,0.0923,0.0029,-1.104,0.02265,-0.11924,0.00346,1.0051,-0.0125,-0.0112,-0.05836,0.01306,-0.02558,0.16821,0.11676,-0.97863,0.01896,0.7026,-0.01246,-0.71146,-0.00371,50.26,52.88,0.02,0.0761
20:48:31.447,6640.2971,331846,55.672,-19.381,22.771,-6.587,0.0913,0.0066,-1.1108,0.02252,-0.11858,0.00426,1.0083,-0.0127,-0.0088,-0.05782,0.01319,-0.02545,0.16782,0.11677,-0.97869,0.0189,0.70334,-0.01251,-0.71073,-0.00365,50.25,52.87,0.02,0.0737
20:48:31.477,6640.3171,331847,55.631,-19.626,22.796,-6.597,0.0942,0.0017,-1.1086,0.02318,-0.11871,0.00426,1.0068,-0.0095,-0.0112,-0.05836,0.01332,-0.02545,0.16743,0.11678,-0.97876,0.01886,0.70315,-0.0115,-0.71093,-0.00468,50.24,52.89,0.02,0.0748
20:48:31.492,6640.3371,331848,55.799,-19.552,22.821,-6.607,0.093,0.0046,-1.1069,0.02212,-0.11964,0.00253,1.0088,-0.0112,-0.0098,-0.05822,0.01279,-0.02505,0.16703,0.11679,-0.97883,0.0188,0.70373,-0.01213,-0.71035,-0.00403,50.24,52.87,0.02,0.0733
20:48:31.508,6640.3571,331849,55.718,-19.63,22.846,-6.616,0.0967,0.0063,-1.1038,0.02212,-0.11684,0.00293,1.01,-0.0085,-0.0139,-0.05875,0.01239,-0.02558,0.16664,0.1168,-0.9789,0.01875,0.70308,-0.0117,-0.711,-0.00447,50.24,52.87,0.02,0.0724
20:48:31.536,6640.3771,331850,55.653,-19.589,22.871,-6.626,0.0959,0.0059,-1.1113,0.02278,-0.11938,0.00333,1.0095,-0.0103,-0.0129,-0.05849,0.01279,-0.02558,0.16625,0.11681,-0.97896,0.0187,0.70235,-0.01177,-0.71173,-0.00441,50.24,52.89,0.02,0.0728
20:48:31.568,6640.3971,331851,55.664,-19.399,22.895,-6.636,0.0908,0.0061,-1.104,0.02265,-0.11791,0.00346,1.0073,-0.011,-0.0139,-0.05782,0.01292,-0.02518,0.16586,0.11682,-0.97903,0.01864,0.70186,-0.01256,-0.7122,-0.00361,50.25,52.89,0.02,0.0744
20:48:31.569,6640.4171,331852,55.83,-19.362,22.92,-6.646,0.0967,0.0007,-1.1116,0.02372,-0.11951,0.0032,1.0103,-0.0144,-0.0127,-0.05902,0.01319,-0.02518,0.16547,0.11683,-0.97909,0.0186,0.70249,-0.01305,-0.71157,-0.00311,50.25,52.86,0.02,0.0721
20:48:31.597,6640.4371,331853,55.986,-19.455,22.945,-6.655,0.094,0.0071,-1.105,0.02225,-0.11911,0.00253,1.0066,-0.0139,-0.0107,-0.05929,0.01279,-0.02545,0.16508,0.11684,-0.97916,0.01855,0.70325,-0.013,-0.71082,-0.00315,50.25,52.88,0.02,0.0749
20:48:31.612,6640.4571,331854,56.13,-19.598,22.97,-6.665,0.0933,0.0032,-1.1035,0.02318,-0.11991,0.00213,1.0054,-0.0132,-0.0088,-0.05822,0.01266,-0.02598,0.16467,0.11686,-0.97923,0.0185,0.70399,-0.01275,-0.71009,-0.00339,50.24,52.88,0.02,0.0759
20:48:31.626,6640.4771,331855,56.09,-19.835,22.995,-6.675,0.0935,0.0051,-1.1125,0.02332,-0.11977,0.0032,1.0107,-0.0051,-0.0105,-0.05862,0.01279,-0.02598,0.16428,0.11687,-0.97929,0.01845,0.70379,-0.01178,-0.7103,-0.00437,50.24,52.87,0.02,0.0719
20:48:31.687,6640.4971,331856,56.049,-19.746,23.02,-6.685,0.093,0.0015,-1.0999,0.02225,-0.11938,0.00386,1.0154,-0.0127,-0.0144,-0.05782,0.01279,-0.02451,0.16389,0.11688,-0.97936,0.0184,0.70313,-0.01208,-0.71094,-0.00408,50.25,52.88,0.02,0.0683
20:48:31.688,6640.5171,331857,56.182,-19.902,23.045,-6.695,0.0957,0.0029,-1.1062,0.02225,-0.11911,0.00346,1.0088,-0.0105,-0.0095,-0.05889,0.01212,-0.02505,0.1635,0.11689,-0.97942,0.01835,0.70383,-0.01176,-0.71025,-0.00439,50.24,52.87,0.02,0.0733
20:48:31.689,6640.5371,331858,56.121,-19.842,23.07,-6.705,0.0891,0.0042,-1.1038,0.02372,-0.11738,0.00293,1.0088,-0.0112,-0.0137,-0.05875,0.01266,-0.02531,0.16311,0.1169,-0.97949,0.01831,0.70311,-0.0119,-0.71097,-0.00426,50.24,52.88,0.02,0.0733
20:48:31.717,6640.5571,331859,56.25,-19.656,23.095,-6.714,0.0928,0.0059,-1.1047,0.02305,-0.11831,0.0032,1.0081,-0.0139,-0.0107,-0.05822,0.01292,-0.02558,0.16272,0.1169,-0.97955,0.01825,0.70332,-0.01289,-0.71075,-0.00325,50.24,52.86,0.02,0.0738
20:48:31.733,6640.5771,331860,56.284,-19.924,23.12,-6.724,0.0913,0.0046,-1.1016,0.02345,-0.11618,0.00373,1.01,-0.0134,-0.0107,-0.05849,0.01199,-0.02585,0.16233,0.11691,-0.97962,0.0182,0.7036,-0.01195,-0.71049,-0.0042,50.24,52.88,0.02,0.0724
20:48:31.762,6640.5971,331861,56.26,-19.781,23.145,-6.734,0.0923,0.0061,-1.1108,0.02212,-0.11658,0.00413,1.0088,-0.0134,-0.0129,-0.05796,0.01252,-0.02558,0.16194,0.11692,-0.97968,0.01815,0.70297,-0.01248,-0.7111,-0.00367,50.24,52.87,0.02,0.0733
20:48:31.806,6640.6171,331862,56.196,-19.729,23.17,-6.744,0.0969,0.0046,-1.1042,0.02238,-0.11791,0.00386,1.0083,-0.0125,-0.0122,-0.05809,0.01252,-0.02505,0.16155,0.11693,-0.97975,0.0181,0.70223,-0.01259,-0.71183,-0.00357,50.25,52.87,0.02,0.0737
20:48:31.807,6640.6371,331863,56.37,-19.68,23.194,-6.754,0.0959,0.0032,-1.1091,0.02491,-0.12097,0.0032,1.0054,-0.0146,-0.0117,-0.05809,0.01239,-0.02571,0.16113,0.11695,-0.97981,0.01807,0.70287,-0.01316,-0.71119,-0.00298,50.25,52.86,0.02,0.0758
20:48:31.809,6640.6571,331864,56.472,-19.468,23.219,-6.763,0.0952,0.0046,-1.1028,0.02305,-0.11924,0.0032,1.0083,-0.0161,-0.012,-0.05836,0.01319,-0.02558,0.16074,0.11695,-0.97988,0.01802,0.70289,-0.01419,-0.71115,-0.00194,50.24,52.86,0.02,0.0736
20:48:31.837,6640.6771,331865,56.513,-19.739,23.244,-6.773,0.0916,0.0051,-1.1052,0.02238,-0.12337,0.00266,1.0103,-0.0117,-0.0103,-0.05809,0.01306,-0.02518,0.16029,0.11697,-0.97995,0.01796,0.70317,-0.01325,-0.71089,-0.00288,50.24,52.87,0.02,0.0722
20:48:31.852,6640.6971,331866,56.592,-19.984,23.269,-6.783,0.0896,0.0059,-1.1025,0.02225,-0.11804,0.004,1.0081,-0.0122,-0.0095,-0.05862,0.01266,-0.02491,0.1599,0.11698,-0.98001,0.01791,0.70368,-0.0125,-0.7104,-0.00364,50.23,52.88,0.02,0.0738
20:48:31.867,6640.7171,331867,56.54,-19.891,23.294,-6.792,0.094,0.0059,-1.1001,0.02305,-0.12071,0.00426,1.0039,-0.0132,-0.0117,-0.05809,0.01252,-0.02558,0.15949,0.11698,-0.98008,0.01785,0.70293,-0.01278,-0.71113,-0.00337,50.25,52.88,0.02,0.077
20:48:31.911,6640.7371,331868,56.46,-19.975,23.319,-6.802,0.093,0.0049,-1.1025,0.02265,-0.11751,0.00373,1.011,-0.011,-0.0151,-0.05809,0.01266,-0.02518,0.1591,0.11699,-0.98014,0.0178,0.70229,-0.01233,-0.71177,-0.00383,50.24,52.89,0.02,0.0716
20:48:31.913,6640.7571,331869,56.619,-20.035,23.344,-6.812,0.0923,0.0017,-1.1082,0.02332,-0.11858,0.00346,1.0098,-0.0122,-0.0125,-0.05915,0.01292,-0.02518,0.15871,0.117,-0.98021,0.01776,0.70302,-0.01244,-0.71106,-0.0037,50.24,52.88,0.02,0.0725
20:48:31.928,6640.7771,331870,56.636,-19.839,23.369,-6.822,0.0962,0.0081,-1.1021,0.02305,-0.11578,0.00386,1.0107,-0.0139,-0.0125,-0.05822,0.01292,-0.02505,0.15834,0.11701,-0.98027,0.01771,0.70257,-0.01324,-0.71149,-0.0029,50.24,52.88,0.02,0.0718
20:48:31.957,6640.7971,331871,56.572,-20.017,23.393,-6.832,0.0918,0.0059,-1.1052,0.02238,-0.11804,0.0032,1.0139,-0.0129,-0.0139,-0.05875,0.01306,-0.02531,0.15795,0.11701,-0.98033,0.01766,0.70215,-0.01247,-0.71191,-0.00369,50.25,52.86,0.02,0.0694
20:48:31.972,6640.8171,331872,56.693,-20.195,23.418,-6.842,0.0938,0.0042,-1.1062,0.02305,-0.11951,0.0036,1.01,-0.0105,-0.011,-0.05902,0.01292,-0.02505,0.15756,0.11702,-0.98039,0.01761,0.70281,-0.01206,-0.71126,-0.0041,50.25,52.87,0.02,0.0724
20:48:31.988,6640.8371,331873,56.857,-20.104,23.443,-6.852,0.0916,0.0042,-1.1021,0.02185,-0.11911,0.00346,1.0088,-0.0137,-0.0103,-0.05849,0.01252,-0.02531,0.15717,0.11703,-0.98046,0.01756,0.70336,-0.01275,-0.71072,-0.00339,50.24,52.87,0.02,0.0733
20:48:32.017,6640.8571,331874,56.773,-20.234,23.468,-6.862,0.0935,0.0071,-1.1055,0.02238,-0.11884,0.00333,1.0068,-0.0115,-0.0122,-0.05889,0.01239,-0.02531,0.15678,0.11704,-0.98052,0.01751,0.70276,-0.01212,-0.71132,-0.00404,50.24,52.87,0.02,0.0748
20:48:32.032,6640.8771,331875,56.923,-20.092,23.493,-6.871,0.095,0.0054,-1.1086,0.02292,-0.11977,0.00373,1.0103,-0.0129,-0.0117,-0.05796,0.01359,-0.02545,0.15639,0.11705,-0.98058,0.01745,0.70315,-0.01297,-0.71092,-0.00317,50.24,52.87,0.02,0.0722
20:48:32.047,6640.8971,331876,57.044,-20.276,23.517,-6.881,0.0938,0.0022,-1.1021,0.02318,-0.12031,0.004,1.0115,-0.0117,-0.0078,-0.05836,0.01292,-0.02558,0.15597,0.11705,-0.98065,0.01741,0.7038,-0.01255,-0.71028,-0.00359,50.25,52.87,0.02,0.0713
20:48:32.077,6640.9171,331877,56.966,-20.262,23.542,-6.891,0.0923,0.0039,-1.1018,0.02292,-0.11831,0.004,1.0049,-0.0122,-0.0132,-0.05809,0.01252,-0.02585,0.15558,0.11706,-0.98071,0.01736,0.70304,-0.01248,-0.71104,-0.00367,50.24,52.87,0.02,0.0762
20:48:32.092,6640.9371,331878,57.029,-20.03,23.567,-6.901,0.092,0.0007,-1.105,0.02292,-0.11818,0.00306,1.0046,-0.0132,-0.0117,-0.05836,0.01306,-0.02571,0.15519,0.11707,-0.98077,0.01732,0.7028,-0.0135,-0.71126,-0.00264,50.23,52.87,0.02,0.0764
20:48:32.107,6640.9571,331879,56.989,-20.286,23.592,-6.911,0.0928,0.0044,-1.1033,0.02385,-0.12177,0.00306,1.0076,-0.012,-0.0129,-0.05875,0.01332,-0.02558,0.15476,0.11708,-0.98084,0.01727,0.70259,-0.0125,-0.71148,-0.00365,50.24,52.87,0.02,0.0742
20:48:32.151,6640.9771,331880,57.044,-20.552,23.617,-6.921,0.0911,0.0042,-1.1072,0.02185,-0.11738,0.00306,1.01,-0.009,-0.0112,-0.05902,0.01199,-0.02518,0.15437,0.11709,-0.9809,0.01722,0.70299,-0.01165,-0.71109,-0.00451,50.24,52.88,0.02,0.0724
20:48:32.154,6640.9971,331881,56.983,-20.447,23.641,-6.931,0.0896,0.0017,-1.0994,0.02118,-0.11405,0.0032,1.0017,-0.012,-0.0173,-0.05849,0.01226,-0.02478,0.15402,0.1171,-0.98095,0.01716,0.70222,-0.01193,-0.71185,-0.00424,50.25,52.87,0.02,0.0786
20:48:32.168,6641.0171,331882,57.13,-20.567,23.666,-6.941,0.0901,0.0068,-1.1047,0.02118,-0.11591,0.00426,1.0056,-0.0105,-0.0122,-0.05849,0.01239,-0.02571,0.15365,0.1171,-0.98101,0.0171,0.70298,-0.01179,-0.7111,-0.00438,50.25,52.87,0.02,0.0757
20:48:32.198,6641.0371,331883,57.113,-20.405,23.691,-6.951,0.092,0.0042,-1.0984,0.02372,-0.11924,0.00386,1.0076,-0.0112,-0.0125,-0.05849,0.01306,-0.02531,0.15326,0.1171,-0.98107,0.01705,0.70236,-0.01238,-0.7117,-0.00378,50.24,52.88,0.02,0.0742
20:48:32.212,6641.0571,331884,57.19,-20.65,23.715,-6.961,0.0891,0.0054,-1.1047,0.02305,-0.11791,0.00333,1.0112,-0.0088,-0.0112,-0.05889,0.01239,-0.02558,0.15287,0.11711,-0.98113,0.017,0.70286,-0.01165,-0.71122,-0.00451,50.24,52.87,0.02,0.0715
20:48:32.242,6641.0771,331885,57.361,-20.59,23.74,-6.971,0.092,0.0063,-1.1104,0.02385,-0.12177,0.00187,1.0088,-0.0127,-0.0095,-0.05836,0.01306,-0.02491,0.15244,0.11714,-0.9812,0.01695,0.70346,-0.01225,-0.71062,-0.0039,50.23,52.87,0.02,0.0733
20:48:32.286,6641.0971,331886,57.395,-20.373,23.765,-6.981,0.092,0.0012,-1.1045,0.02278,-0.11804,0.0032,1.0071,-0.0149,-0.0117,-0.05849,0.01279,-0.02545,0.15205,0.11715,-0.98126,0.0169,0.70307,-0.01315,-0.71099,-0.00299,50.24,52.88,0.02,0.0745
20:48:32.287,6641.1171,331887,57.503,-20.584,23.79,-6.991,0.0918,0.0056,-1.1021,0.02478,-0.12044,0.00346,1.0122,-0.0127,-0.0095,-0.05782,0.01292,-0.02531,0.15164,0.11716,-0.98132,0.01687,0.70368,-0.01263,-0.7104,-0.00351,50.26,52.87,0.02,0.0708
20:48:32.289,6641.1371,331888,57.605,-20.366,23.815,-7.001,0.0894,0.002,-1.0999,0.02158,-0.12084,0.00426,1.0093,-0.0171,-0.0098,-0.05836,0.01266,-0.02491,0.15122,0.11716,-0.98139,0.01681,0.70367,-0.01365,-0.71039,-0.00248,50.24,52.87,0.02,0.0729
20:48:32.318,6641.1571,331889,57.526,-20.453,23.84,-7.011,0.0952,0.0051,-1.1079,0.02012,-0.11898,0.00453,1.0103,-0.0112,-0.0159,-0.05822,0.01146,-0.02478,0.15082,0.11715,-0.98145,0.01673,0.70303,-0.01318,-0.71104,-0.00296,50.24,52.86,0.02,0.0721
20:48:32.332,6641.1771,331890,57.672,-20.282,23.864,-7.021,0.092,0.0056,-1.1011,0.02145,-0.11431,0.004,1.0068,-0.0178,-0.0103,-0.05796,0.01252,-0.02518,0.15047,0.11715,-0.98151,0.01667,0.70338,-0.0141,-0.71067,-0.00203,50.24,52.88,0.02,0.0747
20:48:32.347,6641.1971,331891,57.652,-20.556,23.889,-7.03,0.0938,0.0056,-1.1079,0.02345,-0.12111,0.00346,1.0107,-0.01,-0.011,-0.05849,0.01306,-0.02691,0.15005,0.11716,-0.98157,0.01662,0.70332,-0.0131,-0.71074,-0.00305,50.25,52.87,0.02,0.0719
20:48:32.391,6641.2171,331892,57.699,-20.83,23.914,-7.041,0.0906,0.0061,-1.1006,0.02132,-0.11684,0.00413,1.009,-0.0112,-0.0095,-0.05862,0.01212,-0.02598,0.14967,0.11716,-0.98163,0.01655,0.70369,-0.0122,-0.71039,-0.00395,50.24,52.88,0.02,0.0732
20:48:32.392,6641.2371,331893,57.612,-20.916,23.939,-7.051,0.0916,0.0039,-1.1028,0.02132,-0.11485,0.00373,1.0083,-0.009,-0.0132,-0.05809,0.01199,-0.02545,0.14931,0.11717,-0.98169,0.01649,0.70303,-0.01172,-0.71104,-0.00444,50.25,52.88,0.02,0.0737
20:48:32.406,6641.2571,331894,57.554,-20.849,23.963,-7.061,0.0945,0.0039,-1.1069,0.02398,-0.11844,0.0044,1.0098,-0.0105,-0.0127,-0.05836,0.01279,-0.02571,0.14892,0.11717,-0.98174,0.01645,0.70231,-0.01188,-0.71176,-0.00429,50.25,52.88,0.02,0.0725
20:48:32.451,6641.2771,331895,57.722,-20.797,23.988,-7.071,0.093,0.0054,-1.1008,0.02411,-0.11738,0.0032,1.009,-0.0129,-0.0112,-0.05836,0.01279,-0.02611,0.14853,0.11718,-0.9818,0.0164,0.70293,-0.01243,-0.71114,-0.00372,50.25,52.88,0.02,0.0731
20:48:32.453,6641.2971,331896,57.767,-20.58,24.013,-7.081,0.0898,0.0034,-1.104,0.02345,-0.12191,0.004,1.0085,-0.0132,-0.0122,-0.05782,0.01212,-0.02478,0.1481,0.11719,-0.98187,0.01635,0.70258,-0.01334,-0.71147,-0.0028,50.24,52.87,0.02,0.0735
20:48:32.511,6641.3171,331897,57.895,-20.748,24.038,-7.091,0.0935,0.0039,-1.1082,0.02172,-0.11525,0.00306,1.0083,-0.0137,-0.0103,-0.05769,0.01252,-0.02545,0.14774,0.1172,-0.98192,0.01629,0.70328,-0.01301,-0.71078,-0.00313,50.25,52.88,0.02,0.0737
20:48:32.513,6641.3371,331898,57.954,-21.02,24.062,-7.101,0.0906,0.0037,-1.0986,0.02278,-0.12044,0.00333,1.011,-0.0112,-0.0095,-0.05796,0.01306,-0.02545,0.14732,0.11721,-0.98199,0.01624,0.70369,-0.01217,-0.71039,-0.00397,50.24,52.85,0.02,0.0717
20:48:32.514,6641.3571,331899,57.982,-20.812,24.087,-7.111,0.095,0.0046,-1.1079,0.02292,-0.11684,0.00413,1.0107,-0.0166,-0.0122,-0.05796,0.01252,-0.02545,0.14693,0.11721,-0.98204,0.01619,0.70328,-0.013,-0.71079,-0.00313,50.24,52.88,0.02,0.0718
20:48:32.527,6641.3771,331900,57.905,-20.819,24.112,-7.121,0.0906,0.0015,-1.1074,0.02292,-0.11951,0.00333,1.0085,-0.0132,-0.0142,-0.05796,0.01279,-0.02558,0.14654,0.11722,-0.9821,0.01615,0.70255,-0.01285,-0.71151,-0.0033,50.26,52.88,0.02,0.0735
20:48:32.558,6641.3971,331901,58.056,-20.931,24.137,-7.131,0.0928,0.0032,-1.1072,0.02158,-0.11764,0.0032,1.0081,-0.0132,-0.0093,-0.05822,0.01292,-0.02611,0.14615,0.11723,-0.98216,0.0161,0.70329,-0.01278,-0.71078,-0.00336,50.25,52.87,0.02,0.0738
20:48:32.572,6641.4171,331902,57.984,-21.142,24.161,-7.141,0.0916,0.0039,-1.105,0.02425,-0.11924,0.00333,1.0059,-0.0103,-0.0122,-0.05875,0.01332,-0.02571,0.14575,0.11724,-0.98222,0.01605,0.70287,-0.01191,-0.71121,-0.00425,50.24,52.89,0.02,0.0755
20:48:32.586,6641.4371,331903,57.942,-21.029,24.186,-7.151,0.0938,0.0034,-1.1018,0.02212,-0.11871,0.00333,1.0093,-0.0117,-0.0139,-0.05836,0.01266,-0.02531,0.14536,0.11724,-0.98228,0.016,0.70218,-0.01225,-0.71189,-0.00391,50.24,52.87,0.02,0.0729
20:48:32.633,6641.4571,331904,58.01,-20.797,24.21,-7.161,0.0938,0.0056,-1.104,0.02052,-0.11671,0.004,1.0103,-0.0146,-0.0146,-0.05822,0.01292,-0.02545,0.14499,0.11724,-0.98233,0.01593,0.70198,-0.01323,-0.71207,-0.00292,50.24,52.86,0.02,0.0721
20:48:32.634,6641.4771,331905,58.156,-20.622,24.235,-7.171,0.0876,0.0027,-1.103,0.02545,-0.12017,0.0024,1.0054,-0.0171,-0.0137,-0.05822,0.01359,-0.02531,0.14457,0.11727,-0.98239,0.0159,0.70229,-0.01419,-0.71175,-0.00194,50.24,52.87,0.02,0.0758
20:48:32.662,6641.4971,331906,58.318,-20.676,24.26,-7.181,0.0906,0.0017,-1.1045,0.02332,-0.11804,0.00293,1.0088,-0.0178,-0.0117,-0.05862,0.01266,-0.02598,0.14418,0.11727,-0.98245,0.01586,0.70302,-0.01435,-0.71103,-0.00177,50.25,52.88,0.02,0.0732
20:48:32.678,6641.5171,331907,58.341,-20.971,24.285,-7.191,0.0911,0.0032,-1.1055,0.02185,-0.11884,0.00346,1.009,-0.0125,-0.0103,-0.05796,0.01292,-0.02545,0.14379,0.11728,-0.98251,0.01581,0.70326,-0.01337,-0.7108,-0.00275,50.24,52.87,0.02,0.0732
20:48:32.692,6641.5371,331908,58.341,-21.28,24.309,-7.201,0.0906,0.0029,-1.1023,0.02425,-0.11991,0.00333,1.0054,-0.0095,-0.0103,-0.05809,0.01292,-0.02598,0.14338,0.11729,-0.98257,0.01578,0.70337,-0.01232,-0.71071,-0.00382,50.24,52.88,0.02,0.0759
20:48:32.708,6641.5571,331909,58.324,-21.122,24.334,-7.211,0.0891,0.0034,-1.1047,0.02252,-0.12084,0.00346,1.009,-0.0134,-0.0122,-0.05836,0.01319,-0.02545,0.14296,0.1173,-0.98263,0.01572,0.70275,-0.01287,-0.71132,-0.00327,50.24,52.89,0.02,0.0731
20:48:32.766,6641.5771,331910,58.453,-21.297,24.359,-7.221,0.0923,0.0044,-1.1074,0.02318,-0.11858,0.0032,1.0095,-0.0127,-0.0105,-0.05782,0.01239,-0.02518,0.14257,0.11731,-0.98268,0.01567,0.70344,-0.01254,-0.71063,-0.00359,50.24,52.89,0.02,0.0728
20:48:32.767,6641.5971,331911,58.367,-21.35,24.383,-7.232,0.0935,0.0061,-1.1064,0.02212,-0.11911,0.00266,1.0063,-0.0112,-0.0132,-0.05836,0.01212,-0.02478,0.14217,0.11732,-0.98274,0.01562,0.70273,-0.0122,-0.71134,-0.00394,50.24,52.88,0.02,0.0752
20:48:32.769,6641.6171,331912,58.358,-21.172,24.408,-7.242,0.0923,0.0022,-1.1001,0.02118,-0.11844,0.00466,1.0083,-0.0139,-0.0146,-0.05809,0.01266,-0.02478,0.14178,0.11731,-0.9828,0.01556,0.70214,-0.01282,-0.71192,-0.00332,50.26,52.87,0.02,0.0736
20:48:32.797,6641.6371,331913,58.47,-21.382,24.432,-7.252,0.0942,0.0073,-1.1062,0.02385,-0.11711,0.004,1.009,-0.0125,-0.0129,-0.05875,0.01252,-0.02545,0.14139,0.11732,-0.98286,0.0155,0.70279,-0.01233,-0.71128,-0.0038,50.23,52.88,0.02,0.0731
20:48:32.811,6641.6571,331914,58.551,-21.149,24.457,-7.262,0.0894,0.0032,-1.1047,0.02198,-0.11858,0.00346,1.009,-0.0137,-0.0125,-0.05849,0.01306,-0.02558,0.141,0.11732,-0.98291,0.01546,0.70265,-0.01334,-0.71141,-0.00278,50.24,52.87,0.02,0.0731
20:48:32.827,6641.6771,331915,58.643,-21.394,24.482,-7.272,0.094,0.0017,-1.1047,0.02305,-0.11898,0.00266,1.0095,-0.012,-0.01,-0.05849,0.01306,-0.02465,0.14061,0.11733,-0.98297,0.01541,0.70322,-0.01271,-0.71085,-0.00342,50.24,52.88,0.02,0.0728
20:48:32.857,6641.6971,331916,58.557,-21.468,24.506,-7.282,0.0911,0.0046,-1.0989,0.02212,-0.11498,0.0044,1.0093,-0.0117,-0.0132,-0.05875,0.01199,-0.02518,0.14024,0.11733,-0.98302,0.01536,0.70256,-0.01229,-0.71151,-0.00386,50.24,52.88,0.02,0.0729
20:48:32.873,6641.7171,331917,58.723,-21.514,24.531,-7.293,0.092,0.0017,-1.1006,0.02305,-0.12071,0.00253,1.0093,-0.0129,-0.0098,-0.05862,0.01279,-0.02558,0.13983,0.11735,-0.98308,0.01531,0.70327,-0.0125,-0.7108,-0.00363,50.23,52.87,0.02,0.0729
20:48:32.887,6641.7371,331918,58.814,-21.285,24.556,-7.303,0.0898,0.0027,-1.104,0.02345,-0.11738,0.0032,1.01,-0.0139,-0.011,-0.05875,0.01279,-0.02545,0.13943,0.11735,-0.98313,0.01527,0.7032,-0.01352,-0.71086,-0.0026,50.25,52.88,0.02,0.0724
20:48:32.917,6641.7571,331919,58.92,-21.517,24.58,-7.313,0.0881,0.0032,-1.1003,0.02345,-0.12031,0.00253,1.0088,-0.0117,-0.0068,-0.05862,0.01319,-0.02531,0.13902,0.11737,-0.98319,0.01522,0.70382,-0.01296,-0.71025,-0.00315,50.25,52.87,0.02,0.0733
20:48:32.932,6641.7771,331920,58.849,-21.493,24.605,-7.323,0.0928,0.0037,-1.106,0.02198,-0.11658,0.0036,1.0083,-0.0134,-0.0159,-0.05875,0.01186,-0.02545,0.13863,0.11738,-0.98325,0.01517,0.70308,-0.01292,-0.71098,-0.0032,50.24,52.87,0.02,0.0736
20:48:32.947,6641.7971,331921,58.777,-21.558,24.629,-7.333,0.0938,0.0017,-1.0989,0.02358,-0.11991,0.00386,1.0166,-0.0125,-0.0139,-0.05875,0.01292,-0.02531,0.13822,0.11738,-0.98331,0.01513,0.70245,-0.01258,-0.71161,-0.00356,50.24,52.88,0.02,0.0674
20:48:32.977,6641.8171,331922,58.942,-21.538,24.654,-7.344,0.0923,0.0066,-1.1025,0.02411,-0.11951,0.0032,1.0122,-0.0146,-0.0107,-0.05862,0.01239,-0.02518,0.13782,0.11739,-0.98336,0.01508,0.70309,-0.01302,-0.71097,-0.0031,50.23,52.86,0.02,0.0707
20:48:32.993,6641.8371,331923,59.006,-21.812,24.679,-7.354,0.0957,0.0061,-1.1072,0.02292,-0.11911,0.00346,1.011,-0.0095,-0.0088,-0.05955,0.01359,-0.02585,0.13743,0.1174,-0.98341,0.01503,0.70354,-0.01223,-0.71054,-0.0039,50.24,52.86,0.02,0.0717
20:48:33.007,6641.8571,331924,58.95,-21.701,24.703,-7.364,0.0923,0.0049,-1.1038,0.02238,-0.11844,0.00333,1.0015,-0.0129,-0.0134,-0.05995,0.01252,-0.02518,0.13704,0.11741,-0.98347,0.01498,0.70278,-0.01252,-0.71129,-0.00362,50.25,52.87,0.02,0.0787
20:48:33.038,6641.8771,331925,59.017,-21.981,24.728,-7.375,0.0942,0.0061,-1.1042,0.02212,-0.11818,0.0044,1.0081,-0.0093,-0.0103,-0.05889,0.01212,-0.02518,0.13665,0.11741,-0.98352,0.01492,0.70326,-0.01172,-0.71082,-0.00441,50.24,52.87,0.02,0.0739
20:48:33.052,6641.8971,331926,59.058,-21.763,24.752,-7.385,0.0938,0.0059,-1.1008,0.02278,-0.11778,0.00373,1.0134,-0.0146,-0.0127,-0.05822,0.01266,-0.02478,0.13626,0.11742,-0.98358,0.01487,0.70291,-0.01258,-0.71116,-0.00355,50.24,52.87,0.02,0.0698
20:48:33.096,6641.9171,331927,58.982,-21.959,24.777,-7.395,0.0923,0.002,-1.1047,0.02212,-0.11818,0.00293,1.0078,-0.0122,-0.0122,-0.05849,0.01252,-0.02518,0.13587,0.11743,-0.98363,0.01483,0.70244,-0.01177,-0.71163,-0.00437,50.24,52.88,0.02,0.074
20:48:33.099,6641.9371,331928,58.996,-21.74,24.801,-7.406,0.0884,-0.001,-1.0979,0.02238,-0.11671,0.0044,1.0044,-0.0139,-0.0154,-0.05849,0.01292,-0.02558,0.13547,0.11743,-0.98369,0.01479,0.70193,-0.01258,-0.71212,-0.00356,50.24,52.88,0.02,0.0765
20:48:33.112,6641.9571,331929,59.152,-21.79,24.826,-7.416,0.0896,0.0059,-1.1101,0.02345,-0.11858,0.00333,1.0142,-0.0142,-0.0098,-0.05875,0.01346,-0.02585,0.13508,0.11744,-0.98374,0.01474,0.70262,-0.01277,-0.71144,-0.00337,50.24,52.87,0.02,0.0692
20:48:33.127,6641.9771,331930,59.183,-22.097,24.85,-7.426,0.0925,0.0076,-1.105,0.02158,-0.12017,0.00346,1.0071,-0.0115,-0.0122,-0.05836,0.01332,-0.02585,0.13467,0.11745,-0.9838,0.01467,0.70291,-0.0118,-0.71117,-0.00434,50.24,52.87,0.02,0.0746
20:48:33.157,6641.9971,331931,59.159,-21.933,24.875,-7.437,0.0896,0.0061,-1.1104,0.02372,-0.11964,0.00333,1.0071,-0.0125,-0.0144,-0.05836,0.01292,-0.02585,0.13428,0.11746,-0.98385,0.01461,0.70226,-0.01233,-0.71181,-0.00381,50.24,52.88,0.02,0.0745
20:48:33.186,6642.0171,331932,59.32,-22.039,24.9,-7.447,0.0901,0.0063,-1.1067,0.02318,-0.12097,0.002,1.0056,-0.012,-0.012,-0.05836,0.01306,-0.02558,0.13386,0.11748,-0.9839,0.01456,0.70302,-0.01233,-0.71105,-0.0038,50.25,52.88,0.02,0.0757
20:48:33.188,6642.0371,331933,59.491,-22.091,24.924,-7.458,0.0933,0.0056,-1.1062,0.02345,-0.12111,0.0044,1.0051,-0.0125,-0.01,-0.05769,0.01292,-0.02531,0.13344,0.11748,-0.98396,0.01451,0.70377,-0.01256,-0.71031,-0.00356,50.24,52.88,0.02,0.0761
20:48:33.231,6642.0571,331934,59.425,-22.03,24.949,-7.468,0.0942,0.0017,-1.1021,0.02212,-0.11791,0.00466,1.0059,-0.0129,-0.0115,-0.05809,0.01279,-0.02651,0.13304,0.11749,-0.98402,0.01446,0.70301,-0.01265,-0.71106,-0.00348,50.24,52.87,0.02,0.0755
20:48:33.246,6642.0771,331935,59.525,-22.284,24.973,-7.479,0.0884,0.0051,-1.1033,0.02305,-0.12137,0.00453,1.0078,-0.0098,-0.0085,-0.05796,0.01306,-0.02585,0.13262,0.11748,-0.98407,0.01441,0.70362,-0.01203,-0.71047,-0.00409,50.25,52.87,0.02,0.0741
20:48:33.248,6642.0971,331936,59.518,-22.101,24.998,-7.489,0.0938,0.0015,-1.1067,0.02505,-0.12097,0.00173,1.0063,-0.0142,-0.0127,-0.05716,0.01399,-0.02545,0.13219,0.11751,-0.98413,0.01438,0.70302,-0.01268,-0.71105,-0.00345,50.23,52.86,0.02,0.0751
20:48:33.291,6642.1171,331937,59.68,-21.916,25.022,-7.499,0.0911,0.0046,-1.1055,0.02491,-0.12977,0.002,1.0015,-0.0164,-0.0105,-0.05875,0.01292,-0.02478,0.13168,0.11754,-0.98419,0.01434,0.70333,-0.01369,-0.71073,-0.00242,50.24,52.87,0.02,0.0787
20:48:33.294,6642.1371,331938,59.609,-22.122,25.047,-7.51,0.0925,0.0071,-1.1001,0.01945,-0.11525,0.0044,1.009,-0.0139,-0.0117,-0.05849,0.01199,-0.02571,0.13132,0.11753,-0.98424,0.01425,0.70292,-0.01284,-0.71114,-0.00329,50.24,52.87,0.02,0.0731
20:48:33.307,6642.1571,331939,59.767,-22.185,25.072,-7.52,0.0867,0.0034,-1.1106,0.02318,-0.11738,0.00346,1.011,-0.0137,-0.0112,-0.05862,0.01226,-0.02585,0.13093,0.11754,-0.9843,0.01421,0.70363,-0.013,-0.71044,-0.00312,50.23,52.89,0.02,0.0716
20:48:33.337,6642.1771,331940,59.7,-22.103,25.096,-7.53,0.0908,0.0059,-1.1055,0.02345,-0.11098,0.0044,1.0073,-0.0144,-0.0122,-0.05822,0.01199,-0.02531,0.13061,0.11754,-0.98434,0.01417,0.70289,-0.01315,-0.71117,-0.00298,50.24,52.87,0.02,0.0744
20:48:33.353,6642.1971,331941,59.643,-22.035,25.121,-7.541,0.0869,0.0049,-1.1084,0.02252,-0.12164,0.00173,1.0078,-0.0149,-0.0154,-0.05849,0.01199,-0.02531,0.13018,0.11756,-0.98439,0.01411,0.70215,-0.01328,-0.7119,-0.00286,50.24,52.87,0.02,0.074
20:48:33.367,6642.2171,331942,59.685,-22.337,25.145,-7.551,0.0913,0.0051,-1.1042,0.02238,-0.11578,0.00187,1.0078,-0.0115,-0.0127,-0.05849,0.01252,-0.02585,0.12981,0.11759,-0.98444,0.01405,0.70253,-0.01238,-0.71153,-0.00376,50.24,52.87,0.02,0.074
20:48:33.397,6642.2371,331943,59.856,-22.275,25.17,-7.561,0.0891,0.0015,-1.0991,0.02585,-0.12137,0.00133,1.0081,-0.0151,-0.0103,-0.05875,0.01279,-0.02598,0.12938,0.11762,-0.98449,0.01403,0.70312,-0.01301,-0.71094,-0.00312,50.23,52.87,0.02,0.0738
20:48:33.412,6642.2571,331944,59.857,-22.588,25.194,-7.572,0.0918,0.0024,-1.1023,0.02265,-0.12084,0.0032,1.0098,-0.0129,-0.0112,-0.05836,0.01279,-0.02571,0.12896,0.11763,-0.98455,0.01398,0.70324,-0.012,-0.71084,-0.00414,50.23,52.86,0.02,0.0725
20:48:33.457,6642.2771,331945,59.839,-22.411,25.219,-7.583,0.0928,0.0059,-1.1072,0.02118,-0.11818,0.00346,1.0066,-0.012,-0.012,-0.05875,0.01239,-0.02585,0.12857,0.11763,-0.9846,0.01393,0.7026,-0.01257,-0.71146,-0.00357,50.24,52.87,0.02,0.0749
20:48:33.458,6642.2971,331946,59.761,-22.584,25.243,-7.593,0.0925,0.0007,-1.105,0.02292,-0.12004,0.00413,1.0093,-0.0107,-0.0142,-0.05862,0.01292,-0.02571,0.12816,0.11763,-0.98465,0.01388,0.70208,-0.01185,-0.71199,-0.0043,50.24,52.87,0.02,0.0729
20:48:33.472,6642.3171,331947,59.709,-22.493,25.267,-7.604,0.0923,0.0012,-1.1084,0.02318,-0.12044,0.00293,1.0073,-0.0107,-0.0146,-0.05902,0.01346,-0.02545,0.12774,0.11765,-0.98471,0.01384,0.70135,-0.01207,-0.7127,-0.00408,50.24,52.87,0.02,0.0744
20:48:33.502,6642.3371,331948,59.852,-22.643,25.292,-7.614,0.0889,0.001,-1.1021,0.02478,-0.11977,0.00453,1.0095,-0.0098,-0.0083,-0.05902,0.01359,-0.02505,0.12733,0.11765,-0.98476,0.01381,0.70208,-0.01193,-0.71199,-0.00422,50.24,52.88,0.02,0.0728
20:48:33.517,6642.3571,331949,60.019,-22.67,25.316,-7.625,0.0881,0.0046,-1.1035,0.02225,-0.11724,0.00293,1.0081,-0.012,-0.0117,-0.05849,0.01092,-0.02465,0.12693,0.11765,-0.98481,0.01376,0.70278,-0.01224,-0.71129,-0.0039,50.24,52.88,0.02,0.0738
20:48:33.531,6642.3771,331950,60.18,-22.573,25.341,-7.635,0.092,0.0071,-1.1052,0.01639,-0.10898,0.00466,1.0088,-0.0137,-0.0105,-0.05756,0.01106,-0.02465,0.12664,0.11764,-0.98485,0.01366,0.70336,-0.01286,-0.71071,-0.00325,50.25,52.87,0.02,0.0733
20:48:33.576,6642.3971,331951,60.097,-22.713,25.365,-7.646,0.0911,0.0078,-1.1062,0.01998,-0.11698,0.0052,1.0088,-0.0112,-0.0127,-0.05875,0.01292,-0.02478,0.12626,0.11763,-0.9849,0.01358,0.70279,-0.01222,-0.71129,-0.00391,50.24,52.86,0.02,0.0733
20:48:33.578,6642.4171,331952,60.143,-22.475,25.39,-7.656,0.095,0.0032,-1.1047,0.02531,-0.11804,0.00213,1.0081,-0.0134,-0.0129,-0.05849,0.01359,-0.02598,0.12587,0.11765,-0.98495,0.01355,0.70244,-0.01313,-0.71162,-0.00298,50.24,52.87,0.02,0.0738
20:48:33.606,6642.4371,331953,60.256,-22.696,25.414,-7.667,0.0906,0.0046,-1.1077,0.02425,-0.11938,0.00413,1.011,-0.0122,-0.01,-0.05742,0.01199,-0.02491,0.12546,0.11765,-0.98501,0.01351,0.70309,-0.0127,-0.71098,-0.00342,50.24,52.88,0.02,0.0717
20:48:33.607,6642.4571,331954,60.28,-22.467,25.439,-7.677,0.0911,0.0068,-1.1033,0.02078,-0.12324,0.00413,1.0059,-0.0144,-0.0122,-0.05862,0.01346,-0.02545,0.12502,0.11765,-0.98506,0.01343,0.70259,-0.0135,-0.71146,-0.00261,50.24,52.86,0.02,0.0754
20:48:33.637,6642.4771,331955,60.228,-22.74,25.463,-7.688,0.0938,0.0061,-1.1003,0.02345,-0.11711,0.0032,1.0083,-0.0137,-0.0132,-0.05862,0.01172,-0.02531,0.12463,0.11766,-0.98511,0.01338,0.70236,-0.01252,-0.7117,-0.00361,50.24,52.87,0.02,0.0736
20:48:33.711,6642.4971,331956,60.287,-23.034,25.487,-7.699,0.0886,0.002,-1.1008,0.02478,-0.11751,0.0028,1.0117,-0.0078,-0.0107,-0.05875,0.01306,-0.02598,0.12424,0.11767,-0.98516,0.01335,0.70282,-0.01174,-0.71126,-0.00439,50.25,52.88,0.02,0.0712
20:48:33.713,6642.5171,331957,60.431,-22.871,25.512,-7.709,0.0928,0.002,-1.1062,0.02465,-0.11604,0.00173,1.0115,-0.0137,-0.011,-0.05822,0.01279,-0.02585,0.12386,0.1177,-0.9852,0.01333,0.70315,-0.01263,-0.71092,-0.00349,50.26,52.87,0.02,0.0713
20:48:33.714,6642.5371,331958,60.345,-23.048,25.536,-7.72,0.0955,0.0054,-1.1016,0.02065,-0.11178,0.004,1.0085,-0.009,-0.0137,-0.05822,0.01172,-0.02491,0.12353,0.1177,-0.98525,0.01326,0.70265,-0.01186,-0.71142,-0.00427,50.24,52.89,0.02,0.0735
20:48:33.716,6642.5571,331959,60.525,-22.992,25.561,-7.731,0.0891,0.0061,-1.0991,0.01905,-0.1243,0.00413,1.0076,-0.0134,-0.0098,-0.05796,0.01346,-0.02558,0.12308,0.1177,-0.9853,0.01316,0.70327,-0.01244,-0.7108,-0.00368,50.23,52.88,0.02,0.0742
20:48:33.726,6642.5771,331960,60.506,-22.844,25.585,-7.741,0.0908,0.0056,-1.1074,0.02438,-0.12271,0.0004,1.0115,-0.0137,-0.0127,-0.05849,0.01306,-0.02665,0.12264,0.11774,-0.98536,0.01312,0.70264,-0.01291,-0.71143,-0.00321,50.24,52.89,0.02,0.0712
20:48:33.757,6642.5971,331961,60.663,-22.952,25.61,-7.752,0.0857,0.0071,-1.0989,0.02505,-0.12377,0.00386,1.0112,-0.0142,-0.0068,-0.05782,0.01252,-0.02478,0.12219,0.11774,-0.98541,0.01308,0.70335,-0.01295,-0.71072,-0.00316,50.24,52.87,0.02,0.0715
20:48:33.773,6642.6171,331962,60.58,-23.025,25.634,-7.763,0.0896,0.0012,-1.1011,0.02158,-0.11564,0.004,1.0115,-0.0115,-0.0144,-0.05862,0.01186,-0.02505,0.12182,0.11774,-0.98546,0.01302,0.7027,-0.01255,-0.71137,-0.00358,50.26,52.88,0.02,0.0712
20:48:33.802,6642.6371,331963,60.727,-23.177,25.658,-7.773,0.0918,0.0061,-1.1042,0.02238,-0.11938,0.0056,1.0063,-0.0125,-0.0117,-0.05902,0.01359,-0.02585,0.12142,0.11773,-0.98551,0.01297,0.70345,-0.01241,-0.71063,-0.0037,50.25,52.87,0.02,0.0752
20:48:33.817,6642.6571,331964,60.729,-23.014,25.683,-7.784,0.0886,0.0042,-1.1104,0.02545,-0.13137,0.0024,1.0105,-0.0161,-0.0144,-0.05875,0.01372,-0.02611,0.12089,0.11775,-0.98557,0.01293,0.70285,-0.01299,-0.71121,-0.00313,50.25,52.86,0.02,0.072
20:48:33.831,6642.6771,331965,60.703,-22.808,25.707,-7.794,0.0903,0.0061,-1.1023,0.01892,-0.11138,0.00666,1.0032,-0.0159,-0.0144,-0.05822,0.01292,-0.02491,0.12057,0.11772,-0.98562,0.01284,0.70219,-0.01357,-0.71186,-0.00256,50.25,52.87,0.02,0.0774
20:48:33.846,6642.6971,331966,60.764,-23.122,25.732,-7.805,0.0884,0.0034,-1.0999,0.02438,-0.12244,0.0032,1.009,-0.0095,-0.0107,-0.05822,0.01266,-0.02558,0.12013,0.11773,-0.98567,0.01281,0.70263,-0.01274,-0.71143,-0.00338,50.26,52.88,0.02,0.0732
20:48:33.877,6642.7171,331967,60.913,-23.242,25.756,-7.816,0.0923,0.0024,-1.1094,0.02398,-0.11471,0.00453,1.0071,-0.0132,-0.0107,-0.05862,0.01159,-0.02465,0.11977,0.11773,-0.98571,0.01278,0.70338,-0.01273,-0.71069,-0.00338,50.24,52.87,0.02,0.0746
20:48:33.893,6642.7371,331968,60.946,-23.556,25.781,-7.827,0.0925,0.0032,-1.1067,0.02105,-0.11498,0.00373,1.0093,-0.0112,-0.0098,-0.05822,0.01279,-0.02505,0.11941,0.11773,-0.98576,0.01272,0.70373,-0.01183,-0.71036,-0.00429,50.24,52.87,0.02,0.0729
20:48:33.922,6642.7571,331969,61.08,-23.339,25.805,-7.837,0.0933,0.0012,-1.1042,0.02265,-0.11844,0.0024,1.0071,-0.0139,-0.009,-0.05796,0.01279,-0.02505,0.11901,0.11774,-0.98581,0.01267,0.70391,-0.01284,-0.71016,-0.00327,50.23,52.89,0.02,0.0746
20:48:33.936,6642.7771,331970,60.992,-23.522,25.83,-7.848,0.0928,0.0044,-1.104,0.02385,-0.11511,0.00293,1.0066,-0.0085,-0.0125,-0.05875,0.01319,-0.02585,0.11865,0.11775,-0.98585,0.01264,0.70338,-0.01209,-0.7107,-0.00403,50.23,52.87,0.02,0.075
20:48:33.952,6642.7971,331971,61.07,-23.279,25.854,-7.859,0.0901,0.0015,-1.1074,0.02385,-0.12204,0.00346,1.0103,-0.0134,-0.011,-0.05782,0.01292,-0.02505,0.11821,0.11776,-0.9859,0.0126,0.70318,-0.01307,-0.71088,-0.00305,50.24,52.87,0.02,0.0722
20:48:33.967,6642.8171,331972,60.988,-23.354,25.878,-7.87,0.0913,0.0034,-1.1045,0.02305,-0.11724,0.00253,1.0115,-0.0125,-0.0139,-0.05862,0.01279,-0.02598,0.11782,0.11776,-0.98595,0.01255,0.70253,-0.01267,-0.71154,-0.00346,50.25,52.88,0.02,0.0712
20:48:33.997,6642.8371,331973,60.913,-23.537,25.903,-7.881,0.0886,0.0012,-1.1118,0.02278,-0.12191,0.002,1.011,-0.0103,-0.0149,-0.05902,0.01239,-0.02531,0.11739,0.11779,-0.986,0.0125,0.70202,-0.01196,-0.71204,-0.00419,50.26,52.88,0.02,0.0716
20:48:34.041,6642.8571,331974,61.072,-23.562,25.927,-7.891,0.0896,0.0039,-1.1013,0.02092,-0.11724,0.00426,1.0151,-0.0139,-0.0083,-0.05902,0.01292,-0.02531,0.117,0.11778,-0.98604,0.01244,0.70268,-0.01225,-0.71139,-0.00388,50.25,52.88,0.02,0.0686
20:48:34.043,6642.8771,331975,61.139,-23.303,25.951,-7.902,0.0928,0.0059,-1.1045,0.02105,-0.11551,0.004,1.01,-0.0164,-0.0137,-0.05875,0.01199,-0.02598,0.11664,0.11778,-0.98609,0.01237,0.70245,-0.01322,-0.71161,-0.00291,50.25,52.87,0.02,0.0723
20:48:34.044,6642.8971,331976,61.295,-23.413,25.976,-7.913,0.0889,0.0054,-1.1045,0.02425,-0.11671,0.0024,1.0059,-0.0146,-0.012,-0.05875,0.01279,-0.02531,0.11626,0.1178,-0.98613,0.01233,0.7032,-0.01326,-0.71086,-0.00286,50.25,52.88,0.02,0.0754
20:48:34.072,6642.9171,331977,61.215,-23.464,26.0,-7.924,0.0911,0.0061,-1.1057,0.02092,-0.11804,0.00426,1.0103,-0.0129,-0.0146,-0.05822,0.01226,-0.02465,0.11587,0.1178,-0.98618,0.01226,0.70252,-0.01292,-0.71154,-0.00321,50.24,52.87,0.02,0.0721
20:48:34.088,6642.9371,331978,61.128,-23.588,26.024,-7.934,0.0933,0.0042,-1.1018,0.02212,-0.11631,0.00346,1.0083,-0.0122,-0.0146,-0.05942,0.01386,-0.02638,0.11547,0.1178,-0.98622,0.01221,0.7019,-0.01235,-0.71216,-0.00379,50.24,52.86,0.02,0.0736
20:48:34.131,6642.9571,331979,61.296,-23.571,26.049,-7.945,0.0911,0.0059,-1.0999,0.02358,-0.12137,0.00333,1.0125,-0.0156,-0.0103,-0.05942,0.01199,-0.02505,0.11505,0.11781,-0.98627,0.01216,0.70253,-0.01282,-0.71153,-0.00331,50.25,52.86,0.02,0.0705
20:48:34.134,6642.9771,331980,61.223,-23.795,26.073,-7.956,0.0918,0.0017,-1.1064,0.02185,-0.12191,0.00293,1.0076,-0.011,-0.0142,-0.05862,0.01172,-0.02491,0.11462,0.11782,-0.98632,0.0121,0.70209,-0.01198,-0.71198,-0.00417,50.25,52.87,0.02,0.0742
20:48:34.162,6642.9971,331981,61.338,-24.03,26.097,-7.967,0.0896,0.0061,-1.1018,0.02265,-0.12097,0.00386,1.0093,-0.01,-0.0127,-0.05889,0.01239,-0.02598,0.11419,0.11783,-0.98637,0.01204,0.70276,-0.01154,-0.71132,-0.0046,50.24,52.88,0.02,0.0729
20:48:34.177,6643.0171,331982,61.499,-23.888,26.121,-7.978,0.0906,0.0061,-1.1096,0.02158,-0.11671,0.00533,1.0085,-0.0142,-0.01,-0.05796,0.01239,-0.02531,0.11382,0.11781,-0.98642,0.01198,0.7032,-0.01236,-0.71087,-0.00376,50.24,52.86,0.02,0.0735
20:48:34.193,6643.0371,331983,61.646,-24.01,26.146,-7.989,0.0898,0.0051,-1.1055,0.02265,-0.11964,0.0036,1.0127,-0.0122,-0.0088,-0.05782,0.01279,-0.02518,0.11342,0.11782,-0.98646,0.01193,0.70391,-0.01235,-0.71017,-0.00377,50.25,52.86,0.02,0.0704
20:48:34.208,6643.0571,331984,61.604,-23.882,26.17,-8.0,0.0894,0.0059,-1.1028,0.02398,-0.11751,0.00373,1.009,-0.0134,-0.012,-0.05875,0.01292,-0.02558,0.11303,0.11783,-0.98651,0.01188,0.70321,-0.01266,-0.71086,-0.00346,50.27,52.87,0.02,0.0731
20:48:34.237,6643.0771,331985,61.555,-24.188,26.195,-8.011,0.0889,0.0015,-1.1079,0.02305,-0.11818,0.00306,1.0073,-0.012,-0.0112,-0.05809,0.01319,-0.02585,0.11264,0.11783,-0.98655,0.01183,0.70305,-0.01164,-0.71103,-0.0045,50.26,52.87,0.02,0.0744
20:48:34.252,6643.0971,331986,61.533,-24.023,26.219,-8.022,0.0908,0.0,-1.1013,0.02198,-0.11658,0.00386,1.0105,-0.0117,-0.0137,-0.05822,0.01239,-0.02558,0.11224,0.11784,-0.9866,0.0118,0.70241,-0.01212,-0.71166,-0.00402,50.25,52.88,0.02,0.072
20:48:34.282,6643.1171,331987,61.609,-23.756,26.243,-8.033,0.0884,0.0044,-1.1025,0.02372,-0.11884,0.0028,1.0066,-0.0156,-0.0142,-0.05942,0.01226,-0.02518,0.11185,0.11784,-0.98664,0.01175,0.7022,-0.01313,-0.71186,-0.003,50.27,52.87,0.02,0.0749
20:48:34.297,6643.1371,331988,61.723,-23.995,26.267,-8.044,0.0918,0.0032,-1.1042,0.02278,-0.12204,0.0024,1.011,-0.0105,-0.0081,-0.05862,0.01266,-0.02531,0.11142,0.11786,-0.98669,0.01169,0.70285,-0.0127,-0.71122,-0.00343,50.26,52.87,0.02,0.0717
20:48:34.312,6643.1571,331989,61.791,-23.735,26.292,-8.055,0.0886,0.0027,-1.1001,0.02332,-0.11911,0.0036,1.009,-0.0154,-0.0127,-0.05929,0.01306,-0.02558,0.11102,0.11787,-0.98673,0.01165,0.7026,-0.01367,-0.71145,-0.00245,50.26,52.86,0.02,0.0731
20:48:34.342,6643.1771,331990,61.722,-23.984,26.316,-8.066,0.0869,0.0042,-1.0996,0.02438,-0.11991,0.00373,1.0095,-0.009,-0.0156,-0.05849,0.01386,-0.02571,0.11061,0.11787,-0.98678,0.01161,0.70223,-0.01278,-0.71183,-0.00335,50.24,52.86,0.02,0.0728
20:48:34.357,6643.1971,331991,61.816,-24.25,26.34,-8.077,0.0911,0.002,-1.1045,0.02398,-0.11671,0.0028,1.011,-0.0098,-0.01,-0.05796,0.01332,-0.02611,0.11022,0.11788,-0.98682,0.01157,0.70283,-0.01223,-0.71124,-0.00391,50.24,52.86,0.02,0.0717
20:48:34.372,6643.2171,331992,61.912,-23.993,26.365,-8.088,0.0879,0.0066,-1.1079,0.02252,-0.11911,0.0032,1.0095,-0.0159,-0.0125,-0.05875,0.01239,-0.02491,0.10982,0.11789,-0.98687,0.01151,0.70275,-0.01325,-0.71131,-0.00288,50.25,52.87,0.02,0.0727
20:48:34.402,6643.2371,331993,62.061,-24.123,26.389,-8.098,0.0879,0.0046,-1.1069,0.02132,-0.11644,0.00373,1.0081,-0.0146,-0.0107,-0.05836,0.01239,-0.02518,0.10945,0.11789,-0.98691,0.01145,0.70349,-0.01321,-0.71058,-0.0029,50.24,52.88,0.02,0.0738
20:48:34.417,6643.2571,331994,62.22,-24.227,26.413,-8.11,0.0903,0.0056,-1.1052,0.02225,-0.11911,0.0036,1.0066,-0.0146,-0.01,-0.05862,0.01279,-0.02545,0.10905,0.11789,-0.98695,0.0114,0.70424,-0.01329,-0.70983,-0.00281,50.24,52.87,0.02,0.0749
20:48:34.446,6643.2771,331995,62.156,-24.501,26.438,-8.121,0.0908,0.0005,-1.1028,0.02158,-0.11711,0.0032,1.0098,-0.0127,-0.0088,-0.05769,0.01252,-0.02531,0.10866,0.1179,-0.987,0.01136,0.70396,-0.01236,-0.71013,-0.00376,50.23,52.87,0.02,0.0726
20:48:34.448,6643.2971,331996,62.078,-24.513,26.462,-8.132,0.0911,0.0022,-1.1111,0.02345,-0.11684,0.00333,1.009,-0.0105,-0.0146,-0.05796,0.01306,-0.02638,0.10827,0.1179,-0.98704,0.01132,0.70323,-0.01216,-0.71084,-0.00396,50.25,52.86,0.02,0.0731
20:48:34.477,6643.3171,331997,61.993,-24.696,26.486,-8.143,0.0889,0.0042,-1.1096,0.02025,-0.11564,0.004,1.0083,-0.01,-0.012,-0.05836,0.01132,-0.02505,0.1079,0.1179,-0.98708,0.01124,0.70273,-0.01141,-0.71135,-0.00473,50.25,52.87,0.02,0.0737
20:48:34.521,6643.3371,331998,62.162,-24.736,26.511,-8.154,0.0889,0.0046,-1.1047,0.02212,-0.12084,0.00306,1.0088,-0.0115,-0.0078,-0.05836,0.01199,-0.02505,0.10748,0.11791,-0.98713,0.01118,0.70343,-0.01171,-0.71065,-0.00441,50.26,52.88,0.02,0.0733
20:48:34.523,6643.3571,331999,62.133,-25.056,26.535,-8.166,0.0911,0.0066,-1.1104,0.02292,-0.12031,0.0036,1.0117,-0.0088,-0.0105,-0.05782,0.01306,-0.02531,0.10706,0.11792,-0.98717,0.01113,0.70339,-0.01071,-0.7107,-0.00542,50.24,52.87,0.02,0.0712
20:48:34.524,6643.3771,332000,62.223,-24.792,26.559,-8.177,0.0928,0.0061,-1.0989,0.02132,-0.11591,0.00493,1.01,-0.0168,-0.0117,-0.05809,0.01199,-0.02558,0.10669,0.11791,-0.98721,0.01106,0.70327,-0.01172,-0.71081,-0.00441,50.25,52.87,0.02,0.0723
20:48:34.551,6643.3971,332001,62.391,-24.716,26.583,-8.188,0.0906,0.0078,-1.1084,0.02292,-0.11844,0.00386,1.0103,-0.0134,-0.0083,-0.05822,0.01172,-0.02531,0.1063,0.11792,-0.98726,0.011,0.70383,-0.01236,-0.71025,-0.00375,50.24,52.86,0.02,0.0722
20:48:34.567,6643.4171,332002,62.302,-24.847,26.608,-8.2,0.0916,0.0068,-1.1052,0.02265,-0.11684,0.00386,1.0068,-0.0095,-0.012,-0.05836,0.01292,-0.02611,0.10591,0.11792,-0.9873,0.01095,0.70321,-0.01178,-0.71087,-0.00435,50.24,52.87,0.02,0.0748
20:48:34.597,6643.4371,332003,62.471,-24.764,26.632,-8.211,0.0916,0.0034,-1.1069,0.02318,-0.12031,0.0044,1.0098,-0.0125,-0.0095,-0.05742,0.01279,-0.02558,0.10549,0.11792,-0.98734,0.0109,0.70375,-0.01246,-0.71033,-0.00366,50.25,52.86,0.02,0.0726
20:48:34.641,6643.4571,332004,62.397,-24.753,26.656,-8.222,0.092,0.0059,-1.1028,0.02505,-0.12044,0.00213,1.0073,-0.0117,-0.0137,-0.05836,0.01386,-0.02598,0.10507,0.11794,-0.98739,0.01087,0.70301,-0.01234,-0.71106,-0.00378,50.26,52.86,0.02,0.0744
20:48:34.643,6643.4771,332005,62.449,-25.082,26.681,-8.234,0.0908,0.0046,-1.1057,0.02238,-0.11458,0.0032,1.0071,-0.011,-0.011,-0.05822,0.01266,-0.02598,0.10471,0.11795,-0.98742,0.01082,0.70348,-0.01152,-0.71061,-0.00461,50.24,52.86,0.02,0.0746
20:48:34.644,6643.4971,332006,62.414,-24.97,26.705,-8.245,0.0879,0.0037,-1.1045,0.02425,-0.12417,0.0032,1.012,-0.0107,-0.0127,-0.05889,0.01412,-0.02625,0.10426,0.11796,-0.98747,0.01077,0.70279,-0.0118,-0.71128,-0.00434,50.23,52.87,0.02,0.0709
20:48:34.672,6643.5171,332007,62.583,-24.868,26.729,-8.256,0.0884,0.0076,-1.1033,0.02225,-0.11831,0.0028,1.0078,-0.0146,-0.0093,-0.05849,0.01266,-0.02545,0.10386,0.11797,-0.98751,0.01072,0.70333,-0.01252,-0.71075,-0.0036,50.23,52.86,0.02,0.074
20:48:34.686,6643.5371,332008,62.51,-24.836,26.753,-8.267,0.0906,-0.0002,-1.1016,0.02172,-0.11804,0.0036,1.0073,-0.0125,-0.0117,-0.05769,0.01252,-0.02571,0.10347,0.11797,-0.98755,0.01068,0.70258,-0.01247,-0.71149,-0.00366,50.25,52.86,0.02,0.0744
20:48:34.717,6643.5571,332009,62.645,-25.028,26.777,-8.279,0.093,0.0054,-1.1047,0.02358,-0.11778,0.0032,1.0083,-0.0117,-0.0103,-0.05822,0.01252,-0.02531,0.10308,0.11798,-0.98759,0.01063,0.70331,-0.01225,-0.71077,-0.00387,50.25,52.87,0.02,0.0737
20:48:34.747,6643.5771,332010,62.805,-25.096,26.802,-8.29,0.093,0.0002,-1.1125,0.02238,-0.11778,0.00413,1.01,-0.0122,-0.0098,-0.05836,0.01226,-0.02571,0.10268,0.11798,-0.98764,0.01059,0.70401,-0.01248,-0.71007,-0.00363,50.25,52.87,0.02,0.0724
20:48:34.748,6643.5971,332011,62.764,-24.96,26.826,-8.301,0.0876,0.0024,-1.1089,0.02238,-0.11831,0.00466,1.0083,-0.0137,-0.0115,-0.05836,0.01306,-0.02571,0.10229,0.11799,-0.98768,0.01055,0.70331,-0.0128,-0.71076,-0.00332,50.24,52.88,0.02,0.0737
20:48:34.777,6643.6171,332012,62.677,-25.052,26.85,-8.313,0.0928,0.0044,-1.103,0.02252,-0.11738,0.00386,1.0088,-0.0115,-0.0134,-0.05862,0.01199,-0.02585,0.10189,0.11799,-0.98772,0.0105,0.70265,-0.01234,-0.71142,-0.00379,50.26,52.87,0.02,0.0733
20:48:34.807,6643.6371,332013,62.824,-25.197,26.874,-8.324,0.0908,0.0059,-1.0972,0.02185,-0.11858,0.0044,1.0093,-0.012,-0.0112,-0.05782,0.01226,-0.02558,0.1015,0.118,-0.98776,0.01044,0.70338,-0.0123,-0.71069,-0.00382,50.25,52.88,0.02,0.0729
20:48:34.809,6643.6571,332014,62.973,-25.334,26.899,-8.336,0.0925,0.0037,-1.1077,0.02252,-0.11858,0.00346,1.009,-0.012,-0.009,-0.05875,0.01199,-0.02558,0.10111,0.11801,-0.9878,0.0104,0.70412,-0.0123,-0.70997,-0.00382,50.24,52.87,0.02,0.0732
20:48:34.837,6643.6771,332015,62.883,-25.438,26.923,-8.347,0.0869,0.0054,-1.1006,0.02252,-0.11831,0.0024,1.0066,-0.009,-0.0122,-0.05889,0.01199,-0.02531,0.10071,0.11801,-0.98784,0.01035,0.70346,-0.01179,-0.71062,-0.00434,50.25,52.87,0.02,0.075
20:48:34.866,6643.6971,332016,62.9,-25.197,26.947,-8.358,0.0862,0.002,-1.1028,0.02252,-0.11818,0.00346,1.0073,-0.0122,-0.0115,-0.05782,0.01226,-0.02478,0.10032,0.11802,-0.98788,0.0103,0.70294,-0.01255,-0.71113,-0.00358,50.24,52.88,0.02,0.0744
20:48:34.869,6643.7171,332017,62.875,-25.544,26.971,-8.37,0.0886,0.0022,-1.103,0.02318,-0.11538,0.00373,1.0088,-0.0103,-0.0117,-0.05796,0.01292,-0.02558,0.09995,0.11802,-0.98791,0.01027,0.70299,-0.01152,-0.71109,-0.00462,50.25,52.87,0.02,0.0733
20:48:34.898,6643.7371,332018,63.02,-25.346,26.996,-8.381,0.0906,0.0027,-1.1038,0.02265,-0.11858,0.00293,1.01,-0.0134,-0.0107,-0.05889,0.01332,-0.02585,0.09956,0.11802,-0.98795,0.01022,0.70325,-0.01247,-0.71082,-0.00366,50.26,52.87,0.02,0.0724
20:48:34.913,6643.7571,332019,62.944,-25.348,27.02,-8.393,0.0884,0.0032,-1.1064,0.02225,-0.11711,0.00333,1.01,-0.0115,-0.0146,-0.05849,0.01279,-0.02545,0.09916,0.11803,-0.98799,0.01018,0.70254,-0.01229,-0.71153,-0.00384,50.24,52.87,0.02,0.0724
20:48:34.927,6643.7771,332020,62.909,-25.202,27.044,-8.404,0.0859,0.0032,-1.1045,0.02252,-0.11764,0.0032,1.0103,-0.0134,-0.0159,-0.05836,0.01359,-0.02598,0.09877,0.11803,-0.98803,0.01013,0.70186,-0.01264,-0.7122,-0.00349,50.24,52.87,0.02,0.0721
20:48:34.957,6643.7971,332021,63.039,-25.386,27.068,-8.415,0.0957,0.0042,-1.1045,0.02292,-0.11658,0.0028,1.0139,-0.012,-0.0112,-0.05889,0.01306,-0.02571,0.09838,0.11804,-0.98807,0.01008,0.70254,-0.01246,-0.71152,-0.00367,50.25,52.88,0.02,0.0695
20:48:34.986,6643.8171,332022,63.197,-25.49,27.092,-8.427,0.0911,0.0042,-1.1104,0.02252,-0.11671,0.00413,1.0078,-0.0127,-0.0112,-0.05782,0.01306,-0.02478,0.09798,0.11805,-0.98811,0.01003,0.70328,-0.01258,-0.71079,-0.00354,50.25,52.88,0.02,0.074
20:48:34.989,6643.8371,332023,63.104,-25.594,27.116,-8.438,0.0898,0.0049,-1.1016,0.02212,-0.11711,0.00333,1.0044,-0.0107,-0.0134,-0.05849,0.01199,-0.02531,0.09759,0.11805,-0.98815,0.00998,0.70261,-0.01207,-0.71147,-0.00406,50.24,52.87,0.02,0.0766
20:48:35.018,6643.8571,332024,63.264,-25.638,27.14,-8.45,0.0867,0.0061,-1.1038,0.02278,-0.11791,0.00293,1.0134,-0.0125,-0.0103,-0.05875,0.01266,-0.02545,0.0972,0.11806,-0.98819,0.00993,0.70328,-0.01236,-0.7108,-0.00376,50.26,52.88,0.02,0.0699
20:48:35.032,6643.8771,332025,63.174,-25.699,27.164,-8.461,0.0908,0.0032,-1.1123,0.02198,-0.11791,0.00386,1.0054,-0.0112,-0.0125,-0.05929,0.01252,-0.02585,0.0968,0.11806,-0.98823,0.00988,0.70256,-0.01199,-0.71151,-0.00415,50.24,52.87,0.02,0.0758
20:48:35.047,6643.8971,332026,63.336,-25.772,27.189,-8.473,0.0886,0.0056,-1.1091,0.02332,-0.11898,0.00333,1.0088,-0.012,-0.01,-0.05822,0.01279,-0.02625,0.09641,0.11807,-0.98827,0.00983,0.70328,-0.01221,-0.71079,-0.00391,50.22,52.86,0.02,0.0733
20:48:35.077,6643.9171,332027,63.261,-25.747,27.213,-8.484,0.0913,0.0059,-1.1064,0.02238,-0.11791,0.00293,1.0071,-0.0112,-0.0139,-0.05849,0.01239,-0.02518,0.09601,0.11807,-0.9883,0.00978,0.70254,-0.0121,-0.71153,-0.00403,50.23,52.87,0.02,0.0746
20:48:35.136,6643.9371,332028,63.426,-25.625,27.237,-8.496,0.0911,0.0071,-1.1052,0.02172,-0.11831,0.00293,1.0103,-0.0127,-0.0122,-0.05809,0.01266,-0.02505,0.09562,0.11808,-0.98834,0.00972,0.70301,-0.01287,-0.71105,-0.00325,50.26,52.87,0.02,0.0722
20:48:35.138,6643.9571,332029,63.376,-25.954,27.261,-8.507,0.0918,0.0007,-1.1089,0.02305,-0.11884,0.00173,1.0088,-0.009,-0.0122,-0.05915,0.01346,-0.02598,0.09523,0.11808,-0.98838,0.00968,0.70288,-0.01186,-0.7112,-0.00427,50.25,52.87,0.02,0.0733
20:48:35.140,6643.9771,332030,63.52,-25.755,27.285,-8.519,0.0889,0.0029,-1.0986,0.02252,-0.11831,0.00266,1.011,-0.0127,-0.0115,-0.05809,0.01292,-0.02478,0.09483,0.11809,-0.98842,0.00964,0.70313,-0.0128,-0.71094,-0.00332,50.24,52.87,0.02,0.0716
20:48:35.152,6643.9971,332031,63.665,-25.538,27.309,-8.53,0.0913,0.0054,-1.1062,0.02252,-0.11831,0.0028,1.0085,-0.0159,-0.0107,-0.05836,0.01292,-0.02518,0.09444,0.11809,-0.98845,0.00958,0.70337,-0.01378,-0.71069,-0.00233,50.24,52.88,0.02,0.0735
20:48:35.167,6644.0171,332032,63.826,-25.432,27.334,-8.542,0.0903,0.0039,-1.1121,0.02252,-0.11778,0.0036,1.0129,-0.0173,-0.01,-0.05836,0.01239,-0.02491,0.09405,0.1181,-0.98849,0.00954,0.70385,-0.01449,-0.7102,-0.0016,50.25,52.87,0.02,0.0702
20:48:35.198,6644.0371,332033,63.737,-25.567,27.358,-8.553,0.0889,0.0083,-1.0974,0.02265,-0.11898,0.00413,1.0073,-0.0137,-0.0139,-0.05915,0.01319,-0.02558,0.09365,0.11811,-0.98853,0.00948,0.70324,-0.0139,-0.71082,-0.0022,50.24,52.87,0.02,0.0744
20:48:35.228,6644.0571,332034,63.647,-25.742,27.382,-8.564,0.0894,0.0042,-1.1013,0.02332,-0.11738,0.0044,1.0068,-0.0129,-0.0139,-0.05862,0.01226,-0.02545,0.09326,0.11811,-0.98857,0.00943,0.70267,-0.01322,-0.71139,-0.0029,50.24,52.87,0.02,0.0748
20:48:35.229,6644.0771,332035,63.71,-26.078,27.406,-8.576,0.0957,0.0054,-1.1086,0.02278,-0.11764,0.0044,1.009,-0.0122,-0.011,-0.05849,0.01266,-0.02505,0.09287,0.11812,-0.9886,0.00937,0.70317,-0.01247,-0.7109,-0.00366,50.24,52.87,0.02,0.0731
20:48:35.257,6644.0971,332036,63.711,-26.449,27.43,-8.588,0.0874,0.0022,-1.1101,0.02185,-0.11818,0.00346,1.009,-0.0117,-0.011,-0.05889,0.01239,-0.02545,0.09247,0.11812,-0.98864,0.00933,0.70339,-0.01148,-0.7107,-0.00465,50.25,52.87,0.02,0.0732
20:48:35.272,6644.1171,332037,63.686,-26.268,27.454,-8.599,0.0881,0.0044,-1.1052,0.02332,-0.11791,0.00373,1.0076,-0.0107,-0.0122,-0.05875,0.01239,-0.02571,0.09208,0.11813,-0.98868,0.00928,0.70271,-0.01193,-0.71136,-0.00421,50.24,52.88,0.02,0.0742
20:48:35.302,6644.1371,332038,63.861,-26.266,27.478,-8.611,0.0894,0.0042,-1.1084,0.02358,-0.11844,0.00426,1.0046,-0.0122,-0.0105,-0.05822,0.01266,-0.02571,0.09168,0.11813,-0.98871,0.00923,0.7034,-0.0124,-0.71067,-0.00372,50.25,52.87,0.02,0.0765
20:48:35.317,6644.1571,332039,63.782,-26.268,27.502,-8.623,0.0891,0.0017,-1.1057,0.02278,-0.11898,0.00426,1.0076,-0.011,-0.0151,-0.05849,0.01279,-0.02491,0.09129,0.11814,-0.98875,0.00919,0.70267,-0.01222,-0.7114,-0.00391,50.25,52.88,0.02,0.0742
20:48:35.346,6644.1771,332040,63.783,-26.644,27.526,-8.635,0.0903,0.0046,-1.1055,0.02438,-0.12004,0.00346,1.0088,-0.0051,-0.0112,-0.05836,0.01279,-0.02491,0.09087,0.11814,-0.98879,0.00916,0.70287,-0.01123,-0.71121,-0.00492,50.24,52.85,0.02,0.0733
20:48:35.349,6644.1971,332041,63.951,-26.527,27.55,-8.647,0.0923,0.0039,-1.0986,0.02332,-0.11738,0.004,1.0078,-0.0168,-0.0071,-0.05875,0.01386,-0.02505,0.09048,0.11815,-0.98882,0.00911,0.70337,-0.012,-0.71071,-0.00413,50.24,52.86,0.02,0.074
20:48:35.377,6644.2171,332042,63.868,-26.558,27.574,-8.658,0.0933,-0.0027,-1.0979,0.02212,-0.11804,0.00373,1.0085,-0.0103,-0.0127,-0.05836,0.01252,-0.02545,0.09008,0.11815,-0.98886,0.00909,0.70265,-0.01174,-0.71142,-0.0044,50.24,52.87,0.02,0.0735
20:48:35.406,6644.2371,332043,63.847,-26.378,27.598,-8.67,0.0886,0.0046,-1.1035,0.02225,-0.11791,0.00293,1.011,-0.0112,-0.0139,-0.05782,0.01319,-0.02598,0.08969,0.11816,-0.98889,0.00903,0.70201,-0.01219,-0.71206,-0.00395,50.24,52.87,0.02,0.0716
20:48:35.409,6644.2571,332044,64.009,-26.473,27.622,-8.682,0.0918,0.0059,-1.1023,0.02198,-0.11711,0.0032,1.0071,-0.0137,-0.0061,-0.05822,0.01252,-0.02558,0.08929,0.11816,-0.98893,0.00898,0.70274,-0.01236,-0.71132,-0.00377,50.23,52.87,0.02,0.0746
20:48:35.466,6644.2771,332045,64.18,-26.489,27.647,-8.694,0.0867,0.0017,-1.106,0.02278,-0.11858,0.00386,1.0066,-0.0144,-0.0088,-0.05875,0.01306,-0.02531,0.0889,0.11817,-0.98897,0.00894,0.70343,-0.01279,-0.71064,-0.00333,50.24,52.86,0.02,0.0749
20:48:35.468,6644.2971,332046,64.338,-26.609,27.671,-8.706,0.0911,0.0066,-1.1079,0.02145,-0.11711,0.00346,1.0061,-0.0137,-0.0081,-0.05875,0.01226,-0.02531,0.08851,0.11817,-0.989,0.00888,0.70419,-0.01289,-0.70989,-0.00322,50.25,52.87,0.02,0.0753
20:48:35.469,6644.3171,332047,64.285,-26.49,27.695,-8.717,0.093,0.0063,-1.1011,0.02145,-0.11778,0.00306,1.0063,-0.0154,-0.0154,-0.05862,0.01279,-0.02531,0.08811,0.11818,-0.98904,0.00883,0.70344,-0.01308,-0.71063,-0.00303,50.24,52.87,0.02,0.0751
20:48:35.513,6644.3371,332048,64.19,-26.659,27.719,-8.729,0.0916,0.0061,-1.1028,0.02332,-0.11831,0.0032,1.0034,-0.0122,-0.012,-0.05889,0.01306,-0.02625,0.08772,0.11818,-0.98907,0.00877,0.70284,-0.01239,-0.71123,-0.00373,50.26,52.87,0.02,0.0773
20:48:35.514,6644.3571,332049,64.28,-26.386,27.743,-8.741,0.0923,0.0037,-1.1018,0.02438,-0.11871,0.0028,1.0115,-0.0146,-0.0125,-0.05889,0.01332,-0.02625,0.08733,0.11819,-0.98911,0.00872,0.70269,-0.01337,-0.71136,-0.00274,50.25,52.87,0.02,0.0712
20:48:35.527,6644.3771,332050,64.337,-26.729,27.767,-8.752,0.0891,0.0059,-1.1067,0.02318,-0.11871,0.00413,1.011,-0.0088,-0.0085,-0.05796,0.01332,-0.02558,0.08693,0.11819,-0.98914,0.00867,0.70318,-0.01262,-0.71089,-0.0035,50.25,52.87,0.02,0.0717
20:48:35.557,6644.3971,332051,64.251,-26.849,27.791,-8.764,0.0935,0.0,-1.1038,0.02252,-0.11764,0.00373,1.0115,-0.011,-0.0134,-0.05809,0.01319,-0.02531,0.08654,0.1182,-0.98917,0.00864,0.70257,-0.01211,-0.7115,-0.00403,50.25,52.86,0.02,0.0713
20:48:35.588,6644.4171,332052,64.416,-26.752,27.815,-8.776,0.0898,0.0037,-1.1008,0.02318,-0.11751,0.0036,1.0115,-0.0132,-0.0117,-0.05809,0.01319,-0.02491,0.08614,0.1182,-0.98921,0.00859,0.70307,-0.01282,-0.711,-0.0033,50.25,52.87,0.02,0.0713
20:48:35.591,6644.4371,332053,64.331,-26.999,27.839,-8.788,0.0884,0.0037,-1.1013,0.02265,-0.11911,0.00373,1.0063,-0.0129,-0.0117,-0.05875,0.01266,-0.02558,0.08575,0.11821,-0.98924,0.00854,0.70263,-0.01196,-0.71144,-0.00417,50.24,52.85,0.02,0.0752
20:48:35.617,6644.4571,332054,64.478,-27.157,27.863,-8.8,0.0933,0.0005,-1.1052,0.02238,-0.11831,0.004,1.009,-0.011,-0.0112,-0.05822,0.01306,-0.02491,0.08535,0.11821,-0.98928,0.00851,0.70337,-0.01196,-0.71071,-0.00416,50.24,52.86,0.02,0.0732
20:48:35.632,6644.4771,332055,64.567,-26.873,27.887,-8.812,0.0898,0.0046,-1.1074,0.02172,-0.11884,0.004,1.0093,-0.0115,-0.0107,-0.05875,0.01279,-0.02545,0.08496,0.11822,-0.98931,0.00846,0.7032,-0.01296,-0.71087,-0.00316,50.24,52.88,0.02,0.0729
20:48:35.648,6644.4971,332056,64.722,-27.002,27.911,-8.824,0.0908,0.0078,-1.1062,0.02212,-0.11831,0.0032,1.0076,-0.0139,-0.0107,-0.05849,0.01332,-0.02491,0.08457,0.11822,-0.98934,0.00839,0.70394,-0.01304,-0.71013,-0.00307,50.24,52.87,0.02,0.0742
20:48:35.692,6644.5171,332057,64.631,-27.121,27.935,-8.836,0.0903,0.0022,-1.1028,0.02185,-0.11644,0.004,1.0076,-0.0105,-0.0132,-0.05836,0.01239,-0.02478,0.08417,0.11823,-0.98938,0.00835,0.7033,-0.01251,-0.71077,-0.00361,50.25,52.87,0.02,0.0742
20:48:35.693,6644.5371,332058,64.549,-27.374,27.959,-8.848,0.0864,0.0034,-1.1033,0.02278,-0.11844,0.00293,1.0083,-0.0117,-0.0112,-0.05849,0.01266,-0.02545,0.08378,0.11823,-0.98941,0.00831,0.70289,-0.01165,-0.71119,-0.00449,50.25,52.86,0.02,0.0737
20:48:35.707,6644.5571,332059,64.684,-27.121,27.983,-8.86,0.0918,0.0017,-1.1028,0.02238,-0.11871,0.00426,1.0061,-0.0139,-0.0115,-0.05809,0.01292,-0.02531,0.08338,0.11824,-0.98944,0.00827,0.70301,-0.01269,-0.71105,-0.00343,50.24,52.86,0.02,0.0753
20:48:35.737,6644.5771,332060,64.606,-27.139,28.007,-8.872,0.0911,0.0049,-1.1018,0.02225,-0.11884,0.004,1.0112,-0.0122,-0.0142,-0.05889,0.01239,-0.02571,0.08299,0.11824,-0.98948,0.00822,0.70232,-0.01246,-0.71175,-0.00368,50.25,52.86,0.02,0.0715
20:48:35.752,6644.5971,332061,64.536,-27.448,28.031,-8.884,0.0879,0.0039,-1.1011,0.02292,-0.11924,0.00386,1.0073,-0.0085,-0.0146,-0.05862,0.01319,-0.02545,0.08259,0.11824,-0.98951,0.00817,0.70205,-0.01148,-0.71202,-0.00467,50.24,52.88,0.02,0.0744
20:48:35.767,6644.6171,332062,64.703,-27.5,28.055,-8.896,0.0906,0.001,-1.1116,0.02252,-0.11791,0.00453,1.0078,-0.0115,-0.0105,-0.05809,0.01319,-0.02531,0.0822,0.11825,-0.98954,0.00813,0.70275,-0.01182,-0.71132,-0.00431,50.24,52.86,0.02,0.0741
20:48:35.812,6644.6371,332063,64.877,-27.426,28.079,-8.908,0.0901,0.0022,-1.1079,0.02225,-0.11951,0.00306,1.0063,-0.0134,-0.01,-0.05822,0.01266,-0.02491,0.0818,0.11825,-0.98958,0.00809,0.70333,-0.01251,-0.71075,-0.00362,50.24,52.88,0.02,0.0752
20:48:35.814,6644.6571,332064,64.912,-27.157,28.103,-8.92,0.0876,0.0042,-1.1025,0.02332,-0.11951,0.004,1.01,-0.0139,-0.0115,-0.05796,0.01359,-0.02478,0.08141,0.11826,-0.98961,0.00804,0.70287,-0.01331,-0.71118,-0.00281,50.25,52.87,0.02,0.0724
20:48:35.828,6644.6771,332065,64.891,-27.536,28.127,-8.932,0.0916,0.0049,-1.103,0.02332,-0.11804,0.00346,1.0095,-0.0115,-0.0117,-0.05902,0.01279,-0.02558,0.08101,0.11826,-0.98964,0.00799,0.70297,-0.01229,-0.7111,-0.00384,50.25,52.88,0.02,0.0728
20:48:35.857,6644.6971,332066,64.923,-27.909,28.151,-8.945,0.0925,0.0037,-1.1021,0.02292,-0.11871,0.0032,1.0115,-0.0107,-0.0112,-0.05875,0.01319,-0.02518,0.08062,0.11827,-0.98967,0.00794,0.70335,-0.01144,-0.71074,-0.0047,50.25,52.87,0.02,0.0713
20:48:35.872,6644.7171,332067,64.885,-27.762,28.175,-8.957,0.0916,0.0051,-1.1023,0.02212,-0.11818,0.00333,1.0107,-0.0117,-0.0161,-0.05915,0.01266,-0.02545,0.08023,0.11827,-0.9897,0.00789,0.70266,-0.01173,-0.71142,-0.00441,50.24,52.86,0.02,0.0718
20:48:35.887,6644.7371,332068,65.02,-27.509,28.199,-8.969,0.0918,0.0034,-1.105,0.02305,-0.11804,0.0028,1.0073,-0.0139,-0.0122,-0.05875,0.01292,-0.02451,0.07983,0.11828,-0.98974,0.00784,0.70278,-0.01276,-0.71129,-0.00337,50.24,52.86,0.02,0.0744
20:48:35.931,6644.7571,332069,65.074,-27.87,28.222,-8.981,0.0925,0.0044,-1.106,0.02238,-0.11684,0.0036,1.01,-0.0105,-0.0105,-0.05862,0.01212,-0.02531,0.07944,0.11828,-0.98977,0.00779,0.70327,-0.012,-0.71081,-0.00413,50.23,52.88,0.02,0.0724
20:48:35.933,6644.7771,332070,65.006,-27.812,28.246,-8.993,0.0918,0.0066,-1.1001,0.02278,-0.11818,0.00333,1.0076,-0.011,-0.0125,-0.05849,0.01319,-0.02585,0.07904,0.11829,-0.9898,0.00773,0.70252,-0.01197,-0.71155,-0.00417,50.24,52.88,0.02,0.0742
20:48:35.947,6644.7971,332071,65.173,-27.719,28.27,-9.006,0.0938,0.0063,-1.1096,0.02292,-0.11804,0.00373,1.0117,-0.0139,-0.011,-0.05822,0.01226,-0.02558,0.07865,0.11829,-0.98983,0.00767,0.70303,-0.01267,-0.71104,-0.00346,50.25,52.86,0.02,0.0711
20:48:35.978,6644.8171,332072,65.155,-28.12,28.294,-9.018,0.0842,0.0056,-1.105,0.02278,-0.11938,0.004,1.0054,-0.0071,-0.0107,-0.05862,0.01266,-0.02451,0.07826,0.1183,-0.98986,0.00762,0.70318,-0.01162,-0.71091,-0.00452,50.24,52.86,0.02,0.0759
20:48:35.992,6644.8371,332073,65.119,-27.971,28.318,-9.03,0.0903,0.0085,-1.1001,0.02318,-0.11804,0.00333,1.0115,-0.0112,-0.0142,-0.05862,0.01372,-0.02518,0.07787,0.1183,-0.98989,0.00755,0.70249,-0.01189,-0.71159,-0.00424,50.24,52.86,0.02,0.0713
20:48:36.007,6644.8571,332074,65.223,-27.69,28.342,-9.042,0.0872,0.0042,-1.0981,0.02292,-0.12084,0.00306,1.0095,-0.0161,-0.0137,-0.05875,0.01319,-0.02585,0.07744,0.11831,-0.98992,0.0075,0.70238,-0.0129,-0.71168,-0.00322,50.25,52.87,0.02,0.0727
20:48:36.051,6644.8771,332075,65.396,-27.602,28.366,-9.054,0.0889,0.0029,-1.1094,0.02345,-0.12177,0.00173,1.009,-0.0161,-0.0117,-0.05862,0.01346,-0.02571,0.07701,0.11833,-0.98995,0.00745,0.7029,-0.01362,-0.71115,-0.00249,50.25,52.86,0.02,0.0731
20:48:36.053,6644.8971,332076,65.392,-28.007,28.39,-9.067,0.0854,0.0059,-1.1042,0.02545,-0.12351,0.0016,1.0103,-0.0112,-0.0112,-0.05836,0.01479,-0.02611,0.07656,0.11836,-0.98999,0.00742,0.70308,-0.01262,-0.71099,-0.00349,50.28,52.87,0.02,0.0722
20:48:36.067,6644.9171,332077,65.57,-27.965,28.414,-9.079,0.0894,0.0034,-1.1042,0.02225,-0.11858,0.00293,1.0037,-0.0137,-0.0105,-0.05809,0.01332,-0.02558,0.07616,0.11836,-0.99002,0.00737,0.70372,-0.01324,-0.71035,-0.00287,50.25,52.86,0.02,0.0771
20:48:36.097,6644.9371,332078,65.487,-28.197,28.438,-9.091,0.0898,0.0027,-1.1113,0.01759,-0.12071,0.00346,1.0068,-0.0112,-0.0115,-0.05875,0.01199,-0.02438,0.07575,0.11837,-0.99005,0.00727,0.70326,-0.01241,-0.71082,-0.0037,50.26,52.86,0.02,0.0748
20:48:36.112,6644.9571,332079,65.534,-27.906,28.462,-9.103,0.0896,0.0059,-1.1069,0.02278,-0.11938,0.0016,1.0078,-0.0149,-0.0122,-0.05769,0.01279,-0.02545,0.07534,0.11839,-0.99008,0.00721,0.70284,-0.01328,-0.71122,-0.00284,50.25,52.86,0.02,0.074
20:48:36.127,6644.9771,332080,65.546,-28.322,28.486,-9.116,0.0874,0.0002,-1.1047,0.02545,-0.11911,0.00253,1.0076,-0.0105,-0.0107,-0.05796,0.01399,-0.02545,0.07493,0.1184,-0.99011,0.00721,0.70315,-0.01233,-0.71092,-0.00379,50.26,52.87,0.02,0.0742
20:48:36.173,6644.9971,332081,65.495,-28.69,28.509,-9.128,0.0886,0.0032,-1.1067,0.01998,-0.11898,0.00413,1.0059,-0.0081,-0.0115,-0.05862,0.01292,-0.02465,0.07453,0.1184,-0.99014,0.00713,0.70306,-0.01127,-0.71102,-0.00486,50.24,52.87,0.02,0.0755
20:48:36.174,6645.0171,332082,65.636,-28.459,28.533,-9.141,0.0879,0.002,-1.1062,0.02105,-0.11538,0.00533,1.0107,-0.0132,-0.0107,-0.05836,0.01186,-0.02465,0.07416,0.11838,-0.99017,0.00708,0.70325,-0.01225,-0.71082,-0.00387,50.24,52.85,0.02,0.0719
20:48:36.187,6645.0371,332083,65.597,-28.289,28.557,-9.153,0.0852,0.0027,-1.0996,0.02318,-0.11778,0.0048,1.0054,-0.0125,-0.0125,-0.05849,0.01279,-0.02585,0.07377,0.11839,-0.9902,0.00704,0.70253,-0.01258,-0.71154,-0.00354,50.24,52.87,0.02,0.0758
20:48:36.232,6645.0571,332084,65.76,-28.311,28.581,-9.165,0.0859,0.0037,-1.1038,0.01985,-0.11498,0.00506,1.0122,-0.0151,-0.0093,-0.05889,0.01212,-0.02545,0.07341,0.11837,-0.99023,0.00697,0.70318,-0.01297,-0.71088,-0.00314,50.24,52.87,0.02,0.0707
20:48:36.233,6645.0771,332085,65.8,-28.682,28.605,-9.178,0.0901,0.0059,-1.1035,0.02225,-0.10992,0.0052,1.0083,-0.0125,-0.0103,-0.05849,0.01132,-0.02571,0.07309,0.11836,-0.99025,0.00691,0.70366,-0.01217,-0.71042,-0.00394,50.25,52.87,0.02,0.0737
20:48:36.247,6645.0971,332086,65.73,-29.007,28.629,-9.191,0.0837,0.0042,-1.1045,0.02531,-0.12417,0.0036,1.0083,-0.0098,-0.0103,-0.05849,0.01359,-0.02691,0.07263,0.11837,-0.99029,0.00688,0.70337,-0.01122,-0.71071,-0.00491,50.26,52.87,0.02,0.0737
20:48:36.291,6645.1171,332087,65.784,-28.706,28.653,-9.203,0.0901,0.0034,-1.1038,0.02105,-0.11564,0.00493,1.0085,-0.0134,-0.0125,-0.05915,0.01132,-0.02531,0.07226,0.11835,-0.99031,0.00682,0.703,-0.01211,-0.71108,-0.00401,50.24,52.87,0.02,0.0735
20:48:36.293,6645.1371,332088,65.754,-28.528,28.677,-9.216,0.0872,0.0017,-1.1047,0.02265,-0.11938,0.00426,1.0083,-0.0125,-0.0137,-0.05822,0.01319,-0.02625,0.07187,0.11836,-0.99034,0.00679,0.70231,-0.01248,-0.71176,-0.00364,50.24,52.87,0.02,0.0736
20:48:36.307,6645.1571,332089,65.818,-28.9,28.7,-9.228,0.0901,0.0012,-1.1001,0.02411,-0.11738,0.00373,1.0083,-0.0098,-0.0115,-0.05809,0.01252,-0.02545,0.07147,0.11836,-0.99037,0.00676,0.70286,-0.01179,-0.71122,-0.00434,50.25,52.87,0.02,0.0737
20:48:36.337,6645.1771,332090,65.769,-29.265,28.724,-9.241,0.0884,0.0051,-1.1111,0.02318,-0.12084,0.00373,1.01,-0.0088,-0.0122,-0.05849,0.01292,-0.02571,0.07105,0.11836,-0.9904,0.0067,0.70277,-0.01078,-0.71132,-0.00536,50.24,52.86,0.02,0.0724
20:48:36.353,6645.1971,332091,65.945,-29.195,28.748,-9.254,0.0886,0.0042,-1.1045,0.02278,-0.11844,0.0032,1.0059,-0.0127,-0.0081,-0.05902,0.01319,-0.02558,0.07065,0.11837,-0.99043,0.00665,0.70335,-0.01147,-0.71074,-0.00466,50.24,52.87,0.02,0.0755
20:48:36.367,6645.2171,332092,66.039,-28.89,28.772,-9.266,0.0908,0.0042,-1.1016,0.02398,-0.11898,0.00187,1.0061,-0.0115,-0.011,-0.05929,0.01306,-0.02505,0.07025,0.11839,-0.99046,0.00661,0.70316,-0.01249,-0.71092,-0.00362,50.25,52.86,0.02,0.0753
20:48:36.411,6645.2371,332093,66.21,-28.866,28.796,-9.279,0.0879,0.0032,-1.1021,0.02185,-0.11898,0.0024,1.0088,-0.0151,-0.0085,-0.05875,0.01266,-0.02531,0.06985,0.11839,-0.99048,0.00657,0.70377,-0.01306,-0.7103,-0.00305,50.24,52.87,0.02,0.0733
20:48:36.413,6645.2571,332094,66.13,-28.877,28.82,-9.291,0.0908,0.0061,-1.1025,0.02252,-0.11564,0.00413,1.0112,-0.0139,-0.0103,-0.05796,0.01252,-0.02518,0.06948,0.11839,-0.99051,0.00651,0.70308,-0.0128,-0.71099,-0.00331,50.24,52.87,0.02,0.0715
20:48:36.427,6645.2771,332095,66.245,-29.181,28.844,-9.304,0.0852,0.0056,-1.1074,0.02225,-0.12071,0.00306,1.0049,-0.0125,-0.0098,-0.05822,0.01332,-0.02531,0.06906,0.1184,-0.99054,0.00644,0.70379,-0.01241,-0.71029,-0.0037,50.24,52.86,0.02,0.0762
20:48:36.471,6645.2971,332096,66.174,-29.15,28.867,-9.317,0.0889,0.0017,-1.1011,0.02332,-0.11818,0.00293,1.0105,-0.0112,-0.0164,-0.05796,0.01212,-0.02505,0.06867,0.1184,-0.99057,0.00641,0.70307,-0.01231,-0.711,-0.00381,50.25,52.88,0.02,0.072
20:48:36.473,6645.3171,332097,66.143,-28.976,28.891,-9.329,0.0913,0.0051,-1.115,0.02252,-0.11831,0.0036,1.01,-0.0134,-0.0144,-0.05822,0.01226,-0.02505,0.06827,0.11841,-0.99059,0.00636,0.70238,-0.01264,-0.71168,-0.00348,50.26,52.87,0.02,0.0724
20:48:36.487,6645.3371,332098,66.218,-29.329,28.915,-9.342,0.0898,0.0042,-1.1118,0.02252,-0.11591,0.0036,1.0083,-0.0122,-0.0127,-0.05849,0.01319,-0.02558,0.0679,0.11841,-0.99062,0.00631,0.70298,-0.01203,-0.71109,-0.00409,50.22,52.87,0.02,0.0737
20:48:36.533,6645.3571,332099,66.36,-29.541,28.939,-9.355,0.0881,0.0032,-1.1057,0.02318,-0.11964,0.00293,1.0051,-0.011,-0.0098,-0.05796,0.01306,-0.02571,0.06751,0.11841,-0.99065,0.00626,0.70375,-0.01196,-0.71034,-0.00416,50.25,52.87,0.02,0.0761
20:48:36.536,6645.3771,332100,66.283,-29.52,28.963,-9.368,0.0928,0.0002,-1.103,0.02345,-0.11911,0.00346,1.0078,-0.0107,-0.011,-0.05836,0.01292,-0.02558,0.06711,0.11842,-0.99067,0.00624,0.70301,-0.01182,-0.71107,-0.00431,50.26,52.86,0.02,0.0741
20:48:36.547,6645.3971,332101,66.452,-29.549,28.986,-9.381,0.0925,0.0071,-1.1035,0.02292,-0.11844,0.00293,1.0093,-0.0112,-0.0107,-0.05889,0.01306,-0.02558,0.06672,0.11842,-0.9907,0.00617,0.70368,-0.01224,-0.7104,-0.00387,50.26,52.88,0.02,0.0729
20:48:36.577,6645.4171,332102,66.524,-29.259,29.01,-9.393,0.0886,0.001,-1.1047,0.02372,-0.12191,0.00253,1.01,-0.0156,-0.011,-0.05862,0.01359,-0.02545,0.06628,0.11843,-0.99073,0.00615,0.70337,-0.01317,-0.71069,-0.00294,50.25,52.87,0.02,0.0724
20:48:36.592,6645.4371,332103,66.443,-29.591,29.034,-9.406,0.0898,0.0029,-1.1028,0.02158,-0.11471,0.0044,1.0046,-0.012,-0.0112,-0.05929,0.01106,-0.02545,0.06592,0.11843,-0.99075,0.0061,0.7031,-0.01216,-0.71098,-0.00396,50.24,52.87,0.02,0.0764
20:48:36.607,6645.4571,332104,66.561,-29.882,29.058,-9.419,0.094,0.0032,-1.1057,0.02332,-0.12084,0.0036,1.0076,-0.0112,-0.0105,-0.05849,0.01279,-0.02611,0.06549,0.11843,-0.99078,0.00606,0.70381,-0.01185,-0.71027,-0.00427,50.24,52.87,0.02,0.0742
20:48:36.637,6645.4771,332105,66.532,-29.701,29.082,-9.432,0.0884,0.0017,-1.1055,0.02185,-0.11591,0.00373,1.0112,-0.0127,-0.0132,-0.05782,0.01266,-0.02571,0.06512,0.11843,-0.99081,0.00602,0.70314,-0.01221,-0.71094,-0.00392,50.25,52.88,0.02,0.0715
20:48:36.652,6645.4971,332106,66.449,-29.723,29.105,-9.445,0.0911,0.0044,-1.1021,0.02198,-0.11631,0.00266,1.0098,-0.011,-0.0129,-0.05822,0.01226,-0.02505,0.06474,0.11844,-0.99083,0.00596,0.70244,-0.01192,-0.71163,-0.00422,50.26,52.87,0.02,0.0725
20:48:36.667,6645.5171,332107,66.616,-29.84,29.129,-9.458,0.0884,0.0046,-1.1074,0.02318,-0.12217,0.00306,1.0054,-0.0122,-0.009,-0.05862,0.01252,-0.02585,0.06431,0.11845,-0.99086,0.00591,0.70318,-0.01215,-0.71089,-0.00397,50.24,52.88,0.02,0.0759
20:48:36.697,6645.5371,332108,66.745,-29.552,29.153,-9.47,0.0898,0.0034,-1.1052,0.02118,-0.11751,0.00373,1.0059,-0.0156,-0.011,-0.05849,0.01306,-0.02598,0.06391,0.11845,-0.99088,0.00586,0.70322,-0.01321,-0.71085,-0.0029,50.24,52.87,0.02,0.0754
20:48:36.713,6645.5571,332109,66.802,-29.948,29.177,-9.483,0.0874,0.0027,-1.1033,0.02292,-0.11964,0.00306,1.0081,-0.0129,-0.0098,-0.05862,0.01279,-0.02491,0.06352,0.11846,-0.99091,0.00582,0.70375,-0.01249,-0.71033,-0.00363,50.25,52.87,0.02,0.0738
20:48:36.757,6645.5771,332110,66.716,-30.027,29.2,-9.496,0.0867,0.002,-1.1008,0.02411,-0.11991,0.00333,1.0098,-0.011,-0.012,-0.05836,0.01252,-0.02545,0.0631,0.11846,-0.99093,0.0058,0.70308,-0.01208,-0.71099,-0.00404,50.24,52.85,0.02,0.0726
20:48:36.759,6645.5971,332111,66.811,-29.722,29.224,-9.509,0.0918,0.0037,-1.1021,0.02451,-0.11871,0.00346,1.0093,-0.0129,-0.0117,-0.05836,0.01372,-0.02558,0.0627,0.11847,-0.99096,0.00575,0.70291,-0.01308,-0.71115,-0.00303,50.23,52.87,0.02,0.0729
20:48:36.773,6645.6171,332112,66.839,-30.142,29.248,-9.522,0.0884,0.0049,-1.1006,0.02411,-0.11818,0.00373,1.0076,-0.0112,-0.0105,-0.05809,0.01346,-0.02598,0.06231,0.11847,-0.99098,0.0057,0.70332,-0.01221,-0.71076,-0.00391,50.25,52.88,0.02,0.0742
20:48:36.787,6645.6371,332113,66.804,-29.985,29.272,-9.535,0.0898,0.0037,-1.0996,0.02451,-0.12044,0.0024,1.0095,-0.0144,-0.0176,-0.05889,0.01372,-0.02545,0.06189,0.11849,-0.99101,0.00566,0.70262,-0.01249,-0.71145,-0.00363,50.24,52.86,0.02,0.0727
20:48:36.817,6645.6571,332114,66.971,-30.015,29.295,-9.548,0.0918,0.0088,-1.1023,0.02185,-0.11471,0.0036,1.0085,-0.0149,-0.0088,-0.05889,0.01226,-0.02545,0.06153,0.11849,-0.99103,0.00557,0.7033,-0.01289,-0.71077,-0.00322,50.24,52.87,0.02,0.0735
20:48:36.832,6645.6771,332115,67.145,-29.963,29.319,-9.561,0.0889,0.0032,-1.103,0.02158,-0.12044,0.0028,1.0098,-0.0164,-0.0085,-0.05902,0.01359,-0.02598,0.06112,0.1185,-0.99106,0.00551,0.70386,-0.01353,-0.7102,-0.00257,50.24,52.86,0.02,0.0725
20:48:36.847,6645.6971,332116,67.127,-30.391,29.343,-9.574,0.0908,0.0037,-1.1021,0.02385,-0.11764,0.00293,1.0088,-0.009,-0.0081,-0.05862,0.01252,-0.02558,0.06072,0.1185,-0.99108,0.00546,0.70403,-0.01252,-0.71005,-0.00358,50.25,52.87,0.02,0.0733
20:48:36.878,6645.7171,332117,67.051,-30.336,29.367,-9.587,0.0891,0.0063,-1.0938,0.02172,-0.11951,0.0036,1.0042,-0.012,-0.0127,-0.05862,0.01266,-0.02545,0.06033,0.11851,-0.9911,0.0054,0.70326,-0.01242,-0.71081,-0.00369,50.24,52.87,0.02,0.0767
20:48:36.892,6645.7371,332118,67.088,-30.041,29.391,-9.6,0.0886,0.0063,-1.105,0.02172,-0.11791,0.00453,1.0095,-0.0144,-0.0122,-0.05836,0.01239,-0.02558,0.05994,0.11851,-0.99113,0.00533,0.70278,-0.0132,-0.71127,-0.00291,50.23,52.87,0.02,0.0727
20:48:36.908,6645.7571,332119,67.228,-30.242,29.414,-9.613,0.0869,0.0015,-1.1025,0.02305,-0.12004,0.00293,1.0115,-0.0146,-0.0085,-0.05902,0.01319,-0.02625,0.05952,0.11852,-0.99115,0.0053,0.7035,-0.01319,-0.71057,-0.00291,50.25,52.86,0.02,0.0713
20:48:36.937,6645.7771,332120,67.167,-30.637,29.438,-9.626,0.0918,0.0054,-1.1106,0.02172,-0.11791,0.0044,1.0046,-0.009,-0.0107,-0.05902,0.01212,-0.02558,0.05913,0.11853,-0.99118,0.00524,0.7034,-0.01212,-0.71068,-0.00399,50.24,52.87,0.02,0.0765
20:48:36.952,6645.7971,332121,67.243,-31.002,29.462,-9.64,0.0908,0.0005,-1.1079,0.02278,-0.11924,0.0036,1.0117,-0.0095,-0.0083,-0.05796,0.01266,-0.02545,0.05873,0.11853,-0.9912,0.00523,0.704,-0.01158,-0.71009,-0.00453,50.24,52.86,0.02,0.0712
20:48:36.967,6645.8171,332122,67.174,-31.377,29.486,-9.653,0.0891,0.0034,-1.1018,0.02305,-0.11738,0.0036,1.0068,-0.0085,-0.009,-0.05822,0.01319,-0.02545,0.05833,0.11853,-0.99122,0.00519,0.70384,-0.01055,-0.71026,-0.00557,50.25,52.87,0.02,0.0748
20:48:36.997,6645.8371,332123,67.345,-31.224,29.509,-9.667,0.0876,0.0034,-1.1069,0.02252,-0.11871,0.00413,1.0059,-0.0105,-0.0076,-0.05862,0.01226,-0.02545,0.05794,0.11853,-0.99124,0.00514,0.70426,-0.01143,-0.70984,-0.00468,50.23,52.86,0.02,0.0755
20:48:37.027,6645.8571,332124,67.402,-30.921,29.533,-9.68,0.0908,-0.0007,-1.1077,0.02252,-0.11764,0.00413,1.0078,-0.0117,-0.009,-0.05862,0.01212,-0.02585,0.05754,0.11854,-0.99127,0.00514,0.70387,-0.01233,-0.71021,-0.00378,50.24,52.86,0.02,0.0741
20:48:37.029,6645.8771,332125,67.319,-30.924,29.557,-9.693,0.0925,-0.0005,-1.1084,0.02185,-0.11724,0.0032,1.0076,-0.011,-0.0127,-0.05809,0.01306,-0.02545,0.05714,0.11854,-0.99129,0.00515,0.70314,-0.01212,-0.71093,-0.004,50.25,52.86,0.02,0.0742
20:48:37.057,6645.8971,332126,67.248,-30.916,29.58,-9.707,0.0898,0.0029,-1.1021,0.02212,-0.11711,0.00333,1.0146,-0.011,-0.0132,-0.05769,0.01359,-0.02638,0.05674,0.11854,-0.99131,0.00511,0.70246,-0.01194,-0.71161,-0.00418,50.24,52.86,0.02,0.0689
20:48:37.072,6645.9171,332127,67.415,-30.855,29.604,-9.72,0.0886,0.0002,-1.1067,0.02372,-0.11698,0.00266,1.0117,-0.0146,-0.0105,-0.05849,0.01319,-0.02491,0.05635,0.11854,-0.99134,0.0051,0.70298,-0.01262,-0.71108,-0.00349,50.26,52.87,0.02,0.0711
20:48:37.087,6645.9371,332128,67.328,-31.121,29.628,-9.733,0.0923,0.0049,-1.0984,0.02305,-0.11751,0.00333,1.0095,-0.0112,-0.0125,-0.05862,0.01306,-0.02571,0.05595,0.11854,-0.99136,0.00503,0.70258,-0.01177,-0.71149,-0.00435,50.26,52.86,0.02,0.0728
20:48:37.118,6645.9571,332129,67.457,-30.85,29.651,-9.747,0.0901,0.0024,-1.1025,0.02265,-0.11977,0.00386,1.01,-0.0146,-0.0127,-0.05822,0.01372,-0.02545,0.05556,0.11855,-0.99138,0.005,0.70262,-0.01279,-0.71144,-0.00333,50.24,52.87,0.02,0.0724
20:48:37.132,6645.9771,332130,67.428,-30.66,29.675,-9.76,0.0918,0.0022,-1.1028,0.02305,-0.11778,0.00413,1.0088,-0.0137,-0.0134,-0.05822,0.01332,-0.02585,0.05516,0.11855,-0.9914,0.00497,0.70193,-0.01315,-0.71212,-0.00297,50.25,52.85,0.02,0.0733
20:48:37.147,6645.9971,332131,67.445,-31.074,29.698,-9.773,0.0879,0.0044,-1.1021,0.02398,-0.11778,0.0036,1.0137,-0.0105,-0.0132,-0.05889,0.01239,-0.02611,0.05477,0.11855,-0.99142,0.00491,0.70227,-0.01229,-0.71179,-0.00383,50.25,52.86,0.02,0.0696
20:48:37.177,6646.0171,332132,67.478,-31.503,29.722,-9.786,0.0886,0.0049,-1.0989,0.02292,-0.11778,0.00426,1.0071,-0.0088,-0.012,-0.05769,0.01266,-0.02625,0.05437,0.11856,-0.99145,0.00485,0.70273,-0.01146,-0.71135,-0.00468,50.24,52.87,0.02,0.0746
20:48:37.192,6646.0371,332133,67.652,-31.407,29.746,-9.8,0.0876,0.0046,-1.1006,0.02265,-0.11778,0.00266,1.0078,-0.0127,-0.0103,-0.05836,0.01239,-0.02558,0.05398,0.11856,-0.99147,0.00479,0.70324,-0.01221,-0.71084,-0.00391,50.24,52.87,0.02,0.0741
20:48:37.237,6646.0571,332134,67.821,-31.395,29.769,-9.813,0.0913,0.0032,-1.1016,0.02198,-0.11778,0.00346,1.0112,-0.0142,-0.0085,-0.05849,0.01266,-0.02585,0.05358,0.11856,-0.99149,0.00475,0.70383,-0.01277,-0.71024,-0.00333,50.24,52.86,0.02,0.0715
20:48:37.239,6646.0771,332135,67.742,-31.41,29.793,-9.827,0.0896,0.0046,-1.1055,0.02265,-0.11751,0.00293,1.011,-0.0129,-0.0105,-0.05849,0.01266,-0.02545,0.05319,0.11857,-0.99151,0.00469,0.70314,-0.0125,-0.71093,-0.00362,50.24,52.87,0.02,0.0716
20:48:37.253,6646.0971,332136,67.645,-31.633,29.817,-9.84,0.0928,0.0029,-1.1077,0.02252,-0.11791,0.00333,1.0076,-0.0103,-0.0127,-0.05889,0.01319,-0.02585,0.05279,0.11857,-0.99153,0.00466,0.70263,-0.01174,-0.71144,-0.00439,50.23,52.87,0.02,0.0742
20:48:37.267,6646.1171,332137,67.663,-31.349,29.84,-9.854,0.0933,0.0024,-1.1011,0.02212,-0.11898,0.00373,1.0061,-0.0139,-0.0156,-0.05875,0.01266,-0.02625,0.0524,0.11857,-0.99155,0.00463,0.70206,-0.01244,-0.712,-0.00369,50.25,52.87,0.02,0.0753
20:48:37.297,6646.1371,332138,67.835,-31.347,29.864,-9.867,0.0845,0.0049,-1.1074,0.02238,-0.11698,0.00413,1.0095,-0.0151,-0.0112,-0.05889,0.01212,-0.02545,0.052,0.11858,-0.99157,0.00457,0.70269,-0.01297,-0.71138,-0.00314,50.24,52.88,0.02,0.0727
20:48:37.312,6646.1571,332139,67.803,-31.164,29.887,-9.88,0.0908,0.0039,-1.1072,0.02225,-0.11764,0.004,1.0098,-0.0146,-0.0142,-0.05955,0.01186,-0.02585,0.05161,0.11858,-0.99159,0.00451,0.70199,-0.01328,-0.71206,-0.00284,50.24,52.87,0.02,0.0725
20:48:37.358,6646.1771,332140,67.762,-31.548,29.911,-9.894,0.0903,0.0073,-1.0999,0.02345,-0.11671,0.00306,1.0132,-0.0085,-0.0146,-0.05915,0.01226,-0.02491,0.05122,0.11859,-0.99161,0.00441,0.70198,-0.0123,-0.71208,-0.00383,50.24,52.87,0.02,0.07
20:48:37.359,6646.1971,332141,67.941,-31.547,29.934,-9.907,0.0898,0.0081,-1.0969,0.02292,-0.11898,0.0036,1.0056,-0.0137,-0.0122,-0.05849,0.01292,-0.02518,0.05084,0.11859,-0.99163,0.00429,0.70265,-0.01281,-0.71141,-0.00331,50.25,52.88,0.02,0.0757
20:48:37.372,6646.2171,332142,68.038,-31.89,29.958,-9.921,0.0908,0.0049,-1.1064,0.02358,-0.11804,0.00293,1.0083,-0.0122,-0.0107,-0.05875,0.01292,-0.02531,0.05045,0.1186,-0.99165,0.00422,0.70333,-0.01238,-0.71075,-0.00373,50.25,52.85,0.02,0.0737
20:48:37.402,6646.2371,332143,67.945,-31.964,29.982,-9.935,0.0906,0.0037,-1.0999,0.02252,-0.11751,0.00253,1.0066,-0.012,-0.011,-0.05822,0.01226,-0.02558,0.05006,0.1186,-0.99167,0.00418,0.70264,-0.01195,-0.71143,-0.00417,50.24,52.88,0.02,0.075
20:48:37.417,6646.2571,332144,67.953,-32.403,30.005,-9.948,0.0896,0.0061,-1.104,0.02292,-0.11964,0.0028,1.0085,-0.0105,-0.0125,-0.05796,0.01332,-0.02571,0.04967,0.1186,-0.99169,0.0041,0.70297,-0.01103,-0.71111,-0.00511,50.25,52.87,0.02,0.0735
20:48:37.476,6646.2771,332145,68.051,-32.736,30.029,-9.963,0.0886,0.0027,-1.1094,0.02318,-0.11751,0.00426,1.0115,-0.0078,-0.0107,-0.05862,0.01426,-0.02545,0.04927,0.11861,-0.99171,0.00407,0.70365,-0.01067,-0.71045,-0.00546,50.26,52.86,0.02,0.0713
20:48:37.478,6646.2971,332146,68.05,-32.504,30.052,-9.976,0.0881,0.0044,-1.1094,0.02358,-0.11871,0.00426,1.0137,-0.011,-0.0144,-0.05796,0.01252,-0.02518,0.04887,0.11861,-0.99173,0.00402,0.70304,-0.01116,-0.71105,-0.00497,50.24,52.87,0.02,0.0696
20:48:37.491,6646.3171,332147,68.049,-32.242,30.076,-9.99,0.0889,0.0056,-1.1069,0.02318,-0.11658,0.00373,1.0076,-0.0115,-0.0149,-0.05809,0.01292,-0.02531,0.04848,0.11861,-0.99175,0.00394,0.7024,-0.0117,-0.71167,-0.00443,50.24,52.86,0.02,0.0742
20:48:37.493,6646.3371,332148,68.149,-31.935,30.099,-10.004,0.0854,0.0042,-1.1111,0.02451,-0.11924,0.00333,1.0105,-0.0149,-0.0142,-0.05849,0.01306,-0.02558,0.04807,0.11862,-0.99177,0.00391,0.70223,-0.01268,-0.71183,-0.00344,50.26,52.87,0.02,0.072
20:48:37.507,6646.3571,332149,68.13,-32.391,30.123,-10.018,0.0842,0.0034,-1.1074,0.02318,-0.11844,0.00333,1.0085,-0.01,-0.0132,-0.05889,0.01292,-0.02518,0.04768,0.11862,-0.99179,0.00387,0.70244,-0.01169,-0.71164,-0.00444,50.25,52.87,0.02,0.0735
20:48:37.537,6646.3771,332150,68.271,-32.602,30.146,-10.032,0.085,0.0027,-1.104,0.02372,-0.11898,0.00333,1.0095,-0.0105,-0.009,-0.05889,0.01239,-0.02531,0.04728,0.11862,-0.99181,0.00385,0.70317,-0.01173,-0.71091,-0.00439,50.24,52.87,0.02,0.0728
20:48:37.552,6646.3971,332151,68.264,-32.349,30.17,-10.045,0.0925,0.0049,-1.1047,0.02252,-0.11844,0.0036,1.0073,-0.0122,-0.0137,-0.05822,0.01239,-0.02585,0.04689,0.11863,-0.99182,0.00377,0.70251,-0.01222,-0.71156,-0.0039,50.24,52.87,0.02,0.0744
20:48:37.582,6646.4171,332152,68.195,-32.724,30.193,-10.059,0.0896,0.0032,-1.1079,0.02198,-0.11858,0.00293,1.0122,-0.0098,-0.0134,-0.05809,0.01346,-0.02651,0.04649,0.11863,-0.99184,0.00375,0.70235,-0.01126,-0.71173,-0.00488,50.24,52.87,0.02,0.0707
20:48:37.611,6646.4371,332153,68.363,-32.784,30.217,-10.073,0.0889,0.0073,-1.1033,0.02332,-0.11764,0.00213,1.01,-0.0122,-0.0076,-0.05875,0.01359,-0.02638,0.04612,0.11864,-0.99186,0.00361,0.70303,-0.01161,-0.71105,-0.00452,50.26,52.88,0.02,0.0724
20:48:37.613,6646.4571,332154,68.326,-32.602,30.24,-10.087,0.0896,0.0051,-1.1003,0.02411,-0.11844,0.0028,1.0078,-0.011,-0.0146,-0.05769,0.01292,-0.02571,0.04573,0.11864,-0.99188,0.00353,0.70231,-0.01186,-0.71176,-0.00427,50.25,52.87,0.02,0.074
20:48:37.628,6646.4771,332155,68.438,-32.276,30.264,-10.101,0.0908,0.0046,-1.1069,0.02225,-0.11884,0.0036,1.0073,-0.0115,-0.0137,-0.05849,0.01252,-0.02531,0.04533,0.11864,-0.9919,0.00348,0.70218,-0.01289,-0.71187,-0.00323,50.24,52.86,0.02,0.0744
20:48:37.657,6646.4971,332156,68.568,-32.542,30.287,-10.115,0.0862,0.0068,-1.103,0.02398,-0.11898,0.002,1.0071,-0.0132,-0.012,-0.05782,0.01386,-0.02558,0.04494,0.11867,-0.99191,0.00337,0.70292,-0.01273,-0.71114,-0.00339,50.25,52.85,0.02,0.0746
20:48:37.672,6646.5171,332157,68.574,-33.014,30.311,-10.129,0.0886,0.0037,-1.106,0.02438,-0.11844,0.00253,1.0078,-0.0115,-0.0112,-0.05796,0.01399,-0.02638,0.04454,0.11867,-0.99193,0.00335,0.70328,-0.01181,-0.7108,-0.00431,50.23,52.86,0.02,0.0741
20:48:37.702,6646.5371,332158,68.472,-33.174,30.334,-10.143,0.0847,0.0,-1.1042,0.02358,-0.11977,0.004,1.0103,-0.0098,-0.0117,-0.05796,0.01332,-0.02678,0.04415,0.11867,-0.99195,0.00342,0.70268,-0.01125,-0.7114,-0.00488,50.23,52.87,0.02,0.0722
20:48:37.718,6646.5571,332159,68.526,-32.809,30.357,-10.157,0.0911,0.0059,-1.1077,0.02105,-0.11498,0.0048,1.0063,-0.0137,-0.0151,-0.05875,0.01186,-0.02585,0.04381,0.11866,-0.99196,0.00326,0.70222,-0.0121,-0.71184,-0.00402,50.24,52.87,0.02,0.0751
20:48:37.732,6646.5771,332160,68.49,-32.556,30.381,-10.17,0.093,0.0085,-1.0996,0.02278,-0.11844,0.00426,1.0105,-0.0117,-0.0151,-0.05875,0.01266,-0.02585,0.04358,0.11867,-0.99197,0.00294,0.70151,-0.01229,-0.71254,-0.00384,50.24,52.87,0.02,0.072
20:48:37.762,6646.5971,332161,68.626,-32.782,30.404,-10.184,0.0859,0.0046,-1.1079,0.02305,-0.11924,0.0036,1.0105,-0.012,-0.0076,-0.05716,0.01306,-0.02571,0.04318,0.11868,-0.99199,0.00291,0.70224,-0.01229,-0.71183,-0.00383,50.25,52.86,0.02,0.0721
20:48:37.778,6646.6171,332162,68.592,-33.278,30.428,-10.198,0.0894,0.0,-1.0986,0.02132,-0.11458,0.00306,1.0098,-0.0081,-0.0127,-0.05902,0.01106,-0.02318,0.04289,0.11867,-0.992,0.00311,0.7025,-0.01137,-0.71158,-0.00477,50.25,52.87,0.02,0.0726
20:48:37.792,6646.6371,332163,68.695,-32.795,30.451,-10.212,0.0881,0.0142,-1.0996,0.01905,-0.11711,0.0044,1.0049,-0.0154,-0.0144,-0.05929,0.01079,-0.02212,0.04272,0.11868,-0.99201,0.00272,0.70226,-0.01242,-0.7118,-0.00372,50.25,52.88,0.02,0.0762
20:48:37.822,6646.6571,332164,68.538,-33.118,30.474,-10.226,0.0994,0.0029,-1.1062,0.02185,-0.11271,0.004,1.0061,-0.0103,-0.0139,-0.05902,0.01146,-0.02411,0.0431,0.11866,-0.99199,0.00294,0.70215,-0.01137,-0.71192,-0.00478,50.24,52.86,0.02,0.0753
20:48:37.837,6646.6771,332165,68.697,-33.308,30.498,-10.24,0.0796,0.0029,-1.1001,0.02398,-0.1247,0.00333,1.0063,-0.0122,-0.0032,-0.05862,0.01439,-0.02505,0.04263,0.11866,-0.99201,0.00295,0.7029,-0.01156,-0.71118,-0.00458,50.22,52.87,0.02,0.0752
20:48:37.852,6646.6971,332166,68.811,-33.087,30.521,-10.254,0.0903,0.0,-1.1101,0.02198,-0.11378,0.00453,1.0078,-0.0117,-0.0117,-0.05796,0.01172,-0.02411,0.04236,0.11864,-0.99203,0.00319,0.70303,-0.01259,-0.71104,-0.00355,50.25,52.88,0.02,0.074
20:48:37.867,6646.7171,332167,68.829,-33.538,30.545,-10.269,0.084,-0.002,-1.1125,0.02078,-0.11898,0.00466,1.0176,-0.0076,-0.0085,-0.05862,0.01079,-0.02332,0.04199,0.11862,-0.99205,0.00333,0.70344,-0.01188,-0.71064,-0.00426,50.25,52.87,0.02,0.0668
20:48:37.897,6646.7371,332168,68.855,-33.98,30.568,-10.283,0.0796,-0.0034,-1.1057,0.01972,-0.11831,0.00573,1.0149,-0.0017,-0.0044,-0.05955,0.01039,-0.01958,0.04162,0.1186,-0.99206,0.00344,0.7039,-0.01122,-0.7102,-0.00494,50.24,52.87,0.02,0.0688
20:48:37.942,6646.7571,332169,68.807,-33.419,30.591,-10.297,0.1091,0.0234,-1.0962,0.01066,-0.10499,0.00493,0.9937,-0.0293,-0.0312,-0.05982,0.0052,-0.01919,0.04206,0.11859,-0.99205,0.00306,0.7032,-0.01187,-0.71088,-0.0043,50.23,52.86,0.02,0.076
20:48:37.945,6646.7771,332170,68.833,-33.933,30.615,-10.312,0.0842,-0.0046,-1.1104,0.02638,-0.12857,0.0032,1.0144,-0.0034,-0.0059,-0.05809,0.01639,-0.02745,0.04163,0.11858,-0.99207,0.00332,0.70372,-0.01117,-0.71037,-0.00501,50.24,52.86,0.02,0.0692
20:48:37.946,6646.7971,332171,69.01,-33.7,30.638,-10.326,0.0881,0.0061,-1.1011,0.02625,-0.12297,0.0024,1.0076,-0.0173,-0.0066,-0.05809,0.01412,-0.02518,0.04126,0.11861,-0.99208,0.0031,0.70405,-0.0121,-0.71003,-0.00407,50.24,52.86,0.02,0.0742
20:48:37.972,6646.8171,332172,68.898,-33.357,30.661,-10.34,0.0959,0.0068,-1.1042,0.01839,-0.11125,0.004,1.0112,-0.012,-0.0134,-0.05889,0.01013,-0.02438,0.04169,0.11861,-0.99206,0.00289,0.70332,-0.01221,-0.71076,-0.00396,50.25,52.87,0.02,0.0715
20:48:37.988,6646.8371,332173,68.821,-33.286,30.684,-10.354,0.0837,-0.0022,-1.1018,0.02265,-0.1255,0.00426,1.0027,-0.0117,-0.012,-0.05862,0.01346,-0.02585,0.04128,0.11859,-0.99208,0.00309,0.70254,-0.0123,-0.71153,-0.00389,50.25,52.87,0.02,0.0779
20:48:38.076,6646.8571,332174,68.836,-32.851,30.708,-10.367,0.0908,0.0081,-1.1086,0.02398,-0.11285,0.0028,1.0144,-0.0161,-0.0164,-0.05849,0.01239,-0.02545,0.04127,0.11861,-0.99208,0.00271,0.70202,-0.01295,-0.71203,-0.00323,50.25,52.87,0.02,0.069
20:48:38.078,6646.8771,332175,68.85,-33.354,30.731,-10.381,0.0852,-0.0012,-1.1091,0.02238,-0.12364,0.00386,1.012,-0.0061,-0.0098,-0.05836,0.01319,-0.02651,0.04089,0.1186,-0.9921,0.00293,0.70248,-0.01219,-0.71158,-0.004,50.25,52.87,0.02,0.071
20:48:38.081,6646.8971,332176,68.924,-32.825,30.754,-10.395,0.0923,0.0095,-1.0984,0.02292,-0.11498,0.0032,1.0073,-0.0186,-0.0142,-0.05862,0.01172,-0.02425,0.04111,0.11862,-0.99209,0.00259,0.70233,-0.01321,-0.71172,-0.00296,50.25,52.86,0.02,0.0743
20:48:38.083,6646.9171,332177,68.769,-32.729,30.777,-10.409,0.0967,0.0071,-1.1096,0.02225,-0.11551,0.0024,1.012,-0.012,-0.0173,-0.05862,0.01199,-0.02558,0.04152,0.11863,-0.99207,0.00249,0.70168,-0.01279,-0.71237,-0.0034,50.23,52.88,0.02,0.0708
20:48:38.087,6646.9371,332178,68.851,-33.141,30.8,-10.422,0.0852,0.0,-1.1074,0.02305,-0.12404,0.00413,1.0117,-0.0093,-0.0081,-0.05849,0.01506,-0.02625,0.04112,0.11862,-0.99208,0.00269,0.70237,-0.01242,-0.7117,-0.00377,50.27,52.87,0.02,0.0712
20:48:38.108,6646.9571,332179,68.874,-33.427,30.823,-10.436,0.0918,0.0027,-1.0896,0.02332,-0.11551,0.00306,1.0103,-0.0117,-0.0122,-0.05875,0.01226,-0.02531,0.04137,0.11861,-0.99207,0.00302,0.70307,-0.01213,-0.71101,-0.00405,50.25,52.87,0.02,0.0722
20:48:38.138,6646.9771,332180,68.838,-33.246,30.846,-10.45,0.0901,0.0037,-1.1035,0.02025,-0.11804,0.00466,1.0081,-0.0134,-0.0159,-0.05915,0.01199,-0.02465,0.04099,0.11859,-0.99209,0.00308,0.70236,-0.01246,-0.7117,-0.00373,50.24,52.87,0.02,0.0738
20:48:38.152,6646.9971,332181,68.915,-33.645,30.869,-10.464,0.0874,0.0022,-1.1057,0.02358,-0.11858,0.00306,1.0115,-0.0098,-0.0093,-0.05849,0.01332,-0.02558,0.04061,0.11859,-0.99211,0.00321,0.70302,-0.01206,-0.71106,-0.00413,50.26,52.87,0.02,0.0713
20:48:38.197,6647.0171,332182,69.045,-33.569,30.892,-10.478,0.0886,0.0015,-1.103,0.02372,-0.11711,0.00293,1.0107,-0.0125,-0.011,-0.05849,0.01279,-0.02518,0.04035,0.11858,-0.99212,0.00351,0.70343,-0.01289,-0.71064,-0.00329,50.25,52.86,0.02,0.0719
20:48:38.198,6647.0371,332183,68.871,-33.613,30.915,-10.492,0.0908,0.0024,-1.1079,0.02065,-0.11831,0.00493,1.011,-0.012,-0.0122,-0.05822,0.01226,-0.02531,0.04067,0.11855,-0.99211,0.00373,0.70282,-0.01234,-0.71125,-0.00384,50.24,52.87,0.02,0.0716
20:48:38.212,6647.0571,332184,69.017,-33.55,30.938,-10.506,0.0908,0.0044,-1.1077,0.02225,-0.11724,0.0036,1.0078,-0.0132,-0.0095,-0.05796,0.01252,-0.02518,0.04075,0.11857,-0.9921,0.00333,0.70353,-0.01265,-0.71054,-0.00352,50.24,52.85,0.02,0.0741
20:48:38.227,6647.0771,332185,68.909,-33.673,30.961,-10.52,0.0894,0.0029,-1.104,0.02278,-0.11898,0.00386,1.0073,-0.0093,-0.0151,-0.05836,0.01279,-0.02518,0.04037,0.11856,-0.99212,0.00346,0.70286,-0.01219,-0.71121,-0.004,50.24,52.87,0.02,0.0744
20:48:38.257,6647.0971,332186,68.88,-33.242,30.984,-10.534,0.0903,0.0078,-1.1042,0.02158,-0.11671,0.00306,1.0076,-0.0125,-0.0134,-0.05836,0.01212,-0.02465,0.04047,0.11858,-0.99211,0.00307,0.7022,-0.01266,-0.71186,-0.00353,50.24,52.85,0.02,0.0742
20:48:38.301,6647.1171,332187,68.961,-33.01,31.007,-10.547,0.0911,0.0017,-1.1094,0.02172,-0.11591,0.00373,1.0078,-0.0159,-0.0132,-0.05836,0.01186,-0.02465,0.0406,0.11856,-0.99211,0.00345,0.70244,-0.01364,-0.71161,-0.00253,50.25,52.86,0.02,0.074
20:48:38.303,6647.1371,332188,68.948,-33.484,31.03,-10.561,0.0898,-0.0027,-1.104,0.02092,-0.11818,0.00373,1.0107,-0.0122,-0.0107,-0.05769,0.01239,-0.02425,0.04053,0.11854,-0.99211,0.00382,0.70296,-0.01293,-0.71111,-0.00324,50.23,52.87,0.02,0.0719
20:48:38.306,6647.1571,332189,69.042,-33.394,31.053,-10.575,0.093,0.0027,-1.1069,0.02145,-0.11778,0.00413,1.0093,-0.0149,-0.01,-0.05875,0.01226,-0.02451,0.04093,0.11854,-0.9921,0.0038,0.70362,-0.01336,-0.71044,-0.0028,50.24,52.87,0.02,0.0729
20:48:38.332,6647.1771,332190,68.984,-33.226,31.076,-10.589,0.0894,0.0034,-1.1011,0.02278,-0.11751,0.00346,1.0073,-0.0149,-0.0105,-0.05796,0.01199,-0.02491,0.04064,0.11855,-0.99211,0.00352,0.70287,-0.01334,-0.71118,-0.00283,50.24,52.87,0.02,0.0744
20:48:38.347,6647.1971,332191,68.844,-33.482,31.098,-10.602,0.0894,0.0007,-1.1077,0.02265,-0.11844,0.00293,1.0083,-0.0142,-0.0125,-0.05836,0.01279,-0.02491,0.04042,0.11854,-0.99212,0.00385,0.70233,-0.01264,-0.71173,-0.00355,50.24,52.87,0.02,0.0736
20:48:38.421,6647.2171,332192,68.958,-33.714,31.121,-10.616,0.0876,0.0044,-1.1047,0.02345,-0.11751,0.0028,1.01,-0.0117,-0.0107,-0.05849,0.01186,-0.02505,0.04017,0.11855,-0.99213,0.00354,0.70303,-0.01235,-0.71104,-0.00383,50.24,52.87,0.02,0.0724
20:48:38.423,6647.2371,332193,68.973,-33.442,31.144,-10.63,0.0886,0.0015,-1.1018,0.02332,-0.11871,0.00413,1.0098,-0.0146,-0.0127,-0.05836,0.01226,-0.02425,0.04,0.11854,-0.99214,0.0039,0.70265,-0.01322,-0.7114,-0.00295,50.24,52.88,0.02,0.0725
20:48:38.426,6647.2571,332194,69.148,-33.256,31.167,-10.643,0.0884,0.0034,-1.105,0.02118,-0.11751,0.0044,1.0076,-0.0156,-0.0117,-0.05902,0.01239,-0.02491,0.0399,0.11855,-0.99214,0.0035,0.70323,-0.01388,-0.71082,-0.00228,50.24,52.87,0.02,0.0742
20:48:38.437,6647.2771,332195,69.091,-32.937,31.19,-10.657,0.0884,0.0059,-1.1084,0.02465,-0.11778,0.0032,1.0059,-0.0173,-0.0156,-0.05836,0.01279,-0.02558,0.03987,0.11856,-0.99214,0.0031,0.70248,-0.01404,-0.71156,-0.00213,50.24,52.87,0.02,0.0754
20:48:38.452,6647.2971,332196,69.158,-33.148,31.212,-10.67,0.0886,0.0071,-1.1025,0.02158,-0.11698,0.00466,1.0066,-0.0137,-0.009,-0.05915,0.01292,-0.02505,0.03996,0.11856,-0.99214,0.0027,0.70314,-0.01353,-0.71092,-0.00263,50.24,52.87,0.02,0.0749
20:48:38.467,6647.3171,332197,68.974,-33.248,31.235,-10.684,0.0901,0.0042,-1.1067,0.02225,-0.11698,0.00426,1.0056,-0.0095,-0.0156,-0.05889,0.01279,-0.02545,0.04033,0.11856,-0.99212,0.00285,0.70259,-0.01281,-0.71147,-0.00337,50.24,52.87,0.02,0.0757
20:48:38.497,6647.3371,332198,68.958,-33.662,31.258,-10.698,0.0901,0.0032,-1.104,0.02332,-0.11751,0.0036,1.0071,-0.0093,-0.009,-0.05889,0.01319,-0.02598,0.0405,0.11854,-0.99212,0.00321,0.70319,-0.01218,-0.71089,-0.00401,50.26,52.87,0.02,0.0746
20:48:38.527,6647.3571,332199,68.959,-33.292,31.28,-10.711,0.0908,0.0027,-1.1069,0.02345,-0.11871,0.0028,1.0068,-0.0149,-0.0122,-0.05822,0.01292,-0.02585,0.04071,0.11853,-0.99211,0.00355,0.70288,-0.01314,-0.71118,-0.00304,50.26,52.87,0.02,0.0748
20:48:38.542,6647.3771,332200,69.002,-33.746,31.303,-10.725,0.0862,0.002,-1.1035,0.02372,-0.11818,0.00413,1.0105,-0.0117,-0.01,-0.05849,0.01226,-0.02598,0.04031,0.11853,-0.99213,0.00359,0.70341,-0.01245,-0.71066,-0.00373,50.25,52.88,0.02,0.072
20:48:38.557,6647.3971,332201,68.955,-33.533,31.325,-10.739,0.0857,0.0068,-1.1079,0.02385,-0.11764,0.004,1.01,-0.0125,-0.0125,-0.05849,0.01266,-0.02558,0.04007,0.11854,-0.99214,0.00328,0.70269,-0.01252,-0.71138,-0.00366,50.24,52.87,0.02,0.0724
20:48:38.573,6647.4171,332202,68.821,-33.929,31.348,-10.752,0.0913,0.0012,-1.1035,0.02332,-0.11684,0.00333,1.0076,-0.0117,-0.0125,-0.05809,0.01279,-0.02545,0.04033,0.11853,-0.99212,0.00357,0.70273,-0.01148,-0.71135,-0.00472,50.24,52.87,0.02,0.0742
20:48:38.602,6647.4371,332203,68.912,-33.615,31.37,-10.766,0.0916,0.0024,-1.1021,0.02265,-0.11911,0.00386,1.0051,-0.012,-0.0115,-0.05875,0.01279,-0.02545,0.04072,0.11852,-0.99211,0.00368,0.70307,-0.01243,-0.71101,-0.00375,50.23,52.87,0.02,0.0761
20:48:38.618,6647.4571,332204,68.983,-33.829,31.392,-10.78,0.0903,0.0056,-1.1011,0.02305,-0.11671,0.0044,1.0068,-0.0105,-0.009,-0.05875,0.01186,-0.02558,0.04077,0.11854,-0.99211,0.00328,0.70374,-0.01195,-0.71035,-0.00423,50.25,52.86,0.02,0.0748
20:48:38.646,6647.4771,332205,68.948,-33.458,31.415,-10.793,0.0903,0.0073,-1.1045,0.02332,-0.11964,0.00346,1.0117,-0.0117,-0.0112,-0.05915,0.01306,-0.02545,0.0408,0.11856,-0.9921,0.00289,0.70306,-0.01228,-0.71101,-0.00391,50.26,52.85,0.02,0.0711
20:48:38.648,6647.4971,332206,69.049,-33.078,31.437,-10.807,0.0881,0.0056,-1.1045,0.02318,-0.11831,0.0036,1.0112,-0.0149,-0.0122,-0.05849,0.01252,-0.02531,0.04047,0.11857,-0.99212,0.00266,0.70285,-0.01324,-0.71121,-0.00294,50.26,52.86,0.02,0.0715
20:48:38.677,6647.5171,332207,68.91,-33.479,31.46,-10.82,0.0918,0.0032,-1.1045,0.02252,-0.11778,0.0048,1.0037,-0.0127,-0.012,-0.05782,0.01252,-0.02505,0.04076,0.11855,-0.99211,0.00294,0.70287,-0.01216,-0.71121,-0.00403,50.26,52.87,0.02,0.0771
20:48:38.722,6647.5371,332208,69.01,-33.711,31.482,-10.834,0.0894,0.0007,-1.1077,0.02292,-0.11884,0.004,1.0105,-0.0122,-0.0088,-0.05769,0.01252,-0.02571,0.04058,0.11854,-0.99211,0.0033,0.70358,-0.0123,-0.7105,-0.00388,50.24,52.86,0.02,0.072
20:48:38.737,6647.5571,332209,68.88,-33.445,31.504,-10.847,0.0913,0.0039,-1.1057,0.02212,-0.11831,0.00346,1.0066,-0.0117,-0.0137,-0.05849,0.01212,-0.02531,0.04096,0.11854,-0.9921,0.00318,0.70283,-0.01228,-0.71124,-0.00391,50.26,52.87,0.02,0.0749
20:48:38.740,6647.5771,332210,69.056,-33.361,31.527,-10.861,0.0889,0.0063,-1.1084,0.02305,-0.11858,0.00413,1.0103,-0.0142,-0.0095,-0.05809,0.01279,-0.02598,0.04073,0.11856,-0.99211,0.00286,0.70345,-0.01281,-0.71063,-0.00336,50.24,52.86,0.02,0.0722
20:48:38.768,6647.5971,332211,69.153,-33.065,31.549,-10.874,0.0916,0.0046,-1.1016,0.02385,-0.11764,0.00293,1.0083,-0.0146,-0.0098,-0.05836,0.01199,-0.02545,0.04113,0.11856,-0.99209,0.00285,0.70386,-0.01366,-0.7102,-0.00249,50.25,52.86,0.02,0.0737
20:48:38.770,6647.6171,332212,68.979,-33.186,31.571,-10.887,0.0923,0.0037,-1.1072,0.02398,-0.11778,0.00213,1.0132,-0.0122,-0.0125,-0.05849,0.01346,-0.02625,0.04138,0.11854,-0.99208,0.00316,0.70331,-0.01305,-0.71075,-0.00312,50.26,52.86,0.02,0.07
20:48:38.812,6647.6371,332213,68.913,-33.698,31.593,-10.901,0.0901,0.002,-1.1035,0.02278,-0.11938,0.00293,1.01,-0.0103,-0.0103,-0.05889,0.01279,-0.02585,0.04109,0.11853,-0.99209,0.00343,0.70344,-0.01205,-0.71064,-0.00413,50.24,52.87,0.02,0.0724
20:48:38.813,6647.6571,332214,68.92,-33.426,31.616,-10.914,0.0903,0.0032,-1.0994,0.02252,-0.11844,0.00306,1.0078,-0.0127,-0.012,-0.05889,0.01426,-0.02598,0.04069,0.11853,-0.99211,0.00341,0.70283,-0.01264,-0.71124,-0.00354,50.24,52.87,0.02,0.074
20:48:38.827,6647.6775,332215,69.1,-33.368,31.638,-10.927,0.0872,0.0037,-1.1025,0.02238,-0.11858,0.00306,1.0095,-0.0146,-0.0107,-0.05742,0.01412,-0.02571,0.0403,0.11854,-0.99213,0.00329,0.7034,-0.0133,-0.71066,-0.00286,50.24,52.86,0.02,0.0728
20:48:38.857,6647.6971,332216,69.022,-33.084,31.66,-10.941,0.0901,0.0059,-1.104,0.02358,-0.11804,0.004,1.0129,-0.0149,-0.0127,-0.05875,0.01346,-0.02611,0.04044,0.11855,-0.99212,0.00293,0.70271,-0.01334,-0.71135,-0.00284,50.26,52.87,0.02,0.0702
20:48:38.916,6647.7171,332217,68.864,-33.263,31.682,-10.954,0.0945,0.0061,-1.1021,0.02172,-0.11831,0.00386,1.0034,-0.0117,-0.0134,-0.05875,0.01359,-0.02505,0.04083,0.11856,-0.9921,0.00283,0.70239,-0.01235,-0.71168,-0.00384,50.25,52.87,0.02,0.0773
20:48:38.919,6647.7371,332218,69.015,-33.227,31.704,-10.967,0.0894,0.0078,-1.0974,0.02172,-0.11778,0.00333,1.0093,-0.0129,-0.0112,-0.05849,0.01279,-0.02531,0.04081,0.11857,-0.9921,0.00243,0.70309,-0.01262,-0.71098,-0.00356,50.25,52.87,0.02,0.0729
20:48:38.921,6647.7571,332219,69.043,-33.678,31.726,-10.98,0.0872,0.0056,-1.1084,0.02372,-0.11858,0.00346,1.0103,-0.009,-0.0093,-0.05849,0.01252,-0.02611,0.04042,0.11858,-0.99212,0.00236,0.70353,-0.01182,-0.71055,-0.00437,50.24,52.86,0.02,0.0722
20:48:38.932,6647.7771,332220,68.938,-33.565,31.748,-10.994,0.0896,0.0042,-1.1074,0.02332,-0.11884,0.0032,1.0081,-0.0107,-0.011,-0.05836,0.01292,-0.02625,0.04033,0.11856,-0.99212,0.00275,0.7028,-0.01199,-0.71127,-0.0042,50.24,52.87,0.02,0.0738
20:48:38.947,6647.7971,332221,69.039,-33.905,31.77,-11.007,0.0884,0.0039,-1.1055,0.02318,-0.11724,0.00253,1.01,-0.0107,-0.011,-0.05836,0.01279,-0.02505,0.03997,0.11856,-0.99214,0.00292,0.70352,-0.01181,-0.71056,-0.00437,50.25,52.85,0.02,0.0724
20:48:38.977,6647.8171,332222,69.082,-33.355,31.792,-11.02,0.0923,0.01,-1.1018,0.02265,-0.11764,0.00333,1.0046,-0.0166,-0.0122,-0.05875,0.01292,-0.02531,0.04022,0.11857,-0.99213,0.00261,0.7032,-0.01279,-0.71087,-0.00339,50.24,52.86,0.02,0.0764
20:48:39.007,6647.8371,332223,68.919,-33.371,31.814,-11.034,0.0903,0.0054,-1.0969,0.02318,-0.11858,0.00293,1.0095,-0.0107,-0.0132,-0.05809,0.01306,-0.02571,0.04061,0.11857,-0.99211,0.00253,0.70264,-0.01212,-0.71143,-0.00407,50.26,52.87,0.02,0.0728
20:48:39.009,6647.8571,332224,68.809,-33.426,31.836,-11.047,0.0874,0.0017,-1.1082,0.02345,-0.11844,0.00306,1.011,-0.0105,-0.0151,-0.05862,0.01279,-0.02585,0.04032,0.11856,-0.99212,0.0028,0.70194,-0.01189,-0.71212,-0.00432,50.25,52.87,0.02,0.0716
20:48:39.037,6647.8771,332225,68.93,-33.718,31.858,-11.06,0.0859,0.0037,-1.1035,0.02252,-0.11844,0.0036,1.0095,-0.0105,-0.0137,-0.05822,0.01212,-0.02491,0.03993,0.11856,-0.99214,0.00284,0.70267,-0.01177,-0.7114,-0.00443,50.26,52.87,0.02,0.0728
20:48:39.067,6647.8971,332226,68.813,-33.449,31.88,-11.073,0.092,0.0073,-1.104,0.02198,-0.11738,0.0028,1.0085,-0.01,-0.0166,-0.05862,0.01226,-0.02545,0.04026,0.11857,-0.99213,0.00261,0.70193,-0.01172,-0.71213,-0.00448,50.26,52.86,0.02,0.0735
20:48:39.068,6647.9171,332227,68.978,-33.314,31.902,-11.087,0.0891,0.0059,-1.1062,0.02345,-0.11964,0.00306,1.009,-0.011,-0.0137,-0.05849,0.01319,-0.02598,0.04022,0.11858,-0.99213,0.00222,0.70257,-0.01224,-0.7115,-0.00395,50.25,52.88,0.02,0.0731
20:48:39.097,6647.9371,332228,68.991,-33.544,31.923,-11.1,0.0935,0.0049,-1.1077,0.02292,-0.11764,0.0036,1.0137,-0.0105,-0.0107,-0.05862,0.01239,-0.02545,0.0406,0.11858,-0.99211,0.00234,0.70322,-0.01188,-0.71086,-0.00431,50.25,52.86,0.02,0.0696
20:48:39.126,6647.9571,332229,68.958,-33.344,31.945,-11.113,0.0872,0.0012,-1.1106,0.02278,-0.11831,0.004,1.0112,-0.0134,-0.0142,-0.05836,0.01252,-0.02505,0.04032,0.11857,-0.99212,0.00263,0.70261,-0.01241,-0.71146,-0.00378,50.24,52.87,0.02,0.0715
20:48:39.129,6647.9771,332230,69.09,-33.61,31.967,-11.126,0.0835,0.0063,-1.1033,0.02278,-0.11738,0.0044,1.0049,-0.0115,-0.0095,-0.05849,0.01252,-0.02518,0.03995,0.11857,-0.99214,0.00248,0.70336,-0.01225,-0.71071,-0.00393,50.26,52.87,0.02,0.0762
20:48:39.158,6647.9971,332231,69.152,-33.289,31.989,-11.139,0.0906,0.0037,-1.1096,0.02318,-0.11804,0.0044,1.0095,-0.0146,-0.0103,-0.05822,0.01332,-0.02558,0.04023,0.11856,-0.99213,0.00277,0.70349,-0.01326,-0.71058,-0.00291,50.25,52.88,0.02,0.0728
20:48:39.173,6648.0171,332232,69.262,-33.352,32.011,-11.152,0.0898,0.0073,-1.1064,0.02185,-0.11831,0.00426,1.0117,-0.0146,-0.0088,-0.05836,0.01279,-0.02531,0.04034,0.11858,-0.99212,0.00239,0.7042,-0.0132,-0.70987,-0.00296,50.24,52.85,0.02,0.0711
20:48:39.188,6648.0371,332233,69.168,-33.409,32.033,-11.165,0.0869,0.0049,-1.1033,0.02198,-0.11738,0.00386,1.0076,-0.0105,-0.0159,-0.05849,0.01239,-0.02545,0.03995,0.11858,-0.99214,0.00241,0.7035,-0.01285,-0.71057,-0.00332,50.24,52.86,0.02,0.0742
20:48:39.246,6648.0571,332234,69.016,-33.852,32.054,-11.179,0.0876,-0.0015,-1.095,0.03064,-0.11325,-0.0032,1.0056,-0.0071,-0.0117,-0.05782,0.01972,-0.02798,0.03993,0.11863,-0.99213,0.00289,0.7033,-0.01182,-0.71078,-0.00436,50.25,52.89,0.02,0.0757
20:48:39.250,6648.0771,332235,69.135,-33.418,32.076,-11.192,0.0906,0.0071,-1.1016,0.02585,-0.12697,-0.00653,1.0066,-0.0127,-0.0105,-0.05809,0.01812,-0.02665,0.04012,0.11874,-0.99211,0.00262,0.70347,-0.01285,-0.7106,-0.00331,50.24,52.86,0.02,0.0749
20:48:39.251,6648.0971,332236,69.274,-33.723,32.098,-11.205,0.0796,0.0037,-1.1047,0.03064,-0.12284,-0.01399,1.0056,-0.0134,-0.0039,-0.05849,0.01745,-0.02811,0.03966,0.11892,-0.99211,0.00268,0.70427,-0.01281,-0.70981,-0.00334,50.24,52.87,0.02,0.0757
20:48:39.277,6648.1171,332237,69.149,-33.383,32.119,-11.218,0.0957,0.0073,-1.1145,0.02425,-0.11285,-0.05129,1.0095,-0.0146,-0.0159,-0.05756,0.00533,-0.02172,0.0401,0.11947,-0.99202,0.00258,0.70349,-0.01295,-0.71058,-0.0032,50.24,52.87,0.02,0.0727
20:48:39.292,6648.1371,332238,69.103,-33.087,32.141,-11.231,0.0894,0.0029,-1.1096,0.02252,-0.10419,-0.006,1.0105,-0.0144,-0.0107,-0.05769,0.01212,-0.02372,0.04022,0.11954,-0.99201,0.00299,0.70298,-0.01368,-0.71108,-0.00247,50.24,52.86,0.02,0.072
20:48:39.307,6648.1571,332239,69.193,-33.458,32.163,-11.244,0.0842,0.0022,-1.1069,0.02092,-0.12484,0.01013,1.009,-0.0129,-0.0061,-0.05769,0.004,-0.02185,0.03976,0.11948,-0.99204,0.00305,0.70361,-0.01333,-0.71046,-0.0028,50.24,52.85,0.02,0.0732
20:48:39.382,6648.1771,332240,69.099,-33.059,32.184,-11.256,0.1003,0.0081,-1.1072,0.00706,-0.13949,-0.0032,1.0063,-0.0173,-0.019,-0.05542,-0.0064,-0.01905,0.03996,0.11954,-0.99202,0.00278,0.70273,-0.01356,-0.71132,-0.00253,50.23,52.85,0.02,0.075
20:48:39.383,6648.1971,332241,69.029,-33.411,32.206,-11.269,0.0908,0.0046,-1.1033,0.01852,-0.1255,0.00706,1.01,-0.0098,-0.011,-0.05849,0.02451,-0.02825,0.04029,0.1195,-0.99201,0.00275,0.70305,-0.01258,-0.71102,-0.00353,50.25,52.85,0.02,0.0724
20:48:39.384,6648.2171,332242,68.981,-34.048,32.227,-11.283,0.085,0.002,-1.1021,0.03744,-0.12843,0.00426,1.0032,-0.01,-0.0112,-0.06009,0.03504,-0.03291,0.03981,0.11949,-0.99203,0.00306,0.7033,-0.01146,-0.71078,-0.00469,50.24,52.87,0.02,0.0775
20:48:39.386,6648.2371,332243,69.105,-34.042,32.249,-11.296,0.0898,0.0005,-1.0999,0.03211,-0.14549,-0.00733,1.0071,-0.0139,-0.0081,-0.05915,0.02252,-0.03038,0.03967,0.11959,-0.99202,0.00348,0.70387,-0.01221,-0.71022,-0.00393,50.25,52.86,0.02,0.0746
20:48:39.413,6648.2571,332244,69.097,-33.704,32.27,-11.309,0.0928,0.0215,-1.1021,0.00839,-0.17147,-0.05409,1.0059,-0.0129,-0.0132,-0.05729,0.00693,-0.02225,0.03931,0.12017,-0.99197,0.00288,0.70309,-0.01246,-0.71099,-0.00367,50.24,52.86,0.02,0.0754
20:48:39.472,6648.2771,332245,69.151,-34.198,32.292,-11.322,0.0701,0.0139,-1.0959,0.01039,-0.20038,-0.23302,1.01,-0.0085,-0.011,-0.05622,0.01053,-0.02518,0.0382,0.12253,-0.99173,0.00232,0.70318,-0.01144,-0.71091,-0.00467,50.26,52.87,0.02,0.0724
20:48:39.473,6648.2971,332246,68.872,-33.111,32.313,-11.335,0.2051,-0.0515,-1.0654,-0.12111,0.04157,-0.76288,1.0103,-0.019,-0.0876,-0.05902,-0.0858,-0.0048,0.04031,0.13006,-0.99069,0.001,0.70177,-0.01169,-0.71229,-0.00442,50.27,52.88,0.02,0.0693
20:48:39.474,6648.3171,332247,69.202,-33.278,32.335,-11.348,0.0269,0.064,-1.1443,0.00386,-0.24075,-1.60051,1.0085,-0.0161,-0.0063,-0.05982,0.0389,-0.02691,0.03887,0.14598,-0.98852,-0.00029,0.70263,-0.01212,-0.71144,-0.004,50.26,52.86,0.02,0.0735
20:48:39.487,6648.3371,332248,69.159,-34.002,32.356,-11.361,-0.0945,-0.0791,-1.1118,0.15761,-0.21903,-0.46578,1.0142,-0.0098,-0.0154,-0.05929,0.04836,-0.03344,0.0373,0.15067,-0.98788,0.00084,0.70224,-0.01167,-0.71183,-0.00448,50.25,52.87,0.02,0.0692
20:48:39.518,6648.3571,332249,69.138,-34.012,32.377,-11.374,0.0723,0.0024,-1.116,0.01412,-0.02758,0.02252,1.0142,-0.0095,-0.0032,-0.05662,-0.03944,-0.01346,0.03786,0.15047,-0.98789,0.0011,0.70257,-0.0117,-0.71151,-0.00442,50.24,52.87,0.02,0.0693
20:48:39.533,6648.3771,332250,68.892,-32.914,32.399,-11.387,0.1042,0.012,-1.1086,-0.11618,-0.02345,0.01879,1.0112,-0.0149,-0.0276,-0.05862,-0.11831,-0.01119,0.0394,0.15026,-0.98786,-0.0001,0.70094,-0.01203,-0.71311,-0.00408,50.26,52.85,0.02,0.0712
20:48:39.547,6648.3971,332251,68.914,-32.374,32.42,-11.399,0.1382,0.0361,-1.1006,-0.04104,-0.0477,0.0393,1.0027,-0.0146,-0.0132,-0.06808,-0.04836,-0.01812,0.04057,0.14988,-0.98787,-0.00071,0.70118,-0.0127,-0.71286,-0.00353,50.25,52.85,0.02,0.0778
20:48:39.591,6648.4171,332252,69.095,-33.362,32.441,-11.411,0.0552,-0.0227,-1.1001,0.14389,-0.14536,0.02665,1.0083,-0.0125,0.0027,-0.12604,0.1359,-0.0381,0.03981,0.14969,-0.98793,0.00071,0.70279,-0.01306,-0.71127,-0.00413,50.25,52.87,0.02,0.0737
20:48:39.593,6648.4371,332253,69.291,-33.385,32.462,-11.424,0.0876,0.0183,-1.1055,0.01532,-0.15655,-0.1259,1.0088,-0.0139,-0.0085,-0.05836,0.02625,-0.02531,0.03951,0.15098,-0.98775,0.00013,0.7036,-0.01329,-0.71046,-0.00389,50.26,52.87,0.02,0.0733
20:48:39.607,6648.4571,332254,69.333,-33.095,32.484,-11.437,0.0818,-0.0039,-1.1035,-0.00386,-0.15108,-0.32415,1.0107,-0.0305,-0.0251,0.01958,0.0405,-0.03011,0.03906,0.1542,-0.98727,5e-05,0.70325,-0.01335,-0.71081,-0.00273,50.25,52.87,0.02,0.0714
20:48:39.652,6648.4771,332255,69.385,-33.471,32.505,-11.45,0.0898,0.001,-1.1099,-0.02944,-0.25181,-0.22236,1.0093,-0.0034,-0.0144,0.08993,0.06675,-0.03691,0.03788,0.15639,-0.98697,-0.00037,0.70337,-0.01128,-0.71073,-0.00272,50.26,52.86,0.02,0.0729
20:48:39.653,6648.4971,332256,69.45,-33.832,32.527,-11.463,0.0715,0.0005,-1.1079,-0.01239,-0.25167,-0.08034,1.011,-0.0068,-0.0156,-0.01439,0.05343,-0.03291,0.03632,0.1572,-0.9869,-0.00069,0.70308,-0.01031,-0.71103,-0.00308,50.26,52.86,0.02,0.0716
20:48:39.667,6648.5171,332257,69.631,-34.133,32.548,-11.476,0.0615,0.0032,-1.1045,0.02518,-0.14789,0.00067,1.0085,-0.0122,-0.0022,-0.05542,0.02958,-0.02078,0.03565,0.15722,-0.98692,-0.00057,0.70394,-0.01047,-0.71018,-0.00287,50.25,52.86,0.02,0.0736
20:48:39.713,6648.5371,332258,69.401,-33.707,32.569,-11.488,0.0938,0.0042,-1.1086,0.03584,-0.03637,0.01812,1.0098,-0.0146,-0.0173,-0.06022,-0.02078,-0.02518,0.03674,0.15708,-0.9869,-5e-05,0.70301,-0.01081,-0.7111,-0.00255,50.25,52.88,0.02,0.0725
20:48:39.714,6648.5571,332259,69.2,-33.311,32.591,-11.501,0.0908,0.0063,-1.1035,0.05049,-0.03517,0.00959,1.011,-0.0159,-0.0176,-0.05702,-0.0028,-0.02052,0.03782,0.15701,-0.98687,0.00062,0.70225,-0.0113,-0.71183,-0.00205,50.25,52.88,0.02,0.0715
20:48:39.728,6648.5771,332260,69.198,-33.748,32.612,-11.514,0.0857,-0.0002,-1.1001,0.06262,-0.08487,0.0036,1.0044,-0.0115,-0.0093,-0.05849,0.02065,-0.02705,0.03812,0.15701,-0.98686,0.00146,0.70306,-0.01103,-0.71104,-0.00232,50.26,52.88,0.02,0.0766
20:48:39.757,6648.5971,332261,69.186,-34.31,32.633,-11.527,0.0815,-0.0037,-1.1072,0.05662,-0.09952,0.00253,1.0061,-0.0103,-0.0093,-0.05849,0.02158,-0.02745,0.03812,0.15702,-0.98686,0.0022,0.70376,-0.01043,-0.71036,-0.00292,50.23,52.88,0.02,0.0754
20:48:39.772,6648.6171,332262,69.034,-33.995,32.654,-11.54,0.1006,0.0095,-1.1042,0.03651,-0.0886,0.00506,1.0132,-0.0137,-0.0205,-0.05796,0.01039,-0.02411,0.03878,0.15701,-0.98683,0.00242,0.70305,-0.01063,-0.71106,-0.00271,50.24,52.87,0.02,0.0699
20:48:39.802,6648.6371,332263,69.087,-33.909,32.675,-11.553,0.0784,0.0283,-1.1851,0.04903,-0.15921,-0.00173,1.0264,-0.0251,-0.054,-0.05849,0.05263,-0.01279,0.03816,0.15709,-0.98684,0.00225,0.70275,-0.01092,-0.71135,-0.00243,50.24,52.87,0.02,0.0589
20:48:39.848,6648.6571,332264,68.679,-33.488,32.696,-11.566,0.0957,-0.0117,-1.0664,0.07634,0.11072,0.19452,1.021,-0.0161,-0.019,-0.07075,-0.02904,-0.03611,0.04057,0.1552,-0.98704,0.00369,0.70186,-0.0113,-0.71222,-0.00223,50.23,52.87,0.0269,0.064
20:48:39.851,6648.6771,332265,68.604,-32.883,32.716,-11.578,0.105,0.0081,-1.0991,0.02465,-0.00147,0.11511,1.0137,-0.0139,-0.0149,-0.06022,-0.00586,-0.02345,0.04212,0.15409,-0.98715,0.00394,0.7018,-0.0123,-0.71226,-0.00124,50.25,52.86,0.02,0.0696
20:48:39.853,6648.6971,332266,68.679,-33.337,32.737,-11.59,0.0828,-0.0029,-1.1128,0.04223,-0.12311,0.07221,1.0107,-0.0142,-0.0122,-0.05915,0.01426,-0.02691,0.04168,0.15341,-0.98727,0.00434,0.70249,-0.01194,-0.71159,-0.0016,50.26,52.87,0.02,0.0718
20:48:39.878,6648.7171,332267,68.647,-33.555,32.758,-11.603,0.0945,-0.0044,-1.0945,0.01972,-0.04916,0.05689,1.0103,-0.0122,-0.0066,-0.05862,0.00973,-0.02531,0.04242,0.15287,-0.98732,0.00483,0.70317,-0.01167,-0.71092,-0.00186,50.25,52.88,0.02,0.0722
20:48:39.907,6648.7371,332268,68.595,-33.189,32.778,-11.615,0.0967,0.002,-1.1006,0.02478,-0.10499,0.03517,1.0132,-0.0176,-0.0134,-0.05942,0.01226,-0.02585,0.04283,0.15254,-0.98736,0.00516,0.70272,-0.01243,-0.71135,-0.0011,50.26,52.88,0.02,0.0699
20:48:39.908,6648.7571,332269,68.671,-33.69,32.799,-11.628,0.0903,-0.0029,-1.1099,0.03158,-0.14416,0.03171,1.011,-0.0125,-0.0078,-0.05862,0.01479,-0.02625,0.04224,0.15226,-0.98742,0.00547,0.70337,-0.01194,-0.71072,-0.00159,50.25,52.87,0.02,0.0717
20:48:39.952,6648.7771,332270,68.496,-33.863,32.819,-11.641,0.0959,-0.0029,-1.1042,0.02105,-0.11178,0.01199,1.0085,-0.0122,-0.0127,-0.05929,0.01119,-0.02571,0.04236,0.15216,-0.98743,0.00586,0.7028,-0.01128,-0.71129,-0.00226,50.24,52.86,0.02,0.0735
20:48:39.953,6648.7971,332271,68.422,-34.254,32.84,-11.654,0.0913,0.001,-1.1062,0.02132,-0.11138,0.01585,1.0093,-0.0098,-0.0125,-0.05849,0.01199,-0.02558,0.04203,0.15203,-0.98746,0.00585,0.70271,-0.01027,-0.7114,-0.00329,50.24,52.86,0.02,0.0729
20:48:39.967,6648.8171,332272,68.475,-33.955,32.86,-11.667,0.0967,-0.0017,-1.1021,0.02505,-0.12324,0.00826,1.0103,-0.0127,-0.0125,-0.05796,0.01332,-0.02545,0.0422,0.15197,-0.98746,0.00619,0.70272,-0.01128,-0.71138,-0.00226,50.24,52.87,0.02,0.0722
20:48:40.012,6648.8371,332273,68.374,-34.048,32.881,-11.68,0.0916,0.0002,-1.1025,0.02158,-0.11378,0.00879,1.0076,-0.0107,-0.0151,-0.05875,0.01266,-0.02505,0.04185,0.15192,-0.98749,0.00619,0.70206,-0.01079,-0.71203,-0.00277,50.25,52.87,0.02,0.0742
20:48:40.013,6648.8571,332274,68.51,-34.289,32.901,-11.693,0.0918,0.0005,-1.1074,0.02345,-0.11858,0.00693,1.0088,-0.0112,-0.0107,-0.05782,0.01306,-0.02585,0.04145,0.15189,-0.98751,0.00615,0.7028,-0.01076,-0.7113,-0.00279,50.24,52.87,0.02,0.0733
20:48:40.072,6648.8771,332275,68.448,-33.942,32.921,-11.705,0.0933,0.002,-1.1064,0.02358,-0.11738,0.00626,1.0115,-0.0122,-0.0154,-0.05849,0.01306,-0.02571,0.0416,0.15188,-0.98751,0.00578,0.7021,-0.01097,-0.71199,-0.00258,50.24,52.87,0.02,0.0712
20:48:40.073,6648.8971,332276,68.491,-34.198,32.942,-11.718,0.0957,-0.0017,-1.1057,0.02305,-0.11871,0.00506,1.0076,-0.0107,-0.0081,-0.05822,0.01319,-0.02518,0.04181,0.15186,-0.9875,0.00612,0.70284,-0.01083,-0.71126,-0.00272,50.24,52.87,0.02,0.0742
20:48:40.074,6648.9171,332277,68.518,-33.83,32.962,-11.731,0.0957,-0.0017,-1.0989,0.02292,-0.11751,0.00546,1.0059,-0.0164,-0.0129,-0.05809,0.01306,-0.02531,0.04206,0.15183,-0.98749,0.00644,0.70267,-0.01186,-0.71141,-0.00167,50.24,52.85,0.02,0.0754
20:48:40.087,6648.9371,332278,68.498,-34.348,32.982,-11.744,0.0935,-0.0022,-1.1023,0.02425,-0.11791,0.00626,1.0046,-0.011,-0.0105,-0.05875,0.01212,-0.02478,0.04191,0.15179,-0.9875,0.00682,0.70317,-0.01104,-0.71093,-0.0025,50.24,52.86,0.02,0.0765
20:48:40.117,6648.9571,332279,68.424,-34.261,33.003,-11.757,0.0918,-0.0029,-1.1018,0.02305,-0.11751,0.00573,1.0105,-0.0125,-0.0134,-0.05902,0.01239,-0.02518,0.04159,0.15176,-0.98752,0.00706,0.70245,-0.01118,-0.71164,-0.00237,50.24,52.88,0.02,0.072
20:48:40.132,6648.9771,332280,68.434,-34.527,33.023,-11.77,0.0938,-0.0017,-1.1035,0.02185,-0.11751,0.0052,1.012,-0.0103,-0.0093,-0.05822,0.01239,-0.02545,0.04192,0.15173,-0.98751,0.00729,0.70312,-0.01081,-0.71099,-0.00274,50.25,52.88,0.02,0.0709
20:48:40.148,6648.9971,332281,68.508,-34.279,33.043,-11.782,0.093,-0.0044,-1.1106,0.02225,-0.11778,0.0064,1.0115,-0.0137,-0.0117,-0.05742,0.01186,-0.02585,0.04165,0.15169,-0.98752,0.00757,0.70297,-0.01179,-0.71111,-0.00175,50.25,52.87,0.02,0.0713
20:48:40.192,6649.0171,332282,68.641,-34.243,33.064,-11.795,0.0942,0.0002,-1.105,0.02238,-0.11804,0.00613,1.0103,-0.0146,-0.0107,-0.05862,0.01186,-0.02518,0.04177,0.15168,-0.98752,0.00719,0.70368,-0.01201,-0.71041,-0.00151,50.24,52.87,0.02,0.0722
20:48:40.193,6649.0371,332283,68.545,-34.297,33.084,-11.808,0.0928,-0.0005,-1.1035,0.02225,-0.11898,0.0064,1.0063,-0.0122,-0.012,-0.05875,0.01252,-0.02571,0.04156,0.15167,-0.98753,0.00684,0.7031,-0.01135,-0.711,-0.00219,50.25,52.87,0.02,0.0752
20:48:40.223,6649.0571,332284,68.398,-34.225,33.104,-11.821,0.0955,0.0005,-1.1067,0.02225,-0.11871,0.00626,1.0112,-0.011,-0.0137,-0.05836,0.01306,-0.02625,0.04191,0.15165,-0.98752,0.00665,0.70248,-0.01083,-0.71161,-0.00272,50.25,52.87,0.02,0.0715
20:48:40.224,6649.0771,332285,68.306,-34.28,33.124,-11.834,0.0916,-0.0005,-1.1064,0.02292,-0.11724,0.00613,1.0068,-0.0095,-0.0161,-0.05849,0.01359,-0.02531,0.04152,0.15162,-0.98754,0.00659,0.7018,-0.01041,-0.71229,-0.00316,50.24,52.86,0.02,0.0748
20:48:40.252,6649.0971,332286,68.451,-34.139,33.144,-11.846,0.0938,0.002,-1.1062,0.02292,-0.11644,0.0064,1.0071,-0.0144,-0.0095,-0.05836,0.01332,-0.02585,0.04168,0.15161,-0.98754,0.00622,0.70246,-0.01089,-0.71164,-0.00266,50.23,52.85,0.02,0.0746
20:48:40.267,6649.1171,332287,68.453,-33.669,33.164,-11.859,0.0974,0.0015,-1.1072,0.02292,-0.11618,0.006,1.0122,-0.0142,-0.0142,-0.05889,0.01279,-0.02585,0.04209,0.15159,-0.98753,0.00618,0.70213,-0.01178,-0.71195,-0.00177,50.24,52.86,0.02,0.0707
20:48:40.311,6649.1371,332288,68.539,-34.026,33.184,-11.871,0.0906,-0.0029,-1.106,0.02372,-0.11818,0.00506,1.0115,-0.0127,-0.0098,-0.05875,0.01279,-0.02571,0.04176,0.15158,-0.98754,0.0064,0.70283,-0.01153,-0.71126,-0.00201,50.25,52.87,0.02,0.0713
20:48:40.313,6649.1571,332289,68.691,-33.895,33.204,-11.884,0.0938,0.0037,-1.106,0.02225,-0.11738,0.00466,1.0095,-0.0146,-0.0107,-0.05796,0.01306,-0.02505,0.04183,0.15159,-0.98754,0.00601,0.70347,-0.012,-0.71062,-0.00152,50.26,52.86,0.02,0.0728
20:48:40.327,6649.1771,332290,68.655,-34.232,33.225,-11.897,0.0955,0.0002,-1.1013,0.02292,-0.11818,0.00466,1.0098,-0.0125,-0.0085,-0.05822,0.01239,-0.02505,0.04219,0.15159,-0.98752,0.00619,0.70401,-0.01131,-0.7101,-0.00222,50.24,52.87,0.02,0.0726
20:48:40.357,6649.1971,332291,68.589,-34.104,33.245,-11.909,0.0918,-0.0024,-1.1055,0.02198,-0.11724,0.00493,1.0066,-0.0142,-0.0129,-0.05862,0.01186,-0.02558,0.04188,0.15158,-0.98754,0.00644,0.70328,-0.01156,-0.71082,-0.00197,50.24,52.87,0.02,0.0749
20:48:40.372,6649.2171,332292,68.571,-34.611,33.265,-11.922,0.0913,-0.0017,-1.1057,0.02212,-0.11778,0.00453,1.0081,-0.0093,-0.0093,-0.05809,0.01332,-0.02585,0.04151,0.15157,-0.98755,0.0066,0.70362,-0.01063,-0.71049,-0.00291,50.25,52.86,0.02,0.0739
20:48:40.387,6649.2371,332293,68.672,-34.142,33.285,-11.935,0.0928,0.001,-1.1123,0.02198,-0.11631,0.00573,1.0051,-0.0178,-0.0115,-0.05902,0.01252,-0.02598,0.04137,0.15156,-0.98756,0.00623,0.70338,-0.01165,-0.71071,-0.00188,50.27,52.85,0.02,0.076
20:48:40.417,6649.2571,332294,68.771,-33.666,33.305,-11.947,0.0928,0.0049,-1.1064,0.02238,-0.11791,0.00506,1.012,-0.0146,-0.0107,-0.05849,0.01252,-0.02571,0.04143,0.15158,-0.98756,0.00583,0.70328,-0.01264,-0.7108,-0.00088,50.26,52.86,0.02,0.0709
20:48:40.432,6649.2771,332295,68.635,-34.084,33.325,-11.959,0.0952,-0.0076,-1.1018,0.02345,-0.11818,0.00506,1.0103,-0.0032,-0.012,-0.05875,0.01279,-0.02638,0.04149,0.15156,-0.98756,0.00623,0.7032,-0.01163,-0.7109,-0.0019,50.25,52.87,0.02,0.0722
20:48:40.447,6649.2971,332296,68.808,-33.734,33.345,-11.972,0.0906,0.0017,-1.0981,0.02185,-0.12071,0.0052,1.0005,-0.0166,-0.0105,-0.05902,0.01239,-0.02478,0.04119,0.15156,-0.98757,0.00592,0.7034,-0.01271,-0.71068,-0.00081,50.23,52.87,0.02,0.0795
20:48:40.477,6649.3171,332297,68.65,-34.043,33.365,-11.984,0.0977,0.0002,-1.0991,0.02278,-0.11511,0.00533,1.0012,-0.0142,-0.0107,-0.05849,0.01186,-0.02505,0.04161,0.15153,-0.98756,0.00603,0.7033,-0.01161,-0.7108,-0.00192,50.23,52.87,0.02,0.079
20:48:40.492,6649.3371,332298,68.803,-34.369,33.385,-11.997,0.0835,-0.0044,-1.0996,0.03091,-0.14389,0.02825,1.0083,-0.0139,-0.009,-0.05809,0.01692,-0.02718,0.04096,0.15129,-0.98762,0.00622,0.70407,-0.01166,-0.71003,-0.00186,50.24,52.88,0.02,0.0737
20:48:40.507,6649.3571,332299,68.602,-34.376,33.405,-12.01,0.0967,-0.0024,-1.1023,0.01679,-0.09846,0.03251,1.0076,-0.0095,-0.0129,-0.05742,0.00946,-0.02411,0.04149,0.15099,-0.98764,0.00643,0.70344,-0.01106,-0.71066,-0.00246,50.23,52.86,0.02,0.0742
20:48:40.538,6649.3771,332300,68.561,-34.855,33.425,-12.022,0.0933,-0.0032,-1.1028,0.02358,-0.11525,0.0044,1.0078,-0.0083,-0.0081,-0.05836,0.01146,-0.02545,0.04152,0.15096,-0.98764,0.00684,0.70392,-0.01025,-0.7102,-0.00326,50.25,52.88,0.02,0.0741
20:48:40.552,6649.3971,332301,68.67,-34.477,33.445,-12.035,0.0889,-0.0002,-1.1035,0.02118,-0.12457,0.0052,1.001,-0.0117,-0.0095,-0.05889,0.01359,-0.02585,0.04108,0.15095,-0.98766,0.00668,0.70364,-0.0113,-0.71047,-0.00221,50.24,52.87,0.02,0.0792
20:48:40.568,6649.4171,332302,68.555,-34.434,33.464,-12.048,0.0891,-0.0054,-1.0981,0.02198,-0.10885,0.00733,1.0066,-0.0127,-0.0115,-0.05742,0.01212,-0.02531,0.04093,0.1509,-0.98768,0.007,0.70289,-0.01125,-0.71121,-0.00227,50.25,52.88,0.02,0.0749
20:48:40.597,6649.4371,332303,68.431,-34.763,33.484,-12.061,0.0959,-0.0015,-1.1025,0.02265,-0.12351,0.00386,1.0032,-0.009,-0.0117,-0.05796,0.01279,-0.02518,0.04127,0.1509,-0.98766,0.00703,0.70295,-0.01016,-0.71116,-0.00337,50.25,52.86,0.02,0.0775
20:48:40.627,6649.4571,332304,68.578,-34.369,33.504,-12.073,0.0925,0.0022,-1.1067,0.02132,-0.11458,0.00506,1.0081,-0.0181,-0.0098,-0.05889,0.01199,-0.02598,0.04132,0.1509,-0.98766,0.00663,0.70319,-0.01114,-0.71091,-0.00238,50.24,52.87,0.02,0.0738
20:48:40.628,6649.4771,332305,68.62,-34.106,33.524,-12.086,0.0881,-0.0034,-1.1011,0.02305,-0.12031,0.0032,1.011,-0.0164,-0.0132,-0.05902,0.01346,-0.02585,0.04094,0.15089,-0.98768,0.00678,0.70277,-0.01196,-0.71132,-0.00155,50.24,52.87,0.02,0.0716
20:48:40.657,6649.4971,332306,68.75,-33.652,33.543,-12.098,0.0935,0.0054,-1.1047,0.02078,-0.11551,0.00626,1.0046,-0.0181,-0.0117,-0.05929,0.01146,-0.02491,0.04112,0.15088,-0.98768,0.0064,0.70295,-0.013,-0.71112,-0.0005,50.23,52.87,0.02,0.0764
20:48:40.672,6649.5171,332307,68.712,-34.0,33.563,-12.11,0.0886,0.0066,-1.1028,0.02305,-0.12151,0.00373,1.0017,-0.0134,-0.0112,-0.05902,0.01319,-0.02425,0.04096,0.15089,-0.98768,0.00601,0.70309,-0.01191,-0.711,-0.0016,50.27,52.86,0.02,0.0786
20:48:40.687,6649.5371,332308,68.636,-33.563,33.583,-12.122,0.0962,0.0039,-1.0974,0.02145,-0.11631,0.00453,1.0032,-0.0154,-0.0127,-0.05902,0.01186,-0.02451,0.04134,0.15089,-0.98767,0.00583,0.70238,-0.01238,-0.71169,-0.00114,50.24,52.88,0.02,0.0775
20:48:40.732,6649.5571,332309,68.685,-33.738,33.603,-12.134,0.0938,0.002,-1.1091,0.02411,-0.12191,0.00293,1.0088,-0.0154,-0.0125,-0.05862,0.01426,-0.02518,0.04162,0.15091,-0.98766,0.00561,0.70307,-0.01199,-0.71102,-0.00152,50.26,52.85,0.02,0.0733
20:48:40.733,6649.5771,332310,68.519,-33.863,33.622,-12.146,0.0942,-0.0012,-1.1096,0.02252,-0.11498,0.00333,1.01,-0.0122,-0.0146,-0.05822,0.01212,-0.02518,0.0417,0.15089,-0.98765,0.006,0.70245,-0.01148,-0.71164,-0.00205,50.25,52.85,0.02,0.0724
20:48:40.747,6649.5971,332311,68.365,-34.224,33.642,-12.159,0.0935,-0.0017,-1.1055,0.02252,-0.11884,0.0044,1.0066,-0.0076,-0.0151,-0.05822,0.01199,-0.02505,0.04165,0.15087,-0.98765,0.0064,0.70212,-0.01053,-0.71197,-0.00301,50.24,52.87,0.02,0.0749
20:48:40.778,6649.6171,332312,68.284,-34.457,33.661,-12.171,0.093,0.0024,-1.0967,0.02172,-0.11764,0.00453,1.0085,-0.0085,-0.0142,-0.05809,0.01159,-0.02518,0.04176,0.15089,-0.98765,0.00602,0.70209,-0.0095,-0.71201,-0.00406,50.25,52.86,0.02,0.0735
20:48:40.792,6649.6371,332313,68.356,-34.179,33.681,-12.184,0.094,0.0005,-1.106,0.02345,-0.12177,0.0044,1.0098,-0.0164,-0.0127,-0.05822,0.01239,-0.02638,0.04201,0.15087,-0.98764,0.00629,0.70227,-0.01048,-0.71182,-0.00306,50.24,52.86,0.02,0.0725
20:48:40.807,6649.6571,332314,68.488,-34.396,33.7,-12.196,0.0891,-0.0022,-1.1033,0.02385,-0.11764,0.004,1.012,-0.0122,-0.0051,-0.05822,0.01372,-0.02518,0.04163,0.15086,-0.98766,0.00642,0.70298,-0.01061,-0.71112,-0.00292,50.24,52.85,0.02,0.0709
20:48:40.837,6649.6785,332315,68.533,-34.763,33.72,-12.209,0.0928,-0.01,-1.1006,0.02278,-0.11271,0.0044,1.012,-0.0093,-0.0073,-0.05822,0.01226,-0.02545,0.04162,0.15084,-0.98766,0.00685,0.70372,-0.01034,-0.7104,-0.00319,50.23,52.87,0.02,0.0709
20:48:40.853,6649.6971,332316,68.57,-35.024,33.739,-12.221,0.0908,0.01,-1.1101,0.02198,-0.11924,0.00386,1.0081,-0.0012,-0.0027,-0.05836,0.01172,-0.02491,0.04157,0.15085,-0.98766,0.00648,0.70423,-0.00968,-0.7099,-0.00385,50.23,52.86,0.02,0.0739
20:48:40.867,6649.7171,332317,68.583,-34.776,33.759,-12.234,0.0891,0.0,-1.103,0.02438,-0.12044,0.00493,1.0151,-0.0142,-0.0149,-0.05782,0.01119,-0.02465,0.04116,0.15084,-0.98768,0.0064,0.70364,-0.0102,-0.71047,-0.00333,50.24,52.85,0.02,0.0685
20:48:40.897,6649.7371,332318,68.5,-34.454,33.778,-12.247,0.0945,-0.0032,-1.0991,0.02372,-0.11072,0.00386,1.0044,-0.0125,-0.0129,-0.05796,0.01319,-0.02518,0.04145,0.15083,-0.98767,0.00675,0.703,-0.01079,-0.7111,-0.00274,50.25,52.87,0.02,0.0766
20:48:40.912,6649.7571,332319,68.437,-34.089,33.797,-12.259,0.0938,-0.0002,-1.1101,0.02372,-0.12364,0.004,1.0076,-0.0127,-0.0154,-0.05782,0.01132,-0.02438,0.0416,0.15084,-0.98766,0.00641,0.70228,-0.01106,-0.71181,-0.00248,50.25,52.87,0.02,0.0742
20:48:40.927,6649.7771,332320,68.614,-34.03,33.817,-12.271,0.0896,-0.0005,-1.1082,0.02332,-0.11658,0.00346,1.0066,-0.0151,-0.0115,-0.05836,0.01399,-0.02491,0.04121,0.15084,-0.98768,0.00639,0.70282,-0.01178,-0.71127,-0.00173,50.27,52.87,0.02,0.0749
20:48:40.971,6649.7971,332321,68.596,-33.784,33.836,-12.283,0.0898,0.0012,-1.1062,0.02411,-0.12031,0.00466,1.0115,-0.0149,-0.0137,-0.05875,0.01226,-0.02491,0.04086,0.15084,-0.98769,0.00616,0.70214,-0.01209,-0.71194,-0.00144,50.27,52.88,0.02,0.0712
20:48:40.973,6649.8171,332322,68.53,-34.263,33.856,-12.295,0.0925,-0.002,-1.1082,0.02265,-0.11751,0.00373,1.0085,-0.011,-0.0125,-0.05849,0.01332,-0.02558,0.04092,0.15082,-0.98769,0.00656,0.7025,-0.01118,-0.71159,-0.00235,50.24,52.85,0.02,0.0735
20:48:40.988,6649.8371,332323,68.594,-33.875,33.875,-12.307,0.093,-0.0007,-1.1123,0.02332,-0.11844,0.00333,1.0098,-0.0171,-0.0127,-0.05769,0.01199,-0.02505,0.04131,0.15082,-0.98768,0.00663,0.70259,-0.01219,-0.71149,-0.00132,50.24,52.87,0.02,0.0725
20:48:41.017,6649.8571,332324,68.582,-34.372,33.894,-12.319,0.0881,-0.0022,-1.0994,0.02305,-0.11804,0.0032,1.0071,-0.0122,-0.0117,-0.05849,0.01252,-0.02545,0.04092,0.15081,-0.98769,0.00671,0.70293,-0.01125,-0.71117,-0.00227,50.25,52.86,0.02,0.0746
20:48:41.047,6649.8771,332325,68.712,-34.087,33.914,-12.332,0.0925,-0.0002,-1.1067,0.02132,-0.11525,0.0044,1.0117,-0.0142,-0.011,-0.05769,0.01279,-0.02625,0.0412,0.15082,-0.98768,0.00639,0.7034,-0.01199,-0.71069,-0.00152,50.25,52.85,0.02,0.0711
20:48:41.048,6649.8971,332326,68.627,-34.068,33.933,-12.344,0.0908,0.0002,-1.1042,0.02398,-0.11924,0.00426,1.0042,-0.0132,-0.0139,-0.05875,0.01399,-0.02598,0.04084,0.15082,-0.9877,0.00623,0.70267,-0.01167,-0.71142,-0.00186,50.25,52.85,0.02,0.0767
20:48:41.077,6649.9171,332327,68.586,-34.567,33.952,-12.356,0.0911,-0.0037,-1.1028,0.02278,-0.11631,0.00413,1.0095,-0.012,-0.0117,-0.05889,0.01292,-0.02598,0.04075,0.15081,-0.9877,0.00662,0.70308,-0.01082,-0.71102,-0.00271,50.26,52.87,0.02,0.0728
20:48:41.092,6649.9371,332328,68.667,-34.369,33.972,-12.368,0.0935,-0.0042,-1.1033,0.02345,-0.11991,0.004,1.0117,-0.0142,-0.0107,-0.05929,0.01372,-0.02625,0.0409,0.15079,-0.9877,0.00698,0.70335,-0.01174,-0.71074,-0.00177,50.24,52.87,0.02,0.0711
20:48:41.152,6649.9571,332329,68.498,-34.614,33.991,-12.381,0.0923,-0.0032,-1.1052,0.02318,-0.11618,0.00373,1.0076,-0.0112,-0.0125,-0.05889,0.01279,-0.02598,0.04093,0.15077,-0.98769,0.00738,0.70285,-0.01097,-0.71124,-0.00256,50.25,52.88,0.02,0.0742
20:48:41.154,6649.9771,332330,68.679,-34.569,34.01,-12.393,0.0879,0.0005,-1.1057,0.02158,-0.11724,0.00413,1.0066,-0.0156,-0.0076,-0.05862,0.01306,-0.02585,0.04064,0.15078,-0.98771,0.00711,0.7035,-0.0115,-0.71059,-0.00202,50.25,52.88,0.02,0.0749
20:48:41.156,6649.9971,332331,68.52,-34.738,34.029,-12.405,0.0925,-0.0046,-1.1113,0.02425,-0.11751,0.00453,1.0142,-0.0088,-0.0146,-0.05796,0.01252,-0.02585,0.04067,0.15077,-0.9877,0.00751,0.70295,-0.01091,-0.71115,-0.00262,50.23,52.87,0.02,0.0692
20:48:41.168,6650.0171,332332,68.43,-34.453,34.048,-12.418,0.0925,-0.0007,-1.1052,0.02198,-0.11711,0.00413,1.0115,-0.0117,-0.0154,-0.05849,0.01239,-0.02478,0.04088,0.15078,-0.9877,0.00716,0.70223,-0.01091,-0.71186,-0.00262,50.25,52.87,0.02,0.0712
20:48:41.198,6650.0371,332333,68.559,-34.259,34.067,-12.43,0.0898,-0.0039,-1.104,0.02358,-0.12177,0.0032,1.0076,-0.0149,-0.0134,-0.05862,0.01306,-0.02571,0.04051,0.15077,-0.98771,0.00739,0.70238,-0.01193,-0.71171,-0.00159,50.25,52.86,0.02,0.0742
20:48:41.212,6650.0571,332334,68.449,-34.607,34.086,-12.442,0.0947,-0.0037,-1.1069,0.02265,-0.11498,0.0036,1.0105,-0.0085,-0.0122,-0.05862,0.01132,-0.02531,0.04089,0.15077,-0.98769,0.00757,0.70258,-0.01096,-0.71152,-0.00257,50.26,52.86,0.02,0.072
20:48:41.257,6650.0771,332335,68.547,-34.117,34.105,-12.454,0.0916,-0.0002,-1.1047,0.02345,-0.12017,0.0044,1.0056,-0.0161,-0.0137,-0.05836,0.01239,-0.02545,0.04086,0.15077,-0.9877,0.00717,0.70237,-0.01198,-0.71171,-0.00154,50.25,52.87,0.02,0.0756
20:48:41.260,6650.0971,332336,68.677,-33.703,34.125,-12.466,0.0923,0.0049,-1.0964,0.02292,-0.11525,0.0032,1.0095,-0.0161,-0.0132,-0.05862,0.01172,-0.02585,0.04101,0.15079,-0.98769,0.00679,0.70258,-0.01296,-0.71149,-0.00054,50.26,52.86,0.02,0.0727
20:48:41.272,6650.1171,332337,68.595,-33.931,34.144,-12.478,0.0928,-0.0005,-1.1106,0.02465,-0.11778,0.00373,1.012,-0.0125,-0.0129,-0.05742,0.01292,-0.02731,0.0412,0.15081,-0.98768,0.00644,0.70258,-0.01194,-0.7115,-0.00156,50.25,52.85,0.02,0.0709
20:48:41.287,6650.1371,332338,68.621,-34.424,34.163,-12.49,0.0864,-0.0068,-1.1062,0.02625,-0.12124,0.00346,1.0093,-0.0066,-0.0061,-0.05875,0.01346,-0.02718,0.04085,0.1508,-0.9877,0.00671,0.70314,-0.01127,-0.71096,-0.00223,50.26,52.88,0.02,0.073
20:48:41.317,6650.1571,332339,68.71,-33.915,34.182,-12.502,0.0935,0.0054,-1.1013,0.02265,-0.11911,0.0044,1.0068,-0.0151,-0.0115,-0.05955,0.01199,-0.02478,0.04103,0.15082,-0.98769,0.00636,0.70303,-0.01231,-0.71105,-0.00118,50.25,52.86,0.02,0.0748
20:48:41.332,6650.1771,332340,68.571,-33.645,34.201,-12.513,0.0969,0.0017,-1.1001,0.02092,-0.11138,0.0044,1.0063,-0.0154,-0.0188,-0.05849,0.01119,-0.02505,0.04148,0.15081,-0.98767,0.00627,0.70228,-0.01229,-0.7118,-0.00121,50.25,52.85,0.02,0.0751
20:48:41.362,6650.1971,332341,68.635,-34.111,34.22,-12.525,0.0881,-0.0032,-1.1033,0.02585,-0.12497,0.00253,1.0078,-0.012,-0.0093,-0.05849,0.01479,-0.02625,0.04106,0.15081,-0.98769,0.00647,0.70293,-0.01175,-0.71116,-0.00175,50.24,52.88,0.02,0.0741
20:48:41.377,6650.2171,332342,68.456,-34.265,34.239,-12.537,0.0974,-0.0032,-1.1069,0.02332,-0.11551,0.00346,1.0125,-0.0103,-0.0142,-0.05889,0.01266,-0.02611,0.0414,0.1508,-0.98767,0.00672,0.70248,-0.01099,-0.71162,-0.00252,50.25,52.87,0.02,0.0705
20:48:41.392,6650.2371,332343,68.592,-34.444,34.258,-12.549,0.0898,0.002,-1.1077,0.02225,-0.11844,0.0052,1.0078,-0.0115,-0.0095,-0.05676,0.01292,-0.02478,0.04114,0.15082,-0.98768,0.00641,0.70322,-0.01089,-0.71088,-0.00262,50.26,52.86,0.02,0.0741
20:48:41.407,6650.2571,332344,68.486,-34.174,34.276,-12.561,0.0952,-0.0022,-1.106,0.02238,-0.11698,0.00426,1.009,-0.0139,-0.0154,-0.05822,0.01199,-0.02505,0.04143,0.1508,-0.98767,0.00668,0.70253,-0.01125,-0.71156,-0.00227,50.25,52.87,0.02,0.0731
20:48:41.437,6650.2771,332345,68.614,-34.141,34.295,-12.573,0.093,-0.0022,-1.1113,0.02278,-0.11831,0.00413,1.0083,-0.0159,-0.011,-0.05862,0.01146,-0.02571,0.04124,0.15079,-0.98768,0.00703,0.70302,-0.01202,-0.71107,-0.00148,50.24,52.86,0.02,0.0736
20:48:41.482,6650.2971,332346,68.591,-34.596,34.314,-12.585,0.0935,-0.0049,-1.1106,0.02385,-0.11884,0.00346,1.0129,-0.012,-0.0095,-0.05782,0.01266,-0.02585,0.04122,0.15077,-0.98768,0.00743,0.70353,-0.01132,-0.71058,-0.00218,50.23,52.85,0.02,0.0702
20:48:41.483,6650.3171,332347,68.477,-34.563,34.333,-12.597,0.0928,0.0007,-1.103,0.02318,-0.11698,0.00426,1.009,-0.011,-0.012,-0.05822,0.01226,-0.02531,0.0413,0.15079,-0.98768,0.00704,0.70294,-0.01071,-0.71117,-0.00281,50.27,52.85,0.02,0.0732
20:48:41.484,6650.3371,332348,68.528,-34.034,34.352,-12.609,0.0959,0.0027,-1.1143,0.02198,-0.11578,0.00466,1.0071,-0.0159,-0.0132,-0.05875,0.01279,-0.02505,0.04157,0.15079,-0.98767,0.00671,0.70266,-0.01168,-0.71143,-0.00182,50.26,52.85,0.02,0.0745
20:48:41.512,6650.3571,332349,68.644,-34.315,34.371,-12.621,0.0906,-0.0042,-1.1084,0.02558,-0.12017,0.00306,1.0073,-0.0142,-0.0095,-0.05809,0.01332,-0.02691,0.04123,0.15079,-0.98768,0.00699,0.7034,-0.01173,-0.71069,-0.00176,50.25,52.87,0.02,0.0744
20:48:41.527,6650.3771,332350,68.546,-33.973,34.389,-12.633,0.0955,0.001,-1.1111,0.02372,-0.11724,0.00346,1.0059,-0.0146,-0.0132,-0.05782,0.01239,-0.02491,0.04154,0.1508,-0.98767,0.00674,0.70265,-0.01189,-0.71143,-0.00162,50.27,52.85,0.02,0.0754
20:48:41.573,6650.3971,332351,68.453,-34.047,34.408,-12.644,0.092,0.0012,-1.1089,0.02172,-0.11738,0.00493,1.0095,-0.0129,-0.0139,-0.05822,0.01106,-0.02465,0.04135,0.15081,-0.98768,0.00639,0.70212,-0.01119,-0.71197,-0.00233,50.24,52.86,0.02,0.0727
20:48:41.577,6650.4171,332352,68.297,-34.426,34.427,-12.656,0.0935,-0.0049,-1.1011,0.02505,-0.11951,0.0044,1.0063,-0.0107,-0.0146,-0.05822,0.01279,-0.02598,0.04137,0.15079,-0.98768,0.00681,0.70185,-0.01021,-0.71224,-0.00333,50.25,52.86,0.02,0.0752
20:48:41.602,6650.4371,332353,68.394,-34.308,34.445,-12.668,0.095,-0.0007,-1.103,0.02332,-0.11977,0.00413,1.0093,-0.012,-0.0122,-0.05809,0.01319,-0.02505,0.04176,0.15079,-0.98766,0.0068,0.70248,-0.01073,-0.71161,-0.0028,50.26,52.85,0.02,0.0729
20:48:41.618,6650.4571,332354,68.527,-34.076,34.464,-12.68,0.0916,-0.0017,-1.105,0.02238,-0.11804,0.0048,1.0103,-0.0142,-0.0129,-0.05862,0.01279,-0.02491,0.04137,0.15078,-0.98768,0.00688,0.70257,-0.01173,-0.71151,-0.00178,50.26,52.86,0.02,0.0721
20:48:41.632,6650.4771,332355,68.642,-34.365,34.483,-12.692,0.0896,-0.0007,-1.1025,0.02225,-0.11658,0.00333,1.0098,-0.0132,-0.0103,-0.05809,0.01186,-0.02558,0.041,0.15079,-0.98769,0.00675,0.70328,-0.01148,-0.71082,-0.00202,50.26,52.88,0.02,0.0725
20:48:41.647,6650.4971,332356,68.481,-34.363,34.501,-12.704,0.0938,-0.0032,-1.1106,0.02278,-0.11804,0.00266,1.0083,-0.0122,-0.0137,-0.05862,0.01239,-0.02625,0.04115,0.15077,-0.98769,0.00712,0.70257,-0.0112,-0.71152,-0.00232,50.26,52.87,0.02,0.0736
20:48:41.679,6650.5171,332357,68.646,-34.246,34.52,-12.716,0.0874,-0.0039,-1.1023,0.02318,-0.12004,0.0048,1.0056,-0.0156,-0.0115,-0.05836,0.01332,-0.02585,0.04074,0.15076,-0.9877,0.00722,0.70297,-0.01209,-0.71111,-0.0014,50.25,52.88,0.02,0.0757
20:48:41.692,6650.5371,332358,68.525,-33.946,34.539,-12.727,0.095,-0.002,-1.0974,0.02305,-0.11711,0.00493,1.0063,-0.0156,-0.0137,-0.05862,0.01199,-0.02545,0.04114,0.15076,-0.98769,0.00726,0.70223,-0.01229,-0.71184,-0.00122,50.27,52.87,0.02,0.0751
20:48:41.722,6650.5571,332359,68.611,-34.101,34.557,-12.739,0.092,0.0007,-1.0945,0.02318,-0.11711,0.0044,1.0068,-0.0142,-0.0105,-0.05836,0.01146,-0.02505,0.04124,0.15077,-0.98768,0.00688,0.70295,-0.01197,-0.71114,-0.00153,50.27,52.87,0.02,0.0748
20:48:41.738,6650.5771,332360,0.005,0.027,34.538,-12.732,0.0942,-0.0002,-1.1069,0.02292,-0.12057,0.00426,1.0063,-0.0122,-0.0112,-0.05796,0.01266,-0.02625,0.04157,0.15077,-0.98767,0.00668,0.70318,-0.01096,-0.71092,-0.00254,50.25,52.86,0.02,0.0752
20:48:41.752,6650.5971,332361,0.056,0.068,34.52,-12.725,0.0938,0.0005,-1.1021,0.02265,-0.11804,0.00453,1.0083,-0.0139,-0.01,-0.05862,0.01292,-0.02531,0.04182,0.15079,-0.98766,0.00638,0.70365,-0.01176,-0.71044,-0.00173,50.25,52.86,0.02,0.0737
20:48:41.767,6650.6171,332362,0.02,0.105,34.501,-12.718,0.0933,0.0012,-1.1082,0.02265,-0.11591,0.00413,1.0093,-0.0076,-0.0125,-0.05929,0.01212,-0.02558,0.04169,0.15079,-0.98767,0.00601,0.70329,-0.01087,-0.71082,-0.00263,50.26,52.86,0.02,0.0729
20:48:41.798,6650.6371,332363,0.085,0.067,34.482,-12.711,0.0906,-0.0049,-1.1082,0.02318,-0.11938,0.0048,1.0122,-0.0137,-0.0103,-0.05809,0.01372,-0.02531,0.04145,0.15078,-0.98768,0.00633,0.70356,-0.01179,-0.71053,-0.00171,50.26,52.87,0.02,0.0707
20:48:41.812,6650.6571,332364,0.022,0.056,34.463,-12.704,0.0898,-0.0007,-1.1052,0.02198,-0.11711,0.00453,1.0085,-0.0156,-0.012,-0.05889,0.01172,-0.02545,0.04106,0.15078,-0.98769,0.00636,0.7029,-0.01225,-0.71118,-0.00125,50.25,52.86,0.02,0.0735
20:48:41.843,6650.6771,332365,-0.055,0.084,34.444,-12.697,0.0942,0.0015,-1.1057,0.02118,-0.11564,0.0044,1.0122,-0.0122,-0.0129,-0.05862,0.01159,-0.02505,0.04143,0.15078,-0.98768,0.00614,0.70265,-0.01132,-0.71144,-0.00219,50.25,52.85,0.02,0.0707
20:48:41.844,6650.6971,332366,0.073,0.04,34.426,-12.69,0.0925,-0.0037,-1.105,0.02345,-0.12031,0.00293,1.0061,-0.0129,-0.0122,-0.05809,0.01319,-0.02611,0.04131,0.15077,-0.98768,0.00653,0.70341,-0.01137,-0.71069,-0.00214,50.25,52.86,0.02,0.0753
20:48:41.873,6650.7171,332367,-0.019,0.082,34.407,-12.683,0.0923,0.0012,-1.1084,0.02278,-0.11804,0.00413,1.0117,-0.0151,-0.0144,-0.05942,0.01306,-0.02571,0.04123,0.15079,-0.98769,0.00614,0.70274,-0.01172,-0.71135,-0.00179,50.27,52.86,0.02,0.0711
20:48:41.887,6650.7371,332368,0.117,0.04,34.388,-12.676,0.0916,-0.0034,-1.1111,0.02332,-0.11951,0.00386,1.0066,-0.0134,-0.0076,-0.05875,0.01359,-0.02558,0.04104,0.15077,-0.9877,0.0065,0.70349,-0.01161,-0.71061,-0.00189,50.27,52.86,0.02,0.075
20:48:41.917,6650.7571,332369,0.007,0.067,34.37,-12.669,0.094,0.001,-1.1023,0.02278,-0.11764,0.00426,1.0088,-0.0186,-0.0129,-0.05862,0.01292,-0.02518,0.0414,0.15078,-0.98768,0.00632,0.70304,-0.01244,-0.71104,-0.00106,50.26,52.86,0.02,0.0732
20:48:41.932,6650.7771,332370,-0.133,0.031,34.351,-12.662,0.0959,-0.0027,-1.1104,0.02305,-0.11911,0.00346,1.0083,-0.0146,-0.0139,-0.05836,0.01292,-0.02625,0.04163,0.15076,-0.98767,0.00664,0.70237,-0.01202,-0.71171,-0.00149,50.27,52.87,0.02,0.0736
20:48:41.962,6650.7971,332371,-0.037,-0.002,34.332,-12.655,0.0906,-0.0037,-1.1077,0.02358,-0.11804,0.00373,1.0103,-0.01,-0.0112,-0.05796,0.01386,-0.02585,0.04131,0.15075,-0.98768,0.00688,0.70277,-0.01117,-0.71133,-0.00235,50.26,52.87,0.02,0.0722
20:48:41.977,6650.8171,332372,-0.123,-0.012,34.314,-12.649,0.0964,-0.0022,-1.105,0.02212,-0.11791,0.00413,1.0085,-0.0164,-0.0134,-0.05822,0.01252,-0.02571,0.04168,0.15075,-0.98767,0.00704,0.70251,-0.01213,-0.71157,-0.00137,50.26,52.86,0.02,0.0735
20:48:41.993,6650.8371,332373,-0.217,0.032,34.295,-12.642,0.094,0.001,-1.1021,0.02318,-0.11778,0.004,1.0093,-0.0181,-0.0151,-0.05862,0.01186,-0.02558,0.04183,0.15076,-0.98766,0.00667,0.70199,-0.01287,-0.71207,-0.00064,50.26,52.86,0.02,0.0728
20:48:42.007,6650.8571,332374,-0.097,-0.001,34.276,-12.635,0.0911,-0.0034,-1.1062,0.02478,-0.12124,0.00373,1.0093,-0.0095,-0.009,-0.05889,0.01412,-0.02638,0.04147,0.15075,-0.98768,0.00692,0.70251,-0.01214,-0.71157,-0.00137,50.26,52.87,0.02,0.073
20:48:42.037,6650.8771,332375,0.031,0.025,34.258,-12.628,0.0891,0.0017,-1.1074,0.02252,-0.11724,0.00373,1.0073,-0.0112,-0.0098,-0.05836,0.01292,-0.02598,0.04118,0.15076,-0.98769,0.00664,0.70307,-0.01144,-0.71102,-0.00207,50.26,52.85,0.02,0.0744
20:48:42.097,6650.8971,332376,-0.028,-0.011,34.239,-12.621,0.0938,-0.0027,-1.1047,0.02305,-0.11644,0.004,1.01,-0.0168,-0.0122,-0.05849,0.01266,-0.02585,0.04136,0.15075,-0.98768,0.00699,0.70287,-0.01242,-0.71121,-0.00108,50.27,52.86,0.02,0.0723
20:48:42.099,6650.9171,332377,0.029,-0.023,34.221,-12.614,0.0911,-0.002,-1.1079,0.02278,-0.11844,0.00306,1.0107,-0.0115,-0.0117,-0.05849,0.01372,-0.02598,0.04097,0.15075,-0.9877,0.00703,0.70295,-0.01142,-0.71114,-0.00209,50.27,52.86,0.02,0.0719
20:48:42.101,6650.9371,332378,0.127,-0.069,34.202,-12.608,0.0925,-0.0056,-1.1094,0.02292,-0.11764,0.00386,1.0134,-0.0112,-0.0093,-0.05822,0.01306,-0.02558,0.04091,0.15073,-0.9877,0.00742,0.70356,-0.01092,-0.71055,-0.00259,50.25,52.87,0.02,0.0699
20:48:42.112,6650.9571,332379,-0.013,-0.029,34.184,-12.601,0.094,0.0012,-1.1057,0.02185,-0.11844,0.00426,1.0051,-0.0134,-0.0159,-0.05875,0.01252,-0.02558,0.04114,0.15074,-0.98769,0.0071,0.70281,-0.01114,-0.71128,-0.00237,50.24,52.87,0.02,0.076
20:48:42.127,6650.9771,332380,-0.131,0.015,34.165,-12.594,0.0928,0.001,-1.1067,0.02265,-0.11698,0.00306,1.0107,-0.0122,-0.0134,-0.05836,0.01279,-0.02585,0.04122,0.15076,-0.98769,0.0067,0.7021,-0.01102,-0.71199,-0.00251,50.25,52.85,0.02,0.0719
20:48:42.157,6650.9971,332381,-0.103,0.042,34.147,-12.587,0.0903,0.0005,-1.1045,0.02252,-0.11884,0.00293,1.0112,-0.0142,-0.0144,-0.05836,0.01279,-0.02598,0.04092,0.15077,-0.9877,0.00644,0.70204,-0.01202,-0.71204,-0.00149,50.24,52.87,0.02,0.0714
20:48:42.202,6651.0171,332382,-0.087,0.027,34.128,-12.58,0.0928,-0.0007,-1.1067,0.02345,-0.11778,0.00413,1.01,-0.0107,-0.0127,-0.05809,0.01239,-0.02531,0.04128,0.15076,-0.98769,0.00662,0.7024,-0.01114,-0.71169,-0.00238,50.25,52.85,0.02,0.0724
20:48:42.203,6651.0371,332383,0.05,0.072,34.11,-12.573,0.092,0.0022,-1.1089,0.02198,-0.11844,0.00373,1.0054,-0.0125,-0.0107,-0.05836,0.01292,-0.02518,0.04121,0.15078,-0.98769,0.00622,0.70316,-0.01118,-0.71094,-0.00233,50.25,52.87,0.02,0.0758
20:48:42.206,6651.0571,332384,-0.099,0.072,34.091,-12.567,0.0957,0.0002,-1.1062,0.02225,-0.11831,0.00333,1.0078,-0.0146,-0.0137,-0.05822,0.01292,-0.02598,0.04161,0.15078,-0.98767,0.00628,0.70253,-0.01172,-0.71156,-0.00179,50.25,52.87,0.02,0.074
20:48:42.232,6651.0771,332385,-0.077,0.05,34.073,-12.56,0.0894,-0.0015,-1.1001,0.02305,-0.11991,0.00386,1.0068,-0.0122,-0.0132,-0.05836,0.01319,-0.02585,0.04123,0.15077,-0.98769,0.0064,0.7024,-0.01068,-0.71169,-0.00285,50.25,52.85,0.02,0.0748
20:48:42.247,6651.0971,332386,0.076,0.026,34.055,-12.553,0.0903,-0.0015,-1.1025,0.02225,-0.11831,0.00346,1.0117,-0.0117,-0.0103,-0.05836,0.01306,-0.02518,0.04087,0.15077,-0.9877,0.00656,0.70311,-0.01081,-0.71099,-0.00271,50.25,52.88,0.02,0.0711
20:48:42.277,6651.1171,332387,-0.007,0.066,34.036,-12.546,0.0942,0.0034,-1.103,0.02185,-0.11751,0.00346,1.0076,-0.0176,-0.0137,-0.05822,0.01252,-0.02598,0.04113,0.15078,-0.98769,0.00626,0.70276,-0.01173,-0.71133,-0.00178,50.24,52.88,0.02,0.0741
20:48:42.306,6651.1371,332388,-0.147,0.047,34.018,-12.54,0.0935,-0.0007,-1.1011,0.02212,-0.11858,0.00346,1.0095,-0.0144,-0.0127,-0.05822,0.01346,-0.02611,0.04147,0.15077,-0.98768,0.00648,0.70215,-0.0123,-0.71192,-0.00121,50.25,52.87,0.02,0.0727
20:48:42.308,6651.1571,332389,-0.152,-0.001,33.999,-12.533,0.093,-0.0005,-1.105,0.02265,-0.11911,0.00373,1.0081,-0.0103,-0.0142,-0.05769,0.01439,-0.02558,0.04141,0.15075,-0.98768,0.00688,0.70212,-0.01126,-0.71196,-0.00227,50.25,52.86,0.02,0.0738
20:48:42.338,6651.1771,332390,-0.001,0.029,33.981,-12.526,0.0835,0.0061,-1.0991,0.02292,-0.11778,0.00373,0.9883,-0.0112,-0.0063,-0.05849,0.01279,-0.02505,0.04115,0.15077,-0.98769,0.00658,0.70284,-0.01114,-0.71126,-0.00238,50.25,52.87,0.02,0.0713
20:48:42.353,6651.1971,332391,-0.064,0.073,33.963,-12.519,0.0911,0.0032,-1.1052,0.02212,-0.11658,0.00373,1.0073,-0.0137,-0.0129,-0.05782,0.01279,-0.02598,0.04108,0.15078,-0.98769,0.00619,0.70236,-0.01195,-0.71172,-0.00156,50.26,52.87,0.02,0.0744
20:48:42.367,6651.2171,332392,0.02,0.042,33.945,-12.513,0.0896,-0.002,-1.1057,0.02358,-0.11831,0.004,1.01,-0.0076,-0.0112,-0.05796,0.01372,-0.02611,0.04075,0.15077,-0.98771,0.0064,0.70266,-0.01102,-0.71143,-0.0025,50.25,52.87,0.02,0.0724
20:48:42.398,6651.2371,332393,-0.127,0.072,33.926,-12.506,0.0938,0.002,-1.1038,0.02411,-0.11871,0.0036,1.0122,-0.0117,-0.0156,-0.05782,0.01292,-0.02598,0.04107,0.15078,-0.98769,0.00617,0.70196,-0.01094,-0.71213,-0.00259,50.24,52.85,0.02,0.0707
20:48:42.426,6651.2571,332394,-0.043,0.039,33.908,-12.499,0.0967,-0.0049,-1.1086,0.02185,-0.11818,0.00373,1.0117,-0.0125,-0.0115,-0.05889,0.01212,-0.02611,0.04128,0.15077,-0.98769,0.00651,0.70266,-0.01108,-0.71143,-0.00244,50.26,52.87,0.02,0.0711
20:48:42.430,6651.2771,332395,-0.066,-0.002,33.89,-12.492,0.0952,-0.0046,-1.1072,0.02385,-0.11791,0.0036,1.0159,-0.0088,-0.0127,-0.05822,0.01226,-0.02505,0.04143,0.15075,-0.98768,0.00688,0.70266,-0.01013,-0.71144,-0.00341,50.24,52.87,0.02,0.068
20:48:42.457,6651.2971,332396,-0.113,0.04,33.872,-12.486,0.0959,0.0034,-1.1038,0.02092,-0.11711,0.004,1.0081,-0.0156,-0.0134,-0.05889,0.01292,-0.02465,0.0417,0.15076,-0.98767,0.00656,0.70253,-0.01115,-0.71156,-0.00237,50.26,52.88,0.02,0.0738
20:48:42.472,6651.3171,332397,0.008,0.037,33.854,-12.479,0.0923,-0.0005,-1.1074,0.02212,-0.11871,0.004,1.0071,-0.011,-0.0122,-0.05862,0.01359,-0.02585,0.04131,0.15076,-0.98769,0.00652,0.703,-0.01032,-0.71111,-0.00321,50.25,52.87,0.02,0.0746
20:48:42.487,6651.3371,332398,0.125,0.004,33.836,-12.472,0.0884,-0.0054,-1.1069,0.02411,-0.12057,0.00386,1.0081,-0.0117,-0.0105,-0.05796,0.01266,-0.02585,0.04097,0.15075,-0.9877,0.00678,0.70352,-0.01105,-0.71058,-0.00246,50.24,52.87,0.02,0.0738
20:48:42.519,6651.3571,332399,-0.025,0.035,33.817,-12.466,0.0945,0.001,-1.1086,0.02265,-0.11804,0.00373,1.0083,-0.0134,-0.0154,-0.05875,0.01266,-0.02558,0.04129,0.15076,-0.98769,0.00655,0.70279,-0.01124,-0.7113,-0.00229,50.24,52.87,0.02,0.0736
20:48:42.547,6651.3771,332400,0.031,0.036,33.799,-12.459,0.0957,-0.0007,-1.0925,0.02252,-0.11884,0.00453,1.0085,-0.0142,-0.0105,-0.05862,0.01252,-0.02558,0.04168,0.15076,-0.98767,0.00662,0.70342,-0.01177,-0.71067,-0.00174,50.24,52.86,0.02,0.0735
20:48:42.549,6651.3971,332401,-0.067,0.075,33.781,-12.452,0.0898,0.0056,-1.0977,0.02372,-0.11884,0.00373,1.0088,-0.0142,-0.0139,-0.05862,0.01412,-0.02625,0.04156,0.15077,-0.98767,0.00624,0.70269,-0.01178,-0.7114,-0.00174,50.25,52.87,0.02,0.0733
20:48:42.577,6651.4171,332402,-0.107,0.03,33.763,-12.446,0.0947,-0.0039,-1.1025,0.02345,-0.11964,0.00466,1.0037,-0.009,-0.0132,-0.05889,0.01399,-0.02651,0.04165,0.15074,-0.98767,0.00663,0.70254,-0.01072,-0.71156,-0.00282,50.23,52.86,0.02,0.0771
20:48:42.592,6651.4371,332403,0.042,0.071,33.745,-12.439,0.0916,0.0022,-1.1025,0.02332,-0.11938,0.0028,1.0024,-0.0115,-0.0098,-0.05836,0.01412,-0.02611,0.0415,0.15076,-0.98768,0.00626,0.70332,-0.01081,-0.71079,-0.00271,50.26,52.87,0.02,0.0781
20:48:42.607,6651.4571,332404,-0.082,0.028,33.727,-12.432,0.095,-0.0034,-1.1116,0.02372,-0.11818,0.0024,1.0186,-0.0112,-0.0144,-0.05822,0.01332,-0.02558,0.04159,0.15074,-0.98768,0.00665,0.70266,-0.01075,-0.71144,-0.00278,50.24,52.86,0.02,0.0659
20:48:42.637,6651.4771,332405,-0.097,0.057,33.709,-12.426,0.0898,0.002,-1.1033,0.02305,-0.11724,0.00613,0.9978,-0.0151,-0.0137,-0.05782,0.01332,-0.02518,0.04133,0.15073,-0.98769,0.00636,0.70235,-0.01177,-0.71173,-0.00175,50.25,52.86,0.02,0.0785
20:48:42.682,6651.4971,332406,-0.028,0.047,33.691,-12.419,0.0962,-0.001,-1.1052,0.02225,-0.11778,0.0028,1.0125,-0.0139,-0.0122,-0.05756,0.01292,-0.02545,0.04169,0.15072,-0.98767,0.00652,0.70305,-0.0116,-0.71104,-0.00192,50.23,52.84,0.02,0.0705
20:48:42.683,6651.5171,332407,0.059,0.003,33.673,-12.412,0.093,-0.0012,-1.103,0.02372,-0.11658,0.00173,1.0059,-0.0117,-0.0105,-0.05862,0.01346,-0.02478,0.04151,0.15073,-0.98768,0.00687,0.70349,-0.01073,-0.71062,-0.00279,50.25,52.85,0.02,0.0755
20:48:42.686,6651.5371,332408,0.076,0.036,33.655,-12.406,0.0901,0.0029,-1.1086,0.02265,-0.11818,0.00266,1.0063,-0.0105,-0.0103,-0.05862,0.01332,-0.02518,0.0413,0.15074,-0.98769,0.00653,0.70341,-0.00968,-0.71071,-0.00385,50.24,52.85,0.02,0.0752
20:48:42.712,6651.5571,332409,0.071,0.066,33.638,-12.399,0.0916,0.0002,-1.1028,0.02318,-0.11858,0.00266,1.0093,-0.0129,-0.0117,-0.05822,0.01239,-0.02571,0.04103,0.15075,-0.9877,0.00623,0.70316,-0.01065,-0.71094,-0.00288,50.25,52.86,0.02,0.0729
20:48:42.727,6651.5771,332410,-0.089,0.061,33.62,-12.392,0.0962,-0.0005,-1.1021,0.02198,-0.11604,0.00373,1.0081,-0.0127,-0.0146,-0.05862,0.01186,-0.02505,0.04143,0.15075,-0.98768,0.00634,0.70247,-0.01101,-0.71163,-0.00252,50.24,52.86,0.02,0.0738
20:48:42.757,6651.5971,332411,0.046,0.026,33.602,-12.386,0.0889,-0.0054,-1.1091,0.02332,-0.11871,0.00266,1.011,-0.009,-0.0083,-0.05796,0.01279,-0.02571,0.04114,0.15073,-0.9877,0.00661,0.70313,-0.0106,-0.71098,-0.00293,50.25,52.86,0.02,0.0717
20:48:42.787,6651.6171,332412,-0.04,-0.02,33.584,-12.379,0.0918,-0.0042,-1.1008,0.02172,-0.11698,0.004,1.0085,-0.0129,-0.0129,-0.05836,0.01252,-0.02545,0.04106,0.15072,-0.9877,0.007,0.70258,-0.0113,-0.71151,-0.00222,50.26,52.87,0.02,0.0735
20:48:42.788,6651.6371,332413,0.03,-0.014,33.566,-12.373,0.0962,-0.0012,-1.1006,0.02172,-0.11818,0.00346,1.009,-0.012,-0.0103,-0.05875,0.01212,-0.02518,0.04146,0.15072,-0.98768,0.00702,0.7033,-0.01106,-0.7108,-0.00246,50.23,52.85,0.02,0.0732
20:48:42.817,6651.6571,332414,0.076,0.013,33.548,-12.366,0.092,-0.0005,-1.1069,0.02185,-0.11778,0.00546,1.0078,-0.0066,-0.0105,-0.05875,0.01319,-0.02518,0.04119,0.15071,-0.9877,0.00672,0.70335,-0.01002,-0.71076,-0.00351,50.25,52.85,0.02,0.0741
20:48:42.832,6651.6795,332415,-0.008,-0.034,33.531,-12.36,0.0916,-0.0044,-1.1101,0.02252,-0.11831,0.00466,1.0076,-0.0132,-0.0139,-0.05782,0.01306,-0.02531,0.04097,0.15069,-0.98771,0.00711,0.70273,-0.0108,-0.71137,-0.00273,50.24,52.87,0.02,0.0742
20:48:42.847,6651.6971,332416,-0.019,-0.036,33.513,-12.353,0.0884,-0.0022,-1.1033,0.02172,-0.11751,0.0056,1.0107,-0.0125,-0.0129,-0.05902,0.01226,-0.02465,0.04063,0.15068,-0.98772,0.00708,0.70242,-0.01157,-0.71167,-0.00194,50.25,52.86,0.02,0.0719
20:48:42.907,6651.7171,332417,-0.14,0.008,33.495,-12.346,0.0913,-0.0005,-1.1021,0.02265,-0.11911,0.00533,1.009,-0.0132,-0.0151,-0.05902,0.01332,-0.02451,0.04073,0.15067,-0.98772,0.0067,0.70169,-0.01142,-0.71239,-0.00211,50.25,52.87,0.02,0.0731
20:48:42.910,6651.7371,332418,-0.244,-0.037,33.477,-12.34,0.0913,-0.0032,-1.1008,0.02118,-0.11764,0.00546,1.0122,-0.0137,-0.0161,-0.05902,0.01319,-0.02358,0.04071,0.15064,-0.98773,0.00708,0.70108,-0.01193,-0.71299,-0.00161,50.23,52.87,0.02,0.0707
20:48:42.911,6651.7571,332419,-0.134,0.012,33.459,-12.333,0.0916,0.0034,-1.105,0.02065,-0.11898,0.00493,1.0103,-0.0107,-0.0103,-0.05889,0.01372,-0.02332,0.04077,0.15064,-0.98773,0.00666,0.70176,-0.01156,-0.71232,-0.00198,50.24,52.87,0.02,0.0722
20:48:42.937,6651.7771,332420,-0.06,0.01,33.442,-12.327,0.0933,-0.0012,-1.1045,0.02038,-0.11911,0.0052,1.0085,-0.0125,-0.009,-0.05929,0.01266,-0.02398,0.04114,0.15062,-0.98771,0.00674,0.70249,-0.01143,-0.7116,-0.0021,50.25,52.85,0.02,0.0735
20:48:42.952,6651.7971,332421,0.075,0.056,33.424,-12.32,0.092,0.0017,-1.1113,0.01998,-0.11751,0.00413,1.0002,-0.0117,-0.0103,-0.05995,0.01199,-0.02332,0.04109,0.15063,-0.98772,0.00632,0.70324,-0.01107,-0.71086,-0.00248,50.25,52.87,0.02,0.0798
20:48:42.967,6651.8171,332422,0.099,0.017,33.406,-12.314,0.0938,-0.0024,-1.1094,0.02118,-0.11844,0.00466,1.01,-0.0105,-0.0105,-0.05875,0.01252,-0.02411,0.04123,0.1506,-0.98771,0.00668,0.70352,-0.01013,-0.71059,-0.00343,50.25,52.85,0.02,0.0724
20:48:43.027,6651.8371,332423,-0.012,0.011,33.389,-12.307,0.095,-0.0012,-1.1079,0.02225,-0.11924,0.0044,1.0085,-0.0134,-0.012,-0.05955,0.01226,-0.02398,0.04161,0.15059,-0.9877,0.0068,0.70312,-0.011,-0.71098,-0.00256,50.25,52.86,0.02,0.0735
20:48:43.028,6651.8571,332424,-0.174,0.041,33.371,-12.301,0.0972,0.002,-1.106,0.02105,-0.11418,0.00453,1.0073,-0.0125,-0.0149,-0.05836,0.01026,-0.02478,0.042,0.15059,-0.98768,0.00658,0.70236,-0.01113,-0.71173,-0.00243,50.26,52.85,0.02,0.0744
20:48:43.031,6651.8771,332425,-0.098,0.003,33.353,-12.294,0.0879,-0.009,-1.1128,0.02425,-0.12457,0.00386,1.0081,-0.0063,-0.012,-0.05875,0.01412,-0.02545,0.04163,0.15058,-0.9877,0.00686,0.7026,-0.01015,-0.7115,-0.00342,50.26,52.86,0.02,0.0739
20:48:43.057,6651.8971,332426,-0.254,0.032,33.336,-12.288,0.0986,0.0022,-1.1082,0.01998,-0.11338,0.0044,1.0139,-0.0107,-0.0168,-0.05796,0.01053,-0.02491,0.04204,0.15057,-0.98768,0.00666,0.7019,-0.01036,-0.71219,-0.00321,50.24,52.86,0.02,0.0694
20:48:43.072,6651.9171,332427,-0.105,0.017,33.318,-12.281,0.0891,-0.0022,-1.0999,0.02425,-0.12444,0.00413,1.01,-0.012,-0.0127,-0.05822,0.01386,-0.02638,0.04159,0.15057,-0.9877,0.00674,0.70252,-0.01091,-0.71158,-0.00265,50.26,52.86,0.02,0.0724
20:48:43.087,6651.9371,332428,-0.234,0.057,33.3,-12.275,0.0974,0.0059,-1.1025,0.02212,-0.11338,0.00533,1.0063,-0.0142,-0.0154,-0.05836,0.01066,-0.02531,0.04189,0.15056,-0.98769,0.00643,0.7019,-0.01155,-0.71218,-0.002,50.25,52.86,0.02,0.0751
20:48:43.147,6651.9571,332429,-0.088,0.034,33.283,-12.268,0.0881,-0.0034,-1.1064,0.02345,-0.12244,0.00453,1.0098,-0.0081,-0.0083,-0.05822,0.01359,-0.02611,0.04147,0.15055,-0.98771,0.00657,0.70253,-0.01103,-0.71156,-0.00252,50.24,52.87,0.02,0.0726
20:48:43.151,6651.9771,332430,0.036,0.08,33.265,-12.262,0.093,0.0015,-1.1074,0.02278,-0.11738,0.00386,1.0034,-0.0112,-0.0115,-0.05849,0.01239,-0.02571,0.04149,0.15056,-0.98771,0.00617,0.70326,-0.01064,-0.71085,-0.00291,50.25,52.86,0.02,0.0774
20:48:43.151,6651.9971,332431,0.11,0.037,33.248,-12.255,0.093,-0.001,-1.1062,0.02252,-0.11951,0.00333,1.0076,-0.0117,-0.0105,-0.05849,0.01212,-0.02585,0.04141,0.15055,-0.98771,0.00657,0.70371,-0.01147,-0.71039,-0.00207,50.25,52.86,0.02,0.0742
20:48:43.177,6652.0171,332432,0.038,0.057,33.23,-12.249,0.092,0.0,-1.106,0.02265,-0.11964,0.00293,1.012,-0.012,-0.0137,-0.05769,0.01306,-0.02638,0.0411,0.15056,-0.98773,0.00632,0.70302,-0.01124,-0.71108,-0.0023,50.25,52.87,0.02,0.0709
20:48:43.193,6652.0371,332433,0.201,0.049,33.213,-12.242,0.0903,-0.0005,-1.1035,0.02198,-0.11884,0.00293,1.0071,-0.0132,-0.0095,-0.05756,0.01199,-0.02518,0.0407,0.15055,-0.98774,0.00635,0.70376,-0.01143,-0.71035,-0.0021,50.24,52.85,0.02,0.0746
20:48:43.207,6652.0571,332434,0.085,0.068,33.196,-12.236,0.0942,0.001,-1.1038,0.02278,-0.11818,0.00413,1.01,-0.0178,-0.0122,-0.05836,0.01292,-0.02491,0.04109,0.15056,-0.98773,0.00625,0.7033,-0.01222,-0.71079,-0.00131,50.24,52.87,0.02,0.0723
20:48:43.252,6652.0771,332435,0.159,0.022,33.178,-12.23,0.092,-0.0027,-1.1035,0.02398,-0.11791,0.00346,1.0059,-0.0127,-0.0093,-0.05862,0.01292,-0.02531,0.04103,0.15054,-0.98773,0.00664,0.70376,-0.01138,-0.71034,-0.00215,50.24,52.86,0.02,0.0755
20:48:43.253,6652.0971,332436,0.229,0.018,33.161,-12.223,0.0879,-0.001,-1.1047,0.02225,-0.11911,0.00373,1.0078,-0.0095,-0.009,-0.05836,0.01292,-0.02598,0.04064,0.15054,-0.98775,0.0066,0.7039,-0.01035,-0.71021,-0.00319,50.27,52.86,0.02,0.0741
20:48:43.267,6652.1171,332437,0.076,0.037,33.144,-12.217,0.093,-0.0002,-1.1084,0.02265,-0.11791,0.00413,1.0098,-0.0144,-0.0178,-0.05809,0.01266,-0.02558,0.04102,0.15055,-0.98773,0.00649,0.70322,-0.0107,-0.71089,-0.00285,50.26,52.86,0.02,0.0725
20:48:43.297,6652.1371,332438,0.099,0.021,33.126,-12.21,0.095,-0.0017,-1.1077,0.02292,-0.11804,0.00306,1.0103,-0.0159,-0.0088,-0.05889,0.01252,-0.02598,0.04136,0.15054,-0.98772,0.0067,0.70362,-0.01153,-0.71048,-0.002,50.25,52.87,0.02,0.0722
20:48:43.312,6652.1571,332439,-0.014,-0.024,33.109,-12.204,0.0942,-0.0034,-1.1099,0.02318,-0.11764,0.0028,1.01,-0.0125,-0.011,-0.05875,0.01306,-0.02651,0.04144,0.15052,-0.98771,0.00709,0.70302,-0.01097,-0.71108,-0.00257,50.25,52.86,0.02,0.0724
20:48:43.342,6652.1771,332440,0.034,0.001,33.092,-12.198,0.0913,-0.0007,-1.1035,0.02398,-0.11924,0.00373,1.0066,-0.0137,-0.0115,-0.05862,0.01306,-0.02665,0.04113,0.15053,-0.98773,0.00684,0.70308,-0.01202,-0.71101,-0.00151,50.25,52.86,0.02,0.0749
20:48:43.372,6652.1971,332441,-0.092,0.018,33.074,-12.191,0.0945,-0.0005,-1.1077,0.02265,-0.11751,0.0024,1.0103,-0.0159,-0.0122,-0.05809,0.01266,-0.02545,0.04152,0.15054,-0.98771,0.00675,0.70256,-0.01274,-0.71151,-0.00079,50.24,52.84,0.02,0.0721
20:48:43.373,6652.2171,332442,-0.018,-0.023,33.057,-12.185,0.0935,-0.0022,-1.1013,0.02238,-0.11711,0.0032,1.0093,-0.0117,-0.0081,-0.05849,0.01306,-0.02558,0.04163,0.15052,-0.9877,0.00713,0.70314,-0.01211,-0.71095,-0.00142,50.27,52.85,0.02,0.0729
20:48:43.387,6652.2371,332443,0.003,-0.011,33.04,-12.178,0.0896,-0.0005,-1.1038,0.02318,-0.11804,0.00346,1.011,-0.0103,-0.012,-0.05875,0.01279,-0.02558,0.04128,0.15053,-0.98772,0.00696,0.70299,-0.01112,-0.7111,-0.00242,50.25,52.85,0.02,0.0717
20:48:43.417,6652.2571,332444,0.077,0.01,33.023,-12.172,0.0901,0.0002,-1.1069,0.02318,-0.12017,0.00373,1.0095,-0.0088,-0.011,-0.05809,0.01279,-0.02611,0.04095,0.15054,-0.98773,0.0067,0.70319,-0.01013,-0.71092,-0.00342,50.25,52.86,0.02,0.0728
20:48:43.447,6652.2771,332445,0.118,-0.005,33.005,-12.166,0.095,-0.002,-1.114,0.02212,-0.11671,0.004,1.0063,-0.0139,-0.0081,-0.05862,0.01252,-0.02518,0.04129,0.15053,-0.98772,0.00691,0.70371,-0.01089,-0.7104,-0.00265,50.24,52.87,0.02,0.0752
20:48:43.448,6652.2971,332446,-0.039,-0.024,32.988,-12.159,0.0945,-0.0022,-1.1021,0.02252,-0.11884,0.0044,1.011,-0.0122,-0.0127,-0.05862,0.01239,-0.02478,0.04162,0.15052,-0.9877,0.00712,0.703,-0.01102,-0.7111,-0.00253,50.24,52.87,0.02,0.0716
20:48:43.492,6652.3171,332447,0.122,-0.05,32.971,-12.153,0.0886,-0.0051,-1.1006,0.02265,-0.12017,0.00333,1.0063,-0.0117,-0.0085,-0.05796,0.01346,-0.02558,0.04125,0.15051,-0.98772,0.0073,0.70375,-0.01094,-0.71036,-0.00259,50.25,52.87,0.02,0.0752
20:48:43.493,6652.3371,332448,0.026,-0.007,32.954,-12.147,0.092,-0.0005,-1.1018,0.02212,-0.11831,0.0044,1.012,-0.0127,-0.0115,-0.05822,0.01292,-0.02585,0.04119,0.15053,-0.98772,0.00691,0.70307,-0.01125,-0.71102,-0.0023,50.25,52.86,0.02,0.0709
20:48:43.522,6652.3571,332449,-0.025,-0.011,32.937,-12.14,0.0918,-0.0015,-1.1128,0.02292,-0.11804,0.004,1.0115,-0.0149,-0.0139,-0.05836,0.01266,-0.02505,0.04079,0.15053,-0.98774,0.00688,0.70247,-0.0118,-0.71161,-0.00174,50.25,52.86,0.02,0.0712
20:48:43.552,6652.3771,332450,0.02,-0.025,32.92,-12.134,0.0935,-0.0024,-1.0989,0.02305,-0.11858,0.00373,1.0068,-0.0168,-0.0112,-0.05849,0.01319,-0.02598,0.04114,0.15052,-0.98772,0.00708,0.70302,-0.01251,-0.71106,-0.00101,50.25,52.86,0.02,0.0747
20:48:43.553,6652.3971,332451,-0.115,-0.016,32.902,-12.128,0.094,-0.0015,-1.1106,0.02292,-0.11898,0.00306,1.0081,-0.0144,-0.0132,-0.05822,0.01386,-0.02691,0.04153,0.15053,-0.98771,0.00704,0.70245,-0.01186,-0.71163,-0.00169,50.24,52.87,0.02,0.0738
20:48:43.567,6652.4171,332452,0.012,-0.044,32.885,-12.122,0.0908,-0.0034,-1.1038,0.02438,-0.11911,0.0032,1.0103,-0.0107,-0.01,-0.05782,0.01306,-0.02678,0.04118,0.15052,-0.98772,0.00723,0.70302,-0.01121,-0.71108,-0.00233,50.24,52.87,0.02,0.0722
20:48:43.627,6652.4371,332453,0.119,-0.086,32.868,-12.115,0.0913,-0.0054,-1.1072,0.02345,-0.12031,0.0032,1.0073,-0.0107,-0.0103,-0.05809,0.01359,-0.02585,0.04094,0.15051,-0.98773,0.00756,0.70355,-0.01046,-0.71057,-0.00308,50.25,52.87,0.02,0.0744
20:48:43.628,6652.4571,332454,0.037,-0.049,32.851,-12.109,0.0898,-0.0002,-1.1008,0.02185,-0.11604,0.00293,1.009,-0.0122,-0.0129,-0.05849,0.01319,-0.02571,0.04077,0.15053,-0.98774,0.00721,0.70288,-0.01089,-0.71122,-0.00265,50.26,52.87,0.02,0.0731
20:48:43.631,6652.4771,332455,-0.009,-0.002,32.834,-12.103,0.0923,0.0005,-1.1086,0.02238,-0.11751,0.002,1.0012,-0.0156,-0.0129,-0.05769,0.01332,-0.02571,0.04087,0.15054,-0.98773,0.00682,0.70262,-0.01195,-0.71146,-0.00159,50.26,52.86,0.02,0.0789
20:48:43.657,6652.4971,332456,-0.01,-0.051,32.817,-12.096,0.0911,-0.0049,-1.105,0.02425,-0.11911,0.00226,1.0095,-0.0076,-0.0132,-0.05769,0.01386,-0.02611,0.04073,0.15054,-0.98774,0.00721,0.70256,-0.01093,-0.71154,-0.00262,50.25,52.86,0.02,0.0728
20:48:43.672,6652.5171,332457,0.144,-0.052,32.8,-12.09,0.0884,-0.0024,-1.1064,0.02332,-0.11924,0.00253,1.01,-0.0125,-0.0117,-0.05862,0.01359,-0.02678,0.04033,0.15054,-0.98775,0.00717,0.70323,-0.01132,-0.71087,-0.00222,50.25,52.86,0.02,0.0724
20:48:43.687,6652.5371,332458,-0.012,-0.028,32.783,-12.084,0.0938,0.0,-1.0999,0.02238,-0.11658,0.00306,1.0098,-0.0129,-0.0168,-0.05875,0.01266,-0.02545,0.04069,0.15055,-0.98774,0.00701,0.7025,-0.01133,-0.71159,-0.00222,50.26,52.85,0.02,0.0725
20:48:43.732,6652.5571,332459,0.072,0.015,32.766,-12.078,0.0928,0.0027,-1.104,0.02358,-0.11924,0.0044,1.0125,-0.0117,-0.0117,-0.05862,0.01372,-0.02598,0.04087,0.15056,-0.98773,0.00665,0.70311,-0.01081,-0.711,-0.00274,50.25,52.85,0.02,0.0705
20:48:43.733,6652.5771,332460,0.229,0.001,32.749,-12.071,0.0913,-0.001,-1.1025,0.02385,-0.11791,0.00386,1.0107,-0.0112,-0.0107,-0.05822,0.01346,-0.02638,0.04048,0.15056,-0.98775,0.00672,0.70381,-0.01056,-0.71031,-0.00298,50.25,52.87,0.02,0.0719
20:48:43.762,6652.5971,332461,0.149,0.026,32.732,-12.065,0.0872,0.0012,-1.0994,0.02238,-0.11871,0.004,1.0088,-0.0098,-0.0132,-0.05836,0.01279,-0.02585,0.0402,0.15057,-0.98776,0.00644,0.70308,-0.0104,-0.71103,-0.00315,50.24,52.86,0.02,0.0733
20:48:43.778,6652.6171,332462,0.045,0.032,32.716,-12.059,0.0957,-0.0002,-1.1047,0.02225,-0.11738,0.00426,1.009,-0.0164,-0.0139,-0.05822,0.01199,-0.02465,0.04059,0.15057,-0.98774,0.00646,0.70272,-0.0113,-0.71137,-0.00224,50.25,52.85,0.02,0.0731
20:48:43.792,6652.6371,332463,0.102,-0.003,32.699,-12.053,0.0938,-0.0039,-1.1089,0.02278,-0.11764,0.0032,1.0149,-0.0154,-0.0105,-0.05849,0.01252,-0.02598,0.04078,0.15056,-0.98774,0.00682,0.70324,-0.01193,-0.71085,-0.0016,50.25,52.86,0.02,0.0687
20:48:43.807,6652.6571,332464,0.179,-0.05,32.682,-12.047,0.0916,-0.0078,-1.1108,0.02372,-0.12004,0.00386,1.0007,-0.0122,-0.0098,-0.05849,0.01319,-0.02585,0.04067,0.15054,-0.98774,0.00721,0.70369,-0.01099,-0.71042,-0.00254,50.25,52.87,0.02,0.0794
20:48:43.867,6652.6771,332465,0.028,-0.011,32.665,-12.04,0.0928,0.0012,-1.094,0.02078,-0.11604,0.00333,1.0044,-0.0122,-0.0142,-0.05902,0.01199,-0.02478,0.04096,0.15055,-0.98773,0.0069,0.70292,-0.01105,-0.71118,-0.00249,50.25,52.87,0.02,0.0766
20:48:43.868,6652.6971,332466,-0.11,0.025,32.648,-12.034,0.0945,0.0022,-1.1018,0.02292,-0.11738,0.0032,1.0105,-0.0142,-0.0161,-0.05862,0.01319,-0.02571,0.04124,0.15056,-0.98772,0.00662,0.70224,-0.0114,-0.71185,-0.00215,50.25,52.87,0.02,0.072
20:48:43.871,6652.7171,332467,0.051,0.021,32.631,-12.028,0.0859,-0.0012,-1.1052,0.02451,-0.12124,0.0028,1.0134,-0.0112,-0.0061,-0.05822,0.01426,-0.02651,0.04081,0.15057,-0.98773,0.0066,0.70293,-0.01122,-0.71117,-0.00232,50.25,52.86,0.02,0.0699
20:48:43.897,6652.7371,332468,-0.112,-0.003,32.614,-12.022,0.0925,-0.0015,-1.1016,0.02358,-0.11711,0.00346,1.0051,-0.0122,-0.0161,-0.05822,0.01319,-0.02625,0.04112,0.15056,-0.98772,0.00685,0.70216,-0.01117,-0.71192,-0.00238,50.25,52.84,0.02,0.076
20:48:43.912,6652.7571,332469,-0.215,0.04,32.597,-12.015,0.0916,0.0027,-1.1069,0.02372,-0.11831,0.0036,1.011,-0.0137,-0.0205,-0.05849,0.01386,-0.02718,0.04109,0.15058,-0.98772,0.00645,0.70146,-0.01131,-0.71262,-0.00225,50.27,52.86,0.02,0.0715
20:48:43.928,6652.7771,332470,-0.056,0.034,32.581,-12.009,0.0889,-0.0007,-1.1072,0.02558,-0.12151,0.00346,1.0173,-0.0107,-0.0071,-0.05809,0.01479,-0.02851,0.04066,0.15058,-0.98774,0.00644,0.70214,-0.01112,-0.71195,-0.00243,50.26,52.86,0.02,0.067
20:48:43.972,6652.7971,332471,0.088,0.012,32.564,-12.003,0.0867,-0.0032,-1.1079,0.02411,-0.11884,0.0036,1.0132,-0.0073,-0.0061,-0.05836,0.01412,-0.02678,0.04028,0.15057,-0.98776,0.00658,0.70278,-0.01071,-0.71132,-0.00283,50.24,52.86,0.02,0.0701
20:48:43.973,6652.8171,332472,-0.064,0.032,32.547,-11.997,0.0942,0.0007,-1.1035,0.02105,-0.11618,0.00413,1.0103,-0.0146,-0.0181,-0.05915,0.01252,-0.02451,0.04069,0.15057,-0.98774,0.00647,0.70211,-0.01112,-0.71197,-0.00243,50.23,52.86,0.02,0.0721
20:48:43.987,6652.8371,332473,-0.211,0.035,32.53,-11.991,0.0972,-0.0005,-1.104,0.02065,-0.11498,0.00373,1.0117,-0.0183,-0.021,-0.05809,0.01266,-0.02571,0.04112,0.15057,-0.98772,0.00651,0.70151,-0.01166,-0.71256,-0.00189,50.25,52.86,0.02,0.0709
20:48:44.017,6652.8571,332474,-0.058,0.025,32.514,-11.984,0.0879,-0.0015,-1.106,0.02398,-0.12137,0.00226,1.0115,-0.0081,-0.0088,-0.05796,0.01559,-0.02718,0.04068,0.15058,-0.98774,0.00654,0.70215,-0.01114,-0.71194,-0.0024,50.25,52.85,0.02,0.0713
20:48:44.033,6652.8771,332475,0.078,-0.013,32.497,-11.978,0.0864,-0.0081,-1.1062,0.02345,-0.12044,0.0032,1.0134,-0.0085,-0.0056,-0.05836,0.01359,-0.02545,0.04039,0.15057,-0.98775,0.00683,0.70282,-0.01083,-0.71128,-0.00271,50.24,52.87,0.02,0.0699
20:48:44.047,6652.8971,332476,-0.04,0.02,32.48,-11.972,0.0977,0.0051,-1.0959,0.01972,-0.11351,0.0044,1.0017,-0.0205,-0.0168,-0.05942,0.01066,-0.02478,0.04078,0.15057,-0.98774,0.0066,0.70234,-0.01174,-0.71174,-0.00181,50.24,52.88,0.02,0.0785
20:48:44.092,6652.9171,332477,-0.182,0.059,32.463,-11.966,0.094,0.0056,-1.0977,0.02358,-0.11698,0.004,1.0034,-0.0134,-0.0154,-0.05862,0.01332,-0.02611,0.041,0.15058,-0.98773,0.00627,0.70158,-0.01153,-0.71249,-0.00203,50.24,52.87,0.02,0.0773
20:48:44.095,6652.9371,332478,-0.046,0.031,32.447,-11.96,0.0835,-0.0061,-1.1165,0.02665,-0.12311,0.00293,1.0161,-0.0071,-0.0098,-0.05756,0.01599,-0.02811,0.04058,0.15058,-0.98774,0.00646,0.70215,-0.01092,-0.71194,-0.00262,50.25,52.86,0.02,0.0679
20:48:44.107,6652.9571,332479,0.104,0.005,32.43,-11.954,0.0889,-0.0029,-1.1162,0.02172,-0.11911,0.0036,1.0088,-0.0139,-0.009,-0.05849,0.01292,-0.02571,0.04023,0.15057,-0.98776,0.00665,0.70285,-0.01121,-0.71124,-0.00232,50.25,52.85,0.02,0.0733
20:48:44.137,6652.9771,332480,-0.044,0.046,32.413,-11.948,0.0964,0.0081,-1.1042,0.01985,-0.11418,0.00453,1.0083,-0.0156,-0.0203,-0.05862,0.01053,-0.02398,0.04054,0.15058,-0.98775,0.00633,0.70212,-0.0115,-0.71196,-0.00205,50.26,52.84,0.02,0.0735
20:48:44.152,6652.9971,332481,-0.143,0.09,32.397,-11.941,0.0918,0.0022,-1.1057,0.02278,-0.11684,0.00373,1.0083,-0.0134,-0.0142,-0.05782,0.01332,-0.02545,0.04072,0.15059,-0.98774,0.00597,0.70159,-0.01223,-0.71247,-0.00131,50.25,52.87,0.02,0.0736
20:48:44.167,6653.0171,332482,-0.063,0.04,32.38,-11.935,0.0891,-0.0151,-1.1135,0.02585,-0.12191,0.002,1.0193,-0.0076,-0.0115,-0.05875,0.01559,-0.02731,0.04055,0.15059,-0.98774,0.00637,0.70201,-0.01148,-0.71207,-0.00207,50.24,52.86,0.02,0.0655
20:48:44.198,6653.0371,332483,0.02,0.079,32.364,-11.929,0.0903,0.0017,-1.1094,0.02372,-0.11631,0.00426,1.0085,-0.0105,-0.0132,-0.05822,0.01239,-0.02678,0.04045,0.1506,-0.98775,0.006,0.70241,-0.01061,-0.71169,-0.00295,50.24,52.87,0.02,0.0735
20:48:44.213,6653.0571,332484,-0.116,0.113,32.347,-11.923,0.0957,0.0063,-1.0979,0.02198,-0.11658,0.00386,1.0034,-0.0156,-0.0183,-0.05875,0.01172,-0.02518,0.04077,0.15061,-0.98774,0.00576,0.70177,-0.01123,-0.71231,-0.00233,50.26,52.85,0.02,0.0772
20:48:44.227,6653.0771,332485,0.005,0.068,32.33,-11.917,0.0911,-0.0015,-1.1035,0.02372,-0.12004,0.00306,1.0098,-0.0134,-0.0103,-0.05796,0.01386,-0.02771,0.04069,0.1506,-0.98774,0.00616,0.7025,-0.01132,-0.71159,-0.00222,50.25,52.87,0.02,0.0725
20:48:44.257,6653.0971,332486,0.047,0.02,32.314,-11.911,0.0896,-0.0068,-1.1152,0.02585,-0.12217,0.00333,1.0176,-0.0054,-0.0122,-0.05822,0.01545,-0.02731,0.04045,0.15059,-0.98775,0.00653,0.70264,-0.01038,-0.71146,-0.00316,50.26,52.85,0.02,0.0667
20:48:44.287,6653.1171,332487,0.194,0.005,32.298,-11.905,0.082,-0.0044,-1.104,0.02212,-0.11751,0.0044,1.0098,-0.0142,-0.0071,-0.05849,0.01226,-0.02545,0.04007,0.15058,-0.98776,0.00663,0.70329,-0.01083,-0.71081,-0.0027,50.24,52.86,0.02,0.0726
20:48:44.288,6653.1371,332488,0.091,0.049,32.281,-11.899,0.0933,0.0066,-1.1042,0.02132,-0.11445,0.0056,1.0066,-0.0183,-0.0151,-0.05915,0.01146,-0.02465,0.04032,0.15058,-0.98776,0.00628,0.7028,-0.01163,-0.71129,-0.0019,50.24,52.87,0.02,0.0748
20:48:44.317,6653.1571,332489,-0.004,0.095,32.265,-11.892,0.0911,0.0037,-1.1084,0.02198,-0.11858,0.0048,1.0098,-0.0151,-0.0134,-0.05809,0.01306,-0.02598,0.04042,0.15059,-0.98775,0.0059,0.70224,-0.01229,-0.71184,-0.00124,50.27,52.85,0.02,0.0725
20:48:44.332,6653.1771,332490,0.059,0.066,32.248,-11.886,0.0918,-0.0007,-1.0991,0.02491,-0.11977,0.00293,1.0051,-0.012,-0.0107,-0.05796,0.01479,-0.02705,0.04068,0.15059,-0.98774,0.00619,0.70284,-0.01159,-0.71125,-0.00194,50.25,52.85,0.02,0.0761
20:48:44.347,6653.1971,332491,0.154,0.019,32.232,-11.88,0.0872,-0.0129,-1.1067,0.02531,-0.12364,0.00373,1.0076,-0.0029,-0.0063,-0.05862,0.01479,-0.02718,0.04045,0.15057,-0.98775,0.00657,0.70331,-0.01074,-0.7108,-0.00279,50.25,52.85,0.02,0.0743
20:48:44.377,6653.2171,332492,0.024,0.061,32.215,-11.874,0.0933,0.0044,-1.0977,0.02025,-0.11471,0.00426,1.0137,-0.0127,-0.0132,-0.05929,0.01186,-0.02398,0.04074,0.15057,-0.98774,0.00623,0.70266,-0.01113,-0.71143,-0.0024,50.25,52.86,0.02,0.0696
20:48:44.392,6653.2371,332493,-0.128,0.076,32.199,-11.868,0.095,0.0017,-1.0977,0.02185,-0.11778,0.00453,1.0103,-0.0117,-0.0139,-0.05875,0.01266,-0.02545,0.04112,0.15058,-0.98772,0.00614,0.70198,-0.01079,-0.71211,-0.00275,50.24,52.86,0.02,0.0722
20:48:44.407,6653.2571,332494,-0.035,0.029,32.183,-11.862,0.093,-0.0044,-1.1074,0.02491,-0.12017,0.00333,1.0132,-0.0085,-0.0112,-0.05836,0.01386,-0.02598,0.04109,0.15056,-0.98772,0.00656,0.70259,-0.01028,-0.71152,-0.00327,50.25,52.87,0.02,0.07
20:48:44.437,6653.2771,332495,-0.03,0.022,32.166,-11.856,0.095,-0.0012,-1.1077,0.02212,-0.11698,0.00346,1.009,-0.0149,-0.0112,-0.05836,0.01146,-0.02478,0.04147,0.15056,-0.98771,0.0067,0.7029,-0.01121,-0.7112,-0.00232,50.25,52.86,0.02,0.0731
20:48:44.452,6653.2971,332496,0.118,0.004,32.15,-11.85,0.0901,-0.0022,-1.1074,0.02238,-0.11818,0.00453,1.0098,-0.0105,-0.009,-0.05809,0.01226,-0.02505,0.04108,0.15055,-0.98772,0.0068,0.70355,-0.01075,-0.71056,-0.00278,50.25,52.87,0.02,0.0726
20:48:44.467,6653.3171,332497,0.094,0.052,32.134,-11.844,0.0916,0.0007,-1.1023,0.02105,-0.11458,0.004,1.0112,-0.0159,-0.011,-0.05849,0.01186,-0.02558,0.04109,0.15057,-0.98773,0.00639,0.70337,-0.01172,-0.71073,-0.0018,50.26,52.85,0.02,0.0715
20:48:44.497,6653.3371,332498,0.022,0.053,32.117,-11.838,0.0906,-0.0002,-1.106,0.02372,-0.11924,0.00413,1.0095,-0.0144,-0.0134,-0.05915,0.01332,-0.02638,0.0407,0.15057,-0.98774,0.00631,0.70264,-0.01182,-0.71144,-0.00171,50.24,52.84,0.02,0.0727
20:48:44.512,6653.3571,332499,0.112,0.006,32.101,-11.832,0.0894,-0.0068,-1.1033,0.02518,-0.11991,0.00306,1.009,-0.0054,-0.0076,-0.05782,0.01399,-0.02691,0.04052,0.15056,-0.98775,0.0067,0.70311,-0.011,-0.71099,-0.00253,50.25,52.85,0.02,0.0732
20:48:44.527,6653.3771,332500,-0.031,-0.012,32.085,-11.826,0.092,-0.0015,-1.1072,0.02212,-0.11684,0.0048,1.0044,-0.0151,-0.0144,-0.05849,0.01226,-0.02558,0.04086,0.15055,-0.98773,0.00691,0.70249,-0.01164,-0.7116,-0.00188,50.27,52.86,0.02,0.0765
20:48:44.557,6653.3971,332501,0.104,0.019,32.069,-11.82,0.0864,0.002,-1.0984,0.02172,-0.11631,0.00386,1.0037,-0.0181,-0.009,-0.05862,0.01306,-0.02545,0.04059,0.15056,-0.98775,0.00662,0.70311,-0.01229,-0.71098,-0.00122,50.27,52.86,0.02,0.0771
20:48:44.572,6653.4171,332502,0.063,-0.022,32.052,-11.814,0.0928,-0.0034,-1.103,0.02545,-0.11898,0.00373,1.012,-0.01,-0.012,-0.05809,0.01399,-0.02745,0.04077,0.15054,-0.98774,0.00699,0.70301,-0.01129,-0.71109,-0.00223,50.24,52.87,0.02,0.0709
20:48:44.587,6653.4371,332503,0.19,-0.052,32.036,-11.808,0.0884,-0.0044,-1.1116,0.02598,-0.12031,0.00226,1.0093,-0.009,-0.0088,-0.05796,0.01399,-0.02718,0.04038,0.15055,-0.98775,0.0072,0.70355,-0.01056,-0.71056,-0.00296,50.24,52.87,0.02,0.073
20:48:44.617,6653.4571,332504,0.29,-0.097,32.02,-11.802,0.0916,-0.0063,-1.1104,0.02238,-0.11858,0.0044,1.0203,-0.0107,-0.009,-0.05875,0.01292,-0.02505,0.04035,0.15053,-0.98775,0.0076,0.7042,-0.01046,-0.70992,-0.00305,50.25,52.85,0.02,0.0647
20:48:44.632,6653.4771,332505,0.212,-0.049,32.004,-11.796,0.0916,-0.0007,-1.1057,0.02092,-0.11578,0.0044,1.0034,-0.0134,-0.0095,-0.05836,0.01226,-0.02438,0.04053,0.15054,-0.98775,0.00721,0.7038,-0.01139,-0.71031,-0.00211,50.26,52.87,0.02,0.0773
20:48:44.647,6653.4971,332506,0.111,-0.02,31.988,-11.79,0.0925,-0.0007,-1.1013,0.02238,-0.11964,0.00426,1.0137,-0.0081,-0.0122,-0.05796,0.01292,-0.02478,0.04086,0.15055,-0.98773,0.00698,0.70337,-0.01062,-0.71074,-0.0029,50.24,52.86,0.02,0.0696
20:48:44.692,6653.5171,332507,-0.034,0.011,31.972,-11.784,0.0925,-0.0012,-1.1064,0.02212,-0.11538,0.00453,1.0063,-0.0137,-0.0139,-0.05796,0.01079,-0.02358,0.04123,0.15055,-0.98772,0.00678,0.70271,-0.01118,-0.71138,-0.00233,50.26,52.86,0.02,0.0751
20:48:44.693,6653.5371,332508,-0.179,0.048,31.955,-11.778,0.0942,0.0015,-1.1006,0.01985,-0.11698,0.00413,1.0059,-0.0112,-0.0151,-0.05862,0.01106,-0.02505,0.04153,0.15055,-0.98771,0.00647,0.70199,-0.01085,-0.7121,-0.00267,50.24,52.86,0.02,0.0754
20:48:44.707,6653.5571,332509,-0.027,0.023,31.939,-11.772,0.0906,-0.002,-1.1038,0.02278,-0.11884,0.00306,1.0125,-0.0117,-0.0117,-0.05809,0.01239,-0.02505,0.04117,0.15054,-0.98772,0.00665,0.7027,-0.01087,-0.7114,-0.00264,50.24,52.84,0.02,0.0705
20:48:44.737,6653.5771,332510,-0.02,-0.024,31.923,-11.766,0.0916,-0.0076,-1.1055,0.02385,-0.11898,0.00306,1.0105,-0.0085,-0.0125,-0.05702,0.01239,-0.02571,0.04106,0.15053,-0.98773,0.00703,0.70271,-0.00986,-0.7114,-0.00367,50.26,52.85,0.02,0.072
20:48:44.752,6653.5971,332511,0.08,-0.014,31.907,-11.76,0.0913,-0.0015,-1.1064,0.02252,-0.11778,0.00253,1.011,-0.0154,-0.01,-0.05822,0.01199,-0.02491,0.04069,0.15053,-0.98774,0.0069,0.70305,-0.01074,-0.71105,-0.00277,50.24,52.87,0.02,0.0716
20:48:44.767,6653.6171,332512,0.013,0.03,31.891,-11.754,0.092,0.0027,-1.1038,0.02172,-0.11485,0.00453,1.0088,-0.01,-0.012,-0.05889,0.01132,-0.02411,0.04084,0.15054,-0.98774,0.00652,0.7027,-0.00984,-0.71141,-0.00369,50.24,52.87,0.02,0.0733
20:48:44.797,6653.6371,332513,0.123,-0.015,31.875,-11.748,0.0916,-0.0061,-1.1006,0.02252,-0.11951,0.00306,1.0095,-0.0076,-0.01,-0.05849,0.01319,-0.02531,0.0408,0.15052,-0.98774,0.00691,0.7034,-0.00954,-0.71072,-0.00399,50.25,52.86,0.02,0.0728
20:48:44.812,6653.6571,332514,0.074,-0.016,31.859,-11.743,0.0828,-0.0017,-1.0991,0.02238,-0.11791,0.00293,1.0107,-0.011,-0.0137,-0.05836,0.01212,-0.02385,0.04041,0.15052,-0.98776,0.00686,0.70281,-0.01013,-0.71129,-0.00339,50.25,52.86,0.02,0.0719
20:48:44.842,6653.6805,332515,0.098,0.025,31.843,-11.737,0.0876,0.0017,-1.105,0.02212,-0.11831,0.00413,1.0068,-0.0142,-0.0125,-0.05862,0.01252,-0.02478,0.04014,0.15054,-0.98777,0.00648,0.70273,-0.01135,-0.71136,-0.00215,50.24,52.87,0.02,0.0748
20:48:44.857,6653.6971,332516,0.122,-0.013,31.827,-11.731,0.0906,-0.0029,-1.1018,0.02385,-0.11977,0.00493,1.0081,-0.0078,-0.011,-0.05756,0.01306,-0.02585,0.04019,0.15051,-0.98777,0.00681,0.70295,-0.01055,-0.71115,-0.00297,50.23,52.86,0.02,0.0739
20:48:44.872,6653.7171,332517,0.214,-0.053,31.811,-11.725,0.092,-0.0054,-1.1069,0.02305,-0.11977,0.00346,1.009,-0.0127,-0.0085,-0.05822,0.01306,-0.02571,0.04028,0.1505,-0.98776,0.0072,0.70363,-0.01094,-0.71048,-0.00256,50.25,52.86,0.02,0.0732
20:48:44.917,6653.7371,332518,0.083,-0.029,31.795,-11.719,0.0938,-0.0005,-1.1062,0.02238,-0.11724,0.00373,1.0093,-0.0151,-0.0127,-0.05822,0.01292,-0.02505,0.04065,0.1505,-0.98775,0.00705,0.70306,-0.0116,-0.71103,-0.00191,50.25,52.87,0.02,0.0729
20:48:44.918,6653.7571,332519,0.095,-0.016,31.779,-11.713,0.094,-0.001,-1.104,0.02278,-0.11764,0.004,1.0073,-0.0083,-0.0095,-0.05862,0.01319,-0.02585,0.04104,0.15051,-0.98773,0.00699,0.70341,-0.01066,-0.7107,-0.00285,50.24,52.86,0.02,0.0745
20:48:44.932,6653.7771,332520,0.189,-0.061,31.763,-11.707,0.0916,-0.0049,-1.1033,0.02212,-0.11751,0.00546,1.0098,-0.0095,-0.0093,-0.05902,0.01279,-0.02558,0.04093,0.15047,-0.98774,0.00736,0.70394,-0.00997,-0.71018,-0.00354,50.24,52.86,0.02,0.0726
20:48:44.947,6653.7971,332521,0.226,-0.081,31.748,-11.701,0.0889,-0.0042,-1.1045,0.02212,-0.11804,0.004,1.01,-0.0098,-0.009,-0.05769,0.01292,-0.02478,0.04055,0.15047,-0.98775,0.0075,0.70393,-0.01099,-0.71018,-0.00251,50.25,52.85,0.02,0.0724
20:48:44.992,6653.8171,332522,0.065,-0.064,31.732,-11.696,0.0957,-0.0012,-1.1045,0.02145,-0.11525,0.00493,1.0073,-0.0154,-0.0171,-0.05862,0.01159,-0.02425,0.04097,0.15045,-0.98774,0.0074,0.70322,-0.0113,-0.71088,-0.00221,50.26,52.84,0.02,0.0743
20:48:44.993,6653.8371,332523,0.138,-0.053,31.716,-11.69,0.094,-0.0022,-1.105,0.02358,-0.11924,0.0032,1.0093,-0.0129,-0.0095,-0.05796,0.01306,-0.02545,0.04137,0.15046,-0.98772,0.00739,0.70395,-0.0113,-0.71016,-0.0022,50.25,52.86,0.02,0.0729
20:48:45.037,6653.8571,332524,0.13,-0.078,31.7,-11.684,0.0894,-0.0044,-1.1047,0.02332,-0.11951,0.00373,1.0112,-0.012,-0.0093,-0.05782,0.01359,-0.02625,0.041,0.15045,-0.98774,0.00753,0.70365,-0.01039,-0.71046,-0.00312,50.25,52.85,0.02,0.0715
20:48:45.038,6653.8771,332525,0.076,-0.045,31.684,-11.678,0.095,-0.0002,-1.1035,0.02172,-0.11911,0.0036,1.012,-0.0168,-0.0107,-0.05769,0.01292,-0.02598,0.04133,0.15046,-0.98773,0.0073,0.70352,-0.01137,-0.71058,-0.00213,50.27,52.86,0.02,0.0709
20:48:45.053,6653.8971,332526,-0.029,-0.003,31.668,-11.672,0.0923,0.0002,-1.1055,0.02252,-0.11764,0.0036,1.0085,-0.0125,-0.0144,-0.05796,0.01319,-0.02571,0.04127,0.15048,-0.98773,0.00691,0.70279,-0.01128,-0.71131,-0.00223,50.27,52.86,0.02,0.0735
20:48:45.067,6653.9171,332527,-0.147,0.019,31.652,-11.666,0.095,0.0005,-1.1008,0.02465,-0.11991,0.00293,1.0115,-0.0083,-0.0156,-0.05809,0.01266,-0.02611,0.04161,0.15049,-0.98771,0.00674,0.70227,-0.01059,-0.71182,-0.00294,50.27,52.86,0.02,0.0713
20:48:45.112,6653.9371,332528,-0.011,-0.016,31.636,-11.661,0.0925,-0.0032,-1.1174,0.02385,-0.11951,0.0028,1.0129,-0.0088,-0.0098,-0.05862,0.01266,-0.02638,0.04131,0.15048,-0.98772,0.00701,0.70294,-0.01025,-0.71117,-0.00328,50.25,52.86,0.02,0.0703
20:48:45.113,6653.9571,332529,-0.018,-0.05,31.621,-11.655,0.0889,-0.0061,-1.103,0.02278,-0.11964,0.0044,1.022,-0.0144,-0.0132,-0.05862,0.01319,-0.02571,0.04101,0.15047,-0.98774,0.00727,0.70271,-0.01108,-0.71138,-0.00244,50.26,52.86,0.02,0.0634
20:48:45.142,6653.9771,332530,-0.06,-0.062,31.605,-11.649,0.0894,-0.0027,-1.0981,0.02172,-0.11738,0.00493,0.9963,-0.0105,-0.0134,-0.05862,0.01252,-0.02478,0.04061,0.15047,-0.98775,0.00729,0.70217,-0.01031,-0.71193,-0.00323,50.25,52.86,0.02,0.0773
20:48:45.172,6653.9971,332531,-0.001,-0.019,31.589,-11.643,0.0916,0.0007,-1.0911,0.02185,-0.12031,0.00413,0.9824,-0.0083,-0.0127,-0.05849,0.01346,-0.02505,0.04081,0.15047,-0.98775,0.00694,0.70263,-0.00962,-0.71148,-0.00392,50.26,52.86,0.02,0.0669
20:48:45.175,6654.0171,332532,0.076,-0.046,31.573,-11.637,0.0859,-0.0068,-1.1082,0.02212,-0.12151,0.004,1.0251,-0.0105,-0.0122,-0.05929,0.01439,-0.02531,0.04043,0.15046,-0.98776,0.00714,0.70288,-0.01041,-0.71123,-0.00312,50.26,52.86,0.02,0.0611
20:48:45.188,6654.0371,332533,-0.008,-0.008,31.558,-11.632,0.0947,0.0027,-1.1028,0.02145,-0.11525,0.00466,1.0049,-0.0186,-0.0146,-0.05902,0.01106,-0.02358,0.04076,0.15046,-0.98775,0.00686,0.70256,-0.01141,-0.71153,-0.00212,50.24,52.85,0.02,0.0761
20:48:45.217,6654.0571,332534,-0.111,0.031,31.542,-11.626,0.0928,0.0017,-1.1001,0.02145,-0.12017,0.00426,1.011,-0.0122,-0.0137,-0.05902,0.01359,-0.02491,0.04098,0.15047,-0.98774,0.00652,0.70202,-0.01073,-0.71207,-0.00281,50.26,52.84,0.02,0.0716
20:48:45.232,6654.0771,332535,0.027,0.001,31.526,-11.62,0.0876,-0.0044,-1.0994,0.02358,-0.11804,0.0032,1.0149,-0.0156,-0.0051,-0.05875,0.01386,-0.02545,0.04065,0.15046,-0.98776,0.00676,0.70268,-0.01102,-0.71141,-0.00251,50.25,52.85,0.02,0.0687
20:48:45.262,6654.0971,332536,-0.099,-0.001,31.51,-11.614,0.1006,-0.002,-1.1074,0.02172,-0.11498,0.0032,1.0098,-0.0142,-0.0139,-0.05849,0.01186,-0.02505,0.04107,0.15045,-0.98774,0.00684,0.70221,-0.0118,-0.71187,-0.00172,50.25,52.84,0.02,0.0725
20:48:45.263,6654.1171,332537,0.043,0.039,31.495,-11.608,0.0903,0.002,-1.1079,0.02292,-0.11898,0.00373,1.0095,-0.0156,-0.0081,-0.05836,0.01279,-0.02531,0.0409,0.15047,-0.98775,0.00648,0.70293,-0.01196,-0.71116,-0.00156,50.26,52.87,0.02,0.0728
20:48:45.292,6654.1371,332538,0.011,-0.008,31.479,-11.603,0.0918,-0.0029,-1.1011,0.02345,-0.11698,0.00226,1.0051,-0.01,-0.0125,-0.05915,0.01252,-0.02571,0.0409,0.15045,-0.98775,0.00688,0.70278,-0.01091,-0.71132,-0.00262,50.25,52.86,0.02,0.0761
20:48:45.307,6654.1571,332539,0.158,-0.042,31.463,-11.597,0.0896,-0.0042,-1.1047,0.02212,-0.11858,0.0036,1.0073,-0.0122,-0.0105,-0.05929,0.01306,-0.02505,0.04061,0.15044,-0.98776,0.00715,0.70351,-0.0111,-0.71059,-0.00241,50.24,52.87,0.02,0.0744
20:48:45.337,6654.1771,332540,0.021,-0.01,31.448,-11.591,0.0952,0.002,-1.1023,0.02318,-0.11831,0.00453,1.0115,-0.0142,-0.0132,-0.05796,0.01346,-0.02531,0.04093,0.15045,-0.98775,0.00691,0.70286,-0.01152,-0.71123,-0.002,50.24,52.87,0.02,0.0712
20:48:45.352,6654.1971,332541,-0.14,-0.005,31.432,-11.585,0.0974,-0.0007,-1.1045,0.02305,-0.11898,0.00386,1.0078,-0.0156,-0.0178,-0.05902,0.01319,-0.02491,0.04133,0.15045,-0.98773,0.00691,0.70214,-0.0118,-0.71194,-0.00173,50.25,52.86,0.02,0.0739
20:48:45.382,6654.2171,332542,0.011,0.014,31.416,-11.579,0.0896,0.0002,-1.1108,0.02318,-0.11791,0.00373,1.0105,-0.012,-0.0098,-0.05796,0.01346,-0.02598,0.04099,0.15046,-0.98774,0.00671,0.70282,-0.01144,-0.71127,-0.00208,50.26,52.85,0.02,0.072
20:48:45.398,6654.2371,332543,0.066,0.017,31.401,-11.574,0.092,-0.001,-1.1025,0.02292,-0.11791,0.00386,1.0078,-0.0112,-0.01,-0.05849,0.01212,-0.02585,0.04138,0.15046,-0.98773,0.00675,0.70344,-0.01086,-0.71067,-0.00266,50.25,52.87,0.02,0.0741
20:48:45.413,6654.2571,332544,-0.005,0.01,31.385,-11.568,0.0916,-0.0012,-1.1106,0.02172,-0.11858,0.0036,1.0095,-0.0129,-0.0156,-0.05849,0.01292,-0.02518,0.04099,0.15046,-0.98774,0.00674,0.70272,-0.01105,-0.71138,-0.00248,50.24,52.84,0.02,0.0727
20:48:45.427,6654.2771,332545,0.125,0.014,31.37,-11.562,0.0903,-0.001,-1.1079,0.02252,-0.11711,0.00346,1.0068,-0.0139,-0.0112,-0.05836,0.01279,-0.02505,0.04059,0.15046,-0.98776,0.00666,0.70325,-0.0118,-0.71085,-0.00172,50.24,52.84,0.02,0.0748
20:48:45.457,6654.2971,332546,0.255,0.052,31.354,-11.556,0.0898,0.0002,-1.1008,0.02305,-0.11818,0.0032,1.0164,-0.0154,-0.0093,-0.05889,0.01319,-0.02585,0.0404,0.15048,-0.98777,0.00631,0.70388,-0.01214,-0.71022,-0.00136,50.26,52.85,0.02,0.0676
20:48:45.472,6654.3171,332547,0.11,0.015,31.339,-11.551,0.0916,-0.0022,-1.0984,0.02265,-0.11631,0.0032,1.01,-0.0144,-0.0129,-0.05902,0.01252,-0.02545,0.0406,0.15046,-0.98776,0.00665,0.70316,-0.01198,-0.71093,-0.00153,50.26,52.86,0.02,0.0724
20:48:45.503,6654.3371,332548,0.06,0.008,31.323,-11.545,0.0891,-0.0012,-1.1035,0.02332,-0.11791,0.0044,1.0088,-0.01,-0.0159,-0.05836,0.01306,-0.02598,0.04021,0.15046,-0.98778,0.00663,0.70256,-0.01138,-0.71153,-0.00215,50.25,52.86,0.02,0.0733
20:48:45.505,6654.3571,332549,0.158,0.049,31.308,-11.539,0.0913,0.001,-1.1018,0.02252,-0.11818,0.00386,1.0061,-0.0127,-0.0083,-0.05822,0.01319,-0.02571,0.04046,0.15048,-0.98777,0.00632,0.70332,-0.01132,-0.71078,-0.0022,50.26,52.87,0.02,0.0753
20:48:45.532,6654.3771,332550,0.01,0.083,31.292,-11.534,0.0913,0.0,-1.1084,0.02305,-0.11804,0.00466,1.0081,-0.0132,-0.0159,-0.05836,0.01199,-0.02598,0.04076,0.15049,-0.98775,0.00606,0.70258,-0.01137,-0.71151,-0.00215,50.25,52.85,0.02,0.0738
20:48:45.547,6654.3971,332551,0.157,0.073,31.277,-11.528,0.0908,0.0002,-1.1067,0.02212,-0.11738,0.00426,1.012,-0.0115,-0.0107,-0.05796,0.01212,-0.02518,0.04036,0.15049,-0.98777,0.00608,0.70321,-0.01092,-0.71089,-0.00261,50.25,52.85,0.02,0.0709
20:48:45.577,6654.4171,332552,0.129,0.114,31.262,-11.522,0.0896,0.0012,-1.1025,0.02158,-0.11671,0.00426,1.0142,-0.0156,-0.0125,-0.05796,0.01239,-0.02518,0.04021,0.1505,-0.98778,0.00571,0.7029,-0.01179,-0.71119,-0.00173,50.24,52.85,0.02,0.0692
20:48:45.592,6654.4371,332553,0.189,0.076,31.246,-11.516,0.0886,-0.0007,-1.1035,0.02198,-0.11738,0.00453,1.0129,-0.0103,-0.0112,-0.05822,0.01226,-0.02505,0.03992,0.15049,-0.98779,0.00599,0.70309,-0.01084,-0.71101,-0.00269,50.25,52.86,0.02,0.0702
20:48:45.622,6654.4571,332554,0.081,0.113,31.231,-11.511,0.0903,0.0017,-1.1057,0.02278,-0.11844,0.00453,1.011,-0.0078,-0.0144,-0.05902,0.01186,-0.02558,0.04016,0.1505,-0.98778,0.00567,0.70255,-0.01017,-0.71155,-0.00337,50.25,52.85,0.02,0.0717
20:48:45.623,6654.4771,332555,0.182,0.09,31.216,-11.505,0.0864,-0.0017,-1.1091,0.02318,-0.11818,0.00533,1.0063,-0.0139,-0.011,-0.05875,0.01226,-0.02585,0.03981,0.1505,-0.98779,0.00585,0.70295,-0.01107,-0.71115,-0.00246,50.25,52.85,0.02,0.0752
20:48:45.652,6654.4971,332556,0.058,0.072,31.2,-11.499,0.094,-0.0017,-1.1035,0.02278,-0.11751,0.00413,1.0095,-0.0149,-0.0137,-0.05849,0.01226,-0.02518,0.04014,0.15049,-0.98778,0.00606,0.70244,-0.0118,-0.71164,-0.00172,50.25,52.85,0.02,0.0727
20:48:45.667,6654.5171,332557,-0.039,0.025,31.185,-11.493,0.0896,-0.0032,-1.1108,0.02292,-0.11858,0.0048,1.0076,-0.0127,-0.0154,-0.05889,0.01319,-0.02598,0.03999,0.15047,-0.98778,0.00643,0.70178,-0.01134,-0.7123,-0.00219,50.27,52.86,0.02,0.0742
20:48:45.697,6654.5371,332558,0.119,0.05,31.169,-11.488,0.0891,-0.0002,-1.1084,0.02158,-0.11791,0.00333,1.009,-0.0129,-0.0083,-0.05875,0.01186,-0.02531,0.03968,0.15048,-0.9878,0.00618,0.70251,-0.01133,-0.71158,-0.0022,50.26,52.85,0.02,0.0732
20:48:45.742,6654.5571,332559,-0.014,0.048,31.154,-11.482,0.0947,-0.0002,-1.1082,0.02265,-0.11724,0.00373,1.0061,-0.0107,-0.0146,-0.05875,0.01186,-0.02545,0.04008,0.15048,-0.98778,0.00623,0.70197,-0.0106,-0.71212,-0.00294,50.26,52.86,0.02,0.0753
20:48:45.743,6654.5771,332560,-0.062,0.012,31.139,-11.476,0.0916,-0.0027,-1.106,0.02292,-0.11898,0.004,1.0068,-0.011,-0.0146,-0.05809,0.01279,-0.02558,0.04025,0.15046,-0.98777,0.00659,0.70183,-0.01164,-0.71225,-0.0019,50.26,52.86,0.02,0.0748
20:48:45.744,6654.5971,332561,-0.175,-0.033,31.123,-11.471,0.0913,-0.0039,-1.1089,0.02398,-0.11778,0.00306,1.0112,-0.0142,-0.0156,-0.05862,0.01319,-0.02665,0.04027,0.15045,-0.98777,0.00699,0.70119,-0.01211,-0.71287,-0.00143,50.24,52.85,0.02,0.0714
20:48:45.772,6654.6171,332562,-0.037,0.006,31.108,-11.465,0.0881,0.0012,-1.1011,0.02358,-0.11938,0.004,1.0112,-0.0117,-0.0085,-0.05849,0.01266,-0.02585,0.0401,0.15046,-0.98778,0.00663,0.70188,-0.01182,-0.71219,-0.00171,50.24,52.86,0.02,0.0715
20:48:45.787,6654.6371,332563,0.022,0.029,31.093,-11.459,0.0925,0.0002,-1.1072,0.02345,-0.11738,0.004,1.0115,-0.012,-0.0122,-0.05849,0.01199,-0.02571,0.04047,0.15047,-0.98776,0.00648,0.70249,-0.01129,-0.7116,-0.00224,50.24,52.86,0.02,0.0713
20:48:45.863,6654.6571,332564,0.106,-0.002,31.077,-11.454,0.0918,-0.002,-1.1021,0.02252,-0.11831,0.00413,1.0076,-0.0134,-0.0115,-0.05889,0.01159,-0.02558,0.0407,0.15046,-0.98776,0.00681,0.70321,-0.01156,-0.71088,-0.00196,50.24,52.86,0.02,0.0742
20:48:45.864,6654.6771,332565,0.256,0.019,31.062,-11.448,0.0894,-0.0005,-1.1016,0.02332,-0.11831,0.0028,1.0146,-0.0134,-0.0103,-0.05875,0.01266,-0.02611,0.04037,0.15047,-0.98777,0.00658,0.70389,-0.01133,-0.71022,-0.00218,50.24,52.87,0.02,0.0689
20:48:45.866,6654.6971,332566,0.284,0.015,31.047,-11.443,0.0876,-0.001,-1.1074,0.02225,-0.11764,0.0044,1.0034,-0.011,-0.0093,-0.05822,0.01319,-0.02571,0.03997,0.15047,-0.98779,0.00653,0.70377,-0.01025,-0.71034,-0.00327,50.26,52.86,0.02,0.0774
20:48:45.868,6654.7171,332567,0.173,-0.031,31.032,-11.437,0.0891,-0.0029,-1.1006,0.02278,-0.11738,0.00333,1.0088,-0.0093,-0.0117,-0.05822,0.01226,-0.02531,0.03986,0.15045,-0.98779,0.00691,0.70305,-0.01008,-0.71106,-0.00345,50.25,52.86,0.02,0.0733
20:48:45.892,6654.7371,332568,0.195,0.005,31.017,-11.431,0.0881,-0.0002,-1.1045,0.02225,-0.11724,0.002,1.011,-0.012,-0.0117,-0.05782,0.01212,-0.02571,0.03964,0.15046,-0.9878,0.00658,0.70299,-0.01108,-0.7111,-0.00244,50.24,52.85,0.02,0.0716
20:48:45.908,6654.7571,332569,0.277,0.039,31.002,-11.426,0.092,0.0017,-1.1055,0.02238,-0.11751,0.0032,1.0088,-0.0125,-0.011,-0.05809,0.01266,-0.02558,0.03997,0.15047,-0.98779,0.00634,0.70371,-0.01135,-0.7104,-0.00216,50.24,52.86,0.02,0.0733
20:48:45.937,6654.7771,332570,0.13,0.076,30.987,-11.42,0.0913,0.0024,-1.1021,0.02385,-0.11831,0.00426,1.0059,-0.0132,-0.0159,-0.05875,0.01319,-0.02518,0.04023,0.15049,-0.98777,0.00604,0.70295,-0.01139,-0.71115,-0.00213,50.25,52.86,0.02,0.0754
20:48:45.982,6654.7971,332571,0.201,0.04,30.972,-11.415,0.0913,-0.001,-1.1079,0.02238,-0.11884,0.00453,1.0085,-0.0103,-0.0088,-0.05809,0.01319,-0.02518,0.04042,0.15047,-0.98777,0.00639,0.70356,-0.01081,-0.71054,-0.0027,50.25,52.86,0.02,0.0736
20:48:45.983,6654.8171,332572,0.167,0.008,30.957,-11.409,0.0889,-0.0022,-1.1023,0.02332,-0.11804,0.0032,1.0125,-0.0144,-0.0115,-0.05889,0.01252,-0.02491,0.04011,0.15046,-0.98778,0.00664,0.70317,-0.01164,-0.71093,-0.00187,50.27,52.86,0.02,0.0705
20:48:45.985,6654.8371,332573,0.069,0.03,30.942,-11.403,0.0935,0.0012,-1.1018,0.02225,-0.11884,0.00293,1.0085,-0.009,-0.0132,-0.05822,0.01279,-0.02505,0.04048,0.15047,-0.98776,0.00648,0.70279,-0.01075,-0.71131,-0.00277,50.24,52.86,0.02,0.0735
20:48:46.012,6654.8571,332574,0.046,0.055,30.926,-11.398,0.093,0.0005,-1.106,0.02225,-0.11791,0.00426,1.0073,-0.0137,-0.012,-0.05862,0.01279,-0.02465,0.04085,0.15047,-0.98775,0.00634,0.7029,-0.01179,-0.71119,-0.00173,50.26,52.85,0.02,0.0744
20:48:46.027,6654.8771,332575,0.016,0.012,30.911,-11.392,0.0916,-0.0015,-1.0967,0.02225,-0.11804,0.00333,1.0076,-0.009,-0.0122,-0.05836,0.01279,-0.02505,0.04099,0.15046,-0.98774,0.00671,0.70285,-0.01075,-0.71126,-0.00278,50.27,52.85,0.02,0.0742
20:48:46.057,6654.8971,332576,0.072,-0.002,30.896,-11.387,0.0928,-0.0012,-1.1091,0.02212,-0.11724,0.00373,1.0056,-0.0134,-0.01,-0.05809,0.01292,-0.02505,0.04133,0.15045,-0.98773,0.00691,0.70346,-0.01137,-0.71064,-0.00214,50.26,52.86,0.02,0.0757
20:48:46.087,6654.9171,332577,0.127,-0.014,30.881,-11.381,0.0872,-0.0032,-1.1035,0.02252,-0.12031,0.00386,1.0137,-0.0154,-0.0103,-0.05929,0.01306,-0.02531,0.04092,0.15044,-0.98775,0.00697,0.70352,-0.01235,-0.71057,-0.00115,50.25,52.85,0.02,0.0696
20:48:46.088,6654.9371,332578,0.142,-0.029,30.866,-11.375,0.0903,-0.002,-1.1013,0.02252,-0.11791,0.00266,1.0115,-0.0117,-0.011,-0.05875,0.01306,-0.02545,0.04052,0.15044,-0.98776,0.00702,0.70334,-0.01138,-0.71076,-0.00213,50.25,52.85,0.02,0.0713
20:48:46.117,6654.9571,332579,0.065,0.01,30.851,-11.37,0.0906,0.0002,-1.1104,0.02212,-0.11804,0.00373,1.0117,-0.0095,-0.0146,-0.05836,0.01292,-0.02531,0.04041,0.15046,-0.98777,0.00664,0.70274,-0.01083,-0.71136,-0.00269,50.25,52.86,0.02,0.0711
20:48:46.147,6654.9771,332580,0.115,-0.032,30.836,-11.364,0.0906,-0.0037,-1.1008,0.02185,-0.11831,0.00386,1.009,-0.0149,-0.0112,-0.05875,0.01252,-0.02665,0.04039,0.15044,-0.98777,0.00704,0.70307,-0.01175,-0.71102,-0.00176,50.25,52.86,0.02,0.0731
20:48:46.150,6654.9971,332581,0.003,-0.08,30.821,-11.359,0.0911,-0.0032,-1.1069,0.02305,-0.11858,0.00306,1.0105,-0.0134,-0.0127,-0.05929,0.01346,-0.02598,0.04037,0.15043,-0.98777,0.00744,0.70241,-0.01135,-0.71168,-0.00218,50.26,52.85,0.02,0.072
20:48:46.177,6655.0171,332582,0.133,-0.122,30.806,-11.353,0.0896,-0.0066,-1.1052,0.02278,-0.11884,0.0036,1.0112,-0.012,-0.0085,-0.05849,0.01359,-0.02531,0.04018,0.15041,-0.98778,0.00779,0.70312,-0.01119,-0.71098,-0.00232,50.27,52.86,0.02,0.0715
20:48:46.207,6655.0371,332583,-0.027,-0.138,30.791,-11.348,0.0952,-0.0051,-1.1106,0.02318,-0.11804,0.0036,1.009,-0.0132,-0.0139,-0.05809,0.01266,-0.02518,0.04053,0.1504,-0.98776,0.00798,0.7024,-0.01139,-0.71169,-0.00214,50.28,52.87,0.02,0.0731
20:48:46.208,6655.0571,332584,0.046,-0.092,30.776,-11.342,0.0925,-0.0005,-1.1035,0.02252,-0.11724,0.00373,1.0095,-0.0142,-0.0125,-0.05849,0.01226,-0.02518,0.04072,0.15042,-0.98775,0.00762,0.70295,-0.01206,-0.71114,-0.00145,50.26,52.85,0.02,0.0727
20:48:46.252,6655.0771,332585,0.036,-0.053,30.761,-11.337,0.0911,-0.0017,-1.105,0.02372,-0.11898,0.004,1.0122,-0.0117,-0.0125,-0.05796,0.01332,-0.02651,0.04061,0.15043,-0.98776,0.00724,0.70276,-0.0111,-0.71133,-0.00242,50.28,52.86,0.02,0.0707
20:48:46.253,6655.0971,332586,0.136,-0.095,30.746,-11.332,0.0925,-0.0059,-1.1047,0.02198,-0.11804,0.00373,1.0105,-0.0107,-0.0073,-0.05836,0.01172,-0.02491,0.04068,0.15042,-0.98776,0.00763,0.70347,-0.01087,-0.71064,-0.00265,50.26,52.85,0.02,0.0721
20:48:46.269,6655.1171,332587,0.015,-0.053,30.731,-11.326,0.0955,0.0042,-1.1038,0.02118,-0.11498,0.00333,1.0037,-0.0195,-0.0166,-0.05836,0.01026,-0.02425,0.04095,0.15043,-0.98774,0.0073,0.70287,-0.01161,-0.71122,-0.00191,50.27,52.85,0.02,0.077
20:48:46.297,6655.1371,332588,-0.142,-0.077,30.716,-11.321,0.0977,-0.0061,-1.0935,0.02358,-0.11698,0.00426,1.0085,-0.0146,-0.0151,-0.05822,0.01292,-0.02598,0.04126,0.15042,-0.98773,0.00755,0.70215,-0.01182,-0.71193,-0.0017,50.29,52.84,0.02,0.0735
20:48:46.327,6655.1571,332589,-0.07,-0.076,30.702,-11.315,0.0933,-0.0027,-1.1208,0.02491,-0.12124,0.00226,1.0085,-0.0078,-0.0132,-0.05756,0.01346,-0.02638,0.04084,0.15044,-0.98775,0.00746,0.70229,-0.01081,-0.71181,-0.00273,50.28,52.86,0.02,0.0735
20:48:46.329,6655.1771,332590,0.044,-0.027,30.687,-11.31,0.0916,0.0012,-1.103,0.02132,-0.11644,0.0028,1.0085,-0.01,-0.0105,-0.05836,0.01146,-0.02491,0.0409,0.15046,-0.98774,0.00705,0.70299,-0.01049,-0.71111,-0.00304,50.26,52.84,0.02,0.0735
20:48:46.357,6655.1971,332591,-0.101,0.006,30.672,-11.304,0.1003,0.0061,-1.1023,0.02065,-0.11578,0.0036,0.9988,-0.0173,-0.0188,-0.05836,0.01066,-0.02411,0.04126,0.15047,-0.98773,0.0068,0.70232,-0.01113,-0.71177,-0.00239,50.26,52.86,0.02,0.0793
20:48:46.372,6655.2171,332592,0.021,0.052,30.657,-11.299,0.0925,0.0015,-1.1116,0.02172,-0.11724,0.00253,1.0156,-0.0122,-0.009,-0.05782,0.01186,-0.02558,0.04121,0.15049,-0.98773,0.00641,0.703,-0.01109,-0.7111,-0.00243,50.28,52.87,0.02,0.0682
20:48:46.387,6655.2371,332593,0.109,0.008,30.642,-11.293,0.0852,-0.0244,-1.1226,0.02358,-0.11858,0.00386,1.0247,0.0142,0.0083,-0.05796,0.01212,-0.02491,0.04102,0.15047,-0.98774,0.00676,0.70345,-0.0105,-0.71066,-0.00302,50.25,52.86,0.02,0.0614
20:48:46.417,6655.2571,332594,0.069,0.057,30.627,-11.288,0.0889,0.0427,-1.0769,0.01892,-0.12697,0.00626,0.9758,-0.0591,-0.0278,-0.06022,0.00933,-0.02052,0.04099,0.15046,-0.98775,0.00631,0.70313,-0.01135,-0.71096,-0.00219,50.26,52.85,0.02,0.0635
20:48:46.462,6655.2771,332595,-0.041,0.024,30.612,-11.282,0.1191,-0.0308,-1.1086,0.02132,-0.08034,0.00466,1.0237,0.0186,-0.0193,-0.05809,0.01026,-0.02798,0.04158,0.15043,-0.98772,0.00669,0.70291,-0.01051,-0.7112,-0.00304,50.27,52.86,0.02,0.062
20:48:46.463,6655.2971,332596,0.176,0.03,30.598,-11.277,0.0413,0.0093,-1.1143,0.02585,-0.1724,0.00866,1.0129,-0.0339,0.0181,-0.05862,0.02265,-0.02585,0.04066,0.15039,-0.98777,0.0065,0.70359,-0.01097,-0.71052,-0.00257,50.28,52.86,0.02,0.0698
20:48:46.466,6655.3171,332597,-0.001,0.005,30.583,-11.271,0.1282,-0.02,-1.1079,0.02358,-0.08234,0.00626,1.0273,0.0083,-0.0381,-0.05982,0.0032,-0.02318,0.04133,0.15035,-0.98774,0.0068,0.70299,-0.01062,-0.71111,-0.00295,50.27,52.85,0.02,0.059
20:48:46.492,6655.3371,332598,0.178,0.031,30.568,-11.266,0.0649,0.0095,-1.1023,0.01466,-0.14256,0.00613,0.9995,-0.03,0.0073,-0.06009,0.01599,-0.02078,0.04076,0.15033,-0.98777,0.00649,0.70367,-0.01131,-0.71044,-0.00227,50.25,52.85,0.02,0.08
20:48:46.507,6655.3571,332599,-0.025,0.031,30.553,-11.26,0.1206,-0.0005,-1.1052,0.02212,-0.08753,0.0064,1.0127,-0.0095,-0.0303,-0.05889,0.00426,-0.02292,0.04145,0.1503,-0.98775,0.00658,0.7029,-0.01123,-0.71119,-0.00237,50.24,52.86,0.02,0.0701
20:48:46.537,6655.3771,332600,0.174,0.015,30.539,-11.255,0.0701,-0.009,-1.093,0.02358,-0.13643,0.00306,1.0002,-0.0127,0.0046,-0.05862,0.01825,-0.02665,0.04088,0.1503,-0.98777,0.00665,0.70374,-0.01122,-0.71036,-0.00237,50.25,52.85,0.02,0.0798
20:48:46.567,6655.3971,332601,0.01,0.023,30.524,-11.249,0.1023,0.0007,-1.1145,0.02052,-0.11245,0.00746,1.0186,-0.0125,-0.0237,-0.05889,0.00799,-0.02385,0.04133,0.15026,-0.98776,0.00663,0.70304,-0.01124,-0.71105,-0.00237,50.25,52.84,0.02,0.0658
20:48:46.568,6655.4171,332602,0.174,0.001,30.509,-11.244,0.0833,-0.0059,-1.1079,0.02372,-0.12191,0.00293,1.0044,-0.0088,-0.0039,-0.05862,0.01479,-0.02571,0.04092,0.15026,-0.98778,0.00676,0.70379,-0.01088,-0.71032,-0.00273,50.24,52.86,0.02,0.0767
20:48:46.597,6655.4371,332603,0.013,0.031,30.495,-11.239,0.1011,0.0049,-1.1101,0.01825,-0.11165,0.006,1.0105,-0.0144,-0.0166,-0.05902,0.00879,-0.02385,0.04135,0.15024,-0.98776,0.00655,0.70306,-0.01118,-0.71104,-0.00244,50.24,52.85,0.02,0.0719
20:48:46.612,6655.4571,332604,0.19,0.021,30.48,-11.233,0.0786,-0.0039,-1.1104,0.02465,-0.1303,0.00293,1.0115,-0.0125,-0.0071,-0.05769,0.01519,-0.02611,0.04082,0.15025,-0.98778,0.00658,0.7038,-0.01117,-0.71031,-0.00242,50.26,52.87,0.02,0.0713
20:48:46.627,6655.4771,332605,0.023,0.04,30.465,-11.228,0.0981,0.002,-1.1047,0.02078,-0.10432,0.00506,1.01,-0.01,-0.0127,-0.05862,0.00786,-0.02372,0.04135,0.15024,-0.98776,0.00648,0.70311,-0.01073,-0.71099,-0.00288,50.24,52.86,0.02,0.0724
20:48:46.657,6655.4971,332606,0.202,0.034,30.451,-11.222,0.0867,-0.0012,-1.0994,0.02345,-0.1259,0.00253,1.0039,-0.011,-0.0083,-0.05836,0.01426,-0.02518,0.04087,0.15025,-0.98778,0.00647,0.70389,-0.01071,-0.71022,-0.00289,50.26,52.86,0.02,0.077
20:48:46.688,6655.5171,332607,0.041,0.017,30.436,-11.217,0.0935,-0.0012,-1.104,0.02305,-0.11125,0.00413,1.0127,-0.0103,-0.0112,-0.05902,0.01092,-0.02518,0.04129,0.15024,-0.98777,0.00666,0.70321,-0.01045,-0.7109,-0.00316,50.25,52.85,0.02,0.0704
20:48:46.689,6655.5371,332608,-0.012,0.01,30.422,-11.212,0.0859,-0.002,-1.1128,0.02318,-0.12177,0.00333,1.0088,-0.0112,-0.0122,-0.05875,0.01332,-0.02558,0.04085,0.15024,-0.98778,0.00666,0.70257,-0.01097,-0.71153,-0.00264,50.26,52.86,0.02,0.0733
20:48:46.717,6655.5571,332609,-0.028,0.054,30.407,-11.206,0.095,0.0051,-1.1011,0.02038,-0.11351,0.00373,1.0098,-0.0144,-0.0127,-0.05849,0.01159,-0.02545,0.04116,0.15025,-0.98777,0.00634,0.70265,-0.01198,-0.71143,-0.00162,50.25,52.86,0.02,0.0725
20:48:46.732,6655.5771,332610,-0.085,0.055,30.392,-11.201,0.0874,0.0002,-1.1025,0.02345,-0.12084,0.0036,1.01,-0.0134,-0.0146,-0.05875,0.01279,-0.02558,0.04074,0.15025,-0.98779,0.00625,0.70199,-0.01156,-0.71209,-0.00206,50.25,52.86,0.02,0.0724
20:48:46.747,6655.5971,332611,0.004,0.017,30.378,-11.195,0.092,-0.0015,-1.1047,0.02078,-0.11551,0.0032,1.0115,-0.0125,-0.0117,-0.05849,0.01212,-0.02491,0.04089,0.15024,-0.98778,0.00661,0.70269,-0.01132,-0.7114,-0.00229,50.25,52.84,0.02,0.0713
20:48:46.807,6655.6171,332612,-0.045,-0.026,30.363,-11.19,0.0911,-0.0022,-1.1052,0.02185,-0.11938,0.00306,1.0112,-0.0103,-0.0139,-0.05889,0.01239,-0.02518,0.04066,0.15022,-0.98779,0.00693,0.70226,-0.01052,-0.71184,-0.0031,50.26,52.86,0.02,0.0715
20:48:46.808,6655.6371,332613,-0.016,-0.016,30.348,-11.185,0.0859,-0.0007,-1.1047,0.02198,-0.11698,0.00346,1.0095,-0.0149,-0.0142,-0.05875,0.01239,-0.02518,0.04028,0.15023,-0.98781,0.00681,0.70216,-0.01153,-0.71192,-0.00208,50.27,52.85,0.02,0.0727
20:48:46.811,6655.6571,332614,0.117,0.022,30.334,-11.179,0.0889,0.0005,-1.1045,0.02305,-0.11898,0.00306,1.0112,-0.0154,-0.0112,-0.05875,0.01252,-0.02571,0.04009,0.15024,-0.98782,0.00646,0.70281,-0.01197,-0.71127,-0.00163,50.24,52.86,0.02,0.0715
20:48:46.838,6655.6815,332615,0.237,0.076,30.32,-11.174,0.0894,0.0007,-1.1023,0.02158,-0.11764,0.00386,1.0063,-0.0117,-0.01,-0.05862,0.01239,-0.02571,0.04005,0.15026,-0.98782,0.00597,0.70348,-0.01107,-0.71062,-0.00252,50.27,52.84,0.02,0.0752
20:48:46.852,6655.6971,332616,0.113,0.085,30.305,-11.168,0.0969,0.0024,-1.1074,0.02265,-0.11631,0.00333,1.011,-0.0122,-0.0142,-0.05849,0.01106,-0.02585,0.04036,0.15026,-0.9878,0.00593,0.70292,-0.01109,-0.71118,-0.00251,50.26,52.85,0.02,0.0716
20:48:46.882,6655.7171,332617,0.226,0.062,30.291,-11.163,0.0898,0.0,-1.1062,0.02265,-0.11938,0.00453,1.01,-0.0125,-0.0117,-0.05862,0.01239,-0.02571,0.04,0.15026,-0.98782,0.0061,0.7034,-0.01186,-0.7107,-0.00173,50.25,52.87,0.02,0.0724
20:48:46.883,6655.7371,332618,0.303,0.034,30.276,-11.158,0.092,-0.002,-1.1072,0.02278,-0.11844,0.004,1.0115,-0.0156,-0.0078,-0.05862,0.01252,-0.02518,0.04025,0.15024,-0.98781,0.00641,0.70408,-0.01214,-0.71001,-0.00143,50.25,52.86,0.02,0.0713
20:48:46.927,6655.7571,332619,0.213,0.001,30.262,-11.152,0.0913,-0.0015,-1.1047,0.02172,-0.11724,0.00333,1.0088,-0.012,-0.0098,-0.05902,0.01252,-0.02478,0.04052,0.15023,-0.9878,0.00671,0.70374,-0.01123,-0.71037,-0.00235,50.26,52.84,0.02,0.0733
20:48:46.930,6655.7771,332620,0.313,0.045,30.248,-11.147,0.0901,0.0007,-1.1062,0.02172,-0.11858,0.004,1.0103,-0.0146,-0.0083,-0.05849,0.01226,-0.02518,0.04039,0.15025,-0.9878,0.00633,0.70423,-0.01198,-0.70987,-0.0016,50.25,52.86,0.02,0.0722
20:48:46.957,6655.7971,332621,0.263,0.074,30.233,-11.142,0.0889,0.0015,-1.1082,0.02305,-0.11898,0.0028,1.0115,-0.0088,-0.0125,-0.05915,0.01239,-0.02545,0.04015,0.15026,-0.98781,0.00601,0.70372,-0.01128,-0.71039,-0.00231,50.25,52.87,0.02,0.0713
20:48:46.987,6655.8171,332622,0.25,0.062,30.219,-11.136,0.092,-0.0005,-1.1047,0.02252,-0.11778,0.00333,1.0076,-0.0134,-0.0095,-0.05902,0.01186,-0.02438,0.0405,0.15025,-0.9878,0.0062,0.70391,-0.01229,-0.71018,-0.00129,50.25,52.86,0.02,0.0742
20:48:46.988,6655.8371,332623,0.312,0.104,30.205,-11.131,0.0918,0.0024,-1.1055,0.02212,-0.11831,0.00386,1.0088,-0.0127,-0.0073,-0.05862,0.01172,-0.02545,0.0407,0.15027,-0.98779,0.00585,0.70439,-0.0115,-0.70971,-0.00207,50.27,52.85,0.02,0.0733
20:48:47.032,6655.8571,332624,0.208,0.058,30.19,-11.126,0.0898,-0.0063,-1.1042,0.02305,-0.11631,0.00453,1.0103,-0.0146,-0.0105,-0.05875,0.01226,-0.02505,0.04058,0.15025,-0.9878,0.00623,0.7037,-0.01181,-0.7104,-0.00177,50.24,52.86,0.02,0.0722
20:48:47.033,6655.8771,332625,0.317,0.024,30.176,-11.12,0.0898,-0.0012,-1.1028,0.02318,-0.11724,0.0036,1.0093,-0.0117,-0.0081,-0.05822,0.01292,-0.02531,0.04027,0.15024,-0.98781,0.00648,0.70418,-0.01104,-0.70993,-0.00255,50.26,52.86,0.02,0.0729
20:48:47.047,6655.8971,332626,0.16,0.018,30.162,-11.115,0.0959,-0.0012,-1.105,0.02292,-0.11751,0.00346,1.0066,-0.0103,-0.0112,-0.05822,0.01212,-0.02598,0.04066,0.15024,-0.98779,0.00657,0.70349,-0.01064,-0.71062,-0.00295,50.25,52.86,0.02,0.075
20:48:47.092,6655.9171,332627,0.077,-0.014,30.147,-11.11,0.0903,-0.0017,-1.1042,0.02238,-0.11778,0.00373,1.0054,-0.012,-0.0125,-0.05836,0.01279,-0.02558,0.04033,0.15023,-0.98781,0.0068,0.70277,-0.01102,-0.71132,-0.00258,50.25,52.86,0.02,0.0758
20:48:47.093,6655.9371,332628,0.076,-0.019,30.133,-11.104,0.0889,-0.0017,-1.1062,0.02372,-0.11791,0.00306,1.0098,-0.0125,-0.0125,-0.05836,0.01279,-0.02598,0.03993,0.15023,-0.98782,0.00679,0.70249,-0.01196,-0.71159,-0.00163,50.26,52.85,0.02,0.0725
20:48:47.107,6655.9571,332629,0.138,-0.005,30.119,-11.099,0.0916,-0.001,-1.104,0.02158,-0.11791,0.00333,1.0076,-0.0117,-0.0093,-0.05836,0.01199,-0.02478,0.04033,0.15023,-0.98781,0.00674,0.70314,-0.01146,-0.71095,-0.00213,50.25,52.85,0.02,0.0742
20:48:47.137,6655.9771,332630,0.05,-0.026,30.105,-11.094,0.092,-0.0024,-1.0989,0.02332,-0.11844,0.00373,1.0103,-0.0139,-0.0115,-0.05862,0.01266,-0.02611,0.04064,0.15022,-0.98779,0.00699,0.70285,-0.01239,-0.71123,-0.00119,50.25,52.84,0.02,0.0722
20:48:47.152,6655.9971,332631,0.039,0.016,30.09,-11.089,0.0911,0.0,-1.0977,0.02318,-0.11804,0.00426,1.009,-0.009,-0.0122,-0.05875,0.01266,-0.02558,0.04078,0.15024,-0.98779,0.00661,0.70283,-0.01136,-0.71126,-0.00224,50.26,52.87,0.02,0.0732
20:48:47.167,6656.0171,332632,0.089,0.017,30.076,-11.083,0.0945,-0.001,-1.1055,0.02238,-0.11858,0.00346,1.0098,-0.0139,-0.0112,-0.05862,0.01306,-0.02545,0.04117,0.15023,-0.98777,0.00668,0.70343,-0.01195,-0.71067,-0.00163,50.24,52.85,0.02,0.0725
20:48:47.197,6656.0371,332633,0.027,0.052,30.062,-11.078,0.0911,0.001,-1.105,0.02332,-0.11951,0.00293,1.0103,-0.011,-0.0134,-0.05822,0.01306,-0.02491,0.041,0.15025,-0.98778,0.00632,0.70288,-0.01129,-0.71121,-0.00231,50.25,52.85,0.02,0.0722
20:48:47.212,6656.0571,332634,-0.11,0.087,30.047,-11.073,0.0935,0.0015,-1.1089,0.02172,-0.11738,0.00373,1.0103,-0.0107,-0.0161,-0.05902,0.01212,-0.02531,0.04128,0.15026,-0.98777,0.00604,0.70219,-0.01096,-0.7119,-0.00265,50.24,52.85,0.02,0.0721
20:48:47.227,6656.0771,332635,-0.064,0.123,30.033,-11.067,0.0935,0.0017,-1.104,0.02252,-0.12017,0.00426,1.0078,-0.0142,-0.0125,-0.05955,0.01346,-0.02585,0.04158,0.15026,-0.98775,0.00579,0.70267,-0.01176,-0.71142,-0.00183,50.24,52.85,0.02,0.074
20:48:47.272,6656.0971,332636,0.054,0.081,30.019,-11.062,0.0906,-0.0037,-1.1008,0.02252,-0.11858,0.0032,1.0088,-0.0105,-0.0088,-0.05836,0.01292,-0.02611,0.04137,0.15025,-0.98776,0.00613,0.70328,-0.01118,-0.71082,-0.00241,50.26,52.86,0.02,0.0733
20:48:47.273,6656.1171,332637,0.032,0.061,30.005,-11.057,0.0908,-0.0005,-1.1021,0.02252,-0.11778,0.00493,1.009,-0.0166,-0.0127,-0.05796,0.01239,-0.02558,0.04099,0.15024,-0.98778,0.00626,0.7029,-0.01206,-0.71118,-0.00152,50.26,52.85,0.02,0.0731
20:48:47.302,6656.1371,332638,-0.03,0.073,29.99,-11.051,0.0896,0.0007,-1.1052,0.02278,-0.12057,0.004,1.01,-0.0139,-0.0137,-0.05822,0.01346,-0.02571,0.04061,0.15025,-0.9878,0.00608,0.70223,-0.01167,-0.71185,-0.00193,50.26,52.84,0.02,0.0724
20:48:47.303,6656.1571,332639,-0.023,0.036,29.976,-11.046,0.0913,-0.001,-1.1006,0.02158,-0.11698,0.00386,1.0103,-0.0164,-0.0134,-0.05822,0.01292,-0.02598,0.04075,0.15023,-0.98779,0.00645,0.70242,-0.01265,-0.71165,-0.00093,50.25,52.85,0.02,0.0721
20:48:47.332,6656.1771,332640,0.08,-0.003,29.962,-11.041,0.092,-0.0015,-1.1067,0.02305,-0.11871,0.00453,1.0049,-0.0168,-0.012,-0.05822,0.01252,-0.02545,0.04087,0.15021,-0.98778,0.00683,0.70317,-0.01279,-0.7109,-0.00077,50.23,52.85,0.02,0.0762
20:48:47.349,6656.1971,332641,0.16,-0.014,29.948,-11.036,0.0879,-0.0022,-1.1074,0.02238,-0.11831,0.0036,1.0105,-0.0139,-0.0105,-0.05902,0.01319,-0.02598,0.04047,0.15021,-0.9878,0.00685,0.70339,-0.01182,-0.7107,-0.00175,50.26,52.86,0.02,0.072
20:48:47.408,6656.2171,332642,0.024,0.011,29.934,-11.031,0.094,0.0007,-1.1055,0.02358,-0.11818,0.00293,1.0115,-0.0134,-0.0117,-0.05849,0.01239,-0.02531,0.04082,0.15022,-0.98779,0.00667,0.70277,-0.01133,-0.71132,-0.00226,50.26,52.85,0.02,0.0713
20:48:47.409,6656.2371,332643,0.004,0.053,29.92,-11.025,0.0913,-0.0002,-1.1033,0.02305,-0.11898,0.0036,1.0139,-0.0103,-0.0129,-0.05875,0.01372,-0.02585,0.04079,0.15024,-0.98779,0.00627,0.70258,-0.01039,-0.71152,-0.00321,50.26,52.84,0.02,0.0695
20:48:47.410,6656.2571,332644,-0.036,0.023,29.905,-11.02,0.0942,-0.0027,-1.1062,0.02345,-0.11884,0.00466,1.0098,-0.0176,-0.0132,-0.05849,0.01279,-0.02571,0.04103,0.15022,-0.98778,0.00659,0.70254,-0.01141,-0.71155,-0.00218,50.24,52.86,0.02,0.0725
20:48:47.437,6656.2771,332645,0.113,0.011,29.891,-11.015,0.0876,-0.002,-1.1028,0.02318,-0.11898,0.00226,1.0085,-0.0117,-0.0112,-0.05915,0.01306,-0.02531,0.04063,0.15022,-0.98779,0.00664,0.70319,-0.01091,-0.71091,-0.00267,50.25,52.85,0.02,0.0735
20:48:47.452,6656.2971,332646,0.05,-0.032,29.877,-11.01,0.0918,-0.0032,-1.106,0.02225,-0.11791,0.00386,1.009,-0.0127,-0.0115,-0.05836,0.01359,-0.02571,0.04066,0.15021,-0.98779,0.00704,0.70287,-0.01184,-0.71122,-0.00174,50.25,52.85,0.02,0.0731
20:48:47.467,6656.3171,332647,0.129,-0.054,29.863,-11.005,0.094,-0.0032,-1.1064,0.02451,-0.11964,0.00266,1.0098,-0.0142,-0.0088,-0.05889,0.01372,-0.02638,0.04096,0.15021,-0.98778,0.00729,0.7036,-0.0118,-0.7105,-0.00177,50.25,52.86,0.02,0.0725
20:48:47.512,6656.3371,332648,0.029,-0.014,29.849,-10.999,0.0901,0.0017,-1.1025,0.02292,-0.11791,0.00306,1.0078,-0.0144,-0.0122,-0.05849,0.01306,-0.02545,0.04085,0.15022,-0.98778,0.00691,0.70285,-0.01188,-0.71123,-0.0017,50.24,52.87,0.02,0.074
20:48:47.513,6656.3571,332649,0.166,-0.048,29.835,-10.994,0.0896,-0.0039,-1.1047,0.02332,-0.11831,0.00266,1.0098,-0.0122,-0.0088,-0.05862,0.01359,-0.02598,0.04054,0.15021,-0.9878,0.00716,0.70351,-0.01143,-0.71059,-0.00215,50.26,52.86,0.02,0.0726
20:48:47.527,6656.3771,332650,0.156,-0.035,29.821,-10.989,0.0869,-0.0007,-1.1023,0.02238,-0.11844,0.004,1.0071,-0.0093,-0.0115,-0.05822,0.01292,-0.02585,0.04019,0.15022,-0.98781,0.00697,0.70319,-0.01049,-0.71092,-0.0031,50.25,52.87,0.02,0.0746
20:48:47.557,6656.3971,332651,0.201,0.007,29.807,-10.984,0.0889,0.0005,-1.1045,0.02252,-0.11818,0.00413,1.0049,-0.0137,-0.0107,-0.05889,0.01266,-0.02531,0.04004,0.15023,-0.98782,0.0066,0.70332,-0.01154,-0.71078,-0.00203,50.26,52.86,0.02,0.0762
20:48:47.573,6656.4171,332652,0.108,-0.034,29.793,-10.979,0.0894,-0.0017,-1.1028,0.02292,-0.11844,0.00333,1.0103,-0.0142,-0.0137,-0.05875,0.01306,-0.02598,0.0398,0.15022,-0.98783,0.00692,0.7026,-0.01173,-0.71148,-0.00186,50.25,52.86,0.02,0.0721
20:48:47.587,6656.4371,332653,-0.027,0.006,29.779,-10.973,0.0918,0.0042,-1.1062,0.02358,-0.11791,0.00306,1.0066,-0.0134,-0.0146,-0.05836,0.01332,-0.02585,0.03999,0.15023,-0.98782,0.00656,0.70186,-0.01153,-0.71221,-0.00207,50.26,52.86,0.02,0.0749
20:48:47.647,6656.4571,332654,0.045,0.036,29.765,-10.968,0.0935,0.0015,-1.1086,0.02278,-0.11951,0.00293,1.0063,-0.0156,-0.0117,-0.05809,0.01226,-0.02638,0.04034,0.15024,-0.98781,0.00638,0.70254,-0.012,-0.71154,-0.00159,50.24,52.86,0.02,0.0751
20:48:47.650,6656.4771,332655,0.066,-0.011,29.751,-10.963,0.0906,-0.0015,-1.1084,0.02305,-0.11911,0.0036,1.0115,-0.0085,-0.0125,-0.05769,0.01319,-0.02598,0.04022,0.15023,-0.98781,0.00676,0.70262,-0.011,-0.71148,-0.00259,50.26,52.86,0.02,0.0713
20:48:47.651,6656.4971,332656,-0.054,0.032,29.737,-10.958,0.0911,0.0005,-1.1057,0.02318,-0.11751,0.0044,1.0076,-0.0132,-0.0144,-0.05902,0.01306,-0.02518,0.04041,0.15024,-0.9878,0.00641,0.70197,-0.01153,-0.71211,-0.00207,50.26,52.84,0.02,0.0742
20:48:47.677,6656.5171,332657,0.034,-0.005,29.723,-10.953,0.0918,-0.0024,-1.1045,0.02398,-0.11804,0.0036,1.0081,-0.011,-0.0098,-0.05822,0.01319,-0.02531,0.04057,0.15023,-0.9878,0.00677,0.70267,-0.01117,-0.71142,-0.00242,50.26,52.84,0.02,0.0738
20:48:47.692,6656.5371,332658,-0.066,-0.051,29.709,-10.948,0.0911,-0.0027,-1.105,0.02372,-0.11858,0.0024,1.0071,-0.0142,-0.0146,-0.05875,0.01332,-0.02558,0.04051,0.15021,-0.9878,0.00716,0.70205,-0.01175,-0.71203,-0.00184,50.26,52.87,0.02,0.0745
20:48:47.707,6656.5571,332659,-0.05,-0.008,29.695,-10.943,0.0923,0.0015,-1.1111,0.02332,-0.11898,0.00386,1.0071,-0.0129,-0.0142,-0.05796,0.01306,-0.02611,0.04064,0.15023,-0.98779,0.00679,0.7022,-0.01072,-0.7119,-0.00288,50.27,52.86,0.02,0.0745
20:48:47.752,6656.5771,332660,-0.214,-0.017,29.681,-10.937,0.0947,-0.002,-1.0959,0.02278,-0.11911,0.00346,1.0085,-0.011,-0.0144,-0.05782,0.01239,-0.02571,0.04102,0.15022,-0.98778,0.00691,0.70146,-0.01064,-0.71262,-0.00297,50.26,52.85,0.02,0.0735
20:48:47.753,6656.5971,332661,-0.194,-0.015,29.667,-10.932,0.0938,-0.0015,-1.1069,0.02132,-0.11804,0.00413,1.0117,-0.0168,-0.0132,-0.05849,0.01319,-0.02625,0.04141,0.15022,-0.98776,0.00698,0.70187,-0.01146,-0.71221,-0.00213,50.26,52.86,0.02,0.0711
20:48:47.769,6656.6171,332662,-0.029,-0.009,29.653,-10.927,0.0886,-0.001,-1.1116,0.02278,-0.11764,0.00253,1.0078,-0.0129,-0.0127,-0.05875,0.01252,-0.02505,0.04102,0.15022,-0.98778,0.00688,0.70261,-0.01136,-0.71148,-0.00222,50.25,52.84,0.02,0.074
20:48:47.798,6656.6371,332663,-0.069,0.027,29.639,-10.922,0.0942,0.0007,-1.1077,0.02238,-0.11884,0.00293,1.0083,-0.0149,-0.0129,-0.05796,0.01266,-0.02491,0.04133,0.15023,-0.98776,0.00662,0.70255,-0.0124,-0.71153,-0.00118,50.25,52.86,0.02,0.0736
20:48:47.812,6656.6571,332664,-0.079,0.05,29.625,-10.917,0.0928,-0.0005,-1.1099,0.02278,-0.11738,0.00306,1.0117,-0.0122,-0.0142,-0.05822,0.01306,-0.02558,0.04103,0.15024,-0.98778,0.00635,0.70225,-0.01149,-0.71183,-0.0021,50.25,52.86,0.02,0.0711
20:48:47.827,6656.6771,332665,0.043,0.097,29.612,-10.912,0.0918,0.0017,-1.1045,0.02358,-0.11844,0.00346,1.0093,-0.0129,-0.0098,-0.05836,0.01279,-0.02531,0.04106,0.15026,-0.98778,0.00595,0.70298,-0.01141,-0.71111,-0.00217,50.25,52.87,0.02,0.0729
20:48:47.873,6656.6971,332666,0.021,0.102,29.598,-10.907,0.0884,0.0012,-1.1023,0.02398,-0.11951,0.00426,1.009,-0.0115,-0.0125,-0.05902,0.01226,-0.02611,0.04068,0.15027,-0.98779,0.00582,0.70256,-0.01057,-0.71154,-0.00302,50.25,52.85,0.02,0.0731
20:48:47.875,6656.7171,332667,0.105,0.13,29.584,-10.901,0.0947,0.0034,-1.1045,0.02238,-0.11844,0.00386,1.0063,-0.011,-0.0083,-0.05889,0.01239,-0.02611,0.04104,0.15027,-0.98778,0.00565,0.70332,-0.01062,-0.71079,-0.00297,50.26,52.85,0.02,0.0752
20:48:47.887,6656.7371,332668,0.076,0.087,29.57,-10.896,0.092,-0.0005,-1.1038,0.02185,-0.11791,0.00373,1.01,-0.0142,-0.0112,-0.05769,0.01359,-0.02571,0.04105,0.15026,-0.98778,0.00605,0.70319,-0.01163,-0.7109,-0.00195,50.25,52.87,0.02,0.0724
20:48:47.917,6656.7571,332669,-0.034,0.12,29.556,-10.891,0.0933,0.0022,-1.1052,0.02292,-0.11791,0.00346,1.0046,-0.0103,-0.0132,-0.05875,0.01279,-0.02585,0.04134,0.15027,-0.98776,0.00577,0.70268,-0.01084,-0.71142,-0.00276,50.27,52.86,0.02,0.0764
20:48:47.932,6656.7771,332670,0.062,0.101,29.542,-10.886,0.0879,-0.0015,-1.1069,0.02345,-0.11884,0.00373,1.0042,-0.0176,-0.0103,-0.05809,0.01266,-0.02505,0.04096,0.15026,-0.98778,0.00591,0.70303,-0.01179,-0.71106,-0.00179,50.26,52.84,0.02,0.0767
20:48:47.947,6656.7971,332671,0.16,0.095,29.529,-10.881,0.106,0.0,-1.093,0.02705,-0.12217,0.00746,1.0073,-0.0146,-0.0024,-0.05929,0.02891,-0.02931,0.0413,0.15022,-0.98777,0.00602,0.70389,-0.0118,-0.71021,-0.00179,50.25,52.86,0.02,0.0744
20:48:47.978,6656.8171,332672,0.16,0.102,29.515,-10.876,0.0793,0.0029,-1.1077,0.02078,-0.1736,0.07115,1.0056,-0.0139,-0.0098,-0.05915,0.02105,-0.02611,0.04038,0.14956,-0.98791,0.00582,0.70321,-0.01154,-0.71088,-0.00207,50.25,52.86,0.02,0.0757
20:48:47.992,6656.8371,332673,0.036,0.107,29.501,-10.871,0.0945,0.001,-1.104,0.02172,-0.12004,0.03691,1.0088,-0.0171,-0.0137,-0.05902,0.01572,-0.02558,0.04075,0.14923,-0.98794,0.00584,0.70271,-0.01228,-0.71137,-0.00134,50.25,52.85,0.02,0.0732
20:48:48.007,6656.8571,332674,0.092,0.115,29.488,-10.866,0.1023,0.0024,-1.1091,0.02212,-0.13003,0.0389,1.0117,-0.0093,-0.0081,-0.05836,0.01772,-0.02625,0.04103,0.14888,-0.98799,0.00583,0.70325,-0.01156,-0.71084,-0.00206,50.24,52.86,0.02,0.0712
20:48:48.037,6656.8771,332675,0.211,0.145,29.474,-10.86,0.0906,0.0029,-1.1069,0.02771,-0.13683,0.08354,1.0093,-0.0125,-0.0105,-0.05902,0.01745,-0.02598,0.04067,0.14811,-0.98812,0.00552,0.7037,-0.0107,-0.71041,-0.00292,50.25,52.85,0.02,0.0729
20:48:48.052,6656.8971,332676,0.327,0.123,29.46,-10.855,0.0613,-0.0059,-1.0969,0.03344,-0.12444,0.05849,1.0054,-0.0134,-0.0088,-0.05995,0.02118,-0.02838,0.04019,0.14757,-0.98822,0.00567,0.7041,-0.01164,-0.71,-0.00199,50.25,52.86,0.02,0.0759
20:48:48.067,6656.9171,332677,0.422,0.142,29.447,-10.85,0.0505,-0.0164,-1.1116,-0.00826,-0.07115,-0.01665,1.0061,-0.0107,0.0034,-0.05875,0.00107,-0.02158,0.04031,0.14775,-0.98819,0.00553,0.70476,-0.01148,-0.70935,-0.00215,50.25,52.86,0.02,0.0754
20:48:48.098,6656.9371,332678,-0.097,0.165,29.433,-10.845,0.114,0.0085,-1.094,0.01745,0.11111,-0.14202,1.0115,-0.0176,-0.0405,-0.05569,-0.07314,-0.00893,0.04299,0.14918,-0.98786,0.0057,0.70344,-0.01168,-0.71065,-0.00191,50.25,52.85,0.02,0.0707
20:48:48.112,6656.9571,332679,-0.341,0.182,29.419,-10.84,0.0764,0.0007,-1.1084,0.00853,0.26753,-0.0425,1.0093,-0.012,-0.0059,-0.05849,0.0461,-0.03611,0.04642,0.1496,-0.98764,0.00607,0.70438,-0.01131,-0.70973,-0.00228,50.25,52.84,0.02,0.073
20:48:48.127,6656.9771,332680,-0.754,0.202,29.405,-10.835,0.0979,0.0034,-1.093,0.01532,0.19518,-0.10232,1.0144,-0.0139,-0.0117,-0.05836,0.02318,-0.03224,0.04917,0.15064,-0.98735,0.00625,0.70377,-0.01145,-0.71033,-0.00215,50.25,52.84,0.02,0.0691
20:48:48.159,6656.9971,332681,-1.175,0.282,29.391,-10.83,0.1211,0.012,-1.1274,-0.02025,0.09726,-0.08327,1.0107,-0.0137,-0.0154,-0.05862,-0.00999,-0.02385,0.05168,0.15147,-0.98709,0.00587,0.70289,-0.01153,-0.7112,-0.00207,50.24,52.86,0.02,0.0718
20:48:48.172,6657.0171,332682,-1.836,0.372,29.377,-10.824,-0.0598,0.0652,-1.0762,-0.0425,0.3893,0.07155,1.0063,-0.0125,-0.0161,-0.05809,0.01039,-0.02505,0.05644,0.15074,-0.98694,0.00583,0.70213,-0.01139,-0.71196,-0.00222,50.25,52.86,0.0201,0.0751
20:48:48.188,6657.0371,332683,-2.566,0.499,29.362,-10.819,0.2302,-0.1125,-1.2734,-0.11644,0.59341,-0.10245,1.0259,-0.0088,0.0398,-0.05729,0.02691,-0.02705,0.06385,0.15164,-0.98635,0.00582,0.70282,-0.01132,-0.71127,-0.00227,50.26,52.85,0.02,0.06
20:48:48.217,6657.0571,332684,-3.334,0.562,29.347,-10.814,0.1711,0.0366,-1.1069,-0.00986,0.57716,-0.27299,1.0205,-0.0234,-0.0042,-0.05782,-0.00027,-0.02238,0.0711,0.15432,-0.98544,0.00615,0.70321,-0.01194,-0.71088,-0.00163,50.25,52.84,0.02,0.0644
20:48:48.232,6657.0771,332685,-3.573,0.526,29.331,-10.809,0.2837,-0.0159,-1.0923,0.0493,0.1287,0.23236,1.0183,0.0059,0.0137,-0.05836,0.00839,-0.02398,0.07384,0.15206,-0.98558,0.00709,0.70375,-0.01147,-0.71035,-0.00209,50.25,52.86,0.02,0.0662
20:48:48.247,6657.0971,332686,-4.006,0.397,29.316,-10.803,0.2275,-0.0271,-1.0078,0.0906,0.05836,0.50748,1.0042,-0.0081,-0.0376,-0.05836,0.01612,-0.02638,0.07633,0.14709,-0.98613,0.009,0.70301,-0.01134,-0.71109,-0.00224,50.24,52.86,0.0549,0.0763
20:48:48.277,6657.1171,332687,-4.574,0.641,29.3,-10.798,0.0906,-0.051,-1.1494,-0.20304,0.52986,0.48709,1.0042,-0.0142,-0.0059,-0.05875,0.02278,-0.02864,0.08264,0.14207,-0.98637,0.00826,0.70384,-0.01149,-0.71026,-0.00208,50.24,52.84,0.02,0.0768
20:48:48.294,6657.1371,332688,-4.956,0.85,29.284,-10.793,0.1008,0.0066,-1.1426,-0.14575,0.36079,0.57982,1.0083,-0.0037,0.0454,-0.05822,0.01146,-0.02491,0.08717,0.13621,-0.98681,0.0077,0.70456,-0.01135,-0.70955,-0.00221,50.25,52.86,0.02,0.073
20:48:48.307,6657.1571,332689,-5.175,0.868,29.268,-10.787,0.2754,0.0449,-1.1331,0.03451,0.11311,0.22596,0.9646,0.0076,0.0637,-0.05796,0.01239,-0.02665,0.08979,0.13401,-0.98687,0.0082,0.70509,-0.01119,-0.70903,-0.00236,50.25,52.85,0.02,0.055
20:48:48.337,6657.1771,332690,-5.138,0.589,29.252,-10.782,0.2729,-0.0205,-1.0884,0.24794,-0.27845,-0.0433,1.0159,-0.0103,-0.0198,-0.05796,0.02491,-0.02878,0.08824,0.13467,-0.9869,0.01036,0.7045,-0.01106,-0.70962,-0.00249,50.25,52.85,0.02,0.0679
20:48:48.354,6657.1971,332691,-4.899,0.288,29.237,-10.777,0.197,-0.0593,-1.2002,0.23169,-0.41488,0.07821,1.0115,-0.0151,-0.0129,-0.05862,0.01625,-0.02598,0.08486,0.13411,-0.98725,0.01245,0.70385,-0.01143,-0.71025,-0.00214,50.26,52.86,0.02,0.0712
20:48:48.367,6657.2171,332692,-4.521,-0.041,29.221,-10.772,0.1384,-0.0356,-1.228,0.29098,-0.429,0.28711,1.0015,-0.0103,-0.0093,-0.05836,0.01372,-0.02478,0.08102,0.13155,-0.98788,0.01503,0.7038,-0.01032,-0.71031,-0.00326,50.25,52.86,0.02,0.0788
20:48:48.399,6657.2371,332693,-4.517,-0.45,29.205,-10.767,0.1895,0.0168,-1.1865,0.40675,-0.21837,0.10325,1.0085,-0.0125,-0.0129,-0.05849,0.01346,-0.02545,0.07945,0.13092,-0.98803,0.01838,0.70315,-0.0108,-0.71096,-0.00278,50.24,52.88,0.02,0.0735
20:48:48.412,6657.2571,332694,-4.815,-0.804,29.19,-10.763,0.1592,0.0269,-1.1475,0.36465,0.16387,-0.27739,1.0095,-0.0151,-0.011,-0.05796,0.01359,-0.02531,0.08167,0.13395,-0.98738,0.02154,0.70322,-0.01181,-0.71087,-0.00175,50.25,52.88,0.02,0.0727
20:48:48.457,6657.2771,332695,-5.106,-1.083,29.174,-10.758,0.115,0.0083,-1.1277,0.28898,0.07088,-0.16574,1.01,-0.0117,-0.0149,-0.05822,0.01319,-0.02571,0.08287,0.13581,-0.98697,0.02408,0.70256,-0.01139,-0.71153,-0.00219,50.26,52.85,0.02,0.0724
20:48:48.458,6657.2971,332696,-5.067,-1.26,29.158,-10.754,0.0735,-0.0239,-1.1724,0.18839,-0.05156,-0.13923,1.0088,-0.0115,-0.012,-0.05796,0.01226,-0.02611,0.08295,0.13735,-0.98671,0.02561,0.70304,-0.0106,-0.71106,-0.00298,50.26,52.87,0.02,0.0733
20:48:48.472,6657.3171,332697,-5.086,-1.402,29.142,-10.749,0.1567,-0.062,-1.1548,0.11298,-0.07701,-0.0834,1.009,-0.0132,-0.0117,-0.05836,0.01239,-0.02585,0.08289,0.13825,-0.98656,0.02666,0.70298,-0.01163,-0.71111,-0.00195,50.25,52.85,0.02,0.0731
20:48:48.487,6657.3371,332698,-5.143,-1.5,29.126,-10.745,0.2422,-0.0405,-1.1348,0.09673,-0.21184,0.07061,1.0054,-0.0151,-0.0154,-0.05875,0.01292,-0.02585,0.08222,0.13767,-0.98668,0.02743,0.70225,-0.01192,-0.71183,-0.00166,50.26,52.85,0.02,0.0758
20:48:48.517,6657.3571,332699,-5.106,-1.507,29.111,-10.741,0.2756,0.0032,-1.1067,0.05489,-0.11684,0.07767,1.009,-0.01,-0.0107,-0.05836,0.01199,-0.02478,0.08254,0.13698,-0.98674,0.02769,0.70276,-0.01118,-0.71134,-0.0024,50.26,52.85,0.02,0.0732
20:48:48.547,6657.3771,332700,-5.511,-1.376,29.095,-10.737,0.1885,-0.0146,-1.1218,-0.05582,0.20078,-0.3432,1.0076,-0.0164,-0.0139,-0.05875,0.01292,-0.02478,0.08585,0.14028,-0.98602,0.02667,0.7024,-0.0121,-0.71168,-0.00148,50.26,52.86,0.02,0.0741
20:48:48.549,6657.3971,332701,-5.83,-1.224,29.079,-10.732,0.1182,-0.0173,-1.1309,-0.08474,0.19665,-0.39103,1.0081,-0.0117,-0.0134,-0.05849,0.01146,-0.02451,0.08883,0.144,-0.98525,0.02559,0.70239,-0.01106,-0.7117,-0.00253,50.27,52.86,0.02,0.0738
20:48:48.578,6657.4171,332702,-5.954,-1.325,29.062,-10.728,0.2185,-0.0415,-1.1052,0.07234,-0.01306,-0.14709,1.0127,-0.0156,-0.0129,-0.05769,0.01172,-0.02531,0.09007,0.14547,-0.9849,0.02641,0.70255,-0.01202,-0.71153,-0.00155,50.25,52.85,0.02,0.0703
20:48:48.592,6657.4371,332703,-6.197,-1.434,29.046,-10.724,0.2339,-0.0447,-1.1082,0.11125,0.11804,-0.01359,1.0098,-0.012,-0.0115,-0.05809,0.01159,-0.02531,0.09256,0.14564,-0.9846,0.02786,0.70298,-0.01119,-0.71112,-0.00238,50.24,52.85,0.02,0.0725
20:48:48.609,6657.4571,332704,-6.48,-1.562,29.03,-10.719,0.1299,-0.02,-1.0601,0.15428,0.26939,-0.13803,1.0098,-0.0112,-0.0103,-0.05849,0.01226,-0.02478,0.09568,0.14706,-0.98405,0.02943,0.7036,-0.01065,-0.71051,-0.00293,50.25,52.85,0.0288,0.0726
20:48:48.637,6657.4771,332705,-6.567,-1.567,29.014,-10.715,0.0796,0.0234,-1.052,0.04197,0.02172,-0.23942,1.0095,-0.0154,-0.0103,-0.05769,0.01252,-0.02531,0.09645,0.14946,-0.98362,0.02919,0.70353,-0.01167,-0.71057,-0.0019,50.27,52.86,0.0386,0.0727
20:48:48.652,6657.4971,332706,-6.786,-1.234,28.997,-10.711,0.2429,-0.0088,-0.998,-0.19905,-0.05969,-0.48669,1.0081,-0.012,-0.0105,-0.05822,0.01226,-0.02478,0.0986,0.1541,-0.98277,0.02625,0.70334,-0.01066,-0.71077,-0.00292,50.26,52.86,0.0596,0.0738
20:48:48.697,6657.5171,332707,-6.927,-0.792,28.981,-10.706,0.2739,-0.0366,-1.0154,-0.3945,-0.07474,-0.55824,1.0088,-0.0149,-0.0107,-0.05849,0.01372,-0.02545,0.10054,0.15917,-0.98187,0.02195,0.70335,-0.01169,-0.71075,-0.00188,50.27,52.85,0.0408,0.0733
20:48:48.700,6657.5371,332708,-7.076,-0.425,28.964,-10.702,0.2078,-0.0693,-1.053,-0.34813,-0.08021,-0.28005,1.0076,-0.0159,-0.0139,-0.05849,0.01239,-0.02531,0.1014,0.16152,-0.98147,0.01851,0.70266,-0.01213,-0.71142,-0.00145,50.26,52.86,0.0233,0.0741
20:48:48.714,6657.5571,332709,-7.145,-0.258,28.948,-10.697,0.1746,-0.0637,-1.042,-0.16667,-0.0846,-0.03331,1.0056,-0.0117,-0.0144,-0.05796,0.01252,-0.02505,0.10153,0.16163,-0.98146,0.01718,0.7022,-0.01129,-0.71189,-0.00231,50.26,52.86,0.0362,0.0757
20:48:48.727,6657.5771,332710,-6.959,-0.249,28.931,-10.692,0.1885,-0.0588,-1.0608,-0.0048,-0.33294,0.19119,1.0056,-0.0093,-0.0161,-0.05769,0.01186,-0.02571,0.09918,0.15977,-0.98201,0.01707,0.70168,-0.01052,-0.71241,-0.00309,50.26,52.84,0.0207,0.0757
20:48:48.757,6657.5971,332711,-6.491,-0.303,28.915,-10.687,0.2139,0.0195,-1.0737,0.10285,-0.44086,0.20424,1.0073,-0.0149,-0.0122,-0.05902,0.01252,-0.02545,0.09581,0.15797,-0.98264,0.01714,0.70221,-0.01124,-0.71187,-0.00235,50.25,52.84,0.02,0.0744
20:48:48.772,6657.6171,332712,-6.387,-0.37,28.899,-10.683,0.2585,0.0076,-1.0635,0.08567,-0.14749,-0.13257,1.0083,-0.0134,-0.0122,-0.05836,0.01252,-0.02558,0.09583,0.15937,-0.9824,0.01755,0.70291,-0.01158,-0.71118,-0.002,50.25,52.85,0.02,0.0737
20:48:48.818,6657.6371,332713,-6.694,-0.453,28.882,-10.678,0.2407,-0.0078,-1.0652,0.07647,0.03491,-0.18519,1.0095,-0.0168,-0.0146,-0.05782,0.01226,-0.02478,0.09766,0.16124,-0.9819,0.01825,0.70236,-0.01225,-0.71171,-0.00133,50.24,52.86,0.02,0.0727
20:48:48.820,6657.6571,332714,-6.94,-0.521,28.866,-10.673,0.2312,-0.0095,-1.0803,0.07501,-0.00866,-0.06781,1.0095,-0.0117,-0.0159,-0.05836,0.01292,-0.02558,0.099,0.16196,-0.98163,0.01906,0.70187,-0.0115,-0.71221,-0.0021,50.25,52.85,0.02,0.0727
20:48:48.832,6657.6771,332715,-6.936,-0.549,28.85,-10.669,0.2361,-0.0015,-1.0891,0.04503,-0.12231,0.04783,1.0103,-0.0161,-0.0142,-0.05889,0.01212,-0.02585,0.0993,0.16155,-0.98167,0.01924,0.70211,-0.01245,-0.71195,-0.00113,50.26,52.86,0.02,0.0721
20:48:48.862,6657.6971,332716,-6.806,-0.546,28.833,-10.664,0.2446,-0.0081,-1.125,0.03118,-0.21224,0.13163,1.0085,-0.0105,-0.0115,-0.05849,0.01159,-0.02585,0.09871,0.16031,-0.98193,0.01941,0.70253,-0.01159,-0.71155,-0.00199,50.25,52.86,0.02,0.0735
20:48:48.863,6657.7171,332717,-6.872,-0.539,28.817,-10.659,0.2405,-0.0002,-1.1118,0.0473,-0.15681,0.07288,1.0071,-0.0127,-0.0134,-0.05915,0.01212,-0.02465,0.09865,0.15968,-0.98203,0.01953,0.7021,-0.01074,-0.71199,-0.00286,50.24,52.86,0.02,0.0745
20:48:48.892,6657.7371,332718,-6.951,-0.498,28.801,-10.655,0.2253,0.01,-1.0806,0.00973,-0.0024,-0.11471,1.0042,-0.0144,-0.0127,-0.05889,0.01252,-0.02505,0.09999,0.16084,-0.98172,0.0191,0.70251,-0.01165,-0.71158,-0.00193,50.27,52.85,0.02,0.0767
20:48:48.922,6657.7571,332719,-7.251,-0.452,28.784,-10.65,0.2292,-0.0146,-1.0784,-0.06981,0.10592,-0.24834,1.0156,-0.0142,-0.0132,-0.05875,0.01292,-0.02545,0.10256,0.16314,-0.98108,0.01866,0.7024,-0.0126,-0.71167,-0.00097,50.25,52.87,0.02,0.0682
20:48:48.923,6657.7771,332720,-7.532,-0.325,28.768,-10.645,0.2146,-0.0264,-1.0911,-0.11551,0.06368,-0.18413,1.01,-0.0139,-0.0159,-0.05862,0.01266,-0.02545,0.10432,0.16477,-0.98064,0.01768,0.70181,-0.01201,-0.71226,-0.00158,50.27,52.85,0.02,0.0723
20:48:48.952,6657.7971,332721,-7.493,-0.174,28.751,-10.64,0.197,-0.0483,-1.1279,-0.12657,-0.03824,-0.04783,1.0059,-0.0122,-0.0122,-0.05809,0.01279,-0.02545,0.10504,0.16508,-0.98053,0.01654,0.70245,-0.01144,-0.71163,-0.00215,50.26,52.86,0.02,0.0755
20:48:48.967,6657.8171,332722,-7.272,-0.081,28.735,-10.636,0.179,-0.0186,-1.1204,-0.06781,-0.1696,0.06062,1.0061,-0.0132,-0.012,-0.05836,0.01266,-0.02545,0.10429,0.16443,-0.98073,0.01568,0.70321,-0.0115,-0.71088,-0.00208,50.26,52.85,0.02,0.0753
20:48:48.997,6657.8371,332723,-6.952,-0.037,28.718,-10.631,0.2031,0.0254,-1.0706,0.01013,-0.27206,0.07634,1.011,-0.0149,-0.0081,-0.05809,0.01292,-0.02558,0.10253,0.16376,-0.98104,0.01508,0.70389,-0.01183,-0.71021,-0.00174,50.24,52.86,0.02,0.0716
20:48:49.012,6657.8571,332724,-6.938,0.052,28.702,-10.626,0.2385,0.0188,-1.0908,-0.0056,-0.20837,-0.06582,1.0073,-0.0117,-0.0103,-0.05875,0.01239,-0.02545,0.10196,0.16445,-0.981,0.01428,0.70349,-0.01095,-0.71062,-0.00263,50.26,52.85,0.02,0.0744
20:48:49.042,6657.8771,332725,-7.13,0.104,28.686,-10.621,0.2405,0.0056,-1.0989,-0.03691,-0.07194,-0.14296,1.0105,-0.0142,-0.0125,-0.05849,0.01319,-0.02545,0.10291,0.16581,-0.98068,0.01371,0.70292,-0.01158,-0.71117,-0.002,50.24,52.85,0.02,0.072
20:48:49.043,6657.8971,332726,-7.203,0.163,28.669,-10.616,0.2048,-0.0181,-1.1292,-0.04037,-0.06608,-0.05369,1.0151,-0.0115,-0.0127,-0.05809,0.01279,-0.02558,0.10319,0.16628,-0.98057,0.01331,0.70262,-0.01071,-0.71148,-0.00288,50.25,52.83,0.02,0.0686
20:48:49.074,6657.9171,332727,-7.081,0.135,28.653,-10.611,0.1929,-0.012,-1.1211,0.02158,-0.10658,0.05969,1.009,-0.0122,-0.0117,-0.05915,0.01279,-0.02611,0.10292,0.16572,-0.9807,0.01349,0.70321,-0.01133,-0.71089,-0.00225,50.25,52.85,0.02,0.0731
20:48:49.103,6657.9371,332728,-7.044,0.078,28.637,-10.606,0.2026,0.0,-1.1104,0.07008,-0.20624,0.09526,1.011,-0.011,-0.0149,-0.05875,0.01332,-0.02611,0.10157,0.16487,-0.98097,0.01394,0.70252,-0.01101,-0.71157,-0.00258,50.26,52.86,0.02,0.0716
20:48:49.104,6657.9571,332729,-7.004,0.049,28.621,-10.602,0.2307,0.0181,-1.0771,0.06915,-0.22716,0.00826,1.0039,-0.0129,-0.0134,-0.05929,0.01252,-0.02518,0.10067,0.16492,-0.98106,0.01391,0.70213,-0.01195,-0.71194,-0.00164,50.26,52.87,0.02,0.0769
20:48:49.132,6657.9771,332730,-6.899,0.133,28.605,-10.597,0.2307,0.0164,-1.0947,-0.00573,-0.13976,-0.11871,1.0098,-0.012,-0.011,-0.05929,0.01172,-0.02585,0.10075,0.16613,-0.98086,0.01314,0.70276,-0.01142,-0.71133,-0.00216,50.27,52.86,0.02,0.0726
20:48:49.177,6657.9971,332731,-7.046,0.175,28.588,-10.592,0.2173,-0.0093,-1.1104,-0.03997,-0.05955,-0.0934,1.0083,-0.01,-0.0161,-0.05796,0.01266,-0.02531,0.10117,0.16698,-0.98067,0.01282,0.70212,-0.01091,-0.71197,-0.00268,50.26,52.85,0.02,0.0736
20:48:49.178,6658.0171,332732,-7.158,0.2,28.572,-10.587,0.1785,-0.02,-1.1013,-0.01612,-0.087,0.01212,1.0081,-0.0115,-0.0144,-0.05875,0.01199,-0.02598,0.10117,0.16684,-0.9807,0.01264,0.7014,-0.01065,-0.71268,-0.00296,50.25,52.84,0.02,0.0738
20:48:49.192,6658.0371,332733,-6.865,0.173,28.556,-10.582,0.2114,-0.011,-1.1079,0.01585,-0.24861,0.11591,1.0061,-0.0127,-0.0127,-0.05889,0.01292,-0.02611,0.09959,0.16572,-0.98105,0.01273,0.70211,-0.01102,-0.71198,-0.00257,50.25,52.85,0.02,0.0753
20:48:49.209,6658.0571,332734,-6.822,0.129,28.54,-10.577,0.2444,-0.0027,-1.0979,0.03557,-0.27192,0.08127,1.0083,-0.0129,-0.0151,-0.05836,0.01279,-0.02558,0.09835,0.16496,-0.9813,0.01292,0.70152,-0.01166,-0.71255,-0.00194,50.25,52.84,0.02,0.0736
20:48:49.238,6658.0771,332735,-6.653,0.12,28.524,-10.572,0.2454,0.0049,-1.1108,0.02984,-0.20158,0.08833,1.0088,-0.0132,-0.0132,-0.05836,0.01359,-0.02585,0.09788,0.16413,-0.98148,0.01306,0.70226,-0.01151,-0.71183,-0.00208,50.25,52.85,0.02,0.0733
20:48:49.253,6658.0971,332736,-6.603,0.148,28.508,-10.567,0.2146,-0.0022,-1.1228,-0.01532,-0.08287,0.04223,1.0107,-0.0105,-0.0127,-0.05862,0.01266,-0.02585,0.09796,0.16369,-0.98155,0.013,0.7026,-0.01062,-0.7115,-0.00298,50.25,52.87,0.02,0.0719
20:48:49.297,6658.1171,332737,-6.942,0.197,28.492,-10.563,0.1692,-0.0347,-1.1521,-0.0465,0.10632,-0.05662,1.009,-0.0107,-0.0137,-0.05902,0.01319,-0.02558,0.09992,0.16417,-0.98128,0.0128,0.70187,-0.01056,-0.71222,-0.00304,50.25,52.86,0.02,0.0731
20:48:49.300,6658.1371,332738,-7.429,0.181,28.476,-10.558,0.1721,0.0237,-1.1147,0.02265,0.40862,-0.00533,1.011,-0.0144,-0.0127,-0.05862,0.01292,-0.02611,0.10473,0.16421,-0.98076,0.01348,0.70233,-0.01133,-0.71176,-0.00225,50.27,52.85,0.02,0.0716
20:48:49.312,6658.1571,332739,-8.228,0.213,28.459,-10.553,0.2302,0.0339,-1.0884,0.03331,0.60434,-0.06742,1.0081,-0.0103,-0.0132,-0.05875,0.01292,-0.02571,0.11183,0.16486,-0.97985,0.0143,0.70248,-0.01031,-0.71163,-0.00328,50.25,52.85,0.02,0.0738
20:48:49.327,6658.1771,332740,-9.103,0.207,28.442,-10.548,0.3269,0.0386,-1.1187,0.00679,0.67348,0.01079,1.0127,-0.0164,-0.0093,-0.05796,0.01319,-0.02518,0.11999,0.16467,-0.9789,0.01537,0.70294,-0.01106,-0.71116,-0.00253,50.24,52.86,0.02,0.0703
20:48:49.357,6658.1971,332741,-10.539,0.281,28.425,-10.543,0.3962,0.1001,-1.1299,-0.03904,1.00243,0.20318,1.0056,-0.0105,-0.0144,-0.05836,0.01239,-0.02585,0.13137,0.16249,-0.97778,0.01667,0.70223,-0.01066,-0.71186,-0.00294,50.23,52.86,0.02,0.0757
20:48:49.402,6658.2171,332742,-12.714,0.434,28.406,-10.538,0.3877,0.0029,-1.1799,-0.13963,1.82887,0.168,1.0085,-0.01,-0.0125,-0.05849,0.01279,-0.02558,0.15103,0.16033,-0.97526,0.01857,0.7029,-0.01021,-0.71121,-0.00338,50.25,52.85,0.02,0.0735
20:48:49.405,6658.2371,332743,-16.417,0.688,28.386,-10.533,0.3276,0.0728,-1.0605,-0.24648,3.04753,-0.10459,1.0059,-0.0139,-0.0134,-0.05782,0.01279,-0.02491,0.18246,0.16044,-0.96982,0.02045,0.70257,-0.01117,-0.71152,-0.00242,50.26,52.85,0.02,0.0754
20:48:49.406,6658.2571,332744,-19.809,1.047,28.364,-10.528,0.321,0.0623,-1.0571,-0.35693,2.88912,0.1696,1.0095,-0.0164,-0.0117,-0.05756,0.01266,-0.02518,0.21198,0.15752,-0.96425,0.02166,0.70286,-0.01211,-0.71123,-0.00147,50.24,52.86,0.02,0.0727
20:48:49.433,6658.2771,332745,-22.743,1.506,28.341,-10.522,0.377,0.0039,-1.1223,-0.36998,2.36739,0.35546,1.01,-0.0139,-0.0142,-0.05822,0.01212,-0.02531,0.23618,0.15271,-0.95937,0.02254,0.70218,-0.01174,-0.7119,-0.00185,50.24,52.84,0.02,0.0724
20:48:49.447,6658.2971,332746,-25.18,1.948,28.317,-10.517,0.4709,0.0012,-1.1011,-0.30017,2.09879,0.24808,1.0081,-0.012,-0.0129,-0.05915,0.01212,-0.02518,0.25758,0.14905,-0.9544,0.02347,0.70264,-0.01092,-0.71146,-0.00268,50.26,52.85,0.02,0.0738
20:48:49.478,6658.3171,332747,-27.257,2.133,28.292,-10.511,0.4497,-0.0273,-1.0132,-0.11711,1.61649,0.19212,1.0068,-0.0112,-0.0144,-0.05809,0.01239,-0.02505,0.274,0.14645,-0.95018,0.02533,0.70189,-0.01075,-0.7122,-0.00285,50.24,52.85,0.02,0.0748
20:48:49.493,6658.3371,332748,-28.433,2.043,28.266,-10.505,0.4932,-0.0042,-0.9961,0.09779,1.0428,0.4394,1.009,-0.011,-0.0132,-0.05822,0.01306,-0.02531,0.28447,0.14223,-0.94763,0.029,0.70263,-0.01068,-0.71147,-0.00291,50.25,52.87,0.02,0.0731
20:48:49.523,6658.3571,332749,-29.464,1.809,28.24,-10.5,0.532,0.0076,-0.9961,0.18253,0.71412,0.176,1.0081,-0.0115,-0.0137,-0.05902,0.01332,-0.02558,0.29174,0.14082,-0.94553,0.03221,0.70194,-0.01107,-0.71215,-0.00253,50.24,52.86,0.02,0.0738
20:48:49.524,6658.3771,332750,-30.303,1.545,28.214,-10.494,0.5532,-0.0037,-0.9888,0.16321,0.68214,0.0052,1.0134,-0.0132,-0.0144,-0.05889,0.01319,-0.02585,0.29877,0.14095,-0.94322,0.03472,0.70223,-0.01196,-0.71185,-0.00162,50.25,52.85,0.02,0.0698
20:48:49.552,6658.3971,332751,-31.23,1.471,28.187,-10.489,0.6243,-0.0037,-0.959,0.1347,0.76901,-0.14162,1.0103,-0.0115,-0.0127,-0.05929,0.01292,-0.02531,0.30672,0.14232,-0.94038,0.03673,0.70257,-0.01106,-0.71152,-0.00253,50.26,52.84,0.02,0.0722
20:48:49.567,6658.4171,332752,-32.477,1.282,28.16,-10.484,0.7083,-0.0005,-0.9517,0.11911,0.84842,-0.23182,1.0088,-0.0149,-0.0183,-0.05929,0.01159,-0.02571,0.31592,0.14438,-0.93694,0.03862,0.70188,-0.01143,-0.7122,-0.00216,50.25,52.86,0.02,0.0732
20:48:49.597,6658.4371,332753,-33.548,1.32,28.132,-10.478,0.7239,0.0352,-0.9468,0.07168,0.8728,-0.18239,1.0154,-0.01,-0.0122,-0.05902,0.01146,-0.02598,0.32543,0.146,-0.93339,0.03962,0.70241,-0.01082,-0.71168,-0.00278,50.24,52.86,0.02,0.0684
20:48:49.642,6658.4571,332754,-34.858,1.222,28.104,-10.473,0.7041,0.0696,-0.9033,0.04557,1.0011,-0.02132,1.0088,-0.0166,-0.0142,-0.05915,0.01239,-0.02638,0.33586,0.146,-0.92962,0.041,0.70225,-0.01182,-0.71183,-0.00176,50.26,52.85,0.02,0.0732
20:48:49.643,6658.4771,332755,-36.131,1.411,28.075,-10.468,0.7017,0.0364,-0.897,-0.09459,1.125,0.01372,1.0076,-0.0137,-0.0105,-0.05889,0.01226,-0.02571,0.34732,0.14506,-0.92553,0.04159,0.70299,-0.0117,-0.7111,-0.00188,50.25,52.86,0.02,0.0742
20:48:49.645,6658.4971,332756,-37.458,1.755,28.045,-10.462,0.709,0.0088,-0.8892,-0.16867,1.14819,0.01119,1.0098,-0.0112,-0.0095,-0.05809,0.01332,-0.02518,0.35902,0.14376,-0.92125,0.04175,0.70354,-0.01102,-0.71056,-0.00256,50.25,52.87,0.02,0.0726
20:48:49.672,6658.5171,332757,-38.638,2.121,28.016,-10.457,0.71,0.002,-0.8982,-0.14056,0.95114,0.07767,1.011,-0.0066,-0.01,-0.05769,0.01252,-0.02518,0.36877,0.14202,-0.91764,0.0421,0.70357,-0.01001,-0.71055,-0.00357,50.24,52.86,0.02,0.0717
20:48:49.687,6658.5371,332758,-39.462,2.089,27.985,-10.451,0.6924,0.0303,-0.8733,-0.0393,0.63098,0.14189,1.0071,-0.0115,-0.01,-0.05796,0.01239,-0.02611,0.37536,0.14023,-0.9152,0.04306,0.70359,-0.01106,-0.71052,-0.00251,50.23,52.86,0.02,0.0746
20:48:49.717,6658.5571,332759,-39.927,2.188,27.955,-10.445,0.7097,0.0295,-0.8525,0.01772,0.24235,0.10312,1.0095,-0.0103,-0.0117,-0.05875,0.01212,-0.02478,0.37832,0.13916,-0.9141,0.04385,0.703,-0.01045,-0.71111,-0.00314,50.25,52.84,0.02,0.0728
20:48:49.762,6658.5771,332760,-40.033,2.051,27.924,-10.44,0.7402,0.0332,-0.8726,0.04636,-0.06275,-0.07874,1.0098,-0.0132,-0.0134,-0.05809,0.01319,-0.02598,0.37852,0.14001,-0.91389,0.04377,0.70253,-0.01123,-0.71156,-0.00235,50.25,52.86,0.02,0.0725
20:48:49.763,6658.5971,332761,-39.893,2.163,27.894,-10.434,0.7883,0.0269,-0.8857,0.03331,-0.17054,-0.07741,1.0081,-0.0103,-0.0125,-0.05862,0.01279,-0.02545,0.37776,0.14082,-0.9141,0.04346,0.70275,-0.01024,-0.71136,-0.00335,50.24,52.84,0.02,0.0738
20:48:49.764,6658.6171,332762,-39.85,1.988,27.864,-10.429,0.8171,0.0005,-0.9001,0.03651,-0.11458,-0.11178,1.0103,-0.0156,-0.0117,-0.05862,0.01306,-0.02598,0.37752,0.14188,-0.91404,0.04328,0.70287,-0.01124,-0.71122,-0.00234,50.24,52.85,0.02,0.0721
20:48:49.807,6658.6371,332763,-39.997,2.065,27.833,-10.423,0.7952,0.053,-0.8643,0.07621,0.02691,-0.1263,1.0059,-0.0085,-0.0125,-0.05809,0.01226,-0.02571,0.37856,0.14328,-0.91339,0.04331,0.70274,-0.01019,-0.71137,-0.0034,50.26,52.86,0.02,0.0755
20:48:49.808,6658.6571,332764,-40.285,1.909,27.803,-10.418,0.74,0.0745,-0.8279,0.06861,0.09126,-0.14442,1.0056,-0.0149,-0.0154,-0.05836,0.01199,-0.02518,0.38024,0.14482,-0.91246,0.04324,0.70227,-0.01103,-0.71183,-0.00256,50.25,52.87,0.02,0.0756
20:48:49.837,6658.6772,332765,-40.221,1.903,27.772,-10.412,0.77,0.0447,-0.9062,-0.04716,-0.0862,-0.16894,1.0115,-0.0156,-0.012,-0.05809,0.01226,-0.02558,0.3804,0.14614,-0.91224,0.04192,0.70268,-0.01184,-0.7114,-0.00173,50.25,52.85,0.02,0.0712
20:48:49.868,6658.6971,332766,-40.229,2.211,27.742,-10.406,0.7571,0.0164,-0.9192,-0.10499,-0.12364,-0.04583,1.0078,-0.0127,-0.0132,-0.05915,0.01212,-0.02545,0.38024,0.14611,-0.91237,0.04058,0.70232,-0.01094,-0.71178,-0.00265,50.26,52.84,0.02,0.074
20:48:49.870,6658.7171,332767,-40.006,2.216,27.712,-10.401,0.7207,-0.0063,-0.9106,-0.07674,-0.2574,0.03477,1.0122,-0.0139,-0.0132,-0.05862,0.01306,-0.02531,0.37879,0.14548,-0.91312,0.03965,0.70252,-0.01189,-0.71156,-0.00168,50.24,52.84,0.02,0.0707
20:48:49.897,6658.7372,332768,-39.51,2.347,27.682,-10.395,0.6602,0.0159,-0.8906,-0.01212,-0.59368,0.02158,1.009,-0.0137,-0.0137,-0.05902,0.01252,-0.02545,0.37416,0.14538,-0.91508,0.03871,0.70194,-0.01126,-0.71214,-0.00233,50.25,52.85,0.02,0.0731
20:48:49.914,6658.7571,332769,-38.258,2.45,27.652,-10.389,0.6602,0.051,-0.8818,0.03904,-1.212,-0.21677,1.0066,-0.0095,-0.0154,-0.05756,0.01266,-0.02518,0.36394,0.14791,-0.91888,0.03638,0.70169,-0.01028,-0.7124,-0.00333,50.25,52.85,0.02,0.0749
20:48:49.927,6658.7771,332770,-36.222,2.407,27.624,-10.384,0.6509,0.05,-0.946,-0.01905,-1.84245,-0.58768,1.0112,-0.0146,-0.0142,-0.05862,0.01292,-0.02571,0.34809,0.15387,-0.92422,0.03123,0.70194,-0.01122,-0.71215,-0.00237,50.24,52.85,0.02,0.0714
20:48:49.957,6658.7972,332771,-33.801,2.546,27.596,-10.378,0.658,0.0359,-0.967,-0.04876,-2.10226,-0.57276,1.0068,-0.0125,-0.012,-0.05809,0.01332,-0.02558,0.32974,0.15962,-0.93013,0.02549,0.70269,-0.01122,-0.7114,-0.00236,50.24,52.86,0.02,0.0748
20:48:49.988,6658.8171,332772,-31.387,2.606,27.57,-10.372,0.6685,0.0693,-0.96,-0.01439,-2.28132,-0.36359,1.0142,-0.0142,-0.0137,-0.05849,0.01306,-0.02465,0.30953,0.16352,-0.9365,0.02043,0.70222,-0.01193,-0.71186,-0.00165,50.25,52.87,0.02,0.0692
20:48:49.990,6658.8371,332773,-28.77,2.79,27.545,-10.366,0.6619,0.1138,-0.979,0.01132,-2.29384,-0.30816,1.0071,-0.0115,-0.0098,-0.05849,0.01359,-0.02558,0.28908,0.16698,-0.9425,0.0155,0.70288,-0.01144,-0.71121,-0.00214,50.26,52.85,0.02,0.0746
20:48:50.017,6658.8572,332774,-26.768,2.974,27.521,-10.36,0.6023,0.1128,-0.99,-0.00093,-1.93345,-0.24608,1.0088,-0.0125,-0.0129,-0.05836,0.01332,-0.02478,0.27181,0.16967,-0.94721,0.01124,0.70222,-0.01097,-0.71187,-0.00262,50.26,52.85,0.02,0.0733
20:48:50.032,6658.8771,332775,-25.156,3.081,27.497,-10.354,0.5713,0.0986,-0.9927,-0.04557,-1.46847,-0.0898,1.0117,-0.0149,-0.0129,-0.05849,0.01279,-0.02571,0.25891,0.17061,-0.95068,0.00782,0.70253,-0.01187,-0.71156,-0.00171,50.25,52.86,0.02,0.0711
20:48:50.048,6658.8971,332776,-23.92,3.323,27.474,-10.348,0.5315,0.0583,-1.043,-0.10152,-1.25197,-0.02678,1.0083,-0.0117,-0.0156,-0.05849,0.01346,-0.02558,0.24802,0.17067,-0.95359,0.00473,0.70193,-0.01127,-0.71216,-0.00232,50.25,52.84,0.02,0.0736
20:48:50.077,6658.9172,332777,-22.793,3.51,27.452,-10.342,0.4673,0.0417,-1.0396,-0.10232,-0.96966,0.06781,1.0093,-0.0122,-0.0129,-0.05889,0.01346,-0.02545,0.23976,0.16979,-0.95587,0.00235,0.70265,-0.01109,-0.71144,-0.0025,50.25,52.86,0.02,0.0729
20:48:50.109,6658.9371,332778,-22.086,3.59,27.43,-10.336,0.4263,0.0449,-1.0542,-0.03717,-0.80778,0.19732,1.0095,-0.0125,-0.0144,-0.05849,0.01292,-0.02558,0.23292,0.16781,-0.95791,0.00115,0.70193,-0.01124,-0.71215,-0.00235,50.27,52.85,0.02,0.0727
20:48:50.110,6658.9571,332779,-21.195,3.624,27.408,-10.33,0.4255,0.062,-1.0591,0.01559,-0.75875,0.25794,1.0098,-0.0117,-0.012,-0.05782,0.01306,-0.02571,0.22644,0.16538,-0.95988,0.00064,0.70264,-0.01101,-0.71145,-0.00258,50.25,52.85,0.02,0.0725
20:48:50.137,6658.9772,332780,-20.341,3.613,27.387,-10.323,0.3962,0.0396,-1.0786,0.03624,-0.72411,0.16507,1.0095,-0.0117,-0.0107,-0.05822,0.01319,-0.02491,0.22023,0.16385,-0.96159,0.00021,0.70337,-0.01092,-0.71073,-0.00266,50.26,52.86,0.02,0.0728
20:48:50.152,6658.9971,332781,-19.499,3.475,27.366,-10.317,0.3796,0.0334,-1.0862,0.09779,-0.8684,0.15735,1.0107,-0.0144,-0.0115,-0.05796,0.01292,-0.02518,0.21255,0.16254,-0.96354,0.00013,0.70308,-0.01184,-0.71101,-0.00173,50.25,52.85,0.02,0.0718
20:48:50.168,6659.0171,332782,-18.363,3.377,27.346,-10.311,0.4167,0.0642,-1.1104,0.15095,-1.13406,0.14256,1.0115,-0.0088,-0.0151,-0.05809,0.01332,-0.02531,0.20219,0.16147,-0.96594,3e-05,0.70259,-0.01111,-0.7115,-0.00248,50.26,52.87,0.02,0.0713
20:48:50.198,6659.0372,332783,-17.165,3.292,27.326,-10.305,0.4343,0.082,-1.0835,0.14043,-1.03401,-0.04104,1.0098,-0.009,-0.0093,-0.05836,0.01252,-0.02545,0.1928,0.16218,-0.96774,-0.00054,0.7032,-0.01055,-0.7109,-0.00304,50.26,52.85,0.02,0.0726
20:48:50.227,6659.0571,332784,-16.424,3.241,27.307,-10.299,0.4341,0.0784,-1.0874,0.07821,-0.82137,-0.0858,1.0078,-0.0134,-0.0132,-0.05849,0.01292,-0.02585,0.1857,0.16321,-0.96896,-0.00163,0.70266,-0.01127,-0.71143,-0.00232,50.26,52.86,0.02,0.074
20:48:50.230,6659.0771,332785,-15.747,3.257,27.288,-10.293,0.4082,0.0645,-1.1174,0.0048,-0.57116,-0.06875,1.0083,-0.0125,-0.0103,-0.05849,0.01226,-0.02518,0.18099,0.16386,-0.96974,-0.00255,0.7034,-0.01121,-0.7107,-0.00236,50.26,52.85,0.02,0.0737
20:48:50.257,6659.0972,332786,-15.68,3.294,27.269,-10.287,0.3496,0.0742,-1.0938,-0.02225,-0.23462,-0.09446,1.0085,-0.0146,-0.0132,-0.05796,0.01212,-0.02598,0.17955,0.16475,-0.96985,-0.00342,0.70276,-0.01172,-0.71133,-0.00186,50.26,52.85,0.02,0.0735
20:48:50.273,6659.1171,332787,-15.698,3.315,27.25,-10.281,0.3203,0.0693,-1.0732,0.0052,-0.16494,-0.09739,1.0107,-0.0139,-0.0146,-0.05862,0.01212,-0.02531,0.17875,0.16571,-0.96983,-0.00389,0.70204,-0.01171,-0.71204,-0.00188,50.25,52.85,0.02,0.0718
20:48:50.287,6659.1371,332788,-15.386,3.248,27.231,-10.275,0.3237,0.0557,-1.0823,0.0489,-0.28525,-0.10312,1.0093,-0.0156,-0.0132,-0.05836,0.01266,-0.02585,0.1767,0.16679,-0.97002,-0.00406,0.70256,-0.01242,-0.71152,-0.00115,50.27,52.85,0.02,0.0729
20:48:50.319,6659.1572,332789,-15.116,3.163,27.212,-10.269,0.3721,0.0652,-1.0859,0.11138,-0.3905,-0.10272,1.0088,-0.0142,-0.0144,-0.05836,0.01252,-0.02678,0.17355,0.16796,-0.97039,-0.00372,0.70199,-0.01176,-0.71208,-0.00183,50.26,52.84,0.02,0.0732
20:48:50.362,6659.1771,332790,-14.751,3.087,27.194,-10.263,0.4031,0.0786,-1.0776,0.11671,-0.37025,-0.06209,1.0051,-0.0127,-0.0125,-0.05849,0.01319,-0.02598,0.17132,0.16873,-0.97065,-0.00336,0.70269,-0.01131,-0.71141,-0.00228,50.26,52.84,0.02,0.0761
20:48:50.363,6659.1971,332791,-14.772,3.086,27.175,-10.257,0.3865,0.0815,-1.0859,0.05009,-0.22036,-0.06089,1.0081,-0.0134,-0.0142,-0.05796,0.01412,-0.02571,0.17051,0.16945,-0.97067,-0.00368,0.70197,-0.0116,-0.71211,-0.00199,50.25,52.83,0.02,0.0738
20:48:50.365,6659.2172,332792,-14.929,3.112,27.156,-10.251,0.3264,0.0686,-1.0918,-0.00986,-0.04543,-0.08673,1.0115,-0.0137,-0.0151,-0.05836,0.01386,-0.02571,0.17089,0.17029,-0.97045,-0.00405,0.70126,-0.01176,-0.7128,-0.00184,50.26,52.85,0.02,0.0712
20:48:50.392,6659.2371,332793,-14.83,3.126,27.138,-10.246,0.3025,0.0532,-1.0835,-0.0036,-0.06582,-0.11378,1.009,-0.0146,-0.0117,-0.05862,0.01319,-0.02531,0.17106,0.17139,-0.97023,-0.00437,0.70199,-0.01184,-0.71208,-0.00175,50.25,52.87,0.02,0.0731
20:48:50.408,6659.2571,332794,-14.735,3.098,27.119,-10.24,0.3284,0.0608,-1.0852,0.05995,-0.24728,-0.06821,1.0081,-0.0129,-0.0161,-0.05889,0.01279,-0.02545,0.16936,0.17214,-0.97039,-0.00431,0.70136,-0.01131,-0.71272,-0.00229,50.27,52.85,0.02,0.0738
20:48:50.437,6659.2772,332795,-14.35,3.023,27.101,-10.234,0.353,0.0674,-1.0642,0.08367,-0.31043,-0.04237,1.0068,-0.0115,-0.01,-0.05849,0.01199,-0.02545,0.16702,0.17268,-0.97071,-0.00402,0.7021,-0.01116,-0.71198,-0.00243,50.25,52.85,0.02,0.0748
20:48:50.467,6659.2971,332796,-13.994,2.998,27.083,-10.228,0.3291,0.0615,-1.093,0.05436,-0.29391,-0.02864,1.0093,-0.0117,-0.0132,-0.05875,0.01266,-0.02531,0.16489,0.17304,-0.97101,-0.00402,0.70278,-0.01075,-0.71132,-0.00285,50.25,52.86,0.02,0.0729
20:48:50.468,6659.3171,332797,-13.783,3.019,27.065,-10.222,0.3208,0.0569,-1.1008,0.02998,-0.22463,-0.12111,1.0088,-0.0107,-0.0122,-0.05836,0.01292,-0.02518,0.16346,0.17426,-0.97103,-0.00427,0.703,-0.00976,-0.71111,-0.00384,50.26,52.84,0.02,0.0733
20:48:50.497,6659.3371,332798,-13.501,2.926,27.047,-10.216,0.3318,0.0557,-1.0874,0.06089,-0.29897,-0.17906,1.0098,-0.0132,-0.0103,-0.05809,0.01279,-0.02558,0.16128,0.17607,-0.97107,-0.00437,0.70328,-0.01071,-0.71083,-0.00288,50.25,52.85,0.02,0.0725
20:48:50.513,6659.3571,332799,-13.37,2.838,27.029,-10.211,0.3667,0.0732,-1.0674,0.09286,-0.36092,-0.17253,1.0105,-0.0137,-0.0146,-0.05915,0.01279,-0.02558,0.15916,0.17786,-0.97109,-0.00432,0.70263,-0.01117,-0.71146,-0.00242,50.25,52.86,0.02,0.072
20:48:50.587,6659.3771,332800,-13.23,2.769,27.012,-10.205,0.373,0.0891,-1.0718,0.08234,-0.32895,-0.09753,1.0049,-0.0137,-0.0132,-0.05875,0.01332,-0.02518,0.15735,0.17893,-0.97119,-0.00442,0.70227,-0.01212,-0.71181,-0.00146,50.26,52.85,0.02,0.0762
20:48:50.588,6659.3972,332801,-13.061,2.783,26.994,-10.199,0.3813,0.0754,-1.0901,0.03038,-0.2125,-0.02558,1.0127,-0.0137,-0.012,-0.05809,0.01279,-0.02558,0.15679,0.1792,-0.97123,-0.0045,0.70289,-0.01162,-0.7112,-0.00196,50.26,52.86,0.02,0.0704
20:48:50.590,6659.4171,332802,-13.11,2.814,26.976,-10.193,0.3247,0.0474,-1.1038,-0.00333,-0.07181,-0.00706,1.0103,-0.0115,-0.0125,-0.05862,0.01306,-0.02585,0.15697,0.17924,-0.97119,-0.00446,0.70267,-0.01066,-0.71143,-0.00293,50.26,52.85,0.02,0.0722
20:48:50.593,6659.4371,332803,-13.042,2.776,26.959,-10.188,0.3293,0.0627,-1.0823,0.01599,-0.06555,-0.01625,1.0127,-0.0139,-0.0095,-0.05862,0.01346,-0.02545,0.15715,0.17941,-0.97113,-0.0043,0.70326,-0.0112,-0.71084,-0.00238,50.26,52.86,0.02,0.0704
20:48:50.632,6659.4571,332804,-13.063,2.731,26.941,-10.182,0.3662,0.0723,-1.0664,0.02878,-0.09273,-0.0373,1.0081,-0.0166,-0.0093,-0.05862,0.01319,-0.02585,0.15775,0.17979,-0.97096,-0.00418,0.70362,-0.0121,-0.71047,-0.00147,50.25,52.86,0.02,0.0738
20:48:50.633,6659.4771,332805,-13.339,2.756,26.923,-10.176,0.415,0.0754,-1.0654,-0.00253,-0.02038,-0.00413,1.0073,-0.0144,-0.0154,-0.05862,0.01319,-0.02545,0.15911,0.17981,-0.97074,-0.00421,0.70288,-0.01202,-0.71121,-0.00156,50.25,52.84,0.02,0.0744
20:48:50.647,6659.4971,332806,-13.764,2.889,26.906,-10.171,0.3367,0.0847,-1.0627,-0.06781,0.16587,0.10658,1.009,-0.0144,-0.0137,-0.05982,0.01319,-0.02571,0.16189,0.17874,-0.97047,-0.00478,0.70215,-0.01185,-0.71192,-0.00174,50.25,52.86,0.02,0.0731
20:48:50.677,6659.5171,332807,-13.961,3.023,26.888,-10.165,0.2415,0.041,-1.0742,-0.09353,0.16734,0.12271,1.0098,-0.011,-0.0115,-0.05875,0.01306,-0.02491,0.16449,0.17741,-0.97028,-0.00516,0.70269,-0.01116,-0.7114,-0.00243,50.26,52.86,0.02,0.0726
20:48:50.707,6659.5371,332808,-14.041,3.095,26.87,-10.159,0.2849,0.0278,-1.1106,-0.03677,-0.09459,0.05676,1.0078,-0.0095,-0.0151,-0.05849,0.01332,-0.02558,0.16447,0.17679,-0.97039,-0.00547,0.7021,-0.01053,-0.71199,-0.00308,50.26,52.86,0.02,0.074
20:48:50.708,6659.5571,332809,-13.778,2.994,26.852,-10.153,0.3704,0.0571,-1.0962,0.05343,-0.28845,-0.03584,1.0078,-0.0122,-0.0132,-0.05849,0.01239,-0.02558,0.16274,0.17715,-0.97062,-0.00515,0.70258,-0.01133,-0.71151,-0.00227,50.26,52.85,0.02,0.074
20:48:50.737,6659.5771,332810,-13.757,2.928,26.834,-10.147,0.3843,0.0806,-1.0767,0.10285,-0.2622,-0.04037,1.0083,-0.0112,-0.0154,-0.05782,0.01226,-0.02531,0.16157,0.17768,-0.97072,-0.00468,0.7019,-0.01092,-0.71218,-0.00269,50.27,52.86,0.02,0.0736
20:48:50.752,6659.5971,332811,-13.551,2.896,26.816,-10.142,0.3479,0.072,-1.0681,0.02984,-0.16387,-0.00493,1.0098,-0.0117,-0.011,-0.05889,0.01279,-0.02665,0.16078,0.17775,-0.97084,-0.00452,0.70263,-0.01092,-0.71146,-0.00268,50.25,52.86,0.02,0.0726
20:48:50.769,6659.6171,332812,-13.392,2.911,26.799,-10.136,0.3154,0.0515,-1.0676,-0.03224,-0.16467,0.04823,1.0073,-0.0161,-0.01,-0.05822,0.01292,-0.02585,0.16008,0.17721,-0.97105,-0.00491,0.70312,-0.01171,-0.71097,-0.00187,50.27,52.86,0.02,0.0744
20:48:50.812,6659.6371,332813,-13.307,2.934,26.781,-10.13,0.3167,0.0413,-1.0938,-0.0008,-0.25594,0.06315,1.009,-0.0107,-0.0168,-0.05809,0.01292,-0.02558,0.15846,0.17657,-0.97144,-0.00508,0.70244,-0.01133,-0.71165,-0.00227,50.25,52.85,0.02,0.0731
20:48:50.813,6659.6571,332814,-12.893,2.894,26.764,-10.125,0.3247,0.0498,-1.0896,0.06448,-0.36958,0.02891,1.0122,-0.0105,-0.0115,-0.05836,0.01226,-0.02571,0.15563,0.17635,-0.97193,-0.00486,0.70296,-0.01065,-0.71114,-0.00295,50.26,52.86,0.02,0.0708
20:48:50.828,6659.6771,332815,-12.517,2.801,26.747,-10.119,0.3567,0.0671,-1.0713,0.07687,-0.45885,0.02491,1.0085,-0.0122,-0.0115,-0.05902,0.01226,-0.02531,0.15256,0.17617,-0.97245,-0.00473,0.70317,-0.01164,-0.71093,-0.00195,50.25,52.85,0.02,0.0735
20:48:50.857,6659.6971,332816,-12.371,2.797,26.729,-10.113,0.385,0.0781,-1.085,0.03797,-0.38704,0.01239,1.0078,-0.0144,-0.0139,-0.05782,0.01239,-0.02558,0.15029,0.17608,-0.97282,-0.00502,0.70244,-0.01184,-0.71165,-0.00176,50.24,52.83,0.02,0.074
20:48:50.872,6659.7171,332817,-12.196,2.861,26.712,-10.108,0.3672,0.0815,-1.0901,-0.01492,-0.20558,0.04796,1.0078,-0.0137,-0.0107,-0.05849,0.01332,-0.02545,0.14988,0.17558,-0.97297,-0.00551,0.70317,-0.01167,-0.71092,-0.00191,50.24,52.85,0.02,0.074
20:48:50.887,6659.7371,332818,-12.326,3.024,26.695,-10.102,0.3289,0.0786,-1.0945,-0.06528,-0.07128,0.08567,1.0071,-0.0129,-0.012,-0.05875,0.01292,-0.02531,0.15038,0.17471,-0.97305,-0.00654,0.70257,-0.01105,-0.71152,-0.00255,50.24,52.86,0.02,0.0746
20:48:50.932,6659.7571,332819,-12.445,3.194,26.678,-10.096,0.3167,0.0747,-1.0852,-0.09553,-0.00906,0.05356,1.0081,-0.0107,-0.0132,-0.05809,0.01252,-0.02558,0.15128,0.17408,-0.97301,-0.00752,0.70232,-0.01008,-0.71178,-0.00354,50.24,52.86,0.02,0.0738
20:48:50.935,6659.7771,332820,-12.584,3.295,26.661,-10.09,0.3054,0.061,-1.0962,-0.11618,0.00226,-0.00373,1.0054,-0.0137,-0.0142,-0.05782,0.01319,-0.02491,0.15233,0.17394,-0.97287,-0.00854,0.70217,-0.01112,-0.71192,-0.00248,50.26,52.85,0.02,0.0758
20:48:50.947,6659.7971,332821,-12.527,3.418,26.644,-10.084,0.2759,0.0371,-1.124,-0.09326,-0.0425,-0.02438,1.011,-0.0117,-0.0132,-0.05862,0.01292,-0.02531,0.15291,0.17403,-0.97275,-0.00943,0.70283,-0.01071,-0.71127,-0.00289,50.25,52.84,0.02,0.0716
20:48:50.992,6659.8171,332822,-12.344,3.458,26.627,-10.078,0.2295,0.0469,-1.0735,-0.01985,-0.1367,0.00373,1.0073,-0.011,-0.0115,-0.05809,0.01332,-0.02505,0.15242,0.17396,-0.97284,-0.00982,0.70358,-0.01066,-0.71053,-0.00293,50.26,52.84,0.02,0.0744
20:48:50.995,6659.8371,332823,-12.183,3.415,26.61,-10.073,0.2451,0.0557,-1.0698,0.04317,-0.31349,-0.02651,1.0088,-0.0132,-0.0127,-0.05796,0.01306,-0.02598,0.1501,0.17428,-0.97314,-0.00997,0.70295,-0.0112,-0.71115,-0.00239,50.25,52.85,0.02,0.0733
20:48:51.008,6659.8571,332824,-11.724,3.378,26.593,-10.067,0.2925,0.0688,-1.0959,0.08833,-0.49469,-0.08394,1.009,-0.0073,-0.0127,-0.05862,0.01332,-0.02571,0.14593,0.17519,-0.97361,-0.01005,0.70277,-0.0102,-0.71133,-0.00341,50.24,52.85,0.02,0.0732
20:48:51.052,6659.8771,332825,-11.175,3.29,26.577,-10.061,0.3,0.0652,-1.0876,0.07035,-0.58808,-0.17174,1.0078,-0.0117,-0.0125,-0.05862,0.01319,-0.02531,0.14092,0.1769,-0.97403,-0.01048,0.70268,-0.01124,-0.71142,-0.00236,50.25,52.86,0.02,0.074
20:48:51.053,6659.8971,332826,-10.672,3.361,26.561,-10.055,0.3179,0.0896,-1.0789,0.03344,-0.62525,-0.27446,1.011,-0.0103,-0.0134,-0.05875,0.01292,-0.02518,0.13627,0.17959,-0.97419,-0.01185,0.70236,-0.01033,-0.71174,-0.00328,50.25,52.84,0.02,0.0716
20:48:51.067,6659.9171,332827,-10.078,3.346,26.545,-10.049,0.3313,0.0696,-1.1135,0.02851,-0.70506,-0.24701,1.0098,-0.0159,-0.0146,-0.05822,0.01292,-0.02571,0.13082,0.18193,-0.97448,-0.01296,0.70218,-0.01132,-0.71191,-0.00228,50.26,52.86,0.02,0.0725
20:48:51.097,6659.9371,332828,-9.346,3.369,26.529,-10.043,0.3044,0.0923,-1.0876,0.07488,-0.7337,-0.15095,1.0078,-0.0107,-0.0132,-0.05902,0.01226,-0.02571,0.12508,0.18342,-0.97495,-0.01387,0.70253,-0.0104,-0.71157,-0.0032,50.25,52.85,0.02,0.074
20:48:51.113,6659.9571,332829,-8.792,3.378,26.514,-10.038,0.2937,0.1111,-1.0439,0.05875,-0.6972,-0.02598,1.01,-0.0173,-0.0166,-0.05889,0.01266,-0.02545,0.11969,0.18369,-0.97556,-0.01482,0.70211,-0.01124,-0.71197,-0.00236,50.26,52.85,0.02,0.0723
20:48:51.127,6659.9771,332830,-8.079,3.527,26.499,-10.032,0.2756,0.1406,-1.0234,-0.03437,-0.6908,0.06328,1.0059,-0.0134,-0.0132,-0.05849,0.01266,-0.02505,0.11456,0.18299,-0.97627,-0.01679,0.70274,-0.01182,-0.71134,-0.00176,50.24,52.85,0.0281,0.0754
20:48:51.157,6659.9971,332831,-7.67,3.744,26.484,-10.026,0.2688,0.0652,-1.106,-0.15175,-0.59608,0.0389,1.0063,-0.0117,-0.0149,-0.05809,0.01239,-0.02558,0.11045,0.18233,-0.97683,-0.01901,0.70212,-0.01123,-0.71196,-0.00238,50.25,52.84,0.02,0.0751
20:48:51.172,6660.0171,332832,-7.233,3.891,26.469,-10.02,0.261,0.0383,-1.1594,-0.12737,-0.41328,0.13323,1.0076,-0.0132,-0.0107,-0.05942,0.01306,-0.02571,0.10789,0.1808,-0.97737,-0.02047,0.70286,-0.01137,-0.71123,-0.00222,50.25,52.85,0.02,0.0742
20:48:51.187,6660.0371,332833,-7.031,3.976,26.455,-10.014,0.1619,0.0298,-1.1521,-0.0493,-0.32535,0.20717,1.0042,-0.012,-0.0125,-0.05809,0.01292,-0.02611,0.10569,0.17869,-0.97798,-0.02114,0.70238,-0.01053,-0.71172,-0.00308,50.24,52.86,0.02,0.0767
20:48:51.217,6660.0571,332834,-6.632,3.927,26.44,-10.008,0.1584,0.0557,-1.1333,0.04996,-0.40516,0.16587,1.0088,-0.0127,-0.0129,-0.05862,0.01332,-0.02545,0.10249,0.17707,-0.97862,-0.02111,0.70262,-0.0115,-0.71147,-0.00209,50.25,52.85,0.02,0.0733
20:48:51.232,6660.0771,332835,-6.21,3.869,26.426,-10.002,0.1794,0.1089,-1.0801,0.1243,-0.54318,0.17054,1.0083,-0.0122,-0.0146,-0.05836,0.01306,-0.02598,0.0979,0.17549,-0.97938,-0.02098,0.70194,-0.01111,-0.71215,-0.00249,50.25,52.84,0.02,0.0736
20:48:51.249,6660.0971,332836,-5.647,3.842,26.412,-9.996,0.2192,0.1497,-1.0796,0.09566,-0.56423,0.00027,1.0112,-0.0164,-0.0125,-0.05849,0.01239,-0.02571,0.09356,0.17552,-0.97979,-0.02142,0.70237,-0.01191,-0.71171,-0.00168,50.27,52.84,0.02,0.0714
20:48:51.293,6660.1171,332837,-5.442,3.84,26.399,-9.99,0.2639,0.0679,-1.1233,0.01359,-0.36345,-0.34947,1.0085,-0.0178,-0.0139,-0.05862,0.01306,-0.02558,0.09145,0.17889,-0.97936,-0.0221,0.70224,-0.01292,-0.71183,-0.00065,50.25,52.86,0.02,0.0734
20:48:51.295,6660.1371,332838,-5.44,3.837,26.385,-9.984,0.1853,0.0398,-1.1646,-0.00147,-0.08553,-0.35946,1.0103,-0.0088,-0.0132,-0.05875,0.01346,-0.02598,0.09153,0.18241,-0.9787,-0.02226,0.70231,-0.01192,-0.71176,-0.00167,50.26,52.85,0.02,0.0722
20:48:51.307,6660.1571,332839,-5.503,3.77,26.371,-9.978,0.1484,0.0457,-1.136,0.06382,-0.05423,-0.19945,1.009,-0.0134,-0.0139,-0.05836,0.01266,-0.02545,0.0917,0.18445,-0.97831,-0.02173,0.70206,-0.01095,-0.71202,-0.00265,50.24,52.86,0.02,0.0731
20:48:51.353,6660.1771,332840,-5.256,3.659,26.357,-9.972,0.1318,0.0381,-1.1062,0.10166,-0.19811,-0.0894,1.012,-0.0127,-0.0103,-0.05822,0.01306,-0.02598,0.0904,0.18541,-0.97827,-0.02101,0.70277,-0.01111,-0.71133,-0.00249,50.25,52.86,0.02,0.0709
20:48:51.355,6660.1971,332841,-5.003,3.464,26.344,-9.966,0.1941,0.0789,-1.092,0.17507,-0.35932,0.04596,1.0107,-0.0144,-0.0122,-0.05836,0.01279,-0.02585,0.08805,0.18504,-0.97858,-0.01965,0.70284,-0.01211,-0.71124,-0.00147,50.26,52.85,0.02,0.0718
20:48:51.369,6660.2171,332842,-4.863,3.313,26.33,-9.96,0.2302,0.0898,-1.0896,0.1788,-0.36692,0.08194,1.0107,-0.0142,-0.0161,-0.05822,0.01306,-0.02518,0.08573,0.18435,-0.97894,-0.01853,0.70213,-0.01196,-0.71195,-0.00163,50.27,52.84,0.02,0.0718
20:48:51.412,6660.2371,332843,-4.859,3.234,26.317,-9.954,0.2102,0.0793,-1.0806,0.10885,-0.2129,0.01919,1.0066,-0.0137,-0.0146,-0.05769,0.01226,-0.02571,0.08504,0.18423,-0.97903,-0.01783,0.70166,-0.01114,-0.71242,-0.00247,50.27,52.86,0.02,0.0749
20:48:51.413,6660.2571,332844,-4.874,3.206,26.303,-9.949,0.2109,0.0603,-1.1003,0.02252,-0.04543,-0.01559,1.0115,-0.0139,-0.0115,-0.05862,0.01279,-0.02505,0.08607,0.1844,-0.97892,-0.0175,0.70235,-0.01141,-0.71173,-0.00219,50.25,52.85,0.02,0.0713
20:48:51.428,6660.2771,332845,-5.032,3.212,26.29,-9.943,0.2378,0.0574,-1.0896,0.0012,0.06275,-0.00147,1.0095,-0.0107,-0.0117,-0.05769,0.01252,-0.02478,0.08823,0.18444,-0.97872,-0.01721,0.70289,-0.01071,-0.71121,-0.00289,50.25,52.86,0.02,0.0728
20:48:51.457,6660.2971,332846,-5.494,3.189,26.276,-9.937,0.2146,0.0591,-1.0596,0.00799,0.14402,0.0473,1.0078,-0.0117,-0.0149,-0.05889,0.01226,-0.02545,0.09117,0.18402,-0.97854,-0.01664,0.70216,-0.01089,-0.71193,-0.00272,50.25,52.86,0.02,0.074
20:48:51.487,6660.3171,332847,-5.833,3.198,26.262,-9.932,0.1494,0.0576,-1.0647,-0.03277,0.22942,0.05796,1.0093,-0.0142,-0.0137,-0.05902,0.01292,-0.02598,0.09425,0.1835,-0.97835,-0.01642,0.7023,-0.01189,-0.71178,-0.0017,50.25,52.84,0.0225,0.0729
20:48:51.490,6660.3371,332848,-5.977,3.3,26.248,-9.926,0.1145,0.072,-1.085,-0.06928,0.11738,0.06995,1.0085,-0.0129,-0.0127,-0.05836,0.01306,-0.02585,0.09634,0.18282,-0.97827,-0.01689,0.70279,-0.01112,-0.7113,-0.00248,50.23,52.86,0.02,0.0735
20:48:51.532,6660.3571,332849,-5.854,3.426,26.234,-9.92,0.2305,0.0923,-1.1458,-0.06542,-0.1708,-0.07434,1.0115,-0.0127,-0.0112,-0.05889,0.01332,-0.02598,0.09632,0.18349,-0.97812,-0.01809,0.70348,-0.01139,-0.71062,-0.00219,50.27,52.86,0.02,0.0713
20:48:51.533,6660.3771,332850,-5.836,3.484,26.221,-9.914,0.3083,0.0859,-1.2063,-0.03624,-0.2229,-0.16454,1.0105,-0.0161,-0.0112,-0.05822,0.01279,-0.02558,0.09576,0.18504,-0.97787,-0.01895,0.70321,-0.01234,-0.71087,-0.00124,50.27,52.84,0.02,0.072
20:48:51.547,6660.3971,332851,-5.931,3.424,26.207,-9.909,0.2007,0.0725,-1.1794,0.05596,-0.07288,-0.0874,1.0059,-0.0132,-0.0129,-0.05796,0.01319,-0.02545,0.09579,0.18596,-0.9777,-0.01842,0.70266,-0.01162,-0.71143,-0.00198,50.26,52.85,0.02,0.0754
20:48:51.592,6660.4171,332852,-6.02,3.303,26.193,-9.903,0.1248,0.0706,-1.1067,0.11458,-0.08367,-0.02971,1.0076,-0.0164,-0.0154,-0.05849,0.01279,-0.02571,0.09555,0.18639,-0.97766,-0.01752,0.70205,-0.01223,-0.71202,-0.00137,50.25,52.86,0.02,0.0741
20:48:51.595,6660.4371,332853,-5.553,3.135,26.179,-9.897,0.1667,0.0701,-1.0828,0.18359,-0.37278,0.02571,1.0088,-0.0154,-0.0129,-0.05849,0.01306,-0.02558,0.09237,0.18629,-0.978,-0.01639,0.70279,-0.01224,-0.71129,-0.00135,50.23,52.84,0.02,0.0732
20:48:51.607,6660.4571,332854,-5.168,2.974,26.166,-9.892,0.248,0.0667,-1.0918,0.19425,-0.49962,0.01759,1.0083,-0.0105,-0.0132,-0.05875,0.01292,-0.02531,0.08869,0.18622,-0.97838,-0.01529,0.7026,-0.01124,-0.7115,-0.00236,50.26,52.86,0.02,0.0737
20:48:51.652,6660.4771,332855,-4.867,2.86,26.152,-9.886,0.2522,0.0811,-1.0793,0.15575,-0.3853,0.02585,1.0076,-0.0117,-0.0127,-0.05796,0.01292,-0.02518,0.08622,0.18607,-0.97864,-0.01446,0.70272,-0.01021,-0.71138,-0.0034,50.26,52.85,0.02,0.0742
20:48:51.653,6660.4971,332856,-4.629,2.756,26.139,-9.881,0.2029,0.021,-1.0996,0.07941,-0.28991,0.06635,1.0076,-0.0139,-0.0107,-0.05796,0.01292,-0.02531,0.08453,0.18544,-0.97892,-0.01378,0.7031,-0.01111,-0.711,-0.00249,50.24,52.86,0.02,0.0742
20:48:51.667,6660.5171,332857,-4.524,2.696,26.126,-9.876,0.1318,0.0427,-1.0869,0.06861,-0.27339,0.10725,1.0081,-0.0132,-0.0149,-0.05769,0.01359,-0.02585,0.08256,0.18445,-0.97928,-0.01343,0.70237,-0.01133,-0.71172,-0.00227,50.25,52.85,0.02,0.0738
20:48:51.697,6660.5371,332858,-4.097,2.61,26.113,-9.87,0.1497,0.0457,-1.0725,0.09912,-0.36758,0.12057,1.0078,-0.0117,-0.0125,-0.05796,0.01239,-0.02491,0.07964,0.18332,-0.97974,-0.01287,0.70295,-0.01067,-0.71116,-0.00294,50.26,52.86,0.02,0.074
20:48:51.712,6660.5571,332859,-3.825,2.5,26.1,-9.865,0.2024,0.0396,-1.1111,0.10539,-0.41795,0.09686,1.0071,-0.0129,-0.0122,-0.05822,0.01252,-0.02558,0.07684,0.18241,-0.98014,-0.01226,0.70275,-0.01168,-0.71134,-0.00192,50.25,52.85,0.02,0.0746
20:48:51.727,6660.5771,332860,-3.667,2.392,26.087,-9.86,0.1887,0.0452,-1.1045,0.11498,-0.28605,-0.03344,1.0098,-0.009,-0.0127,-0.05756,0.01252,-0.02571,0.07533,0.18279,-0.98019,-0.01145,0.70268,-0.01066,-0.71142,-0.00294,50.25,52.86,0.02,0.0726
20:48:51.757,6660.5971,332861,-3.403,2.265,26.075,-9.854,0.1448,0.0488,-1.0747,0.12097,-0.24541,-0.0485,1.0066,-0.0149,-0.0103,-0.05809,0.01266,-0.02571,0.07352,0.18336,-0.98024,-0.01065,0.70315,-0.01148,-0.71095,-0.00211,50.27,52.86,0.02,0.0749
20:48:51.772,6660.6171,332862,-3.256,2.164,26.062,-9.849,0.1582,0.03,-1.1101,0.087,-0.3424,-0.01146,1.0073,-0.0127,-0.0129,-0.05836,0.01279,-0.02545,0.07114,0.1835,-0.98039,-0.01005,0.70242,-0.01126,-0.71167,-0.00235,50.25,52.86,0.02,0.0744
20:48:51.802,6660.6371,332863,-3.091,2.088,26.05,-9.844,0.1941,0.0417,-1.1157,0.09713,-0.36146,0.01998,1.0088,-0.012,-0.0137,-0.05862,0.01279,-0.02545,0.06898,0.18335,-0.98058,-0.00959,0.70192,-0.01051,-0.71217,-0.00311,50.26,52.84,0.02,0.0733
20:48:51.805,6660.6571,332864,-2.792,1.979,26.037,-9.839,0.2021,0.0447,-1.1208,0.1255,-0.30696,0.04064,1.0071,-0.0095,-0.0107,-0.05902,0.01292,-0.02571,0.06732,0.18302,-0.98076,-0.0088,0.70266,-0.01034,-0.71144,-0.00328,50.25,52.85,0.02,0.0746
20:48:51.832,6660.6771,332865,-2.697,1.848,26.025,-9.834,0.1707,0.0559,-1.1033,0.15002,-0.23848,0.04823,1.0093,-0.0142,-0.0127,-0.05849,0.01306,-0.02518,0.0663,0.18265,-0.98091,-0.0078,0.70265,-0.01136,-0.71144,-0.00224,50.26,52.85,0.02,0.0729
20:48:51.848,6660.6971,332866,-2.621,1.735,26.013,-9.829,0.1406,0.0654,-1.075,0.16827,-0.28352,0.11045,1.0066,-0.0142,-0.0154,-0.05849,0.01332,-0.02518,0.06453,0.18171,-0.98121,-0.00698,0.70194,-0.01171,-0.71214,-0.00189,50.26,52.86,0.02,0.0749
20:48:51.877,6660.7171,332867,-2.24,1.699,26.001,-9.824,0.1362,0.0503,-1.0562,0.12684,-0.36412,0.11884,1.0061,-0.0127,-0.0103,-0.05875,0.01239,-0.02531,0.06225,0.18065,-0.98155,-0.00685,0.70268,-0.01151,-0.71141,-0.00209,50.26,52.85,0.0304,0.0753
20:48:51.907,6660.7371,332868,-1.955,1.603,25.989,-9.819,0.1274,0.0315,-1.0894,0.091,-0.42341,0.13217,1.0068,-0.0105,-0.0151,-0.05875,0.01306,-0.02585,0.05889,0.17939,-0.98199,-0.00634,0.70208,-0.01088,-0.71201,-0.00274,50.26,52.85,0.02,0.0748
20:48:51.910,6660.7571,332869,-1.589,1.505,25.977,-9.815,0.0796,-0.0195,-1.1409,0.09992,-0.51214,0.23715,1.0068,-0.0115,-0.0151,-0.05849,0.01292,-0.02598,0.05459,0.17711,-0.98266,-0.0059,0.70133,-0.01093,-0.71274,-0.00269,50.26,52.84,0.02,0.0748
20:48:51.937,6660.7771,332870,-0.689,1.271,25.966,-9.81,0.0178,-0.0425,-1.2019,0.23702,-0.76208,0.40782,1.011,-0.0098,-0.0112,-0.05889,0.01279,-0.02571,0.04755,0.1732,-0.98373,-0.00455,0.70203,-0.01068,-0.71206,-0.00294,50.28,52.85,0.02,0.0717
20:48:51.953,6660.7971,332871,0.896,0.854,25.955,-9.805,-0.0017,-0.0154,-1.1599,0.42168,-1.36669,0.66469,1.0071,-0.0142,-0.0112,-0.05875,0.01266,-0.02571,0.03422,0.16679,-0.9854,-0.00239,0.70264,-0.01129,-0.71145,-0.00231,50.28,52.87,0.02,0.0746
20:48:51.967,6660.8171,332872,2.934,0.435,25.945,-9.801,0.0198,0.1045,-1.0835,0.47217,-1.87883,0.82177,1.0083,-0.0159,-0.0129,-0.05862,0.01239,-0.02465,0.016,0.15881,-0.98718,-0.00099,0.70257,-0.01232,-0.7115,-0.00127,50.26,52.85,0.02,0.0736
20:48:51.997,6660.8371,332873,5.447,0.165,25.936,-9.797,0.0105,0.0754,-1.1409,0.3055,-2.23522,0.7349,1.0115,-0.011,-0.0105,-0.05942,0.01212,-0.02571,-0.00543,0.15159,-0.98843,-0.00184,0.703,-0.01151,-0.7111,-0.00209,50.28,52.85,0.02,0.0713
20:48:52.012,6660.8571,332874,8.048,0.096,25.929,-9.792,0.0476,0.0273,-1.1333,0.10245,-2.46464,0.64617,1.0129,-0.0142,-0.012,-0.05915,0.01252,-0.02571,-0.02836,0.14522,-0.98898,-0.00474,0.70271,-0.01241,-0.71137,-0.00118,50.28,52.85,0.02,0.0702
20:48:52.028,6660.8771,332875,10.24,-0.269,25.922,-9.788,-0.0503,0.0188,-1.1658,0.32189,-2.15435,0.38624,1.0085,-0.0149,-0.0139,-0.05862,0.01199,-0.02585,-0.0486,0.14121,-0.98877,-0.00509,0.70205,-0.01195,-0.71203,-0.00165,50.26,52.86,0.02,0.0735
20:48:52.057,6660.8971,332876,12.404,-0.879,25.916,-9.785,-0.0713,0.0325,-1.053,0.54345,-1.97715,0.25434,1.0095,-0.0134,-0.0129,-0.05915,0.01159,-0.02518,-0.06714,0.13829,-0.98811,-0.00318,0.70269,-0.01145,-0.7114,-0.00216,50.26,52.85,0.0381,0.0727
20:48:52.072,6660.9171,332877,14.089,-1.496,25.911,-9.781,0.0061,0.0605,-0.6438,0.49429,-1.58106,0.12017,1.0088,-0.0112,-0.0117,-0.05862,0.01212,-0.02518,-0.08191,0.13671,-0.98722,-0.00081,0.70308,-0.01057,-0.71103,-0.00304,50.24,52.85,0.02,0.0733
20:48:52.088,6660.9371,332878,15.377,-1.293,25.907,-9.777,-0.4463,0.0181,-1.1909,-0.22489,-1.22053,0.27579,1.0085,-0.0095,-0.0117,-0.05809,0.02172,-0.02771,-0.09282,0.13424,-0.98658,-0.00511,0.70291,-0.00957,-0.7112,-0.00405,50.25,52.86,0.02,0.0735
20:48:52.117,6660.9571,332879,17.161,-1.139,25.903,-9.774,-0.165,-0.0251,-1.0449,-0.17147,-1.80555,0.40729,1.01,-0.0129,-0.0156,-0.05875,0.01252,-0.02545,-0.10854,0.13043,-0.98545,-0.00936,0.7024,-0.01029,-0.7117,-0.00332,50.24,52.84,0.0364,0.0723
20:48:52.132,6660.9771,332880,18.415,-1.154,25.9,-9.77,-0.1565,0.0063,-1.0129,0.05263,-1.27982,0.14842,1.0115,-0.0117,-0.0127,-0.05849,0.01292,-0.02505,-0.11882,0.12886,-0.98446,-0.01087,0.70274,-0.01117,-0.71135,-0.00243,50.24,52.85,0.0613,0.0713
20:48:52.147,6660.9971,332881,18.939,-1.275,25.897,-9.766,-0.1699,-0.0288,-1.0513,0.03837,-0.66083,-0.09406,1.01,-0.0105,-0.0127,-0.05862,0.01412,-0.02598,-0.12363,0.12977,-0.98374,-0.0111,0.70259,-0.01017,-0.71152,-0.00344,50.25,52.84,0.031,0.0724
20:48:52.177,6661.0171,332882,19.658,-1.347,25.894,-9.763,-0.2742,-0.0242,-1.0728,0.02771,-0.64164,0.10126,1.0093,-0.01,-0.0112,-0.05836,0.01319,-0.02611,-0.12888,0.12879,-0.98319,-0.01147,0.7033,-0.01038,-0.71081,-0.00322,50.25,52.85,0.02,0.0729
20:48:52.192,6661.0371,332883,20.68,-1.46,25.892,-9.759,-0.3796,0.0105,-1.021,0.12391,-0.93355,0.23289,1.0103,-0.0134,-0.0098,-0.05836,0.01319,-0.02598,-0.13736,0.12629,-0.98236,-0.01194,0.7036,-0.01131,-0.7105,-0.00228,50.25,52.85,0.02,0.0722
20:48:52.252,6661.0571,332884,22.028,-1.672,25.89,-9.756,-0.3677,-0.01,-1.052,0.10365,-1.36002,0.23915,1.0088,-0.011,-0.0137,-0.05836,0.01319,-0.02571,-0.15002,0.12371,-0.98083,-0.0131,0.7029,-0.01099,-0.7112,-0.00261,50.26,52.85,0.02,0.0733
20:48:52.253,6661.0771,332885,23.952,-1.752,25.89,-9.752,-0.2727,0.0347,-1.0471,0.03118,-1.90694,0.20877,1.0117,-0.0125,-0.0127,-0.05862,0.01239,-0.02558,-0.16726,0.12143,-0.97828,-0.01577,0.7023,-0.01153,-0.71179,-0.00208,50.26,52.86,0.02,0.0711
20:48:52.255,6661.0971,332886,25.897,-1.864,25.89,-9.749,-0.1919,0.0439,-1.0283,-0.01879,-1.82793,0.06781,1.0088,-0.0107,-0.012,-0.05902,0.01226,-0.02598,-0.18309,0.1206,-0.9755,-0.01853,0.70278,-0.01075,-0.71132,-0.00286,50.26,52.85,0.0448,0.0733
20:48:52.267,6661.1171,332887,27.076,-1.966,25.89,-9.746,-0.303,-0.0862,-1.0225,0.0425,-1.10462,-0.12657,1.0098,-0.0139,-0.0095,-0.05889,0.01159,-0.02611,-0.19242,0.12173,-0.97355,-0.01889,0.70339,-0.01132,-0.71071,-0.00227,50.27,52.85,0.0276,0.0725
20:48:52.298,6661.1371,332888,27.822,-2.097,25.891,-9.743,-0.4194,0.01,-0.9099,0.12417,-0.7409,0.03397,1.0112,-0.0125,-0.0132,-0.05862,0.01226,-0.02531,-0.19983,0.12096,-0.97214,-0.01949,0.70267,-0.01124,-0.71142,-0.00236,50.25,52.86,0.0785,0.0715
20:48:52.313,6661.1571,332889,28.609,-2.215,25.892,-9.739,-0.4092,-0.0103,-0.9729,0.01292,-0.95487,0.21424,1.0034,-0.0115,-0.0132,-0.05849,0.01226,-0.02505,-0.20721,0.11878,-0.97083,-0.02101,0.70213,-0.01046,-0.71196,-0.00316,50.24,52.85,0.0384,0.0773
20:48:52.327,6661.1771,332890,29.618,-2.228,25.894,-9.736,-0.354,-0.011,-0.9919,0.03064,-1.01509,0.2201,1.0066,-0.0134,-0.0127,-0.05902,0.01332,-0.02518,-0.21515,0.1165,-0.96935,-0.02234,0.70254,-0.01135,-0.71155,-0.00226,50.27,52.86,0.0401,0.0749
20:48:52.357,6661.1971,332891,30.228,-2.174,25.895,-9.733,-0.354,0.0327,-0.9253,0.06955,-0.70799,0.1319,1.0081,-0.0134,-0.0127,-0.05862,0.01266,-0.02518,-0.21963,0.11491,-0.96851,-0.02338,0.70296,-0.01219,-0.71112,-0.0014,50.26,52.86,0.0734,0.0738
20:48:52.372,6661.2171,332892,30.483,-2.112,25.897,-9.73,-0.4368,0.0154,-0.9089,0.0405,-0.40795,0.05649,1.0039,-0.0117,-0.0156,-0.05889,0.01226,-0.02518,-0.22246,0.11397,-0.96793,-0.02509,0.70231,-0.01162,-0.71177,-0.00199,50.25,52.85,0.0736,0.0769
20:48:52.387,6661.2371,332893,30.635,-2.053,25.899,-9.727,-0.4663,0.0166,-0.9072,-0.01226,-0.23888,-0.07128,1.0081,-0.0129,-0.0144,-0.05862,0.01386,-0.02545,-0.22445,0.11454,-0.96737,-0.02624,0.70168,-0.01107,-0.7124,-0.00255,50.26,52.86,0.0649,0.0738
20:48:52.419,6661.2571,332894,31.178,-2.028,25.902,-9.723,-0.4663,-0.0117,-0.9539,-0.06195,-0.50002,-0.02878,1.0098,-0.0146,-0.01,-0.05769,0.01199,-0.02478,-0.22806,0.1151,-0.96645,-0.02677,0.70238,-0.01138,-0.71171,-0.00222,50.26,52.85,0.0336,0.0725
20:48:52.432,6661.2771,332895,32.129,-1.998,25.904,-9.72,-0.4287,0.0154,-0.959,-0.04703,-0.9109,0.1299,1.0061,-0.0122,-0.0103,-0.05836,0.01279,-0.02518,-0.23486,0.1138,-0.96491,-0.02882,0.70312,-0.0112,-0.71098,-0.0024,50.25,52.85,0.0421,0.0753
20:48:52.477,6661.2971,332896,32.939,-1.978,25.907,-9.717,-0.3389,0.0176,-0.9207,-0.01998,-1.04293,0.15815,1.0085,-0.0134,-0.0134,-0.05796,0.01279,-0.02558,-0.24248,0.11214,-0.96316,-0.03065,0.70242,-0.01153,-0.71167,-0.00207,50.27,52.86,0.0659,0.0735
20:48:52.478,6661.3171,332897,33.377,-2.026,25.91,-9.714,-0.3809,0.0391,-0.9004,0.01386,-0.53186,0.09539,1.0059,-0.0112,-0.0115,-0.05756,0.01252,-0.02491,-0.2453,0.11108,-0.96254,-0.03171,0.703,-0.01084,-0.7111,-0.00277,50.25,52.87,0.0638,0.0755
20:48:52.492,6661.3371,332898,33.186,-1.893,25.913,-9.71,-0.4473,0.0276,-0.8594,0.00986,-0.12057,0.08767,1.0078,-0.0115,-0.0127,-0.05902,0.01319,-0.02545,-0.24448,0.11012,-0.96282,-0.03274,0.70226,-0.01093,-0.71184,-0.00269,50.26,52.83,0.0569,0.074
20:48:52.523,6661.3571,332899,33.09,-1.87,25.916,-9.707,-0.4592,-0.0176,-0.9106,-0.0461,-0.02411,0.04223,1.0088,-0.0117,-0.0115,-0.05875,0.01399,-0.02598,-0.24267,0.11016,-0.96328,-0.03252,0.70299,-0.01094,-0.71111,-0.00267,50.26,52.87,0.065,0.0733
20:48:52.525,6661.3771,332900,32.793,-1.822,25.919,-9.704,-0.4221,-0.0071,-0.9456,-0.05662,-0.04397,0.00493,1.0071,-0.011,-0.0125,-0.05889,0.01159,-0.02465,-0.24096,0.11044,-0.96367,-0.0329,0.70234,-0.01043,-0.71176,-0.00319,50.26,52.85,0.0533,0.0746
20:48:52.552,6661.3971,332901,32.292,-1.615,25.922,-9.7,-0.4209,0.0193,-0.9221,0.0056,0.20731,-0.10605,1.009,-0.0132,-0.0134,-0.05875,0.01346,-0.02518,-0.2366,0.11163,-0.96463,-0.03247,0.70239,-0.01145,-0.71169,-0.00215,50.25,52.87,0.0696,0.0731
20:48:52.597,6661.4171,332902,31.318,-1.515,25.924,-9.697,-0.4553,-0.0073,-0.9336,0.04477,0.70519,-0.29497,1.0085,-0.0173,-0.0117,-0.05862,0.01426,-0.02585,-0.22805,0.11486,-0.96638,-0.03007,0.70276,-0.01234,-0.71131,-0.00125,50.24,52.85,0.051,0.0735
20:48:52.598,6661.4371,332903,29.625,-1.574,25.926,-9.693,-0.4023,-0.0046,-0.9624,0.08713,1.30167,-0.59155,1.0076,-0.0127,-0.0117,-0.05849,0.01346,-0.02638,-0.21377,0.12096,-0.96901,-0.02624,0.70298,-0.01134,-0.71112,-0.00226,50.24,52.86,0.0477,0.0742
20:48:52.627,6661.4571,332904,27.482,-1.53,25.927,-9.69,-0.301,-0.0137,-0.9861,0.15628,1.65606,-0.82404,1.009,-0.0164,-0.0117,-0.05809,0.01585,-0.02625,-0.19595,0.12926,-0.97183,-0.0208,0.70301,-0.01236,-0.71107,-0.00122,50.25,52.87,0.0567,0.0731
20:48:52.628,6661.4771,332905,25.122,-1.644,25.926,-9.686,-0.2656,-0.0044,-0.99,0.13403,1.79742,-0.71705,1.0078,-0.009,-0.0129,-0.05796,0.01306,-0.02585,-0.17651,0.13651,-0.97466,-0.01574,0.70282,-0.01136,-0.71127,-0.00224,50.24,52.86,0.0612,0.0741
20:48:52.657,6661.4971,332906,22.765,-1.342,25.925,-9.683,-0.3076,0.0439,-0.9348,-0.0826,1.95903,-0.46764,1.01,-0.0115,-0.011,-0.05822,0.01332,-0.02598,-0.15538,0.14144,-0.97757,-0.01414,0.70338,-0.0107,-0.71073,-0.0029,50.26,52.86,0.0688,0.0724
20:48:52.672,6661.5171,332907,20.582,-0.924,25.923,-9.679,-0.2605,-0.0159,-1.0403,-0.23275,1.80035,-0.38104,1.0127,-0.0144,-0.0093,-0.05782,0.01412,-0.02598,-0.13586,0.14586,-0.97984,-0.01327,0.70373,-0.01155,-0.71037,-0.00203,50.25,52.85,0.0256,0.0704
20:48:52.702,6661.5371,332908,18.279,-0.689,25.919,-9.676,-0.1904,-0.0583,-1.1621,-0.19319,1.77317,-0.33894,1.009,-0.012,-0.0112,-0.05809,0.01319,-0.02598,-0.11673,0.14977,-0.98173,-0.01199,0.70312,-0.01099,-0.71099,-0.0026,50.26,52.85,0.02,0.0731
20:48:52.703,6661.5571,332909,15.87,-0.666,25.915,-9.672,-0.2019,-0.0542,-1.1829,0.01839,1.88056,-0.27526,1.0115,-0.0139,-0.0129,-0.05822,0.01252,-0.02531,-0.09684,0.15281,-0.98346,-0.00848,0.70259,-0.01168,-0.71149,-0.00191,50.26,52.84,0.02,0.0712
20:48:52.734,6661.5771,332910,13.585,-0.906,25.91,-9.668,-0.2332,-0.0085,-1.0149,0.19785,2.02192,-0.35519,1.009,-0.0103,-0.0115,-0.05769,0.01252,-0.02585,-0.07701,0.15639,-0.98468,-0.00342,0.70294,-0.01077,-0.71116,-0.00283,50.25,52.85,0.049,0.0732
20:48:52.747,6661.5971,332911,11.617,-0.861,25.904,-9.664,-0.1343,0.0259,-0.9529,0.09366,1.5255,-0.31576,1.0137,-0.0159,-0.0137,-0.05849,0.01279,-0.02585,-0.06051,0.1595,-0.98534,-0.00084,0.7026,-0.01163,-0.71148,-0.00196,50.27,52.85,0.052,0.0696
20:48:52.777,6661.6171,332912,10.159,-0.633,25.897,-9.661,-0.0166,0.0112,-1.0457,-0.14536,1.0047,-0.13856,1.0051,-0.0156,-0.0137,-0.05836,0.01226,-0.02545,-0.04828,0.161,-0.98577,-0.00072,0.70218,-0.01252,-0.71189,-0.00107,50.26,52.84,0.0456,0.076
20:48:52.794,6661.6371,332913,8.358,-0.401,25.89,-9.657,-0.0264,-0.0156,-1.1345,-0.23662,1.38947,-0.19478,1.0049,-0.0088,-0.0149,-0.05822,0.01279,-0.02638,-0.03261,0.16308,-0.98607,-0.00069,0.70204,-0.01147,-0.71204,-0.00213,50.25,52.84,0.02,0.0762
20:48:52.823,6661.6571,332914,6.329,-0.138,25.882,-9.653,-0.0759,0.0347,-1.0542,-0.18093,1.76118,-0.28885,1.0098,-0.0127,-0.0115,-0.05849,0.01306,-0.02491,-0.01376,0.16601,-0.98603,-0.00028,0.70276,-0.01134,-0.71133,-0.00226,50.26,52.86,0.0369,0.0725
20:48:52.825,6661.6771,332915,4.521,-0.003,25.873,-9.649,-0.0566,-0.0547,-1.0847,-0.16907,1.49192,-0.40569,1.0105,-0.0159,-0.012,-0.05836,0.01212,-0.02505,0.00219,0.17007,-0.98543,0.00087,0.70289,-0.01233,-0.71119,-0.00125,50.26,52.86,0.02,0.072
20:48:52.852,6661.6971,332916,3.026,-0.029,25.863,-9.645,-0.0105,-0.0549,-1.1509,-0.05129,1.11181,-0.32175,1.011,-0.0115,-0.0166,-0.05849,0.01319,-0.02571,0.01427,0.17327,-0.98477,0.00258,0.70228,-0.01179,-0.7118,-0.00181,50.26,52.86,0.02,0.0716
20:48:52.868,6661.7171,332917,1.846,-0.093,25.853,-9.641,0.0364,-0.0012,-1.1118,0.02305,0.95194,-0.14029,1.0093,-0.0154,-0.0127,-0.05862,0.01212,-0.02585,0.02517,0.17466,-0.9843,0.00458,0.70283,-0.01246,-0.71124,-0.00112,50.25,52.85,0.02,0.0729
20:48:52.899,6661.7371,332918,0.94,-0.107,25.843,-9.637,0.0115,-0.0261,-1.0889,-0.02811,0.69174,-0.03864,1.0088,-0.0125,-0.0125,-0.05929,0.01172,-0.02598,0.03286,0.17503,-0.984,0.00562,0.70273,-0.01144,-0.71136,-0.00215,50.26,52.84,0.02,0.0733
20:48:52.942,6661.7571,332919,0.474,-0.081,25.832,-9.633,0.0364,-0.0073,-1.064,-0.03637,0.44739,0.03784,1.0081,-0.0117,-0.0095,-0.05809,0.01279,-0.02571,0.0379,0.17464,-0.98388,0.00607,0.70343,-0.01109,-0.71067,-0.0025,50.26,52.85,0.0315,0.0738
20:48:52.943,6661.7771,332920,0.412,0.02,25.822,-9.629,0.0442,0.0137,-1.0493,-0.04303,0.10725,0.07781,1.0137,-0.0125,-0.0098,-0.05889,0.01186,-0.02531,0.03948,0.17388,-0.98396,0.00543,0.70411,-0.01135,-0.71,-0.00223,50.27,52.85,0.0423,0.0696
20:48:52.947,6661.7971,332921,0.413,0.133,25.811,-9.625,0.103,-0.0122,-1.1086,-0.10325,-0.24208,0.10179,1.0122,-0.0098,-0.0137,-0.05862,0.01239,-0.02558,0.03869,0.17286,-0.98418,0.00435,0.70345,-0.01096,-0.71065,-0.00263,50.26,52.85,0.02,0.0707
20:48:52.972,6661.8171,332922,0.476,0.247,25.8,-9.62,0.0952,-0.0085,-1.1255,-0.10525,-0.28978,0.11578,1.0073,-0.0142,-0.0137,-0.05836,0.01292,-0.02571,0.03734,0.1717,-0.98444,0.00321,0.70279,-0.01145,-0.7113,-0.00215,50.26,52.84,0.02,0.0744
20:48:52.987,6661.8371,332923,0.317,0.386,25.79,-9.616,0.0864,0.0083,-1.0942,-0.09353,-0.10019,0.12151,1.0061,-0.0112,-0.0137,-0.05822,0.01239,-0.02665,0.03811,0.17049,-0.98462,0.00211,0.70223,-0.01074,-0.71186,-0.00287,50.25,52.84,0.02,0.0753
20:48:53.019,6661.8571,332924,0.176,0.532,25.779,-9.612,0.0906,0.0107,-1.105,-0.10392,0.04383,0.12231,1.0085,-0.0151,-0.01,-0.05836,0.01346,-0.02505,0.04032,0.16927,-0.98474,0.0012,0.70283,-0.01134,-0.71126,-0.00225,50.24,52.85,0.02,0.0735
20:48:53.032,6661.8771,332925,-0.07,0.694,25.768,-9.608,0.0452,0.0051,-1.0842,-0.13017,0.07168,0.10312,1.0078,-0.0151,-0.0132,-0.05889,0.01306,-0.02545,0.04205,0.16822,-0.98485,5e-05,0.70242,-0.01222,-0.71165,-0.00137,50.25,52.85,0.02,0.074
20:48:53.062,6661.8971,332926,0.039,0.845,25.758,-9.603,0.0928,-0.0039,-1.1313,-0.14735,-0.11658,0.0862,1.0103,-0.0142,-0.0105,-0.05822,0.01292,-0.02558,0.04225,0.16732,-0.985,-0.0012,0.70312,-0.01192,-0.71097,-0.00166,50.26,52.85,0.02,0.0722
20:48:53.065,6661.9171,332927,-0.08,0.946,25.747,-9.599,0.1169,0.0059,-1.1633,-0.09033,-0.12151,0.09459,1.0095,-0.0129,-0.0125,-0.05822,0.01266,-0.02505,0.0427,0.16636,-0.98514,-0.00201,0.7026,-0.0112,-0.71149,-0.0024,50.26,52.84,0.02,0.0728
20:48:53.092,6661.9371,332928,-0.181,0.936,25.736,-9.595,0.011,0.012,-1.1216,0.02332,0.11138,0.10459,1.0117,-0.0125,-0.0112,-0.05862,0.01319,-0.02518,0.04456,0.16537,-0.98522,-0.00161,0.70332,-0.0112,-0.71078,-0.00239,50.26,52.84,0.02,0.0711
20:48:53.109,6661.9571,332929,-0.39,0.892,25.725,-9.59,0.0178,0.0251,-1.0562,0.06422,0.05915,0.02958,1.0078,-0.0146,-0.0125,-0.05809,0.01292,-0.02518,0.04551,0.16515,-0.98522,-0.00108,0.70276,-0.01189,-0.71133,-0.0017,50.25,52.85,0.0375,0.074
20:48:53.139,6661.9771,332930,-0.283,0.868,25.714,-9.586,0.1111,0.012,-1.1223,0.02318,-0.29551,-0.02745,1.0115,-0.01,-0.0144,-0.05796,0.01252,-0.02545,0.04405,0.16544,-0.98523,-0.0011,0.70237,-0.01105,-0.71172,-0.00255,50.25,52.85,0.02,0.0713
20:48:53.152,6661.9971,332931,0.069,0.86,25.704,-9.581,0.1252,0.0247,-1.1125,0.04463,-0.36199,-0.05462,1.0105,-0.0117,-0.0105,-0.05889,0.01279,-0.02585,0.042,0.16602,-0.98523,-0.00134,0.70309,-0.01097,-0.71101,-0.00263,50.25,52.84,0.02,0.072
20:48:53.182,6662.0171,332932,0.097,0.791,25.693,-9.577,0.0947,0.009,-1.113,0.04836,-0.24661,-0.03917,1.0098,-0.0132,-0.0137,-0.05889,0.01332,-0.02611,0.04074,0.16643,-0.98521,-0.00092,0.70243,-0.01138,-0.71166,-0.00222,50.24,52.84,0.02,0.0725
20:48:53.183,6662.0371,332933,0.181,0.687,25.682,-9.573,0.0833,-0.009,-1.1223,0.07488,-0.07594,-0.00133,1.0095,-0.0122,-0.0095,-0.05875,0.01319,-0.02558,0.04091,0.16649,-0.98519,3e-05,0.70315,-0.01123,-0.71095,-0.00237,50.24,52.86,0.02,0.0728
20:48:53.212,6662.0571,332934,0.051,0.577,25.672,-9.569,0.0679,0.011,-1.0557,0.10419,-0.0028,0.05423,1.0103,-0.0156,-0.0134,-0.05862,0.01292,-0.02545,0.04118,0.16603,-0.98526,0.00106,0.70264,-0.01196,-0.71144,-0.00164,50.26,52.85,0.0365,0.0721
20:48:53.244,6662.0771,332935,0.011,0.441,25.661,-9.564,0.0854,-0.0061,-1.0459,0.05596,-0.1756,0.10938,1.0098,-0.0132,-0.0156,-0.05862,0.01279,-0.02598,0.04041,0.16496,-0.98547,0.00218,0.70195,-0.01163,-0.71213,-0.00197,50.25,52.85,0.043,0.0725
20:48:53.245,6662.0971,332936,0.211,0.455,25.65,-9.56,0.0989,-0.0044,-1.0579,-0.03158,-0.2578,0.07781,1.0129,-0.0142,-0.0142,-0.05929,0.01306,-0.02558,0.03949,0.16419,-0.98564,0.00198,0.70253,-0.01219,-0.71154,-0.00141,50.27,52.85,0.0331,0.0702
20:48:53.302,6662.1171,332937,0.264,0.584,25.64,-9.556,0.0417,-0.0034,-1.0769,-0.10086,-0.22276,0.04783,1.012,-0.0142,-0.0161,-0.05875,0.01332,-0.02558,0.03823,0.16371,-0.98577,0.00066,0.70184,-0.01195,-0.71223,-0.00165,50.26,52.85,0.0217,0.0708
20:48:53.303,6662.1371,332938,0.57,0.733,25.629,-9.552,0.03,-0.0059,-1.1436,-0.11351,-0.24221,0.0445,1.0042,-0.0144,-0.0107,-0.05836,0.01346,-0.02598,0.03684,0.16325,-0.9859,-0.00081,0.70262,-0.01192,-0.71147,-0.00167,50.26,52.85,0.02,0.0767
20:48:53.305,6662.1571,332939,0.805,0.82,25.619,-9.548,0.0574,0.0039,-1.1821,-0.06328,-0.3909,0.05702,1.0088,-0.0139,-0.0164,-0.05875,0.01319,-0.02545,0.0339,0.16269,-0.98609,-0.00199,0.70188,-0.01181,-0.71219,-0.00179,50.26,52.86,0.02,0.0732
20:48:53.349,6662.1771,332940,1.21,0.882,25.609,-9.543,0.0925,0.0598,-1.1641,0.01026,-0.43274,0.01665,1.0137,-0.0107,-0.0134,-0.05836,0.01212,-0.02558,0.03101,0.16257,-0.98621,-0.00297,0.70224,-0.01097,-0.71185,-0.00264,50.27,52.87,0.02,0.0696
20:48:53.350,6662.1971,332941,1.444,0.919,25.599,-9.539,0.0852,0.0474,-1.1409,0.02705,-0.24448,-0.04583,1.0088,-0.0117,-0.0137,-0.05849,0.01319,-0.02585,0.03,0.16306,-0.98615,-0.00346,0.70294,-0.01061,-0.71117,-0.003,50.26,52.87,0.02,0.0733
20:48:53.377,6662.2171,332942,1.343,0.906,25.589,-9.535,0.0242,0.0247,-1.1145,0.04157,-0.07821,0.01985,1.0076,-0.0122,-0.0134,-0.05822,0.01212,-0.02585,0.02999,0.16291,-0.98618,-0.00333,0.70232,-0.0112,-0.71177,-0.00242,50.26,52.86,0.02,0.0742
20:48:53.422,6662.2371,332943,1.595,0.876,25.579,-9.53,-0.0173,0.0266,-1.1018,0.05782,-0.19811,0.07088,1.0122,-0.0125,-0.0117,-0.05849,0.01266,-0.02585,0.02876,0.16226,-0.98632,-0.0032,0.70303,-0.01121,-0.71107,-0.0024,50.26,52.85,0.02,0.0707
20:48:53.423,6662.2571,332944,1.839,0.829,25.569,-9.526,0.0156,0.0208,-1.1023,0.06448,-0.26793,0.03917,1.0061,-0.0098,-0.0112,-0.05836,0.01226,-0.02478,0.02682,0.16192,-0.98643,-0.00312,0.70317,-0.01016,-0.71094,-0.00345,50.26,52.83,0.02,0.0753
20:48:53.425,6662.2771,332945,2.144,0.769,25.559,-9.522,0.0391,0.0151,-1.1055,0.083,-0.28685,0.00933,1.0054,-0.0142,-0.009,-0.05915,0.01226,-0.02558,0.02466,0.16188,-0.9865,-0.00283,0.70358,-0.01106,-0.71052,-0.00254,50.25,52.85,0.02,0.0758
20:48:53.454,6662.2971,332946,2.122,0.62,25.55,-9.517,0.0422,-0.01,-1.1025,0.11405,-0.17134,-0.02292,1.0142,-0.0088,-0.0161,-0.05822,0.01252,-0.02545,0.02378,0.16215,-0.98648,-0.00169,0.70293,-0.01071,-0.71117,-0.0029,50.26,52.85,0.02,0.0692
20:48:53.467,6662.3171,332947,1.812,0.463,25.54,-9.513,0.0291,-0.001,-1.0842,0.13563,0.08673,-0.07901,1.0093,-0.0117,-0.0151,-0.05915,0.01212,-0.02558,0.02524,0.163,-0.9863,-0.00011,0.70221,-0.01087,-0.71188,-0.00275,50.25,52.85,0.02,0.0729
20:48:53.497,6662.3371,332948,1.576,0.292,25.53,-9.509,0.0181,-0.0063,-1.0293,0.11684,0.10632,-0.09939,1.0093,-0.0093,-0.0168,-0.05929,0.01266,-0.02518,0.02618,0.16403,-0.98611,0.00145,0.70156,-0.0104,-0.71253,-0.00323,50.26,52.85,0.0579,0.0729
20:48:53.557,6662.3571,332949,1.728,0.208,25.52,-9.505,0.0676,-0.0208,-1.0869,0.06022,-0.15961,-0.05502,1.0081,-0.0095,-0.0117,-0.05875,0.01199,-0.02545,0.0258,0.16461,-0.98602,0.00213,0.7023,-0.01029,-0.7118,-0.00334,50.26,52.84,0.02,0.0738
20:48:53.558,6662.3771,332950,1.832,0.166,25.51,-9.501,0.114,-0.0103,-1.1174,0.05636,-0.18599,-0.05409,1.0085,-0.0146,-0.0112,-0.05822,0.01239,-0.02571,0.02544,0.16518,-0.98593,0.0025,0.70273,-0.01112,-0.71136,-0.00249,50.26,52.85,0.02,0.0735
20:48:53.560,6662.3971,332951,1.539,0.156,25.501,-9.497,0.0725,0.0278,-1.0554,0.08314,0.18399,-0.29711,1.0073,-0.0142,-0.01,-0.05809,0.01319,-0.02611,0.02885,0.16817,-0.98533,0.00302,0.70338,-0.01164,-0.71072,-0.00195,50.25,52.84,0.0363,0.0744
20:48:53.572,6662.4171,332952,0.948,0.201,25.49,-9.493,0.0708,0.0151,-1.0645,0.01372,0.2566,-0.32269,1.0054,-0.0154,-0.0139,-0.05889,0.01319,-0.02545,0.03302,0.17138,-0.98465,0.00307,0.70266,-0.01202,-0.71142,-0.00158,50.24,52.85,0.0298,0.0758
20:48:53.587,6662.4371,332953,0.87,0.239,25.48,-9.489,0.1047,-0.0015,-1.1013,-0.02545,0.00866,-0.08434,1.0115,-0.0139,-0.0098,-0.05862,0.01306,-0.02558,0.03472,0.17222,-0.98444,0.00294,0.70336,-0.01179,-0.71073,-0.0018,50.26,52.86,0.02,0.0713
20:48:53.617,6662.4571,332954,0.926,0.265,25.47,-9.485,0.0659,-0.0005,-1.1255,-0.02265,-0.10405,0.04863,1.0085,-0.011,-0.01,-0.05782,0.01372,-0.02571,0.03456,0.17176,-0.98453,0.00267,0.70357,-0.01079,-0.71054,-0.00281,50.26,52.86,0.02,0.0735
20:48:53.647,6662.4771,332955,1.009,0.301,25.46,-9.481,0.0564,0.0012,-1.1145,-0.01306,-0.23702,0.11151,1.0132,-0.0156,-0.0149,-0.05742,0.01332,-0.02505,0.03305,0.17069,-0.98477,0.0022,0.70297,-0.01132,-0.71112,-0.00228,50.26,52.86,0.02,0.0699
20:48:53.648,6662.4971,332956,1.187,0.427,25.45,-9.477,0.0879,0.031,-1.1064,-0.04303,-0.39303,0.10006,1.009,-0.0142,-0.0139,-0.05809,0.01226,-0.02518,0.03072,0.16973,-0.98501,0.00082,0.70231,-0.01177,-0.71178,-0.00184,50.26,52.84,0.02,0.0731
20:48:53.678,6662.5171,332957,1.585,0.53,25.44,-9.473,0.0938,0.0142,-1.115,-0.05143,-0.40662,0.11351,1.0093,-0.0139,-0.0132,-0.05796,0.01159,-0.02558,0.0284,0.16863,-0.98527,-0.00037,0.70302,-0.01153,-0.71107,-0.00206,50.26,52.85,0.02,0.0729
20:48:53.692,6662.5371,332958,1.979,0.609,25.431,-9.469,-0.0005,-0.0159,-1.1211,-0.05702,-0.36345,0.14615,1.0076,-0.0132,-0.0115,-0.05902,0.01212,-0.02611,0.02573,0.1672,-0.98559,-0.00143,0.70347,-0.0107,-0.71064,-0.00291,50.27,52.85,0.02,0.0742
20:48:53.722,6662.5571,332959,2.287,0.711,25.421,-9.465,0.0234,0.0044,-1.1069,-0.06022,-0.3937,0.11591,1.0117,-0.0161,-0.012,-0.05862,0.01292,-0.02558,0.02276,0.16607,-0.98585,-0.00265,0.70318,-0.01161,-0.71092,-0.00199,50.25,52.85,0.02,0.0711
20:48:53.723,6662.5771,332960,2.588,0.755,25.412,-9.46,0.0488,0.0078,-1.1023,-0.0449,-0.48496,0.06528,1.0095,-0.0137,-0.0115,-0.05875,0.01346,-0.02545,0.0192,0.16543,-0.98603,-0.00352,0.70245,-0.01177,-0.71163,-0.00183,50.26,52.85,0.02,0.0728
20:48:53.769,6662.5971,332961,2.878,0.814,25.402,-9.456,0.0603,0.0232,-1.1208,0.00413,-0.40875,0.06408,1.009,-0.0166,-0.0132,-0.05849,0.01306,-0.02611,0.01676,0.16482,-0.98617,-0.00427,0.70247,-0.0128,-0.7116,-0.00079,50.26,52.87,0.02,0.0731
20:48:53.770,6662.6171,332962,2.751,0.82,25.393,-9.452,0.0691,0.0154,-1.1196,0.0056,-0.0934,-0.00373,1.0049,-0.0139,-0.0142,-0.05836,0.01252,-0.02531,0.01742,0.16489,-0.98615,-0.00433,0.70213,-0.01184,-0.71195,-0.00177,50.26,52.84,0.02,0.0762
20:48:53.797,6662.6371,332963,2.471,0.768,25.384,-9.448,0.0364,0.0085,-1.1123,0.01625,0.21637,-0.02878,1.0103,-0.0134,-0.0132,-0.05836,0.01319,-0.02558,0.02065,0.16521,-0.98604,-0.00346,0.70274,-0.01129,-0.71135,-0.00231,50.26,52.86,0.02,0.0721
20:48:53.813,6662.6571,332964,1.563,0.717,25.374,-9.444,0.0088,-0.0088,-1.1052,0.02758,0.67935,-0.07927,1.0078,-0.0154,-0.0129,-0.05836,0.01359,-0.02545,0.02814,0.16606,-0.98571,-0.00195,0.70256,-0.0123,-0.71152,-0.00129,50.25,52.85,0.02,0.074
20:48:53.827,6662.6771,332965,0.22,0.637,25.364,-9.44,0.0349,0.0063,-1.1045,0.03744,1.11048,-0.23609,1.0122,-0.0085,-0.0122,-0.05822,0.01372,-0.02585,0.03983,0.16847,-0.9849,0.00023,0.70266,-0.01132,-0.71143,-0.00229,50.25,52.86,0.02,0.0708
20:48:53.857,6662.6971,332966,-1.815,0.467,25.352,-9.435,0.1672,-0.0183,-1.1868,0.08753,1.65979,-0.41328,1.0098,-0.0122,-0.0125,-0.05822,0.01292,-0.02585,0.05756,0.17262,-0.9833,0.00392,0.7029,-0.01036,-0.7112,-0.00326,50.26,52.85,0.02,0.0725
20:48:53.872,6662.7171,332967,-5.16,0.183,25.34,-9.431,0.1201,0.009,-1.1321,0.11231,2.77054,-0.58675,1.0088,-0.0137,-0.0142,-0.05809,0.01279,-0.02558,0.08549,0.17846,-0.98018,0.00955,0.70242,-0.01114,-0.71167,-0.00247,50.25,52.85,0.02,0.0733
20:48:53.888,6662.7371,332968,-8.772,-0.003,25.326,-9.428,0.1997,0.082,-1.0688,0.04783,3.07791,-0.40902,1.0132,-0.009,-0.0117,-0.05889,0.01239,-0.02571,0.11701,0.18234,-0.97614,0.01477,0.70283,-0.01033,-0.71127,-0.00328,50.26,52.85,0.02,0.07
20:48:53.919,6662.7571,332969,-11.861,0.027,25.311,-9.424,0.3679,0.0945,-1.1404,-0.14682,2.43134,-0.14749,1.0105,-0.0103,-0.0137,-0.05849,0.01119,-0.02545,0.14261,0.18327,-0.97251,0.01739,0.70212,-0.0105,-0.71198,-0.00312,50.25,52.84,0.02,0.072
20:48:53.932,6662.7771,332970,-14.027,0.127,25.295,-9.42,0.4797,0.071,-1.1191,-0.19998,1.76278,0.2626,1.0093,-0.0127,-0.0134,-0.05836,0.01066,-0.02585,0.16166,0.1801,-0.97009,0.01899,0.70242,-0.01142,-0.71167,-0.00219,50.27,52.84,0.02,0.0729
20:48:53.947,6662.7971,332971,-15.846,0.328,25.278,-9.416,0.5017,0.0403,-1.1079,-0.26966,1.46394,0.39383,1.0063,-0.0149,-0.0125,-0.05875,0.01039,-0.02545,0.17784,0.17551,-0.96808,0.01965,0.70279,-0.01232,-0.71129,-0.00127,50.26,52.84,0.02,0.0751
20:48:53.978,6662.8171,332972,-17.676,0.587,25.26,-9.412,0.4219,0.0444,-1.114,-0.21743,1.36069,0.35586,1.0095,-0.0144,-0.0142,-0.05902,0.01212,-0.02558,0.19269,0.17143,-0.96596,0.02018,0.70213,-0.0119,-0.71195,-0.00171,50.25,52.85,0.02,0.0727
20:48:54.022,6662.8371,332973,-19.536,0.769,25.242,-9.408,0.4312,0.0344,-1.0828,-0.18159,1.62995,0.38744,1.0088,-0.0132,-0.0103,-0.05875,0.01266,-0.02545,0.20953,0.167,-0.96319,0.02179,0.70285,-0.01167,-0.71124,-0.00193,50.25,52.85,0.02,0.0733
20:48:54.023,6662.8571,332974,-21.817,0.998,25.223,-9.403,0.3359,-0.0332,-0.9717,-0.24594,1.88882,0.261,1.0078,-0.0115,-0.0134,-0.05809,0.01146,-0.02531,0.22828,0.16341,-0.95949,0.02354,0.70237,-0.01087,-0.71172,-0.00275,50.24,52.84,0.0585,0.074
20:48:54.027,6662.8771,332975,-23.248,1.031,25.203,-9.399,0.3608,0.0254,-0.9373,-0.09619,1.27089,0.33001,1.0117,-0.0142,-0.0134,-0.05809,0.01292,-0.02518,0.24035,0.15975,-0.95712,0.02524,0.70241,-0.01186,-0.71167,-0.00174,50.26,52.84,0.0765,0.0711
20:48:54.053,6662.8971,332976,-23.946,1.238,25.183,-9.395,0.4353,0.019,-0.9797,-0.11178,0.58888,0.36585,1.0083,-0.0127,-0.0127,-0.05889,0.01292,-0.02518,0.24678,0.15578,-0.95612,0.02594,0.70277,-0.01096,-0.71132,-0.00265,50.26,52.85,0.0258,0.0737
20:48:54.067,6662.9171,332977,-24.384,1.36,25.162,-9.39,0.4543,0.0657,-1.011,-0.12457,0.28232,0.32015,1.0088,-0.0142,-0.0125,-0.05836,0.01239,-0.02545,0.25045,0.15233,-0.95572,0.02575,0.7027,-0.01198,-0.71138,-0.00161,50.24,52.84,0.02,0.0733
20:48:54.097,6662.9371,332978,-24.612,1.725,25.142,-9.386,0.5027,0.0476,-1.0728,-0.21557,0.18506,0.26313,1.0076,-0.0103,-0.01,-0.05929,0.01292,-0.02598,0.2533,0.14921,-0.9555,0.02446,0.70317,-0.01117,-0.71093,-0.00243,50.26,52.85,0.02,0.0742
20:48:54.128,6662.9571,332979,-25.164,1.988,25.122,-9.381,0.5156,0.0364,-1.0488,-0.24475,0.37944,0.2157,1.0054,-0.0154,-0.0115,-0.05875,0.01319,-0.02531,0.25806,0.14639,-0.95469,0.02312,0.70305,-0.01222,-0.71103,-0.00137,50.27,52.85,0.02,0.0758
20:48:54.131,6662.9771,332980,-25.696,2.202,25.101,-9.376,0.4126,0.0295,-0.9592,-0.11911,0.34307,0.14336,1.0095,-0.0129,-0.0151,-0.05849,0.01319,-0.02531,0.2618,0.14462,-0.95395,0.0227,0.7024,-0.01178,-0.71169,-0.00182,50.27,52.84,0.0466,0.0727
20:48:54.157,6662.9971,332981,-25.113,2.4,25.08,-9.372,0.4136,0.0615,-0.9263,-0.06808,-0.42781,0.06768,1.0083,-0.0107,-0.0112,-0.05782,0.01226,-0.02598,0.25784,0.14399,-0.95517,0.02108,0.70289,-0.01101,-0.7112,-0.0026,50.26,52.84,0.0678,0.0737
20:48:54.172,6663.0171,332982,-23.675,2.583,25.06,-9.367,0.5015,0.084,-0.9883,-0.15082,-1.4361,-0.12097,1.0085,-0.0139,-0.0142,-0.05822,0.01346,-0.02558,0.24528,0.14512,-0.95838,0.01693,0.70227,-0.01158,-0.71181,-0.00203,50.27,52.86,0.02,0.0735
20:48:54.189,6663.0371,332983,-21.504,2.799,25.041,-9.362,0.501,0.0676,-1.1372,-0.16081,-2.0872,-0.51974,1.009,-0.0137,-0.0176,-0.05849,0.01292,-0.02558,0.22646,0.15011,-0.96232,0.0109,0.70154,-0.01163,-0.71253,-0.00199,50.25,52.86,0.02,0.0731
20:48:54.217,6663.0571,332984,-19.565,2.879,25.023,-9.357,0.3984,0.0789,-1.0625,0.00879,-1.72641,-0.46524,1.0115,-0.0078,-0.0137,-0.05902,0.01319,-0.02545,0.21074,0.15483,-0.96518,0.00715,0.70187,-0.01074,-0.71222,-0.00289,50.25,52.84,0.02,0.0713
20:48:54.247,6663.0771,332985,-17.339,3.052,25.006,-9.352,0.3599,0.0669,-1.0776,-0.11191,-1.93265,-0.44632,1.0095,-0.0122,-0.0112,-0.05822,0.01292,-0.02571,0.19314,0.15909,-0.96819,0.00201,0.70258,-0.01095,-0.71151,-0.00267,50.25,52.86,0.02,0.0728
20:48:54.248,6663.0971,332986,-14.539,3.349,24.99,-9.347,0.3511,0.0691,-1.0425,-0.20384,-2.6156,-0.45645,1.0105,-0.0146,-0.0149,-0.05849,0.01292,-0.02611,0.169,0.16328,-0.97198,-0.00514,0.70208,-0.01167,-0.712,-0.00194,50.25,52.86,0.02,0.072
20:48:54.277,6663.1171,332987,-10.806,3.838,24.975,-9.341,0.3137,0.0806,-1.0864,-0.27925,-3.31479,-0.42767,1.0073,-0.01,-0.0132,-0.05836,0.01319,-0.02598,0.1381,0.16699,-0.97614,-0.01412,0.70236,-0.0107,-0.71174,-0.00293,50.25,52.83,0.02,0.0744
20:48:54.307,6663.1371,332988,-6.695,4.267,24.962,-9.336,0.2778,0.0359,-1.1941,-0.26127,-3.60217,-0.33721,1.0103,-0.0105,-0.0125,-0.05889,0.01306,-0.02545,0.10426,0.16959,-0.97971,-0.02294,0.70304,-0.01037,-0.71106,-0.00325,50.27,52.87,0.02,0.0722
20:48:54.308,6663.1571,332989,-3.273,4.645,24.951,-9.33,0.1846,0.0498,-1.1899,-0.23315,-3.11734,-0.13896,1.0076,-0.0159,-0.012,-0.05849,0.01239,-0.02571,0.07498,0.17017,-0.98209,-0.03046,0.70296,-0.0114,-0.71113,-0.00221,50.24,52.85,0.02,0.0742
20:48:54.369,6663.1771,332990,-0.619,4.919,24.941,-9.324,0.0669,0.1523,-1.0891,-0.10019,-2.42574,-0.03624,1.0083,-0.0117,-0.012,-0.05836,0.01226,-0.02571,0.05224,0.16987,-0.98343,-0.0359,0.70278,-0.0104,-0.71132,-0.00322,50.25,52.86,0.02,0.0737
20:48:54.370,6663.1971,332991,1.255,5.12,24.931,-9.318,-0.0005,0.0847,-1.0273,-0.09433,-1.66606,0.06781,1.0078,-0.0151,-0.0125,-0.05915,0.01226,-0.02611,0.03611,0.16871,-0.9842,-0.03976,0.70274,-0.01144,-0.71135,-0.00217,50.25,52.87,0.0569,0.074
20:48:54.371,6663.2171,332992,2.6,5.239,24.922,-9.312,0.0488,0.0847,-1.0474,-0.09699,-1.23679,0.03091,1.0076,-0.0122,-0.0125,-0.05862,0.01266,-0.02585,0.02462,0.16799,-0.98457,-0.04239,0.70262,-0.01041,-0.71148,-0.00322,50.25,52.86,0.041,0.0742
20:48:54.414,6663.2371,332993,3.559,5.429,24.913,-9.306,0.0818,0.0635,-1.1428,-0.12923,-1.03734,0.06728,1.0088,-0.0127,-0.0134,-0.05915,0.01279,-0.02518,0.01609,0.16694,-0.9848,-0.04509,0.70237,-0.01138,-0.71172,-0.00224,50.26,52.87,0.02,0.0733
20:48:54.415,6663.2571,332994,4.318,5.56,24.905,-9.3,-0.0364,0.0518,-1.1116,-0.10645,-0.68228,0.13763,1.0088,-0.0115,-0.0127,-0.05782,0.01226,-0.02545,0.01048,0.16537,-0.98505,-0.04706,0.70281,-0.01055,-0.71129,-0.00307,50.26,52.86,0.02,0.0733
20:48:54.427,6663.2771,332995,4.91,5.559,24.897,-9.294,-0.0342,0.0935,-1.0586,0.01466,-0.49189,0.15908,1.01,-0.0098,-0.0117,-0.05822,0.01306,-0.02545,0.00624,0.16369,-0.98534,-0.04771,0.70331,-0.0098,-0.71081,-0.00382,50.25,52.86,0.0325,0.0724
20:48:54.487,6663.2971,332996,5.276,5.633,24.889,-9.288,0.0024,0.1025,-1.0396,0.01319,-0.57756,0.11831,1.0142,-0.0149,-0.0129,-0.05902,0.01199,-0.02598,0.00269,0.1623,-0.98553,-0.04872,0.70302,-0.01069,-0.71108,-0.00293,50.26,52.84,0.0465,0.0692
20:48:54.488,6663.3171,332997,5.865,5.724,24.881,-9.282,0.0317,0.0986,-1.1006,-0.05036,-0.77141,0.1247,1.0129,-0.011,-0.012,-0.05836,0.01279,-0.02571,-0.0032,0.16077,-0.9857,-0.05036,0.70232,-0.01067,-0.71178,-0.00296,50.27,52.85,0.02,0.0702
20:48:54.491,6663.3371,332998,6.415,5.816,24.874,-9.276,-0.0161,0.0842,-1.124,-0.06462,-0.60034,0.09553,1.0066,-0.0144,-0.0129,-0.05942,0.01319,-0.02558,-0.0077,0.15963,-0.9858,-0.05161,0.70252,-0.01168,-0.71157,-0.00193,50.26,52.85,0.02,0.0749
20:48:54.517,6663.3571,332999,6.77,5.868,24.866,-9.27,-0.0632,0.1038,-1.0583,-0.02198,-0.2554,0.02278,1.0034,-0.0132,-0.0112,-0.05862,0.01466,-0.02585,-0.00959,0.15941,-0.98578,-0.05233,0.70329,-0.01145,-0.7108,-0.00216,50.27,52.85,0.0311,0.0773
20:48:54.532,6663.3771,333000,7.11,5.943,24.859,-9.264,-0.0515,0.1089,-1.0852,-0.03291,-0.47897,0.11072,1.0105,-0.0137,-0.0137,-0.05875,0.01279,-0.02545,-0.01339,0.15819,-0.98587,-0.05352,0.70258,-0.01159,-0.71151,-0.00202,50.26,52.85,0.02,0.072
20:48:54.562,6663.3971,333001,7.628,5.997,24.852,-9.258,-0.0166,0.1167,-1.1301,-0.02904,-0.53972,0.07115,1.009,-0.0107,-0.0115,-0.05862,0.01266,-0.02505,-0.01704,0.15729,-0.98589,-0.05466,0.70299,-0.01074,-0.71111,-0.00288,50.26,52.85,0.02,0.0732
20:48:54.592,6663.4171,333002,7.646,6.057,24.845,-9.251,-0.0205,0.1389,-1.1328,0.00919,-0.24195,-0.04823,1.0095,-0.0149,-0.0137,-0.05822,0.01372,-0.02585,-0.01789,0.15771,-0.98578,-0.05513,0.70256,-0.01157,-0.71153,-0.00205,50.27,52.84,0.02,0.0727
20:48:54.593,6663.4371,333003,7.467,6.006,24.838,-9.245,-0.0078,0.1243,-1.1123,0.04983,-0.02571,-0.00067,1.0073,-0.0107,-0.0137,-0.05782,0.01319,-0.02558,-0.01663,0.15778,-0.98582,-0.05472,0.70227,-0.0106,-0.71182,-0.00303,50.27,52.83,0.02,0.0744
20:48:54.622,6663.4571,333004,7.33,5.992,24.831,-9.239,-0.0564,0.127,-1.1033,0.08367,0.08434,0.05263,1.0083,-0.0122,-0.012,-0.05849,0.01332,-0.02585,-0.01467,0.15738,-0.98594,-0.05421,0.7029,-0.01114,-0.7112,-0.00247,50.27,52.86,0.02,0.0737
20:48:54.623,6663.4771,333005,6.832,5.834,24.824,-9.233,-0.071,0.0784,-1.1421,0.10938,0.24048,-0.00719,1.0112,-0.012,-0.0129,-0.05836,0.01279,-0.02585,-0.0115,0.15769,-0.98603,-0.05246,0.7022,-0.01094,-0.71189,-0.00269,50.27,52.85,0.02,0.0715
20:48:54.654,6663.4971,333006,5.627,5.595,24.816,-9.227,0.0376,0.0273,-1.2681,0.18519,0.98951,-0.14642,1.0085,-0.0151,-0.0103,-0.05796,0.01346,-0.02558,-0.0007,0.15975,-0.98595,-0.04875,0.70281,-0.01151,-0.71128,-0.00211,50.27,52.85,0.02,0.0735
20:48:54.667,6663.5171,333007,2.881,5.041,24.807,-9.221,0.0706,0.082,-1.1609,0.4322,2.21324,-0.37798,1.0056,-0.0151,-0.0125,-0.05782,0.01239,-0.02558,0.0218,0.16476,-0.98525,-0.04079,0.70263,-0.01254,-0.71145,-0.00106,50.26,52.84,0.02,0.0757
20:48:54.727,6663.5371,333008,-0.434,4.458,24.797,-9.216,0.1179,0.1418,-0.9956,0.48936,2.73271,-0.30843,1.0061,-0.0083,-0.0095,-0.05822,0.01226,-0.02545,0.05031,0.16924,-0.98377,-0.03207,0.703,-0.01162,-0.71109,-0.00199,50.27,52.87,0.0706,0.0754
20:48:54.728,6663.5571,333009,-3.049,3.947,24.786,-9.211,0.0906,0.0679,-1.0869,0.34267,2.09733,-0.05169,1.01,-0.0129,-0.0129,-0.05836,0.01252,-0.02531,0.07139,0.17075,-0.98241,-0.02483,0.70233,-0.01123,-0.71176,-0.0024,50.27,52.83,0.02,0.0724
20:48:54.731,6663.5771,333010,-6.142,3.517,24.773,-9.205,0.3003,0.0076,-1.2119,0.25727,2.62812,0.04277,1.0076,-0.0161,-0.0105,-0.05849,0.01199,-0.02558,0.0983,0.1713,-0.98015,-0.01754,0.7029,-0.01189,-0.71118,-0.00172,50.26,52.85,0.02,0.0742
20:48:54.757,6663.5971,333011,-10.5,3.048,24.759,-9.2,0.2854,0.1052,-1.0959,0.3023,3.58685,0.14043,1.0134,-0.0122,-0.0134,-0.05809,0.01252,-0.02505,0.13461,0.17108,-0.97598,-0.00838,0.70244,-0.01116,-0.71165,-0.00247,50.26,52.85,0.02,0.0698
20:48:54.772,6663.6171,333012,-14.221,2.755,24.743,-9.196,0.3394,0.1062,-1.1003,0.1768,3.19395,0.32642,1.0076,-0.0122,-0.0129,-0.05849,0.01132,-0.02465,0.16712,0.16856,-0.97142,-0.00096,0.70318,-0.01102,-0.71092,-0.00259,50.27,52.85,0.02,0.0742
20:48:54.802,6663.6371,333013,-17.403,2.462,24.727,-9.191,0.4519,0.0554,-1.1365,0.16281,2.51727,0.40929,1.009,-0.0125,-0.0122,-0.05849,0.01346,-0.02505,0.19288,0.16493,-0.96725,0.00568,0.7025,-0.01141,-0.71159,-0.00221,50.27,52.85,0.02,0.0731
20:48:54.803,6663.6571,333014,-20.175,2.19,24.708,-9.186,0.3496,0.0994,-0.9509,0.30204,2.46265,0.37691,1.0093,-0.0117,-0.0115,-0.05889,0.01239,-0.02505,0.21684,0.16206,-0.96258,0.0122,0.70313,-0.01089,-0.71097,-0.00273,50.26,52.85,0.0665,0.0729
20:48:54.833,6663.6771,333015,-22.483,2.002,24.689,-9.182,0.3606,0.0752,-0.877,0.18612,2.06149,0.55238,1.0076,-0.0112,-0.0093,-0.05836,0.01186,-0.02531,0.23695,0.15707,-0.95857,0.01792,0.70387,-0.01076,-0.71024,-0.00285,50.27,52.85,0.0434,0.0742
20:48:54.847,6663.6971,333016,-23.982,2.139,24.67,-9.177,0.397,0.0269,-0.9558,-0.12724,1.18256,0.41661,1.0093,-0.0134,-0.0151,-0.05862,0.01159,-0.02531,0.24862,0.15254,-0.95632,0.01951,0.70317,-0.01103,-0.71093,-0.00258,50.24,52.84,0.0535,0.0729
20:48:54.877,6663.7171,333017,-24.911,2.34,24.65,-9.173,0.5627,0.0039,-0.989,-0.1768,0.57249,0.48683,1.0081,-0.0125,-0.0134,-0.05809,0.01226,-0.02558,0.25554,0.14718,-0.95532,0.02022,0.70244,-0.01123,-0.71165,-0.0024,50.26,52.84,0.02,0.0738
20:48:54.894,6663.7371,333018,-25.791,2.555,24.63,-9.168,0.6631,0.0203,-0.9849,-0.12017,0.5236,0.46884,1.0093,-0.0112,-0.0154,-0.05875,0.01346,-0.02518,0.2621,0.14219,-0.95427,0.02112,0.70176,-0.01084,-0.71232,-0.0028,50.25,52.85,0.02,0.0729
20:48:54.907,6663.7571,333019,-26.672,2.842,24.609,-9.163,0.6492,0.0383,-1.0171,-0.14855,0.70759,0.342,1.0088,-0.0088,-0.0125,-0.05875,0.01252,-0.02585,0.2705,0.1383,-0.95249,0.02161,0.70237,-0.01026,-0.71173,-0.00338,50.27,52.85,0.02,0.0733
20:48:54.952,6663.7771,333020,-27.789,3.153,24.588,-9.158,0.5344,0.0728,-1.0281,-0.21863,0.96499,0.3095,1.0093,-0.0117,-0.012,-0.05836,0.01226,-0.02558,0.28079,0.13454,-0.95005,0.02145,0.7029,-0.01097,-0.7112,-0.00265,50.26,52.85,0.02,0.0729
20:48:54.953,6663.7971,333021,-29.312,3.597,24.566,-9.153,0.4756,0.0547,-0.9578,-0.27672,1.16577,0.39916,1.0073,-0.0132,-0.0156,-0.05875,0.01306,-0.02571,0.29287,0.12969,-0.94708,0.02131,0.70218,-0.01126,-0.71191,-0.00236,50.26,52.85,0.0269,0.0744
20:48:54.969,6663.8171,333022,-30.167,3.929,24.544,-9.148,0.5737,0.0322,-0.9851,-0.2646,0.6988,0.22756,1.0054,-0.0159,-0.0132,-0.05929,0.01266,-0.02558,0.3006,0.12654,-0.9451,0.02029,0.70241,-0.01228,-0.71166,-0.00133,50.27,52.85,0.02,0.0758
20:48:54.997,6663.8371,333023,-31.276,4.443,24.522,-9.142,0.741,0.0188,-0.9902,-0.27073,0.77247,0.30603,1.009,-0.0129,-0.0151,-0.05796,0.01279,-0.02585,0.30959,0.12252,-0.94274,0.01979,0.7019,-0.01154,-0.71218,-0.00209,50.26,52.85,0.02,0.0731
20:48:55.012,6663.8571,333024,-32.873,5.161,24.499,-9.137,0.7202,0.0718,-0.8948,-0.3436,1.35509,0.25301,1.01,-0.011,-0.0127,-0.05796,0.01279,-0.02545,0.32422,0.11873,-0.93831,0.0188,0.70247,-0.0109,-0.71162,-0.00273,50.25,52.84,0.02,0.0724
20:48:55.027,6663.8771,333025,-34.401,5.797,24.475,-9.131,0.5964,0.0632,-0.9282,-0.35306,1.36442,0.2217,1.0107,-0.0134,-0.0105,-0.05862,0.01279,-0.02518,0.33824,0.11518,-0.93382,0.01764,0.70312,-0.01133,-0.71097,-0.00229,50.26,52.82,0.02,0.0719
20:48:55.072,6663.8971,333026,-35.413,6.205,24.451,-9.125,0.5581,0.0491,-0.9822,-0.26833,0.77407,0.10845,1.0085,-0.0168,-0.0125,-0.05809,0.01332,-0.02518,0.34656,0.11306,-0.93105,0.01626,0.70284,-0.01229,-0.71124,-0.00132,50.27,52.84,0.02,0.0735
20:48:55.073,6663.9171,333027,-35.67,6.511,24.427,-9.118,0.6931,0.0515,-0.979,-0.09353,0.14775,-0.004,1.0095,-0.0083,-0.0132,-0.05822,0.01292,-0.02491,0.34884,0.11269,-0.93025,0.01544,0.70269,-0.01129,-0.7114,-0.00233,50.27,52.84,0.02,0.0728
20:48:55.087,6663.9371,333028,-35.842,6.521,24.403,-9.112,0.7537,0.0303,-0.9929,0.09606,0.1291,0.01452,1.0046,-0.0115,-0.012,-0.05836,0.01226,-0.02505,0.35074,0.11279,-0.92951,0.01653,0.7031,-0.01038,-0.71101,-0.00325,50.25,52.85,0.02,0.0764
20:48:55.117,6663.9571,333029,-36.243,6.097,24.379,-9.106,0.6792,0.0449,-0.8506,0.37052,0.33827,0.07394,1.0081,-0.01,-0.0112,-0.05915,0.01346,-0.02545,0.35426,0.11329,-0.92803,0.02054,0.70383,-0.01016,-0.71029,-0.00347,50.27,52.84,0.02,0.0738
20:48:55.132,6663.9771,333030,-36.469,5.809,24.355,-9.1,0.6667,0.0625,-0.8931,0.20664,-0.00067,0.16068,1.0117,-0.0122,-0.0134,-0.05942,0.01332,-0.02545,0.3548,0.1125,-0.92787,0.02285,0.70318,-0.01059,-0.71092,-0.00303,50.27,52.85,0.02,0.0711
20:48:55.147,6663.9971,333031,-35.98,5.678,24.331,-9.094,0.6406,0.0544,-0.8435,0.03317,-0.41155,0.02971,1.0066,-0.0115,-0.0103,-0.05849,0.01252,-0.02585,0.35152,0.11243,-0.92913,0.02255,0.7038,-0.01121,-0.71031,-0.00241,50.24,52.84,0.0346,0.075
20:48:55.192,6664.0171,333032,-34.898,5.64,24.307,-9.088,0.6702,0.0286,-0.8767,-0.05622,-1.13287,-0.28019,1.0098,-0.0127,-0.0105,-0.05915,0.01239,-0.02558,0.34194,0.11503,-0.93245,0.01969,0.70308,-0.01137,-0.71102,-0.00225,50.27,52.84,0.02,0.0725
20:48:55.193,6664.0371,333033,-32.531,5.587,24.284,-9.082,0.6147,0.0928,-0.8501,-0.12044,-2.21803,-0.74863,1.0122,-0.0137,-0.0122,-0.05875,0.01186,-0.02491,0.32219,0.12218,-0.93867,0.01293,0.70251,-0.01198,-0.71157,-0.00164,50.26,52.84,0.0401,0.0707
20:48:55.207,6664.0571,333034,-28.293,5.892,24.263,-9.076,0.4871,0.0945,-0.886,-0.34094,-3.64481,-1.38414,1.0078,-0.0112,-0.011,-0.05809,0.01279,-0.02545,0.28878,0.13485,-0.94785,0.0003,0.70299,-0.01118,-0.7111,-0.00244,50.26,52.85,0.0684,0.0741
20:48:55.237,6664.0771,333035,-23.484,6.252,24.244,-9.07,0.4512,0.0618,-1.156,-0.3516,-4.36572,-1.45155,1.0071,-0.0107,-0.0125,-0.05862,0.01306,-0.02518,0.24885,0.14785,-0.9571,-0.01319,0.70255,-0.01033,-0.71155,-0.00331,50.27,52.85,0.02,0.0746
20:48:55.252,6664.0971,333036,-19.269,6.084,24.227,-9.064,0.4734,-0.0159,-1.1335,0.04357,-3.77258,-0.61353,1.0103,-0.0142,-0.0115,-0.05902,0.01266,-0.02545,0.21361,0.15336,-0.96461,-0.01967,0.70287,-0.01124,-0.71123,-0.00238,50.26,52.85,0.02,0.0722
20:48:55.267,6664.1171,333037,-15.64,5.356,24.211,-9.058,0.4607,0.1157,-1.1455,0.62938,-3.15958,-0.24368,1.0054,-0.0122,-0.0105,-0.05862,0.01306,-0.02531,0.18301,0.15633,-0.97042,-0.01895,0.70363,-0.01109,-0.71048,-0.00253,50.25,52.85,0.02,0.0759
20:48:55.312,6664.1371,333038,-13.116,4.646,24.196,-9.053,0.3879,0.2385,-1.1155,0.67935,-2.42094,-0.28845,1.0066,-0.0134,-0.0154,-0.05809,0.01292,-0.02571,0.15959,0.15989,-0.974,-0.0171,0.70288,-0.01127,-0.71121,-0.00235,50.25,52.85,0.02,0.0749
20:48:55.313,6664.1571,333039,-11.447,4.438,24.182,-9.048,0.2776,0.1262,-1.1008,0.25634,-1.61436,-0.24288,1.0095,-0.0112,-0.0134,-0.05849,0.01359,-0.02545,0.14429,0.16244,-0.97595,-0.01781,0.70229,-0.01068,-0.71181,-0.00296,50.27,52.86,0.02,0.0728
20:48:55.327,6664.1771,333040,-10.135,4.496,24.168,-9.042,0.2131,0.0784,-1.1028,-0.03357,-1.21787,-0.09166,1.0093,-0.0142,-0.0132,-0.05849,0.01359,-0.02558,0.13325,0.16312,-0.97736,-0.0203,0.70244,-0.01168,-0.71164,-0.00194,50.26,52.85,0.02,0.0729
20:48:55.357,6664.1971,333041,-8.889,4.659,24.155,-9.037,0.2517,0.0793,-1.1443,-0.09073,-1.10888,-0.0846,1.0144,-0.01,-0.0115,-0.05782,0.01319,-0.02518,0.12336,0.16365,-0.9785,-0.02306,0.70283,-0.01087,-0.71127,-0.00276,50.27,52.86,0.02,0.0691
20:48:55.372,6664.2171,333042,-8.294,4.723,24.142,-9.031,0.2751,0.0703,-1.1716,-0.07035,-0.71292,-0.11564,1.0088,-0.0129,-0.0132,-0.05915,0.01266,-0.02478,0.11752,0.16454,-0.97903,-0.02472,0.7023,-0.0116,-0.71178,-0.00203,50.27,52.85,0.02,0.0733
20:48:55.387,6664.2371,333043,-8.219,4.715,24.129,-9.026,0.2483,0.0945,-1.1301,-0.0032,-0.07834,-0.2165,1.01,-0.0146,-0.0127,-0.05915,0.01292,-0.02598,0.11755,0.16667,-0.97866,-0.02501,0.70288,-0.01221,-0.7112,-0.0014,50.27,52.85,0.02,0.0724
20:48:55.447,6664.2571,333044,-8.446,4.702,24.116,-9.02,0.2178,0.0874,-1.1047,0.03371,0.11844,-0.20398,1.0059,-0.0085,-0.0125,-0.05782,0.01292,-0.02518,0.11941,0.16878,-0.97808,-0.02468,0.7028,-0.01116,-0.7113,-0.00247,50.26,52.86,0.02,0.0755
20:48:55.448,6664.2771,333045,-8.659,4.721,24.103,-9.015,0.2017,0.1118,-1.063,0.00373,0.01359,-0.11684,1.0098,-0.0146,-0.0146,-0.05875,0.01252,-0.02518,0.12035,0.17,-0.97775,-0.02498,0.7022,-0.01175,-0.71188,-0.00187,50.27,52.85,0.02,0.0725
20:48:55.451,6664.2971,333046,-8.258,4.83,24.09,-9.009,0.2227,0.0981,-1.0854,-0.06129,-0.32482,-0.06222,1.0054,-0.0132,-0.011,-0.05902,0.01266,-0.02531,0.11807,0.17052,-0.9779,-0.02627,0.70295,-0.01156,-0.71114,-0.00206,50.28,52.85,0.02,0.0758
20:48:55.477,6664.3171,333047,-7.688,4.934,24.078,-9.004,0.2583,0.0981,-1.1177,-0.0898,-0.53359,-0.0445,1.0112,-0.0137,-0.0105,-0.05902,0.01279,-0.02585,0.11426,0.1707,-0.97828,-0.02775,0.70367,-0.01167,-0.71043,-0.00194,50.27,52.84,0.02,0.0715
20:48:55.493,6664.3371,333048,-7.284,5.024,24.065,-8.998,0.2886,0.0593,-1.1741,-0.05915,-0.46924,-0.05689,1.0093,-0.0098,-0.0095,-0.05889,0.01292,-0.02558,0.11108,0.17106,-0.97855,-0.02884,0.70374,-0.01064,-0.71037,-0.00297,50.26,52.85,0.02,0.073
20:48:55.507,6664.3571,333049,-7.476,4.985,24.053,-8.993,0.2593,0.1155,-1.0898,0.05902,-0.08394,-0.06182,1.0076,-0.0146,-0.0144,-0.05875,0.01319,-0.02491,0.11171,0.17174,-0.97837,-0.02857,0.70309,-0.01116,-0.71101,-0.00246,50.27,52.85,0.02,0.0741
20:48:55.537,6664.3771,333050,-7.532,4.974,24.04,-8.987,0.2075,0.1223,-1.0493,0.04823,-0.07421,-0.0032,1.0071,-0.0129,-0.0115,-0.05836,0.01239,-0.02465,0.11187,0.1719,-0.97832,-0.02864,0.70294,-0.01219,-0.71114,-0.00142,50.27,52.85,0.0226,0.0746
20:48:55.552,6664.3971,333051,-7.326,5.099,24.028,-8.982,0.2463,0.1055,-1.0835,-0.06249,-0.29124,-0.02531,1.0078,-0.0103,-0.0105,-0.05849,0.01279,-0.02531,0.1107,0.17201,-0.9784,-0.02975,0.7032,-0.01121,-0.7109,-0.0024,50.26,52.85,0.02,0.0741
20:48:55.569,6664.4171,333052,-7.098,5.187,24.016,-8.976,0.2832,0.0769,-1.1306,-0.08527,-0.31296,-0.06728,1.0125,-0.0146,-0.0103,-0.05849,0.01306,-0.02531,0.10921,0.17248,-0.97845,-0.03092,0.70355,-0.01207,-0.71054,-0.00153,50.26,52.84,0.02,0.0705
20:48:55.599,6664.4371,333053,-7.188,5.233,24.003,-8.97,0.2126,0.0808,-1.1111,-0.04437,-0.11285,-0.08633,1.009,-0.0129,-0.0142,-0.05902,0.01252,-0.02478,0.10909,0.17327,-0.97831,-0.03137,0.70286,-0.01174,-0.71123,-0.00188,50.27,52.84,0.02,0.0731
20:48:55.612,6664.4571,333054,-7.255,5.228,23.991,-8.965,0.1697,0.0835,-1.1082,0.0056,0.07701,-0.01998,1.0117,-0.0139,-0.0117,-0.05796,0.01332,-0.02571,0.11065,0.17355,-0.97809,-0.03112,0.70357,-0.01156,-0.71053,-0.00204,50.27,52.84,0.02,0.0711
20:48:55.627,6664.4771,333055,-7.667,5.199,23.978,-8.959,0.1841,0.1162,-1.0647,0.0449,0.18359,-0.06888,1.0125,-0.0129,-0.0142,-0.05875,0.01306,-0.02571,0.11317,0.17441,-0.97767,-0.0306,0.70286,-0.01147,-0.71123,-0.00215,50.27,52.83,0.02,0.0705
20:48:55.657,6664.4971,333056,-7.916,5.168,23.966,-8.954,0.2065,0.0947,-1.1274,0.01892,0.03078,-0.02438,1.0063,-0.0154,-0.0161,-0.05942,0.01279,-0.02531,0.11425,0.17473,-0.97749,-0.03029,0.70216,-0.01186,-0.71192,-0.00176,50.27,52.85,0.02,0.0751
20:48:55.672,6664.5171,333057,-8.259,5.137,23.953,-8.948,0.2385,0.0881,-1.0747,0.01426,0.1283,0.04183,1.0103,-0.0127,-0.0149,-0.05955,0.01319,-0.02598,0.11668,0.17438,-0.9773,-0.02951,0.70173,-0.01105,-0.71235,-0.00259,50.27,52.84,0.02,0.0721
20:48:55.687,6664.5371,333058,-8.188,5.112,23.94,-8.942,0.2742,0.105,-1.1128,0.02838,-0.11938,0.06861,1.0117,-0.0127,-0.0125,-0.05836,0.01292,-0.02545,0.11702,0.17371,-0.97738,-0.02919,0.70244,-0.01122,-0.71165,-0.00241,50.25,52.86,0.02,0.0711
20:48:55.717,6664.5571,333059,-8.109,5.077,23.928,-8.937,0.2849,0.1077,-1.125,0.03118,-0.18279,-0.00386,1.011,-0.0134,-0.0129,-0.05782,0.01306,-0.02531,0.11673,0.17374,-0.97741,-0.0291,0.70282,-0.01207,-0.71127,-0.00154,50.26,52.85,0.02,0.0716
20:48:55.732,6664.5771,333060,-8.267,5.067,23.915,-8.931,0.2725,0.124,-1.1062,0.05796,-0.08793,-0.06142,1.0103,-0.0129,-0.0142,-0.05849,0.01306,-0.02625,0.11731,0.17442,-0.97723,-0.0289,0.70223,-0.01149,-0.71186,-0.00214,50.27,52.85,0.02,0.0721
20:48:55.747,6664.5971,333061,-8.18,5.05,23.902,-8.926,0.2461,0.1052,-1.0857,0.00293,-0.09992,-0.00786,1.0093,-0.012,-0.0095,-0.05875,0.01359,-0.02531,0.11755,0.17447,-0.9772,-0.02868,0.70295,-0.01128,-0.71115,-0.00234,50.27,52.86,0.02,0.0729
20:48:55.777,6664.6171,333062,-8.142,5.116,23.889,-8.92,0.2188,0.0808,-1.0952,-0.0429,-0.12004,0.03571,1.0137,-0.0105,-0.012,-0.05875,0.01292,-0.02491,0.11734,0.17407,-0.97729,-0.02906,0.70289,-0.0103,-0.71122,-0.00333,50.26,52.84,0.02,0.0696
20:48:55.793,6664.6371,333063,-8.138,5.182,23.877,-8.915,0.1824,0.0901,-1.0925,-0.02851,-0.14922,0.03597,1.0083,-0.0085,-0.0129,-0.05809,0.01239,-0.02491,0.11674,0.1737,-0.97741,-0.02954,0.70236,-0.00958,-0.71174,-0.00407,50.27,52.84,0.02,0.0737
20:48:55.807,6664.6571,333064,-7.984,5.22,23.864,-8.909,0.2085,0.1062,-1.0967,-0.02878,-0.20824,-0.03531,1.0051,-0.0164,-0.0122,-0.05889,0.01279,-0.02478,0.11555,0.17401,-0.97747,-0.03027,0.70252,-0.01062,-0.71158,-0.00301,50.26,52.84,0.02,0.076
20:48:55.837,6664.6771,333065,-7.994,5.258,23.852,-8.904,0.2537,0.0986,-1.0964,-0.0441,-0.23595,-0.00386,1.0066,-0.0115,-0.0142,-0.05809,0.01239,-0.02465,0.1147,0.17392,-0.97757,-0.03078,0.70184,-0.01108,-0.71225,-0.00256,50.25,52.85,0.02,0.0749
20:48:55.852,6664.6971,333066,-7.784,5.311,23.839,-8.898,0.2559,0.103,-1.1418,-0.05116,-0.21543,0.03637,1.0103,-0.0098,-0.0103,-0.05822,0.01239,-0.02545,0.11394,0.17344,-0.97773,-0.03125,0.70252,-0.01074,-0.71157,-0.00289,50.25,52.83,0.02,0.0722
20:48:55.867,6664.7171,333067,-8.027,5.282,23.827,-8.892,0.2588,0.1089,-1.1465,0.01039,-0.03238,0.03624,1.0103,-0.0117,-0.0146,-0.05796,0.01226,-0.02531,0.11502,0.17309,-0.97768,-0.03085,0.70182,-0.01102,-0.71226,-0.00262,50.25,52.86,0.02,0.0721
20:48:55.929,6664.7371,333068,-8.308,5.182,23.814,-8.887,0.2368,0.0952,-1.1565,0.05929,0.25274,-0.0381,1.0081,-0.0132,-0.01,-0.05889,0.01279,-0.02545,0.11829,0.17364,-0.97723,-0.02963,0.70255,-0.0112,-0.71154,-0.00242,50.27,52.85,0.02,0.0738
20:48:55.930,6664.7571,333069,-9.003,4.969,23.801,-8.881,0.2703,0.0884,-1.1711,0.16174,0.45272,0.10725,1.01,-0.0088,-0.0144,-0.05849,0.01306,-0.02558,0.12364,0.17293,-0.97678,-0.02676,0.70219,-0.01032,-0.7119,-0.00332,50.26,52.85,0.02,0.0724
20:48:55.931,6664.7771,333070,-10.064,4.569,23.788,-8.876,0.2932,0.0928,-1.1631,0.27725,0.76421,0.10898,1.0107,-0.0125,-0.0144,-0.05769,0.01226,-0.02558,0.132,0.17242,-0.97589,-0.02225,0.70204,-0.01131,-0.71205,-0.00232,50.26,52.86,0.02,0.0718
20:48:55.972,6664.7971,333071,-11.235,4.115,23.774,-8.871,0.3057,0.0957,-1.1255,0.32722,0.92596,0.14562,1.0115,-0.0173,-0.0125,-0.05875,0.01226,-0.02478,0.14199,0.17166,-0.97472,-0.01704,0.70241,-0.01216,-0.71167,-0.00145,50.26,52.84,0.02,0.0712
20:48:55.973,6664.8171,333072,-12.252,3.787,23.76,-8.866,0.3064,0.1189,-1.1018,0.27832,0.76075,0.28605,1.0117,-0.0181,-0.0137,-0.05796,0.01212,-0.02558,0.15016,0.1695,-0.97394,-0.01303,0.70231,-0.01315,-0.71175,-0.00045,50.28,52.85,0.02,0.071
20:48:55.989,6664.8371,333073,-12.987,3.657,23.745,-8.861,0.2849,0.0913,-1.0964,0.13736,0.61779,0.30537,1.0107,-0.0151,-0.0127,-0.05889,0.01252,-0.02505,0.15681,0.16687,-0.97338,-0.01032,0.70261,-0.01223,-0.71146,-0.00137,50.26,52.84,0.02,0.0718
20:48:56.017,6664.8571,333074,-13.762,3.545,23.731,-8.856,0.324,0.0752,-1.1028,0.09286,0.49682,0.21397,1.0095,-0.0151,-0.0142,-0.05822,0.01226,-0.02531,0.16232,0.165,-0.97281,-0.00822,0.70189,-0.0121,-0.71218,-0.00152,50.26,52.84,0.02,0.0727
20:48:56.032,6664.8771,333075,-14.275,3.403,23.716,-8.851,0.3765,0.074,-1.1592,0.12017,0.43713,0.3925,1.0066,-0.0117,-0.0122,-0.05809,0.01292,-0.02558,0.16735,0.16139,-0.97258,-0.00543,0.70245,-0.0114,-0.71163,-0.00222,50.27,52.85,0.02,0.0749
20:48:56.047,6664.8971,333076,-15.322,3.144,23.7,-8.847,0.5002,0.0791,-1.2505,0.25194,0.698,0.46924,1.0105,-0.0115,-0.0142,-0.05822,0.01292,-0.02558,0.17531,0.15728,-0.97187,-0.001,0.70196,-0.01066,-0.71213,-0.00298,50.25,52.84,0.02,0.072
20:48:56.077,6664.9171,333077,-16.8,2.434,23.684,-8.842,0.3303,0.124,-1.178,0.6066,1.28875,0.55398,1.0103,-0.0129,-0.0122,-0.05836,0.01279,-0.02518,0.18778,0.1531,-0.97018,0.0076,0.70259,-0.01117,-0.7115,-0.00245,50.25,52.85,0.02,0.0722
20:48:56.092,6664.9371,333078,-18.45,1.606,23.668,-8.838,0.2288,0.0698,-1.0837,0.69267,1.26396,0.37211,1.009,-0.0137,-0.0149,-0.05796,0.01212,-0.02558,0.19976,0.1508,-0.96803,0.0168,0.70193,-0.01162,-0.71215,-0.002,50.26,52.84,0.02,0.0731
20:48:56.107,6664.9571,333079,-18.963,1.06,23.651,-8.834,0.3555,0.0491,-1.0586,0.51014,0.29671,0.23022,1.0117,-0.0125,-0.0156,-0.05862,0.01266,-0.02571,0.20265,0.14955,-0.9675,0.02247,0.7014,-0.01094,-0.71267,-0.0027,50.26,52.84,0.02,0.0711
20:48:56.137,6664.9771,333080,-18.708,0.585,23.635,-8.831,0.4331,0.0737,-1.1062,0.42261,-0.22316,0.28498,1.0063,-0.0151,-0.0112,-0.05849,0.01172,-0.02598,0.20078,0.14772,-0.96808,0.02641,0.70208,-0.0114,-0.712,-0.00222,50.26,52.85,0.02,0.0751
20:48:56.152,6664.9971,333081,-19.118,-0.032,23.618,-8.827,0.6289,0.0867,-0.9895,0.5208,0.28805,0.6134,1.0061,-0.0151,-0.0122,-0.05875,0.01212,-0.02478,0.20415,0.14274,-0.96792,0.03297,0.70269,-0.01203,-0.71139,-0.00158,50.26,52.85,0.02,0.0753
20:48:56.182,6665.0171,333082,-20.532,-0.855,23.601,-8.824,0.626,-0.009,-1.0659,0.75515,1.03201,0.45578,1.011,-0.0144,-0.0127,-0.05822,0.01252,-0.02585,0.21443,0.13955,-0.96578,0.04268,0.70244,-0.01109,-0.71166,-0.00253,50.25,52.85,0.02,0.0716
20:48:56.185,6665.0371,333083,-22.774,-1.439,23.582,-8.821,0.501,0.0466,-0.9961,0.5669,1.71016,0.22969,1.0125,-0.0115,-0.0154,-0.05809,0.01239,-0.02585,0.23145,0.13793,-0.96169,0.05063,0.70174,-0.0109,-0.71234,-0.00274,50.25,52.83,0.02,0.0705
20:48:56.212,6665.0571,333084,-24.84,-1.494,23.563,-8.818,0.3335,-0.0437,-1.0139,0.14123,1.81274,0.48669,1.0103,-0.0081,-0.0117,-0.05849,0.01279,-0.02491,0.24911,0.13263,-0.95774,0.05548,0.70234,-0.01032,-0.71176,-0.00332,50.26,52.84,0.0288,0.0722
20:48:56.257,6665.0771,333085,-26.841,-1.523,23.544,-8.815,0.533,-0.1062,-1.0403,0.01985,1.66885,0.77647,1.0083,-0.0142,-0.0129,-0.05875,0.01266,-0.02571,0.26556,0.12417,-0.95418,0.05999,0.70249,-0.01133,-0.7116,-0.00229,50.29,52.86,0.02,0.0736
20:48:56.258,6665.0971,333086,-28.277,-1.819,23.524,-8.813,0.738,0.0034,-1.01,0.28005,1.15951,1.0039,1.0068,-0.0134,-0.0127,-0.05875,0.01279,-0.02518,0.27718,0.11463,-0.95163,0.06654,0.70298,-0.01213,-0.71111,-0.00148,50.28,52.85,0.02,0.0748
20:48:56.287,6665.1171,333087,-29.859,-2.545,23.503,-8.81,0.6582,0.0247,-1.1208,0.72411,1.16244,0.54945,1.0115,-0.0139,-0.0127,-0.05889,0.01226,-0.02531,0.28807,0.1107,-0.94816,0.07583,0.70245,-0.01145,-0.71163,-0.00217,50.27,52.85,0.02,0.0712
20:48:56.288,6665.1371,333088,-32.138,-4.857,23.481,-8.809,0.7566,-0.2927,-1.0847,1.81781,1.8747,-0.20264,1.0105,-0.0132,-0.0105,-0.05889,0.01266,-0.02518,0.30509,0.1165,-0.94041,0.09477,0.70318,-0.01146,-0.71092,-0.00216,50.27,52.87,0.02,0.072
20:48:56.317,6665.1571,333089,-36.089,-9.165,23.458,-8.809,0.8484,-0.2454,-1.041,3.11002,3.15838,-0.14749,1.0115,-0.0137,-0.0127,-0.05862,0.01332,-0.02571,0.33248,0.12495,-0.92609,0.12725,0.70248,-0.0117,-0.7116,-0.00192,50.27,52.87,0.02,0.0712
20:48:56.332,6665.1771,333090,-39.825,-14.172,23.433,-8.811,0.9856,-0.2546,-0.906,3.43164,3.20808,0.74037,1.0098,-0.012,-0.0127,-0.05836,0.01252,-0.02545,0.35818,0.12602,-0.91024,0.16519,0.70272,-0.01073,-0.71138,-0.00289,50.26,52.84,0.02,0.0725
20:48:56.392,6665.1971,333091,-44.196,-19.373,23.407,-8.815,0.7913,-0.0212,-0.9758,3.08071,3.8336,1.11848,1.0081,-0.0132,-0.0164,-0.05915,0.01279,-0.02478,0.38828,0.12132,-0.89109,0.20119,0.70203,-0.01111,-0.71206,-0.00252,50.27,52.84,0.02,0.0738
20:48:56.393,6665.2171,333092,-48.981,-23.656,23.378,-8.821,0.8389,-0.2231,-0.6653,2.16368,4.33868,0.94594,1.0083,-0.0115,-0.0129,-0.05809,0.01306,-0.02465,0.42379,0.11321,-0.8691,0.22858,0.70274,-0.01081,-0.71136,-0.00281,50.26,52.86,0.02,0.0737
20:48:56.395,6665.2371,333093,-51.969,-25.678,23.349,-8.827,0.7617,-0.2446,-0.5396,0.74423,2.60427,1.00403,1.011,-0.0146,-0.0142,-0.05756,0.01199,-0.02505,0.44437,0.10196,-0.85673,0.24116,0.70231,-0.01162,-0.71178,-0.002,50.26,52.84,0.0537,0.0716
20:48:56.409,6665.2571,333094,-52.973,-24.895,23.319,-8.834,0.8882,-0.4265,-0.8267,-0.37958,0.71878,1.39267,1.0117,-0.0107,-0.0127,-0.05809,0.01306,-0.02625,0.44836,0.08622,-0.85539,0.24462,0.70261,-0.01071,-0.71149,-0.00292,50.27,52.84,0.02,0.0711
20:48:56.437,6665.2771,333095,-53.491,-24.433,23.289,-8.84,0.8293,-0.5601,-0.8013,-0.25807,0.43127,2.03844,1.0127,-0.012,-0.0107,-0.05769,0.01319,-0.02545,0.44809,0.06613,-0.85524,0.2518,0.70329,-0.011,-0.71082,-0.00262,50.26,52.84,0.02,0.0704
20:48:56.452,6665.2971,333096,-53.304,-26.831,23.259,-8.847,0.9158,-0.4514,-0.5239,1.17563,-0.26966,1.6502,1.0146,-0.0168,-0.0149,-0.05769,0.01252,-0.02545,0.44192,0.05737,-0.85381,0.26911,0.70276,-0.01165,-0.71133,-0.00197,50.27,52.84,0.02,0.0689
20:48:56.482,6665.3171,333097,-52.583,-30.83,23.23,-8.855,1.0476,-0.5278,-0.7632,2.30317,-0.54811,0.75822,1.0088,-0.012,-0.0112,-0.05862,0.01172,-0.02531,0.43459,0.06201,-0.84997,0.29127,0.70327,-0.0109,-0.71083,-0.00272,50.26,52.85,0.02,0.0733
20:48:56.483,6665.3371,333098,-52.778,-35.545,23.2,-8.866,0.9707,-0.5857,-0.6733,2.6076,0.36479,-0.3023,1.0088,-0.0093,-0.0103,-0.05929,0.00999,-0.02505,0.43762,0.07446,-0.84005,0.31187,0.70351,-0.00993,-0.71061,-0.00371,50.26,52.84,0.02,0.0733
20:48:56.512,6665.3571,333099,-53.832,-40.904,23.17,-8.878,0.9575,-0.6787,-0.6382,2.48929,1.34803,0.06608,1.0132,-0.012,-0.0127,-0.05955,0.00853,-0.02491,0.44751,0.08025,-0.8258,0.3337,0.70296,-0.01062,-0.71114,-0.00303,50.27,52.84,0.02,0.07
20:48:56.527,6665.3771,333100,-56.188,-47.023,23.139,-8.893,0.8599,-0.3162,-0.6333,2.54885,2.62785,1.43117,1.0261,-0.0046,-0.0117,-0.05809,0.01026,-0.02411,0.46322,0.07112,-0.80568,0.36228,0.70298,-0.00978,-0.71113,-0.00388,50.26,52.85,0.02,0.0604
20:48:56.557,6665.3971,333101,-58.269,-51.055,23.108,-8.909,0.8281,-0.439,-0.4177,1.28395,2.39563,1.31859,1.0049,-0.0159,-0.0056,-0.05796,0.04223,-0.00786,0.47764,0.05786,-0.79038,0.37923,0.70377,-0.0106,-0.71035,-0.00304,50.27,52.85,0.0604,0.0762
20:48:56.572,6665.4171,333102,-60.122,-54.608,23.075,-8.927,0.9006,-0.6196,-0.3999,0.85135,2.01539,0.81564,1.0081,-0.0168,-0.0112,-0.05622,0.02078,-0.02105,0.49078,0.04742,-0.77739,0.39056,0.70355,-0.01159,-0.71055,-0.00202,50.25,52.85,0.02,0.0738
20:48:56.604,6665.4371,333103,-62.337,-59.596,23.042,-8.947,0.9067,-0.7729,-0.4631,1.23159,2.37018,1.97209,1.0129,-0.0125,-0.0125,-0.05582,0.01652,-0.02292,0.50167,0.02839,-0.76101,0.41035,0.70291,-0.01128,-0.71119,-0.0023,50.27,52.86,0.02,0.0702
20:48:56.605,6665.4571,333104,-63.886,-65.531,23.008,-8.969,0.6375,-0.7766,-0.3223,1.53389,2.20338,2.73351,1.0093,-0.0139,-0.0117,-0.05716,0.01572,-0.02145,0.50722,0.00539,-0.74353,0.43574,0.70313,-0.01229,-0.71095,-0.00126,50.27,52.85,0.0386,0.0729
20:48:56.632,6665.4771,333105,-64.975,-71.674,22.974,-8.993,0.7122,-0.9058,-0.0703,1.65606,1.65753,1.72748,1.0095,-0.011,-0.0159,-0.05596,0.01346,-0.02531,0.51266,-0.00705,-0.72711,0.45655,0.70254,-0.01169,-0.71154,-0.00184,50.27,52.85,0.02,0.0727
20:48:56.662,6665.4971,333106,-64.711,-76.299,22.94,-9.019,0.8052,-0.6257,-0.1531,1.68937,0.63871,0.81204,0.9124,-0.0107,0.0344,-0.05716,0.01439,-0.02012,0.51444,-0.0074,-0.71597,0.47188,0.70275,-0.0117,-0.71134,-0.0018,50.27,52.85,0.0566,0.02
20:48:56.663,6665.5171,333107,-65.231,-78.512,22.906,-9.046,1.0605,-0.7744,-0.2373,0.60327,0.68894,1.23865,1.0071,-0.009,-0.01,-0.05809,0.02465,-0.00906,0.51441,-0.01692,-0.70907,0.48199,0.70325,-0.01094,-0.71085,-0.00257,50.28,52.85,0.02,0.0746
20:48:56.724,6665.5371,333108,-66.335,-80.392,22.871,-9.074,1.0642,-0.79,0.0112,-0.03757,1.21574,0.34507,1.0039,-0.0159,-0.01,-0.05036,0.03864,0.0056,0.52244,-0.02581,-0.70232,0.48285,0.70367,-0.01213,-0.71042,-0.00125,50.25,52.85,0.02,0.0769
20:48:56.725,6665.5571,333109,-68.255,-84.221,22.836,-9.103,0.8359,-0.7771,-0.0857,0.10938,1.93305,-1.07291,1.03,0.0076,-0.0171,-0.0377,0.02225,0.00786,0.54204,-0.02762,-0.69137,0.47691,0.70351,-0.01149,-0.71059,-0.00162,50.27,52.84,0.02,0.0574
20:48:56.726,6665.5771,333110,-69.656,-87.147,22.8,-9.133,0.582,-0.9434,-0.0737,-0.24834,1.59558,-1.34031,1.115,0.0681,-0.0071,-0.00706,0.01919,0.27392,0.56002,-0.02829,-0.6836,0.4672,0.70358,-0.01297,-0.7105,0.00056,50.26,52.85,0.02,0.02
20:48:56.752,6665.5971,333111,-69.603,-85.447,22.765,-9.163,0.592,-0.7793,0.196,-0.49908,-0.22449,0.50321,1.0505,-0.0037,-0.0637,0.07661,0.18732,0.32029,0.55676,-0.03484,-0.68587,0.46732,0.70443,-0.01436,-0.70962,0.00381,50.27,52.85,0.0786,0.0407
20:48:56.767,6665.6171,333112,-68.588,-82.807,22.729,-9.191,0.5115,-0.9355,0.0674,-0.12351,-0.63551,1.73227,1.1072,-0.0964,0.0105,0.31696,0.33574,0.49709,0.54488,-0.04549,-0.6886,0.47631,0.70682,-0.01569,-0.70715,0.01037,50.27,52.84,0.0288,0.02
20:48:56.797,6665.6371,333113,-66.472,-82.453,22.695,-9.22,0.4546,-0.7747,0.0879,0.08367,-0.25008,1.76838,1.5452,-0.0403,-0.0935,0.88399,-0.02118,1.71882,0.53549,-0.05696,-0.68798,0.48651,0.70625,-0.02132,-0.70703,0.02932,50.27,52.86,0.02,0.02
20:48:56.814,6665.6571,333114,-61.537,-82.686,22.662,-9.248,0.5554,-0.4653,-0.4258,0.00613,-0.36572,1.91293,1.1831,-0.0889,-0.0085,1.37068,-0.4739,4.1776,0.5244,-0.06896,-0.68834,0.49643,0.70141,-0.04095,-0.7082,0.06919,50.27,52.84,0.02,0.02
20:48:56.842,6665.6771,333115,-57.689,-84.127,22.631,-9.277,1.0312,-0.3936,-0.1555,-0.69973,0.38917,0.92649,1.0537,-0.2222,-0.1211,1.72308,-1.62116,4.36559,0.52293,-0.08135,-0.68867,0.49563,0.68696,-0.05874,-0.71543,0.11311,50.27,52.84,0.02,0.02
20:48:56.857,6665.6971,333116,-54.698,-87.049,22.601,-9.307,0.7229,-1.075,-0.0234,-1.28688,0.8644,-1.70416,0.9607,-0.3313,-0.0923,2.14862,-3.19582,4.36559,0.53681,-0.08173,-0.69134,0.47666,0.65933,-0.07259,-0.73081,0.16102,50.27,52.86,0.02,0.0647
20:48:56.874,6665.7171,333117,-51.293,-91.896,22.573,-9.339,0.4536,-1.1716,-0.1814,-0.6956,1.26063,-2.72711,0.7634,-0.3279,-0.325,2.67622,-4.36572,4.36559,0.55857,-0.07371,-0.68922,0.45557,0.62156,-0.08061,-0.74975,0.21223,50.26,52.85,0.02,0.02
20:48:56.887,6665.7371,333118,-45.972,-95.496,22.546,-9.372,0.4429,-1.0239,-0.2966,0.32562,0.70772,-1.83673,-0.0779,-1.2698,0.1943,2.66636,-4.36572,4.36559,0.57266,-0.06328,-0.68449,0.44668,0.58127,-0.08853,-0.76507,0.26258,50.27,52.85,0.02,0.02
20:48:56.917,6665.7571,333119,-40.546,-99.802,22.522,-9.407,0.6689,-0.9744,0.0667,1.85258,0.78606,-1.07771,0.6199,-0.5701,-0.6689,1.81434,-4.36572,2.58815,0.58469,-0.04951,-0.67156,0.45243,0.54226,-0.08698,-0.78184,0.29516,50.25,52.86,0.02,0.0234
20:48:56.934,6665.7771,333120,-35.33,-102.632,22.499,-9.443,0.7666,-0.7051,-0.1838,1.94824,1.41025,0.0489,0.7192,-0.7168,-0.9124,2.73017,-4.36572,1.99101,0.59536,-0.04531,-0.65411,0.46436,0.50415,-0.07582,-0.79419,0.33067,50.25,52.84,0.0368,0.02
20:48:56.977,6665.7971,333121,-28.8,-102.752,22.48,-9.479,0.7966,-0.8567,-0.488,3.17943,1.5203,0.78393,0.5156,-0.7495,-1.1255,4.36559,-4.36572,1.60597,0.60353,-0.03901,-0.62931,0.48806,0.46676,-0.05369,-0.79882,0.37569,50.27,52.84,0.02,0.02
20:48:57.022,6665.8171,333122,-22.104,-102.808,22.462,-9.515,0.6152,-0.2053,-0.2141,4.25967,2.46691,-1.38521,0.1992,-0.9429,-1.0935,4.36559,-4.36572,0.31296,0.62811,-0.01611,-0.59281,0.50377,0.43247,-0.02095,-0.80103,0.41337,50.25,52.83,0.02,0.02
20:48:57.023,6665.8371,333123,-17.724,-99.935,22.447,-9.55,0.8372,-0.3152,-0.1113,3.91966,1.02255,-2.02911,-0.0752,-0.8401,-0.7737,4.36559,-4.36572,-1.20121,0.64569,0.01553,-0.56571,0.51266,0.40296,0.02422,-0.80044,0.4431,50.26,52.84,0.02,0.02
20:48:57.025,6665.8571,333124,-16.816,-95.359,22.432,-9.583,0.894,-0.3105,-0.0291,3.2146,0.04263,-1.96729,0.0447,-0.5806,-0.3462,4.36559,-4.36572,-2.86381,0.65612,0.04718,-0.54781,0.5169,0.37944,0.08299,-0.79592,0.46438,50.26,52.84,0.0401,0.02
20:48:57.026,6665.8771,333125,-19.288,-90.306,22.416,-9.614,0.8479,-0.3906,-0.1494,1.83619,-0.71918,-0.74556,0.219,-0.4885,-0.0977,4.36559,-4.36572,-3.64681,0.65562,0.06646,-0.54237,0.52113,0.35805,0.14795,-0.78672,0.48061,50.26,52.85,0.0391,0.02
20:48:57.099,6665.8971,333126,-24.006,-84.409,22.398,-9.643,1.073,-0.531,-0.146,1.11608,-2.63305,0.83283,0.052,-0.4055,-0.0308,3.85531,-4.36572,-3.47267,0.63683,0.0821,-0.55364,0.53027,0.33469,0.20932,-0.77646,0.4912,50.26,52.85,0.02,0.02
20:48:57.100,6665.9171,333127,-29.45,-81.28,22.378,-9.671,0.9277,-0.3972,-0.001,0.8291,-2.94668,1.03681,0.1926,-0.5107,-0.1313,1.48233,-4.36572,-3.1725,0.61475,0.09681,-0.56863,0.53792,0.31308,0.26019,-0.77542,0.4827,50.26,52.85,0.0731,0.02
20:48:57.127,6665.9371,333128,-33.303,-80.889,22.356,-9.698,0.7615,-0.0608,-0.03,0.86694,-2.19285,-0.05649,0.2666,-0.7166,-0.0144,0.16374,-4.36572,-2.06029,0.60251,0.11368,-0.5767,0.53988,0.28848,0.29783,-0.78153,0.46614,50.27,52.86,0.02,0.02
20:48:57.128,6665.9571,333129,-34.036,-81.979,22.335,-9.726,0.687,0.0217,-0.167,0.9614,-1.91986,-0.35146,0.0701,-0.8479,-0.0549,-0.44712,-4.36572,0.58422,0.593,0.13129,-0.58204,0.54068,0.25255,0.31251,-0.79677,0.45135,50.27,52.85,0.02,0.02
20:48:57.130,6665.9771,333130,-34.321,-82.257,22.313,-9.754,1.1409,-0.1646,0.0479,0.16507,-2.67235,0.15521,-0.2849,-0.7266,-0.0337,0.60727,-4.36572,2.17007,0.57723,0.14534,-0.59639,0.53852,0.20568,0.31633,-0.81052,0.44798,50.27,52.83,0.02,0.02
20:48:57.157,6665.9971,333131,-36.016,-83.231,22.291,-9.782,1.2612,-0.5356,-0.344,-0.64284,-3.23938,1.19455,0.4609,-0.9121,-0.27,0.54678,-4.36572,1.95357,0.55314,0.15149,-0.61936,0.53617,0.15932,0.32091,-0.82185,0.44294,50.26,52.86,0.02,0.0372
20:48:57.202,6666.0171,333132,-36.374,-88.884,22.268,-9.812,0.8445,-0.6973,-0.2483,-0.76581,-1.85738,1.20588,0.2021,-1.2954,-0.4331,-2.05269,-4.36572,1.98821,0.53696,0.14911,-0.635,0.53498,0.12063,0.3213,-0.8427,0.41482,50.25,52.85,0.02,0.02
20:48:57.203,6666.0371,333133,-36.817,-96.861,22.245,-9.846,0.7383,-0.6147,-0.1614,-0.00373,-1.3952,0.5665,-0.0322,-1.2429,-1.0203,-4.36572,-4.36572,0.69973,0.52531,0.15209,-0.64345,0.53562,0.09413,0.32891,-0.86651,0.36347,50.26,52.85,0.0606,0.02
20:48:57.205,6666.0571,333134,-37.456,-103.621,22.222,-9.882,0.8296,-0.4414,-0.1648,0.29604,-1.05,0.10858,-0.0332,-0.917,-0.9792,-4.0517,-3.37048,-0.34494,0.51811,0.15806,-0.64746,0.53607,0.07869,0.34045,-0.882,0.31619,50.27,52.86,0.0455,0.02
20:48:57.234,6666.0771,333135,-38.44,-105.051,22.199,-9.918,1.1584,-0.397,-0.1729,0.07861,-0.87133,0.05383,0.0813,-0.7417,-0.7136,-0.72598,-1.19588,-0.55611,0.51288,0.16228,-0.65126,0.53524,0.07111,0.34815,-0.88319,0.30613,50.27,52.85,0.02,0.0557
20:48:57.249,6666.0971,333136,-38.906,-104.626,22.176,-9.955,1.0435,-0.6614,-0.1973,-0.38517,-0.48403,0.05569,0.1289,-0.6467,-0.4858,0.12071,0.59101,0.22516,0.51074,0.16186,-0.65561,0.53209,0.07463,0.34421,-0.88305,0.31013,50.27,52.85,0.02,0.02
20:48:57.279,6666.1171,333137,-38.89,-104.387,22.152,-9.991,0.8601,-0.8667,-0.2747,-0.37132,-0.30696,-0.28085,0.0896,-0.7742,-0.6348,-1.42611,2.20618,0.83496,0.51142,0.16262,-0.65844,0.52769,0.09512,0.32819,-0.88831,0.30684,50.27,52.85,0.02,0.0761
20:48:57.337,6666.1371,333138,-39.512,-101.616,22.129,-10.026,0.7688,-0.7542,-0.1924,0.15481,-0.58995,-0.08913,0.1155,-0.9399,-0.6868,-1.41918,4.02452,0.73823,0.50836,0.16628,-0.66022,0.52729,0.13278,0.30746,-0.8903,0.30856,50.25,52.84,0.02,0.02
20:48:57.338,6666.1571,333139,-39.138,-98.141,22.105,-10.06,0.9094,-0.6165,-0.1172,0.3055,-0.39357,0.12897,0.1484,-0.8369,-0.7559,-1.23559,4.36559,1.1731,0.50524,0.16834,-0.66055,0.52921,0.17135,0.28151,-0.89078,0.31289,50.26,52.85,0.02,0.02
20:48:57.340,6666.1771,333140,-38.143,-95.013,22.082,-10.092,0.9958,-0.655,-0.1746,-0.04463,-0.17014,0.66362,0.1758,-0.7849,-0.6736,-0.94647,4.36559,1.44796,0.50137,0.16396,-0.66247,0.53186,0.20763,0.25289,-0.8892,0.31979,50.27,52.86,0.02,0.0431
20:48:57.354,6666.1971,333141,-36.315,-92.386,22.06,-10.124,1.0789,-0.6904,-0.1863,-0.093,-0.02678,0.53626,0.2522,-0.7712,-0.6458,-1.04174,4.36559,1.87536,0.4992,0.15942,-0.6637,0.53375,0.24232,0.21955,-0.88698,0.32612,50.27,52.83,0.02,0.0522
20:48:57.367,6666.2171,333142,-33.922,-90.935,22.038,-10.155,1.0112,-0.7188,-0.0522,-0.4735,0.16094,-0.03531,0.2173,-0.72,-0.5842,-1.32858,4.36559,2.42867,0.50187,0.15568,-0.6651,0.53059,0.27542,0.17997,-0.88468,0.33029,50.27,52.85,0.02,0.0442
20:48:57.399,6666.2371,333143,-31.062,-90.048,22.018,-10.185,0.9758,-0.6978,-0.0894,-0.4743,0.01812,0.0441,0.2625,-0.7227,-0.6165,-1.69204,4.36559,2.81744,0.50316,0.15218,-0.66733,0.52757,0.30682,0.13504,-0.88188,0.33152,50.26,52.84,0.02,0.0691
20:48:57.427,6666.2571,333144,-27.434,-90.536,21.999,-10.216,0.9929,-0.7427,-0.0779,-0.47737,0.1764,-0.07901,0.2803,-0.7278,-0.6619,-1.93052,3.50278,3.43923,0.50613,0.1486,-0.66858,0.52417,0.32798,0.08637,-0.88086,0.33022,50.26,52.85,0.02,0.0628
20:48:57.429,6666.2771,333145,-22.781,-92.038,21.982,-10.247,0.9622,-0.7224,-0.1038,-0.17134,0.23728,-0.12111,0.2656,-0.6665,-0.7146,-1.99167,2.21191,4.09619,0.50926,0.14655,-0.66783,0.52268,0.33451,0.03589,-0.88263,0.32828,50.26,52.85,0.02,0.0705
20:48:57.457,6666.2971,333146,-17.525,-93.622,21.967,-10.279,0.9309,-0.5842,-0.0964,0.21517,0.1271,-0.0481,0.1799,-0.6008,-0.7412,-1.89122,1.54282,4.36559,0.51076,0.14667,-0.6657,0.52389,0.33357,-0.01438,-0.88414,0.32684,50.26,52.85,0.02,0.0582
20:48:57.474,6666.3171,333147,-12.231,-95.214,21.954,-10.311,0.8704,-0.4346,-0.0706,0.36119,0.21597,0.35013,0.1094,-0.5093,-0.7729,-1.78663,1.66233,4.36559,0.51062,0.14493,-0.66318,0.5277,0.33337,-0.06457,-0.8825,0.3254,50.28,52.83,0.0616,0.029
20:48:57.487,6666.3371,333148,-7.333,-97.171,21.943,-10.345,0.8108,-0.4382,-0.0171,0.08687,0.25167,1.01536,0.0579,-0.4807,-0.8494,-1.87696,2.52207,4.36559,0.50765,0.13682,-0.66251,0.53353,0.33934,-0.11807,-0.87611,0.32147,50.26,52.84,0.0213,0.0633
20:48:57.517,6666.3571,333149,-3.285,-99.593,21.933,-10.379,0.7849,-0.5117,-0.114,-0.28272,0.20091,1.46434,0.0088,-0.4309,-0.8328,-2.21883,3.88516,4.36559,0.50219,0.12405,-0.66479,0.53895,0.35646,-0.17707,-0.86275,0.31185,50.26,52.85,0.0379,0.0333
20:48:57.607,6666.3771,333150,-0.003,-102.904,21.925,-10.414,0.8218,-0.6421,-0.1194,-0.60434,0.27206,1.63035,0.0581,-0.3652,-0.8926,-2.64251,4.36559,4.36559,0.49651,0.10806,-0.66851,0.54304,0.37527,-0.23868,-0.84532,0.29603,50.25,52.84,0.0427,0.0546
20:48:57.727,6666.3971,333151,2.887,-106.731,21.917,-10.451,0.8359,-0.6975,-0.1294,-0.61846,0.00533,1.4321,0.1194,-0.342,-0.9834,-3.13773,4.36559,4.36559,0.49015,0.09471,-0.67301,0.54575,0.39134,-0.3011,-0.82512,0.27454,50.28,52.84,0.02,0.044
20:48:57.728,6666.4171,333152,5.117,-110.856,21.911,-10.489,0.7961,-0.6648,-0.1301,-0.49882,-0.19625,1.06692,0.0637,-0.3167,-1.0215,-3.45748,4.36559,4.00227,0.48403,0.08555,-0.67766,0.54696,0.40563,-0.36026,-0.80267,0.24779,50.27,52.85,0.046,0.0265
20:48:57.730,6666.4371,333153,6.693,-115.251,21.905,-10.529,0.7458,-0.7925,-0.1365,-0.36878,-0.29191,1.06798,0.2568,-0.2498,-1.0645,-3.57566,4.36559,3.62069,0.47719,0.07734,-0.6817,0.54917,0.41851,-0.41501,-0.77805,0.21736,50.25,52.83,0.02,0.02
20:48:57.731,6666.4571,333154,7.729,-120.68,21.9,-10.571,0.8059,-0.9224,-0.1753,-0.0814,-0.38717,1.14952,1.9999,-0.3948,-2.0,-4.36572,4.12577,3.16891,0.46896,0.07044,-0.68458,0.55359,0.42534,-0.46668,-0.75455,0.17873,50.26,52.86,0.02,0.02
20:48:57.733,6666.4771,333155,12.499,-123.182,21.896,-10.614,0.8574,-0.8269,-0.1914,0.18772,-0.59221,1.02082,-0.1301,-0.238,-1.0923,-2.93442,-3.61616,2.19818,0.45985,0.06688,-0.68677,0.55894,0.3806,-0.48852,-0.76352,0.1831,50.27,52.85,0.02,0.02
20:48:57.734,6666.4971,333156,17.572,-125.1,21.895,-10.657,0.8691,-0.9983,-0.1809,0.24221,-0.63445,0.98005,-0.5508,0.5317,-0.4814,-2.79572,-4.36572,1.85684,0.45053,0.06399,-0.68872,0.56443,0.33054,-0.5046,-0.77451,0.19039,50.26,52.85,0.02,0.02
20:48:57.736,6666.5171,333157,18.994,-128.917,21.893,-10.702,0.7612,-0.8904,-0.1099,0.65923,-0.45432,0.54598,-0.0901,-0.1677,-1.1875,-2.46305,1.73134,1.92626,0.44456,0.06492,-0.68719,0.5709,0.32759,-0.53087,-0.76305,0.16916,50.26,52.84,0.02,0.02
20:48:57.757,6666.5371,333158,20.973,-131.885,21.893,-10.748,0.6326,-0.8335,-0.0894,1.16351,-0.21903,0.08527,-0.3579,0.0005,-1.1135,-1.63288,0.42328,1.3014,0.44218,0.0697,-0.68159,0.57884,0.31975,-0.54684,-0.75722,0.15918,50.27,52.84,0.0424,0.02
20:48:57.760,6666.5571,333159,23.979,-133.785,21.894,-10.795,0.5698,-0.9087,-0.0244,1.40332,-0.44046,0.33361,-0.0288,-0.0928,-1.0452,-1.14139,-1.01629,0.81418,0.43677,0.07503,-0.67541,0.58943,0.30399,-0.55512,-0.75773,0.15898,50.28,52.84,0.0254,0.0427
20:48:57.761,6666.5771,333160,25.746,-136.905,21.895,-10.843,0.7339,-0.9204,-0.0408,1.76571,-0.93009,1.00296,-0.3306,-0.0178,-0.8164,-1.09543,1.98275,1.51804,0.42388,0.08035,-0.66957,0.6046,0.31033,-0.57324,-0.74441,0.14473,50.26,52.84,0.02,0.02
20:48:57.787,6666.5971,333161,30.763,-139.986,21.899,-10.892,0.833,-0.8896,-0.0784,2.23402,-0.67122,1.10689,1.509,-0.2288,-1.6926,-1.44196,-1.71775,1.72441,0.41162,0.08546,-0.65961,0.62305,0.2871,-0.58783,-0.74143,0.14936,50.27,52.84,0.02,0.02
20:48:57.788,6666.6171,333162,33.255,-145.59,21.903,-10.943,0.7561,-0.7529,0.0117,2.32968,-0.30883,0.57383,-0.2395,0.0127,-1.0366,-1.57692,1.1767,2.23136,0.40483,0.09246,-0.64676,0.63974,0.28284,-0.61074,-0.7267,0.13748,50.27,52.85,0.0297,0.032
20:48:57.790,6666.6371,333163,36.723,-150.453,21.909,-10.996,0.6648,-0.7336,0.1255,2.36619,-0.09872,0.13496,0.158,0.0637,-1.3477,-1.37615,-0.70253,1.75026,0.40228,0.10184,-0.63227,0.65425,0.26689,-0.62633,-0.71952,0.13701,50.26,52.85,0.0785,0.02
20:48:57.832,6666.6571,333164,38.591,-156.031,21.915,-11.051,0.575,-0.7832,0.1538,2.42428,0.19891,-0.0064,-0.0674,0.0769,-1.0583,-1.06159,0.27406,1.57439,0.40107,0.10855,-0.6157,0.66953,0.25974,-0.64095,-0.71012,0.13211,50.25,52.85,0.0678,0.0326
20:48:57.833,6666.6771,333165,39.738,-161.832,21.922,-11.109,0.5342,-0.8491,0.2239,2.31649,0.429,0.19358,-0.2834,0.0728,-0.9487,-0.95487,0.33801,1.41771,0.40004,0.11198,-0.5985,0.685,0.25302,-0.65427,-0.70124,0.12717,50.26,52.84,0.0591,0.0746
20:48:57.847,6666.6971,333166,41.149,-167.099,21.929,-11.168,0.5793,-0.6836,0.2708,2.19445,0.27925,0.34907,-0.0146,0.0632,-1.0955,-0.87773,-0.27552,1.19455,0.39767,0.11565,-0.5821,0.69974,0.24375,-0.66457,-0.69499,0.1262,50.26,52.84,0.0321,0.02
20:48:57.879,6666.7171,333167,42.178,-171.44,21.937,-11.228,0.627,-0.5962,0.2808,2.0471,0.07115,0.61886,-0.0178,0.0186,-1.1433,-0.50335,-0.09406,0.8311,0.39235,0.11898,-0.56782,0.71379,0.23863,-0.67153,-0.69014,0.12572,50.26,52.84,0.02,0.02
20:48:57.909,6666.7371,333168,42.555,-174.439,21.945,-11.29,0.6729,-0.7112,0.3909,1.69443,0.06195,1.05959,-0.0945,-0.0464,-1.0647,-0.08727,0.12177,0.27366,0.3842,0.1184,-0.55601,0.72748,0.23831,-0.67392,-0.68799,0.12534,50.27,52.84,0.0393,0.0276
20:48:57.910,6666.7571,333169,42.562,-176.786,21.952,-11.353,0.7471,-0.8215,0.4438,1.49512,0.18985,1.2164,-0.0215,0.0115,-1.0032,-0.04756,0.16401,-0.174,0.37557,0.11518,-0.54537,0.74044,0.23827,-0.67336,-0.6889,0.12339,50.26,52.84,0.02,0.0774
20:48:57.937,6666.7771,333170,42.499,-179.096,21.96,-11.417,0.8223,-0.7764,0.469,1.59851,0.36985,1.14379,0.0154,0.0164,-1.0247,-0.06848,-0.00053,-0.38517,0.36819,0.11148,-0.53311,0.75353,0.23753,-0.67111,-0.6916,0.12198,50.26,52.84,0.02,0.0613
20:48:57.967,6666.7971,333171,41.995,178.341,21.968,-11.345,0.6685,-0.6042,0.4912,1.66552,0.71239,0.97072,0.0493,0.0249,-1.0342,-0.06568,0.00173,-0.3917,0.3641,0.10673,-0.51816,0.76652,0.23699,-0.66876,-0.6943,0.12057,50.26,52.85,0.0603,0.0532
20:48:57.970,6666.8171,333172,40.682,175.513,21.975,-11.274,0.603,-0.6399,0.4363,1.71016,1.40572,0.69174,0.0481,0.0168,-1.0227,-0.06209,0.02185,-0.28258,0.3656,0.09873,-0.50008,0.77879,0.23633,-0.6672,-0.69626,0.11924,50.27,52.84,0.0662,0.062
20:48:58.027,6666.8371,333173,38.237,172.62,21.981,-11.204,0.6863,-0.8113,0.4653,1.64954,2.31516,0.4346,0.0042,0.0125,-1.0049,-0.05929,0.02052,-0.11085,0.37291,0.08392,-0.479,0.79022,0.23517,-0.66689,-0.69711,0.1183,50.27,52.85,0.02,0.0763
20:48:58.028,6666.8571,333174,34.44,170.105,21.986,-11.136,0.8164,-1.2212,0.6365,1.38267,3.41072,-0.01532,0.0078,0.0144,-1.0151,-0.05982,0.00506,-0.03317,0.3889,0.06145,-0.455,0.79872,0.23395,-0.66707,-0.69744,0.1177,50.26,52.84,0.02,0.0686
20:48:58.032,6666.8771,333175,30.317,167.62,21.989,-11.068,0.0662,-0.5818,0.6519,1.38321,3.64014,-1.55188,0.0037,0.0122,-1.0139,-0.05782,0.01585,-0.02585,0.41778,0.04396,-0.42784,0.8003,0.23279,-0.66732,-0.6977,0.11706,50.26,52.85,0.02,0.0695
20:48:58.102,6666.8971,333176,28.605,165.258,21.991,-11.002,0.446,-0.5801,0.4094,1.59051,1.5724,0.04663,0.009,0.0115,-1.0122,-0.05609,0.02625,-0.02558,0.42401,0.03703,-0.40845,0.80747,0.23169,-0.66758,-0.69794,0.11634,50.28,52.85,0.02,0.0708
20:48:58.105,6666.9171,333177,27.506,163.761,21.993,-10.936,0.5212,-0.658,0.5239,1.07171,1.04134,0.48403,-0.0129,0.0112,-1.0129,-0.05782,0.02025,-0.04437,0.42449,0.03075,-0.39619,0.81357,0.23055,-0.66771,-0.69831,0.11566,50.26,52.85,0.0721,0.0702
20:48:58.106,6666.9371,333178,26.219,162.75,21.995,-10.87,0.5139,-0.8191,0.6106,0.70772,1.13886,0.6026,-0.019,0.0078,-1.0103,-0.05982,0.01306,-0.15108,0.42435,0.02108,-0.38573,0.81896,0.22943,-0.6671,-0.69941,0.11477,50.28,52.84,0.02,0.0721
20:48:58.109,6666.9571,333179,24.983,161.739,21.996,-10.805,0.4917,-0.8054,0.5815,0.78833,1.10928,0.53079,0.019,0.0178,-1.0203,-0.06155,0.01399,-0.2582,0.42458,0.01229,-0.37465,0.82415,0.22859,-0.6657,-0.70121,0.1136,50.27,52.84,0.02,0.0645
20:48:58.147,6666.9771,333180,24.028,160.764,21.997,-10.74,0.4465,-0.729,0.5713,0.82523,0.88745,0.50468,0.0466,0.0164,-1.0203,-0.06262,0.01292,-0.23342,0.42402,0.00571,-0.36472,0.82895,0.22775,-0.66445,-0.70285,0.11244,50.25,52.85,0.0589,0.0639
20:48:58.148,6666.9971,333181,23.231,159.983,21.997,-10.676,0.3647,-0.7,0.5906,0.64004,0.71425,0.55398,0.0095,0.0103,-1.001,-0.06129,0.01292,-0.12577,0.42227,-0.00061,-0.35718,0.83313,0.22649,-0.66402,-0.70381,0.11148,50.26,52.84,0.0694,0.0792
20:48:58.177,6667.0171,333182,22.676,159.597,21.998,-10.612,0.3274,-0.6787,0.5632,0.2642,0.44912,0.62779,0.011,0.0144,-1.0132,-0.06049,-0.00266,-0.03477,0.419,-0.00659,-0.35332,0.8364,0.22519,-0.66417,-0.70418,0.11091,50.25,52.85,0.0356,0.07
20:48:58.194,6667.0371,333183,22.4,159.8,21.998,-10.548,0.3188,-0.6594,0.5894,-0.21064,0.20251,0.55291,0.0054,0.0076,-1.0144,-0.05942,0.00813,-0.02598,0.41544,-0.01218,-0.35443,0.83764,0.22396,-0.6644,-0.70445,0.11033,50.26,52.84,0.0351,0.0692
20:48:58.222,6667.0571,333184,22.27,160.491,21.998,-10.483,0.3115,-0.7607,0.6523,-0.58995,0.08926,0.54119,0.0085,0.0149,-1.0149,-0.05982,0.00147,-0.02585,0.41146,-0.01848,-0.35929,0.83742,0.22269,-0.66462,-0.70473,0.10977,50.26,52.85,0.043,0.0687
20:48:58.282,6667.0771,333185,22.102,161.195,21.998,-10.418,0.3118,-0.7798,0.6853,-0.64377,0.13363,0.48509,0.0103,0.0134,-1.012,-0.06142,-0.01785,-0.02571,0.40815,-0.0251,-0.36404,0.83682,0.22124,-0.66482,-0.70507,0.10931,50.26,52.84,0.02,0.0709
20:48:58.312,6667.0971,333186,22.074,161.672,21.998,-10.354,0.3081,-0.7524,0.6768,-0.43407,0.00853,0.30443,0.0068,0.0127,-1.0132,-0.05995,-0.0044,-0.02611,0.40589,-0.02913,-0.36783,0.83613,0.21991,-0.66503,-0.70537,0.10878,50.28,52.84,0.0366,0.07
20:48:58.342,6667.1171,333187,22.186,161.899,21.998,-10.289,0.3179,-0.7244,0.6455,-0.19358,-0.09419,0.15468,0.0032,0.0134,-1.0193,-0.06035,-0.00107,-0.02571,0.40457,-0.0306,-0.37049,0.83554,0.21867,-0.66524,-0.70564,0.10828,50.27,52.84,0.0642,0.0655
20:48:58.387,6667.1371,333188,22.177,161.924,21.998,-10.224,0.3042,-0.7092,0.7117,-0.06342,-0.01905,0.1315,0.0046,0.012,-1.0168,-0.05822,0.01092,-0.02571,0.40382,-0.03204,-0.3714,0.83544,0.21751,-0.66546,-0.70588,0.10768,50.27,52.84,0.0427,0.0673
20:48:58.492,6667.1571,333189,22.2,161.816,21.998,-10.159,0.3179,-0.7678,0.7954,0.00799,-0.07115,0.0882,0.0044,0.0186,-1.0127,-0.05822,0.01266,-0.02545,0.40329,-0.0327,-0.37161,0.83558,0.2163,-0.66568,-0.70613,0.10705,50.27,52.83,0.02,0.0703
20:48:58.495,6667.1771,333190,22.228,161.441,21.998,-10.095,0.3079,-0.7573,0.7969,0.22063,-0.0818,0.13177,0.0012,0.0098,-1.011,-0.05822,0.01186,-0.02585,0.40242,-0.03256,-0.37006,0.83669,0.21506,-0.66592,-0.70638,0.10642,50.26,52.84,0.02,0.0717
20:48:58.524,6667.1971,333191,22.246,160.894,21.998,-10.031,0.2832,-0.6826,0.7368,0.38451,-0.0441,0.22623,0.0085,0.0125,-1.0139,-0.05836,0.01332,-0.02545,0.40104,-0.03208,-0.36729,0.83859,0.21386,-0.66614,-0.70663,0.10579,50.25,52.84,0.0473,0.0695
20:48:58.525,6667.2171,333192,22.507,160.286,21.998,-9.967,0.2559,-0.6204,0.6819,0.40422,-0.25394,0.32428,-0.0015,0.0085,-0.9971,-0.05782,0.01572,-0.02505,0.39808,-0.03007,-0.36515,0.84101,0.21253,-0.6664,-0.70689,0.1051,50.27,52.84,0.0476,0.0779
20:48:58.539,6667.2371,333193,23.047,159.839,21.999,-9.903,0.2295,-0.6506,0.7124,0.3464,-0.58315,0.3512,0.0081,0.011,-1.0134,-0.05809,0.01679,-0.02571,0.39314,-0.02697,-0.36506,0.84347,0.21136,-0.66662,-0.70713,0.10444,50.25,52.83,0.0738,0.0699
20:48:58.552,6667.2571,333194,23.805,159.307,22.0,-9.84,0.2429,-0.6807,0.7114,0.48496,-0.8239,0.40143,-0.021,0.0217,-1.1116,-0.05689,0.05862,-0.02838,0.38705,-0.02109,-0.36483,0.84655,0.21135,-0.66671,-0.70712,0.10398,50.26,52.84,0.0694,0.02
20:48:58.553,6667.2771,333195,24.476,158.345,22.0,-9.776,0.2844,-0.6184,0.6829,0.7333,-0.72664,0.53959,-0.0579,0.0261,-0.946,-0.04903,0.0926,-0.05529,0.38062,-0.01452,-0.36168,0.85094,0.21126,-0.66671,-0.70727,0.10317,50.25,52.84,0.0531,0.0411
20:48:58.567,6667.2971,333196,24.971,157.212,22.002,-9.714,0.2783,-0.5952,0.6033,0.74343,-0.49855,0.6896,0.092,0.0554,-1.0095,-0.06781,-0.10046,0.03304,0.37352,-0.01094,-0.3572,0.85602,0.2093,-0.66719,-0.7074,0.10315,50.27,52.84,0.02,0.0686
20:48:58.570,6667.3171,333197,25.364,156.281,22.003,-9.652,0.2776,-0.5203,0.5916,0.6146,-0.27033,0.75582,-0.3743,-0.1699,-0.9109,-0.06608,-0.14802,-0.00999,0.36669,-0.00987,-0.35283,0.86079,0.20669,-0.66751,-0.70763,0.10472,50.28,52.84,0.02,0.0795
20:48:58.572,6667.3371,333198,24.888,155.578,22.004,-9.59,0.2417,-0.5852,0.6052,0.43274,0.06169,0.67002,-0.4587,-0.406,-0.9775,-0.03824,0.00799,0.516,0.3616,-0.01225,-0.34889,0.86451,0.20595,-0.67138,-0.70396,0.10624,50.27,52.84,0.02,0.02
20:48:58.576,6667.3571,333199,24.352,155.155,22.005,-9.528,0.2393,-0.6753,0.6731,0.26313,0.19425,0.57929,-0.2314,-0.2585,-1.0632,-0.04104,-0.06422,0.58862,0.35754,-0.01629,-0.34666,0.86702,0.2045,-0.67567,-0.69995,0.10824,50.26,52.84,0.0673,0.02
20:48:58.614,6667.3771,333200,24.331,154.81,22.006,-9.467,0.2395,-0.6853,0.6736,0.33827,0.21024,0.46804,0.5291,0.5791,-0.9727,0.00799,-0.45565,0.23449,0.35453,-0.01973,-0.34382,0.86931,0.20127,-0.67685,-0.69914,0.1121,50.28,52.84,0.0727,0.02
20:48:58.615,6667.3971,333201,27.016,153.247,22.008,-9.406,0.2544,-0.657,0.6665,0.47284,0.23582,0.29964,0.7092,0.0972,-1.4387,-0.14429,-3.33411,0.49082,0.35322,-0.02205,-0.3395,0.87148,0.17666,-0.67688,-0.70177,0.1347,50.27,52.84,0.0574,0.02
20:48:58.619,6667.4171,333202,23.766,152.974,22.008,-9.345,0.2656,-0.6792,0.7261,0.44992,0.27139,0.22556,-0.0554,0.3499,-1.3914,1.73374,0.4739,4.25927,0.35271,-0.0244,-0.33525,0.87327,0.18594,-0.70424,-0.6683,0.15116,50.26,52.84,0.0582,0.02
20:48:58.619,6667.4371,333203,18.535,154.173,22.007,-9.284,0.2964,-0.6497,0.7217,0.45858,0.26113,0.12497,-0.0061,0.2578,-1.0076,2.45638,2.37698,4.36559,0.35317,-0.02585,-0.33101,0.87466,0.21214,-0.73212,-0.62762,0.15836,50.26,52.83,0.0685,0.0499
20:48:58.627,6667.4571,333204,14.602,155.268,22.004,-9.222,0.2847,-0.6423,0.7517,0.4402,0.28019,0.05423,-0.1482,-0.0356,-1.0874,2.177,1.16684,4.36559,0.35431,-0.02734,-0.32669,0.87578,0.2284,-0.75636,-0.58817,0.17264,50.26,52.83,0.0583,0.02
20:48:58.628,6667.4771,333205,10.015,155.926,22.0,-9.16,0.2268,-0.6194,0.71,0.41408,0.32695,0.07008,-0.0454,-0.249,-1.1111,1.35456,1.77637,4.36559,0.3553,-0.02977,-0.32256,0.87683,0.24149,-0.78173,-0.54706,0.17696,50.26,52.84,0.0568,0.02
20:48:58.658,6667.4971,333206,4.517,153.701,21.993,-9.1,0.2305,-0.5547,0.697,0.42607,0.11711,0.0834,0.4104,0.9568,-1.1421,-1.85165,4.36559,0.9586,0.35554,-0.03039,-0.31841,0.87823,0.24913,-0.79859,-0.53107,0.13474,50.26,52.87,0.0201,0.02
20:48:58.702,6667.5171,333207,-0.955,148.456,21.985,-9.041,0.2671,-0.4968,0.6831,0.35786,-0.02798,0.07168,0.4814,-0.2715,-0.9678,-4.36572,4.36559,1.50165,0.35544,-0.02985,-0.31524,0.87943,0.2354,-0.8214,-0.51334,0.07987,50.26,52.86,0.02,0.02
20:48:58.719,6667.5371,333208,-5.084,145.544,21.974,-8.983,0.2952,-0.4636,0.6804,0.16494,-0.04583,0.03304,0.9248,-0.3757,-1.0979,-2.32928,4.36559,-0.37718,0.35556,-0.0297,-0.3138,0.8799,0.23918,-0.82745,-0.5071,0.03107,50.27,52.84,0.02,0.02
20:48:58.824,6667.5571,333209,-7.329,147.613,21.964,-8.925,0.2468,-0.5574,0.7673,0.11977,-0.0044,0.0401,1.137,-0.4185,-1.2068,2.36126,4.36559,-3.45215,0.35593,-0.02936,-0.31302,0.88004,0.28257,-0.80485,-0.52189,-0.00131,50.27,52.84,0.065,0.02
20:48:58.897,6667.5771,333210,-10.95,152.332,21.951,-8.865,0.2285,-0.5366,0.7156,0.267,-0.13843,-0.10898,1.4348,0.311,-1.4946,4.36559,3.02368,0.92862,0.35701,-0.02762,-0.31121,0.8803,0.33418,-0.79584,-0.50494,-7e-05,50.26,52.85,0.0224,0.02
20:48:58.928,6667.5971,333211,-17.575,151.913,21.937,-8.805,0.2288,-0.4761,0.6631,0.37345,-0.25554,-0.34827,1.9999,0.1028,-1.9021,-0.39183,4.36559,3.93672,0.35987,-0.02371,-0.30886,0.88008,0.35307,-0.81615,-0.45683,-0.02346,50.27,52.84,0.02,0.02
20:48:58.973,6667.6171,333212,-23.507,153.172,21.92,-8.744,0.2058,-0.5281,0.6543,0.29604,-0.22862,-0.34853,-0.8003,0.4856,-0.5078,1.14606,4.36559,2.73217,0.3627,-0.02054,-0.30724,0.87956,0.38297,-0.82285,-0.41755,-0.04352,50.27,52.85,0.02,0.0313
20:48:58.977,6667.6371,333213,-27.557,154.294,21.901,-8.683,0.272,-0.5249,0.6965,0.25647,-0.04583,-0.2546,1.9999,0.1702,-2.0,0.70719,2.63092,2.29651,0.36531,-0.01925,-0.30521,0.87922,0.40093,-0.82809,-0.38818,-0.05321,50.27,52.85,0.02,0.02
20:48:58.978,6667.6571,333214,-24.135,157.631,21.884,-8.622,0.2317,-0.5825,0.7366,0.09739,0.33787,-0.08593,1.7185,0.0591,-0.1848,2.38351,-3.2996,-0.81657,0.36749,-0.02244,-0.30379,0.87873,0.4076,-0.81611,-0.4092,-0.01959,50.28,52.84,0.0554,0.02
20:48:58.979,6667.6771,333215,-25.377,158.352,21.866,-8.559,0.2058,-0.5898,0.6992,0.081,0.35306,0.13763,0.8687,-0.4304,-0.1746,0.85348,0.957,-0.72718,0.3677,-0.02677,-0.30206,0.87911,0.41926,-0.80891,-0.41128,-0.02713,50.25,52.85,0.0332,0.0688
20:48:58.987,6667.6971,333216,-27.476,157.367,21.848,-8.498,0.1931,-0.6125,0.7529,0.19452,0.57796,0.09073,0.6392,-0.425,-0.2622,-1.08237,1.15432,0.32455,0.36894,-0.03264,-0.29915,0.87939,0.41586,-0.8141,-0.40342,-0.03932,50.27,52.85,0.0722,0.02
20:48:58.988,6667.7171,333217,-29.415,156.652,21.829,-8.436,0.2034,-0.5803,0.7346,0.42447,0.62419,0.02665,1.1406,0.1357,-0.1746,-1.05532,0.53945,1.06878,0.37108,-0.03755,-0.29366,0.88014,0.4103,-0.82229,-0.39193,-0.0433,50.27,52.84,0.0485,0.02
20:48:58.992,6667.7371,333218,-32.117,154.364,21.809,-8.376,0.1501,-0.5559,0.6831,0.55477,0.77327,0.06022,0.4548,-0.1216,-0.3545,-1.29887,1.64314,-0.34067,0.37337,-0.04363,-0.28597,0.88143,0.40619,-0.82517,-0.38744,-0.06316,50.25,52.83,0.02,0.02
20:48:59.002,6667.7571,333219,-35.237,152.21,21.788,-8.316,0.1455,-0.5667,0.6953,0.58169,1.31406,0.12444,1.0112,-0.5054,-0.5356,0.35066,2.5691,-2.54605,0.37664,-0.05454,-0.27594,0.88262,0.41781,-0.81169,-0.39742,-0.09307,50.28,52.85,0.02,0.02
20:48:59.005,6667.7771,333220,-40.722,151.992,21.764,-8.256,0.1377,-0.5396,0.7212,0.62046,1.53496,0.38544,0.7742,-0.2815,-0.3662,2.82943,4.36559,-2.04643,0.37819,-0.0679,-0.26453,0.88453,0.45682,-0.78647,-0.3963,-0.12541,50.26,52.84,0.02,0.02
20:48:59.017,6667.7971,333221,-47.051,152.298,21.739,-8.197,0.083,-0.5334,0.7026,0.64737,1.70869,0.57529,0.9165,-0.0146,0.0659,3.10082,4.36559,-0.80592,0.3784,-0.0833,-0.25199,0.88678,0.49817,-0.76233,-0.38472,-0.15057,50.26,52.83,0.02,0.02
20:48:59.018,6667.8171,333222,-54.495,151.466,21.711,-8.137,0.0486,-0.4673,0.6792,0.82923,2.03977,0.71678,0.0544,-0.0127,0.6013,1.68657,4.36559,0.67189,0.37824,-0.10125,-0.23634,0.88928,0.52926,-0.74901,-0.35898,-0.17322,50.26,52.84,0.02,0.02
20:48:59.021,6667.8371,333223,-60.492,142.684,21.68,-8.081,-0.0359,-0.4712,0.6902,0.94674,2.10465,0.7766,0.6348,-0.3608,0.2732,-0.71958,4.36559,-1.39533,0.37756,-0.11965,-0.21909,0.8917,0.53725,-0.73934,-0.34426,-0.21501,50.27,52.84,0.02,0.02
20:48:59.023,6667.8571,333224,-62.334,124.069,21.649,-8.032,-0.1448,-0.4021,0.6392,1.12754,1.18549,0.4843,1.9999,-0.3718,0.0696,-3.63002,4.36559,-3.37475,0.37739,-0.12856,-0.20371,0.89418,0.5178,-0.73561,-0.33822,-0.27634,50.25,52.84,0.02,0.02
20:48:59.026,6667.8771,333225,-59.819,110.183,21.619,-7.989,0.0327,-0.5166,0.731,1.41905,-0.13456,0.05476,1.679,-0.3062,0.2271,-4.36572,1.94598,-2.73963,0.37876,-0.12313,-0.1916,0.89704,0.48498,-0.74151,-0.33698,-0.31845,50.27,52.86,0.02,0.02
20:48:59.049,6667.8971,333226,-55.992,100.633,21.59,-7.948,-0.1282,-0.3333,0.7991,1.48326,-0.35719,-0.00426,0.7114,-0.0891,1.0327,-4.11085,0.7024,-2.66542,0.38014,-0.1156,-0.17909,0.90003,0.44895,-0.74852,-0.34072,-0.34938,50.26,52.84,0.02,0.02
20:48:59.092,6667.9171,333227,-50.39,101.368,21.563,-7.908,-0.0366,-0.2634,0.7712,1.43956,-0.98818,0.47643,0.8213,-0.2661,0.3586,-2.62306,-4.01306,-2.8249,0.37603,-0.10306,-0.16886,0.90524,0.40648,-0.7634,-0.36951,-0.33979,50.26,52.84,0.02,0.0311
20:48:59.122,6667.9371,333228,-44.587,102.675,21.539,-7.867,-0.0854,-0.2407,0.8208,1.55441,-1.37881,0.29151,0.6831,0.197,0.3481,-1.66965,-4.36572,-2.56803,0.37291,-0.08642,-0.15909,0.91003,0.36934,-0.77465,-0.39989,-0.32185,50.27,52.85,0.02,0.02
20:48:59.214,6667.9571,333229,-39.613,104.757,21.516,-7.825,-0.084,-0.2415,0.8291,1.63701,-1.95117,0.00453,1.0491,-0.2222,0.0588,0.05103,-3.71089,-1.33524,0.37144,-0.06385,-0.15087,0.91389,0.35108,-0.78057,-0.42336,-0.29701,50.25,52.85,0.02,0.0245
20:48:59.244,6667.9771,333230,-35.443,105.861,21.495,-7.783,0.0479,-0.1858,0.8123,1.67911,-2.17087,-0.00466,-0.3997,0.8906,0.4678,2.45772,0.13723,-1.26037,0.36961,-0.03866,-0.14313,0.91728,0.36756,-0.76577,-0.4399,-0.29152,50.27,52.83,0.02,0.02
20:48:59.245,6667.9971,333231,-31.247,103.062,21.475,-7.742,0.1104,-0.1628,0.8662,1.43623,-2.22883,0.05702,-0.2678,-0.3079,-0.8943,-0.58715,1.55268,-1.65526,0.36678,-0.01385,-0.13774,0.91995,0.36498,-0.75654,-0.44506,-0.31041,50.25,52.83,0.02,0.0673
20:48:59.246,6668.0171,333232,-30.567,99.8,21.456,-7.702,0.1318,-0.2471,1.0193,1.05199,-1.81741,-0.55171,-0.8552,-0.2227,0.312,-1.89948,1.40253,1.15125,0.36985,0.00708,-0.13442,0.91929,0.36086,-0.76401,-0.42521,-0.32445,50.25,52.84,0.0372,0.0329
20:48:59.257,6668.0371,333233,-28.634,103.332,21.438,-7.661,0.1858,-0.2605,0.9863,1.07131,-1.51164,-0.8728,0.8904,-0.3857,0.1145,0.92849,-4.36572,0.88346,0.37608,0.02588,-0.13035,0.91701,0.35301,-0.77777,-0.43629,-0.28302,50.26,52.85,0.0523,0.0628
20:48:59.272,6668.0571,333234,-25.422,108.142,21.42,-7.618,0.1731,-0.1968,0.9519,1.57213,-1.45395,-0.42994,1.4678,0.7144,0.219,3.14586,-4.36572,0.26753,0.37815,0.04594,-0.12072,0.91669,0.3592,-0.77886,-0.45831,-0.23303,50.26,52.85,0.0705,0.02
20:48:59.317,6668.0771,333235,-22.451,109.448,21.404,-7.575,0.197,-0.1155,1.0127,1.82993,-1.77824,0.13749,1.1624,-0.1284,-0.1189,2.1758,-1.08517,-0.15135,0.37429,0.06831,-0.10964,0.91827,0.37132,-0.77234,-0.46851,-0.21473,50.26,52.86,0.0514,0.02
20:48:59.332,6668.0971,333236,-19.61,112.648,21.389,-7.531,0.2422,-0.0808,1.1104,1.51977,-2.05656,0.03131,1.5366,0.1084,-0.4998,3.67665,-0.28578,-0.09046,0.37102,0.09183,-0.10278,0.91834,0.39867,-0.75775,-0.47833,-0.19515,50.27,52.83,0.02,0.02
20:48:59.335,6668.1171,333237,-17.39,117.095,21.375,-7.485,1.1279,0.3586,1.0808,1.0011,-1.68058,0.31789,0.8916,0.0569,0.1487,4.36559,0.00746,-0.12657,0.36571,0.10984,-0.0998,0.91882,0.43213,-0.7382,-0.48784,-0.17419,50.25,52.85,0.02,0.02
20:48:59.336,6668.1371,333238,-19.125,121.181,21.36,-7.437,0.0198,-0.3611,0.6538,-0.83989,1.3038,1.17696,1.0093,0.0125,0.0461,2.9636,0.02238,-0.0922,0.35729,0.09222,-0.10399,0.92359,0.45468,-0.72375,-0.49369,-0.1604,50.27,52.85,0.02,0.0722
20:48:59.362,6668.1571,333239,-19.443,122.396,21.345,-7.389,0.4888,0.0596,0.7556,0.22902,0.28845,-0.06289,1.0193,-0.082,-0.0476,1.35656,0.0401,-0.06009,0.35817,0.08967,-0.10052,0.92389,0.46525,-0.71657,-0.4962,-0.15443,50.27,52.85,0.02,0.0622
20:48:59.363,6668.1771,333240,-20.08,121.59,21.329,-7.342,0.251,0.0593,0.9558,0.82923,0.69747,0.43687,1.0093,-0.0085,-0.0032,0.46191,0.06315,-0.03917,0.35448,0.0852,-0.08928,0.92689,0.46945,-0.71354,-0.49703,-0.15307,50.27,52.86,0.0725,0.073
20:48:59.392,6668.1971,333241,-21.673,120.367,21.314,-7.295,0.1152,-0.1284,0.9485,0.67442,1.35083,0.28352,1.0134,-0.0188,-0.0046,-0.02798,0.06808,-0.01439,0.35263,0.07261,-0.07816,0.92966,0.47019,-0.71294,-0.4969,-0.15404,50.29,52.85,0.053,0.0698
20:48:59.393,6668.2171,333242,-22.78,118.987,21.297,-7.248,0.0713,-0.1147,0.9697,0.8247,0.90784,0.1351,1.0098,-0.0186,-0.002,-0.08713,0.0882,0.00839,0.35161,0.06455,-0.06697,0.93151,0.47066,-0.71268,-0.49642,-0.15536,50.26,52.84,0.0643,0.0725
20:48:59.396,6668.2371,333243,-23.039,117.454,21.281,-7.202,0.1733,-0.0061,0.845,1.07424,0.32095,0.21783,1.0898,0.0286,-0.0669,-0.10019,0.11924,0.03118,0.34928,0.06428,-0.05551,0.93316,0.47102,-0.71287,-0.49551,-0.15629,50.27,52.85,0.02,0.02
20:48:59.408,6668.2571,333244,-22.919,115.643,21.265,-7.157,0.2495,0.0715,0.7766,1.23559,0.21597,0.6904,1.0251,-0.0859,-0.0161,-0.24461,-0.04876,-0.07088,0.34233,0.0653,-0.04335,0.9363,0.46955,-0.71325,-0.49594,-0.15763,50.26,52.85,0.02,0.0584
20:48:59.439,6668.2771,333245,-23.033,113.951,21.248,-7.112,0.2012,0.0366,0.9231,1.22306,0.54918,0.9979,1.0073,-0.0164,0.05,-0.07674,-0.18532,-0.11471,0.3326,0.06329,-0.03013,0.94046,0.46857,-0.71275,-0.49762,-0.1575,50.27,52.84,0.0391,0.0735
20:48:59.454,6668.2971,333246,-23.514,112.293,21.232,-7.068,0.147,0.012,1.0269,1.07118,0.66895,0.47803,1.0205,-0.0327,-0.0249,-0.05849,-0.00839,-0.03824,0.32781,0.05963,-0.01704,0.94271,0.46865,-0.71232,-0.49795,-0.15812,50.28,52.85,0.0519,0.064
20:48:59.467,6668.3171,333247,-23.818,111.027,21.215,-7.025,-0.0684,-0.0959,1.1548,0.91117,0.38677,0.13843,1.0107,-0.0222,0.0007,-0.05809,0.01159,-0.02731,0.3261,0.05736,-0.00715,0.94356,0.46889,-0.71187,-0.49812,-0.15891,50.27,52.84,0.02,0.0718
20:48:59.497,6668.3371,333248,-23.202,110.055,21.199,-6.982,0.105,-0.02,1.0454,0.95114,-0.43607,0.39956,1.009,-0.022,-0.0029,-0.05769,0.01346,-0.02571,0.32179,0.06283,-0.00034,0.94472,0.46914,-0.71142,-0.49828,-0.15971,50.26,52.84,0.0419,0.0731
20:48:59.512,6668.3571,333249,-22.069,109.265,21.183,-6.939,0.199,0.1387,1.0059,0.77074,-0.82057,0.64551,1.0166,-0.02,-0.0046,-0.05689,0.01266,-0.02545,0.31529,0.07273,0.00462,0.94619,0.46937,-0.711,-0.49843,-0.16046,50.25,52.82,0.0539,0.0674
20:48:59.527,6668.3771,333250,-21.705,109.408,21.167,-6.896,0.1216,0.0154,1.0747,-0.01719,-0.44113,0.37438,1.0078,-0.0188,-0.0005,-0.05822,0.01466,-0.02545,0.31182,0.07538,0.00269,0.94714,0.46962,-0.71054,-0.49858,-0.16127,50.25,52.83,0.02,0.074
20:48:59.557,6668.3971,333251,-21.865,109.937,21.152,-6.853,0.0872,-0.0405,1.1685,-0.43873,-0.07661,0.22236,1.0032,-0.0234,-0.0034,-0.05836,0.01119,-0.02625,0.31009,0.07324,-0.00194,0.94788,0.46988,-0.71006,-0.49875,-0.16213,50.27,52.83,0.02,0.0774
20:48:59.574,6668.4171,333252,-22.038,110.374,21.136,-6.81,0.2122,-0.0063,1.0205,-0.34067,0.05383,0.31176,1.0112,-0.021,-0.0024,-0.05716,0.01372,-0.02518,0.30738,0.07104,-0.00585,0.94891,0.47012,-0.70961,-0.4989,-0.16291,50.27,52.82,0.0482,0.0714
20:48:59.587,6668.4371,333253,-22.378,110.345,21.12,-6.767,0.1765,0.0396,0.9912,-0.08953,0.3516,0.15521,1.0073,-0.0198,-0.0037,-0.05729,0.01412,-0.02425,0.30601,0.06769,-0.00578,0.9496,0.47038,-0.70914,-0.49905,-0.16373,50.26,52.85,0.0743,0.0744
20:48:59.617,6668.4571,333254,-22.485,110.164,21.104,-6.724,0.1853,0.0994,0.9573,0.00067,0.11791,-0.15974,1.0046,-0.0222,-0.0049,-0.05756,0.01532,-0.02318,0.30762,0.06648,-0.00445,0.94917,0.47066,-0.70866,-0.49918,-0.16458,50.27,52.86,0.0651,0.0764
20:48:59.647,6668.4771,333255,-22.456,110.239,21.088,-6.681,0.3782,0.2224,0.8079,-0.09246,-0.09659,-0.2189,1.0112,-0.0237,-0.0034,-0.05796,0.01466,-0.02451,0.30981,0.0663,-0.00521,0.94847,0.47092,-0.70821,-0.49932,-0.16538,50.28,52.86,0.02,0.0714
20:48:59.648,6668.4971,333256,-23.46,110.649,21.071,-6.638,0.1897,0.0796,0.9099,-0.58715,0.72678,-0.28178,1.0095,-0.022,-0.0066,-0.05862,0.01359,-0.02531,0.31298,0.05696,-0.00801,0.94802,0.47116,-0.70775,-0.49947,-0.16618,50.26,52.85,0.0297,0.0727
20:48:59.694,6668.5171,333257,-25.46,111.338,21.054,-6.595,0.0833,-0.0872,1.0063,-0.85055,1.42171,-0.47017,1.0095,-0.0242,0.0027,-0.05822,0.01279,-0.02571,0.31808,0.03884,-0.01237,0.94719,0.47141,-0.7073,-0.49962,-0.16698,50.27,52.84,0.0699,0.0727
20:48:59.695,6668.5371,333258,-27.496,110.836,21.037,-6.552,-0.0969,0.042,1.0356,-0.12231,1.63115,-0.11325,1.0093,-0.0188,0.001,-0.05742,0.01452,-0.02558,0.31952,0.02099,-0.00762,0.94732,0.47167,-0.70683,-0.49977,-0.16779,50.28,52.84,0.0493,0.0729
20:48:59.707,6668.5571,333259,-28.675,110.554,21.018,-6.509,-0.0823,0.0916,0.7925,-0.11298,0.92209,-0.10912,1.0105,-0.021,-0.0085,-0.05729,0.01905,-0.02212,0.32072,0.01049,-0.00523,0.9471,0.47195,-0.70637,-0.49987,-0.16862,50.28,52.85,0.02,0.0719
20:48:59.737,6668.5771,333260,-29.713,111.498,21.0,-6.466,0.0916,-0.0791,0.7327,-0.90464,0.59315,-0.40982,0.9438,-0.061,0.0137,-0.05609,0.01825,-0.02092,0.32478,0.00093,-0.01206,0.94571,0.47216,-0.70612,-0.49988,-0.16904,50.27,52.84,0.02,0.0394
20:48:59.754,6668.5971,333261,-31.043,112.193,20.981,-6.423,0.0718,0.0054,0.8518,-0.8319,0.9145,-0.42501,1.0195,-0.0186,-0.0134,-0.03597,0.01013,-0.01852,0.329,-0.01119,-0.01678,0.94412,0.47253,-0.70564,-0.50003,-0.16961,50.25,52.84,0.02,0.0652
20:48:59.769,6668.6171,333262,-32.725,113.471,20.961,-6.379,-0.0142,-0.1602,1.0452,-1.11608,1.06385,-0.95687,0.9983,-0.0266,-0.0012,0.14575,0.05089,-0.01879,0.33818,-0.02631,-0.02449,0.94039,0.47444,-0.70413,-0.50031,-0.16969,50.25,52.84,0.0369,0.079
20:48:59.797,6668.6371,333263,-34.138,114.954,20.941,-6.334,-0.198,-0.3318,0.9602,-1.07344,0.79206,-1.12287,1.0042,-0.0261,0.0818,0.24661,-0.00626,-0.0405,0.34873,-0.03925,-0.03274,0.93583,0.47677,-0.70217,-0.50113,-0.16886,50.27,52.84,0.0537,0.0741
20:48:59.812,6668.6571,333264,-35.165,115.488,20.92,-6.29,-0.2239,-0.3115,0.9033,-0.48736,0.58822,-0.67735,0.8904,-0.0142,0.0713,-0.02411,-0.02665,-0.04557,0.35512,-0.04857,-0.03603,0.93286,0.47685,-0.70185,-0.50155,-0.16871,50.27,52.83,0.066,0.02
20:48:59.842,6668.6771,333265,-35.781,115.424,20.9,-6.245,-0.3228,-0.3923,0.7803,-0.09886,0.3877,-0.25114,1.0388,-0.0251,-0.0454,-0.06515,-0.00293,-0.02332,0.35761,-0.05412,-0.03576,0.93162,0.47688,-0.70159,-0.50172,-0.1692,50.27,52.85,0.0283,0.0499
20:48:59.843,6668.6971,333266,-36.037,114.58,20.879,-6.201,0.3164,0.0186,0.6379,0.15122,0.25074,-0.25207,1.0105,-0.019,-0.0715,-0.46991,-0.03304,-0.01212,0.36021,-0.05661,-0.03343,0.93055,0.47396,-0.70323,-0.50134,-0.17171,50.27,52.84,0.02,0.0701
20:48:59.873,6668.7171,333267,-37.848,113.651,20.857,-6.157,-0.5227,-0.2795,0.9724,-0.1303,1.47713,-0.29884,0.9941,-0.0168,0.0291,-0.30843,0.04716,-0.02571,0.36349,-0.07232,-0.02929,0.92833,0.47264,-0.70387,-0.50089,-0.17403,50.27,52.84,0.02,0.076
20:48:59.887,6668.7371,333268,-37.682,114.297,20.836,-6.113,-0.0134,-0.1841,0.7979,-0.39676,-0.37172,-0.27792,1.0039,-0.0244,-0.0039,-0.07474,0.01479,-0.02531,0.36576,-0.0713,-0.03469,0.92733,0.4728,-0.70345,-0.50101,-0.17498,50.26,52.84,0.02,0.0768
20:48:59.917,6668.7571,333269,-38.039,115.457,20.815,-6.069,-0.093,-0.1636,0.7329,-0.85708,-0.07807,0.37132,1.0134,-0.0247,-0.0105,-0.05316,0.01852,-0.02678,0.36175,-0.07519,-0.04277,0.92825,0.47309,-0.70296,-0.50114,-0.17577,50.25,52.84,0.02,0.0697
20:48:59.947,6668.7771,333270,-38.663,117.556,20.793,-6.024,-0.0798,-0.116,0.7595,-1.49552,0.00759,0.58395,1.0056,-0.0295,-0.0383,0.02078,0.03118,-0.02771,0.35533,-0.08203,-0.05634,0.92943,0.47396,-0.70205,-0.50138,-0.17637,50.27,52.86,0.02,0.0749
20:48:59.948,6668.7971,333271,-38.342,121.041,20.771,-5.978,-0.0427,-0.2781,0.9353,-1.86271,-0.89345,0.11298,1.0063,-0.0107,-0.0308,0.33801,0.03557,-0.02705,0.35247,-0.08138,-0.07776,0.92903,0.47708,-0.69962,-0.50216,-0.17541,50.26,52.84,0.0625,0.0749
20:48:59.978,6668.8171,333272,-37.531,124.551,20.75,-5.93,-0.2266,-0.4067,0.8596,-1.70363,-1.40253,-0.16387,1.0063,-0.0208,0.0149,0.47097,0.06169,-0.0032,0.35161,-0.07638,-0.09919,0.92774,0.48133,-0.69661,-0.50284,-0.1738,50.27,52.85,0.0632,0.075
20:48:59.994,6668.8371,333273,-36.232,127.324,20.729,-5.881,-0.1521,-0.2563,0.7031,-1.27942,-1.60957,0.08247,1.0127,-0.0242,0.0024,0.41848,0.03184,-0.01958,0.34842,-0.06754,-0.11655,0.92761,0.48499,-0.69383,-0.50369,-0.17228,50.27,52.84,0.02,0.0703
20:49:00.052,6668.8571,333274,-35.572,129.878,20.709,-5.832,0.1025,-0.2793,0.8906,-1.33844,-0.9097,0.09126,0.9971,-0.0205,0.032,0.36785,0.01732,-0.02864,0.34588,-0.06445,-0.13226,0.92667,0.48825,-0.69121,-0.50457,-0.17103,50.27,52.84,0.0342,0.0784
20:49:00.053,6668.8771,333275,-34.567,132.115,20.689,-5.782,0.0537,-0.3394,0.9578,-1.20108,-1.10369,0.28165,1.0134,-0.0156,0.0344,0.16654,0.00027,-0.03877,0.34138,-0.05904,-0.14783,0.92635,0.48996,-0.6896,-0.50525,-0.17062,50.28,52.84,0.0668,0.0694
20:49:00.055,6668.8971,333276,-34.706,133.337,20.668,-5.731,-0.1277,-0.1589,0.6675,-0.91237,-0.15015,-0.34853,1.0142,-0.0178,-0.0107,-0.03557,-0.01132,-0.04064,0.34401,-0.06171,-0.15655,0.92377,0.49018,-0.68899,-0.50568,-0.1712,50.28,52.84,0.02,0.0692
20:49:00.067,6668.9171,333277,-35.001,134.299,20.648,-5.68,-0.0688,-0.7727,1.5322,-0.71745,0.02345,0.25221,1.0078,-0.0227,-0.0015,-0.05676,0.00826,-0.02998,0.34145,-0.06616,-0.16305,0.92328,0.49039,-0.68847,-0.5059,-0.17202,50.27,52.82,0.02,0.074
20:49:00.097,6668.9371,333278,-32.889,132.626,20.629,-5.63,0.5601,-0.146,0.5698,1.46221,-1.66779,-0.00613,1.0205,-0.0142,-0.0181,-0.05995,-0.03038,-0.04916,0.34009,-0.04657,-0.15516,0.92634,0.49031,-0.688,-0.50643,-0.17258,50.27,52.86,0.02,0.0644
20:49:00.112,6668.9571,333279,-30.722,132.034,20.61,-5.58,0.1499,-0.1812,0.8545,0.70746,-1.88109,-0.02731,1.011,-0.0178,-0.0125,-0.05849,0.01186,-0.02305,0.33806,-0.02751,-0.15469,0.92792,0.49053,-0.68753,-0.50659,-0.17338,50.27,52.84,0.02,0.0716
20:49:00.157,6668.9771,333280,-29.245,131.409,20.592,-5.53,0.1079,-0.1196,0.7732,0.63218,-1.28755,0.52959,1.009,-0.0195,-0.0034,-0.05915,0.00759,-0.02705,0.33162,-0.01516,-0.15259,0.93087,0.49072,-0.68704,-0.50679,-0.17418,50.28,52.85,0.02,0.0731
20:49:00.158,6668.9971,333281,-28.288,131.778,20.574,-5.48,0.1008,-0.2715,0.8857,-0.16094,-0.92769,-0.32522,1.0029,-0.0251,0.0125,-0.06169,0.002,-0.02785,0.3335,-0.00719,-0.15718,0.92953,0.4909,-0.68654,-0.50701,-0.17499,50.28,52.84,0.0289,0.0775
20:49:00.172,6669.0171,333282,-27.54,131.631,20.557,-5.43,0.0374,-0.512,0.9512,0.24581,-0.74196,-1.16231,1.0083,-0.0205,-0.0046,-0.06035,0.00919,-0.02691,0.34334,0.00099,-0.15757,0.9259,0.4911,-0.68604,-0.5072,-0.17582,50.27,52.83,0.02,0.0736
20:49:00.187,6669.0371,333283,-26.876,129.432,20.539,-5.381,0.0957,-0.3818,1.0483,1.79849,-0.30537,-0.94967,1.0088,-0.0178,-0.002,-0.05796,0.01399,-0.02598,0.35186,0.0102,-0.14198,0.92517,0.49132,-0.68555,-0.50737,-0.17664,50.27,52.83,0.02,0.0733
20:49:00.219,6669.0571,333284,-26.378,126.337,20.522,-5.334,0.2036,-0.2483,0.7053,2.44133,0.12484,-0.29244,1.0073,-0.022,-0.0022,-0.05809,0.01665,-0.02465,0.35479,0.01722,-0.11901,0.92718,0.49158,-0.68504,-0.50751,-0.1775,50.27,52.84,0.02,0.0743
20:49:00.232,6669.0771,333285,-27.435,123.346,20.505,-5.287,0.1641,-0.0549,0.9062,1.90987,1.45049,0.16507,1.009,-0.0234,-0.0049,-0.05969,0.01106,-0.02518,0.35496,0.00948,-0.09567,0.92993,0.49179,-0.68455,-0.50768,-0.17832,50.27,52.84,0.0219,0.073
20:49:00.262,6669.0971,333286,-27.784,121.749,20.487,-5.241,0.1772,-0.0657,0.8931,1.03281,0.58608,-0.05263,1.0095,-0.0208,-0.0002,-0.05836,0.01266,-0.02518,0.35612,0.00695,-0.08363,0.93067,0.49202,-0.68405,-0.50784,-0.17914,50.28,52.84,0.02,0.0727
20:49:00.265,6669.1171,333287,-27.047,121.233,20.47,-5.195,0.1357,-0.1648,0.9995,0.58036,-0.47111,-0.40076,1.0093,-0.0173,-0.0002,-0.05596,0.01998,-0.02372,0.35961,0.01366,-0.08032,0.92954,0.49231,-0.68354,-0.50795,-0.17999,50.28,52.84,0.0635,0.0729
20:49:00.292,6669.1371,333288,-25.98,121.006,20.453,-5.149,-0.0217,-0.2788,0.917,0.53106,-0.98964,-0.62126,1.0083,-0.0229,-0.0024,-0.05622,0.02598,-0.01932,0.36459,0.02332,-0.07919,0.9275,0.49263,-0.68303,-0.50801,-0.18087,50.27,52.83,0.049,0.0736
20:49:00.307,6669.1571,333289,-25.161,120.339,20.437,-5.104,0.0845,-0.22,0.9534,0.84575,-0.6078,-0.77421,1.0125,-0.0203,-0.0046,-0.05729,0.01545,-0.02611,0.37114,0.03088,-0.07428,0.92509,0.49287,-0.68253,-0.50816,-0.18168,50.27,52.85,0.0666,0.0705
20:49:00.337,6669.1771,333290,-24.083,119.52,20.421,-5.059,0.4021,0.0349,0.9631,0.88279,-0.6503,-1.05599,1.0088,-0.021,-0.0032,-0.05822,0.01479,-0.02292,0.38036,0.04079,-0.06785,0.92144,0.49311,-0.68203,-0.5083,-0.18251,50.26,52.84,0.0468,0.0732
20:49:00.352,6669.1971,333291,-23.68,119.005,20.405,-5.014,0.1501,-0.0669,0.8635,0.47524,-0.2225,-0.67562,1.0098,-0.0227,-0.0022,-0.05955,0.00799,-0.02811,0.38639,0.04436,-0.06379,0.91906,0.4933,-0.68153,-0.50849,-0.18332,50.26,52.85,0.02,0.0725
20:49:00.382,6669.2171,333292,-23.953,118.448,20.389,-4.969,-0.0115,-0.02,0.7126,0.2674,0.26393,-0.33681,1.01,-0.0181,-0.0061,-0.05982,0.00573,-0.02785,0.38967,0.04173,-0.05964,0.91807,0.49347,-0.68104,-0.5087,-0.18411,50.27,52.85,0.02,0.0724
20:49:00.383,6669.2371,333293,-23.39,117.263,20.373,-4.925,0.0247,-0.1873,0.7583,1.07371,-0.16001,-0.5172,1.0125,-0.0229,-0.0056,-0.05902,0.01079,-0.02691,0.39397,0.04626,-0.05017,0.91658,0.49367,-0.68055,-0.50888,-0.1849,50.26,52.84,0.02,0.0704
20:49:00.412,6669.2571,333294,-21.638,116.123,20.358,-4.881,0.1821,-0.0415,1.0154,1.44249,-0.95487,-0.52653,1.0081,-0.0208,-0.0012,-0.05822,0.01332,-0.02425,0.39782,0.06094,-0.04031,0.91455,0.4939,-0.68003,-0.50904,-0.18574,50.25,52.85,0.0557,0.0738
20:49:00.427,6669.2771,333295,-19.058,115.45,20.343,-4.837,0.9631,0.2163,0.6421,1.48833,-1.80635,-0.54185,1.0071,-0.021,-0.0024,-0.05716,0.01759,-0.02318,0.4013,0.08289,-0.03329,0.91158,0.49417,-0.67951,-0.50916,-0.1866,50.27,52.85,0.02,0.0745
20:49:00.457,6669.2971,333296,-19.53,114.533,20.329,-4.794,0.3083,0.0127,1.0571,0.47204,0.64004,1.70643,1.0103,-0.0181,-0.002,-0.05689,0.02278,-0.01932,0.38569,0.07752,-0.02773,0.91895,0.49446,-0.67901,-0.50923,-0.18744,50.27,52.84,0.02,0.0722
20:49:00.472,6669.3171,333297,-20.014,114.497,20.314,-4.751,0.0735,-0.032,0.9207,-0.14949,0.25754,3.57126,1.0059,-0.0164,0.0,-0.05662,0.02891,-0.01532,0.35331,0.07205,-0.03061,0.93223,0.4948,-0.6785,-0.50925,-0.18835,50.26,52.84,0.0231,0.0755
20:49:00.504,6669.3371,333298,-20.318,114.341,20.3,-4.708,0.1526,0.0137,0.7456,-0.01226,0.23702,2.85421,1.0095,-0.021,-0.0029,-0.05756,0.01785,-0.02411,0.32698,0.06816,-0.03168,0.94204,0.49506,-0.67798,-0.50937,-0.1892,50.26,52.84,0.02,0.0727
20:49:00.505,6669.3571,333299,-21.755,113.548,20.285,-4.666,0.2061,0.113,0.8958,0.17387,1.31739,3.09696,1.0083,-0.0234,0.0015,-0.05596,0.02531,-0.02065,0.29835,0.0545,-0.02735,0.95251,0.49538,-0.67746,-0.50944,-0.19008,50.27,52.84,0.0246,0.0736
20:49:00.533,6669.3771,333300,-24.661,113.011,20.268,-4.623,-0.0425,0.0146,0.9707,-0.2626,2.37338,3.66426,1.0134,-0.0232,-0.0032,-0.05622,0.01279,-0.02518,0.26456,0.02802,-0.02395,0.96367,0.49561,-0.67696,-0.50959,-0.19086,50.27,52.84,0.0588,0.0697
20:49:00.547,6669.3971,333301,-26.919,113.62,20.251,-4.58,0.0132,0.0747,1.0315,-0.95327,1.76225,4.16641,1.0068,-0.0193,-0.002,-0.05889,0.00933,-0.02691,0.22541,0.00648,-0.02837,0.97383,0.49581,-0.67643,-0.50977,-0.19169,50.26,52.84,0.0543,0.0748
20:49:00.577,6669.4171,333302,-28.499,115.787,20.234,-4.537,-0.1138,0.0271,0.9756,-1.90294,1.10808,4.10898,1.0078,-0.0229,0.0007,-0.05875,0.00586,-0.02878,0.18607,-0.0112,-0.04352,0.98151,0.496,-0.67591,-0.50998,-0.1925,50.27,52.82,0.0669,0.074
20:49:00.592,6669.4371,333303,-29.111,118.738,20.216,-4.493,-0.2058,0.1541,0.7534,-2.32076,0.49509,2.67928,1.0115,-0.0208,0.0015,-0.06035,0.00187,-0.03091,0.1599,-0.02235,-0.06465,0.98476,0.49613,-0.67541,-0.51022,-0.19327,50.28,52.84,0.02,0.0712
20:49:00.622,6669.4571,333304,-27.474,121.009,20.199,-4.447,-0.0227,-0.1775,0.5615,-1.82007,-1.35962,1.64607,1.011,-0.0234,-0.002,-0.05982,0.002,-0.03291,0.14256,-0.01392,-0.08476,0.98605,0.49628,-0.67489,-0.51047,-0.19405,50.28,52.84,0.02,0.0715
20:49:00.623,6669.4771,333305,-24.879,121.752,20.183,-4.402,-0.1924,-0.0842,0.7661,-0.82737,-2.31796,0.45752,1.0081,-0.0232,-0.0007,-0.05849,0.01212,-0.02585,0.13611,0.00587,-0.09604,0.98601,0.4965,-0.67437,-0.51062,-0.19489,50.27,52.84,0.02,0.0737
20:49:00.654,6669.4971,333306,-22.225,121.546,20.167,-4.357,0.064,0.0168,1.0247,-0.20531,-2.39297,0.18013,1.0076,-0.0247,0.001,-0.05809,0.01332,-0.02385,0.13228,0.02814,-0.10024,0.98573,0.49673,-0.67384,-0.51078,-0.19572,50.27,52.87,0.0599,0.0741
20:49:00.682,6669.5171,333307,-22.013,121.203,20.152,-4.311,-0.2275,0.1567,0.7996,0.21877,-0.32682,-0.12351,1.0098,-0.022,-0.0015,-0.05796,0.01399,-0.02478,0.13326,0.03036,-0.09823,0.98573,0.49695,-0.67332,-0.51093,-0.19655,50.27,52.85,0.02,0.0725
20:49:00.683,6669.5371,333308,-22.834,120.946,20.137,-4.266,-0.062,-0.0085,0.5972,0.22942,0.57716,-1.05932,1.011,-0.0151,-0.0061,-0.05689,0.01972,-0.02385,0.14436,0.0246,-0.09464,0.98468,0.49721,-0.6728,-0.51104,-0.1974,50.26,52.84,0.02,0.0717
20:49:00.713,6669.5571,333309,-23.806,121.36,20.121,-4.221,0.3262,-0.0566,0.6318,-0.30896,0.78993,-1.97409,1.0081,-0.0261,0.001,-0.05649,0.03051,-0.01559,0.16484,0.01738,-0.09606,0.98148,0.49756,-0.67228,-0.51104,-0.19829,50.27,52.85,0.02,0.0737
20:49:00.744,6669.5771,333310,-23.353,122.413,20.105,-4.176,0.2756,-0.3191,0.9226,-0.77927,-0.39037,-2.4408,1.01,-0.0247,-0.0054,-0.05782,0.01732,-0.02052,0.18882,0.02188,-0.10488,0.97615,0.49781,-0.67177,-0.51113,-0.19912,50.27,52.85,0.0692,0.0723
20:49:00.745,6669.5971,333311,-18.585,124.65,20.091,-4.129,0.562,-1.0347,1.4507,-1.60544,-4.36572,-3.52903,1.0098,-0.0261,-0.0459,-0.05316,0.03597,-0.00933,0.21953,0.06371,-0.1284,0.96502,0.49818,-0.67126,-0.5111,-0.20002,50.27,52.85,0.02,0.0716
20:49:00.787,6669.6171,333312,-13.823,126.797,20.079,-4.082,0.584,-0.3611,0.635,-1.22559,-4.36572,-0.94781,1.0107,-0.0244,-0.0518,0.1772,0.07687,0.01053,0.22428,0.10369,-0.14947,0.9574,0.50033,-0.66962,-0.51119,-0.19991,50.27,52.85,0.0314,0.0708
20:49:00.788,6669.6371,333313,-12.983,127.913,20.067,-4.035,0.0366,-0.2737,1.2168,-0.24674,-0.98804,-0.5689,0.9705,-0.0227,0.0098,0.58808,0.089,0.02465,0.22872,0.11191,-0.15329,0.95481,0.50534,-0.66603,-0.51188,-0.19751,50.26,52.84,0.02,0.0581
20:49:00.819,6669.6571,333314,-14.02,129.045,20.055,-3.987,0.1172,-0.3022,1.1511,-0.19891,0.75515,-0.33987,0.9844,-0.0186,0.0142,0.81444,0.01506,-0.03664,0.23356,0.10321,-0.15295,0.95467,0.51135,-0.66101,-0.51381,-0.19387,50.27,52.84,0.02,0.0685
20:49:00.832,6669.6771,333315,-17.657,130.853,20.041,-3.939,0.1187,-0.4775,1.2102,-1.00057,2.9576,0.23715,1.0051,-0.0205,0.0708,0.78513,0.01479,-0.04197,0.23714,0.07073,-0.15582,0.95629,0.51718,-0.65602,-0.51566,-0.19041,50.27,52.84,0.02,0.0742
20:49:00.864,6669.6971,333316,-21.655,132.451,20.027,-3.89,0.1125,-0.4722,1.0437,-1.28195,3.28588,0.52933,1.0181,-0.0415,-0.0173,0.28392,-0.00306,-0.04943,0.23841,0.03399,-0.16072,0.95717,0.51948,-0.65365,-0.51671,-0.18943,50.27,52.86,0.02,0.0657
20:49:00.865,6669.7171,333317,-24.975,133.464,20.01,-3.84,0.0388,-0.6228,0.8086,-0.89025,2.70499,0.71279,1.0144,-0.03,0.0037,-0.02718,0.00999,-0.03344,0.2364,0.0031,-0.16396,0.95772,0.51986,-0.65294,-0.517,-0.19008,50.26,52.85,0.064,0.0689
20:49:00.892,6669.7371,333318,-26.482,134.294,19.994,-3.791,0.0947,-0.6079,0.7285,-0.65443,1.18989,0.783,1.011,-0.0198,0.0029,-0.05582,0.00346,-0.03104,0.23107,-0.01241,-0.16819,0.95821,0.52002,-0.65237,-0.51727,-0.19087,50.26,52.85,0.0451,0.0716
20:49:00.908,6669.7571,333319,-27.155,133.829,19.977,-3.742,0.1465,-0.1787,0.9565,0.21863,0.59301,1.43956,1.0159,-0.019,-0.0051,-0.06089,-0.02851,-0.04263,0.21874,-0.02028,-0.16358,0.96176,0.51994,-0.65186,-0.51776,-0.19149,50.26,52.87,0.068,0.0679
20:49:00.939,6669.7771,333320,-28.689,133.421,19.959,-3.692,0.1033,-0.3186,1.0933,0.26247,1.28395,1.37974,1.0159,-0.021,-0.0066,-0.06035,-0.01506,-0.03357,0.20794,-0.03517,-0.15774,0.9647,0.51995,-0.65137,-0.51812,-0.19216,50.27,52.86,0.02,0.0679
20:49:00.997,6669.7971,333321,-29.69,132.167,19.942,-3.644,0.104,-0.2134,0.769,0.92982,0.76968,0.87,1.0208,-0.0127,-0.0278,-0.05276,0.03024,-0.00773,0.20138,-0.0429,-0.14678,0.9675,0.52026,-0.65091,-0.51811,-0.19292,50.26,52.85,0.02,0.0641
20:49:00.998,6669.8171,333322,-30.065,131.706,19.924,-3.595,0.0059,-0.0952,0.6399,0.73903,0.15175,0.86614,1.1592,-0.0291,-0.2791,0.38371,0.00226,0.07261,0.19377,-0.04524,-0.1386,0.97015,0.52323,-0.64897,-0.5185,-0.19033,50.27,52.85,0.02,0.02
20:49:01.000,6669.8371,333323,-29.381,134.046,19.906,-3.546,0.0979,-0.0637,0.5654,0.39396,-0.54425,1.21893,1.0344,0.0225,-0.2847,2.3438,-0.22729,0.02665,0.18161,-0.04178,-0.13508,0.97315,0.53755,-0.63656,-0.52417,-0.17628,50.27,52.85,0.02,0.0252
20:49:01.012,6669.8571,333324,-28.957,138.879,19.889,-3.495,0.1418,-0.196,0.6533,0.26673,-0.39503,1.2168,0.8252,-0.0583,-0.0217,4.36559,-0.05529,-0.0032,0.1696,-0.03992,-0.1328,0.97571,0.56536,-0.61151,-0.53217,-0.1524,50.28,52.86,0.02,0.02
20:49:01.027,6669.8771,333325,-27.951,143.218,19.871,-3.443,0.0608,-0.1658,0.8811,0.41568,-0.8756,1.30793,1.0391,0.0696,0.2568,4.36559,0.10938,-0.31802,0.15609,-0.03333,-0.12952,0.97865,0.59248,-0.58329,-0.53998,-0.13103,50.27,52.86,0.02,0.0255
20:49:01.057,6669.8971,333326,-25.815,145.723,19.855,-3.389,0.0137,-0.0984,0.8,0.77674,-1.87283,0.9566,1.0212,0.0234,0.1843,3.20528,-0.05516,-0.20904,0.14479,-0.01613,-0.12421,0.9815,0.61102,-0.56192,-0.54572,-0.11446,50.28,52.84,0.02,0.0515
20:49:01.102,6669.9171,333327,-23.961,146.541,19.839,-3.336,-0.2383,-0.1646,0.8123,0.66389,-1.76824,0.41994,1.0408,-0.0081,0.0742,1.54042,-0.01359,-0.083,0.13873,6e-05,-0.1201,0.98302,0.6199,-0.55127,-0.54817,-0.10646,50.28,52.85,0.02,0.0474
20:49:01.103,6669.9371,333328,-21.804,145.856,19.825,-3.282,-0.2222,-0.2041,0.8381,0.72318,-2.10119,0.59101,0.9854,-0.0461,0.0037,0.31323,0.03464,-0.02225,0.13055,0.01938,-0.11589,0.98445,0.62221,-0.54831,-0.54873,-0.10541,50.27,52.84,0.02,0.0699
20:49:01.106,6669.9571,333329,-19.874,145.025,19.81,-3.229,-0.0754,-0.2227,0.884,0.54065,-1.76638,0.94568,1.0205,-0.0085,-0.0281,-0.05116,-0.07101,-0.07687,0.11924,0.03474,-0.11312,0.98579,0.62179,-0.54748,-0.5499,-0.10607,50.25,52.86,0.02,0.0643
20:49:01.132,6669.9771,333330,-18.728,144.529,19.797,-3.177,0.2229,-0.2173,0.9673,0.30177,-0.99111,1.14606,1.0156,-0.0129,-0.0127,-0.05796,0.01492,-0.02598,0.10704,0.04368,-0.112,0.98696,0.6219,-0.54684,-0.55024,-0.10697,50.26,52.86,0.0679,0.0682
20:49:01.147,6669.9971,333331,-18.037,144.242,19.783,-3.124,0.3708,-0.2627,1.0576,0.16241,-0.68761,0.98111,0.9922,-0.0295,0.0098,-0.05662,0.02505,-0.01732,0.09674,0.04873,-0.11174,0.98782,0.62212,-0.54617,-0.55047,-0.10792,50.28,52.85,0.02,0.0745
20:49:01.177,6670.0171,333332,-16.898,143.825,19.77,-3.072,0.4143,-0.2207,1.1365,0.20185,-1.00097,0.72051,1.0017,-0.0127,0.0005,-0.07221,-0.0473,-0.05995,0.08863,0.05721,-0.11117,0.98819,0.6218,-0.5454,-0.55141,-0.10889,50.28,52.85,0.02,0.0787
20:49:01.207,6670.0371,333333,-15.455,143.088,19.757,-3.019,0.3142,-0.1621,1.0796,0.35826,-1.25237,0.48723,1.0203,-0.0144,-0.0349,-0.14589,-0.08727,-0.08194,0.08246,0.06854,-0.10901,0.98824,0.62076,-0.54515,-0.5526,-0.11003,50.26,52.84,0.02,0.0643
20:49:01.208,6670.0571,333334,-14.199,142.343,19.745,-2.968,0.3542,-0.1255,1.011,0.42994,-1.22493,0.4735,1.0068,-0.0178,-0.0059,-0.07634,0.02571,-0.02158,0.07638,0.07968,-0.10607,0.98821,0.62085,-0.54457,-0.55285,-0.11114,50.27,52.84,0.0211,0.0748
20:49:01.237,6670.0771,333335,-13.157,141.465,19.734,-2.916,0.4377,-0.0745,0.8613,0.57116,-0.99257,0.21504,1.011,-0.0188,-0.0078,-0.05955,0.02358,-0.02052,0.07307,0.08957,-0.10117,0.98813,0.62101,-0.54393,-0.5531,-0.11209,50.27,52.85,0.0568,0.0716
20:49:01.252,6670.0971,333336,-12.492,140.927,19.722,-2.865,0.4214,-0.0815,0.958,0.34214,-0.63311,-0.02758,1.0071,-0.0154,-0.01,-0.05915,0.00986,-0.02665,0.07267,0.09572,-0.09807,0.9879,0.62109,-0.54323,-0.5535,-0.11305,50.26,52.84,0.0427,0.0745
20:49:01.267,6670.1171,333337,-12.043,140.42,19.711,-2.814,0.3142,-0.0972,0.9858,0.32055,-0.42754,-0.27326,1.0142,-0.0171,-0.0127,-0.06075,-0.0032,-0.03291,0.07496,0.10009,-0.0945,0.98764,0.62107,-0.54258,-0.55399,-0.11392,50.26,52.85,0.0506,0.0692
20:49:01.297,6670.1371,333338,-11.848,139.886,19.7,-2.763,0.312,-0.1021,0.9299,0.36625,-0.17706,-0.25794,1.0112,-0.0125,-0.011,-0.06075,0.00933,-0.02851,0.07731,0.1024,-0.09026,0.98762,0.62113,-0.54191,-0.55438,-0.11486,50.27,52.84,0.0696,0.0715
20:49:01.327,6670.1571,333339,-11.78,139.41,19.688,-2.713,0.2917,-0.1426,0.9077,0.38704,-0.07008,-0.19945,1.0007,-0.0181,-0.0115,-0.05955,0.01292,-0.02638,0.07908,0.10343,-0.08636,0.98772,0.62123,-0.54117,-0.55478,-0.11589,50.27,52.83,0.053,0.0793
20:49:01.328,6670.1771,333340,-11.326,138.978,19.677,-2.662,0.3782,-0.0996,0.8577,0.30976,-0.41955,-0.18999,1.011,-0.0142,-0.0066,-0.06808,0.00187,-0.03504,0.0805,0.10752,-0.08346,0.98742,0.62121,-0.54051,-0.55523,-0.11687,50.27,52.84,0.037,0.0717
20:49:01.357,6670.1971,333341,-10.545,138.591,19.667,-2.612,0.2705,-0.1028,0.9185,0.19079,-0.68801,-0.42474,1.0149,-0.0195,-0.0195,-0.08327,0.00906,-0.03238,0.0842,0.11454,-0.08127,0.9865,0.62113,-0.53999,-0.55562,-0.11793,50.27,52.86,0.0523,0.0685
20:49:01.372,6670.2171,333342,-9.88,138.277,19.656,-2.562,0.2742,-0.1045,0.9094,0.17866,-0.60114,-0.45498,1.033,-0.0093,-0.0264,-0.06382,0.01226,-0.02771,0.08827,0.12063,-0.07918,0.98559,0.62114,-0.5395,-0.55591,-0.11869,50.27,52.85,0.0467,0.055
20:49:01.387,6670.2371,333343,-9.825,138.049,19.646,-2.512,0.3506,-0.1021,0.9224,0.16228,-0.0052,-0.65603,1.0166,-0.0127,-0.0188,-0.05862,0.01772,-0.01479,0.09482,0.12159,-0.07664,0.98506,0.62125,-0.53892,-0.55617,-0.11953,50.27,52.84,0.074,0.0674
20:49:01.417,6670.2571,333344,-10.286,137.712,19.635,-2.462,0.1267,-0.105,0.9478,0.29524,0.21797,-0.96979,1.0073,-0.0115,-0.0071,-0.05849,0.01879,-0.02238,0.10431,0.11836,-0.07221,0.98483,0.62139,-0.53822,-0.55648,-0.12051,50.27,52.84,0.0515,0.0745
20:49:01.449,6670.2771,333345,-9.509,137.102,19.625,-2.412,0.1116,-0.1392,0.8535,0.52267,-0.77887,-0.42554,0.9939,-0.0125,0.0098,-0.05982,-0.00453,-0.03611,0.10744,0.12535,-0.06755,0.98396,0.6214,-0.53748,-0.55698,-0.12145,50.27,52.85,0.02,0.0755
20:49:01.452,6670.2971,333346,-8.048,136.609,19.615,-2.363,0.2256,-0.043,0.8059,0.37118,-1.3419,-0.27739,1.0022,-0.0164,0.0,-0.05862,0.01066,-0.02411,0.10901,0.13807,-0.06469,0.98228,0.6215,-0.53675,-0.55736,-0.12244,50.28,52.84,0.02,0.0782
20:49:01.477,6670.3171,333347,-7.287,136.291,19.605,-2.314,0.2922,0.0212,0.9045,0.19572,-0.71678,-0.087,1.0098,-0.0127,-0.0039,-0.05875,0.01066,-0.02891,0.1094,0.14445,-0.06271,0.98144,0.62158,-0.53605,-0.55773,-0.12338,50.27,52.83,0.0431,0.0726
20:49:01.492,6670.3371,333348,-7.066,135.952,19.596,-2.265,0.3694,-0.0015,0.8962,0.22636,-0.18639,-0.05356,1.011,-0.0156,-0.0117,-0.05836,0.01479,-0.02478,0.10977,0.14626,-0.06001,0.9813,0.62168,-0.53537,-0.55807,-0.12432,50.27,52.84,0.057,0.0716
20:49:01.507,6670.3571,333349,-6.816,135.52,19.586,-2.216,0.3835,-0.0076,0.8242,0.36492,-0.24928,-0.13456,1.0046,-0.0181,-0.0085,-0.05862,0.01439,-0.02518,0.11059,0.14836,-0.05644,0.98111,0.62178,-0.53464,-0.55844,-0.12531,50.28,52.85,0.02,0.0764
20:49:01.537,6670.3771,333350,-6.035,135.073,19.577,-2.167,0.3457,-0.001,0.7871,0.38011,-0.71132,-0.14762,1.0056,-0.0171,-0.01,-0.05796,0.01319,-0.02571,0.11125,0.15501,-0.05318,0.98019,0.62187,-0.53392,-0.5588,-0.1263,50.27,52.84,0.02,0.0757
20:49:01.597,6670.3971,333351,-4.777,134.657,19.569,-2.119,0.3745,0.0159,0.7668,0.36732,-1.125,-0.12604,1.0085,-0.0144,-0.0078,-0.05875,0.01266,-0.02558,0.1115,0.16568,-0.05054,0.97855,0.62196,-0.53321,-0.55916,-0.12725,50.26,52.83,0.02,0.0735
20:49:01.599,6670.4171,333352,-3.551,134.348,19.561,-2.07,0.467,0.0408,0.7944,0.28152,-1.08996,-0.04916,1.0071,-0.0125,-0.0127,-0.05889,0.01306,-0.02531,0.11114,0.1759,-0.04884,0.97689,0.62204,-0.5325,-0.55952,-0.12822,50.26,52.85,0.0218,0.0746
20:49:01.600,6670.4371,333353,-2.676,134.178,19.553,-2.022,0.4702,0.0037,0.9065,0.12923,-0.71425,-0.00853,1.0093,-0.0154,-0.0117,-0.05836,0.01212,-0.02611,0.11089,0.18298,-0.04802,0.97566,0.62212,-0.5318,-0.55988,-0.12917,50.27,52.85,0.0641,0.0729
20:49:01.612,6670.4571,333354,-2.198,133.888,19.545,-1.974,0.3413,-0.0266,0.9729,0.22196,-0.56077,-0.22303,1.0056,-0.0151,-0.0073,-0.05862,0.01252,-0.02571,0.11264,0.18685,-0.04546,0.97485,0.62222,-0.53107,-0.56024,-0.13016,50.27,52.85,0.0565,0.0757
20:49:01.627,6670.4771,333355,-1.331,133.436,19.538,-1.926,0.3367,-0.022,0.8831,0.38317,-0.85228,-0.18492,1.0078,-0.0132,-0.0093,-0.05809,0.01332,-0.02558,0.11358,0.1941,-0.0418,0.97349,0.6223,-0.53036,-0.5606,-0.13112,50.27,52.86,0.039,0.0741
20:49:01.657,6670.4971,333356,-0.587,133.064,19.531,-1.878,0.4707,-0.02,1.0544,0.34267,-0.66962,0.03184,1.0044,-0.0168,-0.0127,-0.05889,0.01492,-0.02451,0.11251,0.20014,-0.03915,0.9725,0.62239,-0.52963,-0.56095,-0.13213,50.26,52.84,0.02,0.0765
20:49:01.687,6670.5171,333357,-0.519,133.05,19.523,-1.831,0.4326,0.0442,0.7468,0.01439,-0.08793,0.19292,1.0042,-0.019,-0.0051,-0.05809,0.01292,-0.02598,0.11074,0.20009,-0.0394,0.9727,0.62249,-0.52888,-0.56131,-0.13312,50.27,52.84,0.02,0.0767
20:49:01.688,6670.5371,333358,-0.079,132.846,19.516,-1.783,0.3691,-0.0393,0.9941,0.21743,-0.49855,-0.02731,1.0085,-0.0154,-0.0085,-0.05822,0.01013,-0.02625,0.11049,0.2034,-0.03784,0.97211,0.62256,-0.52817,-0.56168,-0.13407,50.27,52.85,0.0341,0.0735
20:49:01.717,6670.5571,333359,0.386,132.689,19.51,-1.736,0.4697,0.0271,0.9797,0.14176,-0.4414,0.1768,1.0098,-0.011,-0.0125,-0.05942,0.01146,-0.02625,0.10851,0.20684,-0.03709,0.97163,0.62263,-0.52747,-0.56203,-0.13502,50.26,52.84,0.02,0.0725
20:49:01.732,6670.5771,333360,0.208,132.455,19.503,-1.688,0.4907,0.0229,0.9172,0.16987,0.17813,0.06795,1.0063,-0.0144,-0.0054,-0.05836,0.01506,-0.02438,0.1078,0.20491,-0.03503,0.9722,0.62274,-0.52674,-0.56236,-0.136,50.27,52.86,0.0497,0.0752
20:49:01.747,6670.5971,333361,-0.107,132.175,19.496,-1.641,0.468,0.0168,0.906,0.18959,0.32642,0.02225,1.01,-0.0149,-0.0085,-0.05809,0.01306,-0.02518,0.10757,0.20183,-0.0324,0.97296,0.62281,-0.52603,-0.5627,-0.13694,50.27,52.84,0.0651,0.0724
20:49:01.807,6670.6171,333362,0.196,131.854,19.489,-1.594,0.4739,0.0117,0.9124,0.26979,-0.21117,0.10445,1.01,-0.0154,-0.0129,-0.05822,0.01372,-0.02478,0.10614,0.204,-0.02997,0.97274,0.62289,-0.52533,-0.56305,-0.13789,50.26,52.84,0.0589,0.0724
20:49:01.808,6670.6371,333363,0.015,132.205,19.482,-1.547,0.5322,0.0947,0.7991,-0.34334,0.1708,0.33814,1.0066,-0.0137,-0.0129,-0.05809,0.01559,-0.02451,0.10382,0.20161,-0.03345,0.97337,0.62298,-0.5246,-0.56339,-0.13888,50.28,52.85,0.0536,0.0749
20:49:01.810,6670.6571,333364,-0.612,132.099,19.475,-1.499,0.4683,0.0352,0.8926,0.00746,0.60154,0.004,1.01,-0.0139,-0.0132,-0.05889,0.01199,-0.02611,0.10426,0.19576,-0.03211,0.97457,0.62305,-0.52389,-0.56374,-0.13983,50.26,52.85,0.0735,0.0724
20:49:01.837,6670.6771,333365,-1.194,132.058,19.468,-1.452,0.5159,-0.0083,0.9048,0.02372,0.54039,0.15308,1.0098,-0.0144,-0.0107,-0.05875,0.01399,-0.02545,0.10303,0.19019,-0.0317,0.97581,0.62312,-0.52318,-0.56408,-0.14078,50.26,52.85,0.0488,0.0725
20:49:01.867,6670.6971,333366,-2.06,132.287,19.46,-1.405,0.4011,0.0439,0.8242,-0.24208,0.71465,0.15268,1.009,-0.0159,-0.012,-0.05822,0.01306,-0.02491,0.10239,0.18205,-0.03346,0.97737,0.62319,-0.52246,-0.56443,-0.14173,50.25,52.85,0.02,0.0731
20:49:01.869,6670.7171,333367,-2.457,132.056,19.453,-1.358,0.3269,0.0,0.9006,0.13243,0.23755,-0.0441,1.0078,-0.0122,-0.0144,-0.05796,0.01412,-0.02465,0.10292,0.17819,-0.03116,0.9781,0.62325,-0.52173,-0.56479,-0.14271,50.26,52.85,0.0486,0.074
20:49:01.927,6670.7371,333368,-2.557,131.881,19.445,-1.311,0.3203,0.0093,0.885,0.10312,0.0008,0.15815,1.0107,-0.0129,-0.0095,-0.05822,0.01545,-0.02491,0.10142,0.17684,-0.02987,0.97854,0.62334,-0.52102,-0.56511,-0.14366,50.27,52.85,0.0359,0.0719
20:49:01.942,6670.7571,333369,-2.891,131.698,19.437,-1.264,0.3401,0.0305,0.8992,0.06568,0.23622,0.2221,1.0132,-0.0132,-0.0063,-0.05809,0.01625,-0.02372,0.09949,0.17349,-0.02848,0.97938,0.62343,-0.52034,-0.5654,-0.14457,50.26,52.85,0.0514,0.07
20:49:01.943,6670.7771,333370,-3.513,131.55,19.429,-1.218,0.3611,0.0127,0.9534,0.00067,0.5224,0.12177,1.01,-0.0146,-0.0078,-0.05849,0.01332,-0.02531,0.09878,0.16764,-0.02707,0.98051,0.62351,-0.51962,-0.56574,-0.14552,50.27,52.86,0.0653,0.0724
20:49:01.945,6670.7971,333371,-4.278,131.369,19.421,-1.171,0.333,0.0024,0.9524,0.0036,0.58489,0.00879,1.0134,-0.0154,-0.0081,-0.05862,0.01279,-0.02518,0.0992,0.1606,-0.02513,0.9817,0.62357,-0.51893,-0.56606,-0.14643,50.27,52.84,0.0733,0.0698
20:49:01.987,6670.8171,333372,-4.906,131.225,19.412,-1.124,0.2754,-0.0161,0.9131,0.10658,0.40915,-0.05822,1.0066,-0.0234,-0.0095,-0.05796,0.01492,-0.02571,0.09981,0.15468,-0.02359,0.98263,0.62367,-0.51818,-0.56639,-0.14742,50.27,52.84,0.0454,0.0748
20:49:01.988,6670.8371,333373,-5.015,131.015,19.403,-1.078,0.2263,-0.0139,0.8694,0.18612,0.00706,-0.0437,1.0071,-0.0161,-0.0129,-0.05836,0.01532,-0.02451,0.10006,0.15325,-0.02175,0.98287,0.62374,-0.51744,-0.56672,-0.14841,50.26,52.84,0.02,0.0745
20:49:02.047,6670.8571,333374,-4.504,130.858,19.395,-1.032,0.2705,0.033,0.874,0.13536,-0.50854,0.06595,1.0085,-0.0139,-0.0029,-0.05809,0.01732,-0.02358,0.09925,0.15714,-0.02073,0.98236,0.62385,-0.51671,-0.56702,-0.14938,50.26,52.85,0.02,0.0736
20:49:02.048,6670.8771,333375,-3.836,130.794,19.387,-0.985,0.302,0.0295,0.8745,0.05782,-0.62366,0.09406,1.0134,-0.0151,-0.0063,-0.05796,0.01412,-0.02491,0.09827,0.16233,-0.0206,0.98162,0.62392,-0.51601,-0.56733,-0.15029,50.26,52.84,0.0242,0.0699
20:49:02.050,6670.8971,333376,-3.807,130.672,19.379,-0.939,0.2927,0.0149,0.918,0.0437,-0.14096,0.00919,1.0068,-0.0156,-0.0105,-0.05875,0.01266,-0.02518,0.09831,0.162,-0.01959,0.98169,0.62398,-0.51527,-0.56768,-0.15127,50.27,52.85,0.0527,0.0748
20:49:02.079,6670.9171,333377,-3.872,130.484,19.371,-0.893,0.3574,0.0151,0.8884,0.13869,0.09379,-0.08953,1.0107,-0.0173,-0.0068,-0.05849,0.01119,-0.02558,0.09913,0.16093,-0.01783,0.98181,0.62405,-0.51455,-0.56801,-0.15221,50.28,52.86,0.0483,0.0718
20:49:02.092,6670.9371,333378,-3.959,130.312,19.362,-0.847,0.3425,-0.011,0.8782,0.16667,0.09992,-0.19105,1.0093,-0.0132,-0.0127,-0.05822,0.01239,-0.02531,0.10081,0.15964,-0.01608,0.98188,0.62411,-0.51382,-0.56835,-0.15317,50.28,52.86,0.037,0.0729
20:49:02.107,6670.9571,333379,-3.76,130.143,19.354,-0.801,0.2651,-0.0315,0.875,0.19945,-0.24501,-0.15255,1.0115,-0.0176,-0.01,-0.05862,0.01386,-0.02465,0.102,0.16083,-0.01451,0.98159,0.62417,-0.5131,-0.56868,-0.15411,50.27,52.86,0.02,0.0712
20:49:02.152,6670.9771,333380,-3.017,130.022,19.346,-0.755,0.2427,-0.0181,0.8696,0.18093,-0.72704,-0.03184,1.0071,-0.0129,-0.0105,-0.05849,0.01359,-0.02438,0.10198,0.16662,-0.01364,0.98064,0.62423,-0.51235,-0.56902,-0.15509,50.26,52.84,0.02,0.0746
20:49:02.153,6670.9971,333381,-2.236,129.952,19.339,-0.709,0.2825,0.0144,0.885,0.11378,-0.78233,0.10992,1.012,-0.0142,-0.0073,-0.05849,0.01479,-0.02491,0.10074,0.17275,-0.01341,0.97971,0.6243,-0.51164,-0.56933,-0.15603,50.27,52.85,0.0268,0.0709
20:49:02.167,6671.0171,333382,-2.018,129.92,19.331,-0.663,0.3499,0.0312,0.9006,-0.01652,-0.1696,0.2594,1.009,-0.0168,-0.0107,-0.05889,0.01266,-0.02505,0.09841,0.17398,-0.0136,0.97973,0.62436,-0.5109,-0.56966,-0.15699,50.26,52.84,0.055,0.0731
20:49:02.197,6671.0371,333383,-2.484,130.047,19.324,-0.618,0.3848,0.0012,0.9314,-0.10698,0.4799,0.26127,1.0105,-0.0149,-0.0056,-0.05836,0.01159,-0.02558,0.09613,0.1693,-0.01508,0.98075,0.62442,-0.51017,-0.56998,-0.15793,50.27,52.84,0.0742,0.072
20:49:02.213,6671.0571,333384,-2.887,130.226,19.316,-0.572,0.3503,-0.0176,0.9741,-0.06915,0.30337,0.22876,1.0068,-0.0168,-0.0068,-0.05782,0.01106,-0.02638,0.09396,0.16514,-0.01701,0.98164,0.62448,-0.50942,-0.57032,-0.15891,50.27,52.84,0.0535,0.0748
20:49:02.229,6671.0771,333385,-2.709,130.298,19.308,-0.526,0.3232,-0.0142,0.9885,0.01066,-0.2987,0.2185,1.0117,-0.0183,-0.0054,-0.05849,0.01252,-0.02585,0.09176,0.16602,-0.01808,0.98168,0.62455,-0.50869,-0.57063,-0.15984,50.26,52.85,0.0499,0.0711
20:49:02.272,6671.0971,333386,-1.991,130.021,19.301,-0.48,0.3342,0.0046,0.9512,0.16188,-0.62898,0.22769,1.0066,-0.0132,-0.0081,-0.05849,0.01399,-0.02558,0.08947,0.1716,-0.01619,0.98096,0.6246,-0.50793,-0.57097,-0.16083,50.28,52.85,0.0738,0.075
20:49:02.273,6671.1171,333387,-1.492,129.765,19.293,-0.435,0.3518,0.0396,0.8359,0.24315,-0.44779,0.24128,1.0115,-0.0176,-0.0078,-0.05849,0.01359,-0.02438,0.08675,0.1753,-0.01451,0.98058,0.62466,-0.50721,-0.57129,-0.16176,50.27,52.85,0.02,0.0712
20:49:02.287,6671.1371,333388,-1.677,129.615,19.286,-0.389,0.3899,0.04,0.8435,0.11285,0.16188,0.20544,1.009,-0.0164,-0.011,-0.05769,0.01159,-0.02505,0.08469,0.17308,-0.01354,0.98117,0.62471,-0.50646,-0.57162,-0.16273,50.27,52.85,0.0276,0.0731
20:49:02.317,6671.1571,333389,-1.986,129.593,19.279,-0.344,0.3977,0.0154,0.8806,0.00107,0.32322,0.22929,1.0054,-0.0146,-0.0093,-0.05809,0.01066,-0.02625,0.08259,0.16973,-0.01369,0.98193,0.62475,-0.50569,-0.57198,-0.16372,50.27,52.84,0.0548,0.0758
20:49:02.334,6671.1771,333390,-1.996,129.655,19.271,-0.298,0.3625,0.002,0.9343,-0.04357,0.09806,0.17706,1.01,-0.0178,-0.0059,-0.05836,0.01092,-0.02558,0.08101,0.16899,-0.01454,0.98218,0.62481,-0.50495,-0.5723,-0.16467,50.27,52.84,0.0784,0.0724
20:49:02.347,6671.1971,333391,-1.785,129.607,19.264,-0.253,0.3804,0.02,0.9043,0.02758,-0.12071,0.19159,1.011,-0.0161,-0.0066,-0.05822,0.01372,-0.02518,0.07922,0.17019,-0.01447,0.98212,0.62487,-0.50421,-0.57261,-0.16561,50.26,52.83,0.0659,0.0716
20:49:02.394,6671.2171,333392,-1.626,129.515,19.257,-0.208,0.4048,0.0288,0.8352,0.08993,-0.14056,0.2161,1.0093,-0.0159,-0.0059,-0.05942,0.01359,-0.02531,0.07703,0.17091,-0.01409,0.98217,0.62492,-0.50346,-0.57293,-0.16657,50.26,52.85,0.0264,0.0729
20:49:02.395,6671.2371,333393,-1.644,129.518,19.249,-0.162,0.3718,0.0356,0.7563,-0.00133,0.0004,0.15588,1.0049,-0.0127,-0.0134,-0.05902,0.01239,-0.02545,0.07561,0.17007,-0.01439,0.98242,0.62496,-0.50268,-0.57328,-0.16758,50.27,52.86,0.02,0.0762
20:49:02.407,6671.2571,333394,-1.905,129.785,19.242,-0.117,0.3159,0.0474,0.8337,-0.26326,0.15508,0.24648,0.9626,-0.02,-0.0117,-0.05836,0.01825,-0.02825,0.07382,0.1673,-0.01705,0.98299,0.62502,-0.50212,-0.57349,-0.16831,50.26,52.83,0.02,0.0522
20:49:02.438,6671.2771,333395,-2.244,130.261,19.234,-0.071,0.2869,-0.0173,0.926,-0.38517,0.05796,0.40249,1.1807,-0.0276,-0.0049,-0.05862,0.04343,-0.03624,0.07057,0.16416,-0.02176,0.98367,0.6252,-0.5018,-0.57344,-0.1688,50.27,52.86,0.0572,0.02
20:49:02.452,6671.2971,333396,-2.17,130.578,19.227,-0.026,0.366,-0.0349,0.9749,-0.2217,-0.01519,0.34587,0.9817,0.0078,-0.0369,-0.05836,-0.01545,-0.04143,0.06756,0.16369,-0.02514,0.98387,0.62498,-0.50107,-0.57405,-0.16966,50.26,52.85,0.0486,0.0668
20:49:02.467,6671.3171,333397,-1.988,130.504,19.22,0.02,0.4033,0.041,0.9192,0.004,-0.14949,0.4326,1.0073,-0.0142,0.0317,-0.05836,0.0481,0.00093,0.06352,0.16508,-0.0252,0.98391,0.62535,-0.5004,-0.57395,-0.17061,50.27,52.84,0.0765,0.0741
20:49:02.529,6671.3371,333398,-1.583,130.426,19.212,0.065,0.3733,0.0535,0.7563,0.06955,-0.32122,0.27006,0.9902,-0.0454,-0.0493,-0.05889,-0.04037,-0.03824,0.06081,0.16736,-0.0251,0.9837,0.625,-0.49965,-0.57474,-0.17144,50.27,52.84,0.02,0.0743
20:49:02.530,6671.3571,333399,-1.688,130.498,19.205,0.111,0.29,0.0588,0.7839,-0.085,0.01066,0.14229,1.0161,0.0156,-0.0046,-0.05809,0.0401,-0.01506,0.05972,0.16608,-0.02593,0.98396,0.62521,-0.49897,-0.57483,-0.17241,50.27,52.84,0.02,0.0678
20:49:02.533,6671.3771,333400,-2.426,130.758,19.198,0.156,0.2471,0.0203,0.8982,-0.25647,0.50335,0.1764,0.97,-0.0364,0.0203,-0.05796,0.02571,-0.01785,0.05871,0.15935,-0.02823,0.98507,0.62539,-0.49838,-0.57491,-0.17316,50.27,52.85,0.0288,0.0582
20:49:02.557,6671.3971,333401,-3.277,130.891,19.19,0.202,0.2983,-0.0073,0.9534,-0.24728,0.60087,0.18399,1.0356,-0.009,-0.0352,-0.05995,-0.00067,-0.03451,0.05776,0.1513,-0.02942,0.98636,0.62528,-0.49781,-0.5753,-0.17387,50.27,52.85,0.0793,0.0528
20:49:02.572,6671.4171,333402,-3.51,130.99,19.182,0.247,0.3298,-0.0103,0.9255,-0.15775,0.24181,0.21064,1.0022,-0.0129,-0.0059,-0.05836,0.02145,-0.02438,0.05624,0.14863,-0.03054,0.98682,0.62538,-0.49699,-0.57558,-0.17494,50.29,52.83,0.0669,0.0783
20:49:02.587,6671.4371,333403,-3.471,131.089,19.174,0.293,0.2922,-0.0234,0.8875,-0.11285,-0.07048,0.15242,1.0364,-0.0085,-0.0161,-0.05822,0.01745,-0.02638,0.05506,0.14847,-0.03165,0.98688,0.62542,-0.49643,-0.5758,-0.17567,50.27,52.84,0.031,0.0526
20:49:02.632,6671.4571,333404,-3.544,131.307,19.166,0.338,0.2705,-0.054,0.9004,-0.12337,-0.04863,0.17613,0.9961,-0.0215,-0.002,-0.05716,0.01732,-0.02172,0.05351,0.14716,-0.03382,0.98709,0.62553,-0.49563,-0.57607,-0.17667,50.28,52.84,0.0363,0.0773
20:49:02.635,6671.4771,333405,-3.814,131.639,19.158,0.384,0.3181,-0.0818,0.9563,-0.1724,0.26127,0.27153,1.001,-0.0156,-0.012,-0.05822,0.01146,-0.02611,0.05113,0.14398,-0.0371,0.98756,0.62556,-0.4948,-0.57642,-0.17772,50.26,52.84,0.0717,0.0791
20:49:02.662,6671.4971,333406,-4.341,131.873,19.15,0.43,0.3408,-0.0996,0.9656,-0.1255,0.47417,0.26766,1.0234,-0.0088,-0.0046,-0.05782,0.01679,-0.02558,0.04886,0.13878,-0.03941,0.98833,0.62562,-0.49414,-0.57667,-0.17856,50.26,52.84,0.0584,0.0624
20:49:02.665,6671.5171,333407,-4.687,132.094,19.142,0.475,0.2839,-0.0891,0.9575,-0.03824,0.27406,0.15428,1.0061,-0.0164,-0.0034,-0.05822,0.01452,-0.02438,0.04741,0.13508,-0.04154,0.98883,0.62568,-0.49335,-0.57696,-0.17955,50.28,52.84,0.078,0.0753
20:49:02.692,6671.5371,333408,-4.718,132.133,19.133,0.521,0.22,-0.0725,0.918,-0.01026,-0.10619,0.04383,1.0066,-0.0146,-0.0105,-0.05849,0.01399,-0.02438,0.04702,0.13417,-0.04201,0.98895,0.62571,-0.49256,-0.57729,-0.18055,50.27,52.83,0.0401,0.0749
20:49:02.707,6671.5571,333409,-4.497,132.142,19.125,0.567,0.1929,-0.0464,0.8896,-0.00426,-0.29164,0.0493,1.0107,-0.0103,-0.0056,-0.05836,0.01572,-0.02451,0.04654,0.1355,-0.04228,0.98878,0.62577,-0.49181,-0.57758,-0.1815,50.25,52.83,0.02,0.0719
20:49:02.767,6671.5771,333410,-4.594,132.201,19.117,0.612,0.2251,-0.0522,0.9006,-0.06182,-0.02505,0.10019,1.0063,-0.02,-0.0071,-0.05796,0.01519,-0.02385,0.04575,0.13404,-0.04296,0.98899,0.62583,-0.49102,-0.57787,-0.1825,50.27,52.83,0.0273,0.0751
20:49:02.782,6671.5971,333411,-5.047,132.214,19.108,0.658,0.2588,-0.0679,0.9519,-0.07155,0.21823,0.10978,1.0042,-0.0164,-0.0107,-0.05889,0.01186,-0.02571,0.04503,0.12945,-0.04317,0.98962,0.62586,-0.49021,-0.5782,-0.18351,50.27,52.85,0.0716,0.0767
20:49:02.783,6671.6171,333412,-5.449,132.284,19.1,0.704,0.2314,-0.0762,0.9722,-0.0473,0.1363,0.06742,1.0154,-0.0098,-0.0076,-0.05836,0.01292,-0.02731,0.04453,0.12537,-0.04387,0.99014,0.62589,-0.48948,-0.5785,-0.18442,50.28,52.84,0.0783,0.0684
20:49:02.785,6671.6371,333413,-5.41,132.181,19.091,0.749,0.2124,-0.0552,0.9458,0.04676,-0.18906,0.01865,1.0051,-0.0173,-0.0042,-0.05809,0.01306,-0.02531,0.04436,0.12513,-0.04309,0.99021,0.62593,-0.48868,-0.57881,-0.18542,50.26,52.84,0.0582,0.0761
20:49:02.814,6671.6571,333414,-5.192,132.071,19.083,0.795,0.2505,-0.0413,0.8689,0.08274,-0.22183,0.07714,1.0117,-0.0127,-0.009,-0.05862,0.01146,-0.02611,0.04356,0.12643,-0.04236,0.99011,0.62596,-0.48793,-0.57912,-0.18636,50.28,52.85,0.02,0.0711
20:49:02.828,6671.6771,333415,-5.355,132.037,19.075,0.84,0.2676,-0.0447,0.8784,0.01732,0.11844,0.09886,1.0083,-0.0154,-0.0071,-0.05796,0.01319,-0.02465,0.04276,0.12439,-0.04224,0.99041,0.62599,-0.48714,-0.57943,-0.18734,50.27,52.84,0.02,0.0737
20:49:02.872,6671.6971,333416,-5.551,132.045,19.066,0.886,0.2825,-0.0344,0.9067,-0.04876,0.18,0.06462,1.0073,-0.0186,-0.009,-0.05796,0.01132,-0.02558,0.04246,0.12207,-0.04243,0.9907,0.62602,-0.48635,-0.57974,-0.18833,50.26,52.85,0.0427,0.0744
20:49:02.873,6671.7171,333417,-5.633,132.086,19.057,0.931,0.2637,-0.0457,0.9226,-0.09046,0.08647,-0.00333,1.0107,-0.0105,-0.0078,-0.05849,0.01119,-0.02665,0.04285,0.12078,-0.04284,0.99083,0.62604,-0.48559,-0.58005,-0.18928,50.28,52.85,0.0505,0.0719
20:49:02.889,6671.7371,333418,-5.662,132.118,19.049,0.977,0.208,-0.0493,0.8567,-0.05409,-0.04836,-0.04796,1.0085,-0.0129,-0.01,-0.05902,0.01279,-0.02545,0.04353,0.11994,-0.04314,0.99089,0.62606,-0.4848,-0.58036,-0.19026,50.27,52.85,0.02,0.0735
20:49:02.919,6671.7571,333419,-5.46,132.016,19.04,1.022,0.2151,-0.0513,0.8789,0.06542,-0.23995,-0.05209,1.0061,-0.0151,-0.0076,-0.05809,0.01372,-0.02585,0.04402,0.12112,-0.04232,0.99076,0.62609,-0.484,-0.58068,-0.19125,50.27,52.84,0.02,0.0753
20:49:02.947,6671.7771,333420,-5.564,132.024,19.032,1.067,0.2744,-0.0364,0.9172,-0.05729,0.10419,-0.01639,1.0095,-0.0122,-0.0051,-0.05862,0.01479,-0.02505,0.04451,0.11967,-0.04244,0.99091,0.62613,-0.48322,-0.58096,-0.19223,50.27,52.84,0.0485,0.0728
20:49:02.948,6671.7971,333421,-5.815,132.158,19.023,1.113,0.2722,-0.0713,0.9153,-0.11165,0.24941,-0.06622,1.0078,-0.0151,-0.0061,-0.05809,0.01186,-0.02545,0.04554,0.11692,-0.0436,0.99114,0.62615,-0.48242,-0.58127,-0.19321,50.26,52.84,0.0482,0.0741
20:49:02.992,6671.8171,333422,-5.873,132.274,19.015,1.158,0.2427,-0.0786,0.9265,-0.06195,0.08087,-0.11684,1.009,-0.0151,-0.0098,-0.05902,0.01292,-0.02571,0.04691,0.11587,-0.04457,0.99115,0.62617,-0.48164,-0.58158,-0.19418,50.27,52.85,0.0507,0.0731
20:49:02.993,6671.8371,333423,-6.152,132.313,19.006,1.203,0.2114,-0.0771,0.9185,-0.01079,0.11005,-0.12857,1.012,-0.0149,-0.0105,-0.05836,0.01252,-0.02518,0.0483,0.11292,-0.04488,0.99141,0.62618,-0.48088,-0.58188,-0.19512,50.27,52.84,0.0392,0.0709
20:49:03.009,6671.8571,333424,-6.815,132.412,18.997,1.249,0.2209,-0.0808,0.9473,0.0028,0.47017,-0.04783,1.0088,-0.0137,-0.011,-0.05849,0.01372,-0.02545,0.04895,0.10658,-0.04586,0.99204,0.6262,-0.48009,-0.58219,-0.1961,50.27,52.84,0.062,0.0733
20:49:03.039,6671.8771,333425,-7.446,132.378,18.988,1.294,0.2681,-0.0686,0.9099,-0.0016,0.57356,0.01932,1.0134,-0.0181,-0.0081,-0.05849,0.01226,-0.02491,0.04918,0.10055,-0.04572,0.99266,0.62622,-0.47933,-0.58247,-0.19702,50.26,52.85,0.0433,0.0698
20:49:03.052,6671.8971,333426,-7.787,132.354,18.979,1.339,0.2615,-0.0452,0.8909,-0.01172,0.29071,0.02518,1.0081,-0.0134,-0.0137,-0.05836,0.01212,-0.02531,0.04922,0.09697,-0.04572,0.99302,0.62622,-0.47853,-0.58279,-0.19801,50.27,52.84,0.0272,0.0738
20:49:03.069,6671.9171,333427,-7.823,132.367,18.969,1.384,0.2429,-0.0322,0.8655,-0.02771,0.00133,-0.01186,1.0137,-0.0176,-0.0063,-0.05809,0.01332,-0.02571,0.04951,0.09611,-0.04596,0.99308,0.62624,-0.47778,-0.58307,-0.19893,50.27,52.84,0.02,0.0696
20:49:03.097,6671.9371,333428,-7.656,132.366,18.96,1.429,0.1816,-0.0437,0.8613,-0.02305,-0.19438,-0.05196,1.0117,-0.0183,-0.0071,-0.05822,0.01292,-0.02491,0.05012,0.09702,-0.04603,0.99295,0.62626,-0.47701,-0.58336,-0.19988,50.27,52.84,0.02,0.0711
20:49:03.112,6671.9571,333429,-7.439,132.422,18.951,1.475,0.1462,-0.0486,0.8696,-0.05689,-0.28165,-0.0008,1.0085,-0.0142,-0.0071,-0.05836,0.01266,-0.02505,0.05017,0.09832,-0.04664,0.99279,0.62628,-0.47621,-0.58366,-0.20085,50.28,52.84,0.02,0.0735
20:49:03.127,6671.9771,333430,-7.138,132.519,18.942,1.52,0.1851,-0.0479,0.853,-0.09886,-0.31243,0.07954,1.0081,-0.019,-0.0059,-0.05716,0.01306,-0.02505,0.04949,0.10033,-0.04766,0.99258,0.6263,-0.47541,-0.58395,-0.20183,50.26,52.85,0.02,0.0738
20:49:03.157,6671.9971,333431,-6.918,132.651,18.933,1.565,0.2332,-0.0437,0.8884,-0.11844,-0.22969,0.1251,1.0127,-0.0164,-0.0076,-0.05862,0.01266,-0.02598,0.04841,0.10164,-0.04903,0.99243,0.62631,-0.47464,-0.58423,-0.20276,50.27,52.84,0.02,0.0704
20:49:03.172,6672.0171,333432,-6.689,132.72,18.924,1.61,0.198,-0.0664,0.8718,-0.06821,-0.23222,0.07754,1.0073,-0.0134,-0.0093,-0.05862,0.01279,-0.02611,0.04775,0.103,-0.04981,0.99228,0.62632,-0.47383,-0.58454,-0.20376,50.27,52.84,0.02,0.0744
20:49:03.187,6672.0371,333433,-6.322,132.794,18.916,1.655,0.1509,-0.0835,0.8398,-0.02691,-0.42514,0.02731,1.0134,-0.019,-0.0063,-0.05862,0.01386,-0.02545,0.04739,0.10563,-0.05055,0.99199,0.62634,-0.47307,-0.58482,-0.20468,50.28,52.85,0.02,0.0698
20:49:03.217,6672.0571,333434,-5.793,132.906,18.907,1.701,0.1665,-0.0498,0.8267,-0.09273,-0.54798,0.03997,1.0095,-0.0156,-0.0049,-0.05809,0.01332,-0.02491,0.04696,0.10965,-0.05159,0.99152,0.62636,-0.47227,-0.5851,-0.20565,50.27,52.85,0.02,0.0728
20:49:03.232,6672.0771,333435,-5.56,133.118,18.899,1.746,0.2168,-0.0415,0.8657,-0.19798,-0.25913,0.07727,1.0083,-0.0134,-0.0076,-0.05809,0.01399,-0.02505,0.04645,0.11109,-0.05357,0.99128,0.62637,-0.47147,-0.5854,-0.20663,50.27,52.86,0.02,0.0737
20:49:03.247,6672.0971,333436,-5.62,133.351,18.89,1.791,0.269,-0.0376,0.8728,-0.2197,0.006,0.00879,1.0093,-0.0195,-0.0034,-0.05915,0.01319,-0.02478,0.04678,0.11007,-0.0557,0.99126,0.62639,-0.47067,-0.58568,-0.20759,50.26,52.85,0.02,0.0729
20:49:03.278,6672.1171,333437,-5.635,133.655,18.882,1.836,0.2629,-0.0671,0.8589,-0.27059,-0.02931,-0.0934,1.0073,-0.0168,-0.0107,-0.05875,0.01372,-0.02505,0.04814,0.10948,-0.05835,0.99111,0.62639,-0.46985,-0.58598,-0.20858,50.27,52.85,0.02,0.0744
20:49:03.292,6672.1371,333438,-5.569,133.94,18.874,1.882,0.248,-0.0508,0.8701,-0.26047,-0.11391,-0.13083,1.0132,-0.012,-0.0085,-0.05822,0.01506,-0.02438,0.04983,0.10968,-0.06076,0.99086,0.62641,-0.46908,-0.58624,-0.20952,50.28,52.84,0.02,0.07
20:49:03.307,6672.1571,333439,-5.672,134.221,18.865,1.927,0.2485,-0.0608,0.873,-0.26793,0.03211,-0.15881,1.0054,-0.0164,-0.0046,-0.05836,0.01705,-0.02305,0.05189,0.10845,-0.06315,0.99074,0.62645,-0.46825,-0.5865,-0.21053,50.29,52.85,0.02,0.0758
20:49:03.339,6672.1771,333440,-6.049,134.562,18.857,1.973,0.2625,-0.1033,0.8677,-0.31562,0.26793,-0.20464,1.0129,-0.0173,-0.0061,-0.05796,0.01879,-0.02292,0.05459,0.10497,-0.0661,0.99077,0.62651,-0.46747,-0.58672,-0.21147,50.27,52.84,0.02,0.0702
20:49:03.352,6672.1971,333441,-6.569,134.947,18.848,2.018,0.2698,-0.1023,0.9011,-0.37824,0.42421,-0.31189,1.0093,-0.0154,-0.0044,-0.05716,0.01919,-0.02332,0.05855,0.10034,-0.06937,0.9908,0.62657,-0.46666,-0.58695,-0.21245,50.27,52.84,0.0396,0.0729
20:49:03.382,6672.2171,333442,-7.223,135.465,18.839,2.064,0.2256,-0.1384,0.9175,-0.45219,0.5228,-0.37491,1.0081,-0.0217,-0.0081,-0.05756,0.01905,-0.02212,0.06321,0.09467,-0.07385,0.99075,0.62662,-0.46584,-0.58718,-0.21343,50.27,52.81,0.0462,0.0737
20:49:03.385,6672.2371,333443,-7.989,135.982,18.83,2.11,0.1465,-0.1501,0.9255,-0.4791,0.46764,-0.33761,1.0061,-0.0132,-0.0068,-0.05809,0.02185,-0.02238,0.06741,0.08804,-0.07848,0.99073,0.62668,-0.465,-0.58741,-0.21446,50.27,52.84,0.0417,0.0753
20:49:03.414,6672.2571,333444,-8.352,136.499,18.82,2.156,0.0911,-0.1558,0.8979,-0.46884,0.14416,-0.18453,1.0095,-0.0154,-0.0083,-0.05836,0.02372,-0.02118,0.06988,0.08487,-0.0831,0.99046,0.62675,-0.46419,-0.58761,-0.21545,50.27,52.85,0.02,0.0728
20:49:03.427,6672.2771,333445,-8.417,136.916,18.811,2.203,0.0903,-0.1809,0.9229,-0.33348,-0.13443,-0.08447,1.0088,-0.0161,-0.0068,-0.05862,0.02292,-0.02225,0.07096,0.08414,-0.08684,0.99012,0.62682,-0.46338,-0.58782,-0.21646,50.28,52.84,0.0386,0.0733
20:49:03.457,6672.2971,333446,-8.677,137.053,18.802,2.249,0.1541,-0.197,0.9097,-0.07568,0.10992,-0.11844,1.0125,-0.0164,-0.0085,-0.05862,0.02172,-0.02252,0.07236,0.08165,-0.08825,0.99011,0.62687,-0.46259,-0.58802,-0.21742,50.27,52.85,0.0376,0.0705
20:49:03.502,6672.3171,333447,-9.655,137.186,18.792,2.295,0.1692,-0.2083,0.9656,-0.07421,0.73863,-0.11165,1.0066,-0.0164,-0.0042,-0.05822,0.02145,-0.02172,0.07419,0.07293,-0.09001,0.99049,0.62693,-0.46175,-0.58824,-0.21843,50.26,52.84,0.0784,0.0749
20:49:03.505,6672.3371,333448,-10.857,137.335,18.782,2.341,0.1111,-0.2258,0.9844,-0.1676,0.85801,0.06502,1.0098,-0.0183,-0.0076,-0.05822,0.02078,-0.02158,0.07444,0.06211,-0.09216,0.99101,0.62699,-0.46095,-0.58845,-0.21941,50.26,52.86,0.068,0.0725
20:49:03.506,6672.3571,333449,-11.54,137.416,18.771,2.388,0.0571,-0.2036,0.9946,-0.11178,0.37944,0.12084,1.0068,-0.0178,-0.0051,-0.05809,0.01932,-0.02265,0.07368,0.05568,-0.09352,0.99132,0.62703,-0.46011,-0.58868,-0.22042,50.28,52.85,0.0674,0.0748
20:49:03.534,6672.3771,333450,-10.738,136.008,18.761,2.433,0.1775,-0.231,1.0186,1.34417,-0.98191,-0.1299,1.0137,-0.1111,0.0979,-0.1271,0.26899,0.24994,0.07348,0.06581,-0.08149,0.99178,0.62913,-0.46098,-0.58558,-0.2209,50.27,52.85,0.0354,0.0617
20:49:03.549,6672.3971,333451,-9.714,134.655,18.751,2.479,0.1648,-0.1538,0.9272,1.30327,-0.71892,-0.10925,1.1267,-0.0032,-0.0554,-0.06928,0.01226,-0.04663,0.07332,0.07363,-0.06949,0.99216,0.62898,-0.4607,-0.58577,-0.22137,50.28,52.87,0.0457,0.02
20:49:03.592,6672.4171,333452,-9.379,133.253,18.742,2.523,0.0044,-0.1541,0.948,1.27675,-0.34254,0.06408,0.9915,-0.042,0.0193,-0.05289,0.03984,0.03544,0.07157,0.07574,-0.05741,0.9929,0.62938,-0.46013,-0.58554,-0.22204,50.26,52.85,0.0503,0.0744
20:49:03.622,6672.4371,333453,-8.87,131.606,18.732,2.567,-0.0107,-0.084,1.1562,1.49152,-0.39969,-0.11325,0.9753,-0.0161,0.0142,-0.05063,0.03184,0.05529,0.07145,0.07928,-0.04284,0.99337,0.62973,-0.45982,-0.58528,-0.22238,50.27,52.84,0.02,0.0617
20:49:03.623,6672.4571,333454,-7.443,130.857,18.723,2.611,0.2351,0.0002,0.9685,0.68721,-0.92289,-0.1343,0.9956,-0.0146,0.0413,-0.08274,-0.10379,-0.14442,0.07208,0.08899,-0.03569,0.99278,0.62877,-0.45868,-0.5867,-0.22371,50.25,52.85,0.0775,0.0774
20:49:03.626,6672.4771,333455,-6.056,130.804,18.715,2.655,0.2371,-0.0256,0.9092,0.13296,-0.80485,0.19358,1.0454,0.0193,-0.0344,-0.08873,-0.29271,-0.28831,0.06989,0.09647,-0.03504,0.99226,0.62616,-0.4575,-0.59,-0.22476,50.27,52.86,0.035,0.0454
20:49:03.652,6672.4971,333456,-5.018,130.319,18.707,2.699,0.2581,-0.0127,0.9287,0.49789,-0.71758,0.08633,1.0107,-0.0178,-0.0078,-0.06422,-0.05276,-0.07088,0.06847,0.10365,-0.03037,0.99179,0.62564,-0.45661,-0.59087,-0.22574,50.27,52.84,0.053,0.0718
20:49:03.667,6672.5171,333457,-4.532,129.678,18.699,2.742,0.2156,-0.0061,0.9214,0.54985,-0.35679,-0.06235,1.0056,-0.0161,-0.0103,-0.06049,0.03491,-0.02931,0.06859,0.10679,-0.02455,0.99161,0.62573,-0.4557,-0.59103,-0.22689,50.28,52.85,0.0397,0.0757
20:49:03.712,6672.5371,333458,-4.221,129.096,18.691,2.785,0.2405,-0.0183,0.9153,0.51987,-0.16134,-0.08727,1.0078,-0.0176,-0.0195,-0.05915,0.02052,-0.02505,0.06898,0.10833,-0.01934,0.99153,0.62573,-0.45485,-0.59129,-0.22792,50.28,52.85,0.0399,0.0739
20:49:03.714,6672.5571,333459,-4.208,128.919,18.683,2.828,0.1934,-0.0112,0.9099,0.11764,-0.09593,0.07194,1.0129,-0.0142,-0.012,-0.05769,0.05516,-0.03384,0.06825,0.10784,-0.01802,0.99166,0.62594,-0.4539,-0.59134,-0.2291,50.28,52.84,0.0277,0.0702
20:49:03.728,6672.5771,333460,-4.166,128.874,18.676,2.871,0.1741,-0.0127,0.8984,0.03824,-0.1315,0.08314,1.0103,-0.0134,-0.0105,-0.05742,0.0397,-0.03144,0.06745,0.1076,-0.01784,0.99174,0.62607,-0.45298,-0.59148,-0.23022,50.27,52.84,0.02,0.0722
20:49:03.758,6672.5971,333461,-3.706,128.824,18.668,2.914,0.2007,-0.0132,0.9314,0.05676,-0.52546,0.12764,0.9927,-0.0161,0.0469,-0.06075,0.03584,-0.02825,0.06619,0.11116,-0.01718,0.99145,0.62632,-0.45209,-0.59147,-0.23129,50.26,52.84,0.0447,0.0755
20:49:03.774,6672.6171,333462,-2.399,128.866,18.661,2.957,0.2366,0.0266,0.9565,0.05889,-1.18109,0.06462,0.9236,-0.0332,0.0034,-0.05915,0.01692,-0.02451,0.06551,0.1223,-0.01635,0.99019,0.62636,-0.45183,-0.59151,-0.23161,50.27,52.86,0.0693,0.0232
20:49:03.818,6672.6371,333463,-1.238,129.139,18.654,3.0,0.2385,-0.02,0.9409,0.06728,-1.11022,0.15002,0.9854,-0.0085,-0.0156,-0.05875,0.07048,0.0004,0.06371,0.13241,-0.01785,0.98898,0.62671,-0.45106,-0.59132,-0.23264,50.28,52.84,0.0581,0.0692
20:49:03.819,6672.6571,333464,-0.65,129.164,18.647,3.043,0.2397,-0.0134,0.9353,0.07368,-0.78713,0.27019,1.0945,-0.0151,-0.0251,-0.05702,0.09273,0.01386,0.06092,0.13804,-0.01778,0.98839,0.62726,-0.45087,-0.59073,-0.23302,50.28,52.85,0.0542,0.02
20:49:03.832,6672.6771,333465,0.056,129.18,18.641,3.086,0.2651,-0.0149,0.8911,0.10126,-0.6467,0.35932,0.9805,-0.0254,0.0085,-0.05729,0.0381,-0.01359,0.05722,0.14377,-0.01774,0.9878,0.62747,-0.45013,-0.59072,-0.23391,50.29,52.84,0.0274,0.0656
20:49:03.849,6672.6971,333466,0.969,129.12,18.635,3.129,0.2856,0.0059,0.9062,0.12457,-0.76941,0.41089,1.0085,-0.0344,-0.0317,-0.05649,0.00919,-0.02958,0.05304,0.15066,-0.01701,0.98701,0.62735,-0.44926,-0.59111,-0.23491,50.28,52.85,0.0426,0.0728
20:49:03.877,6672.7171,333467,1.934,129.113,18.629,3.172,0.353,0.0208,0.9075,0.10459,-0.79979,0.17906,1.0571,-0.0132,-0.0234,-0.05622,0.00373,-0.02878,0.05116,0.15844,-0.01631,0.98591,0.62725,-0.44883,-0.59136,-0.23538,50.27,52.82,0.0605,0.0369
20:49:03.937,6672.7371,333468,2.671,129.183,18.624,3.215,0.4287,0.0098,0.9124,0.03864,-0.58742,0.00426,1.0034,-0.0146,-0.0103,-0.05822,0.05303,-0.00893,0.0511,0.16445,-0.01618,0.98493,0.62748,-0.44794,-0.59134,-0.23649,50.27,52.85,0.0739,0.0773
20:49:03.938,6672.7571,333469,2.653,129.273,18.618,3.258,0.3542,-0.0217,0.9087,-0.02758,0.00213,0.03611,1.0098,-0.0198,0.0007,-0.05649,0.07501,0.0052,0.05085,0.16437,-0.01693,0.98494,0.62793,-0.44713,-0.59107,-0.23753,50.27,52.86,0.0616,0.0725
20:49:03.942,6672.7771,333470,2.264,129.17,18.613,3.3,0.3101,-0.0139,0.8992,-0.03238,0.31576,0.27566,1.0188,-0.0117,-0.0095,-0.06022,0.01292,-0.02398,0.04847,0.16027,-0.01689,0.98574,0.62787,-0.4464,-0.59132,-0.23842,50.27,52.84,0.0435,0.0658
20:49:03.943,6672.7971,333471,1.954,129.186,18.607,3.343,0.2874,-0.0303,0.9058,0.01212,0.14376,0.61633,1.0039,-0.0171,0.0061,-0.06102,0.01759,-0.02038,0.0424,0.15694,-0.01836,0.98653,0.6279,-0.44555,-0.59152,-0.23944,50.27,52.83,0.0431,0.077
20:49:03.968,6672.8171,333472,1.882,129.048,18.602,3.386,0.2629,-0.0012,0.9084,0.0878,-0.03051,0.74063,0.9976,-0.0178,0.0037,-0.05929,0.00893,-0.02545,0.0351,0.15535,-0.01841,0.98706,0.62787,-0.44466,-0.59181,-0.24046,50.26,52.84,0.0393,0.0783
20:49:04.012,6672.8371,333473,1.953,128.94,18.596,3.429,0.2656,-0.0054,0.8965,0.08034,-0.12137,0.63764,1.0078,-0.0166,0.0024,-0.05849,-0.01159,-0.03877,0.02881,0.15483,-0.01844,0.98735,0.62768,-0.44378,-0.59228,-0.24142,50.27,52.87,0.0313,0.074
20:49:04.044,6672.8571,333474,2.295,128.822,18.59,3.471,0.304,-0.012,0.907,0.0866,-0.25234,0.46924,1.0093,-0.0173,-0.0046,-0.05742,-0.00786,-0.0393,0.02421,0.15667,-0.01786,0.98719,0.62749,-0.4429,-0.59274,-0.24239,50.27,52.85,0.0475,0.0729
20:49:04.045,6672.8771,333475,2.601,128.69,18.585,3.514,0.3101,-0.0024,0.9116,0.07714,-0.23342,0.31176,1.0056,-0.0125,-0.0034,-0.05729,-0.00293,-0.03557,0.02121,0.15825,-0.01693,0.98703,0.62734,-0.44199,-0.59317,-0.24338,50.27,52.86,0.0522,0.0757
20:49:04.047,6672.8971,333476,2.8,128.589,18.58,3.556,0.3228,0.0049,0.9121,0.04197,-0.13896,0.14895,1.0076,-0.0132,-0.0098,-0.05689,0.00786,-0.02931,0.01989,0.15907,-0.01609,0.98694,0.62725,-0.44111,-0.59351,-0.24438,50.27,52.85,0.0557,0.0742
20:49:04.072,6672.9171,333477,2.785,128.555,18.574,3.599,0.3865,0.0049,0.9182,0.0,0.07821,-0.00013,1.0129,-0.0156,-0.009,-0.05915,0.03904,-0.01106,0.0201,0.15851,-0.01578,0.98703,0.62739,-0.44032,-0.59355,-0.24535,50.27,52.86,0.0772,0.0702
20:49:04.088,6672.9371,333478,2.464,128.548,18.569,3.641,0.3762,-0.0159,0.9204,-0.01599,0.31802,-0.14083,1.0098,-0.0352,0.0112,-0.05942,0.05009,0.0036,0.02169,0.15564,-0.0157,0.98745,0.62772,-0.43957,-0.59338,-0.24627,50.26,52.85,0.0758,0.0721
20:49:04.132,6672.9571,333479,2.628,128.491,18.563,3.683,0.3379,0.0107,0.9087,0.01919,-0.11351,-0.38957,0.9617,0.009,-0.0022,-0.05875,0.00626,-0.02358,0.0257,0.15653,-0.01444,0.98723,0.62763,-0.43901,-0.59361,-0.24692,50.27,52.83,0.0572,0.0513
20:49:04.136,6672.9771,333480,2.871,128.753,18.558,3.726,0.2666,-0.0249,0.9084,-0.16787,-0.34067,-0.44912,1.032,0.0151,0.001,-0.05716,-0.02372,-0.04983,0.03041,0.15799,-0.0158,0.98685,0.62731,-0.4383,-0.59417,-0.24766,50.27,52.84,0.0403,0.0559
20:49:04.162,6672.9971,333481,2.785,128.785,18.553,3.768,0.3022,-0.0132,0.9009,-0.08367,0.02731,-0.44006,1.0222,-0.0461,-0.0308,-0.05902,0.04623,-0.00053,0.03509,0.15709,-0.01544,0.98684,0.62748,-0.43763,-0.59413,-0.2485,50.28,52.84,0.0427,0.0622
20:49:04.163,6673.0171,333482,2.381,128.691,18.547,3.81,0.3291,-0.011,0.9563,-0.02545,0.39703,-0.45725,1.0864,-0.022,-0.0635,-0.05769,0.00147,-0.02558,0.0399,0.15328,-0.01438,0.98727,0.62734,-0.43743,-0.59433,-0.24873,50.28,52.85,0.0714,0.02
20:49:04.193,6673.0371,333483,1.651,128.777,18.541,3.853,0.301,-0.0308,0.9194,-0.07048,0.58915,-0.31882,1.1421,-0.0024,-0.0359,-0.05462,-0.01545,-0.02971,0.04318,0.14674,-0.01552,0.98811,0.62714,-0.43722,-0.59464,-0.24888,50.26,52.84,0.0559,0.02
20:49:04.222,6673.0571,333484,1.042,128.795,18.536,3.895,0.2295,-0.0518,1.0117,-0.03904,0.36066,-0.05889,0.9426,-0.0366,0.0269,-0.0441,-0.02198,-0.02411,0.0439,0.14109,-0.01619,0.98889,0.62705,-0.43679,-0.59495,-0.24911,50.28,52.84,0.051,0.0378
20:49:04.223,6673.0771,333485,0.157,128.835,18.529,3.937,0.1316,-0.0818,0.9033,-0.083,0.63272,-0.25993,0.968,-0.0229,0.0232,-0.00586,0.03317,-0.01692,0.04675,0.13331,-0.01669,0.98983,0.62747,-0.43581,-0.59504,-0.24955,50.28,52.85,0.02,0.0564
20:49:04.254,6673.0971,333486,-0.452,128.691,18.523,3.979,0.1985,-0.0024,0.9426,-0.00573,0.43087,-0.63298,1.0796,-0.0122,-0.0337,-0.06089,-0.05596,-0.07221,0.05322,0.12702,-0.01554,0.99035,0.6269,-0.43549,-0.59576,-0.24984,50.27,52.84,0.0525,0.02
20:49:04.282,6673.1171,333487,-0.714,128.42,18.516,4.021,0.2251,0.0276,0.9351,0.06608,0.2566,-0.44779,1.0522,-0.0149,-0.0242,-0.07834,-0.08327,-0.085,0.05781,0.12305,-0.01339,0.99062,0.62602,-0.43502,-0.59676,-0.25046,50.26,52.84,0.0517,0.0406
20:49:04.285,6673.1371,333488,-0.888,128.609,18.51,4.064,0.2324,-0.05,0.9314,-0.10445,0.08913,-0.2999,1.0442,0.0059,-0.0581,-0.06289,-0.01679,-0.06182,0.06088,0.12082,-0.01516,0.99069,0.62557,-0.43438,-0.59737,-0.25122,50.27,52.83,0.0509,0.0456
20:49:04.314,6673.1571,333489,-1.258,128.521,18.503,4.106,0.1487,-0.0103,0.9226,0.05316,0.06368,-0.01945,0.9956,-0.0493,0.0046,-0.04996,0.18532,0.03131,0.0611,0.11845,-0.01465,0.99097,0.62685,-0.43333,-0.59623,-0.25257,50.27,52.84,0.0309,0.0776
20:49:04.327,6673.1771,333490,-1.546,128.551,18.496,4.148,0.2644,-0.0234,0.9104,0.02238,0.18186,0.0401,1.0059,-0.0193,0.0039,0.00187,0.14189,-0.0036,0.06076,0.11624,-0.01474,0.99125,0.62793,-0.43187,-0.59571,-0.25362,50.27,52.83,0.0412,0.0754
20:49:04.357,6673.1971,333491,-2.179,128.55,18.489,4.19,0.1953,-0.0234,0.9243,0.00626,0.38357,0.09153,1.0093,-0.0229,-0.0095,0.03424,0.11658,-0.03504,0.05995,0.11052,-0.01492,0.99195,0.62885,-0.43011,-0.59561,-0.25456,50.28,52.85,0.0387,0.0728
20:49:04.374,6673.2171,333492,-2.701,128.615,18.482,4.232,0.1604,-0.0317,0.9072,0.02238,0.28938,0.13643,1.0107,-0.0454,-0.0327,0.09792,0.19998,-0.0489,0.05868,0.10606,-0.01495,0.99251,0.63043,-0.42767,-0.59527,-0.25555,50.26,52.82,0.0214,0.0708
20:49:04.402,6673.2371,333493,-2.89,128.918,18.475,4.274,0.2009,-0.0251,0.8254,0.02625,0.07061,0.29817,0.9741,-0.0259,0.0059,0.23435,0.12923,-0.03224,0.05576,0.10449,-0.01532,0.99284,0.63234,-0.42475,-0.59551,-0.25515,50.27,52.83,0.02,0.0608
20:49:04.403,6673.2571,333494,-3.383,129.272,18.468,4.316,0.146,0.0107,0.9575,-0.0854,0.43393,0.13763,1.0811,0.0166,0.0491,0.31936,-0.35679,0.01492,0.05468,0.09797,-0.01567,0.99356,0.63185,-0.42331,-0.59868,-0.25132,50.27,52.85,0.0565,0.02
20:49:04.462,6673.2771,333495,-3.859,129.501,18.46,4.358,0.1067,-0.0652,0.927,-0.01306,0.39623,-0.02132,1.0149,0.0308,-0.0005,0.20304,-0.08247,-0.05209,0.05501,0.0923,-0.01601,0.99408,0.63221,-0.42093,-0.60034,-0.25044,50.27,52.84,0.0315,0.0685
20:49:04.463,6673.2971,333496,-3.879,129.52,18.453,4.4,0.1243,-0.01,0.9258,0.01199,-0.07861,0.12097,1.0056,-0.0349,-0.0139,-0.01106,0.00386,-0.02132,0.05386,0.0913,-0.01605,0.99424,0.63228,-0.41977,-0.60079,-0.25111,50.27,52.84,0.0306,0.0753
20:49:04.467,6673.3171,333497,-3.49,129.493,18.445,4.442,0.2046,-0.0107,0.8792,0.10765,-0.29751,0.0878,0.9856,-0.0281,-0.022,-0.03078,-0.01759,-0.03904,0.05293,0.09351,-0.01531,0.99409,0.63206,-0.41875,-0.60143,-0.25186,50.27,52.85,0.02,0.0697
20:49:04.493,6673.3371,333498,-3.354,129.541,18.438,4.484,0.2371,0.0256,0.9204,0.02571,-0.05156,0.08833,1.0266,-0.0156,-0.0237,0.0413,-0.01799,-0.04863,0.05215,0.09354,-0.01486,0.99414,0.63211,-0.41735,-0.60225,-0.2521,50.28,52.84,0.0431,0.0598
20:49:04.567,6673.3571,333499,-3.863,129.657,18.43,4.527,0.1143,-0.0178,0.9319,-0.04437,0.30017,0.19971,1.0103,-0.0173,-0.0266,0.09513,0.05796,-0.01172,0.05032,0.08865,-0.01545,0.99467,0.63289,-0.41548,-0.60265,-0.25226,50.26,52.85,0.0343,0.0719
20:49:04.568,6673.3771,333500,-4.193,129.838,18.423,4.569,0.1423,-0.0186,0.9287,-0.02851,0.07221,0.24288,0.9949,-0.0088,0.0071,0.12164,0.11658,0.01146,0.04801,0.08602,-0.01599,0.99501,0.63433,-0.41339,-0.60253,-0.25238,50.27,52.84,0.0348,0.0762
20:49:04.572,6673.3971,333501,-4.427,130.003,18.415,4.611,0.1226,-0.075,0.9055,0.00626,0.04117,0.0922,0.9888,0.0095,0.0767,0.08114,0.08247,-0.01292,0.04714,0.08418,-0.01647,0.9952,0.63551,-0.41156,-0.60242,-0.25263,50.27,52.84,0.02,0.0739
20:49:04.573,6673.4171,333502,-4.378,129.833,18.407,4.653,0.1099,-0.0349,0.9275,0.10619,-0.00466,-0.38784,1.0098,-0.0244,0.011,-0.10152,-0.13989,-0.06955,0.05097,0.08256,-0.01538,0.99516,0.63429,-0.41108,-0.60367,-0.2535,50.27,52.84,0.031,0.0724
20:49:04.597,6673.4371,333503,-4.059,129.448,18.4,4.695,0.1323,0.0059,0.9331,0.08287,-0.15215,-0.47297,1.0503,0.0361,-0.0979,-0.27912,-0.20598,-0.10845,0.0557,0.08255,-0.01384,0.99493,0.63159,-0.41213,-0.60518,-0.25495,50.27,52.85,0.0368,0.0384
20:49:04.614,6673.4571,333504,-3.862,129.394,18.392,4.737,0.1787,-0.0161,0.9209,-0.00799,-0.16427,-0.12537,1.0417,-0.0137,-0.0271,-0.15402,-0.02185,-0.01492,0.057,0.08367,-0.01407,0.99476,0.6309,-0.41231,-0.60534,-0.25599,50.27,52.84,0.0337,0.0484
20:49:04.644,6673.4771,333505,-3.676,129.418,18.385,4.779,0.196,-0.0137,0.9187,0.0016,-0.14442,-0.17453,1.0151,-0.0154,-0.0129,-0.06808,-0.0056,-0.01599,0.0588,0.08462,-0.01413,0.99458,0.63069,-0.41164,-0.60565,-0.25684,50.27,52.84,0.0346,0.0685
20:49:04.645,6673.4971,333506,-3.696,129.358,18.378,4.821,0.1396,0.0115,0.9207,-0.00226,-0.06941,-0.14882,1.0278,-0.0027,-0.0254,-0.06129,0.03144,-0.02358,0.06038,0.08386,-0.01373,0.99455,0.63066,-0.41092,-0.6058,-0.25773,50.27,52.85,0.0285,0.0589
20:49:04.689,6673.5171,333507,-3.849,129.402,18.37,4.863,0.136,-0.021,0.9229,-0.0373,-0.06755,0.01412,1.0073,-0.0151,-0.0032,-0.05569,0.087,0.01759,0.06032,0.08274,-0.01441,0.99464,0.63118,-0.41007,-0.6054,-0.25874,50.27,52.84,0.0298,0.0744
20:49:04.704,6673.5371,333508,-3.932,129.49,18.363,4.904,0.1409,-0.04,0.9155,-0.02758,-0.09233,0.01332,1.0012,-0.0225,0.0056,-0.05169,0.06715,0.01599,0.06023,0.08217,-0.01532,0.99468,0.63164,-0.40919,-0.60511,-0.2597,50.26,52.84,0.0254,0.0789
20:49:04.720,6673.5571,333509,-3.824,129.528,18.355,4.946,0.167,-0.022,0.9146,0.00999,-0.11098,0.01439,1.0112,-0.0195,-0.0078,-0.05236,0.02265,-0.01332,0.06013,0.08262,-0.0156,0.99464,0.63167,-0.40833,-0.60527,-0.26059,50.27,52.84,0.0275,0.0714
20:49:04.777,6673.5771,333510,-3.844,129.557,18.348,4.988,0.1497,-0.0244,0.9163,0.01426,-0.08487,0.03131,1.0073,-0.0181,-0.0105,-0.04996,0.03384,-0.02398,0.05983,0.08188,-0.01604,0.99472,0.63174,-0.40733,-0.60543,-0.26162,50.28,52.83,0.0266,0.0744
20:49:04.778,6673.5971,333511,-3.877,129.587,18.34,5.03,0.1248,-0.0352,0.9207,0.01958,-0.10179,0.05329,1.0049,-0.0217,0.0095,-0.03491,0.04796,-0.02518,0.05932,0.08122,-0.01632,0.9948,0.63205,-0.40617,-0.60545,-0.26262,50.27,52.83,0.0273,0.0761
20:49:04.781,6673.6171,333512,-3.731,129.628,18.333,5.072,0.1431,-0.0356,0.9224,0.05849,-0.16827,0.03797,1.0085,-0.019,-0.001,-0.03411,-0.02252,-0.05569,0.05889,0.08136,-0.0165,0.99481,0.63179,-0.40503,-0.6061,-0.26351,50.27,52.85,0.0306,0.0735
20:49:04.792,6673.6371,333513,-3.35,129.48,18.326,5.113,0.1411,0.1057,1.0383,0.10938,-0.23102,-0.00493,1.0166,-0.0254,-0.0281,-0.04716,-0.09273,-0.09313,0.05895,0.0824,-0.01491,0.99474,0.63084,-0.40401,-0.6074,-0.26436,50.28,52.84,0.0401,0.067
20:49:04.809,6673.6571,333514,-3.193,129.621,18.318,5.155,0.1313,-0.0698,0.9285,0.02518,-0.24248,0.0397,0.9866,-0.0781,0.0403,-0.02345,-0.05223,-0.03331,0.05852,0.0833,-0.01561,0.99468,0.63086,-0.40313,-0.6078,-0.26473,50.28,52.83,0.0352,0.0729
20:49:04.884,6673.6771,333515,-2.914,129.539,18.311,5.197,0.1497,0.0085,0.9285,0.01132,-0.27019,-0.0425,1.0176,0.0061,-0.0049,-0.10778,-0.05049,-0.01426,0.05902,0.08466,-0.01509,0.99455,0.63021,-0.40286,-0.60827,-0.2656,50.28,52.84,0.0354,0.0668
20:49:04.885,6673.6971,333516,-2.527,129.458,18.304,5.238,0.1934,0.0054,0.9192,0.02292,-0.27326,-0.04077,0.9963,0.0007,-0.0107,-0.14322,-0.06781,-0.01466,0.05947,0.08679,-0.01478,0.99434,0.62928,-0.40273,-0.60881,-0.26678,50.27,52.85,0.0345,0.0773
20:49:04.888,6673.7171,333517,-2.252,129.422,18.297,5.28,0.2185,0.0066,0.9097,0.02038,-0.178,0.02851,1.0112,0.0007,-0.0444,-0.0922,-0.03611,-0.01825,0.05924,0.08797,-0.01465,0.99425,0.62858,-0.40227,-0.60943,-0.26771,50.28,52.85,0.0317,0.0709
20:49:04.912,6673.7371,333518,-2.353,129.432,18.29,5.321,0.1458,-0.0161,0.9202,0.02478,-0.0489,0.09859,1.0151,-0.0039,-0.02,-0.00107,0.09313,-0.03411,0.0583,0.08671,-0.0146,0.99442,0.62913,-0.40081,-0.60939,-0.26867,50.27,52.84,0.0289,0.0685
20:49:04.915,6673.7571,333519,-2.406,129.593,18.284,5.363,0.1301,-0.0171,0.9233,0.02904,-0.0898,0.17933,1.0105,-0.0112,0.009,0.11658,0.05716,-0.03277,0.05655,0.08583,-0.01463,0.9946,0.63009,-0.39867,-0.60976,-0.26877,50.27,52.85,0.0294,0.072
20:49:04.927,6673.7771,333520,-2.189,129.773,18.277,5.405,0.187,-0.0251,0.9211,0.02491,-0.16294,0.09393,1.0139,-0.0076,-0.0071,0.05782,-0.01852,-0.02158,0.05563,0.08692,-0.01493,0.99455,0.63029,-0.39719,-0.61049,-0.26885,50.27,52.84,0.0352,0.0695
20:49:04.987,6673.7971,333521,-1.926,129.799,18.27,5.446,0.229,-0.0046,0.9248,0.01865,-0.14069,-0.02944,1.0024,-0.0176,-0.0139,-0.0473,-0.05902,-0.01892,0.05598,0.08801,-0.01482,0.99443,0.62979,-0.39639,-0.61123,-0.26951,50.27,52.86,0.0446,0.078
20:49:04.990,6673.8171,333522,-1.879,129.831,18.263,5.488,0.1853,-0.0317,0.9141,0.00506,-0.02438,-0.01106,1.0039,-0.0234,-0.0486,-0.05569,0.02918,-0.02758,0.05613,0.08755,-0.01527,0.99446,0.62955,-0.39541,-0.61163,-0.27061,50.28,52.83,0.0299,0.076
20:49:04.992,6673.8371,333523,-2.01,129.925,18.256,5.529,0.1177,-0.0112,0.9268,0.02545,-0.01092,0.1331,1.0071,-0.0369,-0.0342,0.09046,0.09952,-0.0385,0.05486,0.08588,-0.01517,0.99468,0.63042,-0.39325,-0.61189,-0.27114,50.28,52.84,0.0307,0.0737
20:49:05.018,6673.8571,333524,-1.948,130.359,18.25,5.571,0.1462,-0.0098,0.9224,0.02878,-0.15681,0.3861,1.0261,0.0005,0.0227,0.36066,0.00666,-0.03651,0.05107,0.08572,-0.01511,0.99489,0.63203,-0.38982,-0.61319,-0.26939,50.26,52.84,0.0305,0.0602
20:49:05.033,6673.8771,333525,-1.865,130.549,18.243,5.613,0.115,-0.0127,0.9207,0.03238,-0.14642,0.11485,1.012,-0.0024,0.0112,0.13137,-0.03384,-0.02598,0.04995,0.08549,-0.01502,0.99497,0.63247,-0.38787,-0.61415,-0.26898,50.28,52.86,0.026,0.071
20:49:05.062,6673.8971,333526,-1.636,130.624,18.236,5.654,0.1335,-0.0303,0.9067,0.02998,-0.22982,-0.0024,1.0081,-0.0239,0.0227,-0.02505,-0.13763,-0.00959,0.04997,0.08624,-0.01514,0.9949,0.63182,-0.38729,-0.61517,-0.26901,50.28,52.84,0.02,0.0735
20:49:05.065,6673.9171,333527,-1.153,130.695,18.23,5.696,0.2046,0.0,0.9153,0.02438,-0.26473,0.00973,1.0081,-0.0054,-0.0312,-0.02078,-0.20065,-0.006,0.04992,0.08831,-0.01496,0.99473,0.63046,-0.38684,-0.61693,-0.26884,50.27,52.84,0.0334,0.0736
20:49:05.109,6673.9371,333528,-0.793,130.791,18.224,5.738,0.2207,-0.0149,0.9109,0.01919,-0.20811,0.0389,1.009,-0.0137,-0.0376,-0.00919,-0.11378,-0.01386,0.04956,0.08985,-0.01505,0.99461,0.62965,-0.38605,-0.61819,-0.26897,50.27,52.85,0.033,0.0727
20:49:05.122,6673.9571,333529,-0.702,130.838,18.217,5.779,0.1843,-0.0205,0.9231,0.01439,-0.07581,0.01506,1.0049,-0.0195,-0.0222,-0.03251,0.04863,-0.02718,0.04946,0.09013,-0.01519,0.99459,0.62985,-0.38483,-0.6183,-0.27,50.28,52.85,0.0362,0.076
20:49:05.126,6673.9771,333530,-0.884,130.82,18.211,5.821,0.1519,-0.0254,0.9185,0.01039,-0.01719,-0.00906,1.0103,-0.0166,-0.0151,-0.05729,0.12963,-0.03451,0.0496,0.08858,-0.0154,0.99471,0.63047,-0.38356,-0.61781,-0.27147,50.27,52.86,0.0285,0.0721
20:49:05.183,6673.9971,333531,-0.899,130.737,18.205,5.863,0.1731,-0.012,0.925,0.01905,-0.03131,-0.00613,1.0071,-0.0117,-0.0144,-0.06182,0.11165,-0.03624,0.04976,0.08815,-0.01483,0.99475,0.63094,-0.38231,-0.61746,-0.27295,50.26,52.85,0.0359,0.0745
20:49:05.199,6674.0171,333532,-0.94,130.713,18.198,5.904,0.1746,-0.019,0.9158,0.02078,-0.00666,0.0052,1.0042,-0.0132,-0.0164,-0.06035,0.12204,-0.03651,0.04977,0.08762,-0.0148,0.9948,0.63144,-0.381,-0.61708,-0.27449,50.28,52.84,0.0294,0.0767
20:49:05.227,6674.0371,333533,-1.177,130.647,18.192,5.946,0.0974,-0.0205,0.9224,0.02731,0.02451,0.01439,1.0056,-0.0122,0.0051,-0.05502,0.15268,-0.03877,0.04968,0.08569,-0.01468,0.99497,0.63228,-0.37958,-0.61638,-0.27608,50.26,52.86,0.0258,0.0757
20:49:05.228,6674.0571,333534,-1.074,130.705,18.185,5.987,0.1804,-0.0164,0.9114,0.0385,-0.08913,0.09553,1.0122,-0.0129,-0.0249,0.01266,0.05489,-0.02825,0.04876,0.08593,-0.01455,0.995,0.63257,-0.37811,-0.61667,-0.27678,50.28,52.84,0.0269,0.0706
20:49:05.232,6674.0771,333535,-1.166,130.826,18.179,6.029,0.1365,-0.0251,0.9224,0.03997,-0.06955,0.15308,1.0085,-0.0164,0.012,0.08114,0.05769,-0.02078,0.04725,0.08486,-0.01459,0.99517,0.63342,-0.37623,-0.61684,-0.27701,50.26,52.84,0.0296,0.0735
20:49:05.272,6674.0971,333536,-1.184,130.826,18.172,6.07,0.1238,-0.0239,0.9199,0.05276,-0.09486,0.05849,1.0039,-0.0154,0.002,-0.01239,0.03944,-0.02505,0.04667,0.08412,-0.01437,0.99526,0.63371,-0.3749,-0.61698,-0.27784,50.27,52.83,0.0264,0.077
20:49:05.275,6674.1171,333537,-0.948,130.889,18.166,6.112,0.1697,-0.0327,0.9255,0.05209,-0.1772,0.01612,1.0117,-0.0229,-0.0149,-0.05436,-0.02012,-0.0429,0.04647,0.08515,-0.01469,0.99518,0.63331,-0.37396,-0.61754,-0.27877,50.27,52.85,0.0361,0.0709
20:49:05.289,6674.1371,333538,-0.866,130.896,18.16,6.153,0.158,-0.0205,0.9233,0.02531,-0.16974,0.00906,1.0103,-0.0139,-0.0107,-0.05982,-0.00147,-0.02585,0.04639,0.08503,-0.01482,0.99519,0.63307,-0.37309,-0.61789,-0.27971,50.27,52.86,0.0327,0.0722
20:49:05.319,6674.1571,333539,-0.636,130.913,18.153,6.195,0.1682,-0.0188,0.9172,0.03078,-0.17666,0.01506,1.0093,-0.0127,-0.0134,-0.05862,0.00586,-0.02598,0.04627,0.0862,-0.01472,0.99509,0.63285,-0.37219,-0.61822,-0.28068,50.28,52.85,0.0295,0.0729
20:49:05.362,6674.1771,333540,-0.492,130.848,18.147,6.236,0.1624,-0.0156,0.9214,0.02891,-0.14869,0.006,1.0122,-0.0154,-0.0076,-0.05995,0.01679,-0.02691,0.04629,0.08662,-0.01405,0.99507,0.63275,-0.37128,-0.61841,-0.28167,50.28,52.85,0.0318,0.0707
20:49:05.363,6674.1971,333541,-0.433,130.8,18.141,6.278,0.155,-0.0149,0.9241,0.02798,-0.14722,0.00546,1.009,-0.0132,-0.0044,-0.05969,0.01585,-0.02678,0.04628,0.08635,-0.01371,0.9951,0.63266,-0.37034,-0.6186,-0.28268,50.27,52.84,0.0328,0.0732
20:49:05.365,6674.2171,333542,-0.366,130.792,18.135,6.319,0.1487,-0.0195,0.928,0.02625,-0.17,0.0012,1.012,-0.0159,-0.0115,-0.06115,0.01199,-0.02518,0.04629,0.08618,-0.01373,0.99511,0.6325,-0.36946,-0.61885,-0.28366,50.26,52.85,0.035,0.0709
20:49:05.392,6674.2371,333543,-0.068,130.821,18.129,6.36,0.1716,-0.0161,0.925,0.03504,-0.23475,0.00053,1.0149,-0.0159,-0.012,-0.06129,0.00826,-0.02385,0.04631,0.08804,-0.01354,0.99495,0.63232,-0.36863,-0.61911,-0.28458,50.26,52.85,0.0357,0.0687
20:49:05.408,6674.2571,333544,0.217,130.822,18.123,6.401,0.1775,-0.0085,0.9167,0.0381,-0.23502,0.0036,1.0107,-0.0115,-0.0078,-0.06062,0.00919,-0.02531,0.04631,0.08971,-0.01312,0.9948,0.63215,-0.36774,-0.61936,-0.28556,50.27,52.84,0.0303,0.0719
20:49:05.437,6674.2771,333545,0.431,130.865,18.117,6.443,0.1724,-0.0173,0.9231,0.02958,-0.1684,0.00533,1.0112,-0.012,-0.0105,-0.06049,0.01212,-0.02545,0.04627,0.09088,-0.01322,0.9947,0.63199,-0.36684,-0.61961,-0.28654,50.27,52.85,0.0344,0.0715
20:49:05.467,6674.2971,333546,0.522,130.803,18.111,6.484,0.1619,-0.0085,0.9229,0.03304,-0.15615,0.02025,1.0085,-0.0139,-0.0073,-0.05902,0.01652,-0.02745,0.04613,0.09081,-0.01269,0.99472,0.63188,-0.36588,-0.61981,-0.28756,50.27,52.83,0.0328,0.0735
20:49:05.482,6674.3171,333547,0.738,130.793,18.106,6.525,0.1873,-0.0076,0.9309,0.02332,-0.15495,0.0377,1.0483,-0.01,-0.0476,-0.05822,0.00893,-0.02451,0.04583,0.09192,-0.01236,0.99463,0.63155,-0.36542,-0.62019,-0.28807,50.27,52.84,0.0422,0.0429
20:49:05.485,6674.3371,333548,0.668,130.795,18.1,6.566,0.167,-0.0178,0.9277,0.01932,-0.0858,0.03118,0.991,-0.0166,0.0129,-0.05822,0.01172,-0.02398,0.04553,0.0909,-0.01264,0.99474,0.63163,-0.36452,-0.6202,-0.289,50.27,52.84,0.0371,0.0734
20:49:05.514,6674.3571,333549,0.684,130.832,18.094,6.607,0.1692,-0.0166,0.9167,0.02345,-0.09779,0.00426,1.0129,-0.0117,-0.0105,-0.05875,0.01466,-0.02531,0.04548,0.09039,-0.01312,0.99478,0.63147,-0.36362,-0.62045,-0.28995,50.28,52.86,0.0292,0.0702
20:49:05.529,6674.3771,333550,0.815,130.779,18.088,6.649,0.1709,-0.011,0.9175,0.02345,-0.11831,0.00346,1.0063,-0.0188,-0.0112,-0.05849,0.01332,-0.02491,0.04553,0.09061,-0.01256,0.99477,0.63131,-0.36266,-0.6207,-0.29097,50.27,52.84,0.03,0.0751
20:49:05.587,6674.3971,333551,-0.027,0.028,18.082,6.646,0.1646,-0.0176,0.9163,0.01998,-0.11058,0.00333,1.0105,-0.0134,-0.012,-0.05782,0.01346,-0.02505,0.04551,0.09002,-0.0128,0.99482,0.63113,-0.36173,-0.62096,-0.29194,50.26,52.85,0.0283,0.072
20:49:05.590,6674.4171,333552,0.018,-0.047,18.076,6.644,0.1697,-0.0125,0.9229,0.02198,-0.10792,0.01159,1.0093,-0.0134,-0.0088,-0.05756,0.01172,-0.02505,0.0455,0.09004,-0.01215,0.99482,0.63099,-0.36079,-0.62118,-0.29293,50.27,52.85,0.0338,0.0729
20:49:05.593,6674.4371,333553,-0.012,-0.033,18.07,6.642,0.1611,-0.0154,0.9172,0.01532,-0.10126,0.01106,1.0071,-0.0161,-0.0051,-0.05862,0.01199,-0.02465,0.04542,0.08931,-0.01224,0.99489,0.6309,-0.35984,-0.62136,-0.29393,50.27,52.84,0.0285,0.0746
20:49:05.619,6674.4571,333554,0.074,0.036,18.064,6.64,0.1682,-0.0178,0.9185,0.01665,-0.12404,0.00187,1.0093,-0.0168,-0.0078,-0.05902,0.01306,-0.02478,0.0454,0.0896,-0.01286,0.99486,0.63078,-0.3589,-0.62156,-0.29491,50.27,52.86,0.0305,0.0729
20:49:05.634,6674.4772,333555,0.046,-0.022,18.058,6.638,0.1665,-0.0132,0.9238,0.01545,-0.09846,0.01053,1.0095,-0.0098,-0.01,-0.05915,0.00919,-0.02478,0.04539,0.08907,-0.01234,0.99491,0.63057,-0.35798,-0.62183,-0.29589,50.27,52.86,0.0341,0.0728
20:49:05.648,6674.4971,333556,0.034,0.055,18.052,6.635,0.1628,-0.0237,0.9214,0.01159,-0.10032,0.0064,1.0144,-0.0139,-0.011,-0.05862,0.01146,-0.02558,0.04532,0.08857,-0.013,0.99495,0.63041,-0.35709,-0.62207,-0.29682,50.28,52.85,0.032,0.0691
20:49:05.707,6674.5171,333557,0.173,0.032,18.047,6.633,0.1677,-0.0159,0.918,0.02145,-0.14043,-0.0044,1.0027,-0.0132,-0.0083,-0.05849,0.01106,-0.02518,0.04542,0.08936,-0.01285,0.99488,0.63025,-0.35608,-0.6223,-0.29787,50.27,52.84,0.03,0.0779
20:49:05.710,6674.5371,333558,0.312,0.005,18.041,6.631,0.1697,-0.0151,0.9155,0.02398,-0.14749,-0.01772,1.0085,-0.0154,-0.0095,-0.05862,0.01172,-0.02545,0.04564,0.09019,-0.01266,0.9948,0.6301,-0.35513,-0.62252,-0.29886,50.27,52.86,0.0284,0.0735
20:49:05.712,6674.5571,333559,0.437,0.062,18.035,6.629,0.1697,-0.0173,0.9194,0.02398,-0.14802,-0.01785,1.0081,-0.0171,-0.0066,-0.05875,0.01226,-0.02571,0.0458,0.09078,-0.0132,0.99473,0.63,-0.35418,-0.6227,-0.29985,50.28,52.84,0.0313,0.0738
20:49:05.739,6674.5771,333560,0.571,0.073,18.029,6.627,0.1736,-0.0178,0.915,0.02292,-0.14189,-0.01292,1.0083,-0.0188,-0.0117,-0.05849,0.01292,-0.02545,0.04595,0.09156,-0.01335,0.99465,0.62982,-0.35322,-0.62294,-0.30085,50.28,52.84,0.0286,0.0736
20:49:05.753,6674.5971,333561,0.595,-0.001,18.023,6.624,0.1714,-0.0122,0.9224,0.02065,-0.10645,-0.0024,1.0112,-0.0144,-0.0066,-0.05809,0.01346,-0.02545,0.04608,0.09138,-0.0127,0.99467,0.6297,-0.3523,-0.62312,-0.30181,50.26,52.84,0.0337,0.0715
20:49:05.768,6674.6171,333562,0.52,0.009,18.018,6.622,0.1646,-0.0159,0.9243,0.01639,-0.0822,0.004,1.0122,-0.0134,-0.0095,-0.05836,0.01359,-0.02585,0.04608,0.09035,-0.01272,0.99476,0.62954,-0.35138,-0.62334,-0.30276,50.27,52.84,0.0342,0.0708
20:49:05.827,6674.6371,333563,0.499,0.021,18.012,6.62,0.1658,-0.0164,0.9199,0.02105,-0.12057,0.00147,1.0071,-0.0156,-0.0098,-0.05822,0.01306,-0.02585,0.04609,0.08977,-0.0128,0.99481,0.62937,-0.35041,-0.62357,-0.30377,50.26,52.84,0.0311,0.0745
20:49:05.844,6674.6571,333564,0.634,-0.023,18.006,6.618,0.1733,-0.0132,0.9202,0.02478,-0.14682,-0.00173,1.0061,-0.0132,-0.0112,-0.05849,0.01172,-0.02451,0.04617,0.09062,-0.0125,0.99474,0.62915,-0.34943,-0.62384,-0.30479,50.27,52.84,0.0324,0.0753
20:49:05.872,6674.6771,333565,0.63,-0.007,18.0,6.616,0.1658,-0.0161,0.9128,0.02252,-0.12191,0.00133,1.0115,-0.0159,-0.0088,-0.05875,0.01239,-0.02518,0.04617,0.09017,-0.01263,0.99478,0.62901,-0.3485,-0.62403,-0.30575,50.28,52.86,0.0259,0.0713
20:49:05.873,6674.6971,333566,0.611,0.024,17.995,6.614,0.1584,-0.021,0.9138,0.02052,-0.10992,0.00786,1.0081,-0.0154,-0.0117,-0.05796,0.01306,-0.02531,0.04611,0.08964,-0.01289,0.99482,0.62879,-0.34753,-0.6243,-0.30675,50.29,52.84,0.0257,0.0738
20:49:05.875,6674.7171,333567,0.743,0.008,17.989,6.611,0.1765,-0.0154,0.9214,0.02398,-0.13203,0.00626,1.0107,-0.0151,-0.0107,-0.05809,0.01212,-0.02545,0.04609,0.09044,-0.01285,0.99475,0.6286,-0.34659,-0.62453,-0.30772,50.27,52.84,0.0337,0.0718
20:49:05.887,6674.7371,333568,0.736,-0.061,17.983,6.609,0.1694,-0.0146,0.9248,0.02172,-0.1243,0.00546,1.0098,-0.012,-0.0134,-0.05809,0.01212,-0.02545,0.04612,0.09018,-0.01224,0.99478,0.62832,-0.34565,-0.62486,-0.30869,50.27,52.84,0.0352,0.0725
20:49:05.932,6674.7571,333569,0.743,-0.017,17.978,6.607,0.165,-0.0176,0.9143,0.02118,-0.11032,0.0044,1.0044,-0.0125,-0.0063,-0.05809,0.01226,-0.02638,0.04608,0.0897,-0.01261,0.99482,0.62822,-0.34466,-0.625,-0.30972,50.29,52.84,0.0269,0.0766
20:49:05.933,6674.7771,333570,0.695,-0.007,17.972,6.605,0.1628,-0.0164,0.9238,0.02145,-0.11072,0.0028,1.0076,-0.0122,-0.0115,-0.05822,0.01292,-0.02651,0.04608,0.08897,-0.01266,0.99489,0.62797,-0.34368,-0.62529,-0.31072,50.27,52.85,0.0336,0.0742
20:49:05.947,6674.7971,333571,0.795,0.002,17.966,6.603,0.1714,-0.0171,0.9172,0.02225,-0.12244,0.00253,1.0063,-0.0144,-0.0134,-0.05822,0.01279,-0.02558,0.04608,0.08958,-0.01283,0.99483,0.62767,-0.34271,-0.62563,-0.31173,50.25,52.87,0.0299,0.0751
20:49:05.979,6674.8171,333572,0.777,-0.041,17.961,6.601,0.1655,-0.0144,0.9207,0.02318,-0.12111,0.00187,1.0105,-0.0151,-0.0115,-0.05875,0.01319,-0.02518,0.04613,0.08912,-0.01243,0.99487,0.62746,-0.34176,-0.62588,-0.3127,50.27,52.86,0.0317,0.072
20:49:06.007,6674.8371,333573,0.867,0.023,17.955,6.598,0.1685,-0.02,0.9209,0.02385,-0.1263,0.00226,1.0088,-0.0149,-0.0088,-0.05875,0.01292,-0.02571,0.04609,0.08937,-0.01305,0.99485,0.62735,-0.3408,-0.62602,-0.31368,50.29,52.85,0.0323,0.0733
20:49:06.008,6674.8571,333574,0.997,0.038,17.949,6.596,0.1702,-0.0181,0.9131,0.02411,-0.1291,0.00173,1.0103,-0.0151,-0.0078,-0.05782,0.01266,-0.02531,0.04608,0.08995,-0.01326,0.99479,0.62728,-0.33986,-0.62611,-0.31463,50.28,52.85,0.0268,0.0722
20:49:06.054,6674.8771,333575,1.018,-0.039,17.944,6.594,0.1685,-0.0144,0.9241,0.02358,-0.12124,0.0048,1.0093,-0.0146,-0.0098,-0.05809,0.01252,-0.02558,0.04613,0.08981,-0.01259,0.99481,0.62711,-0.3389,-0.62631,-0.31561,50.28,52.86,0.0346,0.0729
20:49:06.055,6674.8971,333576,1.161,-0.02,17.938,6.592,0.1704,-0.0168,0.9158,0.02132,-0.12137,0.00346,1.009,-0.0129,-0.0039,-0.05822,0.01292,-0.02491,0.04611,0.09036,-0.01285,0.99476,0.62718,-0.338,-0.62626,-0.31653,50.28,52.85,0.0288,0.0732
20:49:06.068,6674.9171,333577,1.206,-0.097,17.933,6.59,0.1694,-0.0117,0.9219,0.02225,-0.11711,0.00373,1.0063,-0.0125,-0.0076,-0.05875,0.01266,-0.02558,0.04617,0.09035,-0.01219,0.99476,0.62705,-0.33701,-0.62642,-0.31754,50.28,52.84,0.0331,0.0752
20:49:06.112,6674.9371,333578,1.236,-0.043,17.927,6.587,0.1655,-0.0186,0.9231,0.02078,-0.11458,0.004,1.0088,-0.0173,-0.0061,-0.05862,0.01279,-0.02558,0.04613,0.0898,-0.01262,0.99481,0.62722,-0.33614,-0.62628,-0.31841,50.28,52.84,0.0335,0.0733
20:49:06.113,6674.9571,333579,1.307,-0.057,17.922,6.585,0.1692,-0.0156,0.916,0.02278,-0.1247,0.00533,1.0042,-0.0112,-0.0105,-0.05796,0.01239,-0.02491,0.04612,0.09043,-0.01263,0.99475,0.62672,-0.33519,-0.62679,-0.31938,50.27,52.85,0.0287,0.0768
20:49:06.128,6674.9771,333580,1.389,-0.1,17.917,6.583,0.1724,-0.0142,0.9202,0.02198,-0.13003,0.00453,1.011,-0.0134,-0.0103,-0.05809,0.01226,-0.02518,0.04613,0.09112,-0.01238,0.99469,0.62629,-0.33428,-0.62723,-0.3203,50.27,52.86,0.0322,0.0716
20:49:06.174,6674.9971,333581,1.437,-0.129,17.911,6.581,0.1653,-0.0122,0.9192,0.02265,-0.11991,0.00653,1.0093,-0.0159,-0.0085,-0.05849,0.01346,-0.02491,0.04613,0.09064,-0.01206,0.99474,0.62671,-0.33361,-0.62683,-0.32098,50.27,52.85,0.0305,0.0729
20:49:06.175,6675.0171,333582,1.568,-0.099,17.906,6.579,0.1711,-0.0149,0.9255,0.02158,-0.12004,0.00626,1.0081,-0.0134,-0.0076,-0.05796,0.01399,-0.02598,0.04607,0.09125,-0.01245,0.99468,0.62658,-0.33264,-0.62697,-0.32196,50.26,52.87,0.036,0.0738
20:49:06.187,6675.0371,333583,1.598,-0.099,17.9,6.577,0.1687,-0.0149,0.9241,0.02038,-0.10845,0.006,1.0088,-0.0134,-0.0039,-0.05796,0.01306,-0.02638,0.04606,0.09049,-0.01234,0.99475,0.62725,-0.33232,-0.62631,-0.32227,50.27,52.85,0.0346,0.0733
20:49:06.218,6675.0571,333584,1.475,-0.151,17.895,6.574,0.1643,-0.0095,0.9192,0.02305,-0.11325,0.004,1.0088,-0.011,-0.0066,-0.05822,0.01292,-0.02505,0.0461,0.09007,-0.01187,0.9948,0.62648,-0.33177,-0.62708,-0.32284,50.27,52.84,0.0304,0.0733
20:49:06.234,6675.0771,333585,1.521,-0.192,17.89,6.572,0.1741,-0.0122,0.9255,0.02411,-0.12804,0.0024,1.0115,-0.0159,-0.0078,-0.05849,0.01332,-0.02585,0.04614,0.09082,-0.01156,0.99473,0.62673,-0.33271,-0.62682,-0.32188,50.28,52.85,0.0364,0.0713
20:49:06.248,6675.0971,333586,1.377,-0.132,17.884,6.57,0.167,-0.0176,0.9236,0.02425,-0.11964,0.00373,1.009,-0.0173,-0.011,-0.05902,0.01346,-0.02558,0.04609,0.09035,-0.01202,0.99477,0.62646,-0.33351,-0.62707,-0.32108,50.27,52.86,0.0341,0.0731
20:49:06.307,6675.1171,333587,1.321,-0.095,17.879,6.568,0.1729,-0.0183,0.9146,0.02212,-0.12177,0.00293,1.0078,-0.0161,-0.0105,-0.05875,0.01252,-0.02598,0.04606,0.0908,-0.0124,0.99473,0.62601,-0.33416,-0.62752,-0.32044,50.27,52.84,0.0282,0.074
20:49:06.308,6675.1371,333588,1.268,-0.104,17.874,6.566,0.1672,-0.0149,0.9202,0.02398,-0.11085,0.00413,1.0132,-0.0122,-0.0103,-0.05782,0.01359,-0.02598,0.04606,0.09012,-0.01228,0.99479,0.62571,-0.33323,-0.62782,-0.32137,50.28,52.85,0.0315,0.07
20:49:06.310,6675.1571,333589,1.186,-0.132,17.868,6.563,0.167,-0.0137,0.9224,0.02172,-0.11298,0.00386,1.0066,-0.0139,-0.0105,-0.05862,0.01279,-0.02505,0.04609,0.08954,-0.01191,0.99484,0.62614,-0.33419,-0.62739,-0.3204,50.27,52.84,0.0331,0.0749
20:49:06.338,6675.1771,333590,1.351,-0.099,17.863,6.561,0.1711,-0.0166,0.9197,0.02212,-0.11551,0.00293,1.009,-0.0146,-0.0081,-0.05836,0.01292,-0.02491,0.04607,0.09003,-0.01227,0.9948,0.62648,-0.33345,-0.62706,-0.32114,50.28,52.85,0.0317,0.0731
20:49:06.352,6675.1971,333591,1.378,-0.055,17.857,6.559,0.1709,-0.0176,0.9194,0.02118,-0.11551,0.0028,1.0129,-0.0125,-0.0093,-0.05822,0.01319,-0.02598,0.04604,0.09041,-0.01276,0.99476,0.62591,-0.33266,-0.62764,-0.32194,50.27,52.85,0.0315,0.0702
20:49:06.368,6675.2171,333592,1.26,-0.002,17.852,6.557,0.1675,-0.0168,0.915,0.02105,-0.11365,0.004,1.0081,-0.0144,-0.0103,-0.05796,0.01292,-0.02571,0.046,0.08995,-0.01314,0.9948,0.6259,-0.33361,-0.62763,-0.32099,50.28,52.84,0.0278,0.0738
20:49:06.412,6675.2371,333593,1.349,0.009,17.846,6.555,0.1755,-0.0186,0.925,0.02318,-0.12231,0.004,1.0093,-0.0137,-0.0105,-0.05782,0.01279,-0.02518,0.04598,0.09067,-0.01338,0.99473,0.62545,-0.33269,-0.62809,-0.32192,50.27,52.83,0.0363,0.0729
20:49:06.413,6675.2571,333594,1.406,-0.033,17.841,6.553,0.1719,-0.0151,0.9187,0.02038,-0.11724,0.00293,1.0059,-0.0142,-0.0103,-0.05862,0.01306,-0.02531,0.04603,0.09113,-0.01301,0.99469,0.62599,-0.3336,-0.62755,-0.321,50.28,52.84,0.0311,0.0755
20:49:06.429,6675.2771,333595,1.469,-0.088,17.836,6.55,0.1687,-0.0134,0.9226,0.02491,-0.11791,0.0036,1.01,-0.0149,-0.01,-0.05796,0.01292,-0.02571,0.04607,0.09073,-0.01246,0.99473,0.6266,-0.33321,-0.62694,-0.32139,50.27,52.85,0.0335,0.0724
20:49:06.459,6675.2971,333596,1.517,-0.151,17.83,6.548,0.1716,-0.0139,0.9204,0.02425,-0.12963,0.0024,1.0093,-0.0139,-0.0083,-0.05862,0.01252,-0.02545,0.04612,0.09132,-0.01203,0.99468,0.62606,-0.33234,-0.62749,-0.32226,50.28,52.84,0.0323,0.0729
20:49:06.474,6675.3172,333597,1.464,-0.116,17.825,6.546,0.1758,-0.0181,0.9187,0.02265,-0.11884,0.00253,1.0105,-0.0115,-0.0095,-0.05849,0.01212,-0.02531,0.04609,0.09181,-0.01242,0.99463,0.62533,-0.33247,-0.62821,-0.32214,50.27,52.85,0.0317,0.072
20:49:06.488,6675.3371,333598,1.375,-0.069,17.82,6.544,0.1685,-0.0171,0.9197,0.02118,-0.11032,0.00386,1.0142,-0.0125,-0.0107,-0.05849,0.01372,-0.02545,0.04606,0.09118,-0.01271,0.99469,0.62565,-0.33338,-0.62788,-0.32122,50.27,52.84,0.0314,0.0692
20:49:06.532,6675.3571,333599,1.527,-0.013,17.814,6.542,0.1702,-0.0161,0.9155,0.02105,-0.11924,0.00373,1.0071,-0.0127,-0.0078,-0.05889,0.01332,-0.02598,0.04601,0.09141,-0.01325,0.99466,0.62617,-0.3328,-0.62738,-0.3218,50.28,52.84,0.0285,0.0746
20:49:06.535,6675.3771,333600,1.491,-0.073,17.809,6.54,0.1704,-0.0139,0.9211,0.02278,-0.12044,0.00306,1.0078,-0.0186,-0.009,-0.05836,0.01266,-0.02518,0.04607,0.09123,-0.01264,0.99468,0.62661,-0.33373,-0.62693,-0.32085,50.28,52.84,0.0326,0.074
20:49:06.547,6675.3971,333601,1.497,-0.078,17.804,6.537,0.1687,-0.0154,0.9158,0.02225,-0.11525,0.00293,1.01,-0.0129,-0.0071,-0.05836,0.01319,-0.02518,0.04608,0.09066,-0.01254,0.99474,0.62665,-0.33282,-0.6269,-0.32177,50.28,52.85,0.0285,0.0724
20:49:06.579,6675.4171,333602,1.486,-0.017,17.799,6.535,0.1716,-0.0205,0.9172,0.02292,-0.1347,0.00306,1.0068,-0.0154,-0.0083,-0.05849,0.01292,-0.02478,0.04603,0.09104,-0.01311,0.9947,0.62671,-0.3338,-0.62682,-0.32079,50.26,52.85,0.03,0.0748
20:49:06.593,6675.4372,333603,1.457,-0.064,17.793,6.533,0.1746,-0.0144,0.9199,0.02478,-0.13683,0.00346,1.01,-0.0142,-0.0134,-0.05782,0.01239,-0.02545,0.04606,0.0918,-0.01281,0.99463,0.62595,-0.33383,-0.62758,-0.32076,50.26,52.84,0.0323,0.0724
20:49:06.652,6675.4571,333604,1.486,-0.036,17.788,6.531,0.168,-0.0171,0.9253,0.02132,-0.11085,0.00346,1.0098,-0.0159,-0.0095,-0.05862,0.01319,-0.02598,0.04605,0.09104,-0.01294,0.9947,0.62669,-0.33372,-0.62684,-0.32086,50.29,52.86,0.0354,0.0725
20:49:06.653,6675.4771,333605,1.394,0.03,17.783,6.529,0.1699,-0.0193,0.925,0.02358,-0.12004,0.00187,1.0063,-0.0122,-0.0103,-0.05889,0.01319,-0.02585,0.046,0.0907,-0.01354,0.99472,0.62593,-0.3331,-0.62761,-0.3215,50.28,52.86,0.0355,0.0752
20:49:06.655,6675.4971,333606,1.547,0.043,17.777,6.527,0.1755,-0.0186,0.9187,0.02438,-0.12444,0.00266,1.0107,-0.0144,-0.0093,-0.05875,0.01292,-0.02571,0.046,0.09136,-0.01368,0.99466,0.6267,-0.33356,-0.62684,-0.32102,50.27,52.85,0.0316,0.0719
20:49:06.668,6675.5171,333607,1.454,0.073,17.772,6.525,0.1692,-0.0183,0.9175,0.02105,-0.10778,0.00386,1.0129,-0.0122,-0.009,-0.05849,0.01319,-0.02611,0.04598,0.09071,-0.01392,0.99472,0.62613,-0.33277,-0.62741,-0.32183,50.28,52.86,0.0299,0.0702
20:49:06.698,6675.5371,333608,1.321,0.003,17.767,6.523,0.1689,-0.011,0.9209,0.02078,-0.11884,0.00306,1.0115,-0.0125,-0.0129,-0.05849,0.01279,-0.02545,0.04604,0.09064,-0.01331,0.99473,0.62546,-0.33302,-0.62808,-0.32159,50.27,52.84,0.0322,0.0713
20:49:06.713,6675.5571,333609,1.464,-0.043,17.761,6.52,0.1711,-0.0146,0.9158,0.02158,-0.11591,0.00346,1.0039,-0.0168,-0.0059,-0.05836,0.01226,-0.02585,0.04608,0.09101,-0.0129,0.9947,0.6263,-0.3332,-0.62724,-0.32139,50.27,52.84,0.0288,0.077
20:49:06.728,6675.5771,333610,1.636,-0.07,17.756,6.518,0.1802,-0.0107,0.9097,0.02465,-0.11511,0.00666,1.0022,-0.0161,-0.0022,-0.05822,0.01466,-0.02558,0.04607,0.09144,-0.0127,0.99466,0.62709,-0.33303,-0.62647,-0.32155,50.28,52.84,0.0256,0.0783
20:49:06.772,6675.5971,333611,1.512,-0.075,17.751,6.516,0.1531,-0.0161,0.9172,0.03277,-0.07021,0.01412,1.0095,-0.009,-0.0076,-0.05742,0.02651,-0.02691,0.04596,0.09043,-0.01257,0.99476,0.62659,-0.33214,-0.62698,-0.32244,50.27,52.84,0.0275,0.0728
20:49:06.773,6675.6171,333612,1.392,-0.111,17.746,6.514,0.1631,-0.0132,0.9189,0.0425,-0.1291,0.01958,1.0081,-0.0173,-0.01,-0.05542,0.02118,-0.02718,0.0458,0.09001,-0.01216,0.99481,0.62659,-0.33301,-0.62698,-0.32153,50.27,52.83,0.03,0.0738
20:49:06.788,6675.6371,333613,1.651,-0.148,17.74,6.512,0.1895,-0.0107,0.9121,0.0445,-0.17107,0.04183,1.0007,-0.0149,-0.0017,-0.05196,0.02158,-0.02864,0.0454,0.0911,-0.01192,0.99473,0.62741,-0.33264,-0.62622,-0.32182,50.27,52.84,0.0287,0.0794
20:49:06.818,6675.6571,333614,1.676,-0.116,17.735,6.51,0.1614,-0.0183,0.925,0.03118,-0.12271,0.07434,1.0037,-0.0098,-0.0027,-0.0481,0.01958,-0.02864,0.04467,0.0905,-0.01212,0.99482,0.62756,-0.33157,-0.62614,-0.32275,50.26,52.87,0.0344,0.0772
20:49:06.832,6675.6771,333615,1.671,-0.131,17.73,6.508,0.1851,-0.0149,0.9185,0.02864,-0.14935,0.02052,1.0085,-0.0149,-0.0088,-0.05769,0.00906,-0.02478,0.04449,0.09146,-0.01211,0.99474,0.62712,-0.33225,-0.62658,-0.32206,50.27,52.84,0.0328,0.0735
20:49:06.848,6675.6971,333616,1.684,-0.184,17.725,6.505,0.1699,-0.0127,0.9189,0.02332,-0.12244,0.00906,1.009,-0.0137,-0.0059,-0.05809,0.01066,-0.02491,0.04448,0.09124,-0.01156,0.99477,0.62781,-0.33296,-0.62589,-0.32134,50.25,52.85,0.0309,0.0732
20:49:06.878,6675.7171,333617,1.621,-0.188,17.719,6.503,0.1929,-0.0105,0.9158,0.01186,-0.06875,0.00693,1.0081,-0.0112,-0.0081,-0.05875,0.01092,-0.02491,0.04448,0.09137,-0.01159,0.99476,0.62702,-0.33248,-0.62668,-0.32183,50.27,52.85,0.032,0.0739
20:49:06.893,6675.7371,333618,1.312,-0.097,17.714,6.501,0.1543,-0.0415,0.9026,-0.00959,0.04943,0.00813,1.0085,-0.0127,-0.0095,-0.05929,0.02238,-0.02118,0.04445,0.0895,-0.01219,0.99492,0.62634,-0.3326,-0.62735,-0.32173,50.28,52.85,0.02,0.0735
20:49:06.908,6675.7571,333619,0.839,0.031,17.709,6.499,0.0708,-0.0674,1.0032,-0.00386,0.0814,-0.0497,0.9519,-0.0063,-0.0281,-0.06129,-0.01452,-0.03624,0.04496,0.08616,-0.01287,0.99518,0.62567,-0.33273,-0.62799,-0.32164,50.28,52.85,0.074,0.0443
20:49:06.938,6675.7771,333620,0.812,0.089,17.703,6.497,0.147,0.0452,0.8152,-0.06408,-0.05862,-0.91703,0.9282,-0.0217,0.0869,-0.06009,0.00107,-0.02491,0.05424,0.08569,-0.01252,0.99477,0.62587,-0.33267,-0.62779,-0.32172,50.27,52.85,0.02,0.0294
20:49:06.953,6675.7971,333621,1.173,0.066,17.698,6.495,0.2598,-0.0154,0.9001,0.01745,-0.46937,-0.4346,1.0059,-0.0151,-0.0146,-0.05782,0.01306,-0.02638,0.05857,0.08988,-0.01243,0.99415,0.6254,-0.33332,-0.62824,-0.32107,50.26,52.87,0.0327,0.0754
20:49:06.967,6675.8171,333622,1.241,0.077,17.693,6.493,0.208,0.0044,0.9104,-0.01319,-0.06289,-0.12857,1.0146,-0.0117,-0.0107,-0.05862,0.01319,-0.02385,0.05994,0.08989,-0.01243,0.99407,0.62541,-0.33244,-0.62824,-0.32195,50.26,52.86,0.0304,0.069
20:49:06.999,6675.8371,333623,0.966,0.195,17.687,6.491,0.1191,-0.012,0.9302,-0.06035,0.15721,-0.06062,1.0093,-0.0193,-0.0046,-0.05982,0.03437,-0.00719,0.06069,0.08646,-0.01298,0.99432,0.6264,-0.33287,-0.62725,-0.32153,50.28,52.84,0.0334,0.0729
20:49:07.013,6675.8572,333624,0.869,0.219,17.682,6.489,0.1631,-0.0142,0.9236,-0.02038,-0.0381,0.0429,1.0085,-0.0161,-0.0107,-0.05489,0.03131,-0.00813,0.06037,0.08624,-0.01314,0.99436,0.62635,-0.33373,-0.6273,-0.32063,50.27,52.84,0.0335,0.0735
20:49:07.027,6675.8771,333625,0.726,0.346,17.676,6.487,0.157,-0.0327,0.9207,-0.00733,-0.09046,0.18626,1.0044,-0.0168,-0.0225,-0.0373,0.03344,-0.00426,0.05854,0.08573,-0.01417,0.9945,0.62596,-0.33407,-0.62781,-0.32003,50.27,52.84,0.0309,0.0764
20:49:07.058,6675.8971,333626,0.937,0.5,17.671,6.485,0.1873,-0.0217,0.9277,0.00506,-0.09966,0.14642,1.0115,-0.0146,-0.0037,0.04583,0.03664,-0.00973,0.05712,0.08628,-0.01464,0.99452,0.62706,-0.33296,-0.62741,-0.31984,50.3,52.84,0.04,0.0713
20:49:07.073,6675.9171,333627,0.96,0.611,17.665,6.483,0.1494,-0.0254,0.9172,0.00266,-0.04383,0.10818,1.0066,-0.0103,-0.0024,-0.01639,0.05969,-0.00466,0.05608,0.08505,-0.01515,0.99468,0.62786,-0.33188,-0.62689,-0.3204,50.27,52.85,0.0272,0.075
20:49:07.089,6675.9371,333628,0.948,0.689,17.66,6.481,0.1487,-0.0249,0.9246,-0.00506,-0.03824,0.01572,1.0066,-0.0125,-0.0017,-0.05542,0.03824,-0.01359,0.05597,0.08364,-0.01564,0.9948,0.62851,-0.33118,-0.62627,-0.32106,50.28,52.84,0.0326,0.075
20:49:07.133,6675.9571,333629,0.804,0.64,17.655,6.479,0.1567,-0.0166,0.9192,0.00839,-0.0838,0.01079,1.0059,-0.0134,-0.0056,-0.05716,0.02651,-0.01892,0.05597,0.0833,-0.01519,0.99484,0.62783,-0.3312,-0.62696,-0.32103,50.3,52.84,0.0295,0.0755
20:49:07.135,6675.9771,333630,0.868,0.722,17.649,6.477,0.1479,-0.0356,0.9189,0.01372,-0.12124,0.02984,1.0049,-0.0178,-0.0029,-0.05089,0.01839,-0.02345,0.05567,0.08304,-0.0158,0.99486,0.62871,-0.33164,-0.62612,-0.32048,50.28,52.85,0.0286,0.0762
20:49:07.149,6675.9971,333631,0.74,0.771,17.644,6.475,0.1553,-0.0237,0.9199,0.03957,-0.13296,0.02491,1.0149,-0.0186,-0.0105,-0.05622,-0.01212,-0.04157,0.05539,0.08306,-0.01624,0.99487,0.62805,-0.33215,-0.62679,-0.31994,50.27,52.84,0.0299,0.0687
20:49:07.178,6676.0171,333632,0.839,0.729,17.638,6.474,0.1782,-0.0181,0.9221,0.0469,-0.12577,0.00586,1.0081,-0.0183,-0.0061,-0.05875,0.00413,-0.03464,0.05536,0.08382,-0.01593,0.99481,0.62858,-0.33294,-0.62625,-0.31914,50.28,52.84,0.0345,0.0738
20:49:07.193,6676.0371,333633,0.875,0.733,17.633,6.472,0.1321,-0.0247,0.9199,0.03211,-0.10112,0.00426,1.0027,-0.0193,0.0002,-0.05955,0.00453,-0.02998,0.05533,0.08313,-0.01588,0.99487,0.62923,-0.33263,-0.6256,-0.31946,50.28,52.84,0.0272,0.0778
20:49:07.254,6676.0571,333634,0.946,0.725,17.628,6.47,0.1423,-0.0239,0.9192,0.0417,-0.18159,0.01772,1.0051,-0.0164,0.0027,-0.05942,-0.0401,-0.0489,0.05515,0.08323,-0.01583,0.99488,0.62934,-0.33207,-0.6255,-0.32002,50.28,52.84,0.0278,0.0761
20:49:07.255,6676.0771,333635,0.965,0.651,17.622,6.468,0.177,-0.022,0.9177,0.07581,-0.24501,0.15428,1.0161,-0.011,-0.0183,-0.05836,-0.06435,-0.06169,0.05359,0.0851,-0.01557,0.99481,0.62804,-0.33213,-0.62681,-0.31996,50.28,52.85,0.0312,0.0678
20:49:07.257,6676.0971,333636,1.0,0.523,17.617,6.466,0.2068,0.0171,0.9229,0.07634,-0.17853,0.15175,1.0161,-0.0129,-0.0122,-0.05756,0.01719,-0.02864,0.05211,0.08634,-0.01474,0.99479,0.62733,-0.33205,-0.62752,-0.32004,50.29,52.86,0.0395,0.0678
20:49:07.268,6676.1171,333637,1.029,0.571,17.612,6.464,0.1433,-0.0251,0.9294,0.01319,-0.09459,0.21703,1.0085,-0.0195,-0.0061,-0.05596,0.07061,-0.00107,0.04998,0.08539,-0.01517,0.99498,0.62853,-0.33258,-0.62632,-0.31947,50.29,52.84,0.0355,0.0735
20:49:07.299,6676.1371,333638,1.003,0.579,17.606,6.462,0.1152,-0.0259,0.9272,0.02398,-0.18985,0.25181,1.0071,-0.0168,-0.0066,-0.05369,0.04836,-0.01439,0.04748,0.08546,-0.01545,0.99509,0.628,-0.33205,-0.62688,-0.31996,50.27,52.84,0.031,0.0746
20:49:07.313,6676.1572,333639,1.479,0.566,17.601,6.46,0.1213,-0.0442,0.9214,0.04423,-0.46991,0.20638,1.0085,-0.0161,-0.0056,-0.05303,0.01852,-0.02705,0.04536,0.08847,-0.01584,0.99492,0.62873,-0.33168,-0.6262,-0.32025,50.28,52.85,0.0278,0.0735
20:49:07.329,6676.1771,333640,1.784,0.541,17.596,6.459,0.1331,-0.0378,0.9441,0.04263,-0.61526,-0.26287,1.0051,-0.0156,-0.0098,-0.05955,-0.02811,-0.0433,0.04787,0.09261,-0.01594,0.99442,0.62771,-0.332,-0.62721,-0.31995,50.29,52.85,0.0456,0.076
20:49:07.372,6676.1971,333641,2.665,0.364,17.591,6.457,0.1685,0.0083,0.9277,0.05049,-0.84175,-0.41115,1.0068,-0.0134,-0.0032,-0.06129,-0.01679,-0.03904,0.05192,0.09977,-0.0149,0.99354,0.62793,-0.33138,-0.62698,-0.3206,50.27,52.84,0.0372,0.0748
20:49:07.373,6676.2171,333642,3.718,0.23,17.587,6.455,0.1758,-0.0081,0.9287,0.01892,-1.131,-0.16934,1.0076,-0.0105,-0.0071,-0.05849,0.02705,-0.02065,0.05354,0.10928,-0.0148,0.99246,0.62732,-0.33067,-0.62759,-0.32133,50.29,52.84,0.0389,0.0742
20:49:07.388,6676.2371,333643,5.18,0.22,17.583,6.453,0.1912,-0.0122,0.9399,-0.07408,-1.44729,-0.08087,1.0933,0.001,-0.0791,-0.05756,0.07741,-0.00013,0.05431,0.12153,-0.0161,0.99097,0.62761,-0.33067,-0.6273,-0.32132,50.27,52.85,0.0494,0.02
20:49:07.418,6676.2571,333644,7.567,0.322,17.579,6.451,0.2065,-0.0544,0.9634,-0.06808,-2.03524,0.00493,0.9995,-0.0176,0.0122,-0.05036,0.14989,0.03584,0.05398,0.13951,-0.01899,0.98857,0.6295,-0.33042,-0.62546,-0.32147,50.28,52.83,0.0701,0.0798
20:49:07.433,6676.2771,333645,10.606,0.411,17.577,6.449,0.3303,-0.0442,0.9045,-0.17067,-2.54099,-0.02625,0.9919,-0.0281,0.0154,-0.05929,0.03904,-0.02851,0.05406,0.16434,-0.02255,0.98466,0.63047,-0.33052,-0.62449,-0.32138,50.29,52.85,0.053,0.0743
20:49:07.448,6676.2971,333646,12.849,0.549,17.576,6.447,0.4363,-0.0637,0.9124,-0.20957,-2.09373,0.05103,1.0159,-0.0161,-0.0166,-0.07221,-0.05636,-0.05343,0.05347,0.18491,-0.02647,0.98094,0.6293,-0.33099,-0.62557,-0.32108,50.28,52.85,0.07,0.0679
20:49:07.478,6676.3171,333647,14.168,0.55,17.575,6.445,0.3892,-0.0479,0.9353,0.05143,-1.13673,0.17813,1.0056,-0.0188,-0.0007,-0.06448,-0.00133,-0.03024,0.0513,0.19587,-0.0279,0.97889,0.62988,-0.33179,-0.62494,-0.32034,50.28,52.84,0.0694,0.0757
20:49:07.493,6676.3371,333648,15.097,-0.047,17.574,6.443,0.3972,-0.0247,0.8936,0.41795,-0.95434,0.08114,1.0129,-0.0181,-0.0059,-0.06142,0.00706,-0.02771,0.04964,0.20534,-0.02421,0.97713,0.62922,-0.33218,-0.62557,-0.32,50.27,52.84,0.0637,0.0702
20:49:07.508,6676.3571,333649,16.583,-0.893,17.574,6.44,0.4377,0.0125,0.8728,0.56064,-1.47354,-0.00813,1.0063,-0.0178,-0.009,-0.05929,0.00986,-0.02678,0.04848,0.21982,-0.01891,0.97415,0.62853,-0.33254,-0.62625,-0.31966,50.27,52.84,0.0624,0.0751
20:49:07.538,6676.3771,333650,18.939,-1.872,17.574,6.438,0.5002,0.0171,0.8599,0.59834,-2.0487,-0.23848,1.0134,-0.0115,-0.0037,-0.05836,0.01199,-0.02585,0.04933,0.2403,-0.01323,0.96935,0.62836,-0.33161,-0.62643,-0.3206,50.27,52.84,0.0762,0.0699
20:49:07.553,6676.3971,333651,21.666,-2.828,17.575,6.435,0.5295,0.0068,0.7693,0.61859,-2.37711,-0.32109,1.0061,-0.0149,-0.0034,-0.05942,0.00999,-0.02611,0.05076,0.26314,-0.00774,0.96339,0.62894,-0.33115,-0.62586,-0.32107,50.27,52.83,0.0305,0.0753
20:49:07.597,6676.4171,333652,23.939,-3.626,17.577,6.432,0.5137,0.0332,0.7708,0.49828,-2.19392,-0.22116,1.01,-0.0159,-0.0083,-0.05849,0.00973,-0.02598,0.05156,0.28386,-0.00344,0.95747,0.62834,-0.33161,-0.62644,-0.32061,50.27,52.83,0.0252,0.0724
20:49:07.598,6676.4371,333653,25.889,-4.062,17.58,6.428,0.5955,0.0408,0.7473,0.29457,-1.72987,-0.33961,1.0039,-0.02,-0.0042,-0.05862,0.00799,-0.02611,0.05405,0.30027,-0.00056,0.95232,0.62892,-0.33251,-0.62586,-0.3197,50.27,52.84,0.0473,0.0769
20:49:07.613,6676.4571,333654,27.062,-4.62,17.583,6.425,0.6008,0.0518,0.7915,0.34307,-1.15352,-0.35146,1.0046,-0.0186,-0.0061,-0.05929,0.00626,-0.02745,0.05662,0.3115,0.00355,0.94855,0.6283,-0.33306,-0.62646,-0.31917,50.29,52.84,0.0763,0.0764
20:49:07.628,6676.4771,333655,28.07,-5.208,17.586,6.421,0.6663,0.0828,0.8093,0.32389,-0.93275,-0.35106,1.0103,-0.0164,-0.0061,-0.05836,0.00786,-0.02758,0.05917,0.32,0.00741,0.94554,0.62808,-0.3321,-0.62669,-0.32013,50.29,52.84,0.0413,0.0722
20:49:07.659,6676.4971,333656,28.851,-5.876,17.59,6.417,0.5835,0.0811,0.8059,0.35786,-1.00963,-0.31922,1.0115,-0.0139,-0.0085,-0.06009,0.00959,-0.02678,0.06163,0.32781,0.01224,0.94265,0.62727,-0.3319,-0.62749,-0.32036,50.27,52.84,0.0787,0.0713
20:49:07.673,6676.5172,333657,30.638,-6.568,17.594,6.413,0.6829,0.0435,0.7063,0.44806,-1.47793,-0.37971,1.0076,-0.0139,-0.0056,-0.05902,0.01212,-0.02718,0.06391,0.342,0.01646,0.93738,0.62784,-0.3314,-0.62692,-0.32086,50.28,52.84,0.0676,0.0742
20:49:07.717,6676.5371,333658,31.958,-7.141,17.599,6.409,0.6445,0.0776,0.6687,0.44926,-1.24158,-0.30497,1.009,-0.0164,-0.0059,-0.05875,0.01039,-0.02665,0.06552,0.35319,0.02083,0.93302,0.62825,-0.33234,-0.62651,-0.31992,50.29,52.84,0.029,0.0731
20:49:07.718,6676.5571,333659,32.611,-7.608,17.604,6.404,0.6055,0.0891,0.7756,0.2602,-0.88745,-0.26753,1.0068,-0.0139,-0.0071,-0.05836,0.01053,-0.02571,0.06748,0.35939,0.02364,0.93044,0.62749,-0.33169,-0.62727,-0.32058,50.29,52.86,0.071,0.0748
20:49:07.733,6676.5771,333660,33.709,-8.285,17.609,6.399,0.7109,0.1101,0.719,0.3508,-0.97059,-0.21011,1.0115,-0.012,-0.0063,-0.05929,0.00679,-0.02745,0.06855,0.36851,0.0272,0.92669,0.6273,-0.33076,-0.62747,-0.32153,50.28,52.84,0.0672,0.0713
20:49:07.762,6676.5971,333661,34.566,-8.492,17.614,6.395,0.6875,0.0938,0.7354,0.30377,-0.80818,-0.11431,1.0059,-0.0195,-0.0034,-0.05849,0.01026,-0.02611,0.06828,0.37506,0.02844,0.92404,0.62802,-0.33144,-0.62674,-0.32083,50.28,52.84,0.0717,0.0754
20:49:07.764,6676.6171,333662,35.261,-8.892,17.62,6.39,0.7156,0.104,0.7534,0.26233,-0.89918,-0.02252,1.01,-0.0112,-0.0088,-0.05809,0.01212,-0.02638,0.06772,0.38183,0.02982,0.92127,0.62723,-0.33124,-0.62753,-0.32104,50.27,52.84,0.0468,0.0724
20:49:07.793,6676.6371,333663,36.332,-9.333,17.626,6.385,0.7744,0.1201,0.6409,0.29058,-1.03854,-0.01852,1.009,-0.0132,-0.0078,-0.05875,0.01119,-0.02571,0.06715,0.39156,0.03185,0.91715,0.62685,-0.33195,-0.6279,-0.32033,50.28,52.83,0.0707,0.0732
20:49:07.822,6676.6571,333664,37.141,-9.538,17.632,6.38,0.7324,0.1013,0.6829,0.18479,-0.62046,-0.04237,1.0115,-0.0183,-0.0024,-0.05796,0.01199,-0.02505,0.06678,0.39729,0.03258,0.91468,0.62762,-0.33202,-0.62713,-0.32026,50.27,52.85,0.0751,0.0712
20:49:07.824,6676.6771,333665,37.738,-9.799,17.638,6.375,0.7378,0.1255,0.7097,0.13163,-0.61713,-0.05582,1.0076,-0.0156,-0.0049,-0.05836,0.01226,-0.02611,0.06738,0.40126,0.03416,0.91284,0.62834,-0.33179,-0.62642,-0.32047,50.27,52.85,0.0565,0.0742
20:49:07.853,6676.6971,333666,38.824,-10.097,17.645,6.369,0.7551,0.1086,0.6589,0.259,-0.93568,-0.05156,1.0115,-0.02,-0.0049,-0.05822,0.01212,-0.02598,0.067,0.40994,0.03566,0.90895,0.62882,-0.33267,-0.62592,-0.31959,50.29,52.84,0.074,0.0712
20:49:07.867,6676.7171,333667,40.021,-10.566,17.652,6.364,0.8359,0.1526,0.6467,0.21197,-1.04786,-0.01705,1.011,-0.0168,-0.0015,-0.05915,0.01266,-0.02545,0.06678,0.41893,0.03697,0.90481,0.62928,-0.33205,-0.62548,-0.32019,50.28,52.84,0.0291,0.0716
20:49:07.899,6676.7371,333668,40.757,-10.848,17.66,6.358,0.8228,0.1367,0.6807,0.11684,-0.83709,-0.05915,1.0098,-0.0149,-0.0076,-0.05822,0.01239,-0.02558,0.06722,0.4258,0.03767,0.90153,0.6285,-0.33203,-0.62626,-0.32023,50.28,52.84,0.0226,0.0725
20:49:07.913,6676.7572,333669,41.193,-10.932,17.667,6.353,0.7905,0.1331,0.6946,0.05915,-0.6507,-0.17453,1.0129,-0.0166,-0.0078,-0.05875,0.01146,-0.02571,0.06893,0.43009,0.03842,0.89933,0.62788,-0.33238,-0.62686,-0.31988,50.29,52.84,0.0345,0.0702
20:49:07.943,6676.7771,333670,41.467,-10.998,17.675,6.347,0.7476,0.1257,0.6584,0.15002,-0.52546,-0.20451,1.0051,-0.0168,-0.0071,-0.05942,0.01212,-0.02598,0.07046,0.43267,0.04009,0.8979,0.62787,-0.33335,-0.62686,-0.31891,50.28,52.84,0.0769,0.0761
20:49:07.944,6676.7971,333671,41.986,-11.52,17.682,6.342,0.7571,0.1372,0.6182,0.24581,-0.58981,0.00653,1.0093,-0.0178,-0.0056,-0.05836,0.01279,-0.02545,0.07012,0.4363,0.04259,0.89606,0.62835,-0.33276,-0.62639,-0.3195,50.29,52.84,0.0703,0.0729
20:49:07.973,6676.8171,333672,42.853,-12.103,17.69,6.336,0.8184,0.1448,0.5955,0.22636,-0.78007,0.2233,1.0112,-0.012,-0.0042,-0.05822,0.01199,-0.02638,0.06751,0.44335,0.04308,0.89276,0.62821,-0.33181,-0.62655,-0.32046,50.29,52.85,0.0632,0.0715
20:49:07.988,6676.8371,333673,43.726,-12.225,17.699,6.33,0.9036,0.179,0.5674,0.07954,-0.92316,0.18626,1.01,-0.0178,-0.0078,-0.05769,0.01159,-0.02558,0.06599,0.45094,0.04231,0.88911,0.62794,-0.33259,-0.62681,-0.31967,50.29,52.84,0.02,0.0724
20:49:08.018,6676.8571,333674,44.955,-12.393,17.707,6.324,0.9033,0.1289,0.6201,0.02558,-1.06199,0.02078,1.0083,-0.0171,-0.0037,-0.05915,0.01039,-0.02545,0.06614,0.45961,0.0415,0.88468,0.62858,-0.33226,-0.62617,-0.32,50.29,52.83,0.02,0.0737
20:49:08.034,6676.8771,333675,46.047,-12.897,17.716,6.318,0.8574,0.1348,0.5938,0.14416,-1.07531,-0.1688,1.0098,-0.0134,-0.0056,-0.05836,0.01132,-0.02518,0.06732,0.46864,0.04246,0.8798,0.62798,-0.33145,-0.62678,-0.32083,50.27,52.84,0.0413,0.0726
20:49:08.064,6676.8971,333676,46.77,-13.144,17.726,6.312,0.8298,0.1292,0.594,0.16987,-0.93235,-0.18572,1.0095,-0.0149,-0.0073,-0.05862,0.01239,-0.02531,0.06851,0.47511,0.04372,0.87617,0.62747,-0.332,-0.62728,-0.32028,50.28,52.86,0.0585,0.0728
20:49:08.065,6676.9171,333677,47.591,-13.481,17.735,6.305,0.8569,0.1558,0.6333,0.1295,-0.7858,-0.00493,1.01,-0.0146,-0.0056,-0.05862,0.01212,-0.02558,0.06841,0.48074,0.04426,0.87307,0.62804,-0.33154,-0.62672,-0.32074,50.28,52.84,0.0224,0.0724
20:49:08.093,6676.9371,333678,48.072,-13.772,17.745,6.299,0.8884,0.1648,0.6309,0.17067,-0.67841,0.01559,1.0105,-0.0151,-0.0078,-0.05929,0.01159,-0.02545,0.06789,0.48547,0.04515,0.87044,0.62748,-0.33201,-0.62727,-0.32027,50.28,52.84,0.02,0.072
20:49:08.108,6676.9571,333679,48.533,-14.411,17.754,6.292,0.8835,0.1677,0.5593,0.23808,-0.51894,-0.12324,1.0076,-0.0134,-0.0061,-0.05875,0.01146,-0.02585,0.06846,0.48883,0.04793,0.86837,0.62768,-0.33115,-0.62708,-0.32113,50.27,52.84,0.0357,0.0742
20:49:08.138,6676.9771,333680,48.683,-14.5,17.764,6.286,0.855,0.1411,0.5286,0.24301,-0.26606,-0.13789,1.0068,-0.0159,-0.0059,-0.05849,0.01252,-0.02491,0.06809,0.48993,0.04932,0.8677,0.62814,-0.3321,-0.62661,-0.32017,50.28,52.83,0.0687,0.0748
20:49:08.153,6676.9971,333681,48.924,-15.034,17.774,6.279,0.8982,0.1626,0.478,0.22703,-0.20091,-0.01292,1.01,-0.0149,-0.0044,-0.05875,0.01159,-0.02531,0.06724,0.49153,0.05119,0.86675,0.62847,-0.33136,-0.62629,-0.32091,50.27,52.85,0.0572,0.0724
20:49:08.182,6677.0171,333682,49.022,-14.913,17.784,6.272,0.9094,0.1616,0.5266,0.04676,-0.15721,0.1696,1.01,-0.021,-0.0056,-0.05889,0.00986,-0.02625,0.06563,0.4924,0.0505,0.86642,0.62869,-0.33233,-0.62606,-0.31994,50.28,52.85,0.0326,0.0723
20:49:08.183,6677.0371,333683,48.993,-14.789,17.794,6.266,0.9382,0.168,0.5557,-0.05169,-0.15495,0.20411,1.0125,-0.0173,-0.0066,-0.05942,0.01066,-0.02638,0.06425,0.49304,0.04885,0.86625,0.62801,-0.3326,-0.62672,-0.31969,50.27,52.85,0.02,0.0705
20:49:08.213,6677.0571,333684,48.845,-14.619,17.804,6.259,0.9014,0.1406,0.5867,-0.02025,-0.09406,0.12311,1.0151,-0.0183,-0.0103,-0.05822,0.01266,-0.02518,0.06337,0.49263,0.04777,0.86662,0.6275,-0.33309,-0.62722,-0.31921,50.28,52.86,0.02,0.0685
20:49:08.228,6677.0771,333685,48.722,-14.807,17.814,6.252,0.8835,0.1465,0.5703,0.04343,-0.09872,-0.06035,1.0076,-0.0146,-0.0088,-0.05822,0.01319,-0.02571,0.0638,0.49201,0.04817,0.86691,0.62701,-0.33217,-0.62772,-0.32014,50.28,52.85,0.0337,0.0742
20:49:08.258,6677.0971,333686,48.822,-15.089,17.823,6.246,0.8655,0.1348,0.5188,0.13923,-0.16414,0.00107,1.01,-0.0125,-0.0078,-0.05729,0.01372,-0.02465,0.06262,0.49274,0.04804,0.86659,0.62696,-0.33123,-0.62778,-0.32109,50.27,52.85,0.0665,0.0724
20:49:08.274,6677.1171,333687,49.093,-15.183,17.833,6.239,0.8691,0.1416,0.5386,0.10299,-0.33081,0.11818,1.0093,-0.0154,-0.0005,-0.05862,0.01306,-0.02545,0.06117,0.49403,0.04765,0.86598,0.62772,-0.33117,-0.62703,-0.32114,50.27,52.85,0.0558,0.0729
20:49:08.302,6677.1371,333688,49.737,-15.311,17.843,6.232,0.9324,0.1707,0.5281,0.09859,-0.58249,0.14069,1.0063,-0.0183,-0.0034,-0.05836,0.01186,-0.02518,0.05989,0.4984,0.04749,0.86357,0.62849,-0.33177,-0.62625,-0.32052,50.27,52.85,0.02,0.0751
20:49:08.305,6677.1571,333689,50.26,-15.327,17.854,6.225,0.9402,0.1689,0.5547,0.05316,-0.52733,0.02904,1.0103,-0.0164,-0.0044,-0.05849,0.01199,-0.02505,0.0599,0.50183,0.04768,0.86157,0.62916,-0.33249,-0.62558,-0.31979,50.28,52.87,0.02,0.0722
20:49:08.333,6677.1771,333690,50.393,-15.569,17.864,6.218,0.9084,0.1531,0.519,0.03184,-0.31989,-0.07834,1.0085,-0.0139,-0.0073,-0.05809,0.01226,-0.02598,0.06097,0.50372,0.04862,0.86034,0.62835,-0.33212,-0.62638,-0.32017,50.27,52.86,0.037,0.0735
20:49:08.348,6677.1971,333691,50.342,-15.657,17.874,6.211,0.8726,0.1396,0.5383,0.0032,-0.11538,-0.03171,1.0076,-0.0137,-0.0039,-0.05849,0.01279,-0.02558,0.06133,0.50299,0.04844,0.86075,0.62838,-0.33118,-0.62637,-0.32112,50.28,52.86,0.0539,0.0742
20:49:08.422,6677.2171,333692,50.459,-15.743,17.885,6.204,0.9248,0.1772,0.5271,0.0874,-0.31176,-0.02944,1.0078,-0.0159,-0.0071,-0.05889,0.01306,-0.02611,0.06159,0.50467,0.04939,0.8597,0.62796,-0.33186,-0.62678,-0.32044,50.28,52.84,0.0207,0.074
20:49:08.424,6677.2371,333693,50.768,-15.898,17.895,6.197,0.959,0.1812,0.4932,0.13656,-0.42967,-0.0429,1.0107,-0.0156,-0.0063,-0.05796,0.01292,-0.02505,0.06161,0.50763,0.05054,0.85788,0.62778,-0.3327,-0.62695,-0.3196,50.29,52.85,0.02,0.0719
20:49:08.427,6677.2571,333694,51.157,-16.069,17.905,6.19,0.9314,0.1619,0.5144,0.0429,-0.34014,-0.10925,1.0125,-0.0171,-0.0059,-0.05862,0.01199,-0.02531,0.06267,0.50975,0.05133,0.8565,0.62839,-0.33234,-0.62634,-0.31996,50.29,52.85,0.0228,0.0705
20:49:08.428,6677.2771,333695,51.409,-15.986,17.916,6.183,0.9294,0.1619,0.5129,-0.01399,-0.45951,-0.14629,1.0088,-0.0176,-0.0078,-0.05822,0.01186,-0.02531,0.06428,0.51227,0.05144,0.85487,0.62783,-0.33284,-0.62689,-0.31946,50.27,52.84,0.0246,0.0733
20:49:08.454,6677.2971,333696,51.946,-16.418,17.927,6.176,0.9241,0.1655,0.4485,0.06035,-0.54492,-0.16241,1.01,-0.0117,-0.0068,-0.05796,0.01279,-0.02531,0.06572,0.5165,0.05243,0.85215,0.6275,-0.33189,-0.62724,-0.32042,50.27,52.86,0.0497,0.0724
20:49:08.468,6677.3171,333697,52.257,-16.166,17.938,6.169,0.9265,0.1785,0.5059,-0.04143,-0.39956,-0.11578,1.0105,-0.0173,-0.0076,-0.05782,0.01199,-0.02505,0.06737,0.51848,0.05252,0.85081,0.62782,-0.33283,-0.6269,-0.31947,50.28,52.84,0.027,0.072
20:49:08.498,6677.3371,333698,52.535,-16.122,17.949,6.162,0.9373,0.1633,0.5132,-0.0401,-0.28658,-0.01266,1.0117,-0.0168,-0.001,-0.05836,0.01172,-0.02638,0.06789,0.51962,0.05185,0.85011,0.62842,-0.33243,-0.62631,-0.31986,50.28,52.86,0.02,0.0711
20:49:08.542,6677.3571,333699,52.491,-15.884,17.959,6.155,0.8879,0.1472,0.5603,0.00866,-0.15921,-0.0056,1.0095,-0.0178,-0.0059,-0.05849,0.01279,-0.02598,0.06804,0.51953,0.05164,0.85017,0.62836,-0.33334,-0.62636,-0.31894,50.28,52.87,0.0349,0.0727
20:49:08.545,6677.3771,333700,52.702,-16.38,17.97,6.148,0.9329,0.176,0.4749,0.12537,-0.33215,-0.02851,1.0122,-0.0159,-0.0073,-0.05782,0.01306,-0.02545,0.06806,0.52174,0.05287,0.84874,0.62783,-0.33251,-0.6269,-0.31979,50.29,52.85,0.0339,0.0707
20:49:08.547,6677.3971,333701,52.85,-16.74,17.981,6.141,0.9207,0.1602,0.4531,0.11804,-0.28498,-0.05303,1.0112,-0.0125,-0.01,-0.05809,0.01319,-0.02545,0.06791,0.52383,0.05361,0.84742,0.62705,-0.33208,-0.62767,-0.32023,50.28,52.85,0.0511,0.0715
20:49:08.573,6677.4171,333702,53.18,-16.658,17.992,6.134,0.9241,0.1785,0.4573,0.00213,-0.26287,-0.06808,1.0063,-0.0171,-0.0073,-0.05836,0.01239,-0.02571,0.06893,0.52544,0.05417,0.8463,0.62784,-0.33265,-0.62689,-0.31965,50.27,52.85,0.0452,0.0751
20:49:08.589,6677.4371,333703,53.448,-16.806,18.004,6.126,0.9429,0.1926,0.4961,-0.03144,-0.33561,-0.07301,1.0073,-0.0144,-0.0056,-0.05862,0.01252,-0.02585,0.07011,0.52698,0.05412,0.84525,0.62794,-0.33173,-0.6268,-0.32057,50.29,52.85,0.02,0.0744
20:49:08.619,6677.4571,333704,53.648,-16.733,18.015,6.119,0.9211,0.1843,0.5215,-0.01212,-0.41661,-0.03704,1.0107,-0.0156,-0.01,-0.05862,0.01239,-0.02478,0.07085,0.52915,0.05385,0.84385,0.62736,-0.33217,-0.62737,-0.32014,50.29,52.85,0.0242,0.0718
20:49:08.662,6677.4773,333705,54.12,-16.918,18.026,6.112,0.8997,0.145,0.5308,0.10832,-0.4835,0.00053,1.0071,-0.0173,-0.0037,-0.05849,0.01266,-0.02451,0.07056,0.53185,0.05416,0.84215,0.62815,-0.33215,-0.62659,-0.32015,50.3,52.85,0.039,0.0746
20:49:08.664,6677.4971,333706,54.789,-17.646,18.038,6.105,0.9312,0.1753,0.4158,0.31829,-0.5705,-0.06955,1.0107,-0.0181,-0.002,-0.05915,0.01266,-0.02531,0.06983,0.53647,0.05679,0.8391,0.6289,-0.33211,-0.62584,-0.32017,50.29,52.86,0.0539,0.0719
20:49:08.678,6677.5171,333707,55.154,-18.29,18.049,6.097,0.9575,0.1768,0.4189,0.21823,-0.52253,-0.01479,1.011,-0.0107,-0.0093,-0.05849,0.01199,-0.02531,0.06909,0.54043,0.0582,0.83652,0.62811,-0.33178,-0.62663,-0.32052,50.29,52.84,0.035,0.0717
20:49:08.694,6677.5371,333708,55.629,-18.347,18.061,6.089,0.9917,0.1873,0.4189,0.10485,-0.48949,0.10992,1.0066,-0.0159,-0.0056,-0.05836,0.01159,-0.02545,0.06794,0.54391,0.05806,0.83437,0.62849,-0.33276,-0.62624,-0.31953,50.27,52.85,0.02,0.0749
20:49:08.707,6677.5571,333709,56.003,-18.589,18.073,6.081,0.9932,0.1824,0.4622,0.03211,-0.40449,0.0806,1.0056,-0.0146,-0.0007,-0.05849,0.01226,-0.02545,0.06737,0.54612,0.05741,0.83301,0.62888,-0.33202,-0.62586,-0.32026,50.27,52.85,0.02,0.0757
20:49:08.738,6677.5771,333710,56.116,-18.547,18.085,6.074,0.9927,0.1787,0.4678,0.0389,-0.32189,0.00187,1.0146,-0.0171,-0.0042,-0.05796,0.01332,-0.02571,0.06739,0.5476,0.05733,0.83205,0.62843,-0.3326,-0.6263,-0.31969,50.29,52.84,0.02,0.0689
20:49:08.767,6677.5971,333711,56.275,-18.701,18.097,6.066,0.9595,0.1582,0.4519,0.06941,-0.19705,-0.10658,1.0059,-0.0176,-0.0049,-0.05796,0.01399,-0.02531,0.06799,0.54796,0.05806,0.83171,0.62907,-0.33217,-0.62567,-0.32011,50.28,52.83,0.0258,0.0755
20:49:08.769,6677.6171,333712,56.142,-18.805,18.109,6.058,0.9739,0.1758,0.4316,0.07288,-0.14229,-0.09246,1.0051,-0.0161,-0.0063,-0.05809,0.01386,-0.02545,0.06841,0.54797,0.05876,0.83163,0.62827,-0.33219,-0.62647,-0.3201,50.27,52.84,0.0203,0.0761
20:49:08.798,6677.6371,333713,56.095,-18.943,18.121,6.05,0.9609,0.1721,0.4377,0.06355,-0.22663,-0.14895,1.0076,-0.0149,-0.0078,-0.05836,0.01346,-0.02505,0.06941,0.54852,0.05964,0.83111,0.62746,-0.33207,-0.62727,-0.32024,50.28,52.85,0.0276,0.0742
20:49:08.812,6677.6571,333714,56.413,-19.243,18.133,6.042,0.9563,0.1838,0.4326,0.08687,-0.37078,-0.08727,1.0098,-0.0139,-0.0046,-0.05809,0.01226,-0.02505,0.06996,0.55024,0.06042,0.82987,0.62795,-0.33149,-0.62679,-0.32081,50.28,52.84,0.0308,0.0726
20:49:08.829,6677.6771,333715,56.616,-19.168,18.145,6.034,0.9905,0.2004,0.4404,0.04277,-0.37851,0.03544,1.0076,-0.0154,-0.0066,-0.05796,0.01279,-0.02531,0.06983,0.55219,0.0603,0.82859,0.62772,-0.33233,-0.62701,-0.31997,50.28,52.85,0.02,0.0742
20:49:08.858,6677.6971,333716,56.661,-19.004,18.157,6.027,0.9739,0.2,0.458,0.01545,-0.23875,0.03611,1.0129,-0.0176,-0.0088,-0.05849,0.01239,-0.02545,0.06972,0.55297,0.06,0.82811,0.62744,-0.33309,-0.62727,-0.31922,50.27,52.83,0.02,0.0702
20:49:08.904,6677.7171,333717,56.759,-19.177,18.169,6.019,0.9724,0.1907,0.4233,0.05889,-0.15002,0.00346,1.0044,-0.0159,-0.0029,-0.05915,0.01239,-0.02518,0.06957,0.55299,0.06028,0.82809,0.62802,-0.33255,-0.62671,-0.31975,50.29,52.83,0.0218,0.0766
20:49:08.905,6677.7371,333718,56.856,-19.404,18.182,6.011,0.9937,0.2012,0.4146,0.05476,-0.11591,-0.04343,1.0066,-0.0151,-0.002,-0.05809,0.01252,-0.02505,0.06997,0.55305,0.0611,0.82795,0.62853,-0.33195,-0.62621,-0.32034,50.29,52.84,0.02,0.075
20:49:08.918,6677.7571,333719,56.936,-19.31,18.194,6.003,0.9897,0.1934,0.3894,0.05156,-0.20904,-0.0421,1.0076,-0.0173,-0.0056,-0.05849,0.01226,-0.02531,0.07022,0.55404,0.06154,0.82723,0.62834,-0.33282,-0.62639,-0.31947,50.29,52.84,0.02,0.0742
20:49:08.933,6677.7771,333720,56.906,-19.385,18.206,5.995,1.0188,0.2068,0.4146,-0.01852,-0.16907,0.05662,1.0078,-0.0156,-0.0085,-0.05809,0.01319,-0.02491,0.07011,0.55468,0.06102,0.82685,0.62753,-0.3325,-0.6272,-0.31981,50.28,52.84,0.02,0.074
20:49:08.948,6677.7971,333721,56.854,-19.159,18.218,5.987,1.011,0.1846,0.4045,-0.07687,0.06835,0.07554,1.012,-0.0166,-0.0037,-0.05836,0.01266,-0.02518,0.06981,0.55333,0.05974,0.82788,0.62818,-0.33221,-0.62656,-0.32009,50.27,52.84,0.02,0.0709
20:49:08.978,6677.8171,333722,56.307,-18.494,18.23,5.979,0.9778,0.1804,0.4312,-0.18732,0.27885,0.05556,1.0081,-0.0166,-0.0083,-0.05809,0.01239,-0.02598,0.07025,0.54971,0.05786,0.83038,0.62755,-0.33261,-0.62718,-0.3197,50.29,52.85,0.02,0.0738
20:49:09.007,6677.8371,333723,55.929,-18.166,18.242,5.972,0.9788,0.2039,0.4583,-0.20185,0.20558,-0.05862,1.0107,-0.0154,-0.0078,-0.05822,0.01372,-0.02531,0.0719,0.54659,0.05665,0.83238,0.62727,-0.33165,-0.62746,-0.32066,50.29,52.85,0.02,0.0719
20:49:09.008,6677.8571,333724,55.723,-17.702,18.253,5.964,0.8916,0.1594,0.4746,-0.11298,0.11098,-0.20504,1.0063,-0.0164,-0.0032,-0.05796,0.01319,-0.02505,0.07422,0.54372,0.05664,0.83406,0.62808,-0.33171,-0.62666,-0.32059,50.28,52.84,0.0631,0.0752
20:49:09.038,6677.8771,333725,55.266,-17.512,18.265,5.957,0.9221,0.1953,0.415,-0.08314,0.16774,-0.0862,1.0056,-0.0139,-0.0081,-0.05742,0.01399,-0.02451,0.07601,0.54105,0.05741,0.83558,0.6273,-0.33179,-0.62744,-0.32053,50.29,52.85,0.0576,0.0757
20:49:09.053,6677.8971,333726,54.314,-17.071,18.276,5.95,0.99,0.2136,0.3486,-0.21184,0.79193,0.28165,1.0076,-0.0132,-0.0073,-0.05809,0.01319,-0.02531,0.07445,0.53377,0.05473,0.84056,0.62711,-0.3308,-0.62764,-0.32152,50.28,52.85,0.0267,0.0742
20:49:09.068,6677.9171,333727,52.177,-15.474,18.287,5.943,0.9753,0.168,0.3877,-0.55091,1.81541,0.87466,1.012,-0.0115,-0.0083,-0.05836,0.01319,-0.02585,0.06905,0.51807,0.04666,0.85127,0.62649,-0.33116,-0.62825,-0.32117,50.28,52.84,0.0328,0.0709
20:49:09.098,6677.9371,333728,49.696,-12.962,18.297,5.937,0.9756,0.1333,0.5857,-0.99644,2.3061,1.21587,1.0063,-0.0154,-0.0061,-0.05889,0.01319,-0.02451,0.06283,0.4972,0.03334,0.86471,0.62731,-0.33159,-0.62743,-0.32072,50.29,52.85,0.02,0.0752
20:49:09.127,6677.9571,333729,47.329,-10.765,18.306,5.932,0.9482,0.0698,0.6243,-0.93062,2.18952,1.2124,1.0112,-0.0173,-0.0037,-0.05902,0.01426,-0.02465,0.05624,0.477,0.02041,0.87686,0.62809,-0.33183,-0.62665,-0.32047,50.29,52.85,0.02,0.0715
20:49:09.130,6677.9771,333730,45.038,-9.154,18.314,5.927,0.874,0.0698,0.5681,-0.75542,2.05656,0.97619,1.0144,-0.0125,-0.0046,-0.05875,0.01839,-0.02265,0.05055,0.45785,0.00942,0.88754,0.62803,-0.33092,-0.62672,-0.3214,50.28,52.86,0.0464,0.0691
20:49:09.158,6677.9971,333731,42.909,-7.573,18.322,5.923,0.8308,0.0669,0.5562,-0.74157,2.10532,0.7874,1.0061,-0.0139,-0.0015,-0.05796,0.02225,-0.02172,0.0469,0.439,0.00035,0.89726,0.62887,-0.33078,-0.62589,-0.32152,50.28,52.84,0.0785,0.0754
20:49:09.173,6678.0171,333732,40.047,-5.668,18.329,5.919,0.7498,0.0669,0.6611,-0.90877,2.35153,0.74556,1.0071,-0.0178,-0.0051,-0.05809,0.02025,-0.02252,0.04459,0.41547,-0.00953,0.90846,0.62881,-0.33169,-0.62593,-0.32061,50.28,52.83,0.0786,0.0745
20:49:09.188,6678.0371,333733,37.613,-3.799,18.335,5.916,0.6294,0.0359,0.6797,-1.03001,2.21484,0.51587,1.0071,-0.0161,-0.0017,-0.05862,0.01745,-0.02305,0.04458,0.39348,-0.02,0.91803,0.62955,-0.33141,-0.6252,-0.32088,50.28,52.85,0.0253,0.0746
20:49:09.219,6678.0571,333734,35.514,-2.061,18.34,5.914,0.5476,-0.0942,0.8052,-1.04,1.62915,0.01679,1.0095,-0.0146,-0.0056,-0.05849,0.01599,-0.02345,0.04885,0.37608,-0.02932,0.92483,0.62883,-0.3315,-0.62592,-0.3208,50.29,52.84,0.0637,0.0728
20:49:09.247,6678.0773,333735,34.092,-0.554,18.345,5.912,0.6155,-0.0798,0.863,-0.86507,1.16311,0.14043,1.0068,-0.0166,-0.0032,-0.05862,0.01865,-0.02332,0.05126,0.3632,-0.03758,0.92954,0.62947,-0.33236,-0.62526,-0.31993,50.28,52.85,0.0327,0.0748
20:49:09.250,6678.0971,333736,32.697,0.047,18.349,5.91,0.6907,-0.0601,0.8022,-0.3476,0.99377,0.49296,1.0056,-0.0173,-0.0054,-0.05875,0.01812,-0.02411,0.04837,0.3521,-0.04246,0.93375,0.62872,-0.3324,-0.626,-0.3199,50.29,52.84,0.0348,0.0757
20:49:09.278,6678.1171,333737,31.257,0.292,18.353,5.908,0.6909,-0.0569,0.7249,-0.0818,1.19415,0.43527,1.0095,-0.0144,-0.0088,-0.05836,0.01452,-0.02478,0.04514,0.3408,-0.04476,0.93799,0.62792,-0.33225,-0.6268,-0.32007,50.28,52.84,0.0777,0.0728
20:49:09.293,6678.1371,333738,29.497,0.862,18.357,5.907,0.616,-0.0872,0.7932,-0.26606,1.4305,0.46245,1.0125,-0.0139,-0.0049,-0.05822,0.01332,-0.02451,0.04221,0.32495,-0.04906,0.94351,0.62807,-0.33141,-0.62667,-0.32092,50.27,52.84,0.0739,0.0705
20:49:09.308,6678.1571,333739,27.88,1.58,18.36,5.905,0.6016,-0.0986,0.8223,-0.38757,1.34484,0.46871,1.0068,-0.0125,-0.0037,-0.05862,0.01226,-0.02425,0.03962,0.30993,-0.05447,0.94837,0.62827,-0.33054,-0.62648,-0.32178,50.28,52.84,0.0623,0.0748
20:49:09.367,6678.1771,333740,26.199,2.207,18.362,5.904,0.5872,-0.0852,0.7996,-0.20518,1.23972,0.40782,1.009,-0.0144,-0.0071,-0.05875,0.01146,-0.02585,0.03677,0.29617,-0.05864,0.95262,0.62785,-0.33121,-0.62689,-0.32112,50.28,52.86,0.0768,0.0732
20:49:09.369,6678.1971,333741,24.726,2.577,18.364,5.903,0.541,-0.1033,0.7742,-0.06195,1.10569,0.29071,1.0083,-0.0149,-0.0076,-0.05902,0.01332,-0.02558,0.03476,0.28438,-0.06065,0.95616,0.62747,-0.33192,-0.62726,-0.32041,50.29,52.85,0.0426,0.0737
20:49:09.372,6678.2171,333742,23.703,2.88,18.366,5.902,0.5349,-0.082,0.7795,-0.11325,0.94088,0.29298,1.0076,-0.0154,-0.0066,-0.05902,0.01439,-0.02491,0.03315,0.27471,-0.06209,0.95895,0.62829,-0.33218,-0.62644,-0.32014,50.28,52.85,0.0417,0.0742
20:49:09.398,6678.2371,333743,22.484,2.898,18.367,5.901,0.5044,-0.0884,0.8352,0.06475,0.9177,0.25087,0.8503,-0.012,0.1343,-0.08727,0.06195,0.03104,0.03142,0.26371,-0.06143,0.96213,0.62885,-0.33246,-0.62568,-0.32021,50.29,52.85,0.0648,0.02
20:49:09.442,6678.2571,333744,21.38,2.691,18.368,5.9,0.4697,-0.0818,0.8665,0.24142,0.83802,0.22569,0.9888,-0.0239,0.0034,-0.11858,0.06235,0.01426,0.02939,0.25335,-0.05905,0.96512,0.62987,-0.33313,-0.62426,-0.32029,50.28,52.85,0.0718,0.0718
20:49:09.444,6678.2771,333745,20.327,2.563,18.369,5.899,0.4475,-0.0984,0.8374,0.18413,0.65177,0.17866,1.0208,-0.0076,-0.0149,-0.07248,0.02851,-0.02318,0.02769,0.24507,-0.05778,0.96739,0.62923,-0.33299,-0.62482,-0.32062,50.29,52.84,0.0459,0.0643
20:49:09.445,6678.2971,333746,19.432,2.462,18.369,5.898,0.4641,-0.0928,0.864,0.16734,0.66362,0.12391,1.0042,-0.0193,0.002,-0.05009,0.03171,-0.01319,0.02673,0.23645,-0.05582,0.96967,0.63015,-0.33272,-0.62395,-0.32078,50.29,52.85,0.0689,0.0767
20:49:09.488,6678.3171,333747,18.261,2.552,18.369,5.897,0.4377,-0.1035,0.8657,0.13376,0.71252,0.16228,1.0071,-0.0222,-0.0071,-0.0449,0.01585,-0.02545,0.02519,0.2274,-0.05554,0.97189,0.62972,-0.33323,-0.62445,-0.32011,50.28,52.85,0.0617,0.0745
20:49:09.502,6678.3371,333748,17.11,2.573,18.369,5.896,0.4153,-0.0872,0.885,0.11831,0.66109,0.19758,1.0146,-0.0244,-0.0159,-0.01119,0.0064,-0.03664,0.02356,0.21864,-0.05445,0.974,0.62929,-0.33338,-0.62518,-0.31937,50.27,52.85,0.0661,0.0687
20:49:09.504,6678.3571,333749,16.307,2.741,18.368,5.895,0.3911,-0.0938,0.8616,0.085,0.613,0.23382,1.0073,-0.0083,0.0298,0.05476,0.01839,-0.03437,0.02152,0.21064,-0.05426,0.97582,0.6302,-0.33203,-0.62503,-0.31929,50.28,52.84,0.0431,0.0742
20:49:09.547,6678.3771,333750,15.394,2.742,18.367,5.894,0.3926,-0.0862,0.8691,0.09593,0.71865,0.19092,1.0002,-0.022,0.0034,-0.03664,0.00626,-0.02318,0.02014,0.20197,-0.05296,0.97775,0.63108,-0.33191,-0.62429,-0.31912,50.28,52.85,0.0482,0.0797
20:49:09.548,6678.3971,333751,14.345,2.675,18.366,5.893,0.3606,-0.0935,0.8767,0.21504,0.79099,0.10592,0.9812,-0.0193,0.0298,-0.05942,0.00959,-0.01852,0.01918,0.19226,-0.05118,0.97982,0.63166,-0.33165,-0.62371,-0.31939,50.29,52.83,0.0444,0.0664
20:49:09.607,6678.4171,333752,13.409,2.344,18.364,5.892,0.3601,-0.0642,0.9033,0.30696,0.71079,-0.01679,0.9902,-0.0154,0.0117,-0.06035,0.01079,-0.00653,0.01945,0.18382,-0.0471,0.98164,0.63215,-0.33115,-0.62321,-0.31989,50.29,52.85,0.0609,0.0728
20:49:09.609,6678.4371,333753,12.548,2.247,18.362,5.891,0.3337,-0.0981,0.8984,0.23435,0.55717,-0.00866,1.0095,-0.0112,0.0042,-0.05796,0.01092,-0.03491,0.01934,0.17649,-0.04556,0.98306,0.63168,-0.33017,-0.62371,-0.32087,50.29,52.84,0.0525,0.0728
20:49:09.612,6678.4571,333754,11.72,2.186,18.36,5.89,0.3301,-0.0808,0.8965,0.1772,0.40969,0.07101,1.0186,-0.0146,-0.0098,-0.05662,0.01013,-0.02771,0.01856,0.17042,-0.04431,0.9842,0.63102,-0.33035,-0.62438,-0.32068,50.28,52.84,0.0491,0.0659
20:49:09.652,6678.4771,333755,11.177,1.96,18.358,5.888,0.3298,-0.051,0.9182,0.19052,0.41062,0.14722,0.9961,-0.0261,0.0125,-0.05822,0.01412,-0.02505,0.01731,0.16522,-0.04158,0.98523,0.63186,-0.33058,-0.62353,-0.32044,50.28,52.83,0.0627,0.0774
20:49:09.653,6678.4971,333756,10.629,1.799,18.356,5.887,0.2864,-0.0198,0.9355,0.16134,0.32775,0.14256,0.9927,-0.0413,0.0125,-0.05702,0.03104,-0.01252,0.01605,0.16015,-0.03933,0.98618,0.63276,-0.33126,-0.62262,-0.31973,50.28,52.85,0.0639,0.0752
20:49:09.669,6678.5171,333757,10.305,1.64,18.353,5.886,0.3196,-0.0322,0.9041,0.083,0.14602,0.05969,1.0034,-0.0171,0.0037,-0.05582,0.02118,-0.02545,0.01566,0.15793,-0.03789,0.9866,0.63206,-0.33053,-0.62335,-0.32043,50.28,52.86,0.0496,0.0773
20:49:09.712,6678.5371,333758,9.899,1.679,18.351,5.885,0.3479,-0.0952,0.8608,0.06235,0.18293,0.08287,1.0095,-0.0229,-0.0071,-0.0489,0.00799,-0.02771,0.01491,0.15544,-0.03785,0.98701,0.63155,-0.33104,-0.62392,-0.31982,50.29,52.85,0.03,0.0727
20:49:09.713,6678.5571,333759,9.317,1.575,18.348,5.883,0.3396,-0.0747,0.8696,0.21837,0.33494,0.18,1.0178,-0.0144,-0.0251,-0.01612,0.01292,-0.01998,0.01303,0.15153,-0.03624,0.9877,0.63106,-0.33101,-0.62468,-0.31933,50.27,52.83,0.0324,0.0663
20:49:09.757,6678.5771,333760,8.604,1.403,18.345,5.882,0.2419,-0.0735,0.8611,0.39197,0.52933,0.22223,1.0132,-0.0103,0.0112,0.05036,0.02998,0.0024,0.01051,0.14474,-0.033,0.98886,0.63194,-0.32972,-0.62452,-0.31924,50.28,52.84,0.02,0.07
20:49:09.758,6678.5971,333761,7.915,0.886,18.342,5.88,0.2139,-0.0439,0.8652,0.6126,0.46271,0.05556,1.0093,-0.0027,0.0181,-0.0064,0.02838,0.05596,0.00934,0.13868,-0.02708,0.98992,0.63273,-0.32905,-0.62407,-0.31925,50.27,52.85,0.02,0.0729
20:49:09.773,6678.6172,333762,7.151,0.167,18.338,5.879,0.2625,-0.019,0.9304,0.63764,0.37478,-0.13443,1.0796,-0.0713,-0.0181,-0.06035,-0.03024,0.07474,0.01014,0.13377,-0.01967,0.99076,0.63279,-0.33009,-0.62398,-0.31822,50.27,52.85,0.0552,0.02
20:49:09.788,6678.6371,333763,6.666,-0.249,18.335,5.877,0.2546,0.0076,0.9143,0.2991,0.22756,-0.06608,0.9792,-0.0037,0.0122,-0.09446,-0.07714,-0.12404,0.01064,0.13046,-0.01598,0.99127,0.63182,-0.32917,-0.62475,-0.31959,50.29,52.85,0.0418,0.0645
20:49:09.849,6678.6571,333764,6.687,-0.401,18.331,5.875,0.2546,-0.04,0.9058,0.23315,-0.03411,0.02758,0.9812,-0.0354,0.0105,-0.05489,0.04343,-0.01053,0.01008,0.13011,-0.01446,0.99134,0.63273,-0.3297,-0.62385,-0.319,50.28,52.84,0.0363,0.0664
20:49:09.850,6678.6771,333765,6.539,-0.544,18.327,5.873,0.2302,-0.0432,0.8994,0.22783,0.02558,0.04463,1.0078,-0.022,0.01,-0.04916,-0.02598,-0.09153,0.00936,0.12844,-0.01294,0.99159,0.63308,-0.32931,-0.62356,-0.31926,50.27,52.85,0.027,0.0739
20:49:09.862,6678.6971,333766,6.034,-0.959,18.323,5.871,0.2432,0.0088,0.9133,0.344,0.13257,-0.04863,1.0051,-0.0244,0.0073,-0.06662,-0.17293,-0.13723,0.00959,0.12606,-0.0089,0.99194,0.63226,-0.32997,-0.62434,-0.31869,50.27,52.86,0.0389,0.0759
20:49:09.864,6678.7171,333767,5.87,-1.073,18.32,5.868,0.2925,0.0059,0.9099,0.08327,-0.01719,-0.04064,1.0723,-0.009,-0.0742,-0.06542,-0.06675,-0.06475,0.01001,0.12593,-0.00793,0.99196,0.63139,-0.3301,-0.62518,-0.31864,50.28,52.84,0.0468,0.0238
20:49:09.893,6678.7371,333768,5.446,-1.103,18.316,5.866,0.238,-0.01,0.9192,0.00093,0.18346,-0.00679,1.0093,-0.0142,-0.0051,-0.06035,0.02025,-0.02971,0.01027,0.12315,-0.00729,0.99231,0.63062,-0.32991,-0.62594,-0.31887,50.27,52.85,0.0422,0.0729
20:49:09.908,6678.7571,333769,5.135,-1.022,18.312,5.864,0.2129,0.0049,0.9111,-0.03011,0.12857,0.10232,0.9978,-0.0229,-0.0066,-0.05276,0.11205,0.00626,0.00942,0.12025,-0.00748,0.99267,0.63113,-0.33066,-0.62544,-0.31807,50.29,52.85,0.0317,0.0786
20:49:09.954,6678.7771,333770,5.219,-0.932,18.308,5.862,0.1841,-0.0417,0.9106,0.01439,-0.02491,0.42288,0.9907,-0.0322,0.0227,-0.04996,0.11564,0.01372,0.00524,0.11887,-0.00838,0.99286,0.6327,-0.33053,-0.62391,-0.31808,50.28,52.84,0.0275,0.0736
20:49:09.955,6678.7971,333771,5.202,-1.012,18.304,5.86,-0.1313,0.0286,0.9741,0.05569,-0.33068,0.31776,1.0354,0.0505,-0.0283,-0.05529,-0.03504,-0.06049,0.00207,0.11966,-0.00827,0.99278,0.63177,-0.33001,-0.62488,-0.31857,50.28,52.84,0.0675,0.0522
20:49:09.968,6678.8171,333772,7.506,-1.208,18.3,5.858,0.1497,-0.0779,0.8989,-0.10379,-2.1762,-0.59008,1.0369,-0.0229,-0.0242,-0.06169,0.06209,0.00759,0.00791,0.13988,-0.00913,0.99009,0.63174,-0.33038,-0.62488,-0.31825,50.29,52.84,0.02,0.0519
20:49:09.998,6678.8371,333773,10.806,-1.887,18.298,5.855,0.3381,-0.0317,0.8569,0.18333,-3.09709,-0.82057,1.0129,-0.0225,-0.0042,-0.06115,0.00213,-0.02491,0.01557,0.16995,-0.00669,0.98531,0.63123,-0.33104,-0.62536,-0.31763,50.28,52.84,0.0213,0.0701
20:49:10.013,6678.8571,333774,14.289,-2.817,18.297,5.853,0.4897,0.0022,0.8494,0.34107,-3.15052,-0.63258,0.9966,-0.0164,-0.0002,-0.06075,-0.0814,-0.07834,0.02112,0.20124,-0.00287,0.97931,0.63025,-0.32999,-0.62636,-0.31871,50.27,52.85,0.0653,0.0776
20:49:10.028,6678.8771,333775,17.171,-3.511,18.296,5.85,0.5205,0.0168,0.8357,0.2654,-2.65916,-0.29964,0.9771,-0.0217,-0.0071,-0.05756,-0.03344,-0.05329,0.02355,0.2275,-0.00031,0.97349,0.62968,-0.33068,-0.62691,-0.318,50.28,52.85,0.0685,0.063
20:49:10.089,6678.8971,333776,19.791,-4.151,18.297,5.847,0.5322,0.0171,0.8384,0.22449,-2.23002,-0.02132,1.0081,-0.011,0.002,-0.05782,0.00866,-0.02851,0.02334,0.24947,0.00128,0.9681,0.62991,-0.32985,-0.6267,-0.31882,50.29,52.85,0.0749,0.0739
20:49:10.090,6678.9171,333777,21.767,-4.688,18.298,5.844,0.5164,0.0,0.8359,0.20038,-1.83006,0.26193,1.0093,-0.0073,-0.0085,-0.05836,0.01466,-0.02611,0.02032,0.26724,0.00161,0.96342,0.62914,-0.32937,-0.62748,-0.31931,50.28,52.84,0.0669,0.073
20:49:10.093,6678.9371,333778,23.055,-5.012,18.299,5.84,0.6963,0.0315,0.8274,0.11751,-1.27636,0.23782,1.0188,-0.0144,-0.0122,-0.05849,0.05702,-0.00653,0.01783,0.27878,0.00169,0.96019,0.62891,-0.32969,-0.6277,-0.31901,50.28,52.84,0.02,0.0658
20:49:10.118,6678.9571,333779,23.457,-5.214,18.301,5.837,0.6423,0.0396,0.7986,0.06568,-0.48323,-0.20971,1.0242,0.0032,-0.0251,-0.05875,-0.01292,-0.03757,0.01982,0.2833,0.00285,0.95882,0.62803,-0.32952,-0.62858,-0.31919,50.28,52.85,0.0608,0.0616
20:49:10.133,6678.9771,333780,23.245,-5.188,18.302,5.833,0.5034,0.0159,0.824,0.01812,-0.08087,-0.62472,1.0637,-0.0034,-0.0513,-0.05875,0.002,-0.02984,0.02587,0.28202,0.00459,0.95905,0.62763,-0.32961,-0.62897,-0.31911,50.29,52.83,0.0543,0.0313
20:49:10.149,6678.9971,333781,23.55,-5.376,18.304,5.83,0.5417,0.0354,0.8313,0.03677,-0.42128,-0.46018,1.0293,-0.0205,-0.0193,-0.05915,-0.002,-0.03451,0.03065,0.28555,0.00718,0.95785,0.62722,-0.33017,-0.62937,-0.31855,50.3,52.87,0.0746,0.0577
20:49:10.192,6679.0171,333782,24.387,-5.508,18.306,5.826,0.5837,0.0339,0.8142,0.05183,-0.61233,-0.05649,1.0046,-0.0156,-0.0029,-0.05862,0.01172,-0.02638,0.03117,0.29161,0.00753,0.956,0.628,-0.33004,-0.6286,-0.31868,50.28,52.84,0.0782,0.0765
20:49:10.194,6679.0371,333783,24.595,-5.545,18.308,5.823,0.7388,0.0591,0.8015,0.01719,-0.37265,-0.08593,1.0054,-0.0142,-0.0132,-0.05915,0.01399,-0.02425,0.03206,0.29437,0.0077,0.95512,0.62734,-0.33042,-0.62925,-0.3183,50.27,52.84,0.02,0.0758
20:49:10.208,6679.0571,333784,23.781,-5.254,18.309,5.82,0.7441,0.071,0.7949,-0.12937,0.61366,-0.03824,1.01,-0.0125,-0.0176,-0.05769,0.07541,0.00626,0.03287,0.28766,0.00666,0.95714,0.62712,-0.3306,-0.62946,-0.31812,50.29,52.84,0.02,0.0723
20:49:10.238,6679.0771,333785,21.934,-4.405,18.311,5.816,0.5369,-0.0051,0.8308,-0.26979,1.74746,0.40089,1.0024,-0.0278,0.0039,-0.05756,0.1251,0.0381,0.0294,0.26942,0.00203,0.96257,0.62889,-0.33086,-0.6277,-0.31785,50.29,52.85,0.0719,0.0779
20:49:10.268,6679.0971,333786,19.459,-3.742,18.311,5.814,0.4062,-0.0073,0.8501,-0.17067,2.1297,0.61473,1.0039,-0.0229,-0.0049,-0.05902,0.04557,-0.00493,0.02396,0.24719,-0.00096,0.96867,0.62991,-0.33158,-0.62666,-0.31713,50.29,52.84,0.0366,0.0769
20:49:10.269,6679.1171,333787,17.028,-3.461,18.311,5.811,0.4617,0.0208,0.8604,-0.06941,1.89202,0.42594,1.0154,-0.0134,-0.0098,-0.05662,0.00879,-0.03411,0.02038,0.22714,-0.00139,0.97365,0.62913,-0.33109,-0.62746,-0.31761,50.29,52.84,0.0625,0.0683
20:49:10.312,6679.1371,333788,14.778,-2.931,18.309,5.808,0.1582,-0.0308,0.8997,-0.13097,1.97689,0.36972,1.009,-0.0188,0.0039,-0.05875,0.02651,-0.02145,0.01719,0.2064,-0.00333,0.97831,0.6299,-0.33077,-0.62669,-0.31792,50.29,52.85,0.02,0.0731
20:49:10.328,6679.1571,333789,13.21,-2.54,18.308,5.805,0.3733,-0.0061,0.875,-0.13003,1.02868,0.31429,1.0295,0.0039,-0.0334,-0.06169,-0.10259,-0.07421,0.01442,0.19445,-0.00564,0.98079,0.62838,-0.33074,-0.6282,-0.31799,50.28,52.85,0.0435,0.0575
20:49:10.342,6679.1771,333790,12.835,-2.449,18.306,5.803,0.4185,0.0081,0.8857,-0.00786,0.47044,0.36172,0.9956,-0.0203,0.0122,-0.06022,0.0417,-0.01266,0.01106,0.18981,-0.00626,0.98174,0.62935,-0.33053,-0.62722,-0.31822,50.29,52.84,0.0647,0.0769
20:49:10.345,6679.1971,333791,11.541,-2.218,18.304,5.8,0.3491,0.0193,0.9075,-0.11618,0.89944,0.43234,1.0237,-0.0076,-0.0227,-0.06129,0.01612,-0.00426,0.00738,0.17927,-0.0073,0.98375,0.62876,-0.33065,-0.62779,-0.31814,50.28,52.84,0.0594,0.062
20:49:10.374,6679.2171,333792,10.638,-1.794,18.302,5.798,0.2556,-0.0232,0.9036,-0.16241,0.84748,0.35533,1.0068,-0.0159,0.0085,-0.06435,0.10059,0.04756,0.0043,0.16911,-0.00977,0.98554,0.63018,-0.3305,-0.62633,-0.31837,50.28,52.84,0.0345,0.0748
20:49:10.388,6679.2371,333793,9.688,-1.541,18.299,5.796,0.3025,-0.0288,0.885,-0.03917,0.62272,0.31842,1.0244,-0.0164,-0.032,-0.07341,0.02158,-0.02625,0.00129,0.16139,-0.01135,0.98682,0.62962,-0.33081,-0.62679,-0.31826,50.29,52.85,0.0318,0.0612
20:49:10.432,6679.2571,333794,8.841,-1.251,18.296,5.794,0.2947,-0.0486,0.9175,-0.00719,0.67881,0.29044,1.0022,-0.0127,0.0071,-0.06249,-0.02238,-0.04596,-0.00157,0.15304,-0.01305,0.98813,0.62984,-0.33019,-0.62655,-0.31892,50.28,52.84,0.0537,0.0783
20:49:10.434,6679.2771,333795,7.847,-0.971,18.293,5.792,0.3105,-0.0259,0.8953,-0.09779,0.71745,0.33401,1.0168,-0.009,-0.0181,-0.05982,-0.04197,-0.06608,-0.00453,0.14553,-0.01479,0.98923,0.62865,-0.33013,-0.62773,-0.319,50.28,52.85,0.041,0.0672
20:49:10.448,6679.2971,333796,6.662,-0.666,18.29,5.79,0.2488,-0.041,0.905,-0.01439,0.83083,0.36705,1.01,-0.0164,-0.0073,-0.05889,0.02625,-0.02345,-0.00799,0.13552,-0.01605,0.99061,0.62862,-0.33098,-0.62775,-0.31816,50.29,52.86,0.0346,0.0724
20:49:10.479,6679.3171,333797,5.747,-0.505,18.286,5.788,0.2297,-0.0352,0.9124,0.07674,0.76528,0.46578,1.0095,-0.0168,-0.0059,-0.05809,0.05356,-0.01386,-0.01253,0.126,-0.01631,0.99182,0.62955,-0.33057,-0.62682,-0.31856,50.29,52.86,0.0361,0.0728
20:49:10.494,6679.3373,333798,4.912,-0.465,18.282,5.786,0.1846,-0.0186,0.9268,0.14322,0.66069,0.36559,1.0042,-0.0178,0.002,-0.05782,0.0441,-0.01879,-0.01616,0.11741,-0.01546,0.99283,0.63051,-0.33024,-0.62587,-0.31887,50.29,52.84,0.0389,0.0767
20:49:10.509,6679.3571,333799,4.462,-0.505,18.277,5.784,0.2314,-0.0095,0.9131,0.10672,0.39916,0.08047,0.999,-0.0261,0.009,-0.05662,0.02132,-0.02385,-0.01686,0.11263,-0.01418,0.99339,0.63144,-0.33039,-0.62496,-0.31868,50.3,52.84,0.0365,0.0795
20:49:10.553,6679.3771,333800,3.965,-0.329,18.273,5.782,0.1638,-0.0635,0.9189,-0.01452,0.20491,-0.19345,1.0073,-0.0229,-0.0034,-0.05582,0.01585,-0.02731,-0.01487,0.10896,-0.01476,0.99383,0.63118,-0.33117,-0.62521,-0.31788,50.28,52.84,0.0317,0.0743
20:49:10.555,6679.3971,333801,3.835,-0.259,18.269,5.78,0.125,-0.0596,0.9009,0.00853,0.02651,-0.15495,1.0181,-0.0105,0.0037,-0.05423,0.01972,-0.02718,-0.01328,0.10719,-0.0149,0.99404,0.63121,-0.33025,-0.62523,-0.31875,50.28,52.85,0.02,0.0664
20:49:10.569,6679.4171,333802,4.135,-0.331,18.264,5.778,0.2031,-0.0291,0.9094,0.002,-0.39303,0.11991,1.0071,-0.0068,-0.0046,-0.05383,0.0016,-0.03531,-0.01443,0.11046,-0.01506,0.99366,0.63038,-0.32955,-0.6261,-0.3194,50.28,52.85,0.0292,0.0746
20:49:10.598,6679.4371,333803,4.325,-0.345,18.26,5.776,0.2375,-0.0291,0.9163,-0.02372,-0.28671,0.14162,1.0288,-0.0049,-0.0181,-0.05556,0.00333,-0.03357,-0.01575,0.1129,-0.01559,0.99336,0.62967,-0.32945,-0.62683,-0.31947,50.29,52.84,0.0403,0.0583
20:49:10.613,6679.4571,333804,4.41,-0.303,18.256,5.775,0.2339,-0.0088,0.9407,-0.1287,-0.19878,0.08807,1.0027,-0.0166,-0.0054,-0.05809,0.02465,-0.02265,-0.01632,0.11435,-0.01625,0.99317,0.62943,-0.33025,-0.62706,-0.31868,50.3,52.86,0.057,0.0779
20:49:10.628,6679.4771,333805,4.577,-0.028,18.252,5.773,0.1902,-0.0291,0.9387,-0.25487,-0.34494,-0.01319,1.0007,-0.0334,-0.0134,-0.05636,0.03984,-0.01612,-0.01587,0.11573,-0.01878,0.99298,0.62963,-0.33122,-0.62685,-0.31767,50.29,52.85,0.0487,0.079
20:49:10.687,6679.4971,333806,5.291,0.222,18.248,5.771,0.2219,-0.0769,0.9172,-0.2113,-0.55531,-0.02505,1.0059,-0.0159,0.0042,-0.05569,0.02984,-0.02292,-0.01549,0.12024,-0.02179,0.99239,0.63031,-0.33062,-0.62621,-0.31824,50.29,52.84,0.0401,0.0755
20:49:10.689,6679.5171,333807,5.683,0.334,18.244,5.769,0.2515,-0.0232,0.8945,-0.16387,-0.31549,0.16774,1.0051,-0.0146,-0.0007,-0.05769,0.01532,-0.02625,-0.01689,0.12263,-0.02352,0.99203,0.63039,-0.32964,-0.62615,-0.3192,50.29,52.86,0.0271,0.0761
20:49:10.690,6679.5371,333808,5.953,0.459,18.24,5.768,0.2568,-0.0347,0.9177,-0.16827,-0.29684,0.17453,1.0105,-0.0195,-0.0029,-0.05822,0.01692,-0.02505,-0.01832,0.12518,-0.02518,0.99165,0.63049,-0.33058,-0.62603,-0.31826,50.27,52.84,0.0452,0.072
20:49:10.718,6679.5571,333809,6.382,0.491,18.236,5.766,0.2188,-0.0422,0.9194,-0.09366,-0.53159,0.16854,1.0081,-0.02,-0.0024,-0.05183,0.03091,-0.02438,-0.01989,0.1286,-0.02608,0.99115,0.6311,-0.3314,-0.62544,-0.31735,50.27,52.85,0.0395,0.0738
20:49:10.734,6679.5771,333810,6.868,0.47,18.233,5.765,0.2051,-0.0457,0.8743,-0.02252,-0.46058,0.07075,0.9954,-0.01,0.0093,-0.0409,0.04183,-0.02252,-0.02058,0.13162,-0.02647,0.99073,0.63163,-0.33037,-0.62504,-0.31815,50.29,52.86,0.02,0.0766
20:49:10.748,6679.5971,333811,6.838,0.538,18.229,5.763,0.2542,-0.0549,0.9011,-0.06022,-0.12604,-0.00893,1.0139,-0.0159,-0.0049,-0.05982,-0.01692,-0.02958,-0.02034,0.13236,-0.0273,0.99062,0.63067,-0.33032,-0.62599,-0.31823,50.29,52.84,0.0334,0.0695
20:49:10.778,6679.6171,333812,6.628,0.636,18.226,5.761,0.2886,-0.0457,0.9407,-0.11111,0.09899,-0.11298,1.0122,-0.0134,-0.0071,-0.06648,-0.01745,-0.03291,-0.01884,0.13149,-0.02801,0.99074,0.62966,-0.33019,-0.62696,-0.31848,50.28,52.84,0.0688,0.0708
20:49:10.794,6679.6371,333813,6.437,0.688,18.222,5.76,0.2832,-0.0667,0.9363,0.00999,0.06368,-0.10765,1.0073,-0.0161,-0.0066,-0.06462,-0.0012,-0.02904,-0.01767,0.13095,-0.02832,0.99083,0.62881,-0.33046,-0.62776,-0.3183,50.28,52.84,0.0653,0.0744
20:49:10.808,6679.6571,333814,6.324,0.641,18.219,5.758,0.2329,-0.0649,0.9346,0.14362,-0.04663,-0.05356,1.0073,-0.0205,-0.0024,-0.06035,0.01452,-0.02451,-0.01733,0.12926,-0.02743,0.99108,0.62963,-0.33074,-0.62692,-0.31802,50.29,52.84,0.054,0.0744
20:49:10.838,6679.6771,333815,6.4,0.453,18.215,5.757,0.2322,-0.0579,0.9417,0.18159,-0.24355,0.06662,1.0083,-0.0129,-0.0015,-0.05649,0.02678,-0.02092,-0.01823,0.12933,-0.02598,0.99109,0.62986,-0.32981,-0.62673,-0.31893,50.29,52.84,0.0587,0.0737
20:49:10.853,6679.6971,333816,6.568,0.069,18.212,5.755,0.2456,-0.0349,0.929,0.24181,-0.32415,0.07075,1.0081,-0.021,-0.0032,-0.05622,0.02638,-0.02052,-0.0191,0.13129,-0.02284,0.9909,0.63043,-0.33071,-0.62615,-0.31799,50.29,52.84,0.0512,0.0738
20:49:10.868,6679.7171,333817,6.737,-0.402,18.208,5.753,0.2659,-0.0239,0.9165,0.32215,-0.22849,0.02811,1.0085,-0.0142,-0.0002,-0.05942,0.00906,-0.02585,-0.01966,0.13287,-0.01917,0.99075,0.63045,-0.3298,-0.62614,-0.31892,50.29,52.85,0.0459,0.0736
20:49:10.898,6679.7371,333818,6.314,-0.755,18.205,5.751,0.2168,-0.0398,1.01,0.38064,-0.00839,-0.10272,1.0083,-0.021,-0.0044,-0.06089,-0.00253,-0.03118,-0.01907,0.13069,-0.01543,0.99112,0.63025,-0.33074,-0.62632,-0.318,50.28,52.85,0.0547,0.0736
20:49:10.914,6679.7571,333819,6.382,-1.841,18.201,5.749,0.2756,-0.0281,0.9727,0.85601,-0.22583,-0.1283,1.0115,-0.0181,-0.0032,-0.06035,0.00093,-0.03051,-0.01876,0.13284,-0.00631,0.99094,0.62993,-0.32981,-0.62664,-0.31896,50.29,52.84,0.0715,0.0712
20:49:10.928,6679.7771,333820,6.353,-3.537,18.197,5.746,0.291,0.0415,0.9075,1.39586,-0.27512,-0.34387,1.0046,-0.0132,-0.0012,-0.06009,0.00786,-0.02825,-0.01705,0.1347,0.00852,0.9907,0.62999,-0.32888,-0.62659,-0.31992,50.29,52.84,0.0454,0.0765
20:49:10.959,6679.7971,333821,5.872,-5.286,18.194,5.743,0.2458,0.0671,0.8831,1.58239,0.05702,-0.70812,1.0059,-0.0156,-0.0007,-0.05796,0.00839,-0.02638,-0.01207,0.13274,0.02529,0.99075,0.63071,-0.32952,-0.62585,-0.31926,50.29,52.84,0.02,0.0755
20:49:10.989,6679.8173,333822,5.936,-6.859,18.19,5.739,0.2229,0.0034,0.8652,1.38467,-0.46245,-1.00097,1.002,-0.02,-0.0022,-0.05756,0.01092,-0.02545,-0.00381,0.13577,0.03991,0.98993,0.63079,-0.33056,-0.62576,-0.31822,50.29,52.85,0.02,0.0783
20:49:10.991,6679.8371,333823,6.232,-8.394,18.186,5.735,0.2407,0.054,0.9189,1.38108,-0.54345,-0.80072,1.0083,-0.0188,-0.0012,-0.05849,0.01146,-0.02491,0.00235,0.13916,0.0537,0.98881,0.63135,-0.33006,-0.62521,-0.3187,50.29,52.84,0.0436,0.0736
20:49:11.018,6679.8571,333824,6.021,-10.258,18.183,5.73,0.2629,0.0562,0.8396,1.65726,-0.27486,-0.58688,1.0039,-0.0166,-0.0051,-0.05942,0.00773,-0.02745,0.00594,0.1407,0.07035,0.98753,0.63053,-0.33021,-0.62602,-0.31858,50.27,52.84,0.02,0.077
20:49:11.033,6679.8771,333825,5.979,-12.096,18.179,5.724,0.3313,0.1897,0.8867,1.51217,-0.32149,-0.25301,1.0078,-0.0159,-0.0027,-0.05929,0.01066,-0.02651,0.00656,0.14344,0.08605,0.98589,0.62976,-0.32962,-0.6268,-0.31919,50.28,52.84,0.054,0.0741
20:49:11.049,6679.8971,333826,6.289,-13.283,18.175,5.719,0.3428,0.1257,0.9314,1.10302,-0.30124,-0.56157,1.0122,-0.0156,-0.0022,-0.05822,0.01825,-0.02132,0.0105,0.14615,0.09661,0.98448,0.63054,-0.32958,-0.62601,-0.31922,50.27,52.84,0.0797,0.0708
20:49:11.094,6679.9171,333827,6.298,-14.886,18.172,5.712,0.2417,0.2173,0.8772,1.32512,-0.38704,-0.36679,1.0068,-0.0127,-0.001,-0.05716,0.01279,-0.02651,0.01261,0.14827,0.11047,0.98268,0.63007,-0.32864,-0.6265,-0.32017,50.29,52.84,0.0316,0.0748
20:49:11.095,6679.9371,333828,5.953,-16.356,18.168,5.706,0.2065,0.2815,0.8081,1.27955,-0.11698,-0.2113,1.0085,-0.0129,-0.0032,-0.05782,0.01186,-0.02705,0.01293,0.14802,0.1235,0.98116,0.62939,-0.32893,-0.62717,-0.31989,50.27,52.83,0.02,0.0736
20:49:11.108,6679.9571,333829,5.53,-17.61,18.164,5.699,0.2454,0.3318,0.877,1.05066,0.00293,0.21837,1.0129,-0.0142,-0.0044,-0.05849,0.01053,-0.02705,0.00935,0.1469,0.13435,0.97994,0.62911,-0.32969,-0.62744,-0.31913,50.29,52.84,0.0569,0.0702
20:49:11.138,6679.9771,333830,5.442,-18.844,18.16,5.691,0.3022,0.2522,0.8735,1.09396,-0.05449,0.13217,1.0115,-0.0142,-0.0044,-0.05955,0.00733,-0.02825,0.0063,0.14744,0.14461,0.97842,0.62941,-0.32898,-0.62715,-0.31985,50.29,52.84,0.0486,0.0713
20:49:11.153,6679.9971,333831,5.11,-20.05,18.156,5.683,0.2539,0.2466,0.8398,1.14286,-0.00986,-0.01172,1.0134,-0.0173,-0.0044,-0.05982,0.00853,-0.02731,0.00462,0.14623,0.15529,0.97697,0.62954,-0.32992,-0.627,-0.31892,50.3,52.84,0.02,0.0698
20:49:11.168,6680.0171,333832,4.982,-21.504,18.152,5.675,0.2573,0.3516,0.8145,1.24278,-0.15042,-0.10925,1.01,-0.0149,-0.0032,-0.05902,0.00786,-0.02825,0.00405,0.14643,0.16781,0.97487,0.62978,-0.32915,-0.62676,-0.3197,50.28,52.85,0.0228,0.0724
20:49:11.198,6680.0371,333833,4.707,-22.953,18.148,5.666,0.2312,0.4441,0.8123,1.19762,-0.15242,-0.24954,1.0056,-0.0132,-0.0024,-0.05875,0.00799,-0.02705,0.00502,0.14623,0.18049,0.97263,0.62919,-0.32825,-0.62736,-0.32061,50.28,52.84,0.0457,0.0757
20:49:11.213,6680.0571,333834,4.441,-24.039,18.144,5.657,0.2407,0.3337,0.8235,0.98831,-0.04343,-0.39849,1.0073,-0.0151,-0.0037,-0.05995,0.00346,-0.02798,0.00747,0.14449,0.19063,0.97094,0.62936,-0.32926,-0.62717,-0.31961,50.29,52.85,0.0204,0.0744
20:49:11.228,6680.0771,333835,4.027,-25.443,18.14,5.648,0.3027,0.3079,0.7974,1.28888,0.03184,-0.50948,1.0073,-0.0142,-0.0046,-0.06075,0.00386,-0.02864,0.01024,0.14254,0.2035,0.96859,0.62883,-0.32993,-0.62768,-0.31897,50.29,52.86,0.02,0.0744
20:49:11.258,6680.0971,333836,3.417,-27.326,18.135,5.638,0.2625,0.405,0.8015,1.67552,0.32082,-0.24648,1.0098,-0.0156,-0.0046,-0.06009,0.00813,-0.02864,0.00946,0.13812,0.22045,0.96552,0.62958,-0.33011,-0.62692,-0.3188,50.3,52.84,0.0317,0.0726
20:49:11.273,6680.1171,333837,2.892,-28.892,18.131,5.628,0.241,0.5334,0.7061,1.40999,0.26646,0.02638,1.0081,-0.0168,-0.0015,-0.05915,0.01119,-0.02638,0.00652,0.13459,0.23422,0.9628,0.63032,-0.32996,-0.62618,-0.31894,50.29,52.86,0.02,0.0738
20:49:11.288,6680.1371,333838,2.673,-29.762,18.126,5.617,0.2285,0.5054,0.8984,0.74396,-0.18692,-0.03158,1.0125,-0.0132,-0.0085,-0.05955,0.01119,-0.02665,0.00625,0.13462,0.24163,0.96097,0.62955,-0.32995,-0.62694,-0.31897,50.28,52.84,0.0381,0.0705
20:49:11.332,6680.1571,333839,2.608,-30.89,18.121,5.606,0.1772,0.457,0.8594,1.02108,-0.36585,-0.25181,1.0083,-0.0173,-0.0073,-0.05902,0.01266,-0.02518,0.00828,0.13516,0.25142,0.95836,0.62908,-0.33058,-0.62739,-0.31835,50.28,52.84,0.072,0.0736
20:49:11.334,6680.1771,333840,2.603,-32.338,18.117,5.594,0.2632,0.5137,0.6875,1.2232,-0.35839,-0.63072,1.0083,-0.0151,-0.0088,-0.06129,0.00293,-0.03091,0.01334,0.13618,0.26408,0.95475,0.62822,-0.3306,-0.62824,-0.31837,50.29,52.84,0.02,0.0737
20:49:11.379,6680.1971,333841,2.545,-33.497,18.112,5.583,0.2944,0.4619,0.6897,1.02881,-0.02172,-0.83696,1.0081,-0.0195,-0.0029,-0.05969,0.00946,-0.02758,0.01966,0.13359,0.27495,0.95193,0.62899,-0.33075,-0.62746,-0.31822,50.31,52.86,0.02,0.0738
20:49:11.381,6680.2171,333842,2.02,-34.336,18.107,5.571,0.2527,0.531,0.7236,0.74703,0.32762,-0.52906,1.0073,-0.0146,-0.0037,-0.05902,0.01026,-0.02678,0.02252,0.12832,0.28304,0.95022,0.62928,-0.32997,-0.62718,-0.31901,50.29,52.85,0.0293,0.0744
20:49:11.393,6680.2373,333843,1.559,-34.953,18.102,5.558,0.2207,0.6406,0.7678,0.46831,0.1355,0.05489,1.0117,-0.0144,-0.0046,-0.06062,0.00666,-0.02851,0.02088,0.12608,0.28836,0.94896,0.62869,-0.32913,-0.62776,-0.31989,50.29,52.85,0.062,0.0711
20:49:11.408,6680.2571,333844,1.305,-35.295,18.097,5.546,0.1592,0.5747,0.7744,0.28685,0.00187,0.31562,1.011,-0.0168,-0.0073,-0.06169,0.00813,-0.02904,0.01766,0.1249,0.29112,0.94833,0.62862,-0.33005,-0.62781,-0.31901,50.28,52.86,0.0631,0.0716
20:49:11.452,6680.2771,333845,1.221,-35.876,18.092,5.534,0.2192,0.5422,0.738,0.49122,0.04623,0.38437,1.009,-0.0188,-0.0046,-0.05769,0.02065,-0.02385,0.01299,0.12472,0.29567,0.94702,0.6294,-0.33068,-0.62703,-0.31836,50.28,52.85,0.0362,0.0731
20:49:11.454,6680.2971,333846,0.828,-36.555,18.087,5.521,0.2219,0.5881,0.696,0.59261,0.18293,0.18306,1.0105,-0.021,-0.0076,-0.05836,0.01545,-0.02451,0.00973,0.12256,0.30141,0.94553,0.62931,-0.33156,-0.6271,-0.31748,50.29,52.85,0.0334,0.0719
20:49:11.512,6680.3171,333847,0.37,-37.206,18.081,5.508,0.2168,0.595,0.7644,0.50295,0.20105,0.09473,1.0098,-0.0156,-0.0044,-0.05742,0.01772,-0.02265,0.00753,0.11968,0.3071,0.94409,0.62938,-0.33063,-0.62705,-0.3184,50.28,52.85,0.0745,0.0726
20:49:11.514,6680.3371,333848,-0.211,-38.096,18.076,5.495,0.186,0.5972,0.9011,0.88652,0.39756,0.23462,1.0022,-0.0176,0.0017,-0.05836,0.03571,-0.00959,0.00278,0.1153,0.31481,0.94212,0.63031,-0.33036,-0.62612,-0.31865,50.28,52.84,0.02,0.0782
20:49:11.515,6680.3571,333849,-1.213,-39.889,18.07,5.481,0.1536,0.571,0.7656,1.68564,0.45259,-0.03277,1.0063,-0.0098,0.0007,-0.05902,0.01599,-0.02265,-0.00027,0.10883,0.33042,0.93754,0.63024,-0.32938,-0.6262,-0.31965,50.28,52.85,0.0555,0.0752
20:49:11.528,6680.3771,333850,-2.204,-42.208,18.064,5.467,0.1379,0.6821,0.6062,2.06309,0.42181,-0.441,1.0103,-0.0134,-0.0061,-0.05875,0.0012,-0.03104,-4e-05,0.10223,0.35041,0.931,0.62942,-0.3295,-0.62702,-0.31953,50.3,52.84,0.0222,0.0722
20:49:11.558,6680.3971,333851,-2.761,-43.796,18.058,5.452,0.1702,0.6455,0.5496,1.39426,0.13883,-0.49775,1.0068,-0.0115,-0.0127,-0.05875,0.0004,-0.03144,0.00235,0.09816,0.36401,0.9262,0.62857,-0.32966,-0.62786,-0.31939,50.29,52.86,0.02,0.0748
20:49:11.573,6680.4171,333852,-2.576,-44.52,18.052,5.437,0.1919,0.6758,0.4995,0.61753,-0.21144,-0.01839,1.0027,-0.0164,0.0005,-0.05862,0.01599,-0.02398,0.0023,0.09906,0.36984,0.9238,0.62941,-0.32963,-0.62702,-0.31941,50.28,52.86,0.02,0.0779
20:49:11.602,6680.4371,333853,-2.106,-44.558,18.045,5.422,0.1628,0.6833,0.6194,-0.01972,-0.40236,-0.02878,1.0044,-0.0164,-0.002,-0.05796,0.01013,-0.02798,0.00375,0.10155,0.36996,0.92347,0.63023,-0.32996,-0.62621,-0.31906,50.29,52.83,0.0324,0.0766
20:49:11.604,6680.4571,333854,-2.005,-44.59,18.039,5.407,0.1492,0.6731,0.6406,-0.02012,-0.31829,-0.00506,1.0107,-0.0149,-0.0068,-0.05796,0.01452,-0.02425,0.00478,0.10308,0.37008,0.92325,0.62952,-0.33008,-0.62692,-0.31895,50.28,52.84,0.0358,0.0719
20:49:11.633,6680.4771,333855,-1.905,-44.794,18.033,5.392,0.1609,0.6499,0.603,0.16854,-0.18972,0.09739,1.0081,-0.0139,-0.001,-0.05809,0.01785,-0.02332,0.00407,0.10407,0.37163,0.92252,0.62997,-0.32938,-0.62648,-0.31964,50.28,52.84,0.02,0.0739
20:49:11.648,6680.4971,333856,-2.126,-44.631,18.027,5.377,0.1472,0.679,0.7385,-0.07568,-0.08447,0.00546,0.8911,0.042,0.0762,-0.09326,-0.07194,-0.07834,0.00437,0.10277,0.37016,0.92326,0.62925,-0.32935,-0.62698,-0.3201,50.28,52.85,0.0695,0.02
20:49:11.678,6680.5171,333857,-2.078,-44.798,18.021,5.362,0.1938,0.677,0.6848,0.08234,-0.02038,0.05116,0.9919,-0.0291,0.0059,-0.07434,-0.03211,-0.05436,0.00322,0.10295,0.37127,0.9228,0.62961,-0.32993,-0.62652,-0.31971,50.3,52.84,0.0667,0.0743
20:49:11.694,6680.5371,333858,-2.28,-45.042,18.015,5.346,0.1284,0.6648,0.6904,0.24701,-0.08474,0.1263,1.0188,-0.0098,-0.0347,-0.06715,0.03957,-0.00959,0.00213,0.10211,0.37318,0.92212,0.62917,-0.3302,-0.6269,-0.31955,50.29,52.85,0.0553,0.0654
20:49:11.724,6680.5571,333859,-2.153,-45.578,18.009,5.331,0.1978,0.689,0.6274,0.40476,-0.28658,0.18506,1.0205,-0.0139,-0.0127,-0.05769,0.03917,-0.01092,0.00064,0.10464,0.37711,0.92024,0.62876,-0.33042,-0.6273,-0.31934,50.29,52.84,0.0445,0.0645
20:49:11.725,6680.5771,333860,-1.913,-46.193,18.003,5.316,0.2139,0.7188,0.5979,0.4751,-0.29737,0.21703,0.9995,-0.0085,0.0029,-0.05596,0.04477,-0.00573,-0.00118,0.1074,0.38173,0.91801,0.62942,-0.32963,-0.62667,-0.3201,50.29,52.84,0.0493,0.0797
20:49:11.753,6680.5971,333861,-1.861,-46.821,17.997,5.3,0.1831,0.7429,0.615,0.43953,-0.32215,0.25527,1.0078,-0.002,-0.0166,-0.06209,0.01812,-0.02038,-0.00301,0.11017,0.38629,0.91577,0.62864,-0.32948,-0.62743,-0.32031,50.28,52.85,0.0662,0.074
20:49:11.768,6680.6171,333862,-1.711,-47.273,17.991,5.284,0.1763,0.6892,0.6431,0.37585,-0.19865,0.2574,0.9919,-0.0139,0.002,-0.05223,0.05875,0.00133,-0.00506,0.11117,0.38977,0.91416,0.62977,-0.32929,-0.62634,-0.32041,50.28,52.83,0.0492,0.074
20:49:11.798,6680.6371,333863,-1.603,-47.712,17.985,5.268,0.2256,0.6863,0.6089,0.37265,-0.06502,0.32482,1.0056,-0.0186,0.0007,-0.05103,0.02971,-0.01625,-0.00875,0.11239,0.39298,0.91261,0.63069,-0.32988,-0.62545,-0.31972,50.29,52.84,0.0386,0.0757
20:49:11.844,6680.6571,333864,-1.951,-48.258,17.979,5.252,0.1714,0.7759,0.646,0.4346,0.00187,0.34693,1.0105,-0.0156,-0.0015,-0.05622,0.02012,-0.02118,-0.01245,0.11201,0.39718,0.91079,0.63,-0.32988,-0.62616,-0.3197,50.27,52.84,0.0619,0.072
20:49:11.845,6680.6771,333865,-2.13,-48.917,17.973,5.236,0.1936,0.7429,0.6155,0.49509,-0.09859,0.37238,1.0095,-0.0154,-0.0073,-0.05756,0.02172,-0.01932,-0.01617,0.11295,0.40207,0.90847,0.62943,-0.33022,-0.62673,-0.31936,50.28,52.84,0.068,0.0728
20:49:11.847,6680.6971,333866,-2.064,-49.406,17.967,5.22,0.1936,0.6409,0.5623,0.42474,-0.11911,0.30723,1.0088,-0.0178,0.001,-0.05862,0.01172,-0.02545,-0.01939,0.11422,0.40565,0.90666,0.6302,-0.33019,-0.62596,-0.31937,50.29,52.84,0.02,0.0733
20:49:11.873,6680.7171,333867,-2.193,-49.645,17.961,5.203,0.2573,0.6699,0.5571,0.23422,0.0433,0.08687,1.001,-0.02,0.009,-0.06315,-0.03091,-0.04916,-0.02117,0.11337,0.40755,0.90587,0.63064,-0.33009,-0.6255,-0.31952,50.27,52.85,0.02,0.0791
20:49:11.888,6680.7371,333868,-2.668,-49.938,17.955,5.187,0.2407,0.7617,0.6353,0.2125,0.15961,0.04343,1.0168,-0.0122,-0.0229,-0.06355,-0.06035,-0.06515,-0.02301,0.11152,0.40994,0.90498,0.62938,-0.33029,-0.62673,-0.31938,50.28,52.85,0.0645,0.0672
20:49:11.934,6680.7571,333869,-2.957,-50.453,17.949,5.17,0.2097,0.7534,0.6333,0.38491,-0.05836,0.16721,1.0103,-0.0122,-0.0093,-0.05716,0.02505,-0.02105,-0.02468,0.11085,0.41401,0.90316,0.6287,-0.33022,-0.62741,-0.31945,50.28,52.85,0.0753,0.0722
20:49:11.936,6680.7772,333870,-3.128,-51.209,17.943,5.153,0.1885,0.7542,0.5786,0.63325,0.06169,0.12057,1.001,-0.0183,0.0076,-0.05716,0.05236,-0.0036,-0.0269,0.10919,0.42018,0.90045,0.62982,-0.33007,-0.6263,-0.31958,50.29,52.84,0.0568,0.0791
20:49:11.949,6680.7971,333871,-3.453,-51.977,17.936,5.136,0.2087,0.7178,0.5293,0.71066,0.2137,0.0401,1.0054,-0.019,-0.0005,-0.05889,0.00933,-0.02598,-0.02936,0.10624,0.4265,0.89774,0.63059,-0.33061,-0.62552,-0.31903,50.29,52.85,0.02,0.0758
20:49:11.978,6680.8171,333872,-4.123,-52.68,17.93,5.119,0.1931,0.7385,0.5261,0.6475,0.30803,0.07421,1.0056,-0.0178,-0.0061,-0.05915,0.00226,-0.03024,-0.03242,0.10249,0.43227,0.89531,0.62982,-0.33095,-0.62627,-0.31871,50.28,52.85,0.0253,0.0757
20:49:11.993,6680.8371,333873,-4.815,-53.268,17.923,5.101,0.1982,0.8167,0.5813,0.49042,0.27592,0.14003,1.0115,-0.01,-0.0107,-0.05915,-0.0012,-0.03317,-0.03558,0.09913,0.43709,0.89323,0.62892,-0.33067,-0.62717,-0.31902,50.29,52.86,0.0636,0.0713
20:49:12.008,6680.8571,333874,-5.101,-54.051,17.916,5.084,0.2156,0.8096,0.592,0.64244,0.16907,0.15175,1.0061,-0.0171,-0.0056,-0.05862,0.01679,-0.02185,-0.03872,0.0971,0.44322,0.8903,0.62928,-0.33167,-0.6268,-0.318,50.28,52.84,0.0606,0.0753
20:49:12.038,6680.8771,333875,-5.611,-55.057,17.909,5.066,0.1833,0.7886,0.5139,0.87679,0.16614,0.05889,1.0083,-0.0134,-0.002,-0.05796,0.01412,-0.02345,-0.04115,0.09434,0.45135,0.88639,0.62942,-0.33078,-0.62668,-0.31889,50.29,52.84,0.0492,0.0737
20:49:12.053,6680.8971,333876,-6.156,-56.039,17.902,5.047,0.1792,0.752,0.4641,0.90797,0.24754,-0.17293,1.0066,-0.0161,-0.0029,-0.06009,0.00107,-0.03104,-0.04203,0.08994,0.45949,0.88262,0.62979,-0.33014,-0.62631,-0.31954,50.29,52.86,0.02,0.075
20:49:12.082,6680.9171,333877,-6.883,-56.998,17.894,5.029,0.144,0.8162,0.4858,0.8275,0.31096,-0.29311,1.0088,-0.0154,-0.0066,-0.06089,-0.01039,-0.03691,-0.04183,0.08407,0.46734,0.87908,0.62892,-0.33045,-0.62716,-0.31927,50.29,52.84,0.0505,0.0733
20:49:12.084,6680.9371,333878,-7.505,-57.884,17.887,5.01,0.1238,0.8381,0.4851,0.75889,0.17986,-0.37545,1.0063,-0.0112,-0.0046,-0.06075,0.00133,-0.03171,-0.0401,0.07879,0.47475,0.87567,0.62845,-0.32948,-0.62762,-0.32028,50.28,52.84,0.0622,0.0752
20:49:12.113,6680.9571,333879,-7.495,-58.863,17.879,4.991,0.167,0.8057,0.4854,0.7822,-0.12724,-0.33787,1.01,-0.0178,-0.0073,-0.06049,0.00759,-0.02785,-0.0376,0.07697,0.4823,0.87181,0.62848,-0.33044,-0.62757,-0.31934,50.28,52.84,0.0465,0.0724
20:49:12.128,6680.9771,333880,-7.487,-59.908,17.872,4.972,0.1763,0.8169,0.4509,0.85894,-0.29417,-0.23609,1.0066,-0.0129,-0.0056,-0.06075,0.00839,-0.02785,-0.03535,0.07725,0.49038,0.86736,0.62825,-0.32946,-0.6278,-0.32036,50.28,52.84,0.0422,0.075
20:49:12.158,6680.9971,333881,-7.277,-60.851,17.864,4.952,0.1545,0.8035,0.4021,0.80019,-0.24528,-0.20464,1.0083,-0.0134,-0.0042,-0.05929,0.01039,-0.02665,-0.0335,0.07709,0.49759,0.86333,0.62903,-0.32984,-0.62701,-0.31997,50.28,52.84,0.02,0.0737
20:49:12.173,6681.0171,333882,-7.255,-61.563,17.857,4.932,0.1853,0.7649,0.4341,0.61486,-0.11791,-0.21557,1.0125,-0.0176,-0.0066,-0.06022,0.00906,-0.02718,-0.03225,0.07614,0.50292,0.86037,0.62887,-0.33071,-0.62715,-0.31913,50.29,52.84,0.02,0.0705
20:49:12.202,6681.0371,333883,-7.288,-62.305,17.849,4.912,0.1887,0.8479,0.4409,0.60713,-0.00306,-0.23689,1.0088,-0.0164,-0.0044,-0.06062,0.00853,-0.02771,-0.03152,0.07441,0.50867,0.85716,0.62961,-0.33076,-0.62639,-0.31909,50.3,52.84,0.0606,0.0733
20:49:12.204,6681.0571,333884,-7.585,-63.261,17.842,4.892,0.1626,0.8723,0.4246,0.74543,0.00773,-0.17786,1.0134,-0.0137,-0.009,-0.06129,0.00626,-0.02825,-0.03115,0.07236,0.51581,0.85307,0.6288,-0.33074,-0.62718,-0.31916,50.29,52.84,0.0678,0.0699
20:49:12.233,6681.0771,333885,-7.948,-64.277,17.834,4.871,0.124,0.8953,0.3735,0.81431,-0.01306,-0.05143,1.0029,-0.0125,-0.0063,-0.06115,0.00946,-0.02785,-0.03158,0.07071,0.52339,0.84856,0.62806,-0.32996,-0.62791,-0.31999,50.29,52.84,0.0635,0.0778
20:49:12.263,6681.0971,333886,-8.017,-65.104,17.826,4.85,0.1379,0.9238,0.3813,0.61553,-0.04796,-0.11671,1.0073,-0.0164,-0.0095,-0.06022,0.01119,-0.02718,-0.03115,0.06915,0.52943,0.84496,0.62783,-0.33082,-0.62812,-0.31914,50.29,52.85,0.0733,0.0744
20:49:12.263,6681.1171,333887,-8.179,-65.541,17.818,4.829,0.113,0.8911,0.4224,0.39463,-0.04517,-0.07514,1.0071,-0.0125,-0.0012,-0.05982,0.01106,-0.02651,-0.03034,0.06679,0.53291,0.84299,0.62836,-0.33029,-0.62759,-0.31969,50.28,52.83,0.0744,0.0746
20:49:12.322,6681.1371,333888,-8.216,-65.979,17.811,4.808,0.1628,0.8584,0.3867,0.36319,-0.16214,0.02891,1.0068,-0.0112,-0.0046,-0.06075,0.00933,-0.02718,-0.03087,0.06777,0.53614,0.84084,0.62832,-0.32934,-0.62763,-0.32067,50.28,52.86,0.0466,0.0748
20:49:12.324,6681.1571,333889,-8.11,-66.496,17.803,4.787,0.1433,0.8684,0.3835,0.37638,-0.17307,0.00906,1.0105,-0.0154,-0.0083,-0.05902,0.01013,-0.02678,-0.03087,0.06827,0.53974,0.83849,0.62809,-0.33017,-0.62785,-0.31985,50.29,52.85,0.05,0.072
20:49:12.325,6681.1771,333890,-8.311,-67.018,17.795,4.766,0.1067,0.886,0.333,0.43473,-0.00533,-0.07354,1.0066,-0.0117,-0.0046,-0.05915,0.01239,-0.02625,-0.03089,0.06652,0.54375,0.83604,0.62843,-0.3294,-0.62752,-0.32062,50.29,52.84,0.0444,0.075
20:49:12.367,6681.1971,333891,-8.502,-67.533,17.787,4.744,0.1189,0.8914,0.3049,0.39969,0.0814,-0.07181,1.0103,-0.0161,-0.0085,-0.05889,0.01186,-0.02585,-0.03148,0.06424,0.54741,0.8338,0.62821,-0.33022,-0.62772,-0.31979,50.28,52.84,0.0422,0.0722
20:49:12.369,6681.2171,333892,-8.77,-67.848,17.779,4.723,0.1057,0.8821,0.3589,0.23848,0.09766,-0.08021,1.0095,-0.0149,-0.0085,-0.05875,0.01172,-0.02598,-0.03167,0.06133,0.54964,0.83255,0.62779,-0.33089,-0.62813,-0.31913,50.29,52.84,0.0486,0.0728
20:49:12.398,6681.2371,333893,-8.943,-68.197,17.772,4.701,0.1499,0.8979,0.3738,0.29004,0.07141,-0.09886,1.0125,-0.0144,-0.0073,-0.05929,0.01159,-0.02571,-0.0326,0.06003,0.55229,0.83085,0.62828,-0.33034,-0.62765,-0.31967,50.28,52.84,0.0681,0.0705
20:49:12.443,6681.2571,333894,-9.051,-68.744,17.764,4.679,0.1326,0.8936,0.3394,0.40742,0.05769,-0.00253,1.0105,-0.0178,-0.0081,-0.05915,0.01239,-0.02638,-0.03373,0.05848,0.55609,0.82838,0.62829,-0.33127,-0.62762,-0.31874,50.27,52.83,0.0538,0.072
20:49:12.444,6681.2771,333895,-9.381,-69.302,17.755,4.657,0.1379,0.856,0.3101,0.50148,0.11032,0.04583,1.0081,-0.0146,-0.0056,-0.05889,0.01252,-0.02585,-0.03568,0.05676,0.56019,0.82565,0.62857,-0.33047,-0.62736,-0.31954,50.28,52.84,0.0206,0.0738
20:49:12.445,6681.2971,333896,-9.784,-70.109,17.747,4.635,0.1074,0.8794,0.2854,0.67695,0.31669,-0.06235,1.0083,-0.0166,-0.0063,-0.05875,0.01226,-0.02598,-0.03785,0.05248,0.56581,0.822,0.62871,-0.33144,-0.62721,-0.31856,50.29,52.85,0.0281,0.0737
20:49:12.473,6681.3171,333897,-10.594,-71.011,17.739,4.613,0.0898,0.9688,0.3025,0.72664,0.41315,-0.08354,1.0107,-0.0127,-0.0076,-0.05809,0.01239,-0.02545,-0.04013,0.04689,0.57218,0.8178,0.62808,-0.33069,-0.62785,-0.31933,50.3,52.84,0.0658,0.0719
20:49:12.488,6681.3371,333898,-11.088,-71.763,17.73,4.59,0.1116,0.926,0.3098,0.59155,0.16574,-0.02372,1.0063,-0.0117,-0.0066,-0.05875,0.01266,-0.02571,-0.04156,0.04395,0.57752,0.81413,0.62779,-0.32969,-0.62815,-0.32033,50.29,52.84,0.0671,0.0752
20:49:12.518,6681.3571,333899,-11.252,-72.296,17.722,4.567,0.1169,0.9326,0.281,0.36545,-0.00093,0.10605,1.0083,-0.0117,-0.0078,-0.05849,0.01239,-0.02558,-0.04317,0.04347,0.581,0.8116,0.62715,-0.33008,-0.62877,-0.31995,50.3,52.83,0.0658,0.0737
20:49:12.548,6681.3771,333900,-11.218,-72.548,17.713,4.544,0.1045,0.8774,0.291,0.21823,-0.04636,0.15162,1.0083,-0.0166,-0.0046,-0.05889,0.01239,-0.02638,-0.04467,0.04341,0.58277,0.81024,0.62796,-0.33041,-0.62797,-0.31961,50.29,52.85,0.0277,0.0737
20:49:12.549,6681.3971,333901,-11.538,-73.101,17.704,4.521,0.1306,0.884,0.2686,0.44153,0.1704,0.14989,1.0095,-0.0144,-0.0088,-0.05822,0.01132,-0.02665,-0.04783,0.04193,0.58628,0.80761,0.62747,-0.33099,-0.62845,-0.31903,50.3,52.85,0.0298,0.0728
20:49:12.579,6681.4171,333902,-12.44,-74.109,17.696,4.498,0.0869,1.0137,0.2571,0.85388,0.51334,0.12923,1.0042,-0.0112,-0.0081,-0.05929,0.01039,-0.02531,-0.05266,0.03687,0.59311,0.80255,0.62726,-0.32998,-0.62867,-0.32006,50.27,52.84,0.043,0.0768
20:49:12.593,6681.4371,333903,-12.902,-75.144,17.686,4.474,0.1262,0.9404,0.2346,0.80019,0.36279,0.08647,1.0046,-0.0146,-0.0103,-0.05849,0.01159,-0.02638,-0.05648,0.03318,0.59979,0.79747,0.62714,-0.33091,-0.62877,-0.31912,50.28,52.86,0.0631,0.0764
20:49:12.608,6681.4571,333904,-13.328,-75.909,17.677,4.45,0.0837,0.9866,0.2141,0.60887,0.22503,0.07647,1.0076,-0.0129,-0.0071,-0.05915,0.01199,-0.02585,-0.05894,0.03014,0.60502,0.79345,0.62767,-0.33035,-0.62826,-0.31968,50.3,52.85,0.0702,0.0742
20:49:12.668,6681.4771,333905,-12.751,-74.489,17.668,4.427,0.3228,0.7004,0.99,-1.20161,-0.67522,0.11898,1.0088,-0.0115,-0.0105,-0.05942,0.01026,-0.02718,-0.05617,0.036,0.5954,0.80065,0.62685,-0.33032,-0.62906,-0.31974,50.28,52.86,0.02,0.0733
20:49:12.669,6681.4971,333906,-12.977,-75.333,17.659,4.403,0.146,0.9741,0.2864,0.69547,0.22796,-0.16308,1.0144,-0.0166,-0.009,-0.06035,0.01172,-0.02691,-0.0577,0.03266,0.60102,0.79648,0.62742,-0.33108,-0.62848,-0.31898,50.29,52.83,0.0607,0.0691
20:49:12.671,6681.5171,333907,-12.98,-75.956,17.65,4.38,0.135,0.9746,0.2136,0.46165,-0.01146,-0.10352,1.0076,-0.0193,-0.0039,-0.06075,0.01226,-0.02638,-0.05769,0.03111,0.60534,0.79326,0.62822,-0.33128,-0.62767,-0.31879,50.29,52.83,0.0749,0.0742
20:49:12.698,6681.5371,333908,-12.804,-76.064,17.641,4.356,0.1113,0.9695,0.1584,0.03238,-0.27845,0.04197,1.0085,-0.0149,-0.0044,-0.05875,0.01599,-0.02411,-0.05692,0.03257,0.60633,0.7925,0.62874,-0.3307,-0.62715,-0.31938,50.28,52.85,0.0715,0.0735
20:49:12.713,6681.5571,333909,-12.171,-75.342,17.632,4.332,0.1394,0.8589,0.22,-0.6471,-0.64684,0.1259,1.011,-0.0159,-0.0073,-0.05836,0.01026,-0.02718,-0.05466,0.03814,0.6014,0.79616,0.62817,-0.33118,-0.62771,-0.3189,50.28,52.84,0.02,0.0716
20:49:12.730,6681.5771,333910,-11.904,-74.705,17.624,4.309,0.134,0.8909,0.2854,-0.49922,-0.39503,-0.0024,1.0093,-0.0151,-0.0098,-0.05915,0.00919,-0.02678,-0.05294,0.04079,0.59697,0.79947,0.6274,-0.33131,-0.62847,-0.31879,50.29,52.85,0.0388,0.0729
20:49:12.758,6681.5971,333911,-12.069,-74.313,17.615,4.286,0.1101,0.9192,0.2769,-0.28978,-0.13749,-0.12151,1.0103,-0.0129,-0.0095,-0.05955,0.01132,-0.02665,-0.05108,0.0395,0.59443,0.80155,0.62695,-0.3304,-0.62892,-0.31973,50.27,52.86,0.0547,0.0722
20:49:12.787,6681.6171,333912,-12.01,-74.042,17.606,4.263,0.1194,0.9128,0.2849,-0.1299,-0.02771,-0.15228,1.0066,-0.0176,-0.0081,-0.05782,0.01412,-0.02451,-0.05034,0.0379,0.5926,0.80303,0.62763,-0.33116,-0.62823,-0.31895,50.28,52.84,0.0527,0.0749
20:49:12.789,6681.6371,333913,-11.937,-74.319,17.597,4.239,0.1104,0.9368,0.271,0.16161,-0.04783,-0.03544,1.009,-0.0164,-0.0088,-0.05862,0.01279,-0.02571,-0.05022,0.03675,0.59445,0.80172,0.62808,-0.33208,-0.62777,-0.31802,50.29,52.85,0.0661,0.0731
20:49:12.818,6681.6571,333914,-11.986,-74.812,17.589,4.216,0.0776,0.9456,0.2549,0.34707,-0.08607,0.13123,1.0127,-0.0193,-0.0117,-0.05782,0.01292,-0.02598,-0.05098,0.03639,0.5976,0.79934,0.62761,-0.33265,-0.62823,-0.31745,50.27,52.84,0.0668,0.0703
20:49:12.833,6681.6771,333915,-12.052,-75.318,17.58,4.192,0.1001,0.9312,0.2217,0.40342,-0.10166,0.08247,1.01,-0.0159,-0.0063,-0.05836,0.01412,-0.02531,-0.05168,0.03639,0.60121,0.79659,0.628,-0.33196,-0.62786,-0.31814,50.28,52.84,0.0518,0.0724
20:49:12.849,6681.6971,333916,-12.186,-75.772,17.571,4.169,0.1479,0.967,0.2495,0.34733,-0.05263,-0.05689,1.0088,-0.012,-0.0046,-0.05809,0.01252,-0.02518,-0.05216,0.03602,0.60444,0.79412,0.62816,-0.33109,-0.62771,-0.31902,50.29,52.83,0.0728,0.0733
20:49:12.908,6681.7171,333917,-12.405,-76.049,17.562,4.145,0.1143,0.915,0.2595,0.31309,-0.04663,-0.03118,1.0093,-0.0129,-0.01,-0.05822,0.01239,-0.02558,-0.05237,0.03495,0.60618,0.79283,0.62736,-0.33083,-0.62851,-0.31929,50.29,52.85,0.0484,0.0729
20:49:12.909,6681.7371,333918,-12.496,-76.459,17.553,4.121,0.1018,0.9229,0.2488,0.36612,-0.04943,0.03357,1.0095,-0.0134,-0.0034,-0.05836,0.01266,-0.02598,-0.05256,0.03368,0.60912,0.79062,0.62798,-0.33044,-0.6279,-0.31967,50.29,52.84,0.0509,0.0728
20:49:12.912,6681.7571,333919,-12.645,-77.03,17.544,4.097,0.0923,0.9915,0.2092,0.42741,-0.13043,0.04104,1.0095,-0.0125,-0.0068,-0.05849,0.01319,-0.02611,-0.05258,0.03344,0.61305,0.78758,0.62764,-0.32948,-0.62824,-0.32064,50.29,52.84,0.0669,0.0728
20:49:12.938,6681.7771,333920,-12.356,-77.451,17.536,4.073,0.1201,0.9968,0.2073,0.28098,-0.23462,0.04836,1.0115,-0.0171,-0.0076,-0.05862,0.01346,-0.02571,-0.05226,0.03452,0.61582,0.78539,0.62795,-0.33042,-0.62793,-0.31969,50.29,52.83,0.0611,0.0712
20:49:12.953,6681.7971,333921,-12.146,-77.855,17.527,4.049,0.1279,0.9514,0.2046,0.27885,-0.14642,0.03717,1.0098,-0.0144,-0.0068,-0.05902,0.01226,-0.02611,-0.05259,0.03511,0.61855,0.7832,0.62863,-0.33113,-0.62725,-0.31897,50.29,52.84,0.0661,0.0726
20:49:12.969,6681.8171,333922,-12.016,-78.205,17.518,4.025,0.106,0.9548,0.1951,0.23982,-0.10312,0.04863,1.0049,-0.0168,-0.0059,-0.05955,0.01106,-0.02665,-0.05286,0.03492,0.62095,0.78129,0.62942,-0.33166,-0.62644,-0.31844,50.29,52.85,0.0652,0.0762
20:49:12.998,6681.8371,333923,-11.94,-77.604,17.509,4.001,0.158,0.9014,0.4199,-0.40276,-0.30603,0.16587,1.0093,-0.0171,-0.0059,-0.05862,0.01159,-0.02625,-0.053,0.03776,0.61685,0.78438,0.62864,-0.3312,-0.62723,-0.31892,50.29,52.83,0.0748,0.0729
20:49:13.028,6681.8571,333924,-11.829,-77.509,17.501,3.977,0.0283,0.9062,0.137,-0.05955,-0.18546,0.15521,1.0027,-0.0168,0.0002,-0.05849,0.01346,-0.02505,-0.05358,0.03908,0.61638,0.78465,0.62935,-0.33088,-0.62652,-0.31922,50.3,52.86,0.02,0.0779
20:49:13.030,6681.8771,333925,-11.902,-78.209,17.492,3.953,0.1267,0.9114,0.168,0.59221,0.04197,0.00906,1.0039,-0.019,-0.0015,-0.05955,0.00946,-0.02638,-0.05484,0.03761,0.62111,0.78089,0.63017,-0.33114,-0.62569,-0.31896,50.3,52.85,0.0315,0.0769
20:49:13.058,6681.8971,333926,-12.047,-78.569,17.483,3.928,0.1248,0.9441,0.1433,0.23995,-0.09859,0.14336,1.0107,-0.0129,-0.0068,-0.05969,0.01013,-0.02798,-0.05611,0.03825,0.62334,0.779,0.62936,-0.3308,-0.6265,-0.31933,50.27,52.85,0.0523,0.0719
20:49:13.073,6681.9171,333927,-12.017,-78.109,17.475,3.904,0.135,0.9314,0.2102,-0.40342,-0.21703,0.2634,1.0081,-0.0132,-0.0066,-0.05782,0.01506,-0.02478,-0.05798,0.0417,0.62007,0.78129,0.62857,-0.33047,-0.6273,-0.31967,50.29,52.84,0.0532,0.0738
20:49:13.103,6681.9371,333928,-11.89,-77.403,17.466,3.88,0.1169,0.9734,0.2478,-0.53279,-0.23236,0.23742,1.0093,-0.0156,-0.0088,-0.05875,0.01132,-0.02718,-0.05834,0.04362,0.61513,0.78505,0.62802,-0.331,-0.62783,-0.31915,50.3,52.83,0.0716,0.0729
20:49:13.104,6681.9571,333929,-11.827,-76.863,17.457,3.857,0.1487,1.0215,0.2544,-0.44619,-0.25647,0.13723,1.0107,-0.0137,-0.0066,-0.05902,0.01106,-0.02625,-0.05796,0.04534,0.61166,0.78769,0.62811,-0.33011,-0.62775,-0.32004,50.29,52.84,0.0326,0.0719
20:49:13.148,6681.9771,333930,-11.269,-76.408,17.449,3.833,0.1484,0.9238,0.2354,-0.41155,-0.41688,0.13869,1.0095,-0.0151,-0.0059,-0.05849,0.01319,-0.02585,-0.05759,0.04956,0.60854,0.78987,0.62868,-0.33095,-0.62717,-0.31919,50.29,52.85,0.0536,0.0728
20:49:13.149,6681.9971,333931,-10.971,-76.031,17.441,3.81,0.1675,0.7988,0.2095,-0.33534,-0.35266,0.00959,1.0093,-0.0164,-0.0078,-0.05849,0.01372,-0.02478,-0.05627,0.05197,0.60586,0.79188,0.62812,-0.33144,-0.62772,-0.3187,50.29,52.85,0.02,0.0729
20:49:13.178,6682.0171,333932,-11.037,-76.025,17.432,3.786,0.1599,0.9329,0.2507,0.00586,0.02545,-0.2197,1.0083,-0.0171,-0.0051,-0.05849,0.01132,-0.02505,-0.05604,0.05043,0.606,0.79188,0.62886,-0.33127,-0.627,-0.31887,50.29,52.85,0.0644,0.0737
20:49:13.193,6682.0371,333933,-11.397,-76.151,17.424,3.763,0.1389,0.9871,0.2578,0.08167,0.04477,-0.16974,1.0125,-0.0115,-0.0056,-0.05902,0.01186,-0.02558,-0.05518,0.04748,0.607,0.79136,0.62844,-0.33037,-0.62743,-0.31977,50.29,52.84,0.0578,0.0706
20:49:13.208,6682.0571,333934,-11.415,-76.201,17.415,3.739,0.1482,0.9861,0.2681,0.10525,-0.06035,-0.02558,1.0103,-0.0168,-0.0103,-0.05875,0.01359,-0.02545,-0.05584,0.04737,0.60713,0.79122,0.62802,-0.33102,-0.62784,-0.31912,50.3,52.84,0.0556,0.0721
20:49:13.268,6682.0771,333935,-11.654,-76.28,17.407,3.716,0.1287,0.9707,0.272,0.14056,-0.06289,0.09539,1.01,-0.0129,-0.0093,-0.05875,0.01386,-0.02531,-0.05635,0.04658,0.60755,0.79091,0.62723,-0.33064,-0.62863,-0.31952,50.29,52.84,0.0678,0.0724
20:49:13.269,6682.0971,333936,-11.964,-76.578,17.398,3.692,0.113,0.9397,0.2495,0.27246,-0.03224,0.05796,1.0044,-0.0127,-0.009,-0.05822,0.01306,-0.02585,-0.05664,0.04509,0.60962,0.78938,0.62681,-0.32966,-0.62905,-0.32052,50.29,52.86,0.0641,0.0766
20:49:13.270,6682.1171,333937,-11.917,-77.002,17.39,3.668,0.1289,0.9404,0.2322,0.31336,-0.0473,-0.03304,1.0071,-0.0173,-0.0042,-0.05822,0.01279,-0.02531,-0.05658,0.04381,0.61258,0.78716,0.62761,-0.33011,-0.62825,-0.32005,50.29,52.86,0.0629,0.0746
20:49:13.313,6682.1371,333938,-11.888,-77.37,17.381,3.645,0.1167,0.9551,0.2312,0.28938,-0.11738,0.09086,1.0066,-0.0134,-0.0039,-0.05836,0.01226,-0.02585,-0.05668,0.04334,0.61522,0.78512,0.62837,-0.32998,-0.6275,-0.32018,50.29,52.84,0.0722,0.075
20:49:13.314,6682.1571,333939,-11.754,-77.902,17.372,3.621,0.1221,0.9614,0.2134,0.35533,-0.19172,0.16867,1.0105,-0.0146,-0.0071,-0.05875,0.01226,-0.02518,-0.05724,0.04432,0.6186,0.78237,0.62808,-0.33074,-0.62778,-0.31941,50.29,52.84,0.0743,0.072
20:49:13.328,6682.1771,333940,-11.764,-78.433,17.364,3.597,0.1628,0.9539,0.2073,0.37585,-0.13376,0.07368,1.0105,-0.0144,-0.0078,-0.05862,0.01146,-0.02585,-0.05837,0.04542,0.62192,0.77958,0.62737,-0.33092,-0.62848,-0.31924,50.29,52.85,0.0722,0.072
20:49:13.388,6682.1971,333941,-11.726,-78.789,17.355,3.572,0.1643,0.9656,0.2092,0.27352,-0.05449,-0.00373,1.0098,-0.0149,-0.0076,-0.05862,0.01146,-0.02545,-0.0595,0.04567,0.62438,0.77751,0.62814,-0.33093,-0.62771,-0.31922,50.29,52.85,0.0788,0.0725
20:49:13.389,6682.2171,333942,-11.669,-79.085,17.347,3.548,0.1555,0.9385,0.2185,0.33321,-0.02611,-0.03291,1.0146,-0.0161,-0.0071,-0.05902,0.01172,-0.02571,-0.06057,0.04527,0.62628,0.77592,0.62866,-0.33174,-0.62718,-0.3184,50.3,52.84,0.062,0.0689
20:49:13.390,6682.2371,333943,-12.053,-79.83,17.338,3.524,0.1304,0.9585,0.1946,0.58489,0.0493,-0.07901,1.0083,-0.0154,-0.0068,-0.05889,0.01106,-0.02598,-0.06068,0.04253,0.63125,0.77203,0.62822,-0.33081,-0.62764,-0.31934,50.29,52.85,0.07,0.0737
20:49:13.418,6682.2571,333944,-12.268,-80.659,17.33,3.499,0.1372,0.9614,0.1731,0.61286,0.00373,-0.0445,1.0095,-0.0132,-0.0105,-0.05782,0.01186,-0.02571,-0.06118,0.04086,0.63652,0.76774,0.62745,-0.33085,-0.6284,-0.31931,50.29,52.83,0.0698,0.0728
20:49:13.434,6682.2771,333945,-12.278,-81.254,17.321,3.474,0.136,0.9753,0.1604,0.44006,-0.0493,-0.02332,1.0112,-0.0166,-0.0032,-0.05809,0.01266,-0.02531,-0.06139,0.03979,0.64056,0.76442,0.6282,-0.33081,-0.62765,-0.31934,50.29,52.83,0.0783,0.0715
20:49:13.448,6682.2971,333946,-12.484,-81.644,17.312,3.449,0.1584,1.0266,0.189,0.36652,-0.06781,-0.03024,1.0066,-0.0142,-0.0071,-0.05822,0.01252,-0.02571,-0.06206,0.03952,0.64299,0.76233,0.62744,-0.3302,-0.62842,-0.31996,50.29,52.83,0.0381,0.075
20:49:13.493,6682.3171,333947,-12.527,-82.138,17.304,3.424,0.1316,1.0159,0.2019,0.47897,-0.08887,0.05343,1.0044,-0.0129,-0.0103,-0.05836,0.01186,-0.02598,-0.06261,0.03903,0.64598,0.75978,0.62685,-0.33072,-0.62899,-0.31944,50.28,52.85,0.0469,0.0766
20:49:13.494,6682.3371,333948,-12.367,-82.851,17.295,3.399,0.106,0.9575,0.1162,0.56863,-0.14869,0.10352,1.0093,-0.0168,-0.0076,-0.05849,0.01146,-0.02491,-0.06299,0.03919,0.65068,0.75572,0.62764,-0.33117,-0.62821,-0.31898,50.3,52.84,0.0577,0.0729
20:49:13.508,6682.3571,333949,-12.425,-83.517,17.286,3.374,0.115,0.9214,0.1003,0.57023,-0.10272,0.01306,1.0112,-0.0137,-0.0056,-0.05782,0.01279,-0.02478,-0.06324,0.03867,0.65513,0.75187,0.62811,-0.33058,-0.62775,-0.31957,50.28,52.85,0.0305,0.0715
20:49:13.538,6682.3771,333950,-12.484,-84.17,17.277,3.348,0.1367,0.937,0.0786,0.49389,-0.0493,-0.11964,1.0063,-0.0144,-0.0078,-0.05782,0.01239,-0.02571,-0.06292,0.03709,0.65914,0.74847,0.62753,-0.33107,-0.62832,-0.31908,50.29,52.84,0.0426,0.0752
20:49:13.554,6682.3971,333951,-12.494,-84.705,17.269,3.322,0.1501,0.9683,0.1089,0.37345,-0.01106,-0.12337,1.009,-0.0166,-0.0107,-0.05875,0.01159,-0.02638,-0.0632,0.03576,0.66236,0.74566,0.62728,-0.33189,-0.62855,-0.31826,50.29,52.83,0.0694,0.0731
20:49:13.568,6682.4171,333952,-12.654,-85.228,17.26,3.297,0.1245,0.9756,0.1018,0.39476,-0.05582,-0.08474,1.0093,-0.0139,-0.0083,-0.05809,0.01172,-0.02558,-0.06262,0.03406,0.66584,0.74268,0.6275,-0.33106,-0.62835,-0.31909,50.29,52.85,0.0716,0.0729
20:49:13.616,6682.4371,333953,-12.556,-85.612,17.251,3.271,0.0913,0.9932,0.1606,0.43846,-0.07927,-0.05809,1.0088,-0.0166,-0.0085,-0.05889,0.01146,-0.02625,-0.06211,0.0325,0.66831,0.74057,0.62814,-0.33184,-0.6277,-0.3183,50.27,52.84,0.0723,0.0733
20:49:13.617,6682.4571,333954,-12.701,-86.017,17.243,3.245,0.1577,0.928,0.0784,0.34334,-0.11111,0.0397,1.0078,-0.0142,-0.0073,-0.05822,0.01239,-0.02571,-0.0629,0.03294,0.67091,0.73813,0.62798,-0.33085,-0.62788,-0.31929,50.29,52.85,0.0384,0.0741
20:49:13.629,6682.4771,333955,-12.492,-86.181,17.234,3.218,0.1509,0.957,0.0872,0.12777,-0.1323,0.11738,1.0049,-0.0164,-0.0073,-0.05889,0.01186,-0.02545,-0.06437,0.03455,0.6719,0.73703,0.62853,-0.33176,-0.62731,-0.31837,50.29,52.84,0.0596,0.0762
20:49:13.658,6682.4971,333956,-12.661,-86.087,17.225,3.192,0.1155,0.9863,0.1064,0.01092,-0.14003,0.1291,1.0071,-0.0122,-0.0071,-0.05875,0.01199,-0.02611,-0.06435,0.03462,0.67132,0.73755,0.62808,-0.33082,-0.62778,-0.31933,50.3,52.84,0.079,0.0746
20:49:13.673,6682.5171,333957,-12.512,-86.156,17.216,3.166,0.106,1.01,0.1062,0.09473,-0.14949,0.06742,1.012,-0.0161,-0.0078,-0.05902,0.01146,-0.02571,-0.06384,0.03432,0.67169,0.73728,0.6281,-0.33174,-0.62774,-0.3184,50.3,52.84,0.0642,0.0709
20:49:13.688,6682.5371,333958,-12.681,-86.438,17.208,3.14,0.1187,0.9712,0.0859,0.21557,-0.11018,-0.03357,1.0076,-0.0122,-0.0071,-0.05889,0.01172,-0.02611,-0.06292,0.03311,0.67356,0.7357,0.62786,-0.33075,-0.62799,-0.3194,50.29,52.84,0.0666,0.0742
20:49:13.734,6682.5571,333959,-12.699,-86.653,17.199,3.114,0.1392,0.9417,0.0715,0.17027,-0.02358,-0.09459,1.0122,-0.0149,-0.0068,-0.05902,0.01252,-0.02518,-0.06315,0.03201,0.67502,0.73439,0.62863,-0.33083,-0.62723,-0.31931,50.29,52.83,0.046,0.0708
20:49:13.735,6682.5771,333960,-12.848,-86.992,17.19,3.088,0.1313,0.9641,0.0664,0.19985,0.03384,-0.16747,1.0103,-0.0159,-0.0088,-0.05836,0.01212,-0.02558,-0.06299,0.02974,0.67691,0.73276,0.62803,-0.33124,-0.62782,-0.31891,50.28,52.85,0.0614,0.0722
20:49:13.749,6682.5971,333961,-12.947,-87.187,17.181,3.061,0.1343,1.0144,0.0874,0.28765,0.02438,-0.13683,1.0066,-0.0164,-0.0066,-0.05796,0.01252,-0.02505,-0.06337,0.02789,0.67822,0.73159,0.62883,-0.33126,-0.62703,-0.31888,50.29,52.86,0.0598,0.0749
20:49:13.778,6682.6171,333962,-13.173,-87.425,17.173,3.035,0.1101,1.0071,0.0908,0.27272,-0.06142,0.00053,1.0134,-0.0127,-0.0073,-0.05902,0.01239,-0.02571,-0.06314,0.02652,0.6796,0.73038,0.62815,-0.33061,-0.62771,-0.31954,50.29,52.84,0.0671,0.0699
20:49:13.794,6682.6371,333963,-13.303,-87.771,17.164,3.009,0.1282,0.9839,0.0686,0.20544,-0.0926,0.07794,1.009,-0.0122,-0.0081,-0.05756,0.01252,-0.02531,-0.06432,0.02726,0.68158,0.72841,0.62736,-0.33017,-0.6285,-0.31999,50.29,52.84,0.0759,0.0732
20:49:13.808,6682.6571,333964,-13.277,-88.009,17.155,2.982,0.1477,0.989,0.0618,0.19478,-0.05556,0.02731,1.0112,-0.0151,-0.0039,-0.05796,0.01172,-0.02465,-0.06587,0.02789,0.68313,0.72679,0.62814,-0.33026,-0.62773,-0.31989,50.29,52.83,0.0786,0.0715
20:49:13.867,6682.6771,333965,-13.512,-88.134,17.146,2.956,0.1301,1.0554,0.0857,0.15615,-0.05982,-0.05462,1.0039,-0.0107,-0.0071,-0.05836,0.01172,-0.02518,-0.06576,0.02681,0.68379,0.72621,0.6274,-0.32953,-0.62847,-0.32063,50.29,52.85,0.0299,0.077
20:49:13.869,6682.6971,333966,-13.332,-88.384,17.137,2.929,0.1379,1.1064,0.1096,0.25447,-0.13949,-0.00586,1.01,-0.0122,-0.0076,-0.05849,0.01186,-0.02558,-0.06559,0.02671,0.68529,0.72482,0.62763,-0.3305,-0.62823,-0.31966,50.29,52.83,0.02,0.0724
20:49:13.872,6682.7171,333967,-13.258,-89.049,17.128,2.902,0.1289,0.9612,0.0457,0.53066,-0.22156,0.15388,1.0103,-0.012,-0.0059,-0.05809,0.01199,-0.02558,-0.06624,0.02837,0.68957,0.72062,0.62801,-0.3298,-0.62787,-0.32035,50.28,52.84,0.0582,0.0722
20:49:13.898,6682.7371,333968,-13.149,-89.873,17.119,2.875,0.1406,0.9167,0.0034,0.66749,-0.10512,0.01452,1.0085,-0.0146,-0.0083,-0.05836,0.01279,-0.02558,-0.06668,0.02804,0.69445,0.7159,0.62778,-0.33064,-0.62808,-0.31951,50.28,52.84,0.0256,0.0735
20:49:13.913,6682.7571,333969,-13.312,-90.577,17.111,2.848,0.1191,0.9478,-0.0071,0.5272,0.01452,-0.16081,1.01,-0.0134,-0.0093,-0.05889,0.01252,-0.02505,-0.06643,0.02554,0.69849,0.71207,0.62705,-0.33077,-0.6288,-0.31939,50.3,52.84,0.0465,0.0724
20:49:13.928,6682.7771,333970,-13.46,-91.033,17.102,2.821,0.1162,0.96,0.0239,0.44966,0.03757,-0.13576,1.0083,-0.0139,-0.0063,-0.05862,0.01132,-0.02625,-0.0659,0.02241,0.70134,0.70942,0.62776,-0.33055,-0.6281,-0.3196,50.28,52.85,0.0555,0.0737
20:49:13.973,6682.7971,333971,-13.61,-91.532,17.093,2.793,0.0962,0.9893,0.0061,0.40396,-0.11298,-0.00413,1.0085,-0.0078,-0.0068,-0.05889,0.01159,-0.02651,-0.06498,0.02111,0.70439,0.70652,0.62742,-0.32959,-0.62845,-0.32058,50.29,52.84,0.0755,0.0736
20:49:13.976,6682.8171,333972,-13.331,-92.03,17.084,2.766,0.1006,1.0225,0.0154,0.48563,-0.20624,0.05383,1.0107,-0.0132,-0.0073,-0.05875,0.01266,-0.02625,-0.06409,0.02103,0.70747,0.70352,0.62786,-0.3305,-0.62801,-0.31965,50.27,52.85,0.0593,0.0719
20:49:13.988,6682.8371,333973,-13.284,-92.717,17.075,2.738,0.1104,0.9927,0.0007,0.66829,-0.21144,-0.05702,1.0115,-0.0125,-0.0059,-0.05915,0.01186,-0.02585,-0.06212,0.0198,0.71183,0.69932,0.62817,-0.32976,-0.6277,-0.32039,50.31,52.84,0.0791,0.0713
20:49:14.018,6682.8571,333974,-13.244,-93.58,17.066,2.71,0.125,0.9395,-0.0334,0.68068,-0.16401,-0.20011,1.0056,-0.0115,-0.0066,-0.05889,0.01132,-0.02571,-0.06075,0.01856,0.71685,0.69432,0.62736,-0.32971,-0.62851,-0.32045,50.29,52.85,0.0413,0.0757
20:49:14.048,6682.8771,333975,-13.153,-94.17,17.058,2.682,0.136,1.0308,-0.0278,0.54145,-0.0389,-0.17773,1.0078,-0.0151,-0.0063,-0.05836,0.01199,-0.02598,-0.06086,0.01708,0.72035,0.69072,0.62806,-0.33043,-0.62781,-0.31972,50.3,52.85,0.0499,0.0741
20:49:14.049,6682.8971,333976,-13.119,-94.734,17.049,2.654,0.1177,1.0481,-0.0259,0.53559,-0.01092,-0.05356,1.0107,-0.0144,-0.0071,-0.05889,0.01186,-0.02611,-0.06137,0.01562,0.72346,0.68745,0.628,-0.33133,-0.62785,-0.31881,50.29,52.86,0.0387,0.0719
20:49:14.092,6682.9171,333977,-13.34,-95.577,17.04,2.625,0.0996,0.9917,-0.0938,0.60967,-0.00413,-0.02438,1.0073,-0.0125,-0.0088,-0.05942,0.01159,-0.02625,-0.06184,0.01411,0.7282,0.68242,0.62734,-0.33056,-0.62852,-0.3196,50.3,52.86,0.0792,0.0744
20:49:14.094,6682.9371,333978,-13.543,-96.18,17.031,2.597,0.1201,0.9199,-0.0825,0.46604,0.02025,-0.04596,1.0093,-0.0115,-0.0103,-0.05889,0.01226,-0.02651,-0.06274,0.01271,0.73139,0.67895,0.62653,-0.33031,-0.62932,-0.31986,50.29,52.84,0.0285,0.0729
20:49:14.108,6682.9571,333979,-13.651,-96.724,17.022,2.568,0.1106,0.9536,-0.1008,0.42328,0.04863,-0.11631,1.0068,-0.0129,-0.0066,-0.05875,0.01186,-0.02545,-0.06324,0.01055,0.73453,0.67554,0.62731,-0.33023,-0.62855,-0.31993,50.27,52.83,0.054,0.0748
20:49:14.138,6682.9771,333980,-13.676,-97.148,17.013,2.539,0.1123,1.05,-0.0801,0.40063,-0.00346,-0.07661,1.0071,-0.0137,-0.0107,-0.05915,0.01159,-0.02571,-0.0635,0.00884,0.73669,0.67319,0.62689,-0.33092,-0.62895,-0.31924,50.29,52.84,0.0357,0.0746
20:49:14.153,6682.9971,333981,-13.801,-97.654,17.004,2.51,0.0874,1.0266,-0.0801,0.46817,-0.08487,-0.00866,1.0068,-0.0125,-0.0107,-0.05796,0.01146,-0.02531,-0.06302,0.00759,0.73942,0.67024,0.62612,-0.33035,-0.62973,-0.31983,50.28,52.85,0.0549,0.0748
20:49:14.168,6683.0171,333982,-13.864,-98.41,16.996,2.481,0.0967,0.981,-0.1204,0.57423,0.00626,-0.11525,1.0156,-0.0117,-0.0061,-0.05862,0.01226,-0.02598,-0.06295,0.0054,0.74375,0.66546,0.62676,-0.33011,-0.62909,-0.32006,50.27,52.83,0.0748,0.0682
20:49:14.214,6683.0371,333983,-13.916,-99.096,16.987,2.451,0.1145,0.9631,-0.1355,0.5268,0.05316,-0.26966,1.0134,-0.0156,-0.0051,-0.05875,0.01319,-0.02491,-0.0627,0.00222,0.74758,0.6612,0.62753,-0.33033,-0.62833,-0.31983,50.3,52.84,0.0645,0.0699
20:49:14.215,6683.0571,333984,-13.993,-99.665,16.978,2.422,0.0925,0.9456,-0.158,0.4318,0.09979,-0.14735,1.0134,-0.0156,-0.0063,-0.05902,0.01239,-0.02571,-0.06329,-0.00061,0.75065,0.65766,0.62828,-0.33079,-0.62758,-0.31936,50.31,52.84,0.0524,0.0698
20:49:14.228,6683.0771,333985,-13.986,-100.154,16.969,2.392,0.0706,0.9832,-0.1582,0.31283,0.05596,0.05396,1.0115,-0.0176,-0.0081,-0.05849,0.01239,-0.02585,-0.06431,-0.00204,0.7531,0.65475,0.62824,-0.33169,-0.6276,-0.31845,50.28,52.84,0.0788,0.0712
20:49:14.258,6683.0971,333986,-14.145,-100.465,16.96,2.362,0.0823,1.0195,-0.1265,0.31616,-0.0421,0.06635,1.0056,-0.0134,-0.0105,-0.05915,0.01226,-0.02558,-0.06476,-0.00275,0.75458,0.653,0.62742,-0.33127,-0.62843,-0.31888,50.28,52.85,0.057,0.0757
20:49:14.273,6683.1171,333987,-14.112,-100.993,16.951,2.333,0.082,0.9575,-0.1223,0.51068,-0.07608,-0.03264,1.0059,-0.0151,-0.012,-0.05929,0.01252,-0.02585,-0.06448,-0.00396,0.75727,0.64989,0.62675,-0.33165,-0.62908,-0.31851,50.29,52.85,0.0566,0.0754
20:49:14.288,6683.1371,333988,-14.1,-101.675,16.942,2.302,0.0928,0.9302,-0.2021,0.55611,-0.11884,-0.20198,1.0137,-0.0132,-0.0078,-0.05889,0.01306,-0.02545,-0.06311,-0.00581,0.76117,0.64545,0.62718,-0.33105,-0.62866,-0.31912,50.29,52.84,0.0473,0.0696
20:49:14.332,6683.1571,333989,-14.337,-102.303,16.933,2.272,0.0872,0.9629,-0.1794,0.44379,0.01172,-0.26673,1.0056,-0.0132,-0.0095,-0.05969,0.01252,-0.02531,-0.06227,-0.00896,0.76441,0.64165,0.62688,-0.33005,-0.62897,-0.32013,50.29,52.85,0.0675,0.0757
20:49:14.348,6683.1771,333990,-14.384,-102.906,16.924,2.242,0.0852,0.9812,-0.1729,0.43034,0.05369,-0.10525,1.0107,-0.0137,-0.0066,-0.05915,0.01306,-0.02598,-0.06308,-0.01089,0.76761,0.63771,0.62767,-0.33028,-0.62818,-0.31989,50.29,52.84,0.08,0.0719
20:49:14.349,6683.1971,333991,-14.397,-103.605,16.915,2.211,0.0874,0.9822,-0.2007,0.4739,-0.02558,0.01532,1.0146,-0.0127,-0.0085,-0.05915,0.01239,-0.02638,-0.0639,-0.01155,0.77111,0.63338,0.627,-0.33047,-0.62885,-0.3197,50.3,52.84,0.0753,0.069
20:49:14.393,6683.2171,333992,-14.21,-104.067,16.906,2.181,0.0959,1.0227,-0.2065,0.37491,-0.10059,0.00839,1.0117,-0.0164,-0.009,-0.05889,0.01319,-0.02625,-0.06438,-0.01152,0.77366,0.63021,0.62755,-0.3313,-0.62829,-0.31886,50.29,52.84,0.0442,0.0711
20:49:14.394,6683.2371,333993,-14.249,-104.361,16.897,2.15,0.0864,1.0078,-0.1814,0.37851,-0.12204,-0.0032,1.01,-0.0142,-0.0068,-0.05836,0.01292,-0.02545,-0.06429,-0.01181,0.77537,0.62811,0.62802,-0.33069,-0.62784,-0.31946,50.28,52.86,0.0593,0.0724
20:49:14.408,6683.2571,333994,-14.318,-104.914,16.888,2.119,0.1135,1.0039,-0.2183,0.46285,0.03944,0.11311,1.0073,-0.0146,-0.0068,-0.05875,0.01199,-0.02545,-0.06688,-0.01162,0.77827,0.62425,0.62884,-0.33088,-0.62702,-0.31927,50.28,52.85,0.0548,0.0744
20:49:14.454,6683.2771,333995,-14.551,-105.351,16.878,2.088,0.0667,1.0186,-0.2151,0.41395,0.08154,0.17147,1.01,-0.0154,-0.0042,-0.05889,0.01386,-0.02611,-0.06875,-0.01239,0.78046,0.62129,0.62931,-0.33027,-0.62656,-0.31986,50.29,52.84,0.0476,0.0724
20:49:14.455,6683.2971,333996,-14.535,-105.812,16.869,2.057,0.0774,1.0063,-0.217,0.42501,-0.02092,0.07834,1.0046,-0.0159,-0.0083,-0.05915,0.01266,-0.02598,-0.06926,-0.01326,0.78261,0.6185,0.6287,-0.33076,-0.62716,-0.31939,50.29,52.83,0.0557,0.0764
20:49:14.468,6683.3171,333997,-14.443,-106.419,16.86,2.026,0.0562,0.9607,-0.2678,0.41342,-0.09726,0.06795,1.0093,-0.0144,-0.0105,-0.05902,0.01199,-0.02558,-0.06906,-0.01365,0.78563,0.61467,0.62798,-0.33096,-0.62787,-0.31919,50.3,52.83,0.0792,0.0729
20:49:14.498,6683.3371,333998,-14.294,-106.747,16.851,1.994,0.0906,0.9929,-0.2412,0.32895,-0.14123,-0.0437,1.0125,-0.0168,-0.0051,-0.05889,0.01212,-0.02505,-0.0676,-0.01483,0.78758,0.61231,0.62875,-0.33106,-0.6271,-0.31908,50.29,52.84,0.0607,0.0705
20:49:14.513,6683.3571,333999,-14.169,-107.198,16.842,1.963,0.1216,0.9626,-0.2415,0.37744,-0.168,-0.04197,1.0088,-0.0168,-0.0088,-0.05902,0.01199,-0.02531,-0.06812,-0.01414,0.78982,0.60938,0.62816,-0.33151,-0.62768,-0.31864,50.3,52.84,0.0799,0.0733
20:49:14.528,6683.3771,334000,-14.267,-107.747,16.834,1.931,0.0779,1.001,-0.2654,0.45698,-0.0473,0.07381,1.012,-0.0142,-0.0056,-0.05875,0.01199,-0.02611,-0.06836,-0.01483,0.79267,0.60562,0.62838,-0.33071,-0.62747,-0.31944,50.29,52.85,0.0511,0.0709
20:49:14.558,6683.3971,334001,-14.412,-108.165,16.825,1.899,0.0884,0.9739,-0.2554,0.44046,-0.04024,0.23995,1.0115,-0.0103,-0.0081,-0.05929,0.01226,-0.02585,-0.06993,-0.01409,0.79461,0.60292,0.62767,-0.3301,-0.62819,-0.32007,50.29,52.84,0.072,0.0713
20:49:14.574,6683.4171,334002,-14.253,-108.534,16.816,1.868,0.0981,0.9983,-0.2563,0.40262,-0.09593,0.20065,1.0103,-0.0142,-0.0083,-0.05889,0.01172,-0.02598,-0.07132,-0.01291,0.79644,0.60035,0.62762,-0.33101,-0.62823,-0.31915,50.28,52.84,0.0535,0.0722
20:49:14.588,6683.4371,334003,-14.407,-109.082,16.807,1.836,0.1401,0.9453,-0.2556,0.50828,-0.10299,-0.02052,1.0068,-0.012,-0.0078,-0.05955,0.01199,-0.02478,-0.07234,-0.01272,0.79915,0.59662,0.62742,-0.33001,-0.62844,-0.32016,50.29,52.85,0.0719,0.0748
20:49:14.618,6683.4571,334004,-14.39,-109.783,16.798,1.804,0.1211,0.9897,-0.2842,0.61166,0.06368,-0.13936,1.0063,-0.0154,-0.0088,-0.05889,0.01186,-0.02571,-0.07368,-0.01478,0.80239,0.59205,0.62761,-0.33101,-0.62824,-0.31915,50.28,52.87,0.0524,0.0752
20:49:14.633,6683.4771,334005,-14.356,-110.629,16.789,1.771,0.0774,0.9917,-0.3113,0.67442,0.10792,-0.07461,1.0105,-0.0161,-0.0095,-0.05875,0.01306,-0.02571,-0.07423,-0.01773,0.80626,0.58661,0.62753,-0.3319,-0.6283,-0.31825,50.29,52.84,0.0483,0.072
20:49:14.678,6683.4971,334006,-14.41,-111.472,16.78,1.739,0.0776,0.9756,-0.3171,0.71572,0.02252,0.01132,1.0103,-0.0166,-0.0088,-0.05875,0.01319,-0.02665,-0.0744,-0.01964,0.81042,0.58078,0.62811,-0.33145,-0.62774,-0.3187,50.3,52.85,0.0584,0.0721
20:49:14.679,6683.5171,334007,-14.424,-112.41,16.771,1.706,0.0684,0.9607,-0.354,0.7341,-0.08553,0.10192,1.0078,-0.0115,-0.0083,-0.05902,0.01199,-0.02558,-0.07447,-0.01997,0.81495,0.57438,0.62756,-0.33057,-0.6283,-0.31959,50.29,52.85,0.0604,0.0741
20:49:14.694,6683.5371,334008,-14.221,-113.487,16.762,1.673,0.1162,0.9146,-0.3804,0.80365,-0.10006,-0.09313,1.0107,-0.0137,-0.0103,-0.05889,0.01146,-0.02598,-0.07411,-0.02122,0.82004,0.56709,0.62695,-0.33098,-0.62889,-0.31919,50.29,52.85,0.078,0.0719
20:49:14.708,6683.5571,334009,-14.387,-114.502,16.753,1.639,0.1501,0.959,-0.3662,0.85161,0.05449,-0.29964,1.01,-0.0117,-0.0066,-0.05915,0.01172,-0.02518,-0.07444,-0.02472,0.82464,0.56019,0.62739,-0.33034,-0.62847,-0.31983,50.29,52.85,0.0519,0.0724
20:49:14.738,6683.5771,334010,-14.498,-115.435,16.744,1.606,0.1375,0.9954,-0.3779,0.75795,0.16601,-0.19199,1.0071,-0.0129,-0.0093,-0.05889,0.01132,-0.02678,-0.07589,-0.02822,0.82842,0.55422,0.62684,-0.33087,-0.62901,-0.3193,50.28,52.85,0.0248,0.0746
20:49:14.753,6683.5971,334011,-14.687,-116.352,16.735,1.572,0.0789,0.9741,-0.4219,0.74223,0.17453,0.01346,1.0132,-0.0137,-0.0068,-0.05915,0.01186,-0.02638,-0.07785,-0.03051,0.83239,0.54784,0.6275,-0.33061,-0.62836,-0.31955,50.3,52.86,0.0316,0.07
20:49:14.768,6683.6171,334012,-14.791,-117.218,16.726,1.538,0.0945,0.9521,-0.4392,0.6948,0.01452,0.02798,1.009,-0.011,-0.0054,-0.05902,0.01266,-0.02585,-0.07874,-0.03163,0.83629,0.54167,0.62782,-0.32986,-0.62805,-0.3203,50.29,52.84,0.0404,0.0732
20:49:14.798,6683.6371,334013,-14.446,-117.917,16.717,1.503,0.1118,0.9695,-0.4114,0.67109,-0.24581,-0.05209,1.0076,-0.0125,-0.0083,-0.05915,0.01199,-0.02585,-0.07745,-0.03174,0.83962,0.53668,0.62728,-0.3304,-0.62858,-0.31977,50.29,52.84,0.0357,0.0742
20:49:14.813,6683.6571,334014,-14.185,-118.532,16.708,1.469,0.1189,0.968,-0.4102,0.6571,-0.33454,-0.11604,1.0078,-0.0117,-0.0063,-0.05929,0.01146,-0.02531,-0.07508,-0.03189,0.84289,0.53186,0.62779,-0.32982,-0.62808,-0.32034,50.29,52.86,0.0365,0.0741
20:49:14.828,6683.6771,334015,-13.722,-119.342,16.699,1.434,0.0894,0.9565,-0.4509,0.74916,-0.21264,-0.09846,1.0063,-0.0127,-0.0066,-0.05889,0.01226,-0.02585,-0.07295,-0.03313,0.84686,0.52575,0.62823,-0.33078,-0.62762,-0.31937,50.29,52.83,0.0341,0.0752
20:49:14.858,6683.6971,334016,-13.61,-120.25,16.691,1.399,0.0732,0.9412,-0.4854,0.74876,-0.14322,-0.10112,1.0061,-0.0125,-0.0073,-0.05836,0.01186,-0.02611,-0.0716,-0.0346,0.85087,0.51933,0.62754,-0.33002,-0.62832,-0.32015,50.3,52.85,0.0339,0.0753
20:49:14.874,6683.7171,334017,-13.214,-121.165,16.682,1.364,0.0408,0.8845,-0.4722,0.76115,-0.10765,-0.16587,1.0095,-0.0154,-0.0103,-0.05915,0.01199,-0.02611,-0.06939,-0.03729,0.85494,0.51271,0.62735,-0.33086,-0.6285,-0.3193,50.29,52.85,0.0774,0.0727
20:49:14.888,6683.7371,334018,-13.029,-121.886,16.673,1.329,0.0735,0.9058,-0.4719,0.7357,-0.2161,-0.36106,1.0127,-0.0129,-0.0085,-0.05902,0.01132,-0.02611,-0.06559,-0.0409,0.85823,0.50741,0.62738,-0.32997,-0.62848,-0.3202,50.3,52.84,0.062,0.0704
20:49:14.918,6683.7571,334019,-12.382,-122.716,16.665,1.293,0.0989,0.8738,-0.4919,0.74649,-0.42021,-0.50361,1.0073,-0.0132,-0.0085,-0.05915,0.01159,-0.02558,-0.06113,-0.04353,0.86221,0.50096,0.62743,-0.33094,-0.62842,-0.31922,50.29,52.84,0.0743,0.0744
20:49:14.933,6683.7771,334020,-11.793,-123.682,16.657,1.258,0.1064,0.8564,-0.5081,0.84802,-0.36532,-0.40436,1.0129,-0.0181,-0.0125,-0.05902,0.01106,-0.02598,-0.05772,-0.04561,0.86664,0.49349,0.62721,-0.33173,-0.62863,-0.31842,50.29,52.84,0.0789,0.0701
20:49:14.948,6683.7971,334021,-11.446,-124.62,16.649,1.222,0.03,0.8411,-0.5579,0.79912,-0.22503,-0.17613,1.0117,-0.0161,-0.0066,-0.05875,0.01252,-0.02611,-0.05505,-0.04732,0.87094,0.48599,0.62785,-0.33142,-0.62799,-0.31873,50.29,52.85,0.0727,0.0711
20:49:14.979,6683.8171,334022,-11.384,-125.513,16.641,1.185,0.001,0.8804,-0.5669,0.75742,-0.05929,-0.14842,1.0078,-0.0132,-0.0081,-0.05862,0.01266,-0.02651,-0.05378,-0.0497,0.87456,0.47936,0.62752,-0.33045,-0.62834,-0.31971,50.3,52.84,0.0447,0.0741
20:49:14.994,6683.8371,334023,-11.188,-126.539,16.633,1.149,0.0281,0.8298,-0.564,0.81351,-0.11511,-0.28378,1.0122,-0.0085,-0.0085,-0.05889,0.01132,-0.02598,-0.05141,-0.05294,0.87869,0.47165,0.62699,-0.32961,-0.62887,-0.32056,50.29,52.86,0.0772,0.0708
20:49:15.008,6683.8571,334024,-10.917,-127.479,16.625,1.112,0.0781,0.8376,-0.5676,0.80831,-0.09033,-0.37185,1.011,-0.0134,-0.0078,-0.05862,0.01212,-0.02518,-0.05055,-0.05617,0.88239,0.46441,0.62759,-0.3304,-0.62827,-0.31976,50.3,52.82,0.0689,0.0717
20:49:15.038,6683.8771,334025,-10.76,-128.417,16.617,1.075,0.0159,0.8411,-0.6182,0.73264,0.04423,-0.11125,1.0063,-0.0125,-0.01,-0.05915,0.01186,-0.02571,-0.05064,-0.0585,0.88582,0.45753,0.62685,-0.33059,-0.629,-0.31957,50.3,52.84,0.047,0.0752
20:49:15.068,6683.8971,334026,-10.723,-129.338,16.609,1.038,-0.0095,0.9458,-0.5793,0.78966,0.07421,-0.05862,1.0081,-0.012,-0.0105,-0.05969,0.01106,-0.02585,-0.05146,-0.06041,0.88906,0.45087,0.62602,-0.33036,-0.62982,-0.31983,50.29,52.84,0.02,0.0738
20:49:15.070,6683.9171,334027,-10.488,-130.418,16.602,1.0,-0.0151,0.8799,-0.6301,0.97952,0.03651,-0.03277,1.0103,-0.0122,-0.011,-0.05955,0.01159,-0.02531,-0.05175,-0.0621,0.89321,0.44232,0.62678,-0.33086,-0.62905,-0.31932,50.29,52.85,0.02,0.0722
20:49:15.098,6683.9371,334028,-10.482,-131.621,16.594,0.962,0.0798,0.7053,-0.6719,0.94528,0.07674,0.01625,1.0093,-0.0112,-0.0056,-0.05875,0.01146,-0.02598,-0.05324,-0.06318,0.89761,0.43298,0.62728,-0.33029,-0.62857,-0.31989,50.28,52.84,0.063,0.073
20:49:15.113,6683.9571,334029,-10.735,-132.361,16.586,0.924,0.0784,0.5964,-0.7402,0.50814,0.27979,0.25487,1.0046,-0.0137,-0.0068,-0.05942,0.01146,-0.02585,-0.05766,-0.06287,0.89997,0.42752,0.62812,-0.33049,-0.62773,-0.31968,50.29,52.84,0.0454,0.0765
20:49:15.158,6683.9771,334030,-11.14,-132.142,16.578,0.886,0.053,0.8503,-0.613,-0.2181,0.15628,0.34867,1.0137,-0.0127,-0.0081,-0.05995,0.01106,-0.02571,-0.06182,-0.06078,0.89871,0.4299,0.62734,-0.33031,-0.6285,-0.31989,50.3,52.85,0.0428,0.0696
20:49:15.159,6683.9971,334031,-11.226,-131.75,16.57,0.848,0.0127,0.9321,-0.6179,-0.32762,-0.01745,0.35519,1.0112,-0.0127,-0.0085,-0.05995,0.01026,-0.02665,-0.06434,-0.05789,0.89722,0.43303,0.62715,-0.33116,-0.62867,-0.31905,50.29,52.84,0.02,0.0715
20:49:15.173,6684.0171,334032,-11.415,-131.724,16.562,0.81,0.1143,0.8279,-0.6316,-0.03571,-0.06502,0.16467,1.0081,-0.012,-0.0112,-0.06102,0.00946,-0.02705,-0.06629,-0.05628,0.89691,0.43358,0.62633,-0.33068,-0.62947,-0.31958,50.3,52.85,0.0443,0.0738
20:49:15.188,6684.0371,334033,-11.444,-131.606,16.554,0.772,0.1213,0.7571,-0.6812,-0.13643,-0.19279,0.08753,1.0042,-0.0134,-0.0066,-0.06049,0.01212,-0.02545,-0.06655,-0.05482,0.8967,0.43417,0.6271,-0.33055,-0.6287,-0.31972,50.29,52.85,0.0608,0.0768
20:49:15.218,6684.0571,334034,-11.327,-130.856,16.546,0.735,0.0522,0.8215,-0.6372,-0.58089,-0.20424,0.25647,1.0071,-0.0144,-0.01,-0.05915,0.01186,-0.02638,-0.06636,-0.05221,0.89418,0.43967,0.6271,-0.33151,-0.62868,-0.31876,50.31,52.83,0.0493,0.0746
20:49:15.233,6684.0771,334035,-11.594,-129.562,16.538,0.698,0.0457,0.863,-0.6021,-1.02575,-0.27899,0.42368,1.0144,-0.011,-0.0073,-0.05942,0.01146,-0.02638,-0.06702,-0.0472,0.88961,0.4493,0.62724,-0.33068,-0.62855,-0.31959,50.28,52.86,0.04,0.0691
20:49:15.278,6684.0971,334036,-11.514,-127.943,16.53,0.661,0.0352,0.8362,-0.5688,-1.20641,-0.47031,0.25274,1.009,-0.0142,-0.0078,-0.05982,0.01106,-0.02571,-0.06475,-0.04306,0.88403,0.46091,0.62803,-0.33089,-0.62776,-0.31939,50.29,52.85,0.0711,0.0732
20:49:15.280,6684.1171,334037,-11.208,-126.381,16.522,0.625,-0.0317,0.676,-0.6794,-1.31353,-0.67575,-0.16108,1.0059,-0.012,-0.0117,-0.05982,0.01172,-0.02558,-0.0592,-0.04135,0.87845,0.47234,0.62722,-0.33084,-0.62856,-0.31944,50.28,52.85,0.0492,0.0755
20:49:15.293,6684.1371,334038,-10.785,-123.996,16.515,0.589,0.1003,0.6106,-0.6965,-1.96116,-0.88599,-0.7397,1.0095,-0.0176,-0.0129,-0.05955,0.01239,-0.02558,-0.0498,-0.04322,0.86932,0.48983,0.62699,-0.33166,-0.62878,-0.31862,50.3,52.84,0.0288,0.0727
20:49:15.308,6684.1571,334039,-10.359,-120.098,16.507,0.555,0.0029,1.0759,-0.2275,-3.14159,-1.41385,-1.36082,1.0249,-0.0063,-0.0205,-0.05995,0.00919,-0.02958,-0.0332,-0.04769,0.85336,0.51808,0.62627,-0.33146,-0.62948,-0.31886,50.29,52.84,0.02,0.0612
20:49:15.338,6684.1771,334040,-9.608,-115.588,16.499,0.522,-0.1143,1.123,-0.186,-3.58685,-1.80901,-0.59674,1.0308,-0.0132,-0.0249,-0.06049,0.01519,-0.02665,-0.01731,-0.04346,0.8344,0.54917,0.62575,-0.33168,-0.62998,-0.31867,50.3,52.84,0.02,0.0566
20:49:15.354,6684.1971,334041,-9.393,-110.955,16.492,0.49,-0.093,0.9353,-0.4861,-3.86277,-1.40106,0.63831,1.0078,-0.009,0.0005,-0.06075,0.01266,-0.02478,-0.0114,-0.03093,0.81349,0.58064,0.62628,-0.33116,-0.62945,-0.31922,50.3,52.84,0.0364,0.0741
20:49:15.384,6684.2171,334042,-8.662,-106.1,16.485,0.46,0.1196,0.864,-0.5698,-4.06515,-1.62995,0.57636,1.0103,-0.0188,-0.0107,-0.05929,0.01039,-0.02465,-0.00399,-0.01713,0.79026,0.61252,0.62689,-0.33194,-0.62883,-0.31842,50.31,52.84,0.0486,0.0721
20:49:15.385,6684.2371,334043,-8.041,-100.923,16.478,0.431,0.0515,1.1934,0.1433,-4.25794,-1.75705,-0.11058,1.0132,-0.0129,-0.0093,-0.05902,0.01066,-0.02398,0.00889,-0.00834,0.76366,0.6455,0.627,-0.33111,-0.62874,-0.31927,50.3,52.85,0.02,0.07
20:49:15.414,6684.2571,334044,-6.689,-96.307,16.471,0.403,-0.0217,1.0618,0.2129,-3.71888,-2.05456,0.37904,1.0107,-0.0161,-0.0144,-0.06102,0.01079,-0.02478,0.02095,0.00625,0.73899,0.67336,0.62653,-0.33175,-0.62918,-0.31866,50.29,52.85,0.02,0.0718
20:49:15.428,6684.2771,334045,-5.391,-92.401,16.465,0.377,0.0586,1.0664,0.0999,-3.0887,-1.95437,0.64737,1.0071,-0.011,-0.0073,-0.05955,0.01159,-0.02478,0.0303,0.02254,0.71722,0.69582,0.62686,-0.33098,-0.62886,-0.31943,50.29,52.84,0.0255,0.0746
20:49:15.458,6684.2971,334046,-4.306,-88.215,16.459,0.352,0.1802,0.8359,-0.1924,-3.4788,-1.6939,0.52586,1.0098,-0.0129,-0.0083,-0.05836,0.01346,-0.02531,0.03856,0.03609,0.69233,0.71965,0.62742,-0.3305,-0.62831,-0.31991,50.29,52.84,0.02,0.0726
20:49:15.503,6684.3171,334047,-3.732,-84.026,16.454,0.328,0.1086,0.9656,0.2273,-3.49426,-1.03681,0.53852,1.0076,-0.0156,-0.0093,-0.05929,0.01346,-0.02465,0.04199,0.04532,0.66572,0.74364,0.62747,-0.33146,-0.62824,-0.31894,50.28,52.86,0.0784,0.0742
20:49:15.504,6684.3371,334048,-3.389,-80.814,16.448,0.305,0.0166,1.0427,0.4851,-2.7014,-0.93582,0.59861,1.0068,-0.0144,-0.0093,-0.05902,0.01132,-0.02598,0.04426,0.05415,0.64464,0.76128,0.62688,-0.33061,-0.62884,-0.31981,50.3,52.84,0.02,0.0748
20:49:15.506,6684.3571,334049,-2.702,-78.601,16.442,0.282,0.1292,0.9109,0.2285,-1.79742,-0.86454,0.4815,1.01,-0.0142,-0.0063,-0.05889,0.01146,-0.02518,0.04608,0.06249,0.62983,0.77284,0.62765,-0.33062,-0.62808,-0.31979,50.31,52.84,0.041,0.0724
20:49:15.533,6684.3771,334050,-2.287,-76.913,16.437,0.26,0.0667,0.7502,0.1177,-1.43876,-0.53945,0.31589,1.0076,-0.0142,-0.0066,-0.05822,0.01612,-0.02292,0.04707,0.06724,0.61831,0.78163,0.62849,-0.33075,-0.62724,-0.31965,50.29,52.84,0.02,0.0742
20:49:15.548,6684.3971,334051,-2.229,-74.892,16.432,0.239,0.0698,0.8682,0.0874,-1.77344,-0.36079,0.34547,1.0105,-0.0149,-0.0078,-0.05809,0.01572,-0.02358,0.04705,0.07049,0.60417,0.79234,0.62787,-0.33108,-0.62785,-0.31932,50.29,52.84,0.02,0.072
20:49:15.578,6684.4171,334052,-2.28,-72.014,16.427,0.219,0.1223,0.946,0.5942,-2.48383,-0.34334,0.41355,1.0095,-0.0142,-0.0132,-0.05836,0.01066,-0.02678,0.04691,0.0736,0.58374,0.80724,0.62716,-0.33133,-0.62855,-0.31907,50.3,52.84,0.02,0.0727
20:49:15.594,6684.4371,334053,-2.03,-68.738,16.421,0.199,0.1086,0.9539,0.5994,-2.81611,-0.49828,0.55904,1.0103,-0.0151,-0.0081,-0.05875,0.01186,-0.02611,0.04673,0.07861,0.56005,0.82339,0.62788,-0.33117,-0.62784,-0.31923,50.29,52.85,0.02,0.0722
20:49:15.623,6684.4571,334054,-1.545,-65.369,16.416,0.18,0.1626,0.8167,0.4626,-2.87233,-0.61113,0.87746,1.0122,-0.0181,-0.009,-0.05902,0.01266,-0.02585,0.04437,0.08656,0.53483,0.83934,0.62796,-0.3321,-0.62775,-0.31829,50.28,52.85,0.0444,0.0707
20:49:15.624,6684.4771,334055,-1.395,-62.441,16.411,0.163,0.1157,0.7732,0.3547,-2.54632,-0.46884,0.75262,1.0093,-0.0146,-0.0105,-0.05809,0.01452,-0.02478,0.04197,0.09278,0.51246,0.85265,0.62718,-0.33159,-0.62853,-0.31881,50.29,52.86,0.02,0.0729
20:49:15.653,6684.4971,334056,-1.012,-59.223,16.406,0.146,0.2847,0.8057,0.4746,-2.76788,-0.58409,0.33281,1.0078,-0.0134,-0.0095,-0.05849,0.01359,-0.02505,0.04354,0.09822,0.48783,0.8663,0.62701,-0.33061,-0.62871,-0.3198,50.27,52.86,0.0631,0.074
20:49:15.669,6684.5171,334057,-0.483,-55.702,16.401,0.13,0.2014,0.78,0.7974,-3.0458,-0.63058,0.44259,1.0056,-0.0107,-0.0061,-0.05836,0.01319,-0.02585,0.04523,0.10346,0.46042,0.88049,0.62745,-0.32993,-0.62829,-0.32049,50.29,52.84,0.02,0.0757
20:49:15.698,6684.5371,334058,0.188,-51.492,16.397,0.115,0.2454,0.6755,0.8157,-3.66919,-0.67908,0.62046,1.011,-0.0144,-0.0093,-0.05809,0.01439,-0.02491,0.04617,0.10965,0.42689,0.89644,0.62733,-0.3308,-0.62839,-0.31961,50.29,52.83,0.02,0.0716
20:49:15.713,6684.5571,334059,0.164,-46.512,16.392,0.102,0.2546,0.4524,0.6868,-4.36572,-0.11898,0.81711,1.0095,-0.0134,-0.0093,-0.05782,0.01532,-0.02398,0.04364,0.11138,0.3866,0.91446,0.62666,-0.33104,-0.62906,-0.31937,50.29,52.85,0.02,0.0728
20:49:15.744,6684.5771,334060,-0.549,-41.582,16.387,0.09,0.1194,0.6882,0.5659,-4.36572,0.65443,1.15831,1.0137,-0.0149,-0.0122,-0.05822,0.01572,-0.02411,0.03509,0.1072,0.34606,0.93141,0.62647,-0.33182,-0.62923,-0.31858,50.3,52.85,0.02,0.0696
20:49:15.745,6684.5971,334061,-1.209,-37.485,16.382,0.08,0.1729,0.5791,0.8057,-3.4399,0.61113,1.11754,1.009,-0.0139,-0.0117,-0.05889,0.01346,-0.02585,0.02585,0.10326,0.31183,0.94416,0.62643,-0.33087,-0.62929,-0.31954,50.3,52.84,0.0746,0.0731
20:49:15.773,6684.6171,334062,-0.624,-35.19,16.378,0.07,0.1914,0.4182,0.8889,-1.87643,-0.37225,0.5232,1.0081,-0.0139,-0.0103,-0.05849,0.01506,-0.02332,0.02358,0.10685,0.29203,0.95013,0.62723,-0.33141,-0.62849,-0.31899,50.3,52.84,0.0794,0.0738
20:49:15.803,6684.6371,334063,-0.137,-33.733,16.373,0.06,0.229,0.3972,0.7859,-1.24345,-0.40143,0.24714,1.0112,-0.0105,-0.0049,-0.05756,0.02225,-0.02172,0.02337,0.11009,0.27936,0.95357,0.62759,-0.33064,-0.62814,-0.31975,50.29,52.84,0.02,0.0716
20:49:15.805,6684.6571,334064,0.129,-31.633,16.368,0.051,0.187,0.4304,0.7009,-1.79303,-0.10792,0.10725,1.0051,-0.012,-0.0046,-0.05622,0.02558,-0.01932,0.02426,0.11007,0.26167,0.95855,0.62821,-0.33001,-0.62755,-0.32035,50.29,52.85,0.02,0.0761
20:49:15.833,6684.6771,334065,0.238,-29.067,16.364,0.043,0.1555,0.3787,0.7495,-2.19978,-0.10445,0.10845,1.0059,-0.0146,-0.0115,-0.05809,0.01732,-0.02292,0.02566,0.10957,0.23998,0.96423,0.6277,-0.33056,-0.62805,-0.3198,50.3,52.85,0.02,0.0754
20:49:15.863,6684.6971,334066,0.89,-26.337,16.359,0.036,0.2454,0.2129,0.9199,-2.29571,-0.42767,0.22823,1.0098,-0.0181,-0.0083,-0.05902,0.01239,-0.02571,0.02663,0.11268,0.21625,0.96945,0.628,-0.33152,-0.62774,-0.31883,50.29,52.83,0.0617,0.0725
20:49:15.866,6684.7171,334067,1.531,-24.19,16.355,0.029,0.313,0.1848,1.1287,-1.8755,-0.60807,0.34893,1.0117,-0.0134,-0.01,-0.05915,0.01292,-0.02518,0.02643,0.11775,0.19699,0.97295,0.62723,-0.33111,-0.62851,-0.31925,50.29,52.85,0.02,0.0711
20:49:15.893,6684.7371,334068,2.349,-22.735,16.351,0.022,0.2793,0.1829,0.9368,-1.16697,-0.58742,0.15188,1.0083,-0.0139,-0.0059,-0.05836,0.01359,-0.02545,0.02709,0.12265,0.18375,0.97491,0.62786,-0.33072,-0.62789,-0.31964,50.29,52.83,0.0759,0.0737
20:49:15.908,6684.7571,334069,2.879,-21.227,16.347,0.016,0.2715,0.2251,0.8447,-1.31073,-0.54412,-0.06742,1.0083,-0.0134,-0.0088,-0.05875,0.01585,-0.02398,0.03013,0.12646,0.17039,0.97676,0.62712,-0.33079,-0.62862,-0.31958,50.3,52.85,0.02,0.0737
20:49:15.938,6684.7771,334070,3.365,-19.073,16.344,0.011,0.2715,0.1572,0.917,-1.77331,-0.24368,-0.12484,1.009,-0.0146,-0.0066,-0.05796,0.01452,-0.02451,0.03371,0.12708,0.15193,0.97961,0.62792,-0.33078,-0.62784,-0.31957,50.29,52.84,0.0569,0.0732
20:49:15.954,6684.7971,334071,3.198,-17.427,16.34,0.006,0.3,0.1016,1.042,-1.37561,0.06062,0.01159,1.0054,-0.009,-0.0098,-0.05862,0.01092,-0.02665,0.03509,0.12491,0.13792,0.98191,0.62711,-0.33021,-0.62864,-0.32016,50.29,52.86,0.02,0.0759
20:49:15.983,6684.8171,334072,2.924,-16.49,16.336,0.001,0.2869,0.1284,0.9353,-0.6539,0.13816,0.081,1.0107,-0.012,-0.0117,-0.05902,0.01039,-0.02731,0.0346,0.12269,0.12998,0.98329,0.62647,-0.33059,-0.62926,-0.31979,50.29,52.85,0.07,0.0719
20:49:15.984,6684.8371,334073,2.942,-15.806,16.333,-0.003,0.26,0.1611,0.8621,-0.53719,0.01092,-0.05249,1.0071,-0.0107,-0.009,-0.05809,0.01359,-0.02545,0.03561,0.12134,0.12425,0.98416,0.62686,-0.32987,-0.62889,-0.32052,50.29,52.85,0.02,0.0746
20:49:16.013,6684.8571,334074,2.935,-14.813,16.329,-0.007,0.2214,0.198,0.7981,-0.80445,0.08887,-0.0064,1.0098,-0.0164,-0.0056,-0.05875,0.01519,-0.02438,0.03638,0.11931,0.11597,0.98539,0.62764,-0.33039,-0.62811,-0.31999,50.29,52.84,0.02,0.0725
20:49:16.028,6684.8771,334075,2.712,-13.152,16.325,-0.011,0.3044,0.0867,0.946,-1.27302,0.33201,0.3925,1.0063,-0.012,-0.0068,-0.05836,0.01306,-0.02598,0.03333,0.11558,0.10152,0.98753,0.62778,-0.32948,-0.62798,-0.3209,50.3,52.85,0.0782,0.0752
20:49:16.059,6684.8971,334076,2.37,-11.993,16.321,-0.014,0.2021,-0.0222,0.9136,-0.89092,0.24981,0.29098,1.0107,-0.0139,-0.0073,-0.05875,0.01066,-0.02638,0.03111,0.11193,0.09168,0.98899,0.62781,-0.33042,-0.62793,-0.31996,50.29,52.85,0.032,0.0719
20:49:16.118,6684.9171,334077,2.212,-11.233,16.317,-0.018,0.2437,0.0981,0.7942,-0.59741,0.06582,-0.5236,1.0081,-0.0142,-0.0076,-0.05889,0.01146,-0.02665,0.0368,0.10969,0.08592,0.98956,0.62777,-0.33136,-0.62796,-0.31902,50.28,52.85,0.02,0.0738
20:49:16.119,6684.9371,334078,1.785,-10.341,16.313,-0.021,0.1992,0.0574,0.8267,-0.6904,0.24062,-0.59061,1.0112,-0.0159,-0.009,-0.05769,0.01652,-0.02385,0.0431,0.10539,0.07926,0.99033,0.62737,-0.33198,-0.62835,-0.31838,50.29,52.85,0.02,0.0715
20:49:16.121,6684.9571,334079,1.351,-9.451,16.309,-0.023,0.1624,-0.0457,0.8611,-0.69254,0.29937,-0.59768,1.011,-0.0127,-0.0098,-0.05849,0.01625,-0.02411,0.04945,0.10038,0.0726,0.99106,0.62703,-0.33105,-0.6287,-0.31933,50.29,52.84,0.02,0.0717
20:49:16.133,6684.9771,334080,1.505,-8.376,16.305,-0.026,0.2271,0.0039,0.9182,-0.84375,-0.07901,-0.25394,1.0095,-0.0127,-0.0063,-0.05955,0.01359,-0.02505,0.05276,0.09957,0.06354,0.9916,0.62757,-0.33053,-0.62817,-0.31985,50.28,52.84,0.0394,0.0728
20:49:16.148,6684.9971,334081,2.048,-6.504,16.3,-0.027,0.2388,-0.0034,0.9663,-1.48606,-0.3448,-0.13989,1.0081,-0.0144,-0.0042,-0.05902,0.01319,-0.02638,0.05566,0.10134,0.04715,0.99217,0.62833,-0.33042,-0.62742,-0.31995,50.3,52.85,0.0765,0.0738
20:49:16.178,6685.0171,334082,2.503,-4.422,16.297,-0.029,0.2405,-0.0708,0.9272,-1.72415,-0.44193,-0.51521,1.0107,-0.0132,-0.0059,-0.05796,0.01426,-0.02425,0.06263,0.10348,0.02919,0.99223,0.6277,-0.32967,-0.62805,-0.32071,50.29,52.83,0.0504,0.0719
20:49:16.223,6685.0371,334083,3.373,-2.556,16.293,-0.029,0.2241,-0.0164,0.9199,-1.54695,-0.7441,-0.64697,1.0105,-0.0125,-0.0059,-0.05822,0.01426,-0.02505,0.07082,0.10867,0.01312,0.99147,0.62839,-0.33035,-0.62736,-0.32001,50.29,52.83,0.0402,0.0721
20:49:16.224,6685.0571,334084,3.964,-0.895,16.29,-0.03,0.2214,-0.0747,0.8992,-1.38214,-0.68854,-0.47723,1.0098,-0.0151,-0.0083,-0.05796,0.01492,-0.02518,0.07714,0.11327,-0.00124,0.99056,0.62794,-0.33094,-0.62781,-0.31942,50.29,52.83,0.0268,0.0725
20:49:16.225,6685.0771,334085,4.198,0.601,16.286,-0.029,0.2173,-0.1448,0.9321,-1.16457,-0.36412,-0.1263,1.0098,-0.0154,-0.0078,-0.05796,0.01545,-0.02425,0.07965,0.1147,-0.01416,0.9901,0.62792,-0.33185,-0.62782,-0.31849,50.29,52.83,0.056,0.0725
20:49:16.254,6685.0971,334086,4.63,2.219,16.283,-0.029,0.231,-0.063,0.8147,-1.36735,-0.42781,0.02185,1.0088,-0.0137,-0.0081,-0.05889,0.01346,-0.02438,0.08099,0.11685,-0.02854,0.98943,0.62761,-0.33089,-0.62814,-0.31947,50.3,52.84,0.02,0.0733
20:49:16.268,6685.1171,334087,5.503,5.21,16.28,-0.027,0.2117,-0.1416,0.8135,-2.52433,-0.81244,-0.18386,1.0107,-0.0154,-0.0076,-0.05849,0.01306,-0.02518,0.0856,0.12165,-0.05453,0.98737,0.62834,-0.33145,-0.6274,-0.31889,50.3,52.85,0.02,0.0719
20:49:16.299,6685.1371,334088,6.968,9.64,16.277,-0.025,0.3083,-0.2761,0.978,-3.73181,-1.34404,-0.79339,1.0073,-0.0146,-0.0054,-0.05889,0.01359,-0.02491,0.09737,0.13076,-0.09246,0.98228,0.62855,-0.3306,-0.62721,-0.31975,50.29,52.84,0.0335,0.0744
20:49:16.328,6685.1571,334089,8.343,14.006,16.275,-0.021,0.2734,-0.4707,0.8811,-3.58379,-1.56054,-0.92769,1.0056,-0.0137,-0.0085,-0.05862,0.01279,-0.02545,0.10983,0.14187,-0.12928,0.97524,0.62779,-0.33076,-0.62796,-0.3196,50.3,52.85,0.0532,0.0757
20:49:16.329,6685.1771,334090,9.442,17.381,16.273,-0.016,0.3811,-0.4419,0.8127,-2.64371,-1.20028,-0.83429,1.011,-0.0154,-0.0071,-0.05889,0.01399,-0.02611,0.12025,0.15078,-0.15682,0.96861,0.62848,-0.33142,-0.62726,-0.31892,50.29,52.85,0.0796,0.0716
20:49:16.358,6685.1971,334091,10.042,19.927,16.271,-0.01,0.3828,-0.3757,0.6975,-2.10599,-0.76555,-0.06981,1.0071,-0.0129,-0.0073,-0.05796,0.01679,-0.02571,0.12316,0.15476,-0.17848,0.96386,0.62788,-0.33059,-0.62787,-0.31976,50.3,52.85,0.02,0.0746
20:49:16.373,6685.2171,334092,10.062,22.73,16.27,-0.004,0.4189,-0.6272,0.8557,-2.30423,-0.36652,0.73397,1.009,-0.0176,-0.0076,-0.05822,0.01825,-0.02358,0.11924,0.15314,-0.20273,0.95981,0.62827,-0.33154,-0.62748,-0.3188,50.31,52.84,0.02,0.0731
20:49:16.388,6685.2371,334093,9.907,25.328,16.268,0.003,0.541,-0.842,0.7087,-2.15248,-0.23435,0.58968,1.0085,-0.0181,-0.0083,-0.05836,0.01479,-0.02451,0.11669,0.15066,-0.22502,0.95554,0.62818,-0.33244,-0.62755,-0.31789,50.29,52.84,0.02,0.0735
20:49:16.448,6685.2571,334094,10.014,27.37,16.266,0.011,0.376,-0.5254,0.8269,-1.66952,-0.23156,0.20091,1.0078,-0.0142,-0.0078,-0.05915,0.01186,-0.02451,0.117,0.14944,-0.24239,0.95144,0.62791,-0.33146,-0.62784,-0.31888,50.29,52.84,0.043,0.0741
20:49:16.449,6685.2771,334095,10.714,28.05,16.264,0.019,0.3535,-0.4146,0.603,-0.50455,-0.64311,-0.25034,1.0127,-0.0132,-0.0066,-0.05809,0.01399,-0.02505,0.11893,0.15464,-0.2479,0.94894,0.62794,-0.33057,-0.62781,-0.31978,50.29,52.84,0.02,0.0704
20:49:16.463,6685.2971,334096,11.183,28.607,16.263,0.027,0.3074,-0.478,0.584,-0.3909,-0.63058,-0.22969,1.0093,-0.0134,-0.0085,-0.05756,0.01812,-0.02372,0.12046,0.15963,-0.25242,0.94673,0.62727,-0.33075,-0.62849,-0.3196,50.29,52.84,0.02,0.0729
20:49:16.464,6685.3171,334097,11.644,29.639,16.262,0.035,0.3743,-0.7107,0.7795,-0.76928,-0.51374,-0.01053,1.0061,-0.0156,-0.0027,-0.05742,0.02478,-0.01985,0.12079,0.16242,-0.26073,0.94395,0.62814,-0.33064,-0.62763,-0.31968,50.29,52.85,0.02,0.0753
20:49:16.508,6685.3371,334098,11.941,30.546,16.261,0.044,0.3708,-0.6855,0.8328,-0.67881,-0.37425,0.10698,1.009,-0.0149,-0.0042,-0.05849,0.01226,-0.02598,0.12019,0.16363,-0.26818,0.94173,0.62888,-0.33049,-0.6269,-0.31983,50.28,52.86,0.02,0.0732
20:49:16.510,6685.3571,334099,12.136,31.071,16.259,0.052,0.4219,-0.5127,0.5486,-0.3917,-0.38237,0.0882,1.011,-0.0144,-0.0063,-0.05915,0.00959,-0.02731,0.11935,0.16559,-0.27281,0.94016,0.62814,-0.33067,-0.62762,-0.31967,50.28,52.85,0.02,0.0717
20:49:16.538,6685.3771,334100,12.312,31.947,16.258,0.061,0.4065,-0.4846,0.585,-0.70506,-0.34027,0.06888,1.0078,-0.0115,-0.009,-0.05889,0.01199,-0.02598,0.11934,0.16683,-0.2803,0.93774,0.62732,-0.33036,-0.62844,-0.31999,50.29,52.85,0.02,0.0741
20:49:16.569,6685.3971,334101,12.593,33.248,16.257,0.071,0.4644,-0.564,0.6877,-0.96006,-0.27752,0.0882,1.012,-0.0112,-0.0037,-0.05782,0.01412,-0.02451,0.11974,0.16769,-0.29085,0.93432,0.62786,-0.32987,-0.62791,-0.32048,50.29,52.85,0.0775,0.0709
20:49:16.570,6685.4171,334102,12.556,34.349,16.256,0.08,0.4824,-0.738,0.792,-0.84389,-0.23835,0.10485,1.0076,-0.0142,-0.0061,-0.05836,0.01226,-0.02585,0.11985,0.16755,-0.29959,0.93156,0.62838,-0.33077,-0.62738,-0.31957,50.29,52.83,0.02,0.0742
20:49:16.598,6685.4371,334103,12.779,35.235,16.255,0.09,0.3955,-0.7063,0.7141,-0.67215,-0.48243,-0.19012,1.0125,-0.0156,-0.0088,-0.05969,0.00999,-0.02625,0.12165,0.17065,-0.30652,0.92851,0.62782,-0.33126,-0.62792,-0.31909,50.28,52.85,0.0204,0.0705
20:49:16.613,6685.4571,334104,13.056,36.047,16.254,0.1,0.4395,-0.5876,0.5149,-0.57596,-0.52413,-0.15828,1.0088,-0.0176,-0.0088,-0.05862,0.01186,-0.02545,0.12291,0.17434,-0.31258,0.92563,0.62799,-0.33223,-0.62774,-0.31811,50.29,52.86,0.02,0.0733
20:49:16.644,6685.4771,334105,13.359,37.08,16.254,0.11,0.4089,-0.5293,0.4136,-0.82084,-0.3532,0.03064,1.0105,-0.0137,-0.0076,-0.05796,0.01412,-0.02438,0.12339,0.17557,-0.321,0.92245,0.62783,-0.33127,-0.62792,-0.31908,50.29,52.84,0.02,0.072
20:49:16.645,6685.4971,334106,13.414,39.224,16.253,0.121,0.4148,-0.6638,0.5686,-1.69763,-0.23955,0.01346,1.0125,-0.0137,-0.0061,-0.05849,0.01412,-0.02465,0.1258,0.17468,-0.33793,0.91622,0.62813,-0.33054,-0.62762,-0.31981,50.29,52.85,0.0556,0.0705
20:49:16.703,6685.5171,334107,13.313,41.596,16.252,0.133,0.4092,-0.7612,0.6418,-1.96862,-0.27259,-0.08793,1.0081,-0.0112,-0.0081,-0.05849,0.01132,-0.02545,0.12951,0.17381,-0.35663,0.90875,0.62734,-0.33008,-0.62842,-0.32029,50.29,52.86,0.0227,0.0739
20:49:16.704,6685.5371,334108,13.391,43.553,16.251,0.145,0.3674,-0.7485,0.4817,-1.54535,-0.42381,-0.1688,1.0095,-0.0105,-0.0095,-0.05902,0.01092,-0.02598,0.13251,0.17511,-0.37183,0.90195,0.62655,-0.32997,-0.62921,-0.3204,50.3,52.85,0.0522,0.0728
20:49:16.705,6685.5571,334109,13.758,45.209,16.25,0.158,0.2871,-0.5364,0.4463,-1.24558,-0.66083,-0.41235,1.0112,-0.0215,-0.002,-0.05836,0.01479,-0.02531,0.13636,0.17975,-0.3836,0.89552,0.62733,-0.33037,-0.62842,-0.31999,50.29,52.85,0.02,0.0714
20:49:16.749,6685.5771,334110,13.871,47.348,16.25,0.171,0.3931,-0.7407,0.3955,-1.67978,-0.44632,0.11898,1.0059,-0.0142,-0.0034,-0.05742,0.01719,-0.02451,0.13706,0.17996,-0.39992,0.8882,0.62815,-0.33026,-0.62762,-0.32008,50.28,52.86,0.0254,0.0755
20:49:16.750,6685.5971,334111,13.694,49.999,16.249,0.185,0.5588,-0.8098,0.4668,-2.14036,-0.45339,0.21504,1.0076,-0.0151,-0.0068,-0.05769,0.01492,-0.02505,0.13774,0.17929,-0.42027,0.87878,0.62823,-0.33122,-0.62753,-0.3191,50.27,52.84,0.02,0.0742
20:49:16.779,6685.6171,334112,13.441,52.681,16.248,0.199,0.561,-0.8086,0.4316,-2.18566,-0.25234,0.07488,1.009,-0.0171,-0.0037,-0.05875,0.01106,-0.02558,0.14054,0.17728,-0.44033,0.86886,0.62899,-0.33113,-0.62678,-0.31918,50.28,52.84,0.024,0.0731
20:49:16.808,6685.6371,334113,12.631,55.441,16.247,0.215,0.4702,-0.9236,0.3706,-2.38684,0.10179,-0.45512,1.0105,-0.0164,-0.0054,-0.05955,0.01066,-0.02625,0.14973,0.17385,-0.46051,0.85749,0.62819,-0.33109,-0.62756,-0.31925,50.3,52.84,0.02,0.072
20:49:16.811,6685.6571,334114,11.855,58.272,16.246,0.231,0.4731,-0.9478,0.3677,-2.46158,0.15388,-0.44792,1.01,-0.0103,-0.0056,-0.05929,0.01439,-0.02465,0.15913,0.16969,-0.48098,0.84531,0.628,-0.33013,-0.62776,-0.32023,50.3,52.84,0.02,0.0724
20:49:16.853,6685.6771,334115,10.864,60.477,16.245,0.248,0.4375,-0.9141,0.3318,-1.908,0.17507,-0.24781,1.0083,-0.0142,-0.0063,-0.05875,0.01452,-0.02558,0.16582,0.16521,-0.49686,0.83567,0.62841,-0.33108,-0.62734,-0.31927,50.29,52.84,0.0302,0.0737
20:49:16.854,6685.6975,334116,10.278,62.077,16.243,0.265,0.4905,-0.8772,0.2612,-1.36908,0.20797,-0.0405,1.0112,-0.0093,-0.0059,-0.05969,0.01372,-0.02678,0.1701,0.16045,-0.50877,0.82854,0.62801,-0.33013,-0.62774,-0.32024,50.3,52.84,0.0512,0.0716
20:49:16.868,6685.7171,334117,9.568,63.645,16.241,0.283,0.4641,-0.8584,0.1277,-1.33831,0.08021,-0.29338,1.0056,-0.0151,-0.0081,-0.05915,0.01239,-0.02611,0.17551,0.15822,-0.51988,0.82091,0.62783,-0.331,-0.62791,-0.31937,50.29,52.85,0.0681,0.0757
20:49:16.928,6685.7371,334118,9.698,65.064,16.239,0.301,0.397,-0.7117,0.2317,-1.13979,-0.42807,-0.46031,1.011,-0.0117,-0.0085,-0.06022,0.01119,-0.02625,0.17952,0.16117,-0.52949,0.81329,0.62716,-0.33028,-0.62857,-0.32013,50.29,52.85,0.02,0.0717
20:49:16.931,6685.7571,334119,9.384,66.806,16.237,0.319,0.4324,-0.9119,0.2253,-1.39786,-0.31922,-0.0401,1.0083,-0.0161,-0.0142,-0.06089,0.00679,-0.02838,0.18085,0.16042,-0.54205,0.80482,0.62674,-0.33101,-0.62897,-0.31942,50.29,52.85,0.0545,0.0736
20:49:16.932,6685.7771,334120,9.225,68.321,16.235,0.338,0.4705,-0.9888,0.2112,-1.24345,-0.25114,0.18919,1.0056,-0.0122,-0.0071,-0.06022,0.00879,-0.02611,0.18057,0.15819,-0.55305,0.79782,0.62727,-0.3305,-0.62844,-0.31996,50.32,52.84,0.02,0.0757
20:49:16.958,6685.7971,334121,8.996,69.544,16.233,0.358,0.4658,-0.9285,0.1135,-0.95727,-0.29191,0.33028,1.0095,-0.0134,-0.009,-0.06222,0.00533,-0.02825,0.17841,0.15609,-0.56226,0.79225,0.62706,-0.3314,-0.62861,-0.3191,50.3,52.84,0.0463,0.0728
20:49:16.973,6685.8171,334122,8.894,70.978,16.231,0.377,0.5024,-0.8713,0.0933,-1.05772,-0.3925,0.26833,1.0105,-0.0171,-0.009,-0.06315,0.00786,-0.02731,0.1764,0.15522,-0.57254,0.78548,0.62773,-0.33203,-0.6279,-0.31851,50.29,52.85,0.0724,0.072
20:49:16.988,6685.8371,334123,8.86,72.671,16.229,0.397,0.4399,-0.8455,0.0442,-1.35017,-0.33641,0.14682,1.012,-0.0144,-0.0068,-0.06342,0.01146,-0.02665,0.17606,0.15384,-0.58448,0.777,0.62791,-0.33124,-0.62771,-0.31936,50.29,52.85,0.0456,0.0709
20:49:17.064,6685.8571,334124,8.604,74.628,16.227,0.418,0.4043,-0.9153,-0.0083,-1.55694,-0.21797,0.16947,1.0083,-0.0142,-0.0061,-0.06142,0.01332,-0.02558,0.1763,0.15089,-0.59816,0.76704,0.62829,-0.33055,-0.62732,-0.32009,50.3,52.84,0.0795,0.0737
20:49:17.065,6685.8771,334125,8.087,76.636,16.225,0.439,0.4905,-0.9504,0.0569,-1.68338,-0.26353,0.26366,1.0125,-0.0159,-0.0059,-0.06169,0.01306,-0.02571,0.17597,0.14754,-0.6122,0.75663,0.62862,-0.33149,-0.62696,-0.31918,50.29,52.84,0.0267,0.0705
20:49:17.067,6685.8971,334126,7.855,78.387,16.222,0.461,0.53,-1.0071,0.104,-1.46701,-0.34227,0.03171,1.0073,-0.0166,-0.0093,-0.06315,0.01172,-0.02651,0.17657,0.14652,-0.62412,0.74688,0.62792,-0.33185,-0.62761,-0.31889,50.31,52.83,0.02,0.0744
20:49:17.068,6685.9171,334127,8.051,79.349,16.22,0.483,0.4832,-0.97,-0.0139,-0.75502,-0.38038,-0.19252,1.0105,-0.012,-0.0093,-0.06968,0.01066,-0.02678,0.17749,0.14838,-0.63033,0.74105,0.62722,-0.33119,-0.62825,-0.31971,50.3,52.83,0.02,0.072
20:49:17.093,6685.9371,334128,8.281,80.081,16.218,0.505,0.4312,-0.8682,-0.095,-0.51547,-0.34001,-0.22183,1.0063,-0.0134,-0.009,-0.08287,0.00839,-0.02918,0.17841,0.15062,-0.63506,0.73633,0.62634,-0.33069,-0.62897,-0.32053,50.29,52.84,0.0605,0.0752
20:49:17.108,6685.9571,334129,8.13,81.254,16.216,0.527,0.3933,-0.8809,-0.0986,-0.87466,-0.36465,-0.08527,1.0056,-0.0139,-0.009,-0.07661,0.01386,-0.02611,0.17861,0.15142,-0.64263,0.72952,0.62703,-0.33149,-0.62817,-0.31994,50.3,52.84,0.0573,0.0757
20:49:17.168,6685.9771,334130,8.243,82.742,16.214,0.55,0.4788,-0.9944,-0.0747,-1.19149,-0.48043,-0.01239,1.0117,-0.0112,-0.0107,-0.06435,0.01252,-0.02491,0.17817,0.15203,-0.65233,0.72084,0.62624,-0.33107,-0.62891,-0.32045,50.3,52.84,0.02,0.0711
20:49:17.169,6685.9971,334131,8.009,84.406,16.211,0.573,0.5059,-0.9915,-0.0864,-1.33444,-0.46698,-0.07101,1.009,-0.0144,-0.0103,-0.06328,0.00999,-0.02531,0.17845,0.15266,-0.66284,0.71098,0.6267,-0.33201,-0.62841,-0.31955,50.3,52.84,0.02,0.0731
20:49:17.170,6686.0171,334132,8.076,86.133,16.209,0.597,0.489,-0.8628,-0.2251,-1.29408,-0.52147,-0.352,1.0085,-0.0129,-0.0068,-0.06675,0.00999,-0.02571,0.18024,0.15578,-0.67307,0.70016,0.62712,-0.33144,-0.62795,-0.32022,50.27,52.86,0.0673,0.0735
20:49:17.200,6686.0371,334133,8.001,88.22,16.207,0.621,0.5027,-0.8516,-0.2122,-1.60171,-0.65177,-0.74663,1.012,-0.0168,-0.0127,-0.07168,0.00906,-0.02638,0.18439,0.16189,-0.68493,0.68605,0.6267,-0.33223,-0.62827,-0.3196,50.29,52.86,0.0714,0.0708
20:49:17.213,6686.0571,334134,7.781,90.725,16.204,0.646,0.5374,-1.0583,-0.1179,-2.02138,-0.66176,-0.89451,1.0142,-0.0151,-0.0093,-0.06742,0.01412,-0.02451,0.19004,0.16789,-0.69869,0.66897,0.62732,-0.332,-0.6276,-0.31993,50.32,52.86,0.02,0.0692
20:49:17.228,6686.0771,334135,7.508,92.828,16.202,0.672,0.5278,-1.0564,-0.2139,-1.75959,-0.41981,-0.77714,1.0044,-0.0107,-0.0063,-0.06488,0.01199,-0.02598,0.19603,0.17185,-0.71008,0.65409,0.62725,-0.33105,-0.62765,-0.32098,50.31,52.85,0.02,0.0766
20:49:17.273,6686.0971,334136,6.837,94.384,16.199,0.698,0.54,-0.9028,-0.2644,-1.37455,-0.21224,-0.77527,1.0103,-0.0139,-0.0071,-0.07994,0.00546,-0.03038,0.2028,0.17522,-0.71824,0.6421,0.62761,-0.33206,-0.62714,-0.32022,50.32,52.85,0.02,0.0722
20:49:17.274,6686.1171,334137,6.625,95.624,16.197,0.724,0.5654,-0.875,-0.2849,-1.12101,-0.2646,-0.99617,1.0159,-0.0112,-0.0083,-0.12297,-0.00226,-0.03251,0.21015,0.18102,-0.72429,0.63125,0.62666,-0.33177,-0.62767,-0.32133,50.29,52.83,0.02,0.068
20:49:17.288,6686.1371,334138,6.275,96.88,16.194,0.751,0.4998,-0.8884,-0.2898,-1.15951,-0.26233,-1.01895,1.0103,-0.0115,-0.0107,-0.14975,0.00466,-0.02838,0.21746,0.18674,-0.73053,0.61981,0.62554,-0.33242,-0.62818,-0.32184,50.29,52.84,0.0352,0.0722
20:49:17.318,6686.1571,334139,5.839,98.045,16.191,0.778,0.5144,-0.9207,-0.2327,-1.03774,-0.32815,-0.67002,1.0125,-0.0151,-0.0081,-0.1319,0.01092,-0.02438,0.22186,0.1905,-0.73648,0.60999,0.62606,-0.3333,-0.62719,-0.32186,50.29,52.85,0.02,0.0705
20:49:17.333,6686.1771,334140,5.614,98.77,16.188,0.805,0.5732,-0.9165,-0.272,-0.59181,-0.35972,-0.21663,1.01,-0.0154,-0.009,-0.11564,0.01092,-0.02332,0.22242,0.19219,-0.74053,0.60432,0.62634,-0.33458,-0.62653,-0.32128,50.29,52.86,0.02,0.0724
20:49:17.348,6686.1971,334141,5.888,99.117,16.185,0.832,0.5676,-0.8103,-0.3892,-0.20411,-0.33574,0.07967,1.0132,-0.0142,-0.0093,-0.10539,0.01092,-0.02451,0.22066,0.19253,-0.74284,0.60202,0.62564,-0.33406,-0.62692,-0.3224,50.29,52.84,0.0327,0.07
20:49:17.378,6686.2171,334142,5.948,99.684,16.183,0.86,0.5276,-0.7483,-0.3882,-0.29058,-0.3901,0.0373,1.0076,-0.0144,-0.0083,-0.09419,0.01013,-0.02411,0.21877,0.19344,-0.74609,0.59839,0.6263,-0.33429,-0.62603,-0.32261,50.29,52.84,0.0759,0.0742
20:49:17.393,6686.2371,334143,6.029,100.575,16.18,0.887,0.5457,-0.803,-0.3416,-0.57023,-0.47364,0.05489,1.0054,-0.0144,-0.0054,-0.07528,0.01186,-0.02465,0.2167,0.19401,-0.75104,0.59274,0.62683,-0.33389,-0.62541,-0.32321,50.29,52.84,0.0581,0.0759
20:49:17.408,6686.2571,334144,6.119,101.491,16.177,0.915,0.6082,-0.9146,-0.3101,-0.67602,-0.45765,0.05196,1.0081,-0.011,-0.01,-0.06115,0.01266,-0.02518,0.21509,0.19416,-0.75619,0.5867,0.62601,-0.3338,-0.6262,-0.32335,50.3,52.85,0.02,0.0738
20:49:17.438,6686.2771,334145,6.104,102.101,16.174,0.943,0.571,-0.9158,-0.3472,-0.42194,-0.32095,-0.01386,1.0117,-0.0125,-0.0042,-0.05849,0.01372,-0.02545,0.21435,0.19449,-0.75939,0.58272,0.62657,-0.33334,-0.62565,-0.3238,50.3,52.82,0.02,0.0712
20:49:17.453,6686.2971,334146,5.949,102.34,16.171,0.971,0.5164,-0.8201,-0.4563,-0.13283,-0.19172,0.10832,1.0078,-0.0161,-0.0056,-0.05849,0.01346,-0.02598,0.21332,0.19381,-0.76091,0.58134,0.62693,-0.33431,-0.62528,-0.32283,50.31,52.85,0.0266,0.074
20:49:17.468,6686.3171,334147,6.188,102.696,16.169,0.999,0.5588,-0.7991,-0.4626,-0.18612,-0.342,0.2598,1.0098,-0.0132,-0.0081,-0.05836,0.01346,-0.02545,0.21046,0.19278,-0.76328,0.57961,0.62613,-0.33409,-0.62608,-0.32306,50.31,52.84,0.0205,0.0726
20:49:17.513,6686.3371,334148,6.319,103.313,16.166,1.027,0.6377,-0.8972,-0.4148,-0.35639,-0.51547,0.18772,1.0066,-0.0161,-0.009,-0.05862,0.01306,-0.02571,0.20705,0.19297,-0.76682,0.57609,0.62594,-0.33497,-0.62625,-0.32218,50.29,52.84,0.02,0.0749
20:49:17.514,6686.3571,334149,6.539,103.71,16.163,1.056,0.6477,-1.0098,-0.4055,-0.23489,-0.32575,-0.02345,1.0093,-0.0132,-0.011,-0.05902,0.01292,-0.02571,0.20597,0.19384,-0.76886,0.57345,0.62514,-0.33461,-0.62705,-0.32255,50.29,52.84,0.02,0.0729
20:49:17.528,6686.3771,334150,6.637,103.518,16.161,1.084,0.6008,-0.9717,-0.426,0.23622,-0.0822,-0.10192,1.009,-0.0122,-0.0061,-0.05902,0.01252,-0.02558,0.20628,0.19486,-0.76755,0.57476,0.62564,-0.33403,-0.62657,-0.32313,50.3,52.84,0.02,0.0732
20:49:17.558,6686.3971,334151,6.991,102.876,16.158,1.112,0.5239,-0.8003,-0.4929,0.63844,-0.0449,-0.11391,1.0115,-0.0107,-0.011,-0.05902,0.01319,-0.02665,0.20621,0.19665,-0.76384,0.5791,0.62485,-0.3338,-0.62735,-0.32337,50.28,52.84,0.023,0.0713
20:49:17.573,6686.4171,334152,7.309,102.532,16.156,1.14,0.5518,-0.8262,-0.407,0.4739,-0.24181,-0.15068,1.0081,-0.012,-0.0071,-0.05902,0.01292,-0.02558,0.20516,0.19952,-0.7614,0.5817,0.62556,-0.33357,-0.62665,-0.3236,50.29,52.85,0.0248,0.0739
20:49:17.603,6686.4371,334153,7.514,102.27,16.153,1.168,0.6111,-0.895,-0.3704,0.38051,-0.27459,-0.11538,1.0132,-0.0154,-0.0088,-0.05915,0.01212,-0.02531,0.20388,0.20212,-0.75957,0.58364,0.62581,-0.33449,-0.62639,-0.32266,50.29,52.84,0.02,0.07
20:49:17.604,6686.4571,334154,8.123,101.856,16.151,1.196,0.6526,-0.8916,-0.3811,0.54452,-0.3083,-0.17866,1.0085,-0.012,-0.01,-0.05889,0.01186,-0.02545,0.20245,0.20578,-0.7567,0.58659,0.62502,-0.33399,-0.62718,-0.32318,50.3,52.83,0.02,0.0735
20:49:17.648,6686.4771,334155,8.916,101.125,16.149,1.223,0.6462,-0.9924,-0.2542,0.91756,-0.56757,-0.01892,1.0105,-0.0159,-0.0115,-0.05862,0.01292,-0.02545,0.19723,0.21018,-0.75219,0.59256,0.62509,-0.33492,-0.6271,-0.32224,50.29,52.84,0.02,0.072
20:49:17.651,6686.4971,334156,10.064,99.548,16.147,1.251,0.5664,-1.0776,-0.2244,1.67245,-0.35786,0.32468,1.0039,-0.011,-0.0066,-0.05836,0.01332,-0.02531,0.18982,0.21208,-0.74353,0.6051,0.62542,-0.33413,-0.62678,-0.32304,50.29,52.82,0.02,0.077
20:49:17.678,6686.5171,334157,11.075,96.707,16.146,1.277,0.6184,-0.9521,-0.3906,2.64144,0.14695,0.31922,1.0066,-0.0134,-0.0127,-0.05836,0.01266,-0.02491,0.18424,0.21299,-0.72801,0.62506,0.62478,-0.33453,-0.62741,-0.32263,50.28,52.84,0.02,0.0749
20:49:17.708,6686.5371,334158,12.007,93.662,16.145,1.302,0.5457,-0.8735,-0.3271,2.80105,0.29364,-0.49229,1.0056,-0.0129,-0.0095,-0.05822,0.01306,-0.02585,0.18432,0.21917,-0.70896,0.64449,0.62538,-0.33404,-0.62682,-0.32312,50.3,52.83,0.02,0.0757
20:49:17.709,6686.5571,334159,12.669,90.754,16.144,1.327,0.5627,-0.8616,-0.1433,2.66489,0.33801,-0.85628,1.0078,-0.0215,-0.009,-0.05822,0.01279,-0.02518,0.18716,0.22741,-0.68959,0.66161,0.62587,-0.33496,-0.62633,-0.32219,50.31,52.84,0.0508,0.0739
20:49:17.753,6686.5771,334160,13.378,87.343,16.143,1.351,0.554,-0.959,0.0161,2.86167,0.67562,-0.45605,1.0076,-0.009,-0.0117,-0.05689,0.01452,-0.02398,0.18909,0.23049,-0.66812,0.68172,0.62514,-0.33431,-0.62706,-0.32283,50.32,52.84,0.02,0.0742
20:49:17.754,6686.5971,334161,13.577,82.329,16.142,1.373,0.5669,-0.9187,0.0999,4.10286,1.41532,0.36852,1.0085,-0.0176,-0.0066,-0.05542,0.02665,-0.01799,0.1874,0.22509,-0.6381,0.71208,0.62607,-0.33465,-0.62616,-0.32244,50.3,52.84,0.02,0.0735
20:49:17.768,6686.6171,334162,12.689,76.48,16.141,1.394,0.5913,-0.9531,0.0815,4.36559,2.68901,0.67841,1.0066,-0.0112,-0.0083,-0.05809,0.01319,-0.02451,0.1905,0.20887,-0.60351,0.74556,0.62556,-0.33374,-0.62668,-0.32337,50.29,52.85,0.02,0.075
20:49:17.843,6686.6371,334163,11.436,70.745,16.14,1.413,0.49,-0.9888,-0.1631,4.36559,2.68554,-0.04237,1.009,-0.0142,-0.0066,-0.05729,0.01466,-0.02358,0.19862,0.19692,-0.56588,0.77559,0.62639,-0.33402,-0.62586,-0.32306,50.28,52.84,0.02,0.0732
20:49:17.846,6686.6571,334164,11.817,65.614,16.139,1.43,0.5371,-0.7461,-0.0125,4.36559,1.08863,-0.32482,1.0063,-0.0144,-0.0132,-0.05436,0.02691,-0.01759,0.19947,0.19824,-0.5295,0.80033,0.62586,-0.33437,-0.6264,-0.32267,50.29,52.85,0.02,0.0751
20:49:17.847,6686.6771,334165,12.62,62.029,16.138,1.447,0.5669,-0.6436,0.2344,3.26763,0.20211,-0.02252,1.009,-0.0164,-0.0076,-0.0481,0.03797,-0.01066,0.1951,0.20245,-0.50305,0.81724,0.62685,-0.33492,-0.62548,-0.32198,50.3,52.83,0.02,0.0731
20:49:17.848,6686.6971,334166,13.541,58.978,16.137,1.463,0.5874,-0.7327,0.4343,2.69127,0.09992,0.56064,1.0083,-0.0142,-0.0056,-0.05409,0.01665,-0.02185,0.18684,0.20365,-0.48158,0.83168,0.62681,-0.33393,-0.62556,-0.32292,50.29,52.83,0.054,0.0737
20:49:17.873,6686.7171,334167,13.583,55.682,16.136,1.478,0.4929,-0.7988,0.4788,2.71072,0.71665,0.81271,1.009,-0.0115,-0.0066,-0.05875,0.00839,-0.02638,0.1783,0.19701,-0.45967,0.84741,0.6261,-0.33322,-0.62627,-0.32365,50.3,52.84,0.0397,0.0732
20:49:17.888,6686.7371,334168,12.416,52.249,16.135,1.492,0.4094,-0.7644,0.4766,2.66676,1.53083,0.10166,1.0142,-0.0146,-0.0117,-0.05849,0.01159,-0.02651,0.17916,0.18633,-0.43527,0.86239,0.62567,-0.33381,-0.62669,-0.32306,50.29,52.86,0.0721,0.0692
20:49:17.918,6686.7571,334169,11.391,49.348,16.134,1.505,0.4253,-0.6719,0.4788,2.25387,1.46061,-0.52879,1.01,-0.0151,-0.0034,-0.05609,0.02252,-0.02078,0.18633,0.17909,-0.41259,0.87348,0.62651,-0.33373,-0.62587,-0.3231,50.3,52.84,0.0262,0.0724
20:49:17.933,6686.7771,334170,10.955,46.663,16.133,1.517,0.5295,-0.5764,0.5625,2.12837,0.99883,-0.0417,1.0098,-0.0134,-0.0024,-0.05769,0.01585,-0.02491,0.18804,0.17441,-0.39181,0.88358,0.62714,-0.3333,-0.62526,-0.32351,50.3,52.85,0.0529,0.0726
20:49:17.948,6686.7971,334171,10.284,43.86,16.131,1.529,0.5508,-0.5449,0.5701,2.21697,1.05359,0.35386,1.011,-0.0134,-0.0093,-0.05875,0.00986,-0.02718,0.18612,0.1677,-0.37082,0.89428,0.62646,-0.33361,-0.62593,-0.32322,50.29,52.84,0.0514,0.0717
20:49:17.993,6686.8171,334172,9.136,40.059,16.129,1.539,0.4653,-0.5493,0.7217,2.93682,1.48366,0.73823,1.0078,-0.0146,-0.0076,-0.06009,-0.00013,-0.02958,0.18105,0.15631,-0.34213,0.9087,0.62603,-0.33439,-0.62634,-0.32245,50.3,52.84,0.0655,0.074
20:49:17.994,6686.8371,334173,7.873,35.557,16.127,1.549,0.3093,-0.5322,0.8037,3.5666,1.66739,0.81351,1.0098,-0.0122,-0.0098,-0.05915,0.00266,-0.02971,0.17424,0.1427,-0.30745,0.92453,0.62518,-0.3339,-0.62718,-0.32296,50.3,52.84,0.0707,0.0726
20:49:18.023,6686.8571,334174,6.949,31.454,16.124,1.557,0.3044,-0.4673,0.73,3.41338,1.29647,0.46378,1.011,-0.0149,-0.0081,-0.05782,0.01319,-0.02491,0.16953,0.13374,-0.27428,0.93709,0.62596,-0.33429,-0.6264,-0.32256,50.3,52.85,0.02,0.0716
20:49:18.024,6686.8771,334175,6.349,27.248,16.122,1.564,0.3323,-0.3225,0.7202,3.54062,0.93622,0.35466,1.0129,-0.0142,-0.0098,-0.05875,0.01239,-0.02558,0.16462,0.12895,-0.23985,0.94802,0.62526,-0.33445,-0.62709,-0.32241,50.31,52.85,0.02,0.0702
20:49:18.053,6686.8971,334176,5.627,22.983,16.119,1.57,0.3765,-0.1892,0.7581,3.5734,1.10209,0.3095,1.0105,-0.0122,-0.0107,-0.05809,0.01119,-0.02465,0.16027,0.12265,-0.20444,0.95785,0.62462,-0.33369,-0.62773,-0.32319,50.3,52.85,0.02,0.072
20:49:18.068,6686.9171,334177,4.363,19.094,16.116,1.575,0.312,-0.2493,0.8643,3.18409,1.41545,-0.02078,1.0095,-0.0164,-0.0112,-0.05796,0.00933,-0.02558,0.16003,0.11346,-0.17101,0.96554,0.62502,-0.33463,-0.62733,-0.32223,50.28,52.83,0.0441,0.0727
20:49:18.128,6686.9371,334178,2.719,15.041,16.112,1.578,0.1694,-0.281,0.9763,3.30533,1.79502,0.05942,1.012,-0.0132,-0.0093,-0.05862,0.01186,-0.02585,0.15904,0.09918,-0.13601,0.97282,0.62546,-0.33401,-0.62691,-0.32285,50.3,52.84,0.0575,0.0709
20:49:18.129,6686.9571,334179,0.449,10.538,16.108,1.581,0.0974,-0.1665,0.8596,3.66373,2.41975,0.35453,1.0088,-0.0132,-0.0085,-0.05822,0.01346,-0.02478,0.15559,0.07941,-0.09683,0.97985,0.62614,-0.33372,-0.62624,-0.32313,50.3,52.85,0.02,0.0733
20:49:18.131,6686.9771,334180,-1.663,6.572,16.103,1.582,0.0542,-0.0095,0.7668,3.23352,2.04097,0.67002,1.0076,-0.012,-0.0078,-0.05849,0.01399,-0.02505,0.14873,0.06224,-0.06227,0.98495,0.62536,-0.33318,-0.62702,-0.32369,50.29,52.84,0.02,0.0742
20:49:18.158,6686.9971,334181,-2.966,4.329,16.098,1.583,0.0637,0.0564,0.8638,1.80835,1.24398,0.66176,1.009,-0.0171,-0.0054,-0.05782,0.01412,-0.02398,0.14204,0.05087,-0.04271,0.98763,0.62613,-0.33374,-0.62624,-0.32311,50.29,52.84,0.02,0.0731
20:49:18.173,6687.0171,334182,-3.386,3.822,16.092,1.584,0.0813,0.0483,0.9058,0.37598,0.3532,0.37265,1.0034,-0.0146,-0.0061,-0.05875,0.00999,-0.02665,0.13844,0.04654,-0.03835,0.98853,0.62696,-0.33411,-0.62541,-0.32272,50.3,52.84,0.02,0.0774
20:49:18.188,6687.0371,334183,-3.339,4.587,16.087,1.584,0.0996,-0.1274,0.8914,-0.58502,-0.29737,-0.07821,1.0076,-0.0127,-0.0081,-0.05822,0.01053,-0.02651,0.13945,0.04748,-0.04497,0.98807,0.62613,-0.33383,-0.62625,-0.32301,50.29,52.83,0.02,0.0742
20:49:18.218,6687.0571,334184,-2.561,5.594,16.082,1.586,0.0073,-0.2222,0.8591,-0.74516,-0.99311,0.14762,1.0117,-0.0142,-0.0083,-0.05902,0.01053,-0.02691,0.13798,0.05477,-0.05417,0.98744,0.6257,-0.33448,-0.62666,-0.32237,50.3,52.84,0.02,0.0711
20:49:18.233,6687.0771,334185,-1.407,7.464,16.077,1.587,0.051,-0.1052,0.9517,-1.51164,-1.22586,1.43317,1.0112,-0.0156,-0.0063,-0.05822,0.01346,-0.02585,0.12408,0.06208,-0.07171,0.98773,0.62643,-0.33434,-0.62594,-0.3225,50.29,52.84,0.0491,0.0715
20:49:18.249,6687.0971,334186,-1.228,9.289,16.072,1.589,0.1638,-0.0312,0.9619,-1.67738,-0.38744,1.55881,1.009,-0.0164,-0.0083,-0.05875,0.01239,-0.02585,0.10972,0.06226,-0.08866,0.98804,0.62618,-0.33516,-0.62617,-0.32168,50.29,52.84,0.0622,0.0731
20:49:18.278,6687.1171,334187,-1.197,10.49,16.068,1.592,0.2043,-0.1631,1.0361,-1.03427,-0.01865,0.89318,1.0103,-0.0115,-0.0046,-0.05955,0.00906,-0.02718,0.10173,0.05999,-0.09951,0.988,0.62631,-0.33431,-0.62605,-0.32254,50.29,52.84,0.0286,0.0722
20:49:18.293,6687.1371,334188,-1.008,10.572,16.063,1.594,0.2295,-0.1331,1.0886,-0.07328,-0.15255,0.53626,1.0088,-0.0144,-0.0066,-0.05769,0.01172,-0.02518,0.09654,0.06002,-0.10057,0.98841,0.62667,-0.33358,-0.6257,-0.32328,50.3,52.84,0.02,0.0733
20:49:18.309,6687.1571,334189,-0.41,9.883,16.058,1.596,0.1865,-0.104,0.9395,0.54265,-0.64657,0.20091,1.01,-0.019,-0.0076,-0.05716,0.01705,-0.02292,0.09387,0.06621,-0.09527,0.9888,0.62682,-0.33453,-0.62554,-0.3223,50.3,52.84,0.0526,0.0723
20:49:18.338,6687.1771,334190,0.789,8.691,16.054,1.598,0.1704,-0.1169,0.9395,0.98005,-1.20108,-0.3532,1.0142,-0.0166,-0.0088,-0.05716,0.01945,-0.02172,0.09585,0.07874,-0.08572,0.98857,0.6263,-0.3349,-0.62607,-0.32192,50.28,52.84,0.0515,0.0692
20:49:18.354,6687.1971,334191,1.925,7.644,16.05,1.6,0.2292,-0.1328,0.8933,0.93755,-0.99284,-0.53106,1.0068,-0.0125,-0.0078,-0.05769,0.01719,-0.02385,0.09972,0.08933,-0.07705,0.988,0.62597,-0.33392,-0.62641,-0.32291,50.29,52.84,0.0288,0.0748
20:49:18.368,6687.2171,334192,2.918,6.918,16.047,1.601,0.2666,-0.0989,0.8838,0.66709,-0.89478,-0.09046,1.012,-0.0139,-0.0078,-0.05782,0.01399,-0.02491,0.09952,0.09823,-0.07129,0.9876,0.62666,-0.33457,-0.62572,-0.32224,50.28,52.83,0.0263,0.0709
20:49:18.398,6687.2371,334193,4.537,6.129,16.044,1.603,0.2461,-0.0559,0.8848,0.6992,-1.53589,0.18706,1.0078,-0.0139,-0.0081,-0.05796,0.01132,-0.02558,0.09609,0.11308,-0.06594,0.98673,0.62589,-0.33401,-0.62649,-0.32281,50.29,52.85,0.0201,0.0741
20:49:18.413,6687.2571,334194,5.591,5.323,16.041,1.604,0.1331,-0.1213,0.8662,0.73131,-1.06785,0.08114,1.0103,-0.0129,-0.0083,-0.05809,0.01199,-0.02505,0.09388,0.12269,-0.06003,0.98617,0.62532,-0.33318,-0.62707,-0.32366,50.29,52.84,0.02,0.0722
20:49:18.428,6687.2771,334195,5.888,4.739,16.038,1.605,0.1514,-0.1318,0.8867,0.56117,-0.33921,0.42421,1.0107,-0.0125,-0.0071,-0.05809,0.01159,-0.02531,0.0889,0.12475,-0.0556,0.98663,0.62611,-0.33347,-0.62627,-0.32336,50.29,52.84,0.02,0.0719
20:49:18.459,6687.2971,334196,6.07,3.86,16.035,1.605,0.3013,-0.074,0.8005,0.78487,-0.35599,0.9173,1.0093,-0.0132,-0.0105,-0.05875,0.00959,-0.02625,0.07882,0.12758,-0.04947,0.98745,0.62549,-0.33391,-0.62688,-0.32292,50.32,52.84,0.02,0.0729
20:49:18.473,6687.3171,334197,6.426,2.85,16.033,1.606,0.4312,0.0935,0.9148,0.78726,-0.44952,1.19802,1.009,-0.0127,-0.0093,-0.05955,0.00679,-0.02785,0.06605,0.13183,-0.04289,0.98814,0.62463,-0.33367,-0.62773,-0.32319,50.3,52.84,0.0683,0.0732
20:49:18.488,6687.3371,334198,6.498,2.157,16.03,1.606,0.3411,0.009,0.8633,0.60953,-0.11671,0.55597,1.0129,-0.0159,-0.0083,-0.05836,0.01146,-0.02598,0.05987,0.13237,-0.03756,0.98868,0.62538,-0.33415,-0.62698,-0.3227,50.29,52.83,0.0262,0.0702
20:49:18.519,6687.3571,334199,6.415,1.753,16.028,1.606,0.2085,-0.0447,0.8757,0.38011,-0.00746,0.02771,1.0105,-0.0144,-0.0076,-0.05782,0.01186,-0.02558,0.05921,0.13112,-0.03388,0.98902,0.62614,-0.33412,-0.62623,-0.32272,50.29,52.84,0.02,0.072
20:49:18.534,6687.3771,334200,6.327,1.515,16.025,1.606,0.2007,-0.01,1.0027,0.1752,-0.23995,-0.00786,1.0117,-0.0161,-0.0093,-0.05849,0.01346,-0.02545,0.05914,0.13142,-0.03174,0.98905,0.62591,-0.33491,-0.62645,-0.32192,50.29,52.83,0.063,0.0711
20:49:18.548,6687.3971,334201,6.109,1.17,16.022,1.606,0.2222,-0.0325,0.9956,0.27939,-0.03637,-0.07434,1.0105,-0.0098,-0.0083,-0.05849,0.01452,-0.02558,0.05964,0.12964,-0.02859,0.98935,0.6256,-0.33397,-0.62677,-0.32288,50.3,52.84,0.0645,0.0721
20:49:18.578,6687.4171,334202,5.673,0.541,16.019,1.605,0.2861,-0.0149,0.9644,0.47111,0.26033,-0.11218,1.0085,-0.0095,-0.012,-0.05742,0.01572,-0.02518,0.06046,0.1273,-0.02279,0.98976,0.62481,-0.33363,-0.62756,-0.32321,50.29,52.83,0.0755,0.0735
20:49:18.593,6687.4371,334203,5.196,-0.089,16.016,1.605,0.2791,0.0051,0.9834,0.50202,0.35133,-0.1307,1.0117,-0.0159,-0.0098,-0.05756,0.01599,-0.02438,0.06144,0.12365,-0.01653,0.99028,0.62541,-0.33443,-0.62696,-0.32239,50.31,52.84,0.0633,0.0711
20:49:18.609,6687.4571,334204,4.763,-0.812,16.013,1.604,0.2354,0.02,0.9724,0.5172,0.24288,-0.24208,1.0093,-0.0105,-0.0081,-0.05742,0.01545,-0.02425,0.06351,0.12005,-0.00959,0.99069,0.62542,-0.33348,-0.62697,-0.32334,50.29,52.84,0.0795,0.073
20:49:18.653,6687.4771,334205,4.375,-1.245,16.01,1.603,0.2104,-0.0334,0.9243,0.49442,0.13443,-0.176,1.0085,-0.0154,-0.0095,-0.05809,0.01386,-0.02465,0.06466,0.11743,-0.00523,0.99096,0.62568,-0.33446,-0.6267,-0.32235,50.31,52.86,0.0414,0.0735
20:49:18.654,6687.4971,334206,3.943,-2.332,16.007,1.602,0.2546,0.0037,0.8909,0.97232,0.21051,-0.20717,1.01,-0.0125,-0.0103,-0.05822,0.01359,-0.02451,0.06565,0.11529,0.0046,0.99115,0.62493,-0.33388,-0.62745,-0.32294,50.31,52.84,0.0249,0.0724
20:49:18.669,6687.5171,334207,1.997,-4.044,16.003,1.601,0.1997,0.2664,0.9504,1.43796,1.3968,0.09739,1.0078,-0.012,-0.011,-0.05796,0.01266,-0.02558,0.0632,0.10116,0.02097,0.99264,0.62419,-0.33406,-0.62818,-0.32277,50.3,52.84,0.0747,0.0741
20:49:18.698,6687.5371,334208,0.205,-5.886,15.999,1.599,0.2275,0.1973,0.991,1.60077,1.48446,-0.22303,1.0083,-0.0166,-0.0088,-0.05902,0.01199,-0.02625,0.06363,0.08648,0.03888,0.99346,0.625,-0.33444,-0.62737,-0.32237,50.29,52.84,0.0532,0.0736
20:49:18.714,6687.5571,334209,-1.683,-7.56,15.994,1.596,0.1206,0.103,0.8625,1.51364,1.57506,-0.64111,1.0037,-0.0154,-0.0046,-0.05862,0.01292,-0.02505,0.06814,0.07018,0.05561,0.99365,0.62578,-0.33427,-0.62661,-0.32253,50.29,52.84,0.02,0.0771
20:49:18.728,6687.5771,334210,-2.524,-9.017,15.989,1.593,0.0977,0.2625,0.875,1.27369,0.68587,-0.12737,1.01,-0.0154,-0.0059,-0.05929,0.01252,-0.02558,0.06815,0.06295,0.06907,0.99329,0.62652,-0.33417,-0.62587,-0.32262,50.29,52.84,0.02,0.0724
20:49:18.758,6687.5971,334211,-2.347,-9.553,15.984,1.59,0.0952,0.228,0.8389,0.44819,-0.18999,0.0874,1.0103,-0.0166,-0.0054,-0.05862,0.01239,-0.02545,0.06712,0.06402,0.07359,0.99297,0.62732,-0.33445,-0.62508,-0.32233,50.3,52.84,0.02,0.0722
20:49:18.773,6687.6171,334212,-1.949,-9.003,15.979,1.587,0.104,0.1133,0.9197,-0.41235,-0.5713,0.11218,1.0056,-0.0168,-0.0095,-0.05915,0.01092,-0.02625,0.06664,0.06818,0.06833,0.9931,0.62663,-0.33482,-0.62575,-0.32198,50.29,52.83,0.0294,0.0757
20:49:18.788,6687.6371,334213,-1.608,-8.854,15.974,1.585,0.127,0.1848,0.9717,-0.263,-0.37851,0.03078,1.0105,-0.0154,-0.0068,-0.05862,0.00839,-0.02758,0.06682,0.07075,0.06683,0.99301,0.62652,-0.33388,-0.62587,-0.32293,50.29,52.84,0.0779,0.072
20:49:18.818,6687.6571,334214,-1.789,-8.997,15.97,1.582,0.1282,0.1614,0.9329,0.05995,-0.04064,-0.05756,1.0076,-0.012,-0.0078,-0.05849,0.00999,-0.02571,0.0674,0.07013,0.06819,0.99292,0.62571,-0.33342,-0.62669,-0.32341,50.29,52.84,0.0465,0.0742
20:49:18.833,6687.6771,334215,-1.912,-9.133,15.965,1.579,0.1387,0.1497,0.8921,0.11351,-0.08394,-0.01079,1.0098,-0.0122,-0.011,-0.05836,0.01306,-0.02571,0.06745,0.07015,0.06936,0.99283,0.62508,-0.33379,-0.6273,-0.32303,50.3,52.84,0.02,0.0725
20:49:18.863,6687.6985,334216,-1.691,-9.333,15.96,1.576,0.1716,0.116,0.863,0.18572,-0.33841,0.08167,1.0107,-0.0132,-0.0112,-0.05782,0.01359,-0.02505,0.06662,0.07307,0.07074,0.99258,0.62475,-0.33459,-0.62762,-0.32223,50.3,52.85,0.02,0.0719
20:49:18.864,6687.7171,334217,-1.277,-9.912,15.955,1.573,0.1929,0.1763,0.9495,0.49749,-0.31163,0.12231,1.0093,-0.0159,-0.0103,-0.05862,0.01266,-0.02598,0.06528,0.07638,0.07539,0.99208,0.62549,-0.33497,-0.62688,-0.32184,50.29,52.84,0.0686,0.0729
20:49:18.893,6687.7371,334218,-1.128,-10.594,15.951,1.569,0.1648,0.2036,0.9133,0.54745,-0.11858,-0.02065,1.0129,-0.0161,-0.0083,-0.05849,0.01492,-0.02385,0.06513,0.07717,0.0813,0.99156,0.62619,-0.33475,-0.62619,-0.32205,50.29,52.84,0.0426,0.0702
20:49:18.938,6687.7571,334219,-1.012,-11.287,15.946,1.566,0.1589,0.2563,0.8921,0.56037,-0.18399,-0.00946,1.0125,-0.0146,-0.0078,-0.05756,0.01466,-0.02398,0.06493,0.0784,0.08727,0.99097,0.62615,-0.33382,-0.62625,-0.32297,50.3,52.85,0.0363,0.0705
20:49:18.939,6687.7771,334220,-1.088,-11.44,15.941,1.562,0.1152,0.1965,0.8186,0.11671,-0.15788,-0.10898,1.0095,-0.0132,-0.0078,-0.05769,0.01506,-0.02385,0.06603,0.07872,0.08865,0.99075,0.62537,-0.3336,-0.62703,-0.3232,50.29,52.85,0.02,0.0728
20:49:18.968,6687.7971,334221,-1.015,-11.158,15.937,1.559,0.1304,0.2031,0.8508,-0.26553,-0.18413,-0.09006,1.0066,-0.0149,-0.0098,-0.05782,0.01412,-0.02505,0.06727,0.07916,0.08621,0.99085,0.62557,-0.33459,-0.62682,-0.3222,50.32,52.85,0.02,0.0749
20:49:18.969,6687.8171,334222,-1.051,-10.611,15.932,1.556,0.1394,0.176,0.9143,-0.518,-0.1351,-0.10792,1.0073,-0.0134,-0.0107,-0.05849,0.01346,-0.02518,0.06883,0.07923,0.08152,0.99113,0.62476,-0.33415,-0.62762,-0.32265,50.29,52.84,0.0361,0.0744
20:49:19.014,6687.8371,334223,-0.744,-10.062,15.928,1.553,0.1484,0.179,0.9189,-0.52493,-0.23795,-0.06875,1.0103,-0.0115,-0.0068,-0.05836,0.01279,-0.02611,0.07008,0.08046,0.0767,0.99133,0.62531,-0.33366,-0.62709,-0.32315,50.29,52.83,0.0409,0.0722
20:49:19.015,6687.8571,334224,-0.416,-9.46,15.923,1.55,0.1523,0.1448,0.9116,-0.4779,-0.37944,-0.03944,1.009,-0.0151,-0.0107,-0.05836,0.01279,-0.02558,0.07104,0.08317,0.07122,0.99144,0.62532,-0.3346,-0.62706,-0.3222,50.3,52.84,0.0316,0.0731
20:49:19.073,6687.8771,334225,0.235,-8.832,15.919,1.547,0.1487,0.1272,0.8855,-0.49922,-0.55131,0.02118,1.0103,-0.0173,-0.0042,-0.05849,0.01306,-0.02491,0.07157,0.08732,0.06538,0.99145,0.62608,-0.33454,-0.62631,-0.32224,50.29,52.84,0.02,0.0722
20:49:19.074,6687.8971,334226,0.863,-8.248,15.915,1.544,0.1716,0.1306,0.9268,-0.4751,-0.52013,0.02105,1.0088,-0.01,-0.0049,-0.05915,0.01266,-0.02518,0.07201,0.09177,0.05985,0.99137,0.62618,-0.33364,-0.62623,-0.32315,50.29,52.85,0.0437,0.0734
20:49:19.076,6687.9171,334227,1.121,-7.652,15.911,1.542,0.1541,0.1145,0.9431,-0.42781,-0.3047,-0.02411,1.0098,-0.0132,-0.0063,-0.05915,0.01279,-0.02545,0.07281,0.09251,0.05462,0.99154,0.62681,-0.33327,-0.62561,-0.32351,50.31,52.83,0.0518,0.0726
20:49:19.089,6687.9371,334228,0.945,-7.162,15.907,1.539,0.1504,0.1016,0.929,-0.3532,-0.11111,-0.06022,1.0105,-0.0144,-0.0095,-0.05875,0.01292,-0.02531,0.07378,0.0915,0.05049,0.99178,0.62627,-0.33377,-0.62614,-0.32301,50.29,52.84,0.0399,0.072
20:49:19.119,6687.9571,334229,1.007,-6.877,15.903,1.537,0.1934,0.1206,0.9277,-0.2658,-0.17813,0.03424,1.0066,-0.0151,-0.01,-0.05849,0.01332,-0.02585,0.07375,0.09275,0.04786,0.9918,0.62579,-0.3344,-0.6266,-0.32239,50.29,52.84,0.0465,0.0749
20:49:19.134,6687.9771,334230,1.595,-6.534,15.899,1.535,0.2078,0.1157,0.9392,-0.30963,-0.42914,0.09193,1.0078,-0.0164,-0.0076,-0.05716,0.01439,-0.02491,0.07329,0.09672,0.04449,0.99161,0.62662,-0.33475,-0.62578,-0.322,50.31,52.84,0.0566,0.074
20:49:19.163,6687.9971,334231,2.102,-6.229,15.895,1.533,0.1814,0.1128,0.9253,-0.33574,-0.57343,0.08274,1.0073,-0.0134,-0.0081,-0.05836,0.01359,-0.02505,0.07311,0.10135,0.04128,0.9913,0.62596,-0.33397,-0.62645,-0.3228,50.3,52.85,0.0422,0.0744
20:49:19.164,6688.0171,334232,2.492,-5.857,15.892,1.531,0.1497,0.1067,0.9202,-0.32762,-0.45685,0.0012,1.0137,-0.0168,-0.0071,-0.05742,0.01279,-0.02478,0.07369,0.10387,0.03788,0.99113,0.62663,-0.33462,-0.62577,-0.32214,50.29,52.85,0.0338,0.0696
20:49:19.193,6688.0371,334233,2.574,-5.517,15.888,1.529,0.1511,0.0786,0.8909,-0.27845,-0.26193,-0.04104,1.0078,-0.0139,-0.0076,-0.05822,0.01319,-0.02518,0.07452,0.10467,0.03482,0.9911,0.62601,-0.33381,-0.62641,-0.32296,50.29,52.84,0.02,0.0741
20:49:19.223,6688.0571,334234,2.564,-5.332,15.884,1.527,0.1892,0.0784,0.873,-0.15841,-0.14722,-0.03411,1.011,-0.0115,-0.009,-0.05822,0.01346,-0.02558,0.07508,0.10518,0.03313,0.99106,0.62523,-0.33338,-0.62718,-0.3234,50.3,52.84,0.02,0.0717
20:49:19.224,6688.0771,334235,2.623,-5.285,15.881,1.525,0.2097,0.0933,0.9521,-0.10898,-0.04517,-0.0397,1.0129,-0.0139,-0.0085,-0.05836,0.01306,-0.02491,0.07569,0.1052,0.03285,0.99102,0.62587,-0.3341,-0.62654,-0.32267,50.29,52.84,0.0645,0.0702
20:49:19.253,6688.0971,334236,2.459,-5.142,15.877,1.523,0.1853,0.0732,0.9187,-0.07421,-0.1363,-0.01212,1.0095,-0.0132,-0.0105,-0.05836,0.01199,-0.02518,0.07595,0.10467,0.03164,0.9911,0.62511,-0.33419,-0.62728,-0.32259,50.28,52.84,0.035,0.0728
20:49:19.283,6688.1171,334237,2.756,-5.117,15.874,1.522,0.1958,0.0762,0.9258,-0.03118,-0.20118,0.04397,1.0066,-0.0156,-0.0068,-0.05836,0.01332,-0.02531,0.07563,0.10623,0.03128,0.99097,0.62593,-0.33427,-0.62648,-0.3225,50.3,52.85,0.042,0.0749
20:49:19.284,6688.1371,334238,2.999,-5.099,15.87,1.52,0.2114,0.0676,0.9316,0.0481,-0.14242,0.00919,1.01,-0.0149,-0.0068,-0.05822,0.01346,-0.02531,0.07547,0.10731,0.03103,0.99087,0.62664,-0.33407,-0.62577,-0.32269,50.3,52.85,0.0483,0.0724
20:49:19.313,6688.1571,334239,2.641,-5.219,15.867,1.518,0.1816,0.0762,0.9561,0.12897,-0.02931,-0.03717,1.0112,-0.0149,-0.0107,-0.05902,0.01226,-0.02558,0.07579,0.1053,0.03229,0.99102,0.62599,-0.33439,-0.62641,-0.32237,50.3,52.84,0.0621,0.0715
20:49:19.328,6688.1771,334240,2.241,-5.298,15.863,1.516,0.1658,0.0859,1.0105,0.08607,0.01066,-0.04716,1.009,-0.0146,-0.01,-0.05769,0.01306,-0.02598,0.07625,0.10291,0.03325,0.99121,0.62528,-0.3346,-0.62712,-0.32218,50.3,52.83,0.0593,0.0731
20:49:19.358,6688.1971,334241,2.1,-5.471,15.859,1.514,0.1707,0.0837,0.9998,0.1748,-0.03611,0.00613,1.0107,-0.0129,-0.0073,-0.05796,0.01252,-0.02585,0.07611,0.10092,0.03493,0.99136,0.62573,-0.33399,-0.62668,-0.32279,50.31,52.84,0.0667,0.0719
20:49:19.403,6688.2171,334242,2.108,-5.949,15.856,1.512,0.1743,0.0989,0.9697,0.35599,-0.13696,0.04956,1.0063,-0.0144,-0.0059,-0.05862,0.01252,-0.02585,0.07546,0.10033,0.03915,0.99132,0.6265,-0.33386,-0.62592,-0.3229,50.3,52.84,0.0726,0.0752
20:49:19.404,6688.2371,334243,1.875,-6.48,15.852,1.51,0.1665,0.1077,0.9229,0.42914,-0.06901,0.08074,1.0112,-0.0144,-0.0088,-0.05796,0.01266,-0.02505,0.07435,0.09976,0.04377,0.99126,0.62588,-0.33423,-0.62652,-0.32254,50.3,52.85,0.038,0.0715
20:49:19.407,6688.2571,334244,1.687,-6.94,15.848,1.508,0.2078,0.1299,0.9082,0.36905,-0.01319,0.08847,1.0117,-0.0134,-0.01,-0.05836,0.01186,-0.02491,0.07314,0.09949,0.04769,0.9912,0.6251,-0.33414,-0.62729,-0.32264,50.3,52.85,0.0355,0.0711
20:49:19.433,6688.2771,334245,1.757,-7.276,15.844,1.505,0.1816,0.1196,0.8721,0.28645,-0.12031,0.06302,1.011,-0.0171,-0.0095,-0.05822,0.01132,-0.02518,0.07231,0.09993,0.05058,0.99107,0.62574,-0.33488,-0.62665,-0.32188,50.3,52.85,0.02,0.0716
20:49:19.449,6688.2971,334246,1.964,-7.575,15.84,1.503,0.1609,0.1392,0.9126,0.22929,-0.23182,0.07155,1.0093,-0.0178,-0.0056,-0.05889,0.01146,-0.02558,0.07156,0.10097,0.05306,0.99089,0.62651,-0.33484,-0.62589,-0.32191,50.28,52.84,0.0328,0.0729
20:49:19.493,6688.3171,334247,2.106,-7.781,15.837,1.501,0.1946,0.115,0.8779,0.18759,-0.12351,0.04743,1.0073,-0.0127,-0.002,-0.05889,0.01186,-0.02585,0.07095,0.10154,0.05474,0.99079,0.62689,-0.33412,-0.62552,-0.32263,50.31,52.85,0.02,0.0745
20:49:19.494,6688.3371,334248,1.911,-7.979,15.833,1.498,0.2327,0.1143,0.8628,0.18945,-0.01519,0.03371,1.0054,-0.0139,-0.0076,-0.05822,0.01146,-0.02585,0.0704,0.10104,0.05644,0.99078,0.62606,-0.33394,-0.62635,-0.32282,50.3,52.84,0.02,0.0759
20:49:19.538,6688.3571,334249,1.771,-8.136,15.829,1.495,0.2476,0.1189,0.8384,0.15561,-0.05796,-0.00386,1.0093,-0.0142,-0.0093,-0.05836,0.01172,-0.02611,0.07029,0.10093,0.05782,0.99072,0.62549,-0.33442,-0.62691,-0.32235,50.31,52.83,0.02,0.0729
20:49:19.541,6688.3771,334250,2.012,-8.206,15.826,1.493,0.2278,0.1345,0.8269,0.06795,-0.19678,-0.02611,1.0137,-0.0142,-0.0068,-0.05902,0.01226,-0.02585,0.07057,0.10209,0.05835,0.99055,0.62609,-0.33406,-0.62632,-0.32271,50.3,52.84,0.02,0.0696
20:49:19.568,6688.3971,334251,2.177,-8.147,15.822,1.49,0.2085,0.1399,0.8484,-0.06075,-0.25047,-0.0405,1.0073,-0.0132,-0.0078,-0.05849,0.01266,-0.02478,0.07116,0.10365,0.05767,0.99039,0.6256,-0.33313,-0.62682,-0.32364,50.31,52.84,0.02,0.0744
20:49:19.569,6688.4171,334252,2.379,-8.088,15.818,1.488,0.1877,0.1211,0.8489,-0.05169,-0.1684,-0.03917,1.0056,-0.0103,-0.0063,-0.05822,0.01266,-0.02531,0.07168,0.10443,0.0571,0.9903,0.62604,-0.33245,-0.62638,-0.32432,50.3,52.83,0.02,0.0757
20:49:19.598,6688.4371,334253,2.318,-7.975,15.815,1.485,0.2017,0.113,0.8606,-0.06875,-0.05396,-0.06129,1.011,-0.0178,-0.0088,-0.05836,0.01292,-0.02518,0.07236,0.10408,0.05626,0.99034,0.62615,-0.3334,-0.62627,-0.32337,50.3,52.83,0.02,0.0716
20:49:19.615,6688.4571,334254,2.278,-7.785,15.811,1.483,0.208,0.1094,0.9092,-0.12417,-0.11618,-0.06062,1.0093,-0.0122,-0.0073,-0.05875,0.01372,-0.02531,0.07307,0.10452,0.05458,0.99033,0.62535,-0.33326,-0.62706,-0.32352,50.3,52.84,0.0343,0.0729
20:49:19.643,6688.4771,334255,2.363,-7.451,15.807,1.48,0.1782,0.1045,0.9565,-0.17533,-0.22503,-0.0445,1.0093,-0.0154,-0.0076,-0.05836,0.01292,-0.02571,0.07379,0.10446,0.05179,0.99043,0.62601,-0.33401,-0.6264,-0.32276,50.31,52.84,0.0639,0.0729
20:49:19.646,6688.4971,334256,2.355,-7.337,15.804,1.478,0.158,0.106,0.927,-0.06821,-0.26753,-0.00653,1.0107,-0.012,-0.0093,-0.05769,0.01332,-0.02465,0.0741,0.1051,0.0507,0.9904,0.62523,-0.33359,-0.62718,-0.32318,50.31,52.84,0.0397,0.0719
20:49:19.673,6688.5171,334257,2.269,-7.359,15.8,1.475,0.1853,0.1155,0.9146,-0.01266,-0.11911,0.0056,1.0078,-0.0156,-0.0112,-0.05809,0.01399,-0.02491,0.0742,0.10481,0.05098,0.99041,0.62525,-0.33455,-0.62715,-0.32222,50.31,52.85,0.0352,0.074
20:49:19.703,6688.5371,334258,2.465,-7.269,15.797,1.473,0.2051,0.1064,0.9138,-0.0445,-0.12217,0.02092,1.0122,-0.0137,-0.0076,-0.05836,0.01399,-0.02545,0.07404,0.10551,0.05011,0.99039,0.6258,-0.33408,-0.62661,-0.32268,50.31,52.85,0.0369,0.0708
20:49:19.704,6688.5571,334259,2.621,-7.192,15.793,1.471,0.2261,0.113,0.9216,-0.06475,-0.24608,0.0401,1.0115,-0.0103,-0.0112,-0.05809,0.01346,-0.02545,0.07379,0.10764,0.04913,0.99023,0.62502,-0.3337,-0.62738,-0.32308,50.3,52.84,0.0467,0.0713
20:49:19.733,6688.5771,334260,2.875,-7.214,15.79,1.468,0.1917,0.1162,0.9304,-0.03144,-0.30017,0.04037,1.0095,-0.0161,-0.0061,-0.05849,0.01319,-0.02558,0.07368,0.10894,0.04924,0.99009,0.62583,-0.33398,-0.62658,-0.32279,50.29,52.84,0.0478,0.0728
20:49:19.763,6688.5971,334261,2.881,-7.241,15.786,1.466,0.1716,0.1245,0.9014,0.00853,-0.26033,0.0405,1.01,-0.0134,-0.0088,-0.05849,0.01252,-0.02545,0.07346,0.11002,0.0493,0.98998,0.62505,-0.33393,-0.62736,-0.32284,50.32,52.84,0.0245,0.0724
20:49:19.764,6688.6171,334262,2.942,-7.227,15.783,1.464,0.1812,0.1338,0.8872,-0.01879,-0.09846,-0.01066,1.0105,-0.0151,-0.0083,-0.05862,0.01306,-0.02558,0.07368,0.10968,0.0493,0.99001,0.62584,-0.33429,-0.62657,-0.32247,50.29,52.82,0.02,0.072
20:49:19.808,6688.6371,334263,2.85,-7.14,15.779,1.461,0.1804,0.1177,0.9482,-0.07288,-0.06835,-0.04423,1.009,-0.0161,-0.0078,-0.05889,0.01266,-0.02545,0.07434,0.108,0.04884,0.99016,0.62662,-0.33477,-0.62579,-0.32197,50.29,52.84,0.0593,0.0731
20:49:19.809,6688.6571,334264,2.755,-7.073,15.776,1.459,0.1709,0.0996,0.9368,0.00067,-0.16028,-0.05969,1.0088,-0.0188,-0.0083,-0.05862,0.01252,-0.02518,0.07504,0.10747,0.04844,0.99019,0.62669,-0.33573,-0.6257,-0.32101,50.31,52.83,0.0481,0.0732
20:49:19.883,6688.6771,334265,2.682,-7.134,15.772,1.457,0.1687,0.1052,0.9204,0.07088,-0.15601,-0.01919,1.0076,-0.0132,-0.009,-0.05822,0.01199,-0.02531,0.07528,0.10716,0.04895,0.99018,0.62614,-0.33486,-0.62626,-0.3219,50.31,52.85,0.0362,0.0742
20:49:19.884,6688.6971,334266,2.876,-7.136,15.769,1.455,0.2261,0.1008,0.9275,0.04463,-0.09526,0.01426,1.01,-0.0154,-0.0051,-0.05836,0.01212,-0.02505,0.07505,0.10789,0.04887,0.99012,0.62669,-0.33437,-0.62572,-0.32238,50.29,52.85,0.05,0.0724
20:49:19.885,6688.7171,334267,2.894,-7.117,15.765,1.452,0.2419,0.1008,0.9226,0.01252,-0.1339,0.02118,1.0076,-0.0137,-0.0088,-0.05782,0.01279,-0.02571,0.07482,0.10899,0.04852,0.99004,0.62587,-0.33412,-0.62654,-0.32264,50.3,52.83,0.0493,0.0742
20:49:19.889,6688.7371,334268,3.153,-7.137,15.762,1.45,0.217,0.1165,0.9114,-0.00213,-0.21517,0.00346,1.012,-0.01,-0.0051,-0.05809,0.01239,-0.02478,0.07489,0.11061,0.04848,0.98985,0.62605,-0.3333,-0.62637,-0.32347,50.31,52.84,0.0381,0.071
20:49:19.913,6688.7571,334269,3.167,-7.151,15.759,1.448,0.2246,0.123,0.8904,0.01372,-0.15415,-0.00586,1.0078,-0.0166,-0.0103,-0.05782,0.01346,-0.02558,0.07501,0.11137,0.04861,0.98975,0.62589,-0.33418,-0.62652,-0.32259,50.29,52.84,0.0249,0.074
20:49:19.929,6688.7771,334270,3.249,-7.151,15.755,1.445,0.2185,0.0967,0.877,0.03171,-0.05103,-0.01452,1.0112,-0.0142,-0.0068,-0.05742,0.01346,-0.02491,0.07511,0.11108,0.04865,0.98977,0.62652,-0.33382,-0.6259,-0.32294,50.29,52.87,0.02,0.0715
20:49:19.960,6688.7971,334271,3.153,-7.016,15.752,1.443,0.2407,0.0879,0.9338,-0.03291,0.01932,-0.00533,1.009,-0.0166,-0.0076,-0.05849,0.01359,-0.02571,0.07507,0.11058,0.04758,0.98988,0.62654,-0.33476,-0.62586,-0.32199,50.3,52.84,0.0562,0.0731
20:49:20.018,6688.8171,334272,3.193,-6.839,15.749,1.441,0.2432,0.0906,0.929,-0.10272,-0.03611,0.11431,1.0125,-0.0125,-0.0066,-0.05889,0.01306,-0.02571,0.07397,0.11068,0.04581,0.99004,0.62632,-0.33383,-0.6261,-0.32293,50.31,52.84,0.0534,0.0706
20:49:20.019,6688.8371,334273,3.218,-6.648,15.745,1.439,0.2717,0.145,0.9453,-0.2181,-0.08087,0.23595,1.0078,-0.0166,-0.0093,-0.05809,0.01372,-0.02545,0.07193,0.11153,0.04388,0.99018,0.62611,-0.33467,-0.62629,-0.32208,50.31,52.83,0.0757,0.074
20:49:20.022,6688.8571,334274,3.441,-6.498,15.742,1.437,0.2893,0.1152,0.9167,-0.1355,-0.11698,0.16681,1.0115,-0.0142,-0.0059,-0.05822,0.01386,-0.02438,0.07045,0.11256,0.04227,0.99024,0.62651,-0.33402,-0.6259,-0.32274,50.3,52.83,0.0561,0.0713
20:49:20.024,6688.8771,334275,3.329,-6.554,15.739,1.435,0.2502,0.1077,0.8699,0.05223,-0.06742,0.00933,1.0085,-0.012,-0.0085,-0.05849,0.01399,-0.02491,0.07033,0.11246,0.04268,0.99025,0.62571,-0.3336,-0.6267,-0.32317,50.29,52.83,0.02,0.0735
20:49:20.048,6688.8971,334276,3.433,-6.585,15.735,1.432,0.2161,0.1074,0.8362,0.03504,-0.09153,-0.02891,1.0088,-0.0151,-0.0063,-0.05809,0.01466,-0.02465,0.07063,0.11252,0.04306,0.9902,0.62653,-0.33399,-0.62589,-0.32277,50.3,52.84,0.02,0.0733
20:49:20.078,6688.9171,334277,3.179,-6.48,15.732,1.43,0.1902,0.1216,0.8806,-0.11032,0.05529,-0.06888,1.0076,-0.0122,-0.0071,-0.05756,0.01452,-0.02478,0.07147,0.11062,0.04233,0.99039,0.6259,-0.33319,-0.62653,-0.32357,50.3,52.83,0.02,0.0742
20:49:20.123,6688.9371,334278,2.937,-6.288,15.729,1.428,0.1741,0.093,0.9026,-0.12963,0.11111,-0.10885,1.0061,-0.0144,-0.0063,-0.05796,0.01319,-0.02465,0.07268,0.10775,0.04116,0.99066,0.62662,-0.3339,-0.6258,-0.32284,50.3,52.84,0.0229,0.0753
20:49:20.124,6688.9571,334279,2.66,-6.232,15.725,1.426,0.1677,0.0962,0.9004,-0.02718,0.03064,-0.09633,1.0063,-0.0176,-0.0081,-0.05836,0.01306,-0.02531,0.07369,0.10581,0.04101,0.9908,0.62657,-0.33484,-0.62584,-0.32189,50.3,52.84,0.0207,0.0751
20:49:20.126,6688.9771,334280,2.446,-6.283,15.722,1.424,0.1108,0.0989,0.8879,0.05756,-0.04037,-0.09246,1.0122,-0.0117,-0.0103,-0.05822,0.01399,-0.02491,0.0746,0.10465,0.0416,0.99083,0.62583,-0.33432,-0.62658,-0.32243,50.31,52.85,0.02,0.0708
20:49:20.153,6688.9971,334281,2.422,-6.342,15.718,1.422,0.1021,0.0876,0.8962,0.07568,-0.0433,-0.04916,1.0078,-0.0137,-0.0073,-0.05849,0.01479,-0.02451,0.07506,0.10354,0.04226,0.99089,0.62629,-0.33367,-0.62613,-0.32308,50.31,52.84,0.02,0.0741
20:49:20.183,6689.0171,334282,2.13,-6.319,15.714,1.42,0.0945,0.0886,0.8943,0.00746,0.00413,0.01879,1.01,-0.0146,-0.0098,-0.05822,0.01319,-0.02571,0.0749,0.10194,0.0422,0.99107,0.62579,-0.33422,-0.62662,-0.32253,50.28,52.84,0.02,0.0724
20:49:20.184,6689.0371,334283,1.728,-6.225,15.711,1.418,0.1133,0.0981,0.8982,-0.05862,0.09459,0.09779,1.0063,-0.0146,-0.0103,-0.05809,0.01266,-0.02518,0.07398,0.09942,0.04153,0.99142,0.62522,-0.33475,-0.62718,-0.32201,50.3,52.84,0.02,0.0752
20:49:20.228,6689.0571,334284,1.559,-6.109,15.707,1.416,0.1694,0.084,0.8899,-0.04517,0.10312,0.20238,1.0122,-0.0149,-0.0063,-0.05796,0.01292,-0.02585,0.07198,0.09697,0.04057,0.99185,0.62586,-0.33442,-0.62655,-0.32233,50.29,52.85,0.02,0.0708
20:49:20.229,6689.0771,334285,1.364,-6.06,15.703,1.414,0.2302,0.0881,0.8633,-0.02278,0.09832,0.23902,1.0117,-0.012,-0.0085,-0.05769,0.01252,-0.02491,0.06958,0.09528,0.04004,0.99221,0.62553,-0.33349,-0.62689,-0.32327,50.31,52.85,0.02,0.0711
20:49:20.258,6689.0971,334286,1.51,-6.092,15.699,1.412,0.2263,0.0815,0.8491,0.05303,-0.11418,0.34227,1.0081,-0.0137,-0.0068,-0.05849,0.01359,-0.02531,0.06617,0.09579,0.04,0.99239,0.62635,-0.33374,-0.62608,-0.32301,50.29,52.86,0.02,0.0738
20:49:20.273,6689.1171,334287,1.803,-5.982,15.696,1.41,0.2175,0.114,0.8379,-0.10365,-0.40955,0.53133,1.0076,-0.0146,-0.0076,-0.05809,0.01399,-0.02491,0.06117,0.09916,0.03822,0.99245,0.6261,-0.33457,-0.62631,-0.32218,50.29,52.85,0.02,0.0742
20:49:20.288,6689.1371,334288,1.993,-5.615,15.692,1.408,0.1631,0.1301,0.8123,-0.33681,-0.16201,0.49908,1.0122,-0.0159,-0.0024,-0.05809,0.01492,-0.02451,0.05666,0.09963,0.03452,0.99281,0.62677,-0.33427,-0.62565,-0.32247,50.31,52.85,0.02,0.0708
20:49:20.348,6689.1571,334289,1.72,-5.186,15.688,1.406,0.1265,0.1357,0.833,-0.37678,0.02944,0.33281,1.0125,-0.0166,-0.0103,-0.05796,0.01492,-0.02425,0.05378,0.09789,0.03067,0.99327,0.62624,-0.33473,-0.62617,-0.322,50.31,52.86,0.02,0.0705
20:49:20.349,6689.1771,334290,1.226,-4.362,15.684,1.405,0.1917,0.1355,0.3157,-0.70692,0.33654,0.06435,-0.1021,-0.1306,0.5317,-0.06635,-0.0485,-0.07967,0.05377,0.09331,0.02385,0.9939,0.62577,-0.33461,-0.6266,-0.32221,50.3,52.85,0.02,0.02
20:49:20.351,6689.1971,334291,1.146,-0.775,15.68,1.404,0.2334,-0.5786,0.5144,-3.07538,0.15455,-0.18279,-0.1956,-0.6902,0.886,-0.07741,0.01532,0.00946,0.05844,0.08886,-0.00702,0.9943,0.62596,-0.33496,-0.62628,-0.3221,50.3,52.84,0.02,0.02
20:49:20.379,6689.2171,334292,0.987,-0.285,15.677,1.404,0.1086,-0.1653,0.9397,-0.31722,0.00453,-0.21517,1.0862,-0.0027,-0.0095,-0.07061,0.00879,-0.01719,0.06084,0.08705,-0.01105,0.99428,0.62579,-0.33485,-0.62637,-0.32236,50.3,52.85,0.0502,0.02
20:49:20.393,6689.2371,334293,0.797,-0.243,15.673,1.403,0.1238,0.0098,0.9084,-0.02465,-0.06195,0.02465,1.0278,-0.0139,-0.0154,-0.05289,0.01812,-0.02278,0.06069,0.08613,-0.0113,0.99437,0.62526,-0.33494,-0.62693,-0.32221,50.29,52.84,0.02,0.059
20:49:20.408,6689.2571,334294,0.967,-0.209,15.669,1.403,0.1423,-0.041,0.9077,0.02691,-0.24048,0.29377,0.9641,-0.0137,0.0234,-0.05449,-0.01879,-0.01839,0.05776,0.0871,-0.01192,0.99445,0.62557,-0.33481,-0.62665,-0.32229,50.3,52.84,0.02,0.0534
20:49:20.438,6689.2771,334295,1.008,-0.293,15.665,1.402,0.1597,-0.0049,0.918,0.03344,-0.31269,0.24035,1.0198,-0.0137,-0.0137,-0.05556,-0.03277,-0.01799,0.05542,0.08884,-0.01158,0.99444,0.62464,-0.33506,-0.62759,-0.32201,50.31,52.84,0.0289,0.065
20:49:20.468,6689.2971,334296,1.059,-0.271,15.661,1.402,0.2144,-0.0269,0.916,0.02078,-0.27153,0.19518,1.0068,-0.02,-0.0232,-0.04836,-0.06595,-0.01306,0.05348,0.091,-0.0121,0.99434,0.62376,-0.33597,-0.62852,-0.32096,50.29,52.83,0.0359,0.0746
20:49:20.469,6689.3171,334297,1.041,-0.279,15.657,1.402,0.1931,-0.0112,0.9092,0.02825,-0.13643,0.19545,1.022,-0.0161,-0.0232,-0.04983,0.01545,-0.02265,0.05157,0.0917,-0.01222,0.99438,0.62325,-0.33623,-0.62907,-0.3206,50.3,52.83,0.0272,0.0632
20:49:20.498,6689.3371,334298,0.92,-0.22,15.653,1.401,0.1619,-0.0146,0.928,0.03424,0.05782,0.16907,1.019,-0.0073,-0.01,-0.01532,0.08287,-0.03357,0.04993,0.08922,-0.01217,0.99469,0.62401,-0.33494,-0.62861,-0.32136,50.3,52.85,0.0366,0.0657
20:49:20.558,6689.3571,334299,0.838,-0.112,15.649,1.401,0.1462,-0.021,0.9119,-0.00946,0.14522,0.05329,1.0066,-0.0181,0.0034,-0.03597,0.13776,0.01412,0.04948,0.08615,-0.01253,0.99497,0.62573,-0.33444,-0.62705,-0.32159,50.3,52.83,0.0228,0.0749
20:49:20.559,6689.3771,334300,0.845,-0.018,15.645,1.4,0.0876,-0.0513,0.9136,-0.02145,0.03651,-0.00133,1.0054,-0.0298,0.0078,-0.05649,0.11045,0.01439,0.04957,0.08423,-0.01305,0.99513,0.62731,-0.33452,-0.62548,-0.32148,50.3,52.84,0.02,0.0756
20:49:20.561,6689.3971,334301,0.896,-0.153,15.641,1.4,0.1572,0.012,0.9233,0.04996,-0.34827,-0.14775,1.0183,-0.0083,-0.0193,-0.06528,-0.0806,-0.07807,0.05108,0.08656,-0.01212,0.99486,0.62581,-0.33443,-0.62694,-0.32166,50.3,52.85,0.0325,0.0661
20:49:20.588,6689.4171,334302,1.134,-0.275,15.638,1.4,0.2593,0.1152,0.8499,0.08021,-0.30617,-0.24928,1.0142,0.0024,0.0264,-0.06209,-0.07821,-0.07354,0.05355,0.08877,-0.01114,0.99455,0.6255,-0.33386,-0.62724,-0.32226,50.31,52.84,0.02,0.0691
20:49:20.590,6689.4371,334303,0.956,-0.266,15.634,1.399,0.1182,-0.0044,0.9309,0.00946,-0.08354,-0.41768,1.043,0.001,-0.0349,-0.05915,0.01945,-0.03424,0.05776,0.08782,-0.01075,0.9944,0.625,-0.33376,-0.62773,-0.32238,50.31,52.85,0.0338,0.0473
20:49:20.618,6689.4571,334304,1.03,-0.304,15.63,1.399,0.1606,0.0,0.9299,-0.00506,-0.1323,-0.46897,0.9973,-0.0161,-0.0076,-0.05822,0.01306,-0.02705,0.06254,0.08769,-0.00994,0.99413,0.62586,-0.33408,-0.62688,-0.32205,50.3,52.84,0.0377,0.0781
20:49:20.649,6689.4771,334305,0.877,-0.271,15.626,1.398,0.127,-0.0176,0.9243,0.00946,-0.08367,-0.20797,1.0154,-0.0117,-0.0105,-0.05809,0.01785,-0.02638,0.06465,0.08678,-0.00997,0.99408,0.6252,-0.33348,-0.62754,-0.32266,50.3,52.84,0.0299,0.0684
20:49:20.651,6689.4971,334306,1.018,-0.249,15.622,1.398,0.179,-0.0117,0.9233,0.01932,-0.13603,-0.01492,1.0073,-0.0151,-0.0093,-0.05822,0.01079,-0.02478,0.06482,0.08763,-0.0102,0.99399,0.62588,-0.33423,-0.62686,-0.32189,50.3,52.85,0.0354,0.0744
20:49:20.708,6689.5171,334307,1.103,-0.194,15.618,1.397,0.1611,-0.0107,0.9119,0.02105,-0.11365,-0.00493,1.0085,-0.0171,-0.0042,-0.05782,0.01466,-0.02598,0.06487,0.0873,-0.01061,0.99401,0.62666,-0.33414,-0.62609,-0.32196,50.31,52.86,0.0246,0.0735
20:49:20.711,6689.5371,334308,1.077,-0.189,15.614,1.397,0.1736,-0.0095,0.9197,0.01466,-0.11658,-0.00893,1.0105,-0.012,-0.0117,-0.05809,0.01506,-0.02372,0.065,0.08791,-0.01074,0.99395,0.62589,-0.33396,-0.62686,-0.32215,50.3,52.86,0.032,0.072
20:49:20.712,6689.5571,334309,1.17,-0.105,15.611,1.397,0.1609,-0.0176,0.9224,0.00933,-0.11058,-0.00693,1.0095,-0.0137,-0.0039,-0.05902,0.02425,-0.01865,0.06506,0.08751,-0.01142,0.99397,0.62659,-0.33355,-0.62617,-0.32256,50.31,52.85,0.0324,0.0728
20:49:20.753,6689.5771,334310,0.982,-0.08,15.607,1.396,0.1555,-0.0127,0.9233,0.01732,-0.11285,-0.00573,1.0105,-0.0142,-0.0107,-0.05809,0.01692,-0.02332,0.06515,0.08683,-0.01157,0.99402,0.62598,-0.33389,-0.62677,-0.32222,50.3,52.84,0.0323,0.072
20:49:20.754,6689.5971,334311,0.983,-0.068,15.603,1.396,0.167,-0.0117,0.9185,0.02212,-0.12377,-0.00107,1.012,-0.0156,-0.0095,-0.05836,0.01066,-0.02678,0.06519,0.08746,-0.01172,0.99396,0.62593,-0.33478,-0.62681,-0.32132,50.3,52.84,0.0302,0.0709
20:49:20.768,6689.6171,334312,1.052,-0.02,15.599,1.395,0.1582,-0.0154,0.9192,0.02012,-0.11724,0.00093,1.0061,-0.0164,-0.0098,-0.05862,0.01319,-0.02425,0.06518,0.08697,-0.01207,0.994,0.62663,-0.33449,-0.62612,-0.3216,50.3,52.85,0.0296,0.0753
20:49:20.829,6689.6371,334313,1.135,0.035,15.595,1.395,0.1614,-0.0134,0.9189,0.02198,-0.11938,0.0012,1.0044,-0.0168,-0.0054,-0.05862,0.01239,-0.02611,0.06517,0.08656,-0.0125,0.99403,0.62735,-0.3342,-0.62541,-0.32189,50.28,52.84,0.0298,0.0766
20:49:20.831,6689.6571,334314,1.047,0.093,15.591,1.395,0.1636,-0.0176,0.9165,0.02212,-0.12177,0.00306,1.01,-0.0171,-0.0093,-0.05822,0.01226,-0.02558,0.06513,0.08676,-0.01304,0.99401,0.62673,-0.33458,-0.62602,-0.32151,50.3,52.85,0.0284,0.0724
20:49:20.832,6689.6771,334315,1.133,0.031,15.587,1.394,0.1633,-0.0115,0.9175,0.02172,-0.11831,0.0008,1.0088,-0.0142,-0.0066,-0.05942,0.01239,-0.02518,0.0652,0.08704,-0.01255,0.99399,0.62665,-0.33362,-0.62611,-0.32248,50.29,52.84,0.029,0.0733
20:49:20.858,6689.6995,334316,0.979,0.089,15.584,1.394,0.1602,-0.0159,0.9155,0.02292,-0.11858,-0.00093,1.0122,-0.0164,-0.01,-0.05849,0.01239,-0.02571,0.0652,0.08668,-0.01302,0.99402,0.62619,-0.33434,-0.62656,-0.32176,50.3,52.84,0.0272,0.0707
20:49:20.873,6689.7171,334317,1.055,0.142,15.58,1.394,0.1626,-0.0168,0.9163,0.02252,-0.11751,-0.00133,1.0085,-0.0134,-0.0076,-0.05809,0.01279,-0.02531,0.0652,0.08674,-0.01351,0.994,0.6262,-0.33351,-0.62656,-0.32259,50.31,52.84,0.0281,0.0735
20:49:20.888,6689.7371,334318,1.016,0.126,15.576,1.393,0.1606,-0.0137,0.9221,0.02252,-0.11831,-0.00093,1.0093,-0.0156,-0.0073,-0.05902,0.01186,-0.02518,0.06527,0.08616,-0.01327,0.99405,0.62683,-0.3343,-0.62593,-0.32179,50.3,52.85,0.0321,0.0729
20:49:20.918,6689.7571,334319,0.945,0.058,15.572,1.393,0.1621,-0.0122,0.9185,0.02318,-0.11977,0.00013,1.0076,-0.0151,-0.0083,-0.05862,0.01186,-0.02585,0.06535,0.08642,-0.01273,0.99403,0.62601,-0.33401,-0.62674,-0.3221,50.3,52.84,0.0296,0.0742
20:49:20.963,6689.7771,334320,1.087,-0.01,15.568,1.393,0.1631,-0.012,0.9231,0.02278,-0.11858,0.0008,1.011,-0.0142,-0.0063,-0.05836,0.01226,-0.02558,0.06543,0.08672,-0.01214,0.99401,0.62659,-0.33358,-0.62617,-0.32253,50.31,52.84,0.0331,0.0717
20:49:20.966,6689.7971,334321,1.023,0.035,15.564,1.392,0.1653,-0.0151,0.9185,0.02332,-0.11884,0.00067,1.0125,-0.0137,-0.0105,-0.05822,0.01346,-0.02545,0.06542,0.08711,-0.01259,0.99397,0.62591,-0.3338,-0.62684,-0.32231,50.32,52.84,0.03,0.0705
20:49:20.967,6689.8171,334322,1.095,0.09,15.561,1.392,0.1592,-0.0183,0.9192,0.02278,-0.11764,0.00173,1.0071,-0.0125,-0.0068,-0.05822,0.01252,-0.02531,0.06538,0.08673,-0.01305,0.994,0.62629,-0.33307,-0.62647,-0.32304,50.3,52.84,0.0298,0.0746
20:49:20.993,6689.8371,334323,1.138,0.123,15.557,1.392,0.1655,-0.0151,0.9192,0.02185,-0.11778,0.00226,1.0107,-0.0144,-0.0071,-0.05849,0.01212,-0.02531,0.06535,0.08725,-0.01336,0.99395,0.62665,-0.33401,-0.62611,-0.32209,50.3,52.84,0.0306,0.0719
20:49:21.023,6689.8571,334324,1.039,0.186,15.553,1.391,0.1636,-0.0149,0.9182,0.02158,-0.11604,0.00226,1.0095,-0.0144,-0.0117,-0.05836,0.01306,-0.02598,0.06532,0.08733,-0.01395,0.99394,0.62593,-0.3342,-0.62682,-0.32191,50.32,52.84,0.0296,0.0727
20:49:21.024,6689.8771,334325,0.955,0.121,15.549,1.391,0.1626,-0.0127,0.917,0.02265,-0.11791,0.00266,1.0078,-0.0115,-0.0107,-0.05809,0.01332,-0.02638,0.06536,0.08719,-0.0134,0.99395,0.62518,-0.33359,-0.62757,-0.32254,50.31,52.85,0.0285,0.0741
20:49:21.053,6689.8971,334326,0.97,0.192,15.545,1.391,0.1624,-0.019,0.9187,0.02305,-0.11884,0.0024,1.0095,-0.0127,-0.0103,-0.05836,0.01346,-0.02545,0.06531,0.08704,-0.01397,0.99396,0.62578,-0.3344,-0.62696,-0.32171,50.31,52.84,0.0299,0.0728
20:49:21.068,6689.9171,334327,0.972,0.227,15.541,1.39,0.1582,-0.0176,0.9182,0.02305,-0.11818,0.0024,1.0037,-0.0203,-0.0078,-0.05849,0.01319,-0.02491,0.06529,0.08651,-0.01418,0.99401,0.62655,-0.33505,-0.62618,-0.32104,50.3,52.84,0.0289,0.077
20:49:21.098,6689.9371,334328,0.999,0.292,15.538,1.39,0.1609,-0.02,0.9233,0.02172,-0.11804,0.002,1.0125,-0.0137,-0.0071,-0.05822,0.01306,-0.02571,0.06524,0.08618,-0.01475,0.99403,0.62647,-0.33413,-0.62628,-0.32197,50.31,52.85,0.0331,0.0705
20:49:21.113,6689.9571,334329,0.901,0.243,15.534,1.39,0.1606,-0.0156,0.9209,0.02332,-0.11804,0.00226,1.0105,-0.0122,-0.0088,-0.05862,0.01306,-0.02585,0.06527,0.08575,-0.0143,0.99407,0.62579,-0.33343,-0.62697,-0.32268,50.3,52.85,0.0312,0.072
20:49:21.128,6689.9771,334330,0.91,0.3,15.53,1.389,0.1626,-0.0186,0.9192,0.02225,-0.11858,0.00253,1.0125,-0.0171,-0.0095,-0.05889,0.01226,-0.02651,0.06523,0.08606,-0.01482,0.99404,0.62606,-0.33436,-0.62669,-0.32174,50.3,52.84,0.0302,0.0705
20:49:21.173,6689.9971,334331,0.917,0.25,15.526,1.389,0.1599,-0.0151,0.9211,0.02238,-0.11898,0.00213,1.0103,-0.0139,-0.0085,-0.05796,0.01252,-0.02505,0.06527,0.08566,-0.01435,0.99408,0.62597,-0.33342,-0.62679,-0.32269,50.29,52.84,0.0312,0.0722
20:49:21.174,6690.0171,334332,0.865,0.214,15.522,1.389,0.1599,-0.0151,0.9248,0.02198,-0.11871,0.00213,1.0085,-0.0168,-0.0078,-0.05809,0.01279,-0.02571,0.0653,0.08513,-0.01394,0.99413,0.62652,-0.33428,-0.62623,-0.32181,50.3,52.83,0.034,0.0735
20:49:21.188,6690.0371,334333,0.839,0.17,15.518,1.388,0.1875,-0.0007,0.9207,0.02345,-0.12111,0.00306,1.0161,-0.0149,-0.01,-0.05849,0.01692,-0.02411,0.06533,0.08578,-0.01364,0.99408,0.62583,-0.33426,-0.62692,-0.32185,50.31,52.85,0.0347,0.0678
20:49:21.218,6690.0571,334334,0.919,0.236,15.514,1.388,0.1565,-0.0176,0.9148,0.00453,-0.091,-0.01119,1.0083,-0.0171,-0.0054,-0.05729,0.04996,-0.00759,0.06547,0.08508,-0.01409,0.99412,0.62691,-0.33423,-0.62585,-0.32186,50.29,52.84,0.0262,0.0737
20:49:21.233,6690.0771,334335,0.795,0.299,15.511,1.388,0.1504,-0.0261,0.916,0.01199,-0.06555,0.00306,1.0076,-0.0112,-0.0088,-0.05476,0.03717,-0.01932,0.06545,0.08419,-0.01455,0.99419,0.62635,-0.33352,-0.62643,-0.32254,50.3,52.84,0.0265,0.0742
20:49:21.249,6690.0971,334336,0.793,0.244,15.507,1.388,0.1611,-0.0129,0.9194,0.02798,-0.09686,0.00226,1.0095,-0.0188,-0.0081,-0.05782,0.01825,-0.02531,0.06551,0.08439,-0.01405,0.99418,0.62672,-0.33445,-0.62606,-0.32159,50.31,52.85,0.0301,0.0727
20:49:21.293,6690.1171,334337,0.772,0.206,15.503,1.387,0.1467,-0.0093,0.9246,0.02838,-0.11924,0.00733,1.0144,-0.0042,-0.0037,-0.05622,0.00999,-0.03024,0.06549,0.08387,-0.01366,0.99423,0.62654,-0.3335,-0.62626,-0.32252,50.3,52.84,0.0322,0.0692
20:49:21.294,6690.1371,334338,0.844,0.281,15.499,1.387,0.1636,-0.0242,0.9272,0.02132,-0.13496,0.00306,1.0029,-0.0222,-0.0063,-0.05875,0.01066,-0.02478,0.06544,0.08434,-0.01434,0.99418,0.6271,-0.33444,-0.62569,-0.32157,50.3,52.84,0.0364,0.0776
20:49:21.308,6690.1571,334339,0.832,0.255,15.495,1.387,0.1516,-0.0134,0.9175,0.02198,-0.12337,0.002,1.0115,-0.0151,-0.0061,-0.05902,0.00666,-0.02638,0.06547,0.08392,-0.0141,0.99422,0.62689,-0.33351,-0.62592,-0.32251,50.31,52.84,0.0275,0.0713
20:49:21.338,6690.1771,334340,0.795,0.222,15.491,1.386,0.1677,-0.0129,0.9211,0.02758,-0.13736,0.00173,1.0103,-0.0134,-0.0103,-0.05875,0.0008,-0.03064,0.0655,0.08473,-0.01391,0.99415,0.62607,-0.33368,-0.62672,-0.32236,50.3,52.84,0.0322,0.0722
20:49:21.368,6690.1971,334341,0.901,0.214,15.488,1.386,0.1689,-0.0154,0.9211,0.02438,-0.12151,0.00453,1.01,-0.0112,-0.0078,-0.05782,0.01066,-0.02718,0.06549,0.0854,-0.01394,0.99409,0.62577,-0.33271,-0.62703,-0.32333,50.3,52.83,0.0324,0.0724
20:49:21.369,6690.2171,334342,0.872,0.222,15.484,1.386,0.1543,-0.0146,0.9216,0.01612,-0.09193,0.00733,1.0105,-0.0164,-0.0059,-0.05676,0.02825,-0.01998,0.06547,0.08454,-0.01387,0.99417,0.6266,-0.33333,-0.62621,-0.32267,50.32,52.84,0.0309,0.072
20:49:21.413,6690.2371,334343,0.827,0.226,15.48,1.385,0.1675,-0.0146,0.9177,0.01519,-0.09499,0.00826,1.0105,-0.0151,-0.009,-0.05649,0.03238,-0.01985,0.06543,0.08489,-0.01392,0.99414,0.62632,-0.33393,-0.62649,-0.32205,50.32,52.85,0.0297,0.072
20:49:21.416,6690.2571,334344,0.872,0.293,15.476,1.385,0.1287,-0.0759,0.9163,0.02132,-0.06928,0.01399,0.9878,-0.0354,0.0212,-0.05369,0.03251,-0.02172,0.0653,0.08415,-0.01437,0.99421,0.62725,-0.33396,-0.6256,-0.32195,50.29,52.85,0.0263,0.0715
20:49:21.443,6690.2771,334345,0.842,0.199,15.472,1.385,0.2263,0.0405,0.905,0.05822,-0.1768,-0.32109,1.1184,0.0105,-0.0405,-0.06222,-0.0914,-0.06542,0.06852,0.08529,-0.01344,0.99391,0.62623,-0.33403,-0.6266,-0.32193,50.29,52.84,0.0303,0.02
20:49:21.444,6690.2971,334346,0.891,0.212,15.468,1.385,0.1396,-0.0144,0.928,0.01412,-0.13949,-0.32988,0.981,-0.0176,0.0164,-0.05982,0.00786,-0.03051,0.07184,0.08488,-0.01322,0.99371,0.6268,-0.33378,-0.62603,-0.32218,50.3,52.85,0.0339,0.066
20:49:21.475,6690.3171,334347,0.837,0.226,15.465,1.384,0.1772,-0.0166,0.9192,0.01799,-0.11271,-0.04956,1.0122,-0.0134,-0.0171,-0.06009,0.00746,-0.02518,0.07236,0.08544,-0.01338,0.99362,0.62608,-0.33403,-0.62673,-0.32196,50.29,52.84,0.0322,0.0707
20:49:21.488,6690.3371,334348,0.737,0.308,15.461,1.384,0.1624,-0.0378,0.9187,0.00759,-0.10525,-0.13137,1.0183,-0.0127,-0.0139,-0.05902,0.01905,-0.02705,0.07366,0.08533,-0.01401,0.99353,0.62542,-0.33405,-0.62738,-0.32196,50.32,52.83,0.0303,0.0661
20:49:21.548,6690.3571,334349,0.916,0.415,15.457,1.384,0.1624,-0.0366,0.9258,0.00053,-0.15761,-0.34254,1.019,-0.0144,-0.0081,-0.05782,0.03131,-0.02984,0.07705,0.08574,-0.01468,0.99323,0.62614,-0.33371,-0.62667,-0.32228,50.3,52.84,0.0355,0.0656
20:49:21.564,6690.3771,334350,1.097,0.365,15.453,1.383,0.1582,-0.0117,0.9146,0.02651,-0.19025,-0.34294,1.0034,-0.0154,-0.0051,-0.05716,0.02372,-0.02811,0.08052,0.08626,-0.01394,0.99292,0.62702,-0.3336,-0.62581,-0.32237,50.3,52.86,0.0262,0.0774
20:49:21.565,6690.3971,334351,1.006,0.306,15.449,1.383,0.1501,0.0066,0.9138,0.02998,-0.15322,-0.16481,1.011,-0.0127,-0.0098,-0.05782,0.01545,-0.02811,0.08222,0.08644,-0.01331,0.99277,0.62626,-0.33353,-0.62657,-0.32244,50.31,52.85,0.0246,0.0717
20:49:21.569,6690.4171,334352,0.933,0.305,15.446,1.383,0.1924,-0.0098,0.9116,0.02132,-0.10232,0.0044,1.0063,-0.0117,-0.0129,-0.05596,0.01013,-0.02505,0.08221,0.08685,-0.01334,0.99273,0.62547,-0.33361,-0.62736,-0.32234,50.3,52.85,0.0288,0.0752
20:49:21.593,6690.4371,334353,0.75,0.303,15.442,1.383,0.2397,0.0212,0.8958,0.01359,0.01092,0.06622,1.0103,-0.0112,-0.0142,-0.04916,0.03238,-0.02105,0.08163,0.08603,-0.01323,0.99285,0.62489,-0.33359,-0.628,-0.32226,50.31,52.85,0.0257,0.0722
20:49:21.608,6690.4571,334354,0.325,0.302,15.438,1.382,0.0457,0.0706,0.9912,-0.0465,0.19292,0.11671,1.0613,0.0046,-0.0703,-0.05303,0.12444,0.03984,0.08068,0.08169,-0.01284,0.9933,0.62549,-0.33367,-0.62743,-0.32213,50.3,52.84,0.0761,0.0323
20:49:21.654,6690.4771,334355,0.588,0.517,15.434,1.382,0.0354,-0.0784,0.8979,-0.10992,-0.24195,0.1784,0.9775,-0.0469,0.0381,-0.02491,0.06995,0.01612,0.07902,0.08244,-0.01457,0.99335,0.62679,-0.33362,-0.62635,-0.32175,50.31,52.84,0.02,0.0645
20:49:21.655,6690.4971,334356,0.643,0.48,15.43,1.382,0.1372,-0.0122,0.9189,0.05662,-0.16041,0.02998,0.9968,-0.0168,0.0002,-0.05076,-0.03717,-0.05436,0.07873,0.08237,-0.01417,0.99339,0.62717,-0.33335,-0.62603,-0.32191,50.29,52.84,0.0269,0.0777
20:49:21.683,6690.5171,334357,0.69,0.404,15.426,1.382,0.2097,0.0129,0.9141,0.08167,-0.2546,0.04716,1.0032,-0.0132,-0.0154,-0.03158,-0.03251,-0.05622,0.07826,0.08438,-0.01349,0.99326,0.62612,-0.33335,-0.62725,-0.32158,50.31,52.85,0.0335,0.0774
20:49:21.684,6690.5371,334358,0.769,0.389,15.422,1.381,0.1567,-0.0081,0.9126,0.01998,-0.07954,0.07767,1.0081,-0.0129,-0.0061,-0.02785,0.02518,-0.01958,0.07757,0.08397,-0.01306,0.99336,0.62682,-0.33258,-0.62675,-0.32197,50.29,52.84,0.0245,0.0738
20:49:21.713,6690.5571,334359,0.695,0.475,15.418,1.381,0.1394,-0.0356,0.9182,-0.0044,-0.07634,0.0048,1.01,-0.019,-0.0073,-0.05742,0.03171,-0.01226,0.07755,0.08318,-0.01371,0.99342,0.62739,-0.33352,-0.62618,-0.321,50.3,52.85,0.0271,0.0723
20:49:21.788,6690.5771,334360,0.696,0.449,15.415,1.381,0.2029,-0.0061,0.9177,0.0405,-0.15468,0.0457,1.0125,-0.0142,-0.0198,-0.04956,0.00813,-0.03277,0.07712,0.08424,-0.01354,0.99336,0.62669,-0.33364,-0.62694,-0.32078,50.31,52.84,0.0349,0.0704
20:49:21.789,6690.5971,334361,0.572,0.461,15.411,1.381,-0.0393,-0.1711,0.926,0.05449,-0.0846,0.25247,0.9583,-0.0408,0.0632,-0.06435,-0.07421,-0.06542,0.07458,0.0833,-0.01382,0.99363,0.6265,-0.33363,-0.62709,-0.32084,50.29,52.84,0.0369,0.0509
20:49:21.791,6690.6171,334362,0.537,-0.102,15.407,1.38,0.147,-0.0161,0.9077,0.05196,-0.255,-0.15934,1.0735,-0.0273,-0.0288,-0.53066,-0.08474,-0.02185,0.07615,0.08432,-0.01359,0.99343,0.62418,-0.33713,-0.62631,-0.32323,50.3,52.84,0.02,0.0243
20:49:21.803,6690.6371,334363,0.623,-0.646,15.403,1.38,0.2153,0.0308,0.9141,0.01692,-0.16667,-0.39676,0.959,0.0171,-0.0232,-0.49455,0.01799,-0.01346,0.08016,0.08543,-0.01297,0.99303,0.62229,-0.33946,-0.62532,-0.32635,50.31,52.85,0.0347,0.0496
20:49:21.819,6690.6571,334364,0.72,-0.744,15.399,1.379,0.168,-0.0098,0.9214,0.02798,-0.09033,-0.01492,1.0127,-0.0129,-0.0122,-0.12311,0.02558,-0.02545,0.08035,0.08579,-0.0128,0.99299,0.62195,-0.33889,-0.62523,-0.32774,50.29,52.84,0.0325,0.0704
20:49:21.834,6690.6771,334365,0.919,-0.682,15.395,1.379,0.177,-0.0215,0.9287,0.00866,-0.11005,0.1351,0.9956,-0.0144,0.0044,-0.06462,0.02358,-0.02984,0.07902,0.08627,-0.01356,0.99304,0.62272,-0.33862,-0.62443,-0.32809,50.3,52.84,0.0392,0.0768
20:49:21.893,6690.6971,334366,0.874,-0.599,15.392,1.378,0.1367,-0.0391,0.9216,-0.00306,-0.10339,0.1788,1.01,-0.0569,-0.0071,-0.05836,0.01852,-0.02878,0.07727,0.08565,-0.01435,0.99322,0.62326,-0.33944,-0.62388,-0.32726,50.3,52.83,0.0294,0.0713
20:49:21.894,6690.7171,334367,0.709,-0.596,15.388,1.378,0.1504,-0.0061,0.9248,-0.01212,-0.09992,0.11831,1.0127,0.0115,-0.0273,-0.05129,0.01026,-0.02345,0.07619,0.08493,-0.01436,0.99337,0.62251,-0.33902,-0.62469,-0.32759,50.3,52.85,0.0327,0.0702
20:49:21.897,6690.7371,334368,0.737,-0.592,15.384,1.377,0.1677,0.0066,0.9226,0.01266,-0.11964,0.09433,1.0171,0.0134,-0.011,0.00053,0.01812,-0.02798,0.07535,0.0852,-0.01393,0.99341,0.62227,-0.3378,-0.62532,-0.32809,50.3,52.86,0.0333,0.0671
20:49:21.908,6690.7571,334369,0.721,-0.536,15.38,1.377,0.1389,-0.02,0.9209,0.00879,-0.10379,0.00906,1.0054,-0.0149,-0.0088,-0.04477,0.02105,-0.02451,0.0753,0.08449,-0.01419,0.99347,0.62311,-0.3384,-0.62457,-0.32731,50.29,52.83,0.0286,0.0758
20:49:21.939,6690.7771,334370,0.571,-0.47,15.376,1.376,0.1555,-0.0178,0.9189,0.01426,-0.11111,0.01719,1.0095,-0.0176,-0.0139,-0.05436,0.00933,-0.01998,0.07513,0.084,-0.01468,0.99352,0.62287,-0.33922,-0.62482,-0.32643,50.3,52.85,0.0291,0.0727
20:49:21.953,6690.7971,334371,0.555,-0.489,15.372,1.376,0.2139,0.0105,0.9155,0.01279,-0.10832,0.01972,1.0159,-0.0083,-0.02,-0.05223,0.03131,-0.01599,0.07501,0.08454,-0.01454,0.99349,0.62229,-0.33908,-0.62544,-0.32651,50.31,52.84,0.0352,0.0679
20:49:21.969,6690.8171,334372,0.738,-0.439,15.369,1.375,0.1704,-0.0068,0.9241,-0.05649,0.02491,-0.0036,1.0137,-0.0137,-0.0059,-0.05689,0.16134,0.04157,0.0752,0.08364,-0.01483,0.99354,0.62406,-0.33866,-0.62368,-0.32692,50.29,52.85,0.0348,0.0696
20:49:22.000,6690.8371,334373,0.716,-0.266,15.365,1.375,0.1768,-0.0198,0.9348,-0.11271,0.09606,-0.04317,1.0215,-0.022,-0.0203,-0.06448,0.20344,0.06608,0.0758,0.08223,-0.01623,0.99359,0.62515,-0.33921,-0.62253,-0.32647,50.28,52.84,0.0437,0.0635
20:49:22.013,6690.8571,334374,0.802,0.029,15.361,1.374,0.1165,-0.0623,0.8752,-0.12257,0.11525,-0.03757,0.9382,-0.0332,0.0422,0.01386,0.29178,0.03944,0.07634,0.07956,-0.01777,0.99374,0.62769,-0.33819,-0.62045,-0.32661,50.3,52.84,0.02,0.0348
20:49:22.029,6690.8771,334375,0.65,0.178,15.357,1.374,-0.0823,-0.0928,0.8843,0.09659,0.00839,0.18346,0.9971,0.0042,0.0791,0.12857,-0.06249,-0.03571,0.0745,0.07795,-0.01718,0.99402,0.6284,-0.33663,-0.621,-0.32582,50.3,52.86,0.02,0.0798
20:49:22.058,6690.8971,334376,0.74,-0.174,15.353,1.374,0.2231,-0.0195,0.8875,0.31109,-0.58449,-0.07541,1.0027,0.0029,0.0046,-0.06129,-0.42714,-0.20358,0.07498,0.08321,-0.01463,0.9936,0.62469,-0.33596,-0.62474,-0.32649,50.31,52.84,0.02,0.078
20:49:22.073,6690.9171,334377,1.217,-0.325,15.35,1.373,0.3037,0.0359,0.855,0.12923,-0.54212,-0.34094,0.9426,-0.0205,0.0308,-0.06075,-0.08207,-0.07608,0.07827,0.08794,-0.01351,0.99295,0.62429,-0.33587,-0.62513,-0.32659,50.32,52.85,0.02,0.0375
20:49:22.088,6690.9371,334378,1.19,-0.334,15.346,1.373,0.1685,0.0078,0.9382,-0.05556,0.03477,-0.20158,1.0146,-0.0107,-0.0056,-0.05915,0.04636,-0.01852,0.08047,0.08646,-0.01309,0.99291,0.62503,-0.33532,-0.6244,-0.32716,50.3,52.84,0.0449,0.069
20:49:22.133,6690.9571,334379,1.132,-0.262,15.342,1.372,0.0974,-0.0271,0.9226,-0.01745,0.0409,0.01466,1.0071,-0.0244,0.0037,-0.05529,0.10152,0.01599,0.08041,0.08434,-0.01346,0.9931,0.62653,-0.33574,-0.62291,-0.32669,50.31,52.84,0.0261,0.0744
20:49:22.136,6690.9771,334380,1.084,-0.19,15.339,1.372,0.155,-0.0356,0.9153,0.01386,-0.15415,0.00133,1.0088,-0.0188,-0.0034,-0.05929,-0.01159,-0.03637,0.08039,0.08459,-0.0141,0.99307,0.62645,-0.33672,-0.62297,-0.32571,50.32,52.84,0.0268,0.0733
20:49:22.148,6690.9971,334381,1.028,-0.305,15.335,1.371,0.1848,0.0103,0.918,0.07341,-0.1784,-0.0044,1.0127,-0.0071,-0.0217,-0.06089,-0.0481,-0.05822,0.08045,0.08574,-0.01324,0.99298,0.62521,-0.33676,-0.62419,-0.32571,50.32,52.85,0.0324,0.0703
20:49:22.178,6691.0171,334382,0.985,-0.291,15.331,1.371,0.1692,-0.0132,0.9163,0.01625,-0.11085,0.00067,1.0066,-0.0127,-0.0098,-0.05955,0.02585,-0.01932,0.08048,0.08621,-0.01345,0.99293,0.62452,-0.33678,-0.62487,-0.32571,50.3,52.84,0.0289,0.075
20:49:22.194,6691.0371,334383,1.031,-0.272,15.328,1.371,-0.0159,0.0129,0.9297,0.00226,-0.09286,0.00333,0.9851,-0.0251,0.0247,-0.05849,0.03704,-0.01132,0.08051,0.08542,-0.01351,0.993,0.62542,-0.33669,-0.62398,-0.3258,50.31,52.84,0.0274,0.0693
20:49:22.238,6691.0571,334384,1.244,-0.142,15.324,1.37,0.2639,-0.0593,0.8755,-0.08047,-0.40822,0.03158,1.0505,-0.0193,-0.0161,-0.05875,-0.07221,-0.05049,0.08027,0.08856,-0.01498,0.99272,0.62452,-0.33714,-0.62487,-0.32535,50.3,52.84,0.02,0.0419
20:49:22.239,6691.0771,334385,1.24,-0.323,15.32,1.37,0.1614,0.0569,0.9202,0.11831,-0.02944,-0.02878,1.0071,-0.0127,-0.0066,-0.05809,0.02185,-0.03238,0.08057,0.08777,-0.0133,0.99279,0.62477,-0.33621,-0.62463,-0.32627,50.31,52.84,0.032,0.0746
20:49:22.254,6691.0971,334386,1.201,-0.277,15.317,1.369,0.1272,-0.0269,0.9233,0.01186,0.02771,0.00067,1.0012,-0.02,0.0027,-0.05756,0.081,0.004,0.08061,0.08576,-0.01346,0.99296,0.62616,-0.33634,-0.62324,-0.32613,50.3,52.84,0.0293,0.0789
20:49:22.268,6691.1171,334387,1.224,-0.207,15.313,1.369,0.1355,-0.0359,0.917,0.00133,-0.10459,0.004,1.009,-0.0168,-0.0022,-0.05849,0.02385,-0.02065,0.0806,0.08522,-0.01399,0.993,0.62701,-0.33689,-0.62239,-0.32556,50.31,52.84,0.0257,0.0731
20:49:22.298,6691.1371,334388,1.203,-0.257,15.309,1.369,0.1785,-0.0105,0.9192,0.05209,-0.16641,-0.0012,1.0139,-0.0105,-0.0107,-0.05915,-0.02984,-0.04676,0.08062,0.08636,-0.0137,0.9929,0.62591,-0.33678,-0.62349,-0.3257,50.31,52.83,0.0323,0.0695
20:49:22.328,6691.1571,334389,1.344,-0.265,15.306,1.368,0.0989,-0.0242,0.9175,0.03917,-0.18586,-0.00866,1.0042,-0.02,0.0076,-0.05929,0.00626,-0.03198,0.08071,0.08661,-0.01363,0.99287,0.62663,-0.33665,-0.62277,-0.32582,50.32,52.85,0.0223,0.0767
20:49:22.329,6691.1771,334390,1.613,-0.292,15.302,1.368,0.0396,-0.0388,0.9485,0.05423,-0.46937,-0.08394,1.0054,-0.0151,-0.0024,-0.05995,-0.01599,-0.02558,0.08149,0.08931,-0.01363,0.99257,0.62592,-0.33583,-0.62348,-0.32667,50.31,52.84,0.0426,0.0759
20:49:22.359,6691.1971,334391,2.687,-0.305,15.299,1.367,0.0842,-0.0977,0.9607,0.10525,-1.05559,-0.16494,0.9722,-0.0264,0.0872,-0.05756,0.00813,-0.02465,0.08289,0.09783,-0.01413,0.99164,0.62648,-0.33564,-0.62294,-0.32684,50.3,52.83,0.057,0.0623
20:49:22.373,6691.2171,334392,4.849,-0.559,15.296,1.367,0.1931,-0.0359,0.9128,0.28098,-1.85231,-0.19652,0.9963,-0.0051,0.0852,-0.06382,0.03024,-0.02785,0.08434,0.11547,-0.01338,0.98963,0.62722,-0.33517,-0.62216,-0.32737,50.31,52.84,0.0303,0.08
20:49:22.388,6691.2371,334393,7.204,-0.904,15.294,1.366,0.2681,-0.0203,0.8687,0.32775,-2.07201,-0.26633,0.938,-0.02,0.012,-0.05822,0.02718,-0.03024,0.0864,0.1355,-0.01181,0.98693,0.62766,-0.33513,-0.62172,-0.3274,50.29,52.83,0.02,0.0337
20:49:22.433,6691.2571,334394,9.35,-1.223,15.292,1.365,0.3076,-0.0044,0.8958,0.31523,-1.98781,-0.18466,1.0239,-0.0234,-0.0112,-0.05756,0.01039,-0.02531,0.08763,0.15502,-0.0104,0.98396,0.62734,-0.33574,-0.62204,-0.32678,50.3,52.85,0.0404,0.0618
20:49:22.434,6691.2771,334395,11.521,-1.599,15.291,1.365,0.3357,0.001,0.8718,0.36239,-2.0435,-0.05263,1.0125,-0.0195,-0.0161,-0.05836,0.01146,-0.02478,0.08746,0.17486,-0.00876,0.98066,0.62681,-0.33624,-0.62256,-0.3263,50.31,52.85,0.0307,0.0704
20:49:22.448,6691.2971,334396,13.424,-1.988,15.291,1.364,0.3376,0.0063,0.8147,0.37012,-1.83952,0.02571,1.0002,-0.019,-0.019,-0.05796,0.01932,-0.02705,0.08648,0.19243,-0.00697,0.97747,0.62622,-0.33673,-0.62314,-0.32581,50.31,52.84,0.02,0.0796
20:49:22.478,6691.3171,334397,14.943,-2.24,15.291,1.363,0.377,0.0205,0.8579,0.23435,-1.41079,0.05929,1.0991,-0.0273,-0.0679,-0.05796,0.00893,-0.02545,0.08543,0.20586,-0.00613,0.97483,0.62604,-0.33686,-0.62333,-0.32567,50.31,52.83,0.033,0.02
20:49:22.493,6691.3371,334398,16.39,-2.395,15.291,1.362,0.4749,0.0054,0.9316,0.19518,-1.35629,0.06249,1.0303,-0.0608,-0.0461,-0.05849,0.01279,-0.02665,0.08436,0.21886,-0.00594,0.97208,0.62586,-0.33749,-0.6235,-0.32504,50.3,52.84,0.0457,0.0552
20:49:22.508,6691.3571,334399,17.686,-2.671,15.292,1.361,0.4221,0.0383,0.9258,0.16987,-1.23612,0.01705,0.9849,-0.0051,0.061,-0.05769,0.01998,-0.02771,0.08406,0.22904,-0.00456,0.96977,0.62645,-0.33702,-0.62292,-0.3255,50.3,52.86,0.0663,0.0701
20:49:22.538,6691.3771,334400,18.549,-2.901,15.293,1.36,0.4541,0.0408,0.9343,0.14762,-1.02894,-0.06355,0.9819,-0.0134,-0.0813,-0.05902,0.01852,-0.02998,0.08457,0.23741,-0.00322,0.96772,0.62583,-0.33728,-0.62353,-0.32525,50.3,52.84,0.0503,0.069
20:49:22.553,6691.3971,334401,19.739,-3.263,15.294,1.359,0.4946,0.0535,0.8831,0.25767,-1.10582,-0.01399,0.9539,-0.0103,-0.0598,-0.05862,0.01759,-0.02425,0.08427,0.2483,-0.00119,0.96501,0.62542,-0.33746,-0.62393,-0.32509,50.29,52.83,0.0698,0.0469
20:49:22.568,6691.4171,334402,20.865,-3.715,15.295,1.357,0.4692,0.0,0.8438,0.48603,-1.1374,0.06302,1.0378,-0.0195,-0.0371,-0.05809,0.02745,-0.01732,0.08227,0.25863,0.00124,0.96247,0.62511,-0.33774,-0.62424,-0.32481,50.32,52.83,0.0541,0.051
20:49:22.598,6691.4371,334403,22.562,-4.698,15.297,1.356,0.5652,0.0327,0.9202,0.82057,-1.61996,-0.01772,1.0286,-0.0168,-0.0117,-0.05796,0.04197,-0.00839,0.08038,0.27407,0.00759,0.95832,0.6248,-0.33797,-0.62454,-0.32458,50.3,52.84,0.02,0.0584
20:49:22.614,6691.4571,334404,24.428,-6.019,15.299,1.354,0.6157,0.0713,0.9006,1.04253,-1.80422,-0.22663,1.0183,-0.0159,-0.0159,-0.05836,0.01839,-0.02198,0.07993,0.2914,0.01671,0.95311,0.62421,-0.33818,-0.62512,-0.32438,50.31,52.83,0.02,0.0661
20:49:22.628,6691.4771,334405,26.502,-7.259,15.302,1.352,0.5999,0.0869,0.7825,0.90238,-1.73454,-0.2237,1.009,-0.0149,-0.0085,-0.05796,0.01599,-0.02292,0.07979,0.30872,0.0246,0.94748,0.62449,-0.33738,-0.62486,-0.32518,50.32,52.84,0.0724,0.0731
20:49:22.658,6691.4971,334406,28.097,-8.021,15.306,1.349,0.6353,0.135,0.6868,0.61646,-1.49166,-0.11884,1.0061,-0.0168,-0.0093,-0.05782,0.01359,-0.02451,0.0795,0.32281,0.02973,0.94265,0.62458,-0.33836,-0.62476,-0.32419,50.3,52.84,0.0389,0.0753
20:49:22.673,6691.5171,334407,29.194,-8.609,15.309,1.347,0.6067,0.1296,0.783,0.35146,-0.93781,0.02078,1.0071,-0.019,-0.0073,-0.05836,0.01132,-0.02598,0.07896,0.33127,0.03351,0.93963,0.62537,-0.33836,-0.62397,-0.32418,50.3,52.84,0.0792,0.0745
20:49:22.718,6691.5371,334408,30.082,-9.181,15.313,1.344,0.6675,0.1433,0.7629,0.31709,-0.85961,0.12017,1.0088,-0.0122,-0.009,-0.05822,0.01066,-0.02558,0.07723,0.33943,0.03573,0.93678,0.62472,-0.33758,-0.62463,-0.32497,50.3,52.84,0.0622,0.0733
20:49:22.719,6691.5571,334409,31.255,-9.807,15.317,1.341,0.6816,0.1162,0.708,0.36798,-1.09343,0.14416,1.0061,-0.0129,-0.009,-0.05875,0.00933,-0.02691,0.07499,0.35003,0.03767,0.93297,0.62401,-0.33681,-0.62534,-0.32576,50.32,52.85,0.0722,0.0753
20:49:22.734,6691.5771,334410,32.708,-10.312,15.322,1.338,0.7122,0.1367,0.7056,0.38451,-1.22586,0.07008,1.0068,-0.0168,-0.0081,-0.05809,0.01226,-0.02558,0.0735,0.36178,0.04013,0.9285,0.6247,-0.33757,-0.62465,-0.32498,50.3,52.84,0.0711,0.0748
20:49:22.748,6691.5971,334411,33.925,-11.009,15.326,1.335,0.7332,0.1548,0.7097,0.36705,-1.09183,0.01306,1.01,-0.0137,-0.0076,-0.05902,0.01159,-0.02625,0.0726,0.37191,0.04285,0.92443,0.62455,-0.33661,-0.62481,-0.32595,50.3,52.84,0.0559,0.0724
20:49:22.778,6691.6171,334412,34.741,-11.386,15.331,1.332,0.7148,0.1353,0.7522,0.26766,-0.72744,-0.04663,1.0125,-0.012,-0.0054,-0.05769,0.01092,-0.02558,0.0721,0.37803,0.0441,0.92193,0.62494,-0.33595,-0.62443,-0.32661,50.3,52.84,0.0452,0.0706
20:49:22.793,6691.6371,334413,34.913,-11.58,15.336,1.328,0.7083,0.1453,0.7339,0.14336,-0.41102,-0.06808,1.0088,-0.0159,-0.0098,-0.05849,0.01119,-0.02625,0.07281,0.38023,0.04611,0.92087,0.62465,-0.33673,-0.62471,-0.32583,50.3,52.85,0.0573,0.0733
20:49:22.838,6691.6571,334414,35.125,-11.77,15.342,1.325,0.7124,0.1438,0.6829,0.07048,-0.27606,0.02531,1.0115,-0.0098,-0.0105,-0.05902,0.01132,-0.02598,0.07246,0.38289,0.04648,0.91977,0.62386,-0.33639,-0.6255,-0.32618,50.3,52.84,0.078,0.0713
20:49:22.839,6691.6771,334415,35.294,-11.744,15.347,1.322,0.729,0.1597,0.7068,0.02611,-0.18492,0.15894,1.0103,-0.0154,-0.0095,-0.05849,0.01239,-0.02545,0.07122,0.38433,0.04642,0.91927,0.62418,-0.33734,-0.62517,-0.32522,50.32,52.84,0.0591,0.0722
20:49:22.853,6691.7005,334416,35.505,-11.785,15.352,1.318,0.7012,0.1516,0.7175,0.01279,-0.26819,0.13643,1.0105,-0.0161,-0.0063,-0.05822,0.01359,-0.02505,0.07036,0.385,0.04648,0.91906,0.62506,-0.3373,-0.62429,-0.32525,50.31,52.84,0.069,0.072
20:49:22.868,6691.7171,334417,35.568,-11.881,15.357,1.315,0.7104,0.1548,0.6987,0.02798,-0.22463,0.0429,1.0098,-0.0161,-0.0085,-0.05809,0.01346,-0.02491,0.07043,0.38631,0.04726,0.91846,0.62461,-0.33772,-0.62473,-0.32483,50.3,52.84,0.0737,0.0725
20:49:22.898,6691.7371,334418,35.572,-12.023,15.362,1.311,0.7532,0.176,0.6609,-0.00546,-0.06222,0.09726,1.0139,-0.0132,-0.009,-0.05822,0.01412,-0.02531,0.06978,0.38673,0.04715,0.91834,0.6241,-0.33689,-0.62525,-0.32568,50.31,52.84,0.067,0.0695
20:49:22.913,6691.7571,334419,34.855,-11.717,15.367,1.308,0.7063,0.1484,0.7727,-0.2237,0.41515,0.2995,1.01,-0.0115,-0.0093,-0.05889,0.01439,-0.02518,0.06781,0.38126,0.04413,0.92092,0.62348,-0.33611,-0.62588,-0.32647,50.31,52.84,0.037,0.0724
20:49:22.944,6691.7771,334420,34.675,-11.276,15.372,1.305,0.7415,0.1072,0.7302,-0.16534,0.18799,0.30057,1.0078,-0.0142,-0.0071,-0.05836,0.01386,-0.02491,0.06532,0.37878,0.04072,0.92228,0.62428,-0.33655,-0.62508,-0.32601,50.29,52.85,0.0454,0.0741
20:49:22.946,6691.7971,334421,34.437,-11.003,15.377,1.302,0.7249,0.1082,0.7048,-0.05862,0.13829,0.12084,1.0093,-0.019,-0.0132,-0.05836,0.01319,-0.02491,0.06411,0.3773,0.03903,0.92304,0.6241,-0.3374,-0.62524,-0.32516,50.3,52.84,0.0674,0.0728
20:49:22.973,6691.8171,334422,33.846,-10.823,15.382,1.298,0.718,0.1292,0.7402,-0.16347,0.29631,0.01559,1.0117,-0.0137,-0.0117,-0.05809,0.01479,-0.02425,0.06493,0.37327,0.03846,0.92465,0.62337,-0.33743,-0.62597,-0.32514,50.31,52.84,0.0505,0.0711
20:49:22.988,6691.8371,334423,33.451,-10.492,15.387,1.295,0.7422,0.1252,0.7693,-0.18079,0.38371,0.07781,1.0083,-0.0137,-0.0049,-0.05809,0.01479,-0.02385,0.06471,0.36885,0.03643,0.92652,0.62404,-0.33708,-0.62531,-0.32548,50.32,52.84,0.0228,0.0737
20:49:23.018,6691.8571,334424,32.761,-10.124,15.391,1.293,0.6841,0.1108,0.7368,-0.168,0.50295,0.01679,1.0071,-0.0132,-0.0088,-0.05796,0.01386,-0.02465,0.06473,0.36227,0.03404,0.9292,0.6243,-0.33625,-0.62507,-0.32631,50.3,52.84,0.0714,0.0746
20:49:23.033,6691.8771,334425,31.856,-9.591,15.395,1.29,0.6567,0.0933,0.7603,-0.2157,0.51387,-0.08753,1.0085,-0.0129,-0.0088,-0.05822,0.01372,-0.02518,0.06604,0.35524,0.03193,0.93189,0.62394,-0.33699,-0.62541,-0.32557,50.3,52.85,0.0733,0.0735
20:49:23.063,6691.8971,334426,31.38,-9.116,15.399,1.287,0.627,0.073,0.7671,-0.15948,0.27739,-0.11991,1.0103,-0.0159,-0.0088,-0.05809,0.01519,-0.02478,0.06748,0.35044,0.03014,0.93366,0.62464,-0.33769,-0.62471,-0.32485,50.31,52.84,0.0751,0.0722
20:49:23.064,6691.9171,334427,31.344,-9.258,15.403,1.284,0.6484,0.1221,0.7537,-0.04077,-0.04716,-0.14109,1.0085,-0.0107,-0.0046,-0.05809,0.01479,-0.02465,0.06958,0.34957,0.03157,0.93379,0.6248,-0.33681,-0.62456,-0.32574,50.3,52.84,0.0787,0.0736
20:49:23.093,6691.9371,334428,30.999,-9.191,15.407,1.282,0.6472,0.1211,0.7744,-0.09326,-0.01026,-0.16321,1.0095,-0.0129,-0.009,-0.05889,0.01399,-0.02505,0.07185,0.34756,0.0319,0.93436,0.62401,-0.33674,-0.62535,-0.32581,50.31,52.83,0.0676,0.0728
20:49:23.109,6691.9571,334429,30.404,-8.957,15.411,1.279,0.6147,0.1265,0.7378,-0.24488,0.44553,-0.11871,0.9998,-0.0115,-0.0076,-0.05822,0.01958,-0.02252,0.07411,0.34161,0.03116,0.9364,0.62435,-0.33586,-0.62502,-0.32669,50.31,52.83,0.0565,0.0799
20:49:23.138,6691.9771,334430,29.26,-8.268,15.415,1.277,0.6008,0.115,0.8052,-0.38251,0.80378,-0.02944,1.0125,-0.0181,-0.0076,-0.05769,0.02571,-0.01852,0.07564,0.33154,0.02832,0.93998,0.62484,-0.33677,-0.62453,-0.32576,50.3,52.84,0.0716,0.0705
20:49:23.183,6691.9971,334431,28.284,-7.692,15.418,1.274,0.6213,0.061,0.8142,-0.36998,0.70013,0.09406,1.0115,-0.0103,-0.0068,-0.05875,0.01745,-0.02278,0.07556,0.3231,0.02399,0.94304,0.62446,-0.33587,-0.62492,-0.32668,50.31,52.85,0.0605,0.0713
20:49:23.184,6692.0171,334432,27.317,-7.093,15.421,1.272,0.6282,0.0657,0.8452,-0.28258,0.7381,-0.01386,1.0088,-0.0183,-0.0071,-0.05796,0.02838,-0.01679,0.07632,0.31447,0.0212,0.94596,0.62501,-0.3368,-0.62436,-0.32573,50.29,52.84,0.0386,0.0733
20:49:23.187,6692.0371,334433,26.281,-6.704,15.424,1.27,0.5725,0.0667,0.8235,-0.17333,0.605,-0.12004,1.0137,-0.0151,-0.0125,-0.05729,0.02531,-0.01998,0.07777,0.3064,0.01956,0.94852,0.62453,-0.33718,-0.62484,-0.32535,50.3,52.83,0.0761,0.0696
20:49:23.214,6692.0571,334434,25.772,-6.601,15.427,1.268,0.5173,0.0613,0.7751,-0.00959,0.42154,-0.0894,1.0122,-0.0149,-0.0068,-0.05636,0.0485,-0.00693,0.07858,0.30079,0.01971,0.95024,0.62548,-0.33689,-0.62391,-0.32561,50.3,52.84,0.0304,0.0708
20:49:23.228,6692.0771,334435,24.896,-6.497,15.429,1.266,0.5247,0.1277,0.7202,-0.08593,0.76834,0.18253,1.0105,-0.0146,-0.0039,-0.05609,0.02358,-0.02092,0.07714,0.29248,0.01917,0.95296,0.62605,-0.33628,-0.62336,-0.32618,50.31,52.84,0.02,0.072
20:49:23.258,6692.0971,334436,22.882,-5.932,15.431,1.264,0.5984,0.1106,0.7463,-0.38917,1.64767,0.50561,1.0122,-0.0176,-0.0076,-0.05982,-0.0044,-0.03464,0.07328,0.27633,0.01543,0.95814,0.62556,-0.33699,-0.62383,-0.32549,50.31,52.83,0.0522,0.0707
20:49:23.273,6692.1171,334437,20.265,-4.986,15.432,1.263,0.5967,0.0251,0.8137,-0.65337,2.21324,0.36186,1.0107,-0.0122,-0.0093,-0.05942,-0.0036,-0.03411,0.07112,0.25471,0.00898,0.96436,0.62463,-0.33679,-0.62475,-0.32571,50.28,52.84,0.073,0.0719
20:49:23.303,6692.1371,334438,18.479,-4.045,15.433,1.261,0.3772,-0.021,0.781,-0.6559,1.53509,-0.24235,1.0085,-0.0156,-0.0056,-0.05902,0.01039,-0.02691,0.07502,0.23803,0.00399,0.96835,0.62542,-0.33698,-0.62396,-0.32552,50.32,52.84,0.02,0.0735
20:49:23.306,6692.1571,334439,17.234,-2.916,15.433,1.26,0.335,0.0027,0.8977,-0.82857,0.89132,-0.33201,1.0134,-0.0193,-0.0066,-0.05756,0.02451,-0.02105,0.08023,0.22674,-0.00291,0.97064,0.62579,-0.33789,-0.62359,-0.32459,50.32,52.84,0.0486,0.0698
20:49:23.333,6692.1771,334440,16.01,-1.92,15.434,1.259,0.2424,0.0515,0.7988,-0.78979,1.04493,0.06315,1.0046,-0.0212,-0.0012,-0.05662,0.03477,-0.01812,0.08157,0.21447,-0.00988,0.97327,0.62678,-0.3379,-0.62261,-0.32454,50.32,52.83,0.02,0.0764
20:49:23.348,6692.1971,334441,14.807,-1.33,15.433,1.259,0.4111,0.0249,0.8167,-0.49229,1.09569,0.40276,0.9998,-0.0149,0.0037,-0.05716,0.03131,-0.01785,0.07893,0.20258,-0.01466,0.97597,0.62736,-0.33713,-0.62205,-0.32529,50.31,52.83,0.02,0.0799
20:49:23.378,6692.2171,334442,12.858,-0.886,15.433,1.258,0.3928,-0.0022,1.6018,-0.3424,1.52363,0.41941,1.0461,0.0334,-0.0657,-0.05862,0.03491,-0.01572,0.07587,0.18588,-0.01774,0.97948,0.62705,-0.33703,-0.62236,-0.32541,50.3,52.84,0.02,0.0435
20:49:23.393,6692.2371,334443,11.455,-1.058,15.432,1.258,0.2402,-0.0681,0.9565,0.28591,1.14472,0.10352,0.7625,-0.0076,0.2209,-0.05103,0.14509,0.12391,0.07453,0.17245,-0.01488,0.98208,0.62855,-0.33739,-0.62089,-0.32496,50.29,52.84,0.0714,0.02
20:49:23.438,6692.2571,334444,10.677,-0.974,15.431,1.257,0.2739,-0.0498,0.9014,-0.02771,0.5268,0.00453,0.9907,-0.0376,0.0005,-0.12684,0.03371,-0.006,0.07463,0.16552,-0.01534,0.98326,0.62894,-0.33881,-0.62001,-0.32439,50.3,52.84,0.0376,0.0736
20:49:23.439,6692.2771,334445,10.055,-0.983,15.429,1.256,0.4133,-0.0002,0.8713,0.01812,0.39983,0.00346,1.0168,-0.022,-0.0095,-0.06368,-0.01919,-0.04317,0.07471,0.16143,-0.01503,0.98394,0.62801,-0.33903,-0.62091,-0.32424,50.3,52.83,0.0533,0.0672
20:49:23.454,6692.2971,334446,8.779,-0.944,15.427,1.256,0.4207,-0.0015,0.8601,-0.02212,1.00576,0.01159,1.0181,-0.0129,-0.0076,-0.05955,-0.00719,-0.05649,0.07487,0.15125,-0.01469,0.98555,0.62707,-0.3385,-0.62186,-0.3248,50.3,52.84,0.0481,0.0663
20:49:23.468,6692.3171,334447,6.66,-0.697,15.425,1.255,0.3398,-0.0278,0.8987,-0.11045,1.92532,-0.09832,1.0078,-0.0229,-0.0005,-0.05103,0.02225,-0.0453,0.07633,0.13193,-0.01474,0.98821,0.6279,-0.33856,-0.62107,-0.32464,50.3,52.84,0.0509,0.074
20:49:23.499,6692.3371,334448,3.761,-0.35,15.422,1.255,0.1504,-0.0278,0.9114,-0.24235,2.37738,-0.33228,0.8997,-0.0383,0.0276,-0.05116,-0.01226,-0.05915,0.08038,0.1067,-0.01506,0.99092,0.62788,-0.3384,-0.62115,-0.3247,50.32,52.84,0.0231,0.02
20:49:23.513,6692.3571,334449,2.128,-0.125,15.419,1.255,-0.0981,-0.0789,0.8655,-0.16467,1.14566,-0.40129,1.0071,-0.011,-0.0217,-0.05542,-0.01186,-0.04983,0.08478,0.0937,-0.01553,0.99186,0.62687,-0.33833,-0.62218,-0.32474,50.29,52.84,0.02,0.0745
20:49:23.543,6692.3771,334450,2.464,-0.12,15.416,1.254,0.1211,-0.0559,0.926,0.05875,-0.42368,-0.12737,1.0137,-0.0251,0.0,-0.06155,-0.01772,-0.03277,0.08597,0.09625,-0.01564,0.99151,0.6274,-0.3388,-0.62163,-0.32429,50.3,52.85,0.0317,0.0695
20:49:23.544,6692.3971,334451,3.125,-0.407,15.412,1.254,0.2205,-0.0015,0.929,0.23329,-0.80538,-0.14655,1.01,-0.0168,-0.0037,-0.06169,-0.15242,-0.11751,0.08717,0.10415,-0.01379,0.99064,0.62541,-0.33804,-0.62363,-0.32509,50.32,52.83,0.0461,0.0724
20:49:23.573,6692.4171,334452,3.949,-0.509,15.409,1.253,0.2251,-0.0259,0.9189,0.15308,-0.79806,-0.0477,0.8721,0.0054,0.0979,-0.05689,-0.04303,-0.07075,0.08741,0.11164,-0.0135,0.9898,0.62507,-0.3378,-0.62398,-0.3253,50.31,52.83,0.0398,0.02
20:49:23.588,6692.4371,334453,4.412,-0.548,15.407,1.253,0.2185,-0.0146,0.9082,0.09579,-0.5701,0.089,1.0205,-0.0161,-0.0173,-0.05489,0.00786,-0.03118,0.08638,0.11661,-0.01367,0.98932,0.62445,-0.33803,-0.62463,-0.32503,50.3,52.82,0.0307,0.0644
20:49:23.619,6692.4571,334454,4.604,-0.626,15.404,1.252,0.1709,-0.0059,0.9248,0.08394,-0.43886,0.27552,1.0137,-0.0122,-0.0132,-0.05569,0.01013,-0.02638,0.08358,0.11912,-0.01359,0.98926,0.62367,-0.3378,-0.62542,-0.32524,50.32,52.85,0.0354,0.0696
20:49:23.678,6692.4771,334455,5.246,-0.697,15.401,1.252,0.1799,-0.0107,0.9302,0.09846,-0.65803,0.1772,1.0049,-0.0156,-0.0088,-0.05489,0.01146,-0.02571,0.08169,0.12372,-0.01351,0.98886,0.62449,-0.3378,-0.62463,-0.32519,50.32,52.84,0.0406,0.0762
20:49:23.693,6692.4971,334456,6.058,-0.795,15.399,1.251,0.2278,-0.0654,0.8962,0.14149,-0.9089,0.04903,1.0129,-0.0107,-0.0137,-0.05596,0.01199,-0.02625,0.08093,0.13158,-0.01353,0.9879,0.62371,-0.33754,-0.62542,-0.32543,50.33,52.85,0.0253,0.0702
20:49:23.694,6692.5171,334457,7.206,-0.95,15.397,1.251,0.3086,-0.0061,0.9106,0.14669,-0.91237,0.21477,1.0107,-0.0107,0.002,-0.05622,0.02345,-0.02891,0.07856,0.14048,-0.01333,0.98687,0.62431,-0.33696,-0.62485,-0.32598,50.31,52.84,0.0511,0.0719
20:49:23.697,6692.5371,334458,7.824,-1.093,15.395,1.25,0.3357,0.0029,0.8813,0.13883,-0.63658,0.29164,1.0427,-0.0215,-0.0222,-0.05316,0.02665,-0.02904,0.07549,0.14636,-0.01299,0.98626,0.62412,-0.33728,-0.62507,-0.32559,50.31,52.84,0.0373,0.0476
20:49:23.709,6692.5571,334459,7.728,-1.161,15.393,1.25,0.3044,0.0437,0.9092,0.00626,-0.07674,0.05502,1.0408,-0.0217,-0.0422,-0.05369,-0.00919,-0.01998,0.07514,0.14648,-0.01239,0.98628,0.62363,-0.33768,-0.62557,-0.32513,50.31,52.83,0.0498,0.0486
20:49:23.784,6692.5771,334460,7.152,-1.121,15.391,1.249,0.2068,0.0229,0.915,-0.03331,0.21943,-0.09153,1.0127,-0.0134,-0.0134,-0.06009,0.0024,-0.02225,0.07624,0.14254,-0.01228,0.98677,0.62283,-0.33779,-0.62635,-0.32505,50.32,52.85,0.0338,0.0703
20:49:23.784,6692.5971,334461,6.915,-1.059,15.389,1.249,0.1941,-0.0105,0.9185,-0.01679,0.12324,-0.00373,1.0063,-0.0142,-0.0012,-0.05982,0.0052,-0.02198,0.07639,0.13948,-0.0125,0.9872,0.62348,-0.33752,-0.62571,-0.32533,50.33,52.84,0.0341,0.0752
20:49:23.814,6692.6171,334462,6.928,-1.032,15.387,1.248,0.2512,-0.0037,0.9116,0.00666,-0.12524,0.00866,1.0039,-0.0139,-0.0046,-0.05822,-0.01679,-0.01905,0.07637,0.13879,-0.01265,0.98729,0.62401,-0.3373,-0.62519,-0.32554,50.31,52.85,0.0392,0.077
20:49:23.816,6692.6371,334463,6.93,-1.053,15.384,1.247,0.3022,-0.0029,0.9082,-0.004,-0.15362,-0.0397,1.0115,-0.0168,-0.0112,-0.11485,-0.0473,-0.01372,0.07682,0.14004,-0.01294,0.98708,0.62339,-0.3388,-0.62542,-0.32473,50.32,52.85,0.0479,0.0712
20:49:23.819,6692.6571,334464,6.788,-1.293,15.382,1.247,0.2344,0.0168,0.9109,0.02398,-0.12537,-0.03917,1.0215,-0.022,-0.1035,-0.22849,0.02385,-0.01652,0.0773,0.13959,-0.01243,0.98711,0.62238,-0.34019,-0.62529,-0.32546,50.31,52.84,0.0355,0.0598
20:49:23.843,6692.6771,334465,6.622,-1.42,15.38,1.246,0.2595,0.0237,0.9468,-0.02491,0.03651,0.0409,1.019,-0.0115,-0.0112,-0.09313,0.03464,-0.02678,0.07719,0.13753,-0.01162,0.98742,0.62236,-0.33948,-0.62509,-0.32662,50.32,52.84,0.0665,0.0657
20:49:23.846,6692.6971,334466,6.378,-1.254,15.378,1.245,0.2097,-0.001,0.9246,-0.12697,0.12097,-0.00946,1.0049,-0.0151,0.0332,-0.07115,0.00866,-0.02252,0.07756,0.13427,-0.01283,0.98782,0.62298,-0.33925,-0.6244,-0.32701,50.32,52.84,0.0411,0.0758
20:49:23.888,6692.7171,334467,6.235,-1.326,15.375,1.245,0.1838,-0.0496,0.8972,-0.15641,0.14056,-0.26966,0.9792,-0.03,0.0564,-0.33641,0.08407,0.02332,0.0805,0.13128,-0.01424,0.98797,0.62328,-0.34089,-0.62225,-0.32884,50.31,52.84,0.02,0.066
20:49:23.889,6692.7371,334468,6.117,-1.71,15.373,1.244,0.2866,-0.0012,0.8911,-0.05942,-0.01639,-0.20518,0.9988,-0.0295,-0.0679,-0.47604,0.05875,0.01639,0.08269,0.13085,-0.01467,0.98784,0.62166,-0.34412,-0.62104,-0.3308,50.31,52.84,0.032,0.0788
20:49:23.918,6692.7571,334469,5.999,-1.758,15.371,1.243,0.2805,0.0229,0.9104,-0.05009,0.01372,0.10485,1.0261,-0.0059,-0.0266,-0.11365,0.05436,0.0044,0.08188,0.13017,-0.01489,0.98799,0.62117,-0.34447,-0.62115,-0.33115,50.31,52.83,0.0447,0.0602
20:49:23.934,6692.7771,334470,5.972,-1.484,15.368,1.243,0.1619,0.0007,0.9075,-0.15188,0.12897,0.05769,0.9998,-0.0232,0.0454,-0.00746,0.16228,0.09486,0.08162,0.12718,-0.01641,0.98838,0.62341,-0.34411,-0.61924,-0.33088,50.29,52.84,0.0214,0.0792
20:49:23.948,6692.7971,334471,5.932,-1.19,15.366,1.242,0.0947,-0.1121,0.9229,-0.18066,0.06861,-0.00946,1.0083,0.0046,0.0474,-0.05742,0.11311,0.16481,0.08199,0.12465,-0.01855,0.98863,0.62512,-0.34434,-0.61752,-0.33063,50.32,52.84,0.0309,0.0729
20:49:23.978,6692.8171,334472,5.892,-1.313,15.364,1.241,0.2124,-0.0962,0.9163,0.00107,-0.07874,-0.16574,1.0017,-0.0757,0.0261,-0.27632,-0.02438,-0.01532,0.08361,0.124,-0.01925,0.98857,0.62496,-0.34645,-0.6162,-0.3312,50.31,52.84,0.0391,0.0763
20:49:23.995,6692.8371,334473,5.831,-1.935,15.361,1.24,0.3213,0.0723,0.9231,0.18599,-0.18626,-0.11724,1.0298,-0.0151,-0.1064,-0.32508,-0.11405,-0.2229,0.0847,0.12578,-0.01669,0.98829,0.62209,-0.34753,-0.61729,-0.33343,50.3,52.84,0.0651,0.0535
20:49:24.023,6692.8571,334474,5.615,-1.948,15.359,1.24,0.2983,0.0225,0.8943,0.02305,0.02078,0.18333,1.0376,0.0015,-0.0464,-0.02411,-0.03011,-0.10339,0.08299,0.12504,-0.01651,0.98854,0.62114,-0.34699,-0.61849,-0.33355,50.32,52.84,0.0373,0.051
20:49:24.026,6692.8771,334475,5.21,-1.676,15.356,1.239,0.114,-0.0293,0.9321,-0.11365,0.35373,0.10978,1.0212,-0.0071,0.0002,0.03118,0.14322,0.06848,0.08218,0.11959,-0.01765,0.98926,0.62256,-0.34576,-0.61767,-0.33369,50.3,52.84,0.0346,0.0641
20:49:24.053,6692.8971,334476,4.874,-1.399,15.353,1.238,0.1682,-0.0166,0.9333,-0.09206,0.23875,0.19385,0.998,-0.0044,0.0066,0.06009,0.08154,0.11844,0.08049,0.11513,-0.01868,0.98991,0.62395,-0.34471,-0.61709,-0.33327,50.31,52.84,0.0414,0.0785
20:49:24.068,6692.9171,334477,4.897,-1.088,15.351,1.238,0.228,-0.0161,0.9365,-0.05303,0.07528,0.21637,0.9854,-0.0359,0.0356,0.15028,0.03038,0.07234,0.07855,0.11413,-0.0193,0.99017,0.62583,-0.34391,-0.6166,-0.33145,50.32,52.84,0.053,0.07
20:49:24.100,6692.9371,334478,4.753,-1.075,15.348,1.237,0.2144,-0.0125,0.908,-0.08354,0.16614,-0.0818,0.991,-0.0134,0.0146,-0.09846,0.07221,0.02292,0.07964,0.11136,-0.01945,0.99039,0.62659,-0.34354,-0.61558,-0.33231,50.31,52.84,0.0298,0.0734
20:49:24.129,6692.9571,334479,4.468,-1.028,15.345,1.237,0.1118,-0.0767,0.9265,-0.09006,0.15375,-0.05516,0.925,-0.0217,0.001,-0.17107,0.12017,0.06328,0.08036,0.10802,-0.02056,0.99068,0.627,-0.34463,-0.61438,-0.33263,50.32,52.82,0.0323,0.0239
20:49:24.134,6692.9771,334480,4.139,-0.942,15.342,1.236,0.1748,-0.0286,0.9236,0.05116,-0.0056,0.15868,1.0042,-0.0237,0.0029,0.03238,0.01426,-0.03264,0.0788,0.10621,-0.02045,0.99101,0.62663,-0.34441,-0.61536,-0.33174,50.31,52.83,0.0353,0.0766
20:49:24.158,6692.9971,334481,4.218,-0.728,15.34,1.235,0.21,-0.0142,0.9128,0.06075,-0.05516,0.27366,1.0093,-0.0256,0.0149,0.20264,-0.00653,-0.04397,0.07614,0.10609,-0.01995,0.99124,0.62805,-0.3425,-0.6157,-0.33038,50.31,52.84,0.0326,0.0727
20:49:24.173,6693.0171,334482,4.0,-0.312,15.337,1.235,0.187,-0.0371,0.8936,0.01239,-0.02105,0.30483,1.0247,-0.0173,-0.011,0.26153,0.02092,-0.02478,0.07314,0.10486,-0.02064,0.99158,0.62857,-0.34057,-0.61733,-0.32834,50.32,52.83,0.02,0.0613
20:49:24.188,6693.0371,334483,3.873,0.117,15.334,1.235,0.2068,-0.0352,0.9221,0.01359,-0.00986,0.31123,1.0442,-0.0422,-0.0244,0.24022,0.02465,-0.02465,0.07006,0.1041,-0.02165,0.99186,0.62941,-0.33909,-0.61848,-0.3261,50.31,52.84,0.0392,0.046
20:49:24.218,6693.0571,334484,3.853,0.367,15.331,1.235,0.2349,-0.0168,0.9246,0.03344,0.02212,0.28005,1.0137,-0.0022,0.0039,0.20211,0.05769,-0.04783,0.06737,0.10353,-0.02155,0.99211,0.63,-0.33632,-0.61964,-0.32563,50.3,52.84,0.0456,0.0697
20:49:24.250,6693.0771,334485,3.766,0.582,15.328,1.234,0.1892,-0.0498,0.9219,0.02465,0.1732,0.04157,1.0112,-0.042,0.0103,0.04477,0.2197,-0.05383,0.06698,0.10037,-0.02206,0.99245,0.63215,-0.33557,-0.61813,-0.3251,50.3,52.85,0.0368,0.0709
20:49:24.252,6693.0971,334486,3.755,0.504,15.325,1.234,0.1335,-0.0232,0.9231,0.00093,0.23435,-0.07488,0.9741,-0.0374,0.0374,-0.15921,0.33334,-0.04157,0.06786,0.0963,-0.02187,0.9928,0.63439,-0.33508,-0.61517,-0.32686,50.31,52.84,0.0297,0.0617
20:49:24.280,6693.1171,334487,3.409,0.617,15.322,1.234,0.1177,-0.041,0.9089,-0.16987,0.27113,-0.15242,1.0022,-0.0493,0.0076,-0.176,0.18945,-0.03651,0.06966,0.09195,-0.02343,0.99305,0.63512,-0.33621,-0.61359,-0.32724,50.3,52.85,0.02,0.0774
20:49:24.309,6693.1371,334488,3.059,0.893,15.319,1.234,0.1187,-0.1355,0.9238,-0.23076,0.11151,-0.1347,0.9851,-0.0229,0.0056,-0.1367,0.06062,-0.02731,0.07126,0.08914,-0.02626,0.99312,0.6345,-0.33679,-0.6137,-0.32767,50.31,52.84,0.0359,0.069
20:49:24.323,6693.1571,334489,2.925,0.745,15.316,1.234,0.1514,-0.0664,0.9165,0.08274,-0.1291,-0.19811,1.0103,-0.0305,-0.0232,-0.16947,0.01412,-0.11285,0.07316,0.08903,-0.02597,0.993,0.63325,-0.33737,-0.61422,-0.32851,50.31,52.83,0.0285,0.0717
20:49:24.324,6693.1771,334490,2.854,0.661,15.313,1.234,0.0923,-0.0662,0.8706,0.25967,-0.2987,-0.08633,0.9753,-0.0745,0.0115,0.09419,-0.17626,-0.16707,0.07377,0.09066,-0.02381,0.99286,0.63245,-0.337,-0.61605,-0.32699,50.32,52.84,0.02,0.0637
20:49:24.383,6693.1971,334491,1.484,1.121,15.309,1.234,-0.1577,-0.1057,1.1057,0.35693,0.24555,0.03797,0.9048,0.0056,0.2915,0.66509,-0.8323,-0.13963,0.0732,0.0869,-0.0203,0.99332,0.62962,-0.33426,-0.62376,-0.32058,50.32,52.84,0.02,0.043
20:49:24.384,6693.2171,334492,1.255,0.531,15.306,1.233,0.1428,0.0776,0.9412,0.49495,-0.28964,-0.20837,1.1345,0.054,0.0327,-0.00346,-0.34414,-0.21397,0.07494,0.08886,-0.01465,0.99311,0.62696,-0.33363,-0.62682,-0.32048,50.32,52.84,0.0463,0.02
20:49:24.386,6693.2371,334493,1.625,0.409,15.302,1.233,0.2336,-0.0232,0.9148,0.12977,-0.52307,-0.12097,0.9956,-0.0186,-0.0161,-0.05582,-0.03597,-0.0465,0.07602,0.09371,-0.01393,0.9926,0.62601,-0.33417,-0.62777,-0.3199,50.31,52.84,0.0383,0.0769
20:49:24.413,6693.2571,334494,1.881,0.308,15.299,1.233,0.1956,0.0183,0.9058,0.06715,-0.23275,-0.01612,1.0166,-0.01,-0.0034,-0.05822,0.01212,-0.02971,0.07619,0.09521,-0.01317,0.99245,0.62629,-0.33345,-0.62751,-0.32063,50.3,52.84,0.0251,0.0675
20:49:24.428,6693.2771,334495,1.677,0.328,15.295,1.233,0.1716,-0.0125,0.9229,0.01492,-0.04703,0.0028,1.01,-0.0117,-0.0112,-0.05849,0.01412,-0.02505,0.07621,0.09383,-0.01328,0.99258,0.6256,-0.33276,-0.62821,-0.32133,50.32,52.85,0.0341,0.0724
20:49:24.488,6693.2971,334496,1.538,0.395,15.292,1.233,0.1602,-0.0232,0.9197,0.00906,-0.02078,0.00107,1.0049,-0.0159,-0.0103,-0.05902,0.01426,-0.02518,0.07622,0.09235,-0.01366,0.99271,0.62623,-0.33361,-0.62757,-0.32046,50.3,52.85,0.0304,0.0762
20:49:24.489,6693.3171,334497,1.483,0.409,15.288,1.232,0.1404,-0.0225,0.9119,0.01466,-0.0433,-0.0044,1.0161,-0.0164,0.0847,-0.07234,-0.00999,-0.02411,0.07631,0.09118,-0.01378,0.99281,0.62662,-0.33348,-0.6271,-0.32075,50.3,52.84,0.0222,0.0652
20:49:24.491,6693.3371,334498,1.306,-0.076,15.285,1.232,0.1399,-0.074,0.9189,-0.00906,-0.02691,-0.33361,1.0115,-0.0645,-0.0095,-0.57263,-0.02358,-0.00893,0.07965,0.09,-0.01423,0.99265,0.62517,-0.33779,-0.62517,-0.32285,50.32,52.83,0.0293,0.0698
20:49:24.533,6693.3571,334499,1.221,-0.74,15.281,1.232,0.2139,0.0269,0.9143,-0.00546,-0.0926,-0.59408,0.9944,0.0156,-0.073,-0.61913,0.01705,-0.01039,0.08565,0.09035,-0.01353,0.99213,0.6225,-0.34136,-0.62411,-0.32629,50.3,52.86,0.0345,0.0779
20:49:24.549,6693.3771,334500,1.333,-0.919,15.278,1.231,0.2139,0.0181,0.9128,0.00826,-0.06875,-0.11924,0.9934,-0.0142,-0.009,-0.19292,0.02278,-0.02158,0.08692,0.09045,-0.01322,0.99201,0.62232,-0.34132,-0.6234,-0.328,50.3,52.85,0.0333,0.0752
20:49:24.623,6693.3971,334501,1.086,-0.944,15.274,1.23,0.1069,0.0054,0.925,0.01439,0.01359,0.05076,1.0132,-0.0088,-0.0144,-0.07141,0.04623,-0.02771,0.08649,0.0886,-0.01306,0.99222,0.62173,-0.3408,-0.6239,-0.3287,50.32,52.86,0.0284,0.07
20:49:24.624,6693.4171,334502,1.036,-0.822,15.271,1.23,0.1716,-0.019,0.9233,-0.02305,-0.12031,0.02998,1.0095,-0.012,-0.0129,-0.05556,0.02438,-0.00266,0.08621,0.08883,-0.01418,0.99221,0.62108,-0.34071,-0.62456,-0.32878,50.31,52.84,0.0345,0.0728
20:49:24.626,6693.4371,334503,0.977,-0.781,15.267,1.229,0.1768,0.0178,0.9248,-0.01066,-0.10352,0.07448,1.0251,-0.0032,-0.0366,0.01372,0.03824,0.00226,0.0856,0.08891,-0.01389,0.99226,0.62095,-0.34042,-0.62517,-0.32817,50.31,52.85,0.0363,0.0607
20:49:24.629,6693.4571,334504,1.107,-0.51,15.264,1.229,0.179,-0.0022,0.9297,-0.0409,-0.03704,0.23289,1.0137,-0.0264,-0.0076,0.16268,0.09606,0.05609,0.08345,0.08864,-0.01416,0.99246,0.6232,-0.33984,-0.62438,-0.326,50.32,52.85,0.0401,0.0694
20:49:24.729,6693.4771,334505,1.159,-0.094,15.26,1.229,0.1863,-0.0256,0.9326,-0.1315,0.04836,0.17533,1.0154,-0.0293,-0.012,0.09113,0.16481,0.14309,0.08185,0.08747,-0.01628,0.99267,0.62558,-0.34033,-0.62297,-0.32364,50.3,52.84,0.0435,0.0681
20:49:24.731,6693.4971,334506,1.115,0.299,15.257,1.228,0.1409,-0.0459,0.9236,-0.16507,0.13616,0.17693,1.0076,-0.0303,0.0,0.03957,0.18146,0.1728,0.08029,0.08433,-0.01853,0.99302,0.62842,-0.34062,-0.62073,-0.32212,50.31,52.85,0.0316,0.074
20:49:24.734,6693.5171,334507,0.955,0.504,15.253,1.228,0.207,-0.1018,0.897,-0.11791,0.16894,0.07274,1.0171,-0.0549,-0.0229,-0.06195,0.20398,0.06089,0.07975,0.08158,-0.02019,0.99327,0.62973,-0.34135,-0.61934,-0.32146,50.31,52.83,0.0246,0.0659
20:49:24.759,6693.5371,334508,0.781,0.689,15.249,1.228,0.2405,-0.0291,0.9539,-0.06915,0.40542,0.11644,0.9626,-0.0503,0.0342,0.00413,0.18013,-0.07101,0.07881,0.07762,-0.02093,0.99364,0.63139,-0.34015,-0.61808,-0.3219,50.31,52.83,0.0681,0.0534
20:49:24.833,6693.5571,334509,-0.636,1.339,15.245,1.228,0.1038,-0.0391,0.99,-0.34387,1.02388,0.27073,1.0063,-0.0122,0.0276,0.10672,-0.02998,-0.17933,0.07665,0.06443,-0.02403,0.99468,0.63152,-0.3375,-0.6191,-0.32248,50.3,52.84,0.0771,0.0749
20:49:24.848,6693.5771,334510,-2.855,2.141,15.241,1.228,0.0264,-0.0334,0.8835,-0.4382,1.46648,0.25314,1.0422,0.0056,0.0125,0.14962,-0.33308,-0.13177,0.07485,0.04787,-0.02752,0.99566,0.62955,-0.33601,-0.6225,-0.32133,50.3,52.85,0.02,0.0483
20:49:24.863,6693.5971,334511,-4.7,2.677,15.236,1.229,-0.1038,-0.0229,0.8704,-0.21557,1.18483,-0.0377,1.0598,0.0029,-0.0215,0.1363,-0.23102,-0.12071,0.07573,0.03434,-0.02883,0.99612,0.628,-0.3348,-0.62536,-0.32008,50.32,52.85,0.02,0.035
20:49:24.864,6693.6171,334512,-5.602,2.968,15.23,1.229,-0.0537,-0.0278,0.8127,-0.12577,0.42301,-0.17826,0.9612,-0.0188,-0.0063,0.03371,-0.16867,0.0056,0.07775,0.0285,-0.02976,0.99612,0.62677,-0.33453,-0.62719,-0.31918,50.31,52.85,0.02,0.0511
20:49:24.866,6693.6371,334513,-5.484,3.022,15.225,1.23,0.064,-0.0505,0.9204,-0.12124,-0.16667,-0.23435,1.012,0.002,-0.0071,-0.15148,-0.00453,0.11325,0.08015,0.0294,-0.03119,0.99586,0.6265,-0.33511,-0.62685,-0.31978,50.3,52.84,0.023,0.071
20:49:24.869,6693.6571,334514,-5.293,2.879,15.22,1.23,0.0688,-0.0479,0.9094,-0.07288,-0.16134,-0.27073,0.9492,0.0027,0.0872,-0.25834,0.0409,0.05076,0.08292,0.03022,-0.03197,0.99559,0.6266,-0.33646,-0.62544,-0.32093,50.32,52.86,0.02,0.0449
20:49:24.870,6693.6771,334515,-5.447,2.454,15.215,1.23,-0.012,-0.0916,0.926,0.05223,-0.02238,-0.3857,0.9741,-0.0518,-0.009,-0.41635,0.03038,-0.03664,0.08679,0.0289,-0.0317,0.9953,0.62585,-0.33934,-0.62381,-0.32251,50.31,52.85,0.0279,0.0616
20:49:24.872,6693.7015,334516,-5.419,2.16,15.21,1.231,0.0818,-0.0808,0.9158,0.13776,-0.2177,-0.2157,1.0225,-0.054,-0.0249,-0.18519,-0.04343,-0.09952,0.08937,0.03064,-0.03077,0.99505,0.62461,-0.34094,-0.62403,-0.32282,50.32,52.84,0.0222,0.0618
20:49:24.908,6693.7171,334517,-5.332,2.078,15.205,1.231,0.0696,-0.075,0.9236,0.12937,-0.22583,-0.14269,1.0063,-0.0591,0.0007,-0.09406,-0.05929,-0.11072,0.09044,0.03168,-0.03039,0.99493,0.6245,-0.3414,-0.62395,-0.32268,50.33,52.84,0.0269,0.074
20:49:24.911,6693.7371,334518,-5.31,2.082,15.199,1.231,0.0469,-0.0435,0.9075,-0.0056,-0.17533,-0.1291,0.9756,-0.0139,0.009,-0.07621,-0.07341,-0.05369,0.09175,0.03191,-0.0305,0.9948,0.62422,-0.3411,-0.62415,-0.32318,50.3,52.84,0.02,0.0618
20:49:24.953,6693.7571,334519,-5.321,2.135,15.194,1.231,0.0854,-0.0571,0.9104,-0.0413,-0.18652,-0.14522,1.0171,-0.019,-0.0564,-0.08753,-0.00853,-0.01252,0.09323,0.03295,-0.0313,0.99461,0.62341,-0.3417,-0.62475,-0.32295,50.31,52.85,0.02,0.0659
20:49:24.954,6693.7771,334520,-5.226,2.447,15.189,1.232,0.0698,-0.063,0.9189,-0.05929,-0.15681,0.01759,0.9993,-0.0303,-0.0161,0.10032,0.08807,-0.02065,0.0931,0.03336,-0.0326,0.99456,0.62469,-0.34155,-0.6245,-0.32111,50.31,52.84,0.0228,0.0799
20:49:24.969,6693.7971,334521,-4.94,2.715,15.184,1.232,0.0376,-0.1328,0.906,-0.04823,-0.16081,0.11178,0.9998,-0.0247,0.03,0.05836,0.11951,-0.09033,0.09201,0.03352,-0.03375,0.99462,0.62624,-0.33968,-0.62375,-0.32153,50.32,52.83,0.02,0.0796
20:49:24.971,6693.8171,334522,-4.956,2.381,15.179,1.232,0.0337,-0.0649,0.9131,0.12284,-0.11604,-0.15495,1.0154,-0.009,-0.009,-0.28325,0.02545,-0.16601,0.09354,0.03325,-0.03277,0.99452,0.62466,-0.33932,-0.62388,-0.32472,50.31,52.85,0.02,0.0684
20:49:24.998,6693.8371,334523,-5.063,1.918,15.174,1.232,0.0588,0.0029,0.939,0.16707,-0.11791,-0.16747,1.1221,0.0132,-0.092,-0.25327,-0.04703,-0.09086,0.09522,0.0334,-0.03057,0.99443,0.6232,-0.34034,-0.62405,-0.32612,50.32,52.83,0.0356,0.02
20:49:25.043,6693.8571,334524,-5.108,1.921,15.169,1.233,0.1255,-0.0737,0.9558,0.00426,-0.07741,-0.03064,1.0435,-0.0195,-0.0325,-0.11311,-0.02092,-0.02025,0.09559,0.03397,-0.03119,0.99435,0.62242,-0.34108,-0.62446,-0.32606,50.32,52.84,0.0551,0.0469
20:49:25.044,6693.8771,334525,-5.7,2.003,15.164,1.233,0.0674,-0.0452,0.9441,-0.11764,0.22143,0.15188,1.0105,-0.0085,-0.0356,-0.0457,-0.0429,0.0004,0.09429,0.03025,-0.03152,0.99459,0.62145,-0.34143,-0.62549,-0.32555,50.32,52.86,0.0407,0.0716
20:49:25.074,6693.8971,334526,-6.198,2.478,15.158,1.233,-0.0347,-0.0186,0.9304,-0.2602,0.18559,0.29844,0.9954,-0.0271,-0.0649,0.10046,0.0493,0.00373,0.09153,0.02637,-0.03389,0.99488,0.62169,-0.34102,-0.62629,-0.32399,50.3,52.83,0.0284,0.0784
20:49:25.088,6693.9171,334527,-5.197,3.123,15.153,1.234,-0.1042,-0.0559,0.9814,-0.4394,-0.71732,0.49509,0.9177,-0.0779,0.0168,0.05662,0.41408,0.04557,0.08652,0.03036,-0.03899,0.99502,0.62505,-0.33959,-0.62369,-0.32404,50.32,52.84,0.0714,0.0209
20:49:25.089,6693.9371,334528,-2.892,3.895,15.149,1.234,0.0647,-0.1345,0.9614,-0.26953,-1.54095,0.54558,0.9924,-0.0005,0.0168,0.21357,0.50108,0.00533,0.08063,0.04396,-0.04447,0.99478,0.62947,-0.33574,-0.62107,-0.32454,50.33,52.84,0.0597,0.0744
20:49:25.118,6693.9571,334529,-0.237,3.985,15.145,1.235,0.0574,-0.1079,0.9758,0.18306,-1.77517,0.7445,0.9678,-0.0022,0.0779,0.13217,0.69787,-0.03411,0.07238,0.05912,-0.04526,0.99459,0.63478,-0.33187,-0.61693,-0.32607,50.32,52.85,0.0676,0.0582
20:49:25.163,6693.9771,334530,2.592,3.496,15.142,1.235,0.0862,-0.1287,0.8469,0.49442,-2.11211,0.90384,0.925,-0.0176,0.1191,0.02292,0.47937,-0.03158,0.06223,0.0787,-0.0429,0.99403,0.63817,-0.32965,-0.61398,-0.32727,50.32,52.84,0.02,0.0296
20:49:25.164,6693.9971,334531,4.198,3.041,15.139,1.236,0.103,-0.105,0.7148,0.39903,-1.70509,0.45285,0.9102,-0.0166,0.1411,-0.03544,-0.1712,-0.01652,0.05676,0.09437,-0.04087,0.99308,0.63732,-0.33006,-0.61501,-0.32656,50.31,52.84,0.02,0.0209
20:49:25.167,6694.0171,334532,3.216,2.345,15.136,1.236,0.3601,0.0471,0.8276,0.50814,-0.4843,-0.40822,1.3459,-0.0845,0.1006,-0.13963,-1.24718,-0.00759,0.06027,0.09883,-0.03569,0.99264,0.62957,-0.33485,-0.6224,-0.32268,50.32,52.85,0.02,0.02
20:49:25.193,6694.0371,334533,2.512,1.631,15.133,1.236,0.2607,0.0359,0.8865,0.45632,0.08127,-0.60194,1.1875,0.0315,-0.0913,-0.21317,-0.39396,-0.13576,0.06597,0.09768,-0.03033,0.99257,0.62595,-0.33644,-0.62504,-0.32298,50.31,52.84,0.0236,0.02
20:49:25.208,6694.0571,334534,2.361,1.42,15.13,1.236,0.1895,0.0173,0.9404,0.11298,0.20491,-0.48576,1.0122,-0.019,-0.0007,-0.07221,0.11338,0.0429,0.07094,0.09475,-0.02776,0.99258,0.62744,-0.33641,-0.62346,-0.32318,50.3,52.84,0.0496,0.0707
20:49:25.238,6694.0771,334535,2.544,1.478,15.127,1.236,0.2,-0.0586,0.8936,-0.00093,-0.17666,-0.31496,0.9976,-0.0254,0.0005,-0.06062,0.00839,-0.02864,0.07409,0.09569,-0.02801,0.99226,0.62825,-0.33687,-0.62263,-0.32274,50.32,52.84,0.02,0.0784
20:49:25.253,6694.0971,334536,2.717,1.442,15.124,1.236,0.2002,-0.0281,0.8713,0.03717,-0.31562,-0.05436,1.0159,-0.0205,-0.0203,-0.05716,0.02545,-0.02678,0.07461,0.09806,-0.02787,0.99199,0.6277,-0.33709,-0.62318,-0.32251,50.31,52.84,0.02,0.0678
20:49:25.283,6694.1171,334537,2.522,1.784,15.12,1.237,0.2007,-0.0498,0.8828,-0.25674,0.11631,0.01719,1.01,-0.0186,-0.0039,-0.05702,0.02811,-0.02585,0.0748,0.09583,-0.03071,0.99211,0.62736,-0.33611,-0.62354,-0.32348,50.31,52.83,0.02,0.0724
20:49:25.284,6694.1371,334538,1.669,2.187,15.117,1.237,0.1663,-0.0703,0.9216,-0.26313,0.53492,-0.06089,1.0288,-0.0146,-0.022,-0.06249,0.02998,-0.02132,0.07585,0.08876,-0.03355,0.99259,0.6269,-0.33626,-0.62397,-0.32339,50.31,52.83,0.0343,0.0581
20:49:25.328,6694.1571,334539,0.871,2.45,15.113,1.237,0.0879,-0.0886,0.9565,-0.15442,0.55491,-0.04783,0.9956,-0.0105,-0.0024,-0.06062,0.03091,-0.02212,0.07669,0.08096,-0.03509,0.99314,0.62684,-0.33522,-0.62403,-0.32447,50.32,52.85,0.0535,0.0767
20:49:25.331,6694.1771,334540,0.694,2.549,15.11,1.237,0.0925,-0.0962,0.9431,-0.00546,0.0898,-0.04703,0.9866,-0.0222,0.002,-0.05489,0.06941,-0.01785,0.07723,0.07812,-0.03558,0.99331,0.628,-0.33541,-0.62288,-0.32424,50.32,52.84,0.0444,0.0701
20:49:25.374,6694.1971,334541,0.946,2.483,15.106,1.238,0.1196,-0.0498,0.8823,0.08767,-0.23848,0.10059,0.998,-0.0134,0.0017,-0.0449,0.07115,-0.03904,0.07616,0.07894,-0.03503,0.99335,0.62848,-0.33408,-0.62251,-0.32539,50.3,52.83,0.02,0.0786
20:49:25.388,6694.2171,334542,1.38,2.468,15.103,1.238,0.2104,-0.0132,0.8853,0.03344,-0.30776,0.3071,1.0063,-0.0122,0.0066,-0.03517,0.06688,-0.03224,0.0731,0.08108,-0.03513,0.9934,0.62932,-0.33304,-0.62183,-0.32614,50.31,52.83,0.02,0.0752
20:49:25.389,6694.2371,334543,1.331,2.658,15.1,1.238,0.2605,-0.0098,0.864,-0.13083,-0.07847,0.44353,1.0349,-0.0149,-0.0291,-0.03171,0.04317,-0.02478,0.06889,0.08081,-0.03688,0.99366,0.62913,-0.33305,-0.62219,-0.32581,50.31,52.85,0.02,0.0534
20:49:25.479,6694.2571,334544,0.935,3.147,15.096,1.239,0.1755,-0.0261,0.8647,-0.38664,0.27685,0.39596,1.0176,-0.0171,-0.012,-0.02838,0.10898,-0.02238,0.0655,0.07678,-0.04074,0.99406,0.62931,-0.33299,-0.6222,-0.3255,50.3,52.84,0.02,0.0666
20:49:25.481,6694.2771,334545,1.218,3.526,15.093,1.239,0.1763,-0.1719,0.9106,-0.02745,-0.07048,0.15815,0.8525,-0.0269,0.074,0.14549,0.26287,0.11871,0.06397,0.07636,-0.04205,0.99414,0.63221,-0.33173,-0.62061,-0.32421,50.32,52.84,0.0375,0.02
20:49:25.484,6694.2971,334546,1.277,3.195,15.089,1.24,0.1541,-0.0686,0.8958,0.6086,-0.03118,0.24088,0.8176,-0.0327,0.1345,0.22703,0.11898,0.05196,0.06121,0.07614,-0.03643,0.99455,0.63425,-0.32999,-0.62042,-0.32236,50.32,52.84,0.02,0.02
20:49:25.493,6694.3171,334547,1.426,2.587,15.086,1.24,0.123,-0.0298,0.9084,0.67681,-0.08127,0.36892,0.866,-0.0186,0.1206,0.09153,0.21357,-0.03477,0.05711,0.07581,-0.02985,0.99504,0.63613,-0.32824,-0.61948,-0.32223,50.31,52.83,0.02,0.02
20:49:25.509,6694.3371,334548,1.485,2.06,15.082,1.24,0.1077,0.0134,0.9365,0.48283,-0.01958,0.1315,0.9954,-0.0317,0.0281,-0.00746,0.15228,-0.04143,0.05556,0.0747,-0.02467,0.99535,0.63795,-0.32772,-0.61795,-0.32212,50.32,52.84,0.0371,0.0772
20:49:25.568,6694.3571,334549,1.537,1.924,15.079,1.241,0.0979,-0.0291,0.906,0.07687,-0.09926,-0.54012,0.9907,-0.022,0.0413,-0.12017,0.01439,-0.04183,0.06093,0.0743,-0.02362,0.99509,0.63839,-0.32773,-0.6171,-0.32286,50.32,52.85,0.02,0.0739
20:49:25.571,6694.3771,334550,1.463,1.85,15.076,1.241,0.1138,-0.0339,0.9041,0.02718,-0.17733,-0.77354,0.9902,-0.0239,0.0276,-0.11924,-0.15468,-0.03064,0.06865,0.07469,-0.023,0.99458,0.63793,-0.32886,-0.61718,-0.32248,50.31,52.86,0.02,0.0732
20:49:25.572,6694.3971,334551,1.143,1.516,15.072,1.241,0.0967,-0.0066,0.9187,0.20318,-0.27899,-0.38517,0.9978,-0.0188,0.0149,-0.14069,-0.27925,-0.03371,0.07235,0.07614,-0.02077,0.99425,0.63503,-0.33037,-0.61961,-0.32199,50.31,52.85,0.0228,0.0786
20:49:25.576,6694.4171,334552,1.236,1.246,15.069,1.241,0.1995,-0.0381,0.9758,0.1724,-0.46391,-0.17773,1.0505,-0.0532,-0.0791,-0.15815,-0.3468,-0.04663,0.07396,0.08121,-0.01977,0.99375,0.63212,-0.33233,-0.62191,-0.32126,50.31,52.84,0.0775,0.0389
20:49:25.598,6694.4371,334553,1.377,1.177,15.065,1.241,0.2173,-0.0171,0.9065,0.0477,-0.38917,-0.29537,1.0012,-0.0159,0.0002,-0.07634,-0.09939,-0.06568,0.07687,0.08456,-0.01945,0.99326,0.63037,-0.33235,-0.62356,-0.32147,50.31,52.84,0.0293,0.079
20:49:25.613,6694.4571,334554,1.27,1.064,15.062,1.241,0.1235,-0.0129,0.9326,0.09499,-0.13123,-0.16667,0.989,-0.0374,0.0044,-0.06795,-0.0445,-0.05862,0.07851,0.08412,-0.01835,0.99319,0.63047,-0.3332,-0.6234,-0.32073,50.32,52.84,0.0356,0.0723
20:49:25.674,6694.4771,334555,1.118,0.894,15.058,1.241,0.1575,-0.0156,0.9282,0.09766,-0.19052,-0.00426,1.0117,-0.0129,-0.0085,-0.06115,-0.07847,-0.07874,0.07857,0.08468,-0.01697,0.99316,0.62894,-0.33301,-0.62492,-0.32095,50.3,52.84,0.0362,0.0711
20:49:25.676,6694.4971,334556,1.102,0.795,15.055,1.241,0.175,-0.0122,0.9192,0.07608,-0.22449,-0.00826,1.0156,-0.0149,-0.0161,-0.06155,-0.06981,-0.06968,0.07865,0.08637,-0.01631,0.99302,0.6276,-0.3332,-0.62624,-0.32081,50.32,52.85,0.0318,0.0681
20:49:25.679,6694.5171,334557,1.076,0.709,15.051,1.24,0.1814,-0.002,0.9202,0.0493,-0.1732,-0.01186,1.0139,-0.0127,-0.0159,-0.06049,-0.02172,-0.04383,0.07881,0.08748,-0.01569,0.99292,0.62659,-0.33327,-0.62723,-0.32077,50.33,52.85,0.0334,0.0694
20:49:25.688,6694.5371,334558,0.963,0.796,15.048,1.24,0.1624,-0.0205,0.9185,0.00027,-0.10992,-0.00173,1.0088,-0.0171,-0.011,-0.05875,0.03544,-0.01212,0.07883,0.08709,-0.01641,0.99294,0.62647,-0.33405,-0.62734,-0.31999,50.31,52.85,0.0297,0.0732
20:49:25.718,6694.5571,334559,1.013,0.865,15.044,1.24,0.1458,-0.0293,0.9236,-0.00067,-0.0882,0.00107,1.0083,-0.0151,-0.0017,-0.05702,0.03624,-0.01226,0.07885,0.08623,-0.01691,0.99301,0.62723,-0.33356,-0.62659,-0.32046,50.32,52.85,0.0316,0.0737
