real_time,timestamp_s,seq,rel_pitch_deg,rel_roll_deg,avg_pitch_deg,avg_roll_deg,accel_x_1,accel_y_1,accel_z_1,gyro_x_1,gyro_y_1,gyro_z_1,accel_x_2,accel_y_2,accel_z_2,gyro_x_2,gyro_y_2,gyro_z_2,q1w,q1x,q1y,q1z,q2w,q2x,q2y,q2z,temp1_C,temp2_C,madgwick_beta1,madgwick_beta2
20:08:31.770,1790255311.7701,150,-0.024,-0.084,-0.024,-0.084,-0.02053,0.00752,0.98828,-0.00122,-0.00325,0.00399,-0.00777,0.00105,0.98736,-0.12145,-0.01854,0.00042,0.99999,-0.00394,-0.00073,7e-05,0.99995,-0.0098,-0.00331,-0.00082,33.23,34.6,0.0714,0.0705
20:08:31.790,1790255311.7905,151,-0.024,-0.008,-0.024,-0.046,-0.01054,-0.01488,0.98858,-0.00198,0.00081,-0.0013,-0.01067,-0.00357,1.00789,-0.13038,-0.00936,-0.00154,0.99999,-0.00471,0.00053,6e-05,0.99995,-0.00991,-0.00204,-0.00083,33.23,34.6,0.0716,0.074
20:08:31.811,1790255311.8109,152,0.232,-0.268,0.062,-0.12,0.01095,0.00846,0.98467,0.00165,0.00029,-0.00079,-0.00639,-0.0208,1.01424,-0.11891,-0.02037,-0.00739,0.99999,-0.00355,-0.00025,6e-05,0.99994,-0.01101,-0.0006,-0.00089,33.23,34.6,0.0686,0.0691
20:08:31.831,1790255311.8314,153,0.456,-0.243,0.16,-0.151,0.02268,-0.00386,0.99922,0.00291,-0.00091,0.0012,-9e-05,-0.00936,0.99323,-0.12149,-0.00837,-0.00285,0.99999,-0.00329,-0.00188,6e-05,0.99994,-0.01053,-0.00027,-0.00092,33.23,34.6,0.0796,0.075
20:08:31.851,1790255311.8517,154,0.43,-0.372,0.214,-0.195,0.00062,0.00702,1.00061,-0.00132,-0.00171,0.00182,0.00256,-0.00131,1.00037,-0.13562,0.00309,0.00311,1.0,-0.00173,-0.00153,8e-05,0.99995,-0.0101,-0.00015,-0.0009,33.23,34.6,0.0795,0.0797
20:08:31.872,1790255311.8721,155,0.56,-0.427,0.272,-0.234,0.01237,0.00716,0.98989,-0.00375,0.00284,-0.00387,0.00146,0.00067,0.99833,-0.11852,0.00154,0.00226,1.0,-0.00066,-0.00249,4e-05,0.99995,-0.00951,3e-05,-0.00087,33.23,34.6,0.0725,0.0787
20:08:31.892,1790255311.8926,156,0.341,-0.404,0.282,-0.258,-0.01229,9e-05,0.98081,-0.00178,0.00143,-0.00091,0.01978,0.01049,0.99989,-0.12352,0.00866,-0.00694,1.0,-0.00057,-0.00114,3e-05,0.99996,-0.00922,-0.00054,-0.00096,33.23,34.59,0.0657,0.0799
20:08:31.912,1790255311.9128,157,0.293,-0.464,0.283,-0.284,-0.00704,0.00725,0.99308,-0.00051,-0.00336,-0.00042,-0.00908,0.01786,1.00394,-0.11899,0.00078,0.00197,1.0,0.00044,-5e-05,2e-05,0.99996,-0.00873,0.00014,-0.00093,33.23,34.59,0.0748,0.0769
20:08:31.933,1790255311.9333,158,0.074,-0.329,0.26,-0.289,-0.0055,-0.00273,0.99525,-0.0017,-0.0021,0.00033,0.02192,0.01001,0.9975,-0.1108,0.01278,-0.00223,1.0,-0.00043,0.00125,3e-05,0.99996,-0.00842,-0.00048,-0.00097,33.23,34.59,0.0765,0.0783
20:08:31.954,1790255311.9538,159,-0.005,-0.387,0.233,-0.299,-0.01536,0.01465,0.98261,0.00193,-0.00142,0.00479,0.00698,0.01792,1.00108,-0.1197,0.01946,-0.00389,1.0,0.00064,0.00211,8e-05,0.99997,-0.00786,-0.0003,-0.00101,33.23,34.59,0.0671,0.0791
20:08:31.974,1790255311.9741,160,0.065,-0.223,0.218,-0.292,0.00384,-0.0073,0.99244,-0.00172,0.00071,-0.00075,0.02157,0.01096,0.99307,-0.10564,0.02726,0.00096,1.0,-0.00048,0.00109,7e-05,0.99997,-0.00754,-0.00072,-0.00102,33.23,34.59,0.0744,0.075
20:08:31.994,1790255311.9946,161,0.06,0.02,0.205,-0.266,-0.00179,-0.0067,0.99155,-0.0026,-0.00029,-0.00301,0.01124,0.00579,0.99414,-0.09936,0.02572,0.0008,1.0,-0.00201,0.00099,3e-05,0.99997,-0.00696,-0.00086,-0.00102,33.23,34.59,0.0737,0.0757
20:08:32.015,1790255312.0152,162,0.212,-0.132,0.205,-0.256,-0.00266,-0.00131,1.00631,0.00016,0.00164,0.00081,-0.01062,-0.00235,1.00456,-0.10685,0.02783,-0.00106,1.0,-0.0005,0.00136,4e-05,0.99998,-0.00678,0.00083,-0.00102,33.23,34.59,0.0753,0.0765
20:08:32.036,1790255312.0359,163,0.265,-0.229,0.21,-0.254,-0.01609,-0.00016,1.00267,0.0054,-0.00079,0.00474,-0.01212,-0.01297,0.99568,-0.09361,0.02118,0.00546,1.0,-0.00035,0.00296,9e-05,0.99997,-0.00747,0.0029,-0.00095,33.23,34.59,0.0779,0.0769
20:08:32.056,1790255312.0566,164,0.488,-0.081,0.228,-0.242,0.00395,-0.00447,0.97355,7e-05,0.00178,0.00196,-0.00767,0.007,0.99933,-0.09646,0.0396,0.00408,1.0,-0.0008,0.00182,0.0001,0.99997,-0.00663,0.00371,-0.00091,33.23,34.59,0.0602,0.0795
20:08:32.077,1790255312.0771,165,0.306,-0.01,0.233,-0.228,-0.0099,-0.00264,0.99262,0.00042,-0.00077,0.00173,0.00322,0.00432,1.019,-0.09549,0.03482,0.00144,0.99999,-0.00105,0.00332,0.00011,0.99997,-0.00626,0.00362,-0.00089,33.23,34.59,0.0745,0.0657
20:08:32.097,1790255312.0974,166,0.45,-0.097,0.246,-0.22,-0.00655,-0.00143,0.99229,-0.00046,0.00023,0.00062,-0.01199,0.00262,0.99,-0.08402,0.04417,-0.00381,0.99999,0.00045,0.00322,0.00011,0.99997,-0.00551,0.00477,-0.00092,33.23,34.59,0.0742,0.0726
20:08:32.118,1790255312.118,167,0.508,-0.144,0.26,-0.216,-0.0111,0.0058,0.98937,0.00148,-0.00124,-0.00233,-0.01289,-0.00543,1.00196,-0.0894,0.04359,-0.0004,0.99999,0.00153,0.00424,9e-05,0.99997,-0.00484,0.0063,-0.00091,33.23,34.59,0.0721,0.0785
20:08:32.138,1790255312.1385,168,0.548,-0.144,0.276,-0.212,0.00183,-6e-05,0.96986,-0.00133,0.00364,0.0034,0.01096,-0.006,1.00412,-0.07789,0.0539,-0.00298,0.99999,0.00118,0.00314,0.00012,0.99997,-0.0052,0.00555,-0.00095,33.23,34.59,0.0574,0.0769
20:08:32.159,1790255312.1591,169,0.533,0.007,0.288,-0.201,-0.00249,-0.00709,0.98874,-0.00307,-0.00308,-0.00167,0.0214,0.00012,0.99471,-0.07446,0.0516,0.00134,1.0,-0.00023,0.00257,0.0001,0.99997,-0.00529,0.00484,-0.00094,33.23,34.59,0.0716,0.0762
20:08:32.179,1790255312.1795,170,0.465,0.207,0.297,-0.182,-0.01633,-0.01161,0.99459,0.00169,-0.00325,-0.00135,-0.00785,-0.00296,1.02195,-0.07708,0.05291,-0.00306,0.99999,-0.00131,0.00363,9e-05,0.99997,-0.00462,0.00531,-0.00097,33.23,34.59,0.0761,0.0635
20:08:32.200,1790255312.1998,171,0.589,0.169,0.31,-0.166,0.01039,0.0052,0.98435,0.00129,0.00166,-0.00301,-0.00163,-0.0027,1.01995,-0.07194,0.06392,0.00351,1.0,-0.00074,0.00238,6e-05,0.99998,-0.00438,0.00515,-0.00093,33.23,34.59,0.0683,0.065
20:08:32.220,1790255312.2203,172,0.387,0.083,0.313,-0.155,-0.01076,0.0027,1.00149,-0.00095,0.001,0.00038,0.01106,0.00453,1.00621,-0.08241,0.06003,-0.0021,0.99999,0.00019,0.0037,6e-05,0.99998,-0.00421,0.00471,-0.00095,33.23,34.59,0.0788,0.0753
20:08:32.240,1790255312.2408,173,0.575,0.162,0.324,-0.142,0.00103,0.00307,0.97378,-0.00428,-0.00202,0.00198,-0.00345,0.00868,1.00338,-0.06491,0.06961,0.00032,1.0,0.00053,0.00251,8e-05,0.99998,-0.00318,0.00515,-0.00094,33.23,34.59,0.0603,0.0774
20:08:32.261,1790255312.2609,174,0.541,-0.089,0.333,-0.14,-0.00144,0.02246,0.98652,0.00067,0.0018,-0.00178,0.01914,-0.012,0.98925,-0.07024,0.0662,-0.00457,1.0,0.00192,0.0023,7e-05,0.99998,-0.00397,0.00464,-0.001,33.23,34.59,0.0701,0.0721
20:08:32.281,1790255312.2816,175,0.648,0.072,0.345,-0.131,0.0041,-0.00456,0.98512,-0.00027,-0.00274,-0.00342,-0.00138,-0.00156,1.01624,-0.0643,0.06899,-0.00019,1.0,0.00093,0.00124,3e-05,0.99998,-0.00356,0.00452,-0.001,33.23,34.59,0.0689,0.0678
20:08:32.302,1790255312.3021,176,0.749,0.142,0.36,-0.121,0.00804,-0.00239,0.97507,0.00088,-0.00277,-0.00347,0.00339,-0.00221,1.01279,-0.05746,0.07512,-0.00249,1.0,0.00047,5e-05,-0.0,0.99998,-0.00341,0.00421,-0.00103,33.24,34.59,0.0613,0.0704
20:08:32.322,1790255312.3222,177,0.687,0.364,0.372,-0.104,-0.00834,-0.01884,0.97886,-0.00084,-0.00058,0.00164,0.01001,0.01241,1.00222,-0.05874,0.07768,-0.00197,1.0,-0.00074,0.00054,1e-05,0.99999,-0.00267,0.00415,-0.00105,33.24,34.59,0.0643,0.0782
20:08:32.342,1790255312.3428,178,0.458,0.259,0.375,-0.091,-0.01013,0.00103,0.99495,0.0036,-0.00274,-0.00212,-0.00283,-0.00591,1.00346,-0.04972,0.07914,-0.00206,1.0,-0.00029,0.00202,-1e-05,0.99999,-0.00314,0.00364,-0.00107,33.24,34.59,0.0763,0.0774
20:08:32.363,1790255312.3633,179,0.461,0.297,0.378,-0.079,0.00226,-0.02201,0.98205,-0.00157,-0.0001,0.00298,0.01041,-0.01573,0.9984,-0.04293,0.07913,-4e-05,1.0,-0.00162,0.00163,2e-05,0.99999,-0.00415,0.00328,-0.00108,33.24,34.59,0.0667,0.0789
20:08:32.383,1790255312.3837,180,0.335,0.29,0.376,-0.067,-0.00823,0.00102,0.99777,0.00072,-0.00256,-0.00183,0.00107,0.00062,1.00081,-0.04297,0.08681,0.00184,1.0,-0.00058,0.00282,1e-05,0.99999,-0.00316,0.00336,-0.00107,33.24,34.59,0.0784,0.0794
20:08:32.404,1790255312.4042,181,0.479,0.622,0.38,-0.045,-0.00647,-0.00779,0.99402,0.00075,-0.00059,0.00291,-0.00845,0.00367,0.99894,-0.04219,0.08942,6e-05,0.99999,-0.00211,0.00301,3e-05,0.99999,-0.00179,0.00481,-0.00106,33.24,34.59,0.0756,0.0792
20:08:32.425,1790255312.4245,182,0.827,0.758,0.393,-0.021,-0.00506,-0.00688,0.98132,-0.00109,-0.00164,-0.0022,-0.01201,-0.0035,1.01652,-0.03949,0.09792,0.00225,0.99999,-0.0034,0.0026,0.0,0.99997,-0.0019,0.00743,-0.00103,33.24,34.59,0.066,0.0676
20:08:32.445,1790255312.445,183,0.86,0.706,0.407,0.001,-0.00467,-0.00174,0.98523,-0.00263,-0.0009,-0.00082,0.00398,0.01433,0.9917,-0.03207,0.09655,-0.00317,0.99999,-0.00203,0.00246,-0.0,0.99997,-0.00098,0.00759,-0.00106,33.24,34.59,0.0689,0.0739
20:08:32.465,1790255312.4653,184,1.057,0.739,0.425,0.022,-0.00447,-0.0027,0.97119,0.00283,-0.00059,-0.00422,-0.01673,0.0077,0.99698,-0.02826,0.09032,-0.00119,1.0,-0.00085,0.00217,-4e-05,0.99996,0.00049,0.00902,-0.00105,33.24,34.59,0.0584,0.0779
20:08:32.485,1790255312.4857,185,1.194,0.729,0.447,0.041,0.00547,-0.00167,0.99295,-0.00088,-0.00178,-0.00295,0.00722,0.00118,0.99769,-0.03054,0.0969,-0.00315,1.0,-0.00086,0.00063,-7e-05,0.99996,0.00039,0.00866,-0.00108,33.24,34.59,0.0747,0.0783
20:08:32.506,1790255312.5063,186,1.285,0.638,0.469,0.057,9e-05,-0.00093,0.98631,-0.0016,0.00449,-0.00042,0.00462,-6e-05,0.9963,-0.02214,0.08996,0.00023,1.0,-0.00016,-0.00057,-8e-05,0.99997,0.0003,0.00826,-0.00108,33.24,34.59,0.0697,0.0772
20:08:32.527,1790255312.5269,187,1.398,0.735,0.494,0.075,0.00239,-0.00169,0.99188,-0.00116,-0.002,0.00364,-0.00349,-0.00179,1.01908,-0.02432,0.09811,-0.00149,1.0,-0.0013,-0.00163,-4e-05,0.99997,1e-05,0.00819,-0.00109,33.24,34.59,0.0739,0.0657
20:08:32.547,1790255312.5474,188,1.344,0.61,0.516,0.089,-3e-05,0.01346,0.98799,-0.00023,-0.00028,0.00178,0.00572,0.00412,1.00582,-0.01449,0.10643,0.00683,1.0,0.00013,-0.00134,-4e-05,0.99997,0.00034,0.00801,-0.00102,33.24,34.59,0.0711,0.0756
20:08:32.567,1790255312.5678,189,1.498,0.271,0.54,0.094,0.00254,0.00536,0.9916,0.00119,-0.0029,0.00065,-0.01614,-0.02339,0.99102,-0.01446,0.10591,-0.00427,1.0,0.00164,-0.00134,-4e-05,0.99996,-0.00111,0.00936,-0.00108,33.24,34.59,0.0737,0.0736
20:08:32.588,1790255312.588,190,1.67,0.224,0.568,0.097,0.00635,0.00107,0.98318,0.00235,0.00054,0.0014,0.0027,-0.02808,1.00456,-0.00786,0.10466,0.00291,1.0,0.00098,-0.00251,-2e-05,0.99995,-0.00218,0.00968,-0.00106,33.24,34.59,0.0674,0.0763
20:08:32.608,1790255312.6086,191,1.732,0.433,0.595,0.105,0.01171,-0.0148,0.99192,-0.00051,-0.0056,0.00037,-0.00313,-0.00092,0.99172,-0.01079,0.11095,0.00029,0.99999,-0.00044,-0.00314,-1e-05,0.99995,-0.00178,0.0096,-0.00106,33.24,34.59,0.0741,0.0738
20:08:32.629,1790255312.629,192,1.685,0.668,0.621,0.118,-0.00874,-0.01773,0.98284,0.00601,-0.00093,-0.00238,-0.00767,0.00948,1.01644,-0.01304,0.11358,-0.00168,1.0,-0.00141,-0.00224,-3e-05,0.99995,-0.00069,0.01008,-0.00107,33.24,34.59,0.0673,0.0676
20:08:32.649,1790255312.6493,193,1.835,0.725,0.648,0.132,0.01065,-0.00237,0.98837,0.00134,-0.00073,-0.00015,-0.0035,0.0021,1.00185,0.00693,0.11551,0.00152,0.99999,-0.00131,-0.00369,-4e-05,0.99995,-0.0001,0.00995,-0.00105,33.24,34.59,0.0713,0.0786
20:08:32.669,1790255312.6695,194,1.684,0.891,0.671,0.149,-0.01053,-0.00534,1.00388,-0.00401,-0.00085,-0.00064,-0.00263,0.01158,1.00768,0.01394,0.11882,0.00067,1.0,-0.00159,-0.00216,-4e-05,0.99995,0.00108,0.01016,-0.00104,33.24,34.59,0.077,0.0742
20:08:32.690,1790255312.6899,195,1.838,0.863,0.697,0.164,0.00786,-0.00137,0.99415,-0.00099,0.00107,0.00318,0.00861,0.0066,1.00869,0.00129,0.11705,-0.00382,0.99999,-0.00091,-0.00353,-1e-05,0.99995,0.00151,0.01012,-0.00107,33.24,34.59,0.0756,0.0734
20:08:32.710,1790255312.7108,196,1.76,1.118,0.719,0.184,0.00088,-0.0096,0.98447,0.00194,0.00197,0.00043,-0.00317,0.0136,1.00978,0.01201,0.11955,0.00034,0.99999,-0.00202,-0.00264,-0.0,0.99994,0.00263,0.01034,-0.00106,33.24,34.59,0.0684,0.0726
20:08:32.731,1790255312.7309,197,1.905,1.258,0.744,0.207,0.01804,-0.0117,0.9876,0.00042,0.00424,-0.00329,0.00378,0.009,0.98349,0.00745,0.11727,0.0009,0.99999,-0.00275,-0.00382,-4e-05,0.99994,0.00311,0.01042,-0.00104,33.24,34.59,0.0709,0.0677
20:08:32.751,1790255312.7515,198,1.999,1.2,0.77,0.227,0.01264,0.00711,0.99436,0.00313,-0.00054,0.00231,0.01765,0.02454,1.01337,0.01608,0.12375,-0.00061,0.99999,-0.00128,-0.00441,-2e-05,0.99993,0.00408,0.01065,-0.00103,33.24,34.59,0.0758,0.0696
20:08:32.772,1790255312.7721,199,1.832,1.111,0.791,0.245,-0.00312,0.00132,1.00159,-0.00013,0.00031,0.00125,0.01617,-0.01143,1.00611,0.02425,0.11728,-0.00349,1.0,-0.00077,-0.00286,-2e-05,0.99993,0.00381,0.01074,-0.00107,33.24,34.59,0.0788,0.0753
20:08:32.792,1790255312.7925,200,1.917,1.042,0.813,0.26,0.00969,0.00277,0.97841,-0.00258,0.0012,0.00125,0.00508,0.00386,1.00517,0.03184,0.11165,0.00209,0.99999,0.00014,-0.00374,-1e-05,0.99993,0.00411,0.0106,-0.00104,33.24,34.59,0.0638,0.0761
20:08:32.813,1790255312.813,201,1.907,1.31,0.834,0.281,0.00601,-0.01783,0.98828,-0.00103,-0.00317,0.00095,0.00728,0.01473,1.00091,0.02987,0.12847,0.00447,0.99999,-0.00133,-0.00367,1e-05,0.99993,0.00498,0.01059,-0.00098,33.24,34.59,0.0713,0.0792
20:08:32.833,1790255312.8334,202,1.717,1.324,0.851,0.3,-0.01142,0.00095,1.00359,0.00117,-0.00288,0.00364,0.02945,0.0082,0.99797,0.02899,0.11912,-0.00135,1.0,-0.00103,-0.00215,4e-05,0.99993,0.00542,0.01045,-0.00098,33.24,34.59,0.0773,0.0788
20:08:32.854,1790255312.8539,203,1.551,1.369,0.864,0.32,-0.01577,-0.00647,0.9948,0.00093,-0.00192,0.00019,0.04509,-0.01282,1.00362,0.03826,0.12401,0.00085,1.0,-0.00136,-0.00065,5e-05,0.99993,0.00548,0.0105,-0.00097,33.24,34.59,0.0762,0.0765
20:08:32.874,1790255312.8744,204,1.669,1.309,0.878,0.338,0.01401,0.00776,0.98805,-0.00315,-0.00195,0.00035,0.03717,0.00099,0.99634,0.04312,0.11667,-0.00604,1.0,-0.00046,-0.0018,5e-05,0.99993,0.00585,0.01038,-0.00102,33.24,34.59,0.0711,0.0778
20:08:32.895,1790255312.895,205,1.506,1.331,0.89,0.356,-0.00178,-0.00015,0.9809,-0.00324,-0.00115,-0.00222,0.06478,-0.00777,0.99374,0.0481,0.11575,0.00053,1.0,-0.00031,-0.00048,3e-05,0.99993,0.00619,0.01028,-0.00101,33.24,34.59,0.0657,0.0769
20:08:32.915,1790255312.9155,206,1.617,1.25,0.902,0.371,0.01705,0.01542,0.97804,-0.00206,-0.00334,-0.00139,0.06767,-0.01592,1.00549,0.04542,0.11618,-0.0013,1.0,0.00059,-0.00144,1e-05,0.99993,0.00639,0.01028,-0.00101,33.24,34.59,0.0637,0.0741
20:08:32.936,1790255312.936,207,1.752,1.432,0.917,0.39,0.01945,-0.01726,1.0084,0.0023,-0.00124,0.00104,0.06406,0.0036,1.01268,0.0427,0.12829,0.0055,1.0,-0.00051,-0.00246,2e-05,0.99992,0.00687,0.01044,-0.00094,33.24,34.59,0.0734,0.069
20:08:32.956,1790255312.9565,208,1.651,1.307,0.929,0.405,-0.00402,0.01302,0.98756,0.00025,0.00159,-0.00297,0.05957,-0.01028,1.00047,0.03954,0.11624,-0.00296,1.0,0.00072,-0.00167,-1e-05,0.99992,0.00701,0.01035,-0.00096,33.24,34.59,0.0707,0.0783
20:08:32.976,1790255312.9767,209,1.794,1.375,0.944,0.421,0.02477,0.00497,0.98249,0.00166,0.00194,0.00038,0.05734,0.01466,0.9881,0.06128,0.11271,2e-05,1.0,0.00095,-0.00299,-0.0,0.99992,0.00784,0.01028,-0.00095,33.24,34.59,0.0671,0.0724
20:08:32.997,1790255312.9969,210,1.83,1.601,0.958,0.441,0.00773,-0.00743,0.98066,2e-05,-0.0006,0.0007,0.07375,0.00549,0.98432,0.06073,0.12051,0.0038,0.99999,-0.00035,-0.00325,-0.0,0.99991,0.0085,0.01034,-0.0009,33.24,34.59,0.0655,0.0703
20:08:33.017,1790255313.0172,211,1.946,1.619,0.974,0.46,0.01998,0.00737,0.97226,-0.00019,-0.00185,0.00087,0.06908,0.0123,1.00188,0.06483,0.12412,0.00209,0.99999,0.00026,-0.00431,1e-05,0.9999,0.00927,0.01029,-0.00086,33.24,34.59,0.0594,0.0767
20:08:33.037,1790255313.0376,212,2.039,1.561,0.991,0.477,0.01247,0.00524,0.98807,0.00031,-0.00077,0.00362,0.07372,-0.00092,0.9928,0.07088,0.11263,-0.00136,0.99999,0.00137,-0.00525,4e-05,0.9999,0.00987,0.01016,-0.00085,33.24,34.59,0.0711,0.0766
20:08:33.058,1790255313.058,213,1.894,1.503,1.005,0.493,-0.00621,0.01821,0.99356,-0.0018,0.0001,-0.00316,0.0806,-0.00248,0.99669,0.0662,0.11747,0.00434,0.99999,0.0024,-0.00412,-0.0,0.9999,0.0104,0.01002,-0.00079,33.24,34.59,0.0753,0.08
20:08:33.078,1790255313.0785,214,1.871,1.418,1.019,0.508,0.00751,0.01309,1.00018,-0.00092,0.00082,-0.00129,0.09002,0.01798,0.98427,0.07067,0.11279,0.00315,0.99998,0.00403,-0.00398,-1e-05,0.99989,0.01129,0.00997,-0.00073,33.24,34.59,0.0798,0.0714
20:08:33.099,1790255313.0989,215,1.701,1.476,1.029,0.522,-0.00409,0.01037,0.98248,0.00328,-0.00011,0.00249,0.09343,0.00735,0.99416,0.08086,0.11651,0.00339,0.99999,0.00433,-0.00265,1e-05,0.99988,0.01209,0.00981,-0.00067,33.24,34.59,0.0669,0.0789
20:08:33.119,1790255313.1194,216,1.549,1.716,1.037,0.54,-0.00464,-0.00125,0.99588,-0.00184,-0.00091,-0.00141,0.08036,0.01749,0.99319,0.08426,0.1079,0.0001,0.99999,0.0032,-0.00154,-1e-05,0.99987,0.01305,0.00959,-0.00065,33.24,34.59,0.0769,0.0774
20:08:33.140,1790255313.1399,217,1.588,2.002,1.045,0.561,0.00454,0.00206,0.99312,0.00053,0.00075,0.00247,0.10155,0.0223,0.98993,0.08792,0.11377,0.00329,1.0,0.00175,-0.00204,2e-05,0.99986,0.0141,0.00944,-0.00058,33.24,34.59,0.0748,0.0765
20:08:33.160,1790255313.1603,218,1.651,2.243,1.054,0.586,0.01164,-0.01249,0.98651,0.00128,0.00511,0.00366,0.09308,0.00516,1.00929,0.08935,0.10971,0.0008,1.0,0.00047,-0.0026,6e-05,0.99984,0.01492,0.00942,-0.00055,33.24,34.59,0.07,0.0698
20:08:33.180,1790255313.1805,219,1.473,2.386,1.06,0.612,-0.00305,-0.00204,0.99684,0.0035,0.00153,0.00066,0.08809,0.00667,0.98717,0.08508,0.11298,0.00637,1.0,-3e-05,-0.00111,7e-05,0.99983,0.01567,0.00936,-0.00045,33.24,34.59,0.0776,0.0733
20:08:33.200,1790255313.2008,220,1.606,2.547,1.067,0.639,0.00535,-0.00174,0.99356,0.0013,0.00242,-0.00212,0.10993,-0.00196,0.98877,0.08687,0.10632,-4e-05,1.0,-0.00074,-0.00244,5e-05,0.99982,0.01636,0.0092,-0.00042,33.24,34.59,0.0752,0.0762
20:08:33.221,1790255313.2209,221,1.435,2.705,1.072,0.668,-0.01149,-0.00748,0.97532,0.00225,0.00083,0.00195,0.12301,0.01414,0.98937,0.09686,0.09747,-0.00277,1.0,-0.00115,-0.00127,7e-05,0.99981,0.01733,0.00887,-0.00041,33.24,34.59,0.0616,0.0778
20:08:33.241,1790255313.2411,222,1.347,2.927,1.076,0.698,1e-05,-0.00493,0.98696,0.00286,-0.00355,-0.00318,0.10993,0.01654,0.96634,0.08919,0.10942,0.00165,1.0,-0.00216,-0.00034,4e-05,0.99979,0.01826,0.00904,-0.00036,33.24,34.59,0.0702,0.0595
20:08:33.261,1790255313.2613,223,1.442,2.895,1.081,0.728,0.01121,0.00706,1.00329,0.00132,0.00116,0.00128,0.13251,0.00679,0.9921,0.09692,0.10768,0.00426,1.0,-0.00101,-0.0014,4e-05,0.99978,0.01913,0.0088,-0.00027,33.24,34.59,0.0775,0.0793
20:08:33.281,1790255313.2815,224,1.58,2.951,1.088,0.758,0.02355,0.00573,0.99791,-7e-05,0.00366,-0.00161,0.13678,0.02283,0.99494,0.09807,0.1029,-0.00116,1.0,-0.00045,-0.00286,2e-05,0.99976,0.02016,0.00855,-0.00024,33.24,34.59,0.0787,0.0766
20:08:33.301,1790255313.3018,225,1.682,2.986,1.096,0.787,0.01707,0.00818,0.98286,0.00273,0.00306,0.00281,0.14537,0.02467,1.00108,0.11032,0.10226,0.00204,0.99999,0.00042,-0.0039,5e-05,0.99974,0.02133,0.00841,-0.00017,33.24,34.59,0.0673,0.0711
20:08:33.322,1790255313.3222,226,1.817,3.172,1.105,0.818,0.02326,-0.00477,0.9995,-0.00201,-0.00067,-0.00234,0.13828,0.0129,0.98874,0.11207,0.09496,0.00544,0.99999,-0.00016,-0.00544,3e-05,0.99972,0.02237,0.00805,-7e-05,33.24,34.59,0.0798,0.0788
20:08:33.342,1790255313.3425,227,1.894,3.16,1.115,0.848,0.01762,0.00911,0.99117,0.00112,-0.00071,0.0017,0.13937,0.01518,0.99941,0.11774,0.09708,-0.0003,0.99998,0.00106,-0.00633,4e-05,0.99969,0.02349,0.00783,-2e-05,33.24,34.59,0.0735,0.0731
20:08:33.363,1790255313.363,228,1.806,3.111,1.124,0.877,0.009,0.01565,1.0008,-0.00096,0.00034,-0.00126,0.16819,0.01697,0.99335,0.11568,0.0889,0.00227,0.99998,0.00263,-0.0059,3e-05,0.99967,0.02463,0.00749,6e-05,33.24,34.59,0.0793,0.0743
20:08:33.383,1790255313.3834,229,1.753,3.412,1.132,0.908,0.01114,-0.00777,0.98932,-0.00064,0.00057,-0.00122,0.14683,0.02633,0.9882,0.11586,0.09319,0.00096,0.99998,0.00116,-0.00584,3e-05,0.99964,0.02579,0.00709,0.00013,33.25,34.59,0.0721,0.0795
20:08:33.404,1790255313.4039,230,1.539,3.576,1.137,0.941,0.00689,0.00132,0.98952,0.00038,0.00091,-0.00056,0.15167,0.01913,0.98894,0.12157,0.09079,-0.00417,0.99999,0.00086,-0.00439,3e-05,0.99962,0.02692,0.00668,0.00015,33.25,34.59,0.0722,0.0795
20:08:33.424,1790255313.4243,231,1.669,3.708,1.143,0.975,0.03009,0.00027,0.99238,-0.00283,0.00353,-0.00027,0.15862,0.01005,0.996,0.11667,0.08433,0.00221,0.99998,0.00072,-0.00587,3e-05,0.99959,0.02794,0.00634,0.00023,33.25,34.59,0.0746,0.0735
20:08:33.444,1790255313.4448,232,1.528,3.742,1.148,1.008,-0.01001,0.01452,0.9739,-0.00068,-0.00102,-0.0028,0.16685,-0.00081,0.97577,0.11462,0.0954,-0.00166,0.99999,0.00136,-0.00483,0.0,0.99956,0.02887,0.00615,0.00028,33.25,34.59,0.0605,0.0724
20:08:33.465,1790255313.4653,233,1.679,3.867,1.154,1.042,0.01624,0.00316,0.98872,-0.00242,0.00118,0.00014,0.18624,0.00286,1.00383,0.12772,0.08506,-0.00454,0.99998,0.00144,-0.00629,0.0,0.99953,0.03003,0.00601,0.00029,33.25,34.59,0.0716,0.0643
20:08:33.486,1790255313.486,234,1.729,3.901,1.161,1.076,0.0185,0.00852,0.97594,0.00102,0.00146,-0.00108,0.16374,0.01832,0.98557,0.12938,0.08023,0.00024,0.99997,0.0023,-0.00723,-0.0,0.9995,0.03119,0.0055,0.00037,33.25,34.59,0.0621,0.0794
20:08:33.506,1790255313.5063,235,1.516,4.047,1.165,1.111,-0.01329,-0.0022,0.98659,0.00058,0.00037,0.00071,0.17609,-0.00478,0.98833,0.12513,0.07316,-0.00474,0.99998,0.00197,-0.00585,-0.0,0.99947,0.03213,0.00502,0.00039,33.25,34.59,0.07,0.0771
20:08:33.526,1790255313.5267,236,1.494,3.992,1.169,1.144,0.01425,0.01672,0.99253,-0.00047,-0.00128,0.00028,0.18672,-0.00331,0.97848,0.12884,0.07235,0.00195,0.99998,0.00345,-0.00616,-1e-05,0.99944,0.03314,0.00452,0.00048,33.25,34.59,0.0746,0.0771
20:08:33.547,1790255313.547,237,1.421,4.299,1.172,1.18,0.01143,-0.00115,0.99819,-0.00066,0.00123,-0.00056,0.16823,0.00484,0.9941,0.13596,0.06919,-0.0021,0.99998,0.00187,-0.00599,-0.0,0.99941,0.03422,0.00406,0.00053,33.25,34.59,0.0787,0.0738
20:08:33.567,1790255313.5671,238,1.435,4.583,1.175,1.218,0.01922,-0.01056,0.98309,-0.00305,0.00254,-0.00094,0.19586,0.01608,0.96672,0.13786,0.06314,-0.00827,0.99998,0.00063,-0.00659,-0.0,0.99936,0.03547,0.00359,0.00052,33.25,34.59,0.0675,0.0699
20:08:33.587,1790255313.5873,239,1.266,4.811,1.176,1.258,0.00607,-0.00541,0.97131,0.00229,0.00307,-0.00201,0.18982,0.02325,0.98677,0.13258,0.06382,-0.00365,0.99998,-0.00018,-0.00572,-2e-05,0.99932,0.03665,0.00299,0.00057,33.25,34.59,0.0585,0.0762
20:08:33.607,1790255313.6075,240,1.093,5.073,1.175,1.3,0.00042,-0.0161,1.00966,-0.00048,0.00486,0.0007,0.20862,0.01491,0.97056,0.12519,0.05911,-0.0049,0.99999,-0.00139,-0.00482,-0.0,0.99929,0.03772,0.00238,0.0006,33.25,34.59,0.0727,0.0746
20:08:33.627,1790255313.6278,241,0.85,5.283,1.171,1.343,-0.00505,-0.00827,0.99284,-0.00144,0.00153,-0.00242,0.21186,0.02224,0.97474,0.14467,0.05939,0.00058,0.99999,-0.00194,-0.0034,-2e-05,0.99924,0.03902,0.00169,0.00069,33.25,34.59,0.0747,0.0783
20:08:33.648,1790255313.6483,242,0.612,5.526,1.165,1.388,-0.00196,-0.0095,1.0044,0.00041,-0.00071,-0.00013,0.22363,0.01764,0.97551,0.14398,0.05647,5e-05,0.99999,-0.00278,-0.00207,-2e-05,0.99919,0.04029,0.00095,0.00079,33.25,34.59,0.0767,0.0793
20:08:33.669,1790255313.6688,243,0.356,5.763,1.157,1.435,-0.00132,-0.00879,0.99762,0.00156,0.00107,0.00156,0.21522,0.02331,0.97781,0.14357,0.04534,-0.00161,0.99999,-0.00359,-0.00068,0.0,0.99914,0.04155,0.00011,0.00087,33.25,34.59,0.0782,0.0789
20:08:33.689,1790255313.6891,244,0.457,5.883,1.149,1.481,0.03835,-0.00106,1.00481,0.00054,0.0013,0.00071,0.22355,0.0237,0.96457,0.14439,0.05422,0.00135,0.99999,-0.00334,-0.0022,-0.0,0.99908,0.04285,-0.00052,0.00097,33.25,34.59,0.0758,0.0728
20:08:33.709,1790255313.7093,245,0.51,6.102,1.143,1.529,0.00781,-0.00892,1.01388,-0.00159,0.00051,0.00028,0.23236,0.00719,0.97819,0.14234,0.04848,-0.00126,0.99999,-0.00409,-0.00338,-0.0,0.99903,0.044,-0.00123,0.00106,33.25,34.59,0.0695,0.0759
20:08:33.729,1790255313.7297,246,0.285,6.186,1.134,1.578,-0.01198,-0.00041,0.98536,0.00204,0.00077,0.00139,0.2275,0.01904,0.99604,0.14506,0.03372,0.00352,0.99999,-0.00354,-0.00207,1e-05,0.99897,0.04529,-0.00187,0.00118,33.25,34.59,0.0691,0.0636
20:08:33.750,1790255313.75,247,0.311,6.195,1.125,1.625,0.01215,0.00078,0.99063,-0.00186,-0.00137,0.00021,0.22502,-0.0037,0.97071,0.14605,0.03413,0.00386,0.99999,-0.00253,-0.00315,1e-05,0.99892,0.04637,-0.00273,0.00132,33.25,34.59,0.073,0.0773
20:08:33.770,1790255313.7703,248,0.156,6.169,1.116,1.671,0.00089,0.0107,0.98474,0.00165,0.00083,0.0019,0.24459,-0.00159,0.97521,0.14439,0.02857,0.00602,1.0,-0.0012,-0.0027,3e-05,0.99886,0.04748,-0.00362,0.00149,33.25,34.59,0.0686,0.0759
20:08:33.791,1790255313.7909,249,0.013,6.487,1.104,1.719,0.00309,-0.01454,0.98859,-0.00082,0.00073,0.00235,0.23162,0.02858,0.96761,0.15157,0.0278,-0.00022,0.99999,-0.00265,-0.00243,5e-05,0.9988,0.04881,-0.00459,0.00159,33.25,34.59,0.0715,0.0765
20:08:33.811,1790255313.8114,250,0.066,6.716,1.094,1.768,0.02285,-0.01375,1.00189,-0.00041,-0.0025,-0.00275,0.25613,0.01453,0.97159,0.15457,0.02266,0.00368,0.99999,-0.00334,-0.00391,2e-05,0.99873,0.0501,-0.00559,0.00174,33.25,34.59,0.0783,0.0763
20:08:33.831,1790255313.8315,251,0.073,6.735,1.084,1.817,0.0221,0.00835,0.98654,0.00123,-0.00156,-0.00045,0.24308,0.00909,0.97813,0.1521,0.01959,-0.00292,0.99999,-0.00231,-0.00491,1e-05,0.99866,0.05129,-0.00653,0.00182,33.25,34.59,0.0701,0.0741
20:08:33.852,1790255313.8518,252,0.099,6.77,1.075,1.865,0.01873,0.00137,0.99613,-0.00089,-0.00035,0.00067,0.24895,0.01888,0.97295,0.14562,0.01353,-0.00086,0.99998,-0.00144,-0.00621,0.0,0.99859,0.05246,-0.0076,0.00192,33.25,34.59,0.0772,0.0766
20:08:33.872,1790255313.8721,253,-0.069,6.753,1.064,1.912,0.00691,0.0141,0.98812,0.00059,-0.00246,0.00079,0.24717,0.01199,0.95972,0.15509,0.00761,-0.00123,0.99998,-6e-05,-0.0058,0.0,0.99852,0.0537,-0.00866,0.00202,33.25,34.59,0.0712,0.0733
20:08:33.892,1790255313.8923,254,-0.308,7.023,1.051,1.961,0.00383,-0.01034,0.99569,0.00257,0.0004,-0.00204,0.23703,0.0224,0.96899,0.14755,0.00986,-0.00069,0.99999,-0.00128,-0.00486,-1e-05,0.99845,0.05484,-0.00979,0.00214,33.25,34.59,0.0768,0.0784
20:08:33.913,1790255313.9129,255,-0.605,7.156,1.035,2.01,0.00208,-0.00258,0.98108,0.00178,0.00185,-0.00111,0.24971,0.02536,0.96853,0.14762,0.00652,-0.00285,0.99999,-0.00128,-0.00349,-2e-05,0.99837,0.05601,-0.01101,0.00224,33.25,34.59,0.0658,0.0796
20:08:33.933,1790255313.9333,256,-0.601,7.412,1.02,2.06,0.01732,-0.01278,0.97944,-0.00078,0.00111,-0.00151,0.26394,0.01974,0.93396,0.14523,-0.00404,-0.00631,0.99999,-0.00221,-0.00442,-3e-05,0.99828,0.05729,-0.0119,0.00227,33.25,34.59,0.0648,0.0581
20:08:33.953,1790255313.9537,257,-0.787,7.406,1.003,2.11,0.00497,0.00275,0.97759,0.00269,-0.00243,-0.00058,0.26837,-0.00018,0.97543,0.14998,0.00154,0.00012,0.99999,-0.00104,-0.00386,-4e-05,0.99821,0.05842,-0.01295,0.0024,33.25,34.59,0.0632,0.0712
20:08:33.974,1790255313.9739,258,-1.116,7.471,0.983,2.159,-0.00411,0.00269,0.99802,0.00253,0.00193,0.00159,0.27466,0.02566,0.95698,0.14882,-0.01688,0.00312,1.0,-0.00043,-0.00237,-3e-05,0.99812,0.0596,-0.01434,0.00255,33.25,34.59,0.0785,0.077
20:08:33.994,1790255313.9943,259,-1.166,7.76,0.964,2.21,0.00945,-0.00851,0.99577,-0.00011,-9e-05,0.00167,0.28403,0.03362,0.95094,0.14172,-0.00493,-0.00059,0.99999,-0.00176,-0.00319,-2e-05,0.99803,0.06079,-0.01558,0.00268,33.25,34.59,0.0769,0.0748
20:08:34.014,1790255314.0144,260,-1.333,7.745,0.943,2.26,0.00529,0.01132,0.98206,-0.0025,-0.00014,0.00345,0.28678,0.02877,0.96037,0.14842,-0.01406,-0.0009,1.0,-0.00045,-0.00311,1e-05,0.99793,0.06197,-0.01695,0.0028,33.25,34.59,0.0666,0.078
20:08:34.035,1790255314.0349,261,-1.466,7.698,0.922,2.308,0.01014,0.01807,0.98213,-0.001,0.00166,-0.00052,0.26881,0.00512,0.96295,0.14097,-0.02181,0.00287,0.99999,0.00089,-0.00339,0.0,0.99785,0.06289,-0.01839,0.00297,33.25,34.59,0.0668,0.0798
20:08:34.055,1790255314.0551,262,-1.715,7.693,0.898,2.356,-0.00148,0.01223,0.99223,0.0004,0.00089,-0.00032,0.29066,-0.00142,0.94085,0.15216,-0.02504,0.001,0.99999,0.00207,-0.00247,-0.0,0.99775,0.06404,-0.01964,0.0031,33.25,34.59,0.0742,0.0685
20:08:34.075,1790255314.0754,263,-1.717,7.896,0.875,2.404,0.03525,-0.01223,0.99552,0.00087,0.00062,0.00061,0.28992,0.00797,0.95538,0.14573,-0.0183,-0.00229,0.99999,0.00133,-0.00385,0.0,0.99766,0.06505,-0.02102,0.00323,33.25,34.59,0.0772,0.0788
20:08:34.095,1790255314.0957,264,-2.019,7.919,0.85,2.452,-0.00229,0.00977,0.98884,-0.00309,0.00201,-0.00277,0.2822,0.00799,0.9634,0.14984,-0.02962,-0.00208,0.99999,0.00214,-0.00265,-3e-05,0.99756,0.06608,-0.02246,0.00335,33.25,34.59,0.0717,0.0771
20:08:34.116,1790255314.116,265,-2.077,8.149,0.825,2.501,0.02504,-0.01111,0.98462,-0.00252,-0.00206,0.00159,0.2905,0.02171,0.9566,0.15249,-0.03793,-0.0028,0.99999,0.00126,-0.00378,-1e-05,0.99744,0.06719,-0.02408,0.00347,33.25,34.59,0.0688,0.08
20:08:34.136,1790255314.1365,266,-2.206,8.404,0.799,2.552,0.01157,-0.01482,0.96764,0.00252,0.00087,0.0004,0.30607,0.0193,0.97153,0.14374,-0.04042,-0.00109,0.99999,0.00017,-0.00405,-0.0,0.99733,0.06832,-0.02547,0.00359,33.25,34.59,0.0559,0.0659
20:08:34.156,1790255314.1567,267,-2.535,8.557,0.771,2.603,-0.00693,-0.00304,0.98646,0.00237,0.00289,-0.00273,0.3073,0.01333,0.96058,0.1454,-0.03492,-0.00219,1.0,-0.00012,-0.00264,-3e-05,0.99722,0.06937,-0.02691,0.00371,33.25,34.59,0.0699,0.0735
20:08:34.177,1790255314.1769,268,-2.611,8.766,0.742,2.655,0.01477,-0.00719,0.97993,0.00049,0.00094,-0.00014,0.30887,0.0176,0.947,0.14679,-0.05501,0.00066,0.99999,-0.00089,-0.0037,-3e-05,0.9971,0.07041,-0.02863,0.00386,33.25,34.59,0.065,0.0772
20:08:34.197,1790255314.1975,269,-2.607,8.83,0.715,2.706,0.01391,0.001,0.98886,-0.00197,-0.00184,0.00027,0.29207,0.01714,0.93888,0.14674,-0.03407,0.00308,0.99999,-0.00034,-0.00509,-3e-05,0.99698,0.07151,-0.02997,0.00405,33.25,34.59,0.0717,0.0676
20:08:34.217,1790255314.2176,270,-2.693,9.073,0.686,2.759,0.0197,-0.01354,0.97676,-6e-05,-0.00284,-0.00117,0.31798,0.03886,0.92978,0.1361,-0.05122,-0.00085,0.99998,-0.00135,-0.00588,-3e-05,0.99685,0.07261,-0.03151,0.00417,33.25,34.59,0.0628,0.0676
20:08:34.238,1790255314.2378,271,-2.792,9.05,0.658,2.81,0.01301,0.00125,0.98218,-0.00116,-0.00173,0.00167,0.29462,0.02368,0.9357,0.14103,-0.04164,-0.00711,0.99998,-0.0001,-0.00637,-2e-05,0.99673,0.07366,-0.03286,0.00425,33.25,34.59,0.0667,0.066
20:08:34.258,1790255314.2585,272,-2.907,9.05,0.629,2.861,0.02595,0.01797,0.96453,-0.0012,-0.00368,-0.00088,0.29551,0.0142,0.95252,0.13879,-0.05357,0.00232,0.99997,0.00077,-0.00708,-4e-05,0.99661,0.07452,-0.03456,0.00444,33.25,34.59,0.0538,0.0781
20:08:34.279,1790255314.2791,273,-3.264,9.085,0.598,2.911,0.00894,0.00399,1.00882,0.00172,-0.00029,0.0023,0.32337,0.0111,0.95252,0.14154,-0.05948,-0.00124,0.99998,0.00141,-0.00571,-2e-05,0.99648,0.07547,-0.0363,0.00459,33.25,34.58,0.0733,0.0755
20:08:34.300,1790255314.2998,274,-3.344,9.297,0.566,2.962,0.02662,-0.00982,0.98538,-0.00025,0.0017,-0.00018,0.32198,0.01641,0.943,0.14008,-0.06072,0.00082,0.99998,0.0005,-0.00681,-1e-05,0.99634,0.0764,-0.03809,0.00477,33.25,34.58,0.0693,0.0774
20:08:34.320,1790255314.3204,275,-3.594,9.558,0.533,3.015,0.00812,-0.01395,0.98884,0.00044,0.00272,-0.00149,0.32019,0.02419,0.96096,0.12943,-0.06099,-0.00171,0.99998,-0.00088,-0.00629,-2e-05,0.99621,0.07728,-0.03973,0.00491,33.25,34.58,0.0717,0.0701
20:08:34.340,1790255314.3408,276,-3.63,9.619,0.5,3.067,0.01995,-0.00015,0.98975,0.00338,-0.00261,0.00303,0.32965,0.01335,0.93181,0.13059,-0.07382,-0.00031,0.99997,-0.00054,-0.00777,1e-05,0.99606,0.07814,-0.04151,0.00506,33.25,34.58,0.0725,0.0714
20:08:34.361,1790255314.3612,277,-3.768,9.585,0.467,3.118,0.02458,0.01567,0.98105,-0.00061,-0.00343,0.00199,0.33703,0.02803,0.94135,0.13264,-0.06593,0.00826,0.99996,0.00062,-0.00846,2e-05,0.99592,0.079,-0.0434,0.00532,33.25,34.58,0.0661,0.0798
20:08:34.381,1790255314.3814,278,-4.158,9.641,0.431,3.168,-0.00856,0.00642,0.99543,0.00175,0.00083,-0.00232,0.34278,0.01538,0.93395,0.13049,-0.07719,-0.00498,0.99998,0.00095,-0.00694,-1e-05,0.99577,0.07982,-0.04528,0.00543,33.25,34.58,0.0766,0.0762
20:08:34.401,1790255314.4018,279,-4.213,9.778,0.395,3.219,0.02528,-0.00258,0.98454,-0.00102,-0.00374,0.00207,0.33684,0.00807,0.95171,0.11869,-0.07882,-0.0031,0.99997,0.00044,-0.00829,2e-05,0.99563,0.08048,-0.0471,0.00556,33.25,34.58,0.0687,0.0728
20:08:34.422,1790255314.4221,280,-4.417,9.699,0.359,3.268,0.01733,0.02464,0.98095,0.00271,0.00025,0.00054,0.33119,0.00336,0.9545,0.12353,-0.08366,0.00224,0.99996,0.0018,-0.00834,1e-05,0.99548,0.08115,-0.04893,0.00575,33.25,34.58,0.0661,0.0723
20:08:34.442,1790255314.4423,281,-4.518,9.877,0.322,3.318,0.02907,-0.00593,0.9743,-0.00402,0.00148,0.00113,0.34194,0.00444,0.93386,0.13375,-0.07751,0.00522,0.99996,0.00103,-0.00933,3e-05,0.99533,0.08192,-0.05077,0.00598,33.25,34.58,0.0611,0.0759
20:08:34.462,1790255314.4628,282,-4.734,10.132,0.284,3.37,0.01816,-0.00895,0.98429,-0.00166,-0.0005,0.00224,0.33574,0.03053,0.93027,0.12413,-0.07872,0.00052,0.99996,-0.00039,-0.00931,7e-05,0.99516,0.08271,-0.05262,0.00616,33.25,34.58,0.0684,0.0721
20:08:34.483,1790255314.4831,283,-4.958,10.037,0.244,3.419,0.01898,0.01059,0.99298,-0.00162,-0.0005,-0.00049,0.34933,0.00974,0.93094,0.12239,-0.09469,0.00335,0.99996,0.00111,-0.00938,5e-05,0.995,0.08337,-0.05464,0.00636,33.25,34.58,0.0749,0.0758
20:08:34.503,1790255314.5037,284,-5.187,10.291,0.204,3.47,0.0193,-0.01317,0.99842,-0.00023,0.00031,0.00224,0.34148,0.0158,0.93743,0.11633,-0.08921,0.0036,0.99996,-0.00052,-0.00944,8e-05,0.99484,0.08395,-0.05667,0.00659,33.25,34.58,0.079,0.0784
20:08:34.524,1790255314.5241,285,-5.331,10.222,0.164,3.52,0.02478,0.00903,0.97911,-0.00047,-0.00078,0.00145,0.3304,0.02033,0.95379,0.10894,-0.0942,0.00487,0.99995,0.0006,-0.01014,7e-05,0.99468,0.08445,-0.05862,0.00681,33.25,34.58,0.0646,0.0728
20:08:34.544,1790255314.5443,286,-5.704,10.258,0.121,3.569,0.00726,0.00196,0.97638,-0.0023,-0.0022,-0.00011,0.343,0.01017,0.9422,0.10171,-0.09473,0.00065,0.99996,0.00065,-0.00891,7e-05,0.99453,0.08482,-0.06063,0.00699,33.26,34.58,0.0623,0.0779
20:08:34.564,1790255314.5645,287,-5.834,10.179,0.078,3.617,0.01951,0.00353,0.98839,0.00088,0.00499,-0.00074,0.34902,0.01098,0.93978,0.10441,-0.0941,0.00222,0.99995,0.00176,-0.00979,5e-05,0.99437,0.08522,-0.06263,0.0072,33.26,34.58,0.0714,0.0781
20:08:34.585,1790255314.5849,288,-6.105,10.41,0.033,3.666,0.01602,-0.01661,1.00504,0.00218,-0.00072,0.00182,0.34893,0.01639,0.93134,0.10938,-0.10231,-0.00076,0.99995,0.00025,-0.00952,9e-05,0.99419,0.08572,-0.06472,0.00737,33.26,34.58,0.076,0.076
20:08:34.605,1790255314.6055,289,-6.465,10.558,-0.013,3.715,-0.00118,-0.01697,0.97775,0.00169,-0.00117,0.00119,0.35019,0.01245,0.9377,0.10913,-0.10336,0.00323,0.99996,-0.0006,-0.00856,0.00011,0.99401,0.08614,-0.06687,0.0076,33.26,34.58,0.0634,0.0792
20:08:34.626,1790255314.6262,290,-6.812,10.734,-0.062,3.765,0.01156,-0.00584,0.98961,0.00077,-0.0003,0.00058,0.37975,0.01515,0.95227,0.09478,-0.10402,-0.00085,0.99997,-0.00158,-0.00743,0.00012,0.99383,0.08668,-0.06876,0.00774,33.26,34.58,0.0723,0.061
20:08:34.646,1790255314.6466,291,-6.97,10.615,-0.11,3.813,0.02391,0.01426,1.00463,0.00193,0.00109,0.00057,0.37496,0.00022,0.93161,0.10093,-0.102,0.00093,0.99997,-0.00018,-0.00813,0.00011,0.99365,0.08704,-0.07083,0.00794,33.26,34.58,0.0762,0.0768
20:08:34.667,1790255314.6669,292,-7.048,10.58,-0.159,3.861,0.02394,0.00267,1.00258,0.00278,-0.00121,-0.00193,0.35754,0.0145,0.936,0.09549,-0.1087,0.0006,0.99995,0.00043,-0.00961,9e-05,0.99347,0.08732,-0.07297,0.00813,33.26,34.58,0.0778,0.0784
20:08:34.687,1790255314.6871,293,-7.436,10.612,-0.209,3.907,0.01184,0.00104,0.97951,0.0003,0.00269,0.00011,0.36721,0.01449,0.94099,0.09112,-0.10838,-0.0002,0.99997,0.00047,-0.00827,9e-05,0.99329,0.08763,-0.07501,0.00831,33.26,34.58,0.0647,0.0724
20:08:34.707,1790255314.7076,294,-7.66,10.803,-0.261,3.955,0.01994,-0.02068,0.9917,0.0008,0.00139,-0.00179,0.36744,0.00477,0.93446,0.08381,-0.11375,-0.00068,0.99996,-0.00102,-0.00851,8e-05,0.99311,0.08777,-0.07718,0.00848,33.26,34.58,0.0741,0.0769
20:08:34.728,1790255314.7278,295,-8.02,10.752,-0.314,4.002,0.01387,-6e-05,0.97945,-0.00374,0.00182,-0.00109,0.37434,0.02606,0.93612,0.08315,-0.10335,0.00238,0.99997,-0.00031,-0.00742,6e-05,0.99293,0.08803,-0.07922,0.00869,33.26,34.58,0.0647,0.0736
20:08:34.748,1790255314.748,296,-8.118,10.731,-0.367,4.047,0.04043,0.00677,0.98104,0.00152,-0.00084,0.00554,0.36569,0.00781,0.92617,0.08845,-0.1144,0.0014,0.99996,7e-05,-0.00872,0.00012,0.99273,0.08821,-0.08136,0.0089,33.26,34.58,0.0664,0.0768
20:08:34.768,1790255314.7687,297,-8.514,10.699,-0.422,4.092,0.00602,0.00446,0.99808,-0.00169,-0.00078,0.0013,0.38608,-0.00114,0.94431,0.08397,-0.11078,0.00132,0.99997,0.00062,-0.00721,0.00013,0.99255,0.08848,-0.0833,0.00909,33.26,34.58,0.0786,0.0649
20:08:34.789,1790255314.7892,298,-8.614,10.823,-0.477,4.137,0.02619,-0.00685,0.99531,0.00128,0.00344,-8e-05,0.35945,0.00723,0.91971,0.08339,-0.12263,0.00044,0.99996,-0.00026,-0.00848,0.00013,0.99235,0.08866,-0.08542,0.00927,33.26,34.58,0.0768,0.0706
20:08:34.809,1790255314.8095,299,-9.015,10.76,-0.534,4.182,0.013,0.00161,0.99644,-0.0015,-0.00186,-0.00221,0.35075,0.03166,0.92422,0.07928,-0.12092,-0.00808,0.99997,0.00048,-0.00712,0.0001,0.99215,0.08883,-0.08755,0.00936,33.26,34.58,0.0774,0.0718
20:08:34.830,1790255314.8301,300,-9.177,10.913,-0.591,4.226,0.02481,-0.01806,0.99803,-0.00057,-0.00043,-0.00195,0.36121,0.003,0.9338,0.06841,-0.1205,-0.00223,0.99997,-0.00095,-0.00792,9e-05,0.99196,0.08869,-0.08975,0.00954,33.26,34.58,0.0789,0.0791
20:08:34.850,1790255314.8504,301,-9.339,11.056,-0.649,4.271,0.02103,-0.01052,0.99273,-0.00125,0.00121,-0.00292,0.36567,0.0171,0.92704,0.06589,-0.11719,0.00747,0.99996,-0.00226,-0.0087,7e-05,0.99177,0.0886,-0.09192,0.00981,33.26,34.58,0.0748,0.0775
20:08:34.871,1790255314.8708,302,-9.737,11.111,-0.708,4.316,0.0118,-0.00645,0.98454,-0.00358,-0.00244,-0.00053,0.362,0.0175,0.92959,0.06945,-0.1193,-0.00609,0.99997,-0.00279,-0.00742,7e-05,0.99157,0.08852,-0.09409,0.00995,33.26,34.58,0.0685,0.0783
20:08:34.891,1790255314.8911,303,-9.805,11.163,-0.767,4.36,0.02818,-0.01304,0.99749,0.00174,0.00075,-0.0008,0.34899,-0.02132,0.93467,0.0615,-0.11655,-0.00248,0.99995,-0.00356,-0.00881,8e-05,0.99141,0.08817,-0.09606,0.01013,33.26,34.58,0.0785,0.0784
20:08:34.911,1790255314.9115,304,-9.908,11.01,-0.826,4.403,0.03439,0.00624,0.99839,0.00124,0.0012,-0.00062,0.3595,-0.00236,0.93814,0.05449,-0.12687,0.00437,0.99995,-0.00256,-0.01008,6e-05,0.99123,0.08784,-0.0982,0.01036,33.26,34.58,0.0792,0.0765
20:08:34.932,1790255314.9321,305,-10.339,10.971,-0.887,4.445,0.01024,-0.00333,0.99938,-0.00163,0.00045,0.00162,0.37536,0.0147,0.91371,0.05949,-0.12134,0.00283,0.99996,-0.00229,-0.00846,8e-05,0.99102,0.08777,-0.10032,0.01057,33.26,34.58,0.0796,0.0709
20:08:34.952,1790255314.9522,306,-10.654,10.823,-0.949,4.486,0.01348,-0.00025,0.98417,8e-05,0.00019,-0.00155,0.34567,0.00743,0.91841,0.05414,-0.12389,0.0016,0.99997,-0.00119,-0.00764,7e-05,0.99084,0.08758,-0.10224,0.01076,33.26,34.58,0.0682,0.066
20:08:34.973,1790255314.9729,307,-10.753,10.889,-1.011,4.526,0.02444,-0.00932,0.98574,0.0034,-0.00298,-0.0034,0.35524,-0.00749,0.92323,0.05749,-0.12405,0.00262,0.99996,-0.00201,-0.00882,4e-05,0.99065,0.0873,-0.10426,0.01098,33.26,34.58,0.0696,0.0719
20:08:34.993,1790255314.9932,308,-10.864,10.786,-1.073,4.566,0.04609,0.01188,0.97814,0.00063,-0.00025,-0.0008,0.38042,0.01407,0.91438,0.04341,-0.12041,0.0022,0.99995,-0.00138,-0.00997,4e-05,0.99045,0.08702,-0.10635,0.01118,33.26,34.58,0.0645,0.0728
20:08:35.014,1790255315.0139,309,-11.308,10.712,-1.137,4.604,0.00341,-0.00027,1.00053,0.0014,0.00262,0.00266,0.37331,0.01282,0.91897,0.03883,-0.12715,0.00235,0.99996,-0.00112,-0.00831,6e-05,0.99024,0.08663,-0.10854,0.01139,33.26,34.58,0.0796,0.074
20:08:35.034,1790255315.0345,310,-11.403,10.721,-1.201,4.642,0.03172,-0.00867,0.98016,0.00082,0.00125,-0.00287,0.37579,-0.00117,0.93275,0.04077,-0.11801,-0.00055,0.99995,-0.00164,-0.00954,4e-05,0.99006,0.08617,-0.11058,0.01158,33.26,34.58,0.0655,0.0758
20:08:35.055,1790255315.0548,311,-11.588,10.48,-1.265,4.678,0.02273,0.00718,0.99318,0.00038,-0.00089,-0.00141,0.38125,0.00737,0.92191,0.02031,-0.11951,0.00293,0.99995,-0.0002,-0.01006,2e-05,0.98987,0.08552,-0.1127,0.01179,33.26,34.58,0.0751,0.0782
20:08:35.075,1790255315.0752,312,-11.687,10.339,-1.329,4.713,0.02364,0.00198,0.98691,-0.00123,0.0045,0.00129,0.37982,0.00215,0.93284,0.03647,-0.11993,-0.00499,0.99994,0.00055,-0.01123,3e-05,0.98968,0.08505,-0.11472,0.01194,33.26,34.58,0.0704,0.0746
20:08:35.096,1790255315.0959,313,-12.086,10.327,-1.395,4.747,0.00461,-0.00593,0.98751,0.0021,-0.00084,-0.00436,0.37886,0.01459,0.92082,0.0192,-0.11833,-0.00483,0.99995,3e-05,-0.00989,-1e-05,0.98948,0.0844,-0.11684,0.01208,33.26,34.58,0.0707,0.0769
20:08:35.116,1790255315.1164,314,-12.44,10.371,-1.462,4.781,0.00048,-0.02069,0.99205,-0.00159,0.00138,-0.0004,0.36153,-0.00716,0.93153,0.02601,-0.12258,0.00178,0.99996,-0.00111,-0.00884,-1e-05,0.98931,0.08363,-0.11885,0.0123,33.26,34.58,0.0742,0.0794
20:08:35.136,1790255315.1366,315,-12.834,10.347,-1.53,4.815,0.00673,-0.00551,0.98674,-0.0002,0.00321,-0.00153,0.36666,0.02507,0.92477,0.02031,-0.11704,0.00222,0.99997,-0.00153,-0.00746,-2e-05,0.98911,0.08298,-0.12087,0.01252,33.26,34.58,0.0701,0.0763
20:08:35.157,1790255315.1569,316,-13.159,10.11,-1.6,4.846,-0.00156,0.01869,0.9892,-0.00241,0.00036,-0.00043,0.36942,-0.02072,0.92897,0.01662,-0.12143,-0.00175,0.99998,-0.00039,-0.00658,-3e-05,0.98895,0.08209,-0.12282,0.0127,33.26,34.58,0.072,0.08
20:08:35.177,1790255315.1773,317,-13.368,9.834,-1.67,4.876,0.0151,0.01662,1.00782,-0.00368,-0.0006,0.00027,0.3864,-0.02262,0.92076,0.01133,-0.11559,0.00261,0.99998,0.00107,-0.00675,-3e-05,0.98877,0.0812,-0.12478,0.01293,33.26,34.58,0.0739,0.0791
20:08:35.197,1790255315.1977,318,-13.481,9.623,-1.74,4.904,0.02257,0.01035,0.97831,0.00086,0.0017,0.00062,0.37165,-0.00288,0.92921,0.00686,-0.11623,-2e-05,0.99997,0.00193,-0.00773,-4e-05,0.9886,0.08025,-0.12674,0.01313,33.26,34.58,0.064,0.0794
20:08:35.218,1790255315.2182,319,-13.673,9.715,-1.81,4.933,0.01586,-0.00636,1.00078,0.00306,-0.00273,0.00117,0.37319,-0.00304,0.91159,0.00252,-0.10448,0.00699,0.99997,0.00034,-0.00782,-1e-05,0.98844,0.07943,-0.12846,0.01337,33.26,34.58,0.0793,0.0688
20:08:35.238,1790255315.2384,320,-13.946,9.768,-1.881,4.961,0.01298,-0.00683,1.00218,0.00411,-0.00255,0.00062,0.36449,0.00788,0.93276,0.0006,-0.10957,0.00223,0.99997,-0.00111,-0.00731,0.0,0.98828,0.07841,-0.1303,0.01359,33.26,34.58,0.0783,0.0789
20:08:35.259,1790255315.259,321,-14.297,9.7,-1.953,4.988,-0.00601,-0.00889,0.98476,-0.00107,0.00077,-0.00046,0.37786,-0.01986,0.93669,-0.00527,-0.10609,-0.00084,0.99998,-0.00155,-0.00597,1e-05,0.98813,0.07739,-0.132,0.01376,33.26,34.58,0.0686,0.0723
20:08:35.279,1790255315.2793,322,-14.486,9.404,-2.025,5.014,0.01415,0.02154,0.99426,-0.00064,-0.00181,-0.00301,0.38069,-0.00311,0.93323,-0.00526,-0.10981,7e-05,0.99998,-2e-05,-0.00613,-3e-05,0.98796,0.0764,-0.1338,0.01395,33.26,34.58,0.0759,0.0741
20:08:35.299,1790255315.2995,323,-14.672,9.468,-2.098,5.04,0.01391,-0.0153,0.99996,-0.0007,-0.0009,0.00038,0.37271,0.01148,0.93612,-0.01578,-0.10631,-0.00379,0.99998,-0.00163,-0.00631,-2e-05,0.9878,0.07531,-0.13557,0.01408,33.26,34.58,0.0799,0.0743
20:08:35.319,1790255315.3197,324,-14.939,9.194,-2.172,5.063,0.00709,0.00715,0.98966,-0.00107,0.00242,-0.00092,0.36164,0.0054,0.91943,-0.01327,-0.10223,-0.00529,0.99998,-0.00034,-0.00561,-4e-05,0.98765,0.07426,-0.13719,0.0142,33.26,34.58,0.0723,0.071
20:08:35.340,1790255315.3401,325,-15.063,9.198,-2.245,5.087,0.01481,-0.00921,0.98872,0.00131,-0.00095,-0.00087,0.36635,-0.00108,0.93202,-0.02494,-0.09655,-0.00762,0.99998,-0.00168,-0.00619,-3e-05,0.98752,0.07293,-0.13883,0.01431,33.26,34.58,0.0717,0.0789
20:08:35.360,1790255315.3606,326,-15.083,9.151,-2.317,5.11,0.01682,-0.00556,0.9965,-0.00093,-0.00514,-0.00062,0.35824,-0.00192,0.91853,-0.01828,-0.10858,-0.00213,0.99997,-0.00239,-0.00767,-4e-05,0.98737,0.0718,-0.14046,0.01445,33.26,34.58,0.0775,0.0694
20:08:35.381,1790255315.3811,327,-15.197,8.839,-2.39,5.131,0.02016,0.00473,0.98973,0.0013,-0.0001,0.00095,0.36565,0.00393,0.92842,-0.02609,-0.09942,-0.0063,0.99996,-0.00108,-0.00836,-5e-05,0.98723,0.07046,-0.14214,0.01457,33.26,34.58,0.0725,0.0784
20:08:35.401,1790255315.4015,328,-15.515,8.589,-2.463,5.15,0.00972,0.00412,0.97692,-0.00229,0.00225,-0.00147,0.38598,-0.01999,0.92376,-0.01769,-0.10906,0.00263,0.99997,-0.00022,-0.00741,-7e-05,0.98705,0.06921,-0.14393,0.01479,33.26,34.58,0.0627,0.079
20:08:35.422,1790255315.4218,329,-15.819,8.299,-2.537,5.167,0.01348,0.0011,0.9897,0.00187,0.00123,0.0008,0.39028,0.00157,0.92543,-0.03062,-0.09785,-0.00038,0.99998,0.00096,-0.0065,-7e-05,0.98688,0.06795,-0.14568,0.01496,33.26,34.58,0.0723,0.0767
20:08:35.442,1790255315.4423,330,-16.079,8.286,-2.612,5.185,0.00406,-0.01885,0.98142,-0.00192,0.00171,-0.00345,0.37802,0.00262,0.9261,-0.032,-0.09409,-0.00139,0.99998,-0.00031,-0.00596,-0.0001,0.98672,0.06656,-0.14736,0.01514,33.26,34.58,0.0662,0.0798
20:08:35.462,1790255315.4625,331,-16.291,8.291,-2.687,5.202,0.01138,-0.00417,0.99085,0.00332,0.00166,0.00187,0.38741,-0.01605,0.91558,-0.04349,-0.09735,-0.00786,0.99998,-0.00175,-0.00576,-7e-05,0.98657,0.06514,-0.14899,0.01522,33.26,34.58,0.0732,0.0757
20:08:35.483,1790255315.483,332,-16.611,8.085,-2.763,5.218,0.00288,-0.00189,0.98271,0.00293,-0.00296,4e-05,0.3738,-0.01052,0.92043,-0.0382,-0.08514,-0.00108,0.99999,-0.00147,-0.00444,-7e-05,0.98644,0.06369,-0.15045,0.01538,33.26,34.58,0.067,0.0751
20:08:35.503,1790255315.5034,333,-16.628,7.776,-2.839,5.231,0.03795,0.02243,0.99727,-0.00096,0.00323,-0.00335,0.3649,-0.01976,0.94226,-0.048,-0.09237,-0.00231,0.99998,-0.00043,-0.00562,-0.00011,0.98634,0.06212,-0.15177,0.01551,33.26,34.58,0.0787,0.072
20:08:35.523,1790255315.5238,334,-16.859,7.447,-2.914,5.243,0.00713,0.00698,0.96872,-0.00131,0.00048,0.00112,0.36815,-0.0039,0.93148,-0.05757,-0.09398,-0.0033,0.99999,0.00061,-0.00512,-0.00011,0.98621,0.0604,-0.15329,0.01564,33.26,34.58,0.0566,0.0788
20:08:35.544,1790255315.5441,335,-16.883,7.193,-2.989,5.254,0.0247,0.00744,0.97361,0.00318,0.00287,0.00143,0.35984,0.00259,0.94131,-0.05109,-0.08531,0.00076,0.99998,0.00112,-0.00623,-0.0001,0.9861,0.05877,-0.15459,0.01581,33.26,34.58,0.0605,0.0742
20:08:35.565,1790255315.5649,336,-16.964,7.168,-3.064,5.264,0.01615,-0.00549,0.99016,4e-05,0.00161,-0.00238,0.37516,0.00671,0.94444,-0.06198,-0.07884,0.00161,0.99998,-0.00023,-0.00688,-0.00012,0.98598,0.05718,-0.15592,0.01595,33.26,34.58,0.0727,0.0678
20:08:35.585,1790255315.5851,337,-16.947,6.887,-3.138,5.273,0.01554,0.00068,0.9871,-0.00217,-0.00361,0.0005,0.353,-0.0094,0.9221,-0.06054,-0.0776,-0.00144,0.99997,0.00046,-0.00815,-0.00012,0.9859,0.05551,-0.15704,0.01608,33.26,34.58,0.0704,0.0706
20:08:35.605,1790255315.6056,338,-17.142,6.496,-3.212,5.279,0.01087,0.01431,0.99202,0.00433,0.00053,0.00026,0.36237,-0.00522,0.94595,-0.07,-0.07716,0.00248,0.99997,0.00192,-0.00758,-0.00013,0.98581,0.05371,-0.15818,0.01623,33.26,34.58,0.0741,0.0703
20:08:35.626,1790255315.6263,339,-17.456,6.254,-3.287,5.284,0.00423,0.00541,0.99123,-0.00215,-0.00122,-0.00132,0.36994,-0.00144,0.92741,-0.06354,-0.06372,-0.00378,0.99998,0.00212,-0.0061,-0.00014,0.98571,0.05191,-0.15943,0.01636,33.26,34.58,0.0734,0.0789
20:08:35.646,1790255315.6465,340,-17.499,6.184,-3.362,5.289,0.02018,-0.0043,0.99283,0.0005,0.00249,0.00159,0.37802,0.00075,0.93278,-0.06849,-0.07575,-0.00165,0.99997,0.00103,-0.00712,-0.00012,0.98557,0.0502,-0.16079,0.01648,33.26,34.58,0.0748,0.0751
20:08:35.666,1790255315.6668,341,-17.737,5.846,-3.436,5.292,-0.00364,0.01492,0.99559,0.0004,-0.00161,0.0011,0.35407,-0.00668,0.94552,-0.07068,-0.05947,0.00149,0.99998,0.00194,-0.00587,-0.00012,0.98553,0.04832,-0.16164,0.01665,33.26,34.58,0.0768,0.0728
20:08:35.687,1790255315.6872,342,-17.947,5.743,-3.512,5.294,0.00371,-0.00565,0.98326,-0.00181,-0.00045,0.00054,0.35689,-0.00306,0.94653,-0.0788,-0.06503,-0.00137,0.99999,0.00086,-0.005,-0.00011,0.98546,0.0464,-0.16258,0.01676,33.26,34.58,0.0675,0.0713
20:08:35.707,1790255315.7077,343,-18.061,5.325,-3.587,5.294,0.00887,0.00854,0.98451,0.00171,0.00038,0.00126,0.34538,0.00718,0.93426,-0.07872,-0.05337,0.00587,0.99999,0.00224,-0.0048,-0.00011,0.98542,0.04432,-0.1634,0.01697,33.26,34.58,0.0684,0.0771
20:08:35.728,1790255315.7283,344,-18.001,5.182,-3.66,5.294,0.02703,-0.00481,0.99462,-0.00291,-0.00161,0.00013,0.35454,-0.00687,0.94098,-0.07359,-0.05682,-0.00099,0.99998,0.00148,-0.00621,-0.00011,0.98536,0.04234,-0.16426,0.01712,33.26,34.58,0.0763,0.0758
20:08:35.749,1790255315.7488,345,-17.947,4.892,-3.733,5.292,0.03172,0.00911,0.99158,-0.00147,0.00375,-0.0015,0.36312,-0.02462,0.93396,-0.07179,-0.05856,0.00184,0.99997,0.00192,-0.00762,-0.00012,0.98528,0.04034,-0.16522,0.01731,33.26,34.58,0.0741,0.0782
20:08:35.769,1790255315.7692,346,-17.846,4.551,-3.805,5.288,0.02182,0.00809,1.00032,0.00011,-0.00164,0.00253,0.35562,-0.01022,0.95403,-0.09144,-0.03703,-0.00012,0.99996,0.0028,-0.009,-0.0001,0.98527,0.03835,-0.16574,0.01741,33.26,34.58,0.0796,0.0663
20:08:35.789,1790255315.7896,347,-17.924,4.483,-3.876,5.284,0.01902,-0.00923,1.0057,-0.00027,0.00204,0.00101,0.35082,-0.00543,0.93122,-0.08658,-0.04367,-0.00088,0.99996,0.00125,-0.00908,-8e-05,0.98522,0.03623,-0.16647,0.01754,33.27,34.58,0.0756,0.0763
20:08:35.810,1790255315.8102,348,-18.141,4.329,-3.948,5.279,0.00498,-0.00855,0.97925,0.00109,-0.00138,0.0013,0.37118,-0.02989,0.9243,-0.08945,-0.04082,0.00261,0.99997,0.00039,-0.00809,-6e-05,0.98515,0.03413,-0.16736,0.0177,33.27,34.58,0.0645,0.0774
20:08:35.831,1790255315.831,349,-18.351,4.115,-4.02,5.273,0.00291,-0.00517,0.98604,0.00171,0.00329,0.00374,0.33921,-0.01732,0.93774,-0.09221,-0.0483,0.00077,0.99998,-0.00019,-0.00674,-1e-05,0.98514,0.0318,-0.16784,0.01786,33.27,34.58,0.0695,0.078
20:08:35.851,1790255315.8513,350,-18.189,3.78,-4.091,5.266,0.02982,0.00527,0.99623,0.00111,-0.00134,0.00114,0.33211,-0.02003,0.95102,-0.10243,-0.03622,-0.00271,0.99997,0.00033,-0.00824,-1e-05,0.98519,0.02949,-0.16796,0.01794,33.27,34.58,0.0775,0.0743
20:08:35.872,1790255315.8721,351,-18.085,3.418,-4.16,5.257,0.02819,0.00663,0.99213,0.00061,-0.00026,0.00265,0.35316,-0.01577,0.94148,-0.10183,-0.02729,0.0043,0.99995,0.00103,-0.00963,2e-05,0.98517,0.02716,-0.16848,0.0181,33.27,34.58,0.0744,0.0758
20:08:35.892,1790255315.8923,352,-17.967,3.256,-4.228,5.247,0.04035,-0.01155,0.9963,-0.00018,-0.00156,0.00084,0.34749,-0.01099,0.94771,-0.10109,-0.01953,0.00275,0.99994,0.00018,-0.01095,3e-05,0.98517,0.02493,-0.16876,0.01824,33.27,34.58,0.0779,0.0729
20:08:35.913,1790255315.9128,353,-18.104,2.987,-4.296,5.236,0.0096,-0.00067,0.96832,-0.00203,-0.00057,-6e-05,0.32939,-0.01176,0.93426,-0.10457,-0.03117,-0.00169,0.99995,6e-05,-0.00981,3e-05,0.98521,0.02259,-0.16884,0.01833,33.27,34.58,0.0563,0.073
20:08:35.933,1790255315.9331,354,-18.222,2.555,-4.364,5.223,0.01523,0.0083,0.9811,0.0031,-0.0018,0.00112,0.34474,0.00273,0.93495,-0.11033,-0.01905,-0.00052,0.99996,0.00129,-0.00924,3e-05,0.98517,0.02025,-0.16936,0.01843,33.27,34.58,0.0659,0.0774
20:08:35.953,1790255315.9535,355,-18.208,2.438,-4.431,5.209,0.01823,-0.01012,0.98896,0.00059,0.00458,-5e-05,0.32869,0.00821,0.93127,-0.12154,-0.01218,-0.00014,0.99996,-0.00017,-0.00919,4e-05,0.98525,0.0178,-0.16918,0.0185,33.27,34.57,0.0719,0.0707
20:08:35.974,1790255315.9738,356,-18.336,2.263,-4.498,5.195,-0.00017,-0.01787,0.99353,-0.00249,0.0005,-0.00138,0.33666,-0.02646,0.93528,-0.11757,-0.00624,0.00352,0.99997,-0.00126,-0.00807,3e-05,0.98529,0.01529,-0.16918,0.01863,33.27,34.57,0.0753,0.0758
20:08:35.994,1790255315.9943,357,-18.472,2.021,-4.565,5.18,0.00908,-0.00522,0.9802,-0.00115,-0.00051,-0.00278,0.3356,-0.01794,0.93373,-0.11657,-0.00207,0.00525,0.99997,-0.00178,-0.00684,1e-05,0.98533,0.01281,-0.16916,0.01878,33.27,34.57,0.0652,0.0743
20:08:36.014,1790255316.0146,358,-18.315,1.561,-4.631,5.162,0.01773,0.00973,0.99345,0.00085,-0.00213,-0.00162,0.32608,-0.00721,0.9559,-0.1272,0.00166,0.0001,0.99997,-0.00031,-0.00732,-2e-05,0.98549,0.01041,-0.16836,0.01882,33.27,34.57,0.0752,0.0725
20:08:36.035,1790255316.0348,359,-18.241,1.395,-4.696,5.145,0.03117,-0.01373,0.98897,-0.00341,0.00106,-0.00326,0.34741,-0.0186,0.93528,-0.12028,0.00173,-0.00527,0.99996,-0.00125,-0.00846,-4e-05,0.98543,0.00804,-0.16885,0.01884,33.27,34.57,0.0722,0.0784
20:08:36.055,1790255316.0553,360,-18.223,1.273,-4.76,5.126,0.01202,-0.02317,1.00959,-0.00035,-0.00201,0.00378,0.32278,-0.02755,0.9381,-0.11821,-0.00306,0.00055,0.99996,-0.0027,-0.00813,1e-05,0.98553,0.00557,-0.16836,0.01892,33.27,34.57,0.0726,0.0743
20:08:36.076,1790255316.0759,361,-18.057,0.873,-4.823,5.106,0.01489,0.0057,0.97678,0.00117,0.00077,-0.00127,0.30902,-0.01385,0.94419,-0.12718,0.01145,-0.00237,0.99997,-0.00142,-0.00801,-0.0,0.98579,0.0035,-0.16689,0.01888,33.27,34.57,0.0627,0.0752
20:08:36.096,1790255316.0964,362,-17.951,0.723,-4.884,5.086,0.01782,-0.00437,1.00248,0.00071,0.00197,0.0064,0.34125,-0.01679,0.95677,-0.12734,0.0061,0.0015,0.99995,-0.00246,-0.0092,7e-05,0.98575,0.00115,-0.16715,0.01892,33.27,34.57,0.078,0.068
20:08:36.117,1790255316.117,363,-17.965,0.302,-4.946,5.063,0.00334,0.00583,0.9811,0.00023,-0.00031,0.00028,0.32142,-0.02627,0.94551,-0.13456,0.01277,0.00141,0.99997,-0.00167,-0.0081,7e-05,0.9859,-0.00154,-0.16627,0.019,33.27,34.57,0.0658,0.0792
20:08:36.137,1790255316.1375,364,-17.996,0.059,-5.006,5.04,0.01878,0.00487,0.97799,0.00011,0.00071,0.00039,0.33918,-0.00809,0.95828,-0.13142,0.02692,0.00189,0.99996,-0.00044,-0.00854,6e-05,0.98577,-0.00238,-0.16703,0.01877,33.27,34.57,0.0636,0.0676
20:08:36.158,1790255316.1582,365,-17.823,-0.37,-5.066,5.015,0.01769,0.00327,0.98863,-0.00013,0.00125,0.00217,0.32874,-0.02536,0.97398,-0.13601,0.02198,0.00293,0.99996,0.00101,-0.00881,7e-05,0.98595,-0.00455,-0.1659,0.01876,33.27,34.57,0.0716,0.0588
20:08:36.178,1790255316.1784,366,-17.822,-0.57,-5.124,4.989,-0.01685,-0.00691,0.99995,-0.00133,-0.00351,-0.00443,0.31265,-0.03184,0.95978,-0.13128,0.02314,-0.00124,0.99997,0.00059,-0.00729,2e-05,0.98619,-0.00663,-0.16441,0.01873,33.27,34.57,0.0799,0.0726
20:08:36.198,1790255316.1986,367,-17.746,-0.583,-5.182,4.964,0.00067,-0.00586,0.97724,0.00215,0.00397,-0.00183,0.31393,-0.01466,0.95716,-0.1348,0.02409,-0.0005,0.99998,2e-05,-0.00612,1e-05,0.98649,-0.00734,-0.1626,0.01847,33.27,34.57,0.0629,0.0744
20:08:36.219,1790255316.2193,368,-17.368,-0.672,-5.238,4.938,0.03464,-0.01069,0.99635,-0.00204,0.00159,0.00089,0.30601,-0.02271,0.93076,-0.13468,0.03953,0.00276,0.99997,-0.00069,-0.00755,2e-05,0.98678,-0.00892,-0.16076,0.01838,33.27,34.57,0.0778,0.065
20:08:36.239,1790255316.2396,369,-16.993,-0.699,-5.291,4.912,0.03063,-0.00022,0.99282,-0.00169,-0.00234,-0.00029,0.29728,-0.00643,0.96189,-0.12975,0.02911,0.00099,0.99996,-0.0006,-0.0091,2e-05,0.98706,-0.00919,-0.15906,0.01808,33.27,34.57,0.075,0.0749
20:08:36.260,1790255316.2598,370,-16.627,-0.768,-5.343,4.887,0.02605,-0.0066,0.97185,-0.00035,-0.0021,0.00228,0.29127,-0.02571,0.9591,-0.13949,0.04339,0.00395,0.99995,-0.00126,-0.01012,4e-05,0.98739,-0.01054,-0.15692,0.01796,33.27,34.57,0.0592,0.078
20:08:36.280,1790255316.2803,371,-16.395,-0.661,-5.392,4.862,0.01961,-0.01173,0.99871,0.00162,-0.00018,-0.00042,0.29052,-0.01963,0.95255,-0.14521,0.05082,-0.00201,0.99995,-0.00287,-0.01001,6e-05,0.98773,-0.01134,-0.15477,0.01768,33.27,34.57,0.0792,0.077
20:08:36.301,1790255316.3008,372,-16.113,-1.01,-5.44,4.835,0.02414,0.02827,0.99207,-0.00243,-0.00306,-0.00426,0.30183,-0.02858,0.95903,-0.15028,0.04338,0.00241,0.99995,-0.00138,-0.01024,0.0,0.98804,-0.01285,-0.15264,0.01754,33.27,34.57,0.0746,0.0756
20:08:36.321,1790255316.3213,373,-15.897,-0.872,-5.487,4.81,0.02263,-0.01653,1.0005,0.00096,-0.00132,-0.0029,0.29351,-0.0204,0.98004,-0.14103,0.04135,-0.00492,0.99994,-0.00298,-0.0105,-1e-05,0.9883,-0.01339,-0.15098,0.0172,33.27,34.57,0.0793,0.0626
20:08:36.342,1790255316.3418,374,-15.803,-1.053,-5.533,4.784,0.0185,0.00912,0.99895,0.00062,0.00061,-0.00041,0.28573,0.00011,0.94037,-0.1451,0.04405,-0.00136,0.99995,-0.00137,-0.01024,-3e-05,0.98846,-0.01336,-0.14997,0.01679,33.27,34.57,0.0794,0.0671
20:08:36.362,1790255316.3623,375,-15.712,-1.204,-5.578,4.757,0.00711,-0.00219,1.00618,-0.00021,-0.00263,-4e-05,0.288,-0.03081,0.95799,-0.1494,0.04867,-8e-05,0.99996,-0.00131,-0.00873,-3e-05,0.98878,-0.01459,-0.14771,0.01659,33.27,34.57,0.0753,0.0794
20:08:36.383,1790255316.3829,376,-15.341,-1.212,-5.621,4.731,0.02465,-0.00215,0.9933,-0.00078,-0.00489,-0.00049,0.28221,-0.01286,0.97188,-0.14588,0.05817,0.00213,0.99995,-0.00123,-0.01033,-4e-05,0.98903,-0.01471,-0.1461,0.01625,33.27,34.57,0.0752,0.0709
20:08:36.403,1790255316.4032,377,-15.427,-1.178,-5.664,4.705,0.00881,-0.00222,0.99484,0.00099,-0.00213,0.00156,0.28826,-0.02208,0.9549,-0.14268,0.05692,0.00242,0.99996,-0.00119,-0.00881,-2e-05,0.98915,-0.0144,-0.14533,0.01584,33.27,34.57,0.0762,0.0783
20:08:36.423,1790255316.4236,378,-15.289,-1.51,-5.706,4.678,0.01225,0.00381,0.99621,-0.0014,-0.00186,-0.0004,0.28249,-0.03603,0.97936,-0.15387,0.06478,0.00132,0.99997,-1e-05,-0.00781,-3e-05,0.98944,-0.01605,-0.14321,0.01571,33.27,34.57,0.0772,0.0651
20:08:36.444,1790255316.4439,379,-15.288,-1.344,-5.748,4.652,0.01061,-0.01954,0.99367,0.00175,-0.00128,0.00246,0.28352,-0.02052,0.94014,-0.15503,0.06505,-0.00356,0.99997,-0.00148,-0.00745,0.0,0.9895,-0.01617,-0.1428,0.01527,33.27,34.57,0.0754,0.0666
20:08:36.464,1790255316.464,380,-15.246,-1.17,-5.789,4.626,0.00994,-0.01172,0.98252,-0.00176,0.00333,-0.00024,0.27883,-0.02554,0.95339,-0.1456,0.0591,0.00024,0.99997,-0.00269,-0.00678,1e-05,0.98966,-0.01597,-0.14174,0.01488,33.27,34.57,0.067,0.0752
20:08:36.484,1790255316.4842,381,-15.273,-1.071,-5.83,4.602,0.00599,-0.00919,1.00399,-0.00124,0.00066,-0.00059,0.27415,0.00356,0.95678,-0.15815,0.07395,-0.00288,0.99998,-0.00339,-0.00539,2e-05,0.98984,-0.01586,-0.14056,0.01442,33.27,34.57,0.077,0.0765
20:08:36.504,1790255316.5044,382,-15.149,-1.116,-5.87,4.577,0.00389,-0.00755,0.98047,-0.00198,-0.00258,0.00067,0.24668,-0.02083,0.96409,-0.14122,0.07546,-0.0039,0.99999,-0.00359,-0.00411,3e-05,0.99016,-0.01647,-0.13823,0.01414,33.27,34.57,0.0654,0.0765
20:08:36.525,1790255316.5248,383,-14.782,-1.132,-5.908,4.553,0.02966,-0.00573,0.99177,0.00031,0.00167,0.00151,0.26938,-0.01776,0.98353,-0.14824,0.08612,-0.00295,0.99998,-0.00349,-0.0056,4e-05,0.9904,-0.01663,-0.13653,0.01376,33.27,34.57,0.0742,0.0651
20:08:36.545,1790255316.5451,384,-14.368,-1.141,-5.944,4.529,0.01539,-0.00848,0.98456,0.00014,0.00264,0.00178,0.24416,-0.02327,0.97579,-0.14571,0.07492,0.00176,0.99997,-0.00397,-0.00688,6e-05,0.99071,-0.0173,-0.13422,0.01353,33.27,34.57,0.0685,0.0754
20:08:36.565,1790255316.5653,385,-14.164,-1.365,-5.979,4.504,0.00972,0.00456,1.00642,0.00371,-0.00139,5e-05,0.24756,-0.02409,0.95787,-0.15544,0.08459,-0.00156,0.99998,-0.00249,-0.00642,5e-05,0.991,-0.01778,-0.13205,0.01321,33.27,34.57,0.0751,0.0722
20:08:36.585,1790255316.5858,386,-13.929,-1.207,-6.012,4.48,0.01038,-0.02222,1.00284,0.00195,-0.00146,-0.00018,0.25025,-0.02817,0.96732,-0.15113,0.08787,-0.00028,0.99997,-0.00404,-0.00621,6e-05,0.9913,-0.01806,-0.12976,0.01289,33.27,34.57,0.0776,0.0797
20:08:36.606,1790255316.606,387,-13.701,-1.426,-6.045,4.455,0.00971,-0.00139,0.99739,-0.00114,0.00136,0.00013,0.24319,-0.0304,0.96906,-0.14513,0.09477,-0.00547,0.99998,-0.00258,-0.00562,5e-05,0.99162,-0.01852,-0.12726,0.01258,33.27,34.57,0.0781,0.0797
20:08:36.626,1790255316.6261,388,-13.512,-1.66,-6.076,4.429,0.00362,0.00813,0.9993,-0.00083,-0.00163,0.00103,0.2341,-0.02874,0.97984,-0.15182,0.08686,0.00096,0.99999,-0.0012,-0.00484,6e-05,0.99191,-0.01917,-0.12489,0.01234,33.27,34.57,0.0795,0.0741
20:08:36.646,1790255316.6464,389,-13.132,-1.563,-6.105,4.404,0.02531,-0.01551,0.98583,0.00129,-0.00246,-0.00185,0.22533,-0.01261,0.97856,-0.1498,0.10004,-0.00098,0.99998,-0.00209,-0.00595,4e-05,0.99219,-0.01934,-0.12268,0.01202,33.27,34.57,0.0697,0.0768
20:08:36.666,1790255316.6666,390,-12.965,-1.684,-6.134,4.379,0.00972,0.00041,0.97993,0.00046,0.00095,0.00113,0.22703,-0.00458,0.97379,-0.14988,0.10326,-0.00165,0.99998,-0.00088,-0.00543,4e-05,0.99243,-0.01922,-0.12074,0.01165,33.27,34.57,0.065,0.0799
20:08:36.687,1790255316.6871,391,-12.742,-1.511,-6.161,4.355,0.01079,-0.00213,0.99164,0.00038,0.00076,0.00088,0.22226,-0.01538,0.96021,-0.14641,0.09415,-0.00292,0.99998,-0.00239,-0.00552,4e-05,0.99266,-0.01931,-0.11886,0.01131,33.27,34.57,0.0738,0.0693
20:08:36.707,1790255316.7073,392,-12.478,-1.618,-6.187,4.33,0.0133,-0.00084,0.9825,0.0005,0.00288,-0.00079,0.23003,-0.00016,0.98337,-0.14332,0.10269,0.00178,0.99998,-0.00124,-0.00622,3e-05,0.99285,-0.01915,-0.1173,0.011,33.27,34.57,0.0669,0.0726
20:08:36.727,1790255316.7278,393,-12.15,-1.807,-6.211,4.305,0.01482,0.0074,0.99344,-0.00169,-0.00193,-0.00047,0.20022,-0.00514,0.97576,-0.14953,0.11177,0.00203,0.99998,0.00023,-0.00662,1e-05,0.99313,-0.01937,-0.11487,0.01073,33.27,34.57,0.0752,0.0771
20:08:36.748,1790255316.7483,394,-11.863,-1.666,-6.234,4.281,0.01545,-0.00355,0.9815,0.00372,0.00131,-0.00204,0.21141,0.00787,0.96406,-0.15097,0.1153,0.0024,0.99997,-0.00089,-0.00732,0.0,0.99335,-0.01936,-0.11305,0.01042,33.27,34.57,0.0662,0.0702
20:08:36.768,1790255316.7686,395,-11.848,-1.57,-6.257,4.257,-0.00233,-0.00745,1.00489,-0.00316,0.00465,-0.00014,0.21619,-0.00208,0.97929,-0.14052,0.10419,0.00125,0.99998,-0.00141,-0.00581,0.0,0.99354,-0.01908,-0.1114,0.01011,33.27,34.57,0.0763,0.0778
20:08:36.789,1790255316.7892,396,-11.541,-1.671,-6.279,4.233,0.02128,0.00852,0.98267,0.0021,-0.0,0.00046,0.21476,-0.00509,0.98784,-0.14599,0.10958,-0.00014,0.99998,-0.00037,-0.00672,-0.0,0.99374,-0.01898,-0.10967,0.00979,33.27,34.57,0.0672,0.0718
20:08:36.809,1790255316.8096,397,-11.237,-1.783,-6.299,4.209,0.02633,0.01187,1.00382,0.00111,0.0026,-0.00282,0.21878,-0.02006,0.99052,-0.14756,0.11185,0.0001,0.99997,0.00074,-0.00781,-4e-05,0.99391,-0.0189,-0.10814,0.00947,33.27,34.57,0.0768,0.0691
20:08:36.830,1790255316.8299,398,-11.189,-1.88,-6.318,4.184,0.00083,0.01074,1.01111,0.00096,-0.00335,0.00085,0.20151,-0.0071,0.95123,-0.13897,0.10575,0.00368,0.99998,0.00151,-0.00661,-4e-05,0.99408,-0.01897,-0.10655,0.00923,33.27,34.57,0.0716,0.0593
20:08:36.850,1790255316.8505,399,-11.04,-1.679,-6.337,4.161,0.01013,-0.0083,0.98799,-0.00219,0.0023,-0.00356,0.21094,-0.0281,0.9835,-0.14357,0.11857,-0.00624,0.99998,7e-05,-0.00622,-7e-05,0.99427,-0.01874,-0.10483,0.00885,33.27,34.57,0.0711,0.0753
20:08:36.871,1790255316.8712,400,-10.845,-1.626,-6.355,4.138,0.0026,-0.01024,1.0046,0.00198,0.0004,0.00025,0.17783,-0.02603,0.96957,-0.14379,0.12371,-0.00383,0.99999,-0.00107,-0.00513,-6e-05,0.99455,-0.01946,-0.10203,0.00862,33.27,34.57,0.0765,0.0696
20:08:36.891,1790255316.8917,401,-10.705,-1.721,-6.372,4.114,0.00096,0.00373,0.97564,0.00087,-0.00045,0.00125,0.19017,-0.02012,0.99631,-0.14237,0.11499,-0.00175,0.99999,-0.00038,-0.00406,-6e-05,0.99478,-0.01962,-0.09977,0.00835,33.27,34.57,0.0617,0.0691
20:08:36.912,1790255316.912,402,-10.286,-1.734,-6.388,4.091,0.01788,0.00108,1.00782,-0.00032,0.00011,0.00012,0.18692,-0.02189,0.97917,-0.14067,0.11196,0.00281,0.99998,-0.0001,-0.00554,-6e-05,0.995,-0.01952,-0.0976,0.00812,33.27,34.57,0.074,0.0778
20:08:36.932,1790255316.9324,403,-10.115,-1.705,-6.403,4.068,0.02712,-0.00531,0.98434,0.00115,0.00173,-0.00027,0.20095,-0.03508,0.98046,-0.13692,0.11596,0.00338,0.99998,-0.00052,-0.00687,-6e-05,0.99502,-0.01974,-0.09742,0.00789,33.27,34.57,0.0685,0.0789
20:08:36.952,1790255316.9527,404,-9.708,-1.672,-6.415,4.046,0.02865,-0.0018,0.97869,-0.00266,-5e-05,-0.00517,0.17855,-0.01327,0.98713,-0.13925,0.11812,0.00295,0.99997,-0.00062,-0.00818,-0.00011,0.99524,-0.01963,-0.09519,0.00766,33.27,34.57,0.0643,0.0776
20:08:36.973,1790255316.9731,405,-9.631,-1.676,-6.428,4.024,-0.0125,0.00094,0.99177,-0.00228,-0.00424,0.00112,0.18441,-0.02636,0.99818,-0.13376,0.12032,-0.00135,0.99998,-0.00053,-0.00672,-0.0001,0.99544,-0.01959,-0.09307,0.0074,33.27,34.57,0.0739,0.0684
20:08:36.993,1790255316.9936,406,-9.523,-1.676,-6.44,4.001,-0.00286,-0.00306,0.9988,-0.0015,0.00039,-0.00019,0.16116,-0.02141,0.99689,-0.12375,0.11093,-0.00422,0.99999,-0.00073,-0.00511,-0.0001,0.99567,-0.0198,-0.09052,0.00718,33.27,34.57,0.0791,0.0725
20:08:37.014,1790255317.0141,407,-9.123,-1.532,-6.45,3.98,0.02456,-0.01661,0.99325,0.00045,0.0022,0.00186,0.14948,-0.00455,0.9862,-0.1296,0.11639,-0.00334,0.99998,-0.00184,-0.00615,-8e-05,0.9959,-0.01973,-0.08806,0.00693,33.27,34.57,0.0753,0.0781
20:08:37.034,1790255317.0347,408,-9.109,-1.469,-6.461,3.959,0.00041,-0.00589,0.99803,0.00336,0.00238,0.00229,0.16784,0.00494,0.99911,-0.12857,0.1153,1e-05,0.99999,-0.00211,-0.00454,-5e-05,0.99605,-0.01946,-0.08632,0.00669,33.27,34.57,0.0785,0.0702
20:08:37.055,1790255317.0551,409,-8.831,-1.307,-6.47,3.939,0.00977,-0.00528,0.97529,0.00256,0.00186,0.00112,0.1664,0.00545,0.99545,-0.12354,0.11867,0.00189,0.99998,-0.00307,-0.0053,-3e-05,0.99621,-0.01907,-0.08464,0.00647,33.27,34.57,0.0615,0.073
20:08:37.075,1790255317.0753,410,-8.679,-1.369,-6.478,3.918,-0.00203,-0.00398,0.98081,0.0018,-0.00173,0.00192,0.13666,-0.01645,1.01205,-0.11894,0.12864,-0.00039,0.99999,-0.00284,-0.00401,-1e-05,0.99642,-0.01939,-0.08204,0.00632,33.27,34.57,0.0656,0.064
20:08:37.095,1790255317.0955,411,-8.579,-1.374,-6.486,3.898,0.00046,-0.00463,0.98586,0.00291,0.00106,0.00215,0.14678,-0.01361,1.00161,-0.11741,0.11897,-0.00501,0.99999,-0.00263,-0.00261,1e-05,0.99661,-0.01924,-0.07977,0.00608,33.27,34.57,0.0694,0.0707
20:08:37.116,1790255317.116,412,-8.157,-1.28,-6.493,3.878,0.02293,-0.01182,0.98119,0.00168,-0.0012,0.0014,0.13888,-0.00929,0.99153,-0.1198,0.12324,-0.00773,0.99999,-0.00309,-0.00389,2e-05,0.99681,-0.01894,-0.07737,0.00581,33.27,34.57,0.0661,0.0791
20:08:37.136,1790255317.1362,413,-7.799,-1.257,-6.498,3.859,0.01239,-0.00461,0.9931,-0.00011,0.0036,0.0046,0.15145,-0.01223,0.98923,-0.11368,0.12729,-0.00102,0.99998,-0.00262,-0.00529,6e-05,0.99695,-0.01832,-0.07567,0.00558,33.27,34.57,0.0749,0.0794
20:08:37.156,1790255317.1567,414,-7.684,-1.353,-6.502,3.839,-0.0031,0.01359,0.9918,0.00105,0.00196,-0.00252,0.13669,0.00484,0.97386,-0.10977,0.12443,0.0002,0.99999,-0.00139,-0.00439,3e-05,0.9971,-0.01793,-0.07377,0.0054,33.27,34.57,0.0739,0.0676
20:08:37.177,1790255317.1774,415,-7.483,-1.5,-6.506,3.819,0.00197,0.00609,0.99567,-0.00173,0.00247,0.00031,0.12159,-0.0182,0.99216,-0.1149,0.11017,-0.00606,0.99999,-0.00014,-0.0034,3e-05,0.9973,-0.01797,-0.07105,0.00519,33.27,34.57,0.0768,0.0798
20:08:37.198,1790255317.1979,416,-7.092,-1.386,-6.508,3.8,0.00934,-0.00099,0.98524,0.0002,0.00153,-0.0029,0.13382,-0.01713,0.99339,-0.1066,0.11703,-0.00596,0.99999,-0.00051,-0.00475,1e-05,0.99745,-0.0174,-0.06898,0.00495,33.28,34.57,0.069,0.0781
20:08:37.218,1790255317.2184,417,-6.905,-1.491,-6.509,3.78,-0.00106,0.01179,0.97951,0.00052,3e-05,-0.00149,0.11523,-0.01415,0.97923,-0.10645,0.11844,-0.00351,0.99999,0.00052,-0.00391,0.0,0.99762,-0.0173,-0.06654,0.00478,33.28,34.57,0.0647,0.0696
20:08:37.239,1790255317.2389,418,-6.626,-1.572,-6.51,3.76,0.01176,0.01108,0.98342,0.00227,-0.00075,-0.00135,0.12734,-0.01131,0.99862,-0.10617,0.12107,0.00137,0.99999,0.00183,-0.00444,-2e-05,0.99776,-0.01672,-0.06465,0.00462,33.28,34.57,0.0677,0.0749
20:08:37.259,1790255317.2596,419,-6.393,-1.454,-6.509,3.741,0.0079,0.00204,0.98367,-0.00088,-0.00299,-0.00461,0.09104,-0.01191,1.00875,-0.10922,0.11433,0.00328,0.99999,0.00059,-0.00381,-6e-05,0.99792,-0.01695,-0.06197,0.00455,33.28,34.57,0.0678,0.0703
20:08:37.280,1790255317.2801,420,-5.972,-1.386,-6.508,3.722,0.03025,-0.00312,0.97516,0.00151,-5e-05,-0.00082,0.09564,-0.00202,1.00028,-0.10075,0.11195,0.00181,0.99999,0.00036,-0.00505,-6e-05,0.99808,-0.01663,-0.05954,0.00445,33.28,34.57,0.0617,0.0764
20:08:37.300,1790255317.3004,421,-5.711,-1.185,-6.505,3.704,0.00937,-0.00445,0.97872,0.00192,0.00103,-0.0024,0.09828,-0.00613,0.99427,-0.10052,0.12021,0.00248,0.99999,-0.00092,-0.00491,-8e-05,0.99823,-0.01618,-0.05711,0.00434,33.28,34.57,0.0641,0.0793
20:08:37.320,1790255317.3207,422,-5.445,-1.345,-6.501,3.685,0.00701,0.01758,0.97688,0.00254,0.00043,0.0011,0.07062,-0.00791,0.97817,-0.09629,0.10792,-0.00199,0.99999,0.00036,-0.00474,-7e-05,0.99836,-0.0163,-0.05463,0.00424,33.28,34.57,0.0628,0.0656
20:08:37.341,1790255317.3408,423,-5.24,-1.43,-6.496,3.667,0.00024,0.00904,0.97714,-0.0015,0.0026,-0.00076,0.08873,-0.02028,0.99793,-0.09165,0.11364,0.00113,0.99999,0.0012,-0.00379,-8e-05,0.99851,-0.01621,-0.0519,0.00417,33.28,34.57,0.0629,0.0784
20:08:37.361,1790255317.361,424,-5.081,-1.519,-6.491,3.648,-0.00358,0.01427,0.99303,-0.00722,-0.00205,0.0027,0.07454,-0.00574,1.01318,-0.08386,0.11125,0.00067,0.99999,0.00223,-0.00278,-6e-05,0.99864,-0.01596,-0.04952,0.00409,33.28,34.56,0.0749,0.068
20:08:37.381,1790255317.3816,425,-4.685,-1.566,-6.484,3.629,0.01715,0.01212,0.97928,0.00015,0.00218,-0.00065,0.07167,-0.00515,0.98492,-0.09004,0.10714,0.0047,0.99999,0.00296,-0.00386,-7e-05,0.99876,-0.01566,-0.04716,0.00405,33.28,34.56,0.0646,0.0707
20:08:37.402,1790255317.402,426,-4.544,-1.305,-6.477,3.611,-0.00433,-0.01936,0.99964,-0.0008,0.00233,0.00243,0.08233,-0.00678,0.99094,-0.07928,0.10515,0.00138,0.99999,0.00148,-0.00314,-4e-05,0.99886,-0.01488,-0.04519,0.00396,33.28,34.56,0.0799,0.0758
20:08:37.422,1790255317.4223,427,-4.35,-1.374,-6.47,3.593,-0.002,0.01391,0.9759,-0.00077,0.00053,0.00194,0.06249,-0.00664,0.99068,-0.07583,0.10175,-0.00235,0.99999,0.00248,-0.00239,-3e-05,0.99897,-0.01448,-0.04275,0.00387,33.28,34.56,0.062,0.0745
20:08:37.442,1790255317.4426,428,-3.939,-1.323,-6.461,3.576,0.00997,0.00598,0.99144,6e-05,0.00155,-0.00238,0.05977,0.00272,0.99382,-0.06823,0.09074,0.0006,0.99999,0.00278,-0.00384,-5e-05,0.99907,-0.01377,-0.04061,0.0038,33.28,34.56,0.0736,0.0767
20:08:37.463,1790255317.4632,429,-3.879,-1.166,-6.451,3.559,-0.00407,0.00158,0.99362,-0.00117,-0.00059,-0.00192,0.07047,-0.00694,0.99985,-0.07407,0.09649,-0.00325,0.99999,0.00227,-0.00238,-7e-05,0.99916,-0.01291,-0.03863,0.00369,33.28,34.56,0.0752,0.0782
20:08:37.483,1790255317.4834,430,-3.45,-1.102,-6.441,3.542,0.01547,0.00671,0.98802,-0.00503,-0.00087,0.00032,0.05663,0.00253,0.99905,-0.07099,0.11295,0.0047,0.99999,0.00251,-0.0038,-6e-05,0.99926,-0.01214,-0.0363,0.00366,33.28,34.56,0.0711,0.0795
20:08:37.504,1790255317.5038,431,-3.104,-1.209,-6.429,3.525,0.01269,0.01574,0.97217,-0.00084,0.00053,0.00039,0.05722,-0.01758,0.97936,-0.06076,0.09921,-0.00318,0.99998,0.00359,-0.00433,-7e-05,0.99935,-0.01201,-0.03382,0.00359,33.28,34.56,0.0593,0.0659
20:08:37.524,1790255317.5244,432,-2.869,-0.986,-6.416,3.509,0.00552,-0.01194,0.98847,0.0008,0.00257,0.00248,0.06351,-0.02096,0.99093,-0.06992,0.08872,-0.00498,0.99999,0.00215,-0.00407,-4e-05,0.99943,-0.01152,-0.0315,0.00349,33.28,34.56,0.0714,0.0749
20:08:37.544,1790255317.5446,433,-2.724,-0.974,-6.403,3.493,0.00257,0.00604,0.98422,-0.00229,-0.00165,-0.00045,0.04635,-0.01088,1.00474,-0.0573,0.10577,-0.00664,0.99999,0.00256,-0.00278,-4e-05,0.99951,-0.01101,-0.02895,0.00339,33.28,34.56,0.0682,0.0756
20:08:37.564,1790255317.5648,434,-2.525,-0.67,-6.39,3.479,0.0033,-0.01287,1.00059,-0.0018,-0.00222,-0.00144,0.04337,0.00392,1.00348,-0.04945,0.09197,0.00307,1.0,0.00095,-0.00261,-6e-05,0.99958,-0.00997,-0.02701,0.00337,33.28,34.56,0.0795,0.0767
20:08:37.585,1790255317.5851,435,-2.372,-0.749,-6.376,3.464,-0.00688,0.00551,1.00814,-0.00068,-0.00022,0.00022,0.02754,-0.01678,0.99924,-0.06341,0.08957,0.0032,1.0,0.00137,-0.00117,-6e-05,0.99965,-0.01023,-0.02425,0.00339,33.28,34.56,0.0739,0.0798
20:08:37.605,1790255317.6055,436,-2.251,-0.824,-6.361,3.449,-0.01077,0.01083,0.99393,0.00234,-0.00139,0.00021,0.02082,-0.00984,0.97631,-0.04564,0.08881,0.00677,1.0,0.0022,0.00012,-6e-05,0.9997,-0.01005,-0.02191,0.00345,33.28,34.56,0.0755,0.0624
20:08:37.626,1790255317.6259,437,-2.127,-0.589,-6.347,3.435,-0.00227,0.00055,0.99332,0.00191,0.00145,0.0013,0.02657,0.00762,1.02952,-0.04601,0.09069,0.00065,1.0,0.00087,0.00085,-5e-05,0.99975,-0.00934,-0.02008,0.00342,33.28,34.56,0.075,0.0576
20:08:37.646,1790255317.6461,438,-1.708,-0.442,-6.331,3.422,0.01122,-0.00062,0.99358,0.00062,-0.00116,-0.00572,0.01505,0.00895,0.99776,-0.03593,0.08352,0.00187,1.0,0.0006,-0.00065,-0.0001,0.9998,-0.00834,-0.01793,0.00342,33.28,34.56,0.0752,0.0784
20:08:37.666,1790255317.6662,439,-1.244,-0.426,-6.313,3.408,0.03465,0.00861,0.99931,0.00108,0.00417,-0.0017,-0.00313,0.00256,1.00173,-0.04111,0.08458,-0.00243,1.0,0.00096,-0.00219,-0.00012,0.99984,-0.00787,-0.01541,0.00338,33.28,34.56,0.08,0.0787
20:08:37.686,1790255317.6867,440,-1.105,-0.287,-6.295,3.396,-0.00164,-0.00396,0.99291,0.00278,0.00115,0.00063,-0.01561,-0.0065,1.02098,-0.02804,0.07577,-0.0035,1.0,-9e-05,-0.00108,-0.00011,0.99988,-0.0077,-0.01309,0.00334,33.28,34.56,0.0747,0.0642
20:08:37.707,1790255317.7072,441,-1.002,-0.243,-6.277,3.383,-0.01398,0.00406,1.00906,-0.0023,0.00135,-0.00188,-0.00498,0.00224,1.00012,-0.02486,0.06629,0.00362,1.0,0.00026,0.00038,-0.00013,0.99991,-0.00696,-0.01073,0.00338,33.28,34.56,0.0731,0.0799
20:08:37.728,1790255317.7278,442,-0.772,-0.302,-6.258,3.371,-8e-05,0.0142,0.98919,0.00042,-8e-05,-0.00241,-0.00963,0.01806,0.98848,-0.02834,0.06209,0.00424,1.0,0.00175,0.0003,-0.00016,0.99994,-0.006,-0.0088,0.00341,33.28,34.56,0.072,0.0715
20:08:37.748,1790255317.7484,443,-0.478,-0.101,-6.239,3.359,0.00158,-0.00883,0.9889,0.00083,0.00138,0.00203,-0.03969,0.00138,0.9908,-0.02297,0.05883,0.00597,1.0,0.00031,6e-05,-0.00014,0.99996,-0.0057,-0.00647,0.00347,33.28,34.56,0.0717,0.0737
20:08:37.768,1790255317.7686,444,-0.082,-0.038,-6.218,3.347,0.01997,-0.01241,0.98048,0.00036,0.00094,-0.00556,-0.01615,-0.01443,1.00505,-0.02186,0.05587,0.00187,1.0,-0.00042,-0.00105,-0.00019,0.99997,-0.00589,-0.00412,0.0035,33.28,34.56,0.0656,0.076
20:08:37.789,1790255317.7892,445,0.018,0.142,-6.197,3.336,-0.0032,-0.00393,0.98941,0.00174,0.00263,-0.00143,-0.01367,0.00261,0.99673,-0.0214,0.05818,0.00884,1.0,-0.00115,0.00025,-0.0002,0.99998,-0.00504,-0.00193,0.00359,33.28,34.56,0.0721,0.0776
20:08:37.809,1790255317.8094,446,0.236,0.41,-6.175,3.327,-0.00174,-0.00857,0.98965,0.00406,-0.00097,-0.00197,-0.02325,0.0045,0.99662,0.00012,0.05357,-0.00328,1.0,-0.00255,0.00052,-0.00022,0.99999,-0.00411,0.00025,0.00356,33.28,34.56,0.0723,0.0777
20:08:37.829,1790255317.8296,447,0.444,0.215,-6.153,3.316,-0.00377,0.00291,1.00733,-0.00381,-0.00069,0.00082,-0.02366,-0.01425,0.99591,-0.01071,0.05106,-0.00792,1.0,-0.00116,0.00099,-0.00021,0.99998,-0.00443,0.00253,0.00349,33.28,34.56,0.0745,0.0772
20:08:37.850,1790255317.8499,448,0.752,0.079,-6.13,3.305,0.00145,0.00789,0.98582,-0.00422,-0.00162,-0.00113,-0.03003,-0.00975,1.01055,-0.00451,0.04969,-0.00261,1.0,0.00013,0.00053,-0.00023,0.99997,-0.00433,0.00474,0.00346,33.28,34.56,0.0694,0.0717
20:08:37.870,1790255317.8705,449,1.14,0.086,-6.105,3.295,0.02726,-0.01482,1.00575,0.00277,-0.00215,0.00336,-0.01994,-0.01507,0.99487,-0.00305,0.03989,-0.002,1.0,-0.00057,-0.00086,-0.00019,0.99996,-0.005,0.00674,0.00344,33.28,34.56,0.0753,0.0764
20:08:37.891,1790255317.8909,450,1.38,0.245,-6.081,3.285,0.00381,-0.00059,0.98858,0.00161,0.00234,-0.00099,-0.01354,0.00518,0.99177,0.00596,0.04255,-0.00189,1.0,-0.00019,-0.00225,-0.0002,0.99996,-0.00324,0.00745,0.00343,33.28,34.56,0.0714,0.0739
20:08:37.911,1790255317.9114,451,1.428,0.332,-6.056,3.275,-0.00204,0.00811,0.98026,0.00036,-0.00128,-0.00035,-0.02242,0.0125,1.00126,0.01228,0.03605,-0.00372,1.0,0.00087,-0.00144,-0.0002,0.99996,-0.00142,0.00867,0.0034,33.28,34.56,0.0652,0.0788
20:08:37.932,1790255317.9319,452,1.484,0.343,-6.031,3.265,-0.00112,-0.00194,1.00606,0.00097,0.00095,-0.00275,-0.03177,-0.02081,0.99641,0.01131,0.0386,0.00192,1.0,-0.00017,-0.0003,-0.00023,0.99994,-0.00236,0.01032,0.00341,33.28,34.56,0.0755,0.0779
20:08:37.952,1790255317.9523,453,1.715,0.119,-6.005,3.255,0.00059,0.00755,0.99768,-0.00035,-0.00422,0.00028,-0.03862,-0.01348,1.00076,0.01543,0.02482,-0.00897,1.0,0.00143,-0.00034,-0.00023,0.99992,-0.00272,0.01227,0.00331,33.28,34.56,0.0783,0.0788
20:08:37.972,1790255317.9728,454,1.77,0.241,-5.98,3.245,-0.01186,0.00327,0.99151,-0.00082,-0.00142,0.0014,-0.02918,-0.00293,0.99372,0.02259,0.03264,0.00231,1.0,0.00147,0.00115,-0.00022,0.99989,-0.0016,0.01424,0.00334,33.28,34.56,0.0737,0.0756
20:08:37.993,1790255317.9931,455,1.871,0.099,-5.954,3.235,-0.01539,0.01576,0.98166,-0.00231,-0.00057,-0.00304,-0.05729,-0.02034,0.98754,0.02332,0.03111,0.0025,0.99999,0.00239,0.0021,-0.00025,0.99986,-0.00192,0.01607,0.00335,33.28,34.56,0.0664,0.0721
20:08:38.013,1790255318.0133,456,2.14,0.373,-5.928,3.225,0.00319,-0.02004,1.00572,-0.00262,0.00104,0.00268,-0.05118,0.00271,0.99929,0.01809,0.01614,-0.00765,1.0,0.0009,0.00168,-0.00022,0.99983,-0.00104,0.018,0.00328,33.28,34.56,0.0756,0.0795
20:08:38.033,1790255318.0335,457,2.297,0.208,-5.901,3.215,-0.01252,0.02281,1.00855,-0.0023,-0.0016,-0.00011,-0.05927,-0.01063,0.99541,0.02545,0.01976,0.00182,0.99999,0.00223,0.00225,-0.00022,0.9998,-0.00114,0.01993,0.00328,33.28,34.56,0.0733,0.0779
20:08:38.054,1790255318.054,458,2.665,0.2,-5.873,3.206,0.01781,0.00855,0.98301,0.00397,0.00016,0.00215,-0.08036,-0.01181,0.99302,0.03678,0.00652,0.00735,1.0,0.00252,0.00089,-0.0002,0.99976,-0.00094,0.02179,0.00334,33.28,34.56,0.0674,0.0773
20:08:38.074,1790255318.0744,459,3.064,0.202,-5.845,3.196,0.00944,0.00461,0.9924,-0.00426,-0.00205,4e-05,-0.06435,-0.00969,0.99799,0.028,0.01608,-4e-05,1.0,0.00242,-0.00065,-0.00019,0.99971,-0.00105,0.02373,0.00331,33.28,34.56,0.0743,0.0799
20:08:38.094,1790255318.0946,460,3.097,0.232,-5.816,3.186,-0.00484,0.00395,0.98874,0.00054,0.00157,0.00027,-0.06069,-0.0068,0.98513,0.0355,0.01257,0.00225,1.0,0.00223,0.00078,-0.0002,0.99967,-0.00097,0.02544,0.00331,33.28,34.56,0.0716,0.0703
20:08:38.115,1790255318.115,461,3.181,0.467,-5.787,3.178,-0.01968,-0.01268,0.98745,0.00075,-0.00014,-0.0009,-0.07113,0.00393,0.9911,0.04497,0.00621,-0.00389,1.0,0.00123,0.00184,-0.0002,0.99962,9e-05,0.02725,0.00327,33.28,34.56,0.0708,0.0752
20:08:38.135,1790255318.1352,462,3.477,0.712,-5.757,3.17,0.00602,-0.00216,0.98202,0.00081,0.00179,0.00456,-0.07665,0.01653,1.00538,0.0465,-0.00588,0.00167,1.0,0.00066,0.00064,-0.00015,0.99958,0.00163,0.02864,0.00329,33.28,34.56,0.0665,0.0737
20:08:38.155,1790255318.1556,463,3.501,0.804,-5.728,3.162,-0.02635,-0.01375,1.0012,0.00315,0.00338,-0.00219,-0.09134,-0.01223,1.00003,0.04685,-0.00454,-0.0027,1.0,-0.00014,0.00205,-0.00018,0.99954,0.00165,0.03026,0.00322,33.28,34.56,0.0788,0.0768
20:08:38.176,1790255318.1762,464,3.491,0.87,-5.699,3.155,-0.01914,-0.01455,1.002,-0.00078,-0.00107,0.00165,-0.07583,-0.01766,0.99942,0.05574,-0.01105,0.00571,0.99999,-0.00125,0.0032,-0.00016,0.9995,0.00111,0.03134,0.00322,33.28,34.56,0.0783,0.0782
20:08:38.196,1790255318.1968,465,3.838,0.912,-5.668,3.148,-0.00285,-0.00151,0.98188,0.0021,0.00115,-0.00029,-0.09084,0.00135,0.99344,0.05839,-0.01432,0.00264,1.0,-0.00087,0.00189,-0.00017,0.99945,0.00185,0.03306,0.00322,33.28,34.56,0.0664,0.0782
20:08:38.217,1790255318.2174,466,3.856,0.738,-5.638,3.14,-0.0083,0.00353,1.00447,-0.00214,-0.00328,-0.00325,-0.07637,-0.00828,1.0033,0.06551,-0.00944,0.00292,1.0,0.00031,0.00288,-0.0002,0.99941,0.00151,0.03419,0.00318,33.28,34.56,0.0766,0.0753
20:08:38.237,1790255318.2378,467,4.143,0.891,-5.608,3.133,0.01129,-0.01564,0.9839,-0.00038,-0.00123,-0.00166,-0.08641,-0.0026,1.00035,0.06335,-0.02457,0.00228,1.0,-0.00066,0.00186,-0.00022,0.99936,0.00186,0.03569,0.00315,33.28,34.56,0.0681,0.0769
20:08:38.258,1790255318.2583,468,4.324,1.083,-5.577,3.127,-0.00218,-0.0145,0.98678,-0.00215,0.00149,-0.0012,-0.08748,-0.00439,0.99726,0.07395,-0.02477,0.00067,1.0,-0.00211,0.00172,-0.00023,0.9993,0.00207,0.03713,0.0031,33.28,34.56,0.0702,0.0792
20:08:38.278,1790255318.2787,469,4.366,0.902,-5.545,3.12,-0.00771,0.00766,0.99334,-0.00148,0.00033,0.00214,-0.08026,-0.0022,1.0136,0.07529,-0.01765,0.00131,1.0,-0.0007,0.00224,-0.00021,0.99927,0.00192,0.03801,0.00303,33.28,34.56,0.075,0.0674
20:08:38.299,1790255318.299,470,4.358,0.842,-5.515,3.113,-0.00895,0.00193,0.99291,0.00423,0.00123,-0.00222,-0.11743,-0.01535,0.97676,0.07789,-0.03495,0.00729,0.99999,0.00024,0.00347,-0.00023,0.99923,0.00234,0.03916,0.00304,33.28,34.56,0.0747,0.0679
20:08:38.319,1790255318.3195,471,4.521,1.004,-5.483,3.106,-0.00442,-0.00828,0.98703,-0.00414,0.00178,-0.00063,-0.11726,-0.02791,0.99751,0.07628,-0.0376,0.00329,0.99999,-0.00119,0.0031,-0.00024,0.99918,0.00231,0.04022,0.003,33.28,34.56,0.0703,0.0764
20:08:38.339,1790255318.3398,472,4.64,0.834,-5.452,3.099,-0.00582,0.00821,0.99034,0.00076,0.00217,-0.00233,-0.09579,-0.0096,1.00001,0.0877,-0.03713,0.00023,1.0,0.00029,0.00308,-0.00026,0.99914,0.00232,0.04122,0.00291,33.28,34.56,0.0728,0.0765
20:08:38.360,1790255318.3602,473,4.96,0.904,-5.42,3.092,0.00501,0.00131,0.98793,0.00395,0.00328,0.00304,-0.12096,-0.003,0.98984,0.0836,-0.04176,-0.00337,1.0,0.00043,0.00166,-0.00022,0.99908,0.00305,0.0426,0.00281,33.28,34.56,0.071,0.0779
20:08:38.380,1790255318.3806,474,5.252,0.904,-5.387,3.086,0.01359,0.01011,1.00122,0.00113,0.0052,-0.00123,-0.14355,-0.00892,0.97486,0.08975,-0.04259,0.00313,1.0,0.00121,0.0003,-0.00024,0.99903,0.00381,0.04378,0.00278,33.28,34.56,0.079,0.0691
20:08:38.401,1790255318.4009,475,5.379,1.177,-5.354,3.08,-0.00331,-0.02196,0.98874,0.00063,-0.00113,0.00146,-0.12769,0.00264,1.00156,0.0913,-0.04415,-0.00019,1.0,-0.00024,0.00045,-0.00022,0.99897,0.00474,0.04505,0.00271,33.28,34.56,0.0717,0.0727
20:08:38.421,1790255318.4211,476,5.362,1.148,-5.321,3.074,-0.01616,0.00984,0.99363,-0.00052,0.00153,0.00098,-0.15013,-0.01175,0.98001,0.08967,-0.05417,-0.00147,1.0,0.00062,0.00171,-0.00022,0.99892,0.00535,0.04615,0.00262,33.28,34.56,0.0754,0.0736
20:08:38.441,1790255318.4414,477,5.309,1.213,-5.289,3.068,-0.0079,0.00029,0.98578,0.00075,0.00061,-0.00068,-0.12848,-0.01545,0.98304,0.09522,-0.05453,-0.00169,1.0,0.00033,0.00309,-0.00022,0.99887,0.00564,0.04707,0.0025,33.28,34.56,0.0694,0.0736
20:08:38.461,1790255318.4616,478,5.422,1.417,-5.256,3.063,-0.00616,-0.01603,0.98868,0.00031,-0.00282,0.00386,-0.13372,-0.01486,0.99304,0.09936,-0.05908,0.00177,0.99999,-0.00112,0.00306,-0.00019,0.99882,0.00597,0.04804,0.00241,33.28,34.56,0.0716,0.0784
20:08:38.482,1790255318.4821,479,5.669,1.392,-5.223,3.058,0.00054,0.00737,0.98887,-0.00453,-0.00099,-6e-05,-0.12955,0.00538,0.99157,0.10445,-0.05404,-0.00454,1.0,4e-05,0.00222,-0.00018,0.99876,0.00691,0.04934,0.00227,33.28,34.56,0.0717,0.08
20:08:38.502,1790255318.5027,480,5.945,1.564,-5.19,3.054,0.00839,-0.00708,0.98407,0.00088,0.00076,-0.00039,-0.14727,0.00018,0.99039,0.1009,-0.0604,0.00365,1.0,-0.00065,0.001,-0.00019,0.99869,0.0077,0.05054,0.00222,33.28,34.56,0.0681,0.079
20:08:38.523,1790255318.5231,481,5.888,1.68,-5.156,3.05,-0.00433,-0.00259,1.00275,0.00236,-0.00214,-4e-05,-0.13816,-0.01235,0.99277,0.10073,-0.06423,0.00397,1.0,-0.0014,0.00236,-0.00019,0.99864,0.00797,0.05141,0.00213,33.28,34.56,0.0779,0.0782
20:08:38.543,1790255318.5437,482,6.096,1.606,-5.122,3.045,0.00797,0.00244,0.99168,0.00102,-0.00286,0.00163,-0.12502,-0.01911,0.99426,0.10588,-0.07148,0.00426,1.0,-0.00081,0.00093,-0.00017,0.99862,0.0079,0.05179,0.00203,33.28,34.56,0.0738,0.0783
20:08:38.564,1790255318.564,483,6.046,1.483,-5.089,3.041,-0.01555,0.01393,0.98336,0.00332,0.00117,-0.0049,-0.12889,-0.02039,0.99312,0.11056,-0.06882,-0.00251,1.0,0.00025,0.00185,-0.00022,0.9986,0.00791,0.05226,0.00186,33.28,34.56,0.0677,0.0788
20:08:38.584,1790255318.5845,484,6.205,1.369,-5.055,3.036,0.00871,0.01183,0.99071,-0.00262,0.00295,0.00082,-0.1309,-0.0292,0.99362,0.11498,-0.0755,-0.00083,1.0,0.00124,0.00077,-0.00021,0.99859,0.0079,0.05255,0.0017,33.28,34.56,0.0731,0.078
20:08:38.605,1790255318.6051,485,6.242,1.663,-5.022,3.031,-0.01006,-0.01134,0.99311,-0.00235,0.00018,-0.00102,-0.14648,0.00992,0.99112,0.12313,-0.06815,-0.0004,1.0,-0.0001,0.00158,-0.00022,0.99851,0.00913,0.0537,0.00159,33.28,34.55,0.0749,0.0785
20:08:38.625,1790255318.6254,486,6.375,1.876,-4.988,3.028,-0.00076,-0.0074,0.98651,-0.00095,-0.00041,-0.00092,-0.16061,-0.01973,0.98067,0.11511,-0.07637,0.00257,1.0,-0.00145,0.00114,-0.00022,0.99847,0.00962,0.05443,0.00148,33.28,34.55,0.0699,0.0755
20:08:38.646,1790255318.6459,487,6.6,1.919,-4.953,3.025,0.00458,-0.00298,0.97933,0.00024,-0.00168,-0.00026,-0.14277,-0.00861,0.99055,0.1151,-0.08577,-0.00363,1.0,-0.00148,-0.00018,-0.00022,0.99843,0.00997,0.05506,0.00129,33.28,34.55,0.0645,0.0794
20:08:38.666,1790255318.6661,488,6.469,1.957,-4.92,3.022,-0.01435,-0.00079,1.00699,-0.00027,-0.00025,0.00138,-0.14124,-0.01154,0.97018,0.12593,-0.08641,0.00025,1.0,-0.00126,0.00131,-0.00022,0.99841,0.01054,0.05541,0.00115,33.28,34.55,0.0747,0.0654
20:08:38.686,1790255318.6863,489,6.39,2.101,-4.887,3.019,-0.02388,-0.0145,1.00625,0.00184,0.00162,-0.00351,-0.16481,-0.01668,0.97943,0.1176,-0.08448,0.00083,0.99999,-0.00199,0.00265,-0.00026,0.99837,0.01108,0.05606,0.00101,33.28,34.55,0.075,0.075
20:08:38.706,1790255318.7066,490,6.367,2.022,-4.854,3.016,-0.01151,0.00798,0.99006,-0.00122,0.00062,-0.00228,-0.15648,-0.01332,1.0017,0.12955,-0.08504,0.00021,0.99999,-0.0007,0.00334,-0.00028,0.99833,0.01169,0.05653,0.00086,33.28,34.55,0.0726,0.0696
20:08:38.727,1790255318.7269,491,6.579,1.989,-4.82,3.013,0.00225,0.00234,0.99563,-0.00078,-0.00079,0.00238,-0.17274,-0.03549,0.97952,0.11721,-0.09619,-0.00294,1.0,-0.00011,0.00189,-0.00025,0.99831,0.012,0.05693,0.00067,33.28,34.55,0.0767,0.0765
20:08:38.747,1790255318.7473,492,6.711,2.228,-4.786,3.011,-0.00023,-0.01044,0.98846,0.00019,-0.00364,2e-05,-0.1669,-0.01,0.98614,0.13341,-0.09587,0.00067,1.0,-0.00149,0.00138,-0.00025,0.99826,0.01269,0.05757,0.00051,33.28,34.55,0.0714,0.0798
20:08:38.767,1790255318.7676,493,6.809,2.127,-4.753,3.008,-0.00114,0.00197,0.98113,-5e-05,0.00145,0.00035,-0.17114,-0.02373,0.98235,0.12199,-0.09954,-0.00083,1.0,-0.00022,0.00097,-0.00025,0.99823,0.01309,0.05802,0.00034,33.28,34.55,0.0659,0.0781
20:08:38.788,1790255318.7878,494,6.737,2.312,-4.719,3.006,-0.01557,-0.01077,0.99732,0.00118,0.00239,-0.00178,-0.19212,-0.01867,0.9814,0.12705,-0.09791,-0.00245,1.0,-0.00116,0.00225,-0.00027,0.99818,0.01376,0.05867,0.00015,33.28,34.55,0.0781,0.0798
20:08:38.808,1790255318.8082,495,6.634,2.439,-4.687,3.004,-0.02382,-0.00835,0.99843,-0.00207,0.00079,-0.00035,-0.16475,-0.00645,0.98467,0.13135,-0.08988,0.00408,0.99999,-0.00167,0.0038,-0.00027,0.99814,0.01438,0.05932,2e-05,33.28,34.55,0.0791,0.0788
20:08:38.828,1790255318.8287,496,6.509,2.475,-4.654,3.003,-0.01077,-0.00202,1.00547,-0.00264,-0.00281,-0.00363,-0.17168,-0.00832,0.96945,0.14399,-0.10989,0.00113,0.99999,-0.00109,0.00519,-0.00031,0.9981,0.01529,0.05961,-0.00014,33.28,34.55,0.0759,0.0684
20:08:38.849,1790255318.8492,497,6.517,2.732,-4.622,3.002,-0.01053,-0.00387,0.98835,0.00307,-0.00232,-0.00036,-0.19866,-0.01943,1.00198,0.13016,-0.10564,0.00208,0.99998,-0.0025,0.00539,-0.00032,0.99808,0.01611,0.05988,-0.00028,33.28,34.55,0.0713,0.0638
20:08:38.869,1790255318.8694,498,6.724,2.822,-4.59,3.002,0.00194,-0.00494,1.00112,-0.00037,0.00203,-0.00093,-0.17626,-0.01433,1.00234,0.14387,-0.10536,-0.00106,0.99999,-0.0025,0.0038,-0.00033,0.99805,0.01689,0.06009,-0.00047,33.28,34.55,0.0792,0.0666
20:08:38.889,1790255318.8897,499,6.571,2.896,-4.558,3.001,-0.0264,-0.00352,0.99014,0.00026,0.00195,0.00154,-0.18372,-0.02581,0.96455,0.14509,-0.10973,0.00379,0.99998,-0.00239,0.00529,-0.00031,0.99803,0.01767,0.06024,-0.00062,33.29,34.55,0.0729,0.0667
20:08:38.910,1790255318.9101,500,6.74,2.905,-4.526,3.001,-0.00782,-0.00272,0.99984,-0.00144,0.00324,-0.00017,-0.19869,-0.01906,0.9629,0.15586,-0.11788,-0.00025,0.99999,-0.00144,0.00402,-0.00031,0.998,0.01869,0.06044,-0.00081,33.29,34.55,0.0799,0.0675
20:08:38.930,1790255318.9302,501,6.609,2.995,-4.494,3.001,-0.01915,-0.00207,0.9922,0.0001,0.00034,0.00182,-0.1996,-0.01249,0.99053,0.14788,-0.11213,-0.002,0.99998,-0.00133,0.00551,-0.00031,0.99796,0.0196,0.06078,-0.00102,33.29,34.55,0.0743,0.0721
20:08:38.950,1790255318.9508,502,6.566,2.993,-4.463,3.001,-0.01911,0.00726,0.96549,-0.00137,5e-05,-0.00189,-0.18979,-0.02175,0.97903,0.16359,-0.10976,-0.0008,0.99998,-0.0005,0.00624,-0.00032,0.99792,0.02043,0.06112,-0.00124,33.29,34.55,0.0543,0.0781
20:08:38.971,1790255318.9711,503,6.749,3.052,-4.431,3.001,0.00194,0.00032,0.98553,-0.00026,0.00119,0.00052,-0.19227,-0.02728,0.9897,0.14729,-0.11155,-0.00194,0.99999,-0.00037,0.00484,-0.00032,0.9979,0.02108,0.06131,-0.00147,33.29,34.55,0.0691,0.0736
20:08:38.991,1790255318.9915,504,6.872,3.299,-4.399,3.002,-0.00363,-0.01252,0.9946,-0.00084,0.00025,0.00017,-0.20177,-0.01979,0.98477,0.14789,-0.10803,0.00284,0.99999,-0.00175,0.00414,-0.00033,0.99786,0.02184,0.06168,-0.00165,33.29,34.55,0.076,0.0759
20:08:39.011,1790255319.0117,505,7.062,3.315,-4.367,3.003,0.01616,0.00797,1.00613,-0.00154,0.00112,-0.00238,-0.19401,-0.01245,0.97785,0.15204,-0.11968,0.00465,1.0,-0.00113,0.00277,-0.00035,0.99782,0.02261,0.06197,-0.00181,33.29,34.55,0.0753,0.0777
20:08:39.032,1790255319.032,506,7.229,3.519,-4.335,3.004,-0.00342,-0.00381,0.99922,0.00074,0.00026,0.00221,-0.21308,-0.02224,0.98983,0.14583,-0.12131,0.00515,1.0,-0.00208,0.00147,-0.00033,0.99779,0.02343,0.06212,-0.00196,33.29,34.55,0.0794,0.0704
20:08:39.052,1790255319.0527,507,7.145,3.494,-4.302,3.006,-0.01162,0.00504,0.97869,0.00067,-0.00122,-0.00013,-0.20302,-0.02052,0.98829,0.14872,-0.11965,0.00088,1.0,-0.00112,0.00239,-0.00033,0.99776,0.02419,0.06229,-0.00217,33.29,34.55,0.0641,0.0731
20:08:39.073,1790255319.0733,508,7.046,3.512,-4.271,3.007,-0.02391,0.00949,0.99163,-0.00173,-0.00051,0.00126,-0.20746,-0.00219,0.97598,0.1515,-0.11812,0.0002,0.99999,-0.00035,0.00368,-0.00031,0.99771,0.02513,0.06271,-0.00239,33.29,34.55,0.074,0.0783
20:08:39.093,1790255319.0935,509,6.966,3.72,-4.24,3.009,-0.01677,-0.01078,0.98166,0.00024,0.00282,0.0018,-0.20974,-0.01508,0.98527,0.15514,-0.11814,0.00093,0.99999,-0.00132,0.00463,-0.0003,0.99767,0.02598,0.06296,-0.0026,33.29,34.55,0.0664,0.0744
20:08:39.113,1790255319.1138,510,7.187,3.821,-4.208,3.011,0.00897,-0.00312,0.99542,-0.00323,0.00025,-0.00332,-0.22682,-0.00979,0.97284,0.14019,-0.12433,0.00417,0.99999,-0.0014,0.00308,-0.00034,0.99763,0.02679,0.06332,-0.00277,33.29,34.55,0.0766,0.0792
20:08:39.134,1790255319.1344,511,7.084,4.008,-4.177,3.014,-0.01789,-0.01073,0.98074,0.0009,0.00085,-0.00296,-0.23601,-0.02505,0.98076,0.15065,-0.12222,0.00324,0.99999,-0.00215,0.00421,-0.00037,0.99759,0.02767,0.06355,-0.00296,33.29,34.55,0.0657,0.0732
20:08:39.154,1790255319.1545,512,7.259,4.085,-4.145,3.017,0.00675,-0.00354,0.97581,0.00334,-0.00257,0.00348,-0.22533,-0.02239,0.97511,0.15285,-0.12509,0.0019,0.99999,-0.00206,0.00293,-0.00033,0.99755,0.02843,0.0638,-0.00318,33.29,34.55,0.0619,0.0792
20:08:39.175,1790255319.1749,513,7.167,4.244,-4.114,3.02,-0.01356,-0.00777,0.97208,0.0005,0.00288,-0.00183,-0.22585,-0.01607,0.98707,0.15003,-0.10865,-2e-05,0.99999,-0.00258,0.00405,-0.00035,0.99751,0.02931,0.06409,-0.0034,33.29,34.55,0.0592,0.0705
20:08:39.195,1790255319.1953,514,7.0,4.357,-4.084,3.024,-0.03113,-0.01103,0.99083,-0.00034,-0.00067,0.00399,-0.22302,-0.05343,0.96562,0.15357,-0.12605,-0.0031,0.99998,-0.00296,0.00549,-0.00031,0.99749,0.02993,0.06406,-0.00368,33.29,34.55,0.0735,0.0744
20:08:39.215,1790255319.2158,515,6.924,4.539,-4.054,3.028,-0.0185,-0.01232,0.98196,0.00042,-0.00192,-0.00044,-0.22687,-0.02418,0.97324,0.15173,-0.11355,-0.00249,0.99997,-0.00383,0.00651,-0.00032,0.99744,0.03064,0.06441,-0.00394,33.29,34.55,0.0667,0.0797
20:08:39.236,1790255319.2363,516,7.131,4.642,-4.023,3.033,-0.00746,-0.00842,0.99051,0.00066,0.00032,0.00058,-0.23466,-0.02573,0.97584,0.14324,-0.11333,0.00099,0.99998,-0.00406,0.00504,-0.00032,0.9974,0.03132,0.06473,-0.00417,33.29,34.55,0.0729,0.077
20:08:39.256,1790255319.2566,517,7.013,4.652,-3.993,3.037,-0.03147,0.0046,1.00896,0.0024,-0.00256,-0.0009,-0.22987,-0.0221,0.96277,0.15808,-0.11747,0.00454,0.99997,-0.00327,0.00628,-0.00032,0.99736,0.03221,0.06494,-0.00436,33.29,34.55,0.0729,0.0726
20:08:39.277,1790255319.2771,518,7.097,4.86,-3.963,3.042,-0.00925,-0.01186,0.97934,0.00013,0.00253,0.00061,-0.21244,-0.02757,0.9654,0.14782,-0.11433,0.00111,0.99997,-0.00443,0.00566,-0.00033,0.99733,0.03286,0.06503,-0.0046,33.29,34.55,0.0646,0.0717
20:08:39.297,1790255319.2974,519,7.036,4.784,-3.933,3.047,-0.01535,-0.00149,0.99622,-0.00238,0.0002,-0.00047,-0.22686,-0.02008,0.96589,0.145,-0.11608,0.00164,0.99997,-0.00309,0.00642,-0.00032,0.99729,0.03355,0.06525,-0.00482,33.29,34.55,0.0773,0.0743
20:08:39.318,1790255319.318,520,6.936,4.988,-3.904,3.052,-0.02828,-0.02307,0.9939,-0.00017,-0.00101,-8e-05,-0.22025,-0.02252,0.98135,0.14657,-0.11503,0.0037,0.99996,-0.00425,0.00748,-0.00032,0.99726,0.03418,0.06543,-0.00503,33.29,34.55,0.0759,0.0755
20:08:39.338,1790255319.3383,521,7.056,4.976,-3.875,3.057,0.00068,0.00689,0.97163,0.00205,0.00146,-0.00209,-0.24014,-0.0241,0.9596,0.14641,-0.11743,-0.00134,0.99997,-0.00339,0.00665,-0.00034,0.99722,0.03494,0.06562,-0.00528,33.29,34.55,0.0587,0.0721
20:08:39.358,1790255319.3587,522,7.215,5.142,-3.845,3.063,-0.00564,-0.00955,0.9718,-0.00551,-0.00211,-0.00237,-0.24879,-0.00253,0.98534,0.14406,-0.11717,-0.00429,0.99998,-0.0039,0.00551,-0.00037,0.99717,0.03589,0.06585,-0.00556,33.29,34.55,0.0589,0.0678
20:08:39.379,1790255319.379,523,7.265,5.055,-3.815,3.068,-0.01093,0.01149,0.98652,-0.00141,-0.00127,-0.00349,-0.25658,-0.02961,0.96489,0.14358,-0.1076,0.00403,0.99998,-0.0025,0.0055,-0.0004,0.99711,0.03656,0.06628,-0.00576,33.29,34.55,0.07,0.0791
20:08:39.399,1790255319.3993,524,7.328,4.983,-3.786,3.073,-0.01048,-0.00257,0.9818,-0.00198,-0.00064,0.00204,-0.24406,-0.01472,0.97448,0.14239,-0.11126,-0.00114,0.99999,-0.00119,0.00531,-0.00037,0.99706,0.03725,0.06662,-0.00602,33.29,34.55,0.0664,0.0765
20:08:39.419,1790255319.4197,525,7.244,5.225,-3.756,3.079,-0.01504,-0.01061,0.99542,0.00219,0.00048,0.00222,-0.23045,-0.02022,0.95318,0.1423,-0.12201,0.00163,0.99998,-0.00254,0.00606,-0.00036,0.99703,0.03801,0.06662,-0.00625,33.29,34.55,0.0767,0.0656
20:08:39.440,1790255319.44,526,7.204,5.157,-3.727,3.084,-0.01484,0.00326,0.98212,-0.00318,-0.00045,0.00038,-0.24542,-0.03508,0.98555,0.14191,-0.11273,-0.00189,0.99998,-0.0013,0.00651,-0.00034,0.997,0.03868,0.06671,-0.00651,33.29,34.55,0.0667,0.0678
20:08:39.460,1790255319.4602,527,7.161,5.318,-3.698,3.09,-0.0213,-0.01182,0.96853,0.00488,-0.00266,-0.00135,-0.26109,-0.02285,0.96901,0.13374,-0.11098,0.00543,0.99997,-0.00209,0.00726,-0.00036,0.99695,0.03929,0.06707,-0.0067,33.29,34.55,0.0566,0.0771
20:08:39.480,1790255319.4804,528,7.252,5.595,-3.669,3.097,-0.0102,-0.01646,1.00044,-0.00367,0.00111,-0.00114,-0.27071,-0.02397,0.94477,0.14322,-0.11008,-0.00106,0.99997,-0.00364,0.00673,-0.00039,0.9969,0.04015,0.06732,-0.00695,33.29,34.55,0.0795,0.0673
20:08:39.500,1790255319.5007,529,7.141,5.783,-3.641,3.104,-0.0201,-0.01156,1.00689,0.00023,0.00282,0.00265,-0.26479,-0.02342,0.94828,0.14276,-0.10456,-0.00479,0.99996,-0.00446,0.00803,-0.00036,0.99684,0.04096,0.06762,-0.00724,33.29,34.55,0.0746,0.0686
20:08:39.521,1790255319.5211,530,7.207,6.048,-3.613,3.112,-0.01576,-0.01357,1.0023,0.00049,0.00109,0.00043,-0.27553,-0.02918,0.95617,0.14347,-0.10354,-0.00046,0.99995,-0.00606,0.00792,-0.00037,0.99678,0.04169,0.06806,-0.00751,33.29,34.55,0.0781,0.0766
20:08:39.541,1790255319.5418,531,7.074,6.058,-3.585,3.119,-0.02321,-0.00991,1.00344,0.00099,-0.0011,-0.00372,-0.24939,-0.02857,0.96341,0.14105,-0.1049,-0.00397,0.99994,-0.00558,0.00943,-0.0004,0.99673,0.04225,0.06838,-0.00782,33.29,34.55,0.0772,0.0767
20:08:39.562,1790255319.562,532,7.152,5.958,-3.557,3.127,-0.01513,-0.00099,0.98939,0.00073,-0.00029,0.00413,-0.24065,-0.03497,0.97702,0.1449,-0.10546,0.00354,0.99995,-0.0042,0.00894,-0.00035,0.9967,0.04279,0.06857,-0.00805,33.29,34.55,0.0721,0.0749
20:08:39.582,1790255319.5825,533,7.344,6.068,-3.528,3.134,-0.00369,-0.01313,0.98569,-0.00223,0.00096,0.00605,-0.26183,-0.03593,0.96993,0.13136,-0.1033,0.0038,0.99996,-0.00469,0.0076,-0.00029,0.99665,0.04327,0.06889,-0.00827,33.29,34.55,0.0693,0.076
20:08:39.603,1790255319.6028,534,7.308,6.004,-3.5,3.142,-0.02349,0.00422,0.9877,-0.00454,-0.00098,0.00079,-0.26375,-0.01659,0.97009,0.13665,-0.10106,0.00082,0.99996,-0.00352,0.00836,-0.00027,0.99659,0.0439,0.06932,-0.00852,33.29,34.55,0.071,0.0759
20:08:39.623,1790255319.623,535,7.276,5.91,-3.472,3.149,-0.02233,0.00216,0.99188,-0.00429,0.00021,0.00178,-0.24572,-0.01481,0.9683,0.12871,-0.09086,-6e-05,0.99996,-0.00229,0.00916,-0.00024,0.99654,0.04431,0.06983,-0.00878,33.29,34.55,0.0741,0.0793
20:08:39.643,1790255319.6432,536,7.492,6.057,-3.444,3.157,-0.00387,-0.01284,0.99512,-0.00191,0.00132,0.00015,-0.27244,-0.0231,0.96332,0.13013,-0.09335,-0.00148,0.99996,-0.00308,0.00783,-0.00025,0.99647,0.04482,0.07037,-0.00905,33.29,34.55,0.0764,0.079
20:08:39.663,1790255319.6635,537,7.4,6.267,-3.416,3.165,-0.02543,-0.01552,1.00053,0.00016,0.00465,0.00018,-0.25736,-0.00902,0.94353,0.12806,-0.0883,-0.00097,0.99995,-0.0042,0.00904,-0.00025,0.99641,0.04553,0.07074,-0.0093,33.29,34.55,0.0793,0.0635
20:08:39.684,1790255319.684,538,7.31,6.226,-3.388,3.172,-0.02234,-0.00533,0.9948,-0.00148,-0.00085,0.00129,-0.27035,-0.02421,0.96864,0.13017,-0.09262,-0.0031,0.99994,-0.00332,0.01031,-0.00023,0.99635,0.04605,0.07121,-0.00959,33.29,34.55,0.0763,0.0755
20:08:39.704,1790255319.7042,539,7.494,6.3,-3.36,3.18,-0.01094,-0.00814,0.98465,-0.00052,0.00256,0.00297,-0.2578,-0.03033,0.98228,0.12102,-0.09314,0.00399,0.99995,-0.00356,0.00897,-0.0002,0.99631,0.04648,0.07146,-0.0098,33.29,34.55,0.0686,0.068
20:08:39.724,1790255319.7246,540,7.44,6.348,-3.333,3.189,-0.02957,-0.00687,1.03099,0.00084,-0.00365,0.00199,-0.2846,-0.01512,0.96085,0.11888,-0.09035,-0.00311,0.99994,-0.00351,0.01008,-0.00018,0.99624,0.04695,0.07208,-0.01009,33.29,34.55,0.0564,0.0783
20:08:39.745,1790255319.7449,541,7.656,6.305,-3.305,3.197,0.00386,0.00348,0.98636,0.0005,-7e-05,0.00125,-0.26461,-0.01741,0.96575,0.10614,-0.08547,0.00362,0.99996,-0.00294,0.00878,-0.00018,0.99619,0.04718,0.07266,-0.0103,33.29,34.55,0.0698,0.0789
20:08:39.765,1790255319.7651,542,7.845,6.288,-3.276,3.204,-0.01189,-0.00408,0.97694,-0.0017,0.00528,0.00154,-0.26047,-0.04618,0.97043,0.11934,-0.07554,0.00082,0.99997,-0.00258,0.00762,-0.00016,0.99614,0.04741,0.07313,-0.01055,33.29,34.54,0.0628,0.0756
20:08:39.786,1790255319.7856,543,7.984,6.188,-3.248,3.212,-0.00622,0.00819,0.97261,0.00055,2e-05,0.00041,-0.24843,-0.02642,0.97475,0.11172,-0.06983,-0.00013,0.99997,-0.00155,0.00696,-0.00016,0.99609,0.0476,0.07368,-0.01081,33.29,34.54,0.0595,0.0753
20:08:39.806,1790255319.806,544,8.104,6.063,-3.219,3.219,-0.01187,0.00188,0.99274,-0.00436,0.00245,-0.00125,-0.26975,-0.02173,0.97505,0.10738,-0.0784,-0.00059,0.99998,-0.00019,0.00643,-0.00016,0.99603,0.0479,0.07418,-0.01105,33.29,34.54,0.0746,0.0711
20:08:39.826,1790255319.8263,545,8.291,6.181,-3.19,3.227,-0.00665,-0.00521,0.97993,-0.00186,-0.00401,-0.00371,-0.25045,-0.03615,0.96219,0.11775,-0.0679,-0.00124,0.99999,-0.00104,0.00536,-0.0002,0.99598,0.0481,0.07472,-0.01133,33.29,34.54,0.065,0.0762
20:08:39.846,1790255319.8467,546,8.487,6.082,-3.16,3.234,-0.00737,0.00231,0.98791,-0.00164,-0.00496,-0.00347,-0.26553,-0.00972,0.96161,0.11411,-0.06517,-0.00304,0.99999,0.00011,0.00445,-0.00023,0.9959,0.04843,0.07552,-0.01161,33.29,34.54,0.071,0.0782
20:08:39.867,1790255319.8673,547,8.525,6.275,-3.131,3.241,-0.01072,-0.009,0.98775,0.0004,0.00262,0.0001,-0.26329,-0.02398,0.95305,0.1063,-0.065,-0.00208,0.99999,-0.00132,0.00477,-0.00024,0.99584,0.04868,0.07614,-0.01188,33.29,34.54,0.0709,0.0718
20:08:39.887,1790255319.8877,548,8.595,6.152,-3.102,3.249,-0.0096,0.00518,0.98359,0.00041,0.00445,0.00063,-0.27221,-0.00793,0.9396,0.09228,-0.05617,0.00304,0.99999,7e-05,0.00485,-0.00023,0.99577,0.04902,0.07683,-0.01206,33.29,34.54,0.0677,0.0637
20:08:39.908,1790255319.9081,549,8.538,6.068,-3.073,3.256,-0.02084,0.00993,0.98866,0.0025,-0.00102,0.00027,-0.27215,-0.01955,0.98292,0.09706,-0.05884,-0.00146,0.99998,0.00105,0.00594,-0.00022,0.9957,0.04928,0.07742,-0.0123,33.29,34.54,0.0717,0.0649
20:08:39.928,1790255319.9285,550,8.483,6.158,-3.044,3.263,-0.02031,-0.00267,0.98861,-0.00414,-0.00081,0.001,-0.25953,-0.03071,0.95764,0.09515,-0.0483,-0.00697,0.99997,0.0003,0.00721,-0.00021,0.99564,0.0493,0.07818,-0.01261,33.29,34.54,0.0716,0.0745
20:08:39.949,1790255319.9491,551,8.582,6.309,-3.015,3.271,-0.01435,-0.00999,0.98285,0.00207,-0.00112,-0.00035,-0.2638,-0.02287,0.96761,0.08884,-0.04846,0.00158,0.99997,-0.00107,0.00722,-0.00023,0.99557,0.04925,0.07902,-0.01284,33.29,34.54,0.0673,0.0776
20:08:39.969,1790255319.9698,552,8.582,6.417,-2.986,3.278,-0.02374,-0.01507,0.98739,0.003,0.00396,0.00028,-0.26652,-0.0368,0.96519,0.07836,-0.04079,0.00292,0.99996,-0.00222,0.00812,-0.00023,0.99551,0.04904,0.07989,-0.01304,33.29,34.54,0.0708,0.0785
20:08:39.990,1790255319.99,553,8.746,6.557,-2.957,3.287,-0.01009,-0.0169,0.98378,0.00042,0.00082,-0.0009,-0.27466,-0.03675,0.9747,0.08433,-0.03587,-0.00054,0.99997,-0.00346,0.00754,-0.00024,0.99544,0.04903,0.08071,-0.01327,33.29,34.54,0.068,0.07
20:08:40.010,1790255320.0103,554,8.759,6.434,-2.928,3.294,-0.01918,-0.00112,0.97667,0.00164,0.0008,0.00205,-0.27472,-0.03458,0.95782,0.09115,-0.03987,-0.00097,0.99996,-0.00245,0.00833,-0.00021,0.99537,0.04899,0.08161,-0.01352,33.29,34.54,0.0626,0.0778
20:08:40.030,1790255320.0307,555,9.058,6.439,-2.899,3.302,-0.00368,-0.00621,0.99199,-0.004,0.0052,-0.0037,-0.28241,-0.02025,0.9612,0.07423,-0.02635,0.00098,0.99997,-0.00265,0.00688,-0.00025,0.99528,0.04887,0.08276,-0.01373,33.29,34.54,0.074,0.0785
20:08:40.051,1790255320.0512,556,9.12,6.299,-2.869,3.309,-0.02141,0.01472,0.97131,-0.00019,-0.00215,-0.00128,-0.27495,-0.01953,0.95317,0.07592,-0.03516,-0.00023,0.99997,-0.00154,0.00731,-0.00026,0.9952,0.04878,0.08373,-0.01396,33.29,34.54,0.0587,0.0742
20:08:40.071,1790255320.0717,557,9.253,6.117,-2.839,3.316,-0.01152,0.01221,0.99003,0.00014,-0.00449,0.00062,-0.29469,-0.02559,0.97714,0.06123,-0.03709,-0.00836,0.99998,-7e-05,0.00698,-0.00024,0.99513,0.04871,0.08456,-0.01424,33.29,34.54,0.0726,0.0643
20:08:40.092,1790255320.092,558,9.551,6.081,-2.809,3.323,-0.00075,-0.00068,0.99824,8e-05,-0.00368,-0.00051,-0.26248,-0.0395,0.96263,0.07394,-0.02251,0.00527,0.99999,-0.00014,0.00535,-0.00025,0.99506,0.04837,0.08552,-0.01442,33.29,34.54,0.0787,0.0789
20:08:40.112,1790255320.1125,559,9.877,6.07,-2.778,3.33,0.01085,-0.00391,0.99622,0.00129,0.00158,0.00269,-0.27819,-0.01021,0.96117,0.05744,-0.01519,0.00127,0.99999,-0.00039,0.0038,-0.00022,0.99496,0.04807,0.0868,-0.01462,33.29,34.54,0.0772,0.0795
20:08:40.132,1790255320.1328,560,10.107,5.886,-2.747,3.336,-0.00226,0.00631,0.99917,-0.00071,0.00161,0.00045,-0.28068,-0.02991,0.9451,0.05567,-0.01614,-0.00516,1.0,0.00089,0.00283,-0.00022,0.99487,0.04781,0.08785,-0.01487,33.29,34.54,0.0794,0.0698
20:08:40.153,1790255320.1533,561,10.193,5.698,-2.715,3.342,-0.00629,0.0065,0.99395,-0.00145,0.00049,8e-05,-0.28798,-0.02201,0.98019,0.06531,-0.01719,-0.00135,0.99999,0.00243,0.00305,-0.00021,0.99479,0.04775,0.08883,-0.01508,33.29,34.54,0.0755,0.0636
20:08:40.174,1790255320.1738,562,10.211,5.753,-2.684,3.348,-0.03164,-0.01917,0.98671,0.00063,-0.0012,-0.00031,-0.26798,-0.02315,0.9629,0.05312,-0.01052,-0.00247,0.99999,0.00144,0.0041,-0.00022,0.9947,0.04724,0.09001,-0.01533,33.29,34.54,0.0706,0.0798
20:08:40.194,1790255320.1942,563,10.17,5.674,-2.653,3.353,-0.01154,0.00357,0.98545,0.00028,0.0005,0.0039,-0.25668,-0.02201,0.95555,0.05792,-0.00943,-0.0025,0.99998,0.00174,0.00549,-0.00018,0.99462,0.04684,0.09103,-0.01556,33.29,34.54,0.0691,0.0723
20:08:40.215,1790255320.2148,564,10.448,5.731,-2.621,3.359,0.01096,-0.00665,0.99852,-0.00131,0.00102,0.00372,-0.26686,-0.01814,0.9328,0.04858,-0.00981,0.00632,0.99999,0.00104,0.00402,-0.00014,0.99454,0.04667,0.09197,-0.01567,33.29,34.54,0.079,0.0578
20:08:40.236,1790255320.2363,565,10.447,5.733,-2.59,3.365,-0.0203,-0.0038,0.98368,0.00031,-0.00212,0.00378,-0.27504,-0.0411,0.95459,0.04294,0.00356,0.00403,0.99999,0.00042,0.00531,-0.00011,0.99445,0.04606,0.09323,-0.01584,33.29,34.54,0.0679,0.0757
20:08:40.257,1790255320.2568,566,10.412,5.697,-2.559,3.37,-0.02904,-0.00117,0.99792,0.00055,0.0002,-0.00041,-0.27963,-0.02005,0.97029,0.03947,0.00617,0.00141,0.99998,0.00024,0.00692,-0.00011,0.99435,0.04556,0.09452,-0.01601,33.29,34.54,0.0788,0.0725
20:08:40.277,1790255320.2772,567,10.631,5.77,-2.527,3.376,-0.00669,-0.0138,0.99121,-0.00078,-0.00188,-0.00108,-0.2601,-0.03994,0.96801,0.04531,0.01455,-0.00081,0.99998,-0.00111,0.00623,-0.00013,0.99426,0.04486,0.09572,-0.01623,33.29,34.54,0.0735,0.0776
20:08:40.298,1790255320.2979,568,10.579,5.617,-2.496,3.381,-0.02884,0.00201,1.00102,0.00086,0.001,-0.0009,-0.26341,-0.04588,0.97119,0.0198,0.01133,-0.00065,0.99997,-0.00071,0.00781,-0.00012,0.99419,0.04394,0.09684,-0.01642,33.29,34.54,0.0789,0.0745
20:08:40.318,1790255320.3183,569,10.872,5.535,-2.464,3.386,0.00567,0.00119,0.98099,0.00058,-0.0002,-0.00121,-0.27312,-0.03302,0.94272,0.03514,0.01554,0.00803,0.99998,-0.00054,0.00647,-0.00012,0.99409,0.04344,0.09807,-0.01651,33.29,34.54,0.0658,0.0665
20:08:40.338,1790255320.3387,570,11.063,5.299,-2.432,3.391,-0.00975,0.00478,0.97466,-0.00167,0.00161,0.00138,-0.25569,-0.03474,0.97078,0.02698,0.01704,0.0015,0.99998,0.00056,0.00594,-0.0001,0.99402,0.04254,0.09922,-0.01669,33.29,34.54,0.061,0.0766
20:08:40.359,1790255320.359,571,11.241,5.389,-2.4,3.396,-0.01055,-0.02321,0.99772,-0.00231,-0.00205,-0.00038,-0.26334,-0.01309,0.96634,0.02434,0.02287,0.00585,0.99998,-0.00106,0.00583,-0.00012,0.99391,0.04172,0.10063,-0.01682,33.29,34.54,0.0785,0.0787
20:08:40.379,1790255320.3793,572,11.473,5.441,-2.367,3.401,-0.00415,-0.01671,0.98491,-0.00034,0.00113,-0.00167,-0.27716,-0.0359,0.96659,0.02505,0.02718,0.00524,0.99998,-0.00231,0.00522,-0.00014,0.9938,0.04093,0.10201,-0.01696,33.29,34.54,0.0688,0.0754
20:08:40.400,1790255320.3998,573,11.459,5.323,-2.334,3.405,-0.03784,-0.00293,0.99251,0.0033,-0.00171,-0.0018,-0.26959,-0.03404,0.96056,0.02403,0.02747,0.00212,0.99997,-0.00219,0.00673,-0.00016,0.99369,0.04003,0.1034,-0.01713,33.29,34.54,0.0749,0.0787
20:08:40.420,1790255320.4203,574,11.478,5.278,-2.302,3.409,-0.01946,-0.00645,0.98317,-0.00115,-0.00206,-0.00118,-0.27168,-0.01839,0.9603,0.02077,0.02311,0.00277,0.99996,-0.00265,0.00801,-0.00017,0.99357,0.03917,0.10483,-0.0173,33.29,34.54,0.0675,0.0786
20:08:40.440,1790255320.4408,575,11.498,5.051,-2.269,3.413,-0.02219,-0.00115,1.00015,-0.00367,0.0013,-0.00272,-0.27853,-0.03239,0.95968,0.00419,0.03734,0.00334,0.99995,-0.00177,0.00938,-0.00018,0.99344,0.03809,0.10639,-0.01744,33.29,34.54,0.0797,0.0799
20:08:40.461,1790255320.461,576,11.837,4.984,-2.236,3.417,-0.0135,-0.00452,0.988,-0.00222,-0.00213,-0.003,-0.28078,-0.01009,0.97177,0.00521,0.03463,-0.00244,0.99997,-0.00208,0.00796,-0.00022,0.99331,0.03726,0.10791,-0.01762,33.29,34.54,0.0711,0.0713
20:08:40.481,1790255320.4816,577,11.857,4.771,-2.203,3.42,-0.02244,-0.00022,0.98901,0.00076,0.00119,0.00112,-0.26553,-0.03047,0.9625,0.01299,0.0444,0.00069,0.99996,-0.00134,0.00924,-0.00021,0.99318,0.03618,0.10938,-0.0178,33.29,34.54,0.072,0.0792
20:08:40.502,1790255320.5021,578,12.124,4.471,-2.17,3.423,-0.0102,0.01191,0.99605,0.00119,-0.00288,-0.00171,-0.28039,-0.03254,0.97312,-0.01174,0.05158,-0.00542,0.99996,6e-05,0.00843,-0.00022,0.99305,0.03505,0.11093,-0.018,33.29,34.54,0.0771,0.0701
20:08:40.522,1790255320.5226,579,12.355,4.505,-2.136,3.425,-0.01193,-0.01551,0.99701,-0.00035,0.00076,-0.00078,-0.2761,-0.03442,0.95878,-0.00459,0.0435,0.00478,0.99997,-0.00147,0.00795,-0.00023,0.99292,0.03385,0.11244,-0.01812,33.29,34.54,0.0779,0.0788
20:08:40.543,1790255320.5431,580,12.353,4.37,-2.103,3.427,-0.02516,-0.00157,0.97848,-0.00204,0.00135,0.00079,-0.25293,-0.01211,0.94351,-0.00891,0.0476,-8e-05,0.99996,-0.00131,0.00926,-0.00022,0.9928,0.03283,0.11374,-0.01826,33.29,34.54,0.0641,0.0627
20:08:40.563,1790255320.5636,581,12.668,4.198,-2.068,3.429,-0.00111,-0.00097,0.96903,-0.00162,0.00211,-0.00261,-0.26798,-0.02962,0.95982,-0.01103,0.06305,-0.0051,0.99997,-0.00122,0.00812,-0.00025,0.99265,0.03151,0.11535,-0.01847,33.29,34.54,0.0568,0.0777
20:08:40.584,1790255320.5839,582,12.692,3.95,-2.034,3.43,-0.02613,0.00489,0.99335,-0.00322,-0.0009,-0.00043,-0.27716,-0.02541,0.97175,-0.02042,0.04731,-0.0012,0.99996,-0.00035,0.00934,-0.00024,0.99252,0.03025,0.1168,-0.01863,33.29,34.54,0.0753,0.0719
20:08:40.604,1790255320.6042,583,13.017,3.699,-2.0,3.431,-0.00945,0.00361,0.98765,0.00344,-0.0,-0.00063,-0.2664,-0.02707,0.9594,-0.022,0.06686,-0.00632,0.99997,0.0003,0.00805,-0.00024,0.99237,0.02883,0.11836,-0.01884,33.29,34.54,0.0708,0.077
20:08:40.625,1790255320.6248,584,13.369,3.574,-1.964,3.431,-0.00566,-0.00281,1.00341,-0.00023,0.00262,-0.00457,-0.26468,-0.02651,0.96028,-0.02275,0.0693,-0.00438,0.99998,-0.0002,0.00655,-0.00029,0.99222,0.02734,0.11993,-0.01905,33.29,34.54,0.0774,0.0773
20:08:40.645,1790255320.6452,585,13.435,3.268,-1.929,3.431,-0.01782,0.008,0.98214,-0.0001,0.00017,-0.00284,-0.2484,-0.0112,0.95535,-0.02487,0.0712,-0.00182,0.99997,0.00097,0.00724,-0.00031,0.9921,0.02591,0.12123,-0.01921,33.29,34.54,0.0667,0.0704
20:08:40.665,1790255320.6654,586,13.613,2.937,-1.893,3.43,-0.01348,0.00732,0.9858,-0.0004,0.00104,-0.00058,-0.26263,-0.03045,0.95462,-0.02165,0.06738,-0.0022,0.99997,0.00236,0.00704,-0.0003,0.99196,0.02452,0.12263,-0.01938,33.29,34.54,0.0694,0.0729
20:08:40.686,1790255320.6859,587,13.692,2.874,-1.858,3.428,-0.02358,-0.00734,0.97856,-0.00113,-0.00098,0.00065,-0.27181,-0.02607,0.97186,-0.03978,0.06905,0.00212,0.99997,0.00134,0.00787,-0.00031,0.99181,0.02296,0.12413,-0.0195,33.29,34.54,0.0642,0.0729
20:08:40.706,1790255320.7065,588,13.826,2.843,-1.822,3.427,-0.01322,-0.0177,0.97679,-0.00097,-0.00078,0.00068,-0.24842,-0.01983,0.98607,-0.03664,0.07733,0.00032,0.99997,5e-05,0.00774,-0.00032,0.99171,0.02143,0.12514,-0.01962,33.29,34.54,0.0628,0.0672
20:08:40.727,1790255320.727,589,13.969,2.748,-1.786,3.426,-0.01629,-0.01454,0.96469,0.00291,-0.00047,0.00175,-0.25438,-0.01573,0.96816,-0.04826,0.08676,0.00402,0.99997,-0.00102,0.00783,-0.00031,0.99158,0.01956,0.12647,-0.01972,33.29,34.54,0.0537,0.0791
20:08:40.747,1790255320.7476,590,14.138,2.759,-1.75,3.424,-0.01626,-0.00824,0.98664,0.00112,-0.0024,-0.00123,-0.27789,-0.02813,0.98292,-0.02949,0.0863,-0.00332,0.99997,-0.00244,0.00799,-0.00034,0.9914,0.01826,0.12806,-0.01988,33.29,34.54,0.0701,0.0636
20:08:40.768,1790255320.7682,591,14.226,2.465,-1.714,3.422,-0.02883,0.00985,0.97502,-0.00084,0.00118,0.00026,-0.2654,-0.02062,0.94647,-0.04701,0.09532,0.00197,0.99996,-0.0015,0.00884,-0.00033,0.99121,0.0167,0.12972,-0.01998,33.29,34.54,0.0616,0.0674
20:08:40.788,1790255320.7885,592,14.521,2.119,-1.677,3.419,-0.01199,0.0026,0.99393,0.003,-0.00376,-0.00118,-0.27389,-0.01748,0.9751,-0.06032,0.08019,-0.00244,0.99997,-0.00039,0.00771,-0.00033,0.99104,0.01495,0.13121,-0.02012,33.29,34.54,0.0755,0.0703
20:08:40.809,1790255320.809,593,14.775,1.752,-1.64,3.415,-0.01433,0.00626,0.98698,0.00029,0.00399,0.00053,-0.27747,0.00102,0.95876,-0.06116,0.08724,-0.0039,0.99997,0.00104,0.00757,-0.00032,0.99077,0.01331,0.13334,-0.02026,33.29,34.54,0.0703,0.0786
20:08:40.829,1790255320.8296,594,14.687,1.447,-1.604,3.411,-0.01781,0.00407,0.98711,2e-05,-0.00158,0.00091,-0.23969,-0.02661,0.97596,-0.06315,0.09206,-0.0017,0.99996,0.00188,0.00875,-0.00031,0.99073,0.01154,0.13381,-0.02037,33.29,34.54,0.0705,0.076
20:08:40.850,1790255320.8501,595,14.937,1.376,-1.567,3.406,-0.01607,0.00073,1.00459,-0.0036,0.00516,-0.0032,-0.27165,-0.02322,0.96407,-0.0617,0.09648,-0.00286,0.99997,0.00043,0.00811,-0.00035,0.99054,0.00956,0.13532,-0.02054,33.29,34.53,0.0765,0.0786
20:08:40.870,1790255320.8704,596,15.073,1.309,-1.529,3.402,-0.01462,-0.00769,0.97918,0.0016,-0.00098,-0.00087,-0.26008,-0.02569,0.95811,-0.05565,0.09234,0.00301,0.99997,-0.00085,0.0079,-0.00037,0.99042,0.00773,0.13628,-0.02065,33.29,34.53,0.0645,0.0748
20:08:40.890,1790255320.8906,597,15.06,1.225,-1.492,3.397,-0.02061,-0.01138,0.97837,0.00258,0.00174,-0.00054,-0.24602,-0.03107,0.97184,-0.07567,0.10334,0.00419,0.99996,-0.00197,0.00853,-0.00039,0.99037,0.00587,0.13678,-0.0207,33.29,34.53,0.064,0.0778
20:08:40.911,1790255320.911,598,15.231,1.113,-1.455,3.392,-0.01142,-0.0066,1.01005,-0.00182,0.00162,-0.00028,-0.23583,-0.0238,0.96506,-0.07492,0.10089,0.00159,0.99997,-0.00259,0.0072,-0.0004,0.99035,0.00435,0.13695,-0.02074,33.29,34.53,0.0724,0.0753
20:08:40.931,1790255320.9314,599,15.465,0.879,-1.417,3.386,-0.00667,-0.00543,0.99193,-0.00107,-0.00017,0.00063,-0.25308,-0.03201,0.96832,-0.07826,0.10166,0.00163,0.99998,-0.00265,0.00569,-0.0004,0.99028,0.00238,0.13751,-0.02082,33.29,34.53,0.074,0.079
20:08:40.951,1790255320.9517,600,15.393,0.55,-1.38,3.38,-0.01539,-0.00134,0.99292,0.0003,-0.00056,-0.00068,-0.25226,-0.03334,0.97776,-0.07844,0.10924,-0.00086,0.99998,-0.0016,0.00679,-0.00039,0.9902,0.00064,0.13805,-0.02091,33.29,34.53,0.0748,0.0723
20:08:40.972,1790255320.9722,601,15.411,0.49,-1.343,3.373,-0.01483,-0.00668,0.9902,-0.00013,-0.0022,-0.00238,-0.25406,-0.04656,0.9701,-0.0723,0.10471,0.00312,0.99997,-0.00299,0.00731,-0.00043,0.99011,-0.00127,0.13871,-0.021,33.29,34.53,0.0728,0.0771
20:08:40.992,1790255320.9925,602,15.325,0.266,-1.306,3.366,-0.02906,0.02097,0.96742,-0.00017,-0.00286,0.00129,-0.23064,-0.01585,0.96723,-0.087,0.10026,0.00196,0.99997,-0.002,0.00783,-0.0004,0.99013,-0.0022,0.13854,-0.02093,33.29,34.53,0.0561,0.0759
20:08:41.013,1790255321.013,603,15.16,0.203,-1.27,3.36,-0.02241,-0.0065,0.98338,0.00128,0.00018,0.00223,-0.233,-0.02153,0.96971,-0.08318,0.10609,-0.00362,0.99996,-0.00246,0.00914,-0.00038,0.99015,-0.00326,0.13841,-0.02095,33.29,34.53,0.0677,0.0782
20:08:41.033,1790255321.0333,604,15.195,-0.063,-1.234,3.352,-0.01724,-0.00134,0.98694,-0.00019,-0.00051,-0.00224,-0.2279,-0.0207,0.99073,-0.08286,0.10727,-0.00438,0.99996,-0.00108,0.00882,-0.00039,0.99014,-0.00411,0.13846,-0.02095,33.29,34.53,0.0703,0.0674
20:08:41.053,1790255321.0536,605,15.099,-0.289,-1.198,3.344,-0.02337,0.0092,0.99632,-0.00091,0.00205,0.00023,-0.23964,-0.00874,0.97401,-0.09687,0.11798,0.00123,0.99995,0.00031,0.00955,-0.00038,0.99014,-0.00467,0.13842,-0.02082,33.29,34.53,0.0775,0.0777
20:08:41.074,1790255321.0742,606,15.086,-0.189,-1.162,3.336,-0.02003,-0.01518,0.98167,-0.00394,0.00191,0.00076,-0.23481,-0.00975,0.9668,-0.09644,0.1174,-0.00081,0.99995,-0.00109,0.00968,-0.00038,0.99015,-0.00526,0.13839,-0.02071,33.29,34.53,0.0665,0.0762
20:08:41.094,1790255321.0944,607,15.255,-0.216,-1.126,3.329,-0.01549,-0.00426,0.98505,0.00096,-0.00483,0.00013,-0.23959,-0.01979,0.98676,-0.09505,0.12599,-0.00708,0.99996,-0.00179,0.00843,-0.00039,0.99011,-0.00614,0.13861,-0.02071,33.29,34.53,0.0689,0.0683
20:08:41.114,1790255321.1146,608,15.389,-0.276,-1.09,3.321,-0.00281,-0.00826,0.98383,0.00039,-0.00098,-0.00066,-0.23596,-0.01885,0.97482,-0.10753,0.11066,-0.005,0.99997,-0.00224,0.00713,-0.0004,0.99012,-0.00706,0.13848,-0.02067,33.29,34.53,0.0679,0.0776
20:08:41.134,1790255321.1348,609,15.531,-0.496,-1.054,3.312,0.0158,0.01563,0.99179,0.00182,-0.00089,0.0004,-0.231,-0.02344,0.96499,-0.10502,0.12092,-0.00039,0.99998,-0.00141,0.00589,-0.00039,0.99011,-0.00804,0.13853,-0.0206,33.29,34.53,0.074,0.0744
20:08:41.155,1790255321.1549,610,15.388,-0.557,-1.019,3.304,-0.01715,-0.00315,0.97923,-0.00083,-0.00045,0.00058,-0.235,-0.01312,0.98262,-0.11495,0.1165,0.0005,0.99997,-0.0015,0.00719,-0.00039,0.9901,-0.00872,0.13859,-0.02045,33.29,34.53,0.0645,0.0722
20:08:41.175,1790255321.1753,611,15.257,-0.73,-0.983,3.295,-0.02343,0.00537,0.99252,-0.0009,0.0014,0.00067,-0.25318,-0.01785,0.96592,-0.10658,0.1253,0.00464,0.99997,-0.00047,0.00831,-0.00038,0.99009,-0.00923,0.13862,-0.02027,33.29,34.53,0.0746,0.079
20:08:41.195,1790255321.1957,612,15.248,-1.045,-0.948,3.286,-0.01873,0.01821,1.01263,-0.0003,-0.00191,-0.00201,-0.22371,-0.03468,0.99136,-0.12103,0.11228,0.00384,0.99996,0.00095,0.00843,-0.00039,0.99007,-0.01049,0.13874,-0.02015,33.29,34.53,0.0703,0.0673
20:08:41.216,1790255321.2161,613,15.407,-1.216,-0.913,3.276,-0.00459,0.0047,0.98182,-0.00446,0.00439,0.00079,-0.23097,-0.03327,0.98472,-0.11351,0.12388,-0.002,0.99997,0.00121,0.00715,-0.00038,0.99003,-0.01162,0.13889,-0.0201,33.29,34.53,0.0664,0.071
20:08:41.236,1790255321.2366,614,15.56,-1.336,-0.878,3.266,-0.01078,0.0024,0.98416,0.00119,-0.00219,-0.00045,-0.21377,-0.02696,0.97873,-0.11821,0.11692,0.00147,0.99998,0.00123,0.00573,-0.00038,0.99004,-0.01258,0.13882,-0.01998,33.29,34.53,0.0682,0.0784
20:08:41.257,1790255321.2569,615,15.71,-1.493,-0.842,3.256,-0.00249,0.00647,0.99192,-8e-05,0.00112,0.0016,-0.21855,-0.01808,0.97849,-0.11679,0.1196,-0.00375,0.99999,0.00185,0.00436,-0.00038,0.99003,-0.01325,0.13881,-0.01988,33.3,34.53,0.074,0.0779
20:08:41.277,1790255321.2771,616,15.774,-1.376,-0.807,3.246,-0.00494,-0.00745,0.98677,-0.00068,1e-05,-0.0006,-0.21889,-0.00464,0.98235,-0.11756,0.11234,0.0008,0.99999,0.00051,0.00392,-0.00038,0.99002,-0.01362,0.13887,-0.0197,33.3,34.53,0.0701,0.0752
20:08:41.297,1790255321.2976,617,15.634,-1.462,-0.771,3.236,-0.01875,0.00103,0.97433,0.00142,0.00175,0.0019,-0.19382,-0.01488,0.9754,-0.12732,0.12296,0.00132,0.99999,0.00053,0.00519,-0.00036,0.99,-0.0144,0.13893,-0.01953,33.3,34.53,0.0609,0.0759
20:08:41.318,1790255321.3178,618,15.757,-1.386,-0.736,3.226,0.00303,-0.01507,0.99575,0.0012,0.00181,0.00246,-0.21247,-0.0129,0.97505,-0.12055,0.12388,-0.00104,0.99999,-0.00066,0.00421,-0.00034,0.98999,-0.01493,0.13899,-0.01938,33.3,34.53,0.0769,0.0785
20:08:41.338,1790255321.3384,619,15.869,-1.345,-0.701,3.216,0.00014,-0.01126,0.98137,-0.00374,-0.00375,-0.00142,-0.19091,-0.01498,0.97547,-0.12397,0.11878,-0.00097,0.99999,-0.00174,0.0033,-0.00036,0.98998,-0.01566,0.13903,-0.01925,33.3,34.53,0.0661,0.0756
20:08:41.359,1790255321.3588,620,15.776,-1.586,-0.666,3.206,-0.01591,0.01186,0.98522,-0.00107,0.00041,0.0003,-0.19378,-0.02867,0.98339,-0.12193,0.12214,0.00409,0.99999,-0.00054,0.00403,-0.00036,0.98997,-0.01654,0.13902,-0.0191,33.3,34.53,0.0691,0.078
20:08:41.379,1790255321.3792,621,15.88,-1.812,-0.631,3.196,-0.00123,0.01183,0.98185,0.00174,-0.00331,-0.00109,-0.2237,-0.01788,0.99472,-0.12984,0.1221,0.00036,0.99999,0.00068,0.00337,-0.00036,0.98992,-0.01722,0.13932,-0.01892,33.3,34.53,0.0664,0.0652
20:08:41.399,1790255321.3997,622,15.739,-1.786,-0.596,3.185,-0.02595,-0.01866,0.98617,0.00177,0.00313,-0.001,-0.19394,-0.02962,0.98056,-0.12271,0.1044,0.00178,0.99999,-0.00034,0.0044,-0.00038,0.98994,-0.01808,0.1391,-0.01879,33.3,34.53,0.07,0.08
20:08:41.420,1790255321.4202,623,15.611,-1.758,-0.562,3.175,-0.01405,-0.00426,0.99673,0.00051,-0.00232,-0.0017,-0.19901,-0.01614,0.99221,-0.13279,0.11819,-0.00035,0.99998,-0.00123,0.00569,-0.0004,0.9899,-0.01881,0.13924,-0.01863,33.3,34.53,0.0776,0.0709
20:08:41.440,1790255321.4406,624,15.68,-2.023,-0.528,3.164,-0.00874,0.00239,0.98787,0.00223,0.0025,-0.00187,-0.19711,-0.02074,0.97328,-0.14904,0.11563,0.00053,0.99999,8e-05,0.00504,-0.00041,0.98989,-0.01973,0.13927,-0.01845,33.3,34.53,0.0709,0.0749
20:08:41.461,1790255321.461,625,15.545,-2.093,-0.494,3.153,-0.02094,0.00131,0.98562,0.00015,-0.00184,-0.00431,-0.21099,-0.01268,0.96178,-0.12987,0.11415,-0.00211,0.99998,0.00023,0.00643,-0.00046,0.98985,-0.02025,0.13949,-0.01828,33.3,34.53,0.0694,0.0686
20:08:41.481,1790255321.4812,626,15.352,-2.248,-0.461,3.141,-0.02853,0.00463,1.00064,0.00362,0.00185,-0.00201,-0.17996,-0.03351,0.97886,-0.12992,0.11194,-0.00508,0.99997,0.00068,0.00799,-0.00047,0.98984,-0.02118,0.1394,-0.01822,33.3,34.53,0.0792,0.0769
20:08:41.502,1790255321.5019,627,15.414,-2.521,-0.428,3.13,-0.01017,0.01354,1.0055,0.00103,0.00053,0.003,-0.20335,-0.03065,0.97489,-0.13844,0.11159,0.00077,0.99997,0.00209,0.00731,-0.00043,0.98984,-0.02207,0.13933,-0.01806,33.3,34.53,0.0758,0.0773
20:08:41.522,1790255321.5222,628,15.485,-2.441,-0.394,3.118,-0.01111,-0.00406,0.99572,0.00072,0.00252,0.00089,-0.17705,-0.01302,0.97694,-0.14481,0.10916,-0.00014,0.99998,0.00066,0.00673,-0.00043,0.98982,-0.02283,0.13933,-0.01788,33.3,34.53,0.0768,0.0747
20:08:41.543,1790255321.5428,629,15.467,-2.673,-0.361,3.106,-0.01397,0.00505,0.97078,0.0011,0.0014,-0.00122,-0.1861,-0.01593,0.96901,-0.14901,0.11749,-3e-05,0.99997,0.00183,0.00701,-0.00042,0.98978,-0.02366,0.13951,-0.0177,33.3,34.53,0.0582,0.0701
20:08:41.563,1790255321.5631,630,15.522,-2.614,-0.328,3.094,-0.01306,-0.00256,0.9816,-0.00053,0.00258,-0.0005,-0.18746,-0.01688,1.0075,-0.14676,0.11484,0.00033,0.99998,0.00049,0.00688,-0.00044,0.98972,-0.02451,0.13982,-0.01752,33.3,34.53,0.0663,0.0613
20:08:41.583,1790255321.5836,631,15.368,-2.793,-0.296,3.082,-0.01841,0.0041,0.99513,0.00071,-0.00223,-0.00291,-0.19057,-0.0208,0.97866,-0.14423,0.11183,0.00499,0.99997,0.00136,0.00816,-0.00046,0.98971,-0.02524,0.1398,-0.01729,33.3,34.53,0.0765,0.0779
20:08:41.604,1790255321.6038,632,15.496,-2.967,-0.263,3.069,0.00399,0.01676,0.99379,-0.00229,0.00086,0.0009,-0.19012,-0.01232,0.98645,-0.14409,0.09881,0.00066,0.99997,0.00221,0.00692,-0.00045,0.98971,-0.02584,0.13972,-0.01709,33.3,34.53,0.0755,0.0765
20:08:41.624,1790255321.624,633,15.68,-3.019,-0.23,3.057,0.00303,0.0029,0.99492,-0.00222,-0.00151,-0.00096,-0.17426,0.00323,0.98216,-0.15056,0.11032,-0.00203,0.99998,0.00204,0.00537,-0.00045,0.98969,-0.0264,0.13977,-0.01689,33.3,34.53,0.0762,0.0781
20:08:41.644,1790255321.6444,634,15.803,-3.07,-0.197,3.044,0.00794,-0.00073,0.97457,0.0007,0.00097,-0.00032,-0.17256,-0.01697,0.98501,-0.14508,0.10525,-0.00516,0.99999,0.00174,0.00417,-0.00045,0.98969,-0.02713,0.13964,-0.01677,33.3,34.53,0.061,0.0799
20:08:41.664,1790255321.6645,635,15.681,-3.0,-0.164,3.032,-0.01616,-0.00525,0.9954,-0.00429,-0.00059,0.00078,-0.15941,-0.01049,0.99462,-0.14112,0.10002,0.00253,0.99999,0.00054,0.00519,-0.00045,0.98968,-0.0278,0.13957,-0.01657,33.3,34.53,0.0767,0.0745
20:08:41.685,1790255321.6851,636,15.673,-3.263,-0.132,3.019,-0.00982,0.01716,0.98977,-0.00205,0.0017,-0.00334,-0.1732,-0.02061,0.97449,-0.14471,0.1014,0.00021,0.99998,0.00201,0.00517,-0.00048,0.98967,-0.02857,0.13955,-0.0164,33.3,34.53,0.0725,0.0725
20:08:41.705,1790255321.7054,637,15.543,-3.243,-0.1,3.006,-0.03054,-0.0123,0.98049,0.00346,-0.00056,0.00141,-0.1477,-0.01019,0.99182,-0.14435,0.10167,0.00244,0.99998,0.00121,0.0062,-0.00047,0.98967,-0.02928,0.13943,-0.0162,33.3,34.53,0.0658,0.0779
20:08:41.725,1790255321.7256,638,15.659,-3.459,-0.068,2.993,0.00684,0.01345,1.0067,0.00148,0.0002,-0.00063,-0.15978,-0.03859,0.99211,-0.15303,0.0906,-0.00159,0.99999,0.00196,0.00489,-0.00046,0.98967,-0.03033,0.13917,-0.01607,33.3,34.53,0.0749,0.0758
20:08:41.746,1790255321.746,639,15.804,-3.518,-0.035,2.979,0.01184,0.00179,0.9893,0.00109,0.00385,-0.00086,-0.16587,-0.01018,0.98533,-0.14649,0.09614,-0.00363,0.99999,0.00183,0.00346,-0.00047,0.98968,-0.03093,0.13901,-0.01592,33.3,34.53,0.072,0.0794
20:08:41.766,1790255321.7664,640,15.945,-3.731,-0.003,2.966,-0.00169,0.00689,1.0003,0.00198,0.00176,-0.00042,-0.13953,-0.01888,0.97481,-0.15297,0.09006,0.00224,0.99999,0.0027,0.0021,-0.00047,0.98967,-0.03184,0.13893,-0.01573,33.3,34.53,0.0798,0.0687
20:08:41.786,1790255321.7867,641,15.753,-3.884,0.029,2.952,-0.01065,0.00797,0.99146,0.00093,0.00181,0.00039,-0.15253,-0.02369,0.99342,-0.14832,0.08639,-0.00051,0.99999,0.00326,0.00348,-0.00047,0.98968,-0.03265,0.13868,-0.01557,33.3,34.53,0.0737,0.076
20:08:41.807,1790255321.8069,642,15.671,-3.841,0.061,2.938,-0.00949,-6e-05,0.97586,-0.00053,-0.00101,0.00129,-0.14895,-0.025,0.98318,-0.15286,0.0854,0.00103,0.99999,0.00211,0.00397,-0.00048,0.98969,-0.0335,0.13841,-0.01539,33.3,34.53,0.0619,0.076
20:08:41.827,1790255321.8275,643,15.482,-3.856,0.092,2.924,-0.02009,-0.00026,0.99717,-0.00263,-0.00171,-0.0019,-0.15833,-0.02273,0.97749,-0.15229,0.08698,0.00495,0.99998,0.00153,0.00546,-0.0005,0.98969,-0.0343,0.13825,-0.01516,33.3,34.53,0.078,0.0729
20:08:41.847,1790255321.8478,644,15.583,-4.001,0.124,2.91,-0.0013,0.00785,0.97253,0.00171,-3e-05,-0.00124,-0.13222,-0.00188,0.98062,-0.14743,0.08234,0.00313,0.99999,0.00208,0.00439,-0.0005,0.98969,-0.03497,0.13809,-0.01495,33.3,34.53,0.0594,0.0721
20:08:41.868,1790255321.868,645,15.68,-4.221,0.155,2.896,-0.00502,0.00943,0.99445,0.00027,0.00092,0.00118,-0.16066,0.00491,1.006,-0.14856,0.0818,-0.00266,0.99999,0.00334,0.00351,-0.00049,0.98967,-0.03555,0.1381,-0.01478,33.3,34.53,0.0759,0.0659
20:08:41.888,1790255321.8883,646,15.737,-4.449,0.186,2.881,0.00454,0.02393,1.00018,-0.00295,-0.00107,0.00207,-0.14376,-0.00725,0.98415,-0.14767,0.06816,-0.00141,0.99999,0.00465,0.00259,-0.00046,0.9897,-0.03617,0.13774,-0.0146,33.3,34.53,0.0796,0.076
20:08:41.909,1790255321.9088,647,15.543,-4.462,0.217,2.866,-0.01267,0.00738,0.99016,0.00032,-0.00265,-0.00082,-0.13054,-0.00332,0.98471,-0.13833,0.07569,-0.00104,0.99998,0.0043,0.00402,-0.00048,0.98972,-0.03672,0.13747,-0.01444,33.3,34.52,0.0727,0.075
20:08:41.929,1790255321.9292,648,15.336,-4.444,0.248,2.852,-0.0131,0.00495,0.99276,-0.00226,0.00114,-0.0006,-0.13273,-0.02507,0.99088,-0.15471,0.06185,-4e-05,0.99998,0.0034,0.00527,-0.00049,0.98977,-0.03755,0.1369,-0.01427,33.3,34.52,0.0746,0.08
20:08:41.949,1790255321.9497,649,15.324,-4.312,0.278,2.837,-0.00662,-0.01268,0.99653,-0.00201,0.00255,0.0012,-0.13485,0.0099,0.98895,-0.15043,0.05806,0.00071,0.99999,0.00182,0.00499,-0.00049,0.98982,-0.03805,0.13645,-0.01405,33.3,34.52,0.0775,0.0786
20:08:41.970,1790255321.9702,650,15.421,-4.395,0.308,2.823,-0.00119,0.00441,0.97652,-0.00334,-0.00409,-0.00085,-0.13083,-0.01764,1.00007,-0.13649,0.05901,0.00499,0.99999,0.00191,0.00367,-0.00049,0.98986,-0.03866,0.136,-0.01385,33.3,34.52,0.0624,0.0734
20:08:41.990,1790255321.9906,651,15.466,-4.299,0.338,2.809,0.00037,-0.00964,1.00425,8e-05,-0.00422,-0.00187,-0.11207,-0.00035,1.00337,-0.13854,0.05231,0.00376,1.0,0.00055,0.00285,-0.00051,0.9899,-0.03923,0.13553,-0.01364,33.3,34.52,0.0768,0.0728
20:08:42.011,1790255322.011,652,15.502,-4.235,0.368,2.795,0.00313,-0.02033,0.98406,0.00123,0.00151,0.00126,-0.11367,-0.02064,1.02267,-0.13411,0.05575,0.00132,1.0,-0.00072,0.00234,-0.00051,0.98991,-0.03998,0.1353,-0.01349,33.3,34.52,0.0682,0.0581
20:08:42.033,1790255322.0328,653,15.359,-4.14,0.398,2.781,-0.00975,-0.00871,0.99725,0.00247,0.00169,0.00106,-0.12105,0.00187,0.97575,-0.14337,0.05999,-0.00231,0.99999,-0.00209,0.00333,-0.0005,0.98992,-0.04062,0.13501,-0.01332,33.3,34.52,0.078,0.0674
20:08:42.053,1790255322.0532,654,15.232,-4.405,0.427,2.767,-0.00981,0.0079,1.00153,0.00109,-0.00095,0.00219,-0.09403,-0.01412,0.99458,-0.14795,0.05057,0.00332,0.99999,-0.00052,0.00372,-0.00047,0.98998,-0.04135,0.13435,-0.01313,33.3,34.52,0.0788,0.0793
20:08:42.074,1790255322.0738,655,15.227,-4.651,0.457,2.752,-0.00063,0.01189,0.99067,-0.00552,0.00034,-0.00043,-0.09655,-0.02174,0.98724,-0.1483,0.04183,-0.00402,1.0,0.00075,0.00303,-0.00047,0.99004,-0.04216,0.13368,-0.01301,33.3,34.52,0.0731,0.0741
20:08:42.094,1790255322.094,656,14.96,-4.724,0.485,2.737,-0.0285,0.00413,0.99771,-0.00285,0.00141,-0.00304,-0.09888,-0.0078,1.00101,-0.13925,0.03207,0.00733,0.99999,0.00091,0.00462,-0.0005,0.99012,-0.04274,0.13295,-0.01278,33.3,34.52,0.0786,0.0756
20:08:42.114,1790255322.1145,657,14.728,-4.859,0.513,2.722,-0.02271,0.00716,0.9872,-0.00094,-0.00203,-0.00183,-0.09621,-0.00861,1.0064,-0.14554,0.0337,-0.00355,0.99998,0.00143,0.00594,-0.00052,0.99018,-0.04343,0.13228,-0.01265,33.3,34.52,0.0706,0.0717
20:08:42.135,1790255322.1348,658,14.694,-4.773,0.541,2.708,-0.00471,-0.01678,0.97554,-0.00121,-0.0007,0.00111,-0.10949,-0.00851,0.99517,-0.14004,0.03442,8e-05,0.99998,0.00023,0.00552,-0.00051,0.99026,-0.04394,0.13153,-0.01248,33.3,34.52,0.0618,0.0791
20:08:42.155,1790255322.1552,659,14.732,-4.728,0.569,2.693,0.0039,-0.0133,0.98746,-0.00429,0.00393,0.00149,-0.09261,-0.01834,0.98428,-0.13876,0.0307,0.00106,0.99999,-0.0008,0.0045,-0.0005,0.99033,-0.0446,0.13082,-0.01232,33.3,34.52,0.0707,0.0716
20:08:42.175,1790255322.1756,660,14.56,-4.94,0.596,2.678,-0.01067,0.00243,0.98654,0.0025,-0.00038,0.00161,-0.08286,-0.00905,0.99871,-0.13623,0.02412,0.00484,0.99999,0.00052,0.00507,-0.00048,0.99042,-0.04514,0.12994,-0.01212,33.3,34.52,0.0699,0.0784
20:08:42.196,1790255322.196,661,14.613,-5.033,0.624,2.663,0.00927,0.00804,0.98649,-0.00013,-0.00179,-0.00128,-0.11084,-0.00533,0.99449,-0.12687,0.01992,0.00058,0.99999,0.00101,0.00371,-0.00049,0.99052,-0.04544,0.12906,-0.01195,33.3,34.52,0.0699,0.0795
20:08:42.216,1790255322.2165,662,14.392,-4.99,0.651,2.648,-0.01734,-0.00508,0.97749,-0.00248,0.00183,0.00278,-0.08432,-0.0088,0.99472,-0.13402,0.02559,0.00077,0.99999,0.00024,0.00479,-0.00046,0.99061,-0.04593,0.1282,-0.0118,33.3,34.52,0.0632,0.0787
20:08:42.236,1790255322.2368,663,14.362,-4.91,0.677,2.633,-0.00618,-0.01157,0.97839,0.00026,0.00076,0.00265,-0.08289,-0.01996,1.01583,-0.12812,0.02859,0.00043,0.99999,-0.00101,0.00446,-0.00044,0.99067,-0.04653,0.12758,-0.01167,33.3,34.52,0.0639,0.0655
20:08:42.257,1790255322.2573,664,14.237,-4.803,0.704,2.619,-0.01006,-0.01222,0.97242,-0.00193,0.00032,0.00231,-0.08374,-0.00017,0.99361,-0.13032,0.0118,0.00295,0.99999,-0.00224,0.00463,-0.00042,0.99077,-0.04691,0.12663,-0.01148,33.3,34.52,0.0594,0.0778
20:08:42.277,1790255322.2778,665,14.002,-4.963,0.729,2.604,-0.01305,-0.00106,0.99203,-0.00109,-0.00112,-0.00022,-0.09443,-0.01251,1.00563,-0.12668,0.01185,0.00314,0.99998,-0.00124,0.00577,-0.00042,0.99087,-0.04734,0.12575,-0.01131,33.3,34.52,0.0741,0.0724
20:08:42.298,1790255322.2984,666,13.869,-5.173,0.755,2.589,-0.01264,0.01065,0.98514,0.00124,0.00071,0.00176,-0.05487,-0.0064,1.003,-0.11949,0.0139,-0.00441,0.99998,0.00018,0.00591,-0.00039,0.99097,-0.04774,0.12478,-0.01123,33.3,34.52,0.069,0.0766
20:08:42.318,1790255322.3185,667,13.674,-5.06,0.78,2.574,-0.01332,-0.00299,0.99221,0.00348,0.00055,0.0023,-0.05822,0.00341,1.00655,-0.12857,-0.00872,0.00097,0.99998,-0.00114,0.00656,-0.00038,0.99109,-0.04818,0.12369,-0.01107,33.3,34.52,0.0742,0.0738
20:08:42.338,1790255322.3388,668,13.423,-5.21,0.804,2.559,-0.01784,0.00121,0.98861,-0.00286,0.00185,-0.00369,-0.05932,-0.0239,0.97872,-0.11864,-0.00243,-1e-05,0.99997,-0.00033,0.00776,-0.00041,0.99118,-0.04871,0.12274,-0.01096,33.3,34.52,0.0716,0.0656
20:08:42.359,1790255322.3594,669,13.427,-5.257,0.828,2.544,0.01679,0.00528,0.97448,-0.00281,-0.00022,-0.00342,-0.06758,0.00234,0.99991,-0.11499,-0.01079,-0.00092,0.99998,-0.00013,0.00652,-0.00044,0.99132,-0.04893,0.12155,-0.01083,33.3,34.52,0.061,0.0784
20:08:42.380,1790255322.3799,670,13.12,-5.274,0.852,2.529,-0.01638,-0.0007,0.99253,0.00257,2e-05,-0.00296,-0.05102,-0.02285,0.9933,-0.113,-0.00278,0.00016,0.99997,-0.0003,0.00803,-0.00047,0.99144,-0.04933,0.12039,-0.01072,33.3,34.52,0.0745,0.0762
20:08:42.400,1790255322.4002,671,13.125,-5.37,0.875,2.514,0.01094,0.00884,0.97454,0.006,0.00099,-0.00193,-0.05919,0.00691,0.98352,-0.12102,-0.01893,-0.00388,0.99998,0.00018,0.00687,-0.00049,0.99156,-0.04968,0.1193,-0.01062,33.3,34.52,0.061,0.069
20:08:42.420,1790255322.4206,672,12.987,-5.215,0.899,2.5,-0.01313,-0.00667,0.99014,0.0014,0.00226,-0.00226,-0.04242,0.00708,0.99978,-0.11292,-0.02233,0.00184,0.99998,-0.00129,0.00679,-0.00052,0.99171,-0.04987,0.11797,-0.01047,33.3,34.52,0.0727,0.0795
20:08:42.440,1790255322.4408,673,12.975,-5.153,0.922,2.485,0.00906,-0.01378,0.978,-0.00461,-0.00019,0.00031,-0.05373,0.00108,0.99242,-0.102,-0.02462,0.00046,0.99998,-0.00191,0.00564,-0.00052,0.99185,-0.04999,0.11671,-0.01035,33.3,34.52,0.0636,0.0754
20:08:42.461,1790255322.4611,674,13.01,-5.213,0.945,2.47,0.00892,-0.00075,1.00312,0.00023,0.00488,-0.00207,-0.03559,-0.00571,1.01184,-0.10597,-0.02136,0.00501,0.99999,-0.00168,0.00413,-0.00055,0.99198,-0.05026,0.1155,-0.01019,33.3,34.52,0.0776,0.0706
20:08:42.481,1790255322.4813,675,13.007,-5.177,0.968,2.456,-0.00194,-0.00466,0.98557,-0.00115,0.00037,0.00072,-0.04751,0.00971,0.99914,-0.0998,-0.03204,-8e-05,0.99999,-0.00198,0.00276,-0.00055,0.99214,-0.05027,0.11411,-0.01007,33.3,34.52,0.0692,0.0798
20:08:42.501,1790255322.5015,676,12.753,-5.301,0.99,2.441,-0.00713,-0.00253,0.9743,0.00326,-0.00056,-0.00018,-0.01424,-0.00325,0.98634,-0.11116,-0.02419,0.00069,0.99999,-0.00121,0.00373,-0.00055,0.99227,-0.05063,0.1129,-0.00995,33.3,34.52,0.0608,0.0698
20:08:42.522,1790255322.5218,677,12.712,-5.452,1.012,2.426,-0.00102,0.00438,0.99932,-9e-05,0.00148,5e-05,-0.0232,-0.00346,1.00737,-0.0951,-0.03859,0.00117,1.0,-4e-05,0.00262,-0.00055,0.99242,-0.05076,0.11146,-0.00984,33.3,34.52,0.0795,0.0743
20:08:42.542,1790255322.5421,678,12.395,-5.527,1.034,2.411,-0.01871,0.00613,1.0116,-0.00168,0.00067,-0.00107,-0.02717,1e-05,1.00638,-0.09879,-0.03789,-0.00539,0.99999,0.00055,0.00394,-0.00056,0.99258,-0.05089,0.11003,-0.00979,33.3,34.52,0.0712,0.0749
20:08:42.562,1790255322.5625,679,12.409,-5.517,1.055,2.396,0.01985,-0.00182,0.98969,-0.00056,-0.00111,0.00131,-0.02957,0.01278,1.0086,-0.10099,-0.03867,6e-05,1.0,0.00039,0.00245,-0.00054,0.99272,-0.05098,0.10866,-0.00968,33.3,34.52,0.0724,0.0732
20:08:42.583,1790255322.5832,680,12.287,-5.393,1.076,2.381,-0.00101,-0.01034,0.97038,-0.00135,0.00057,0.00037,-0.00944,-0.00675,1.01351,-0.08745,-0.04612,0.00565,1.0,-0.00074,0.00207,-0.00054,0.99288,-0.05109,0.10719,-0.00953,33.3,34.52,0.0578,0.0698
20:08:42.603,1790255322.6033,681,12.237,-5.493,1.097,2.367,0.00246,0.00305,0.98804,0.00087,0.0034,0.00296,-0.01563,-0.00429,0.99641,-0.09078,-0.04571,-0.00139,1.0,8e-05,0.00092,-0.00051,0.99304,-0.05115,0.10564,-0.00946,33.3,34.52,0.071,0.0774
20:08:42.623,1790255322.6236,682,12.08,-5.303,1.118,2.352,0.00241,-0.0204,0.99541,-0.00226,0.00426,0.00142,-0.00459,-0.0018,1.00859,-0.07803,-0.06361,-0.00127,1.0,-0.00147,0.00065,-0.0005,0.99322,-0.05111,0.10396,-0.00939,33.3,34.52,0.0767,0.0735
20:08:42.644,1790255322.6441,683,11.736,-5.345,1.138,2.338,-0.01499,0.0028,0.98666,-0.00133,0.0028,-0.00217,-0.01747,-0.00148,0.99619,-0.08003,-0.05257,0.00131,1.0,-0.00093,0.002,-0.00052,0.9934,-0.05101,0.10233,-0.00929,33.3,34.52,0.0701,0.0773
20:08:42.664,1790255322.6646,684,11.539,-5.511,1.157,2.323,-0.00385,0.00352,0.9938,-0.00062,0.00025,-0.00084,0.01785,0.00787,1.00629,-0.07645,-0.0621,0.0037,1.0,0.00061,0.00197,-0.00052,0.99358,-0.05094,0.10061,-0.00918,33.3,34.52,0.0754,0.0751
20:08:42.685,1790255322.6849,685,11.461,-5.629,1.176,2.308,0.00558,0.01376,0.99023,0.00043,-0.0,0.00198,-0.01697,-0.00405,0.99219,-0.07244,-0.05099,0.00354,1.0,0.00179,0.00108,-0.00052,0.99374,-0.05079,0.09907,-0.00907,33.3,34.52,0.0728,0.0743
20:08:42.705,1790255322.7053,686,11.167,-5.482,1.195,2.294,-0.00342,0.00207,0.98575,-0.00131,0.00059,-0.0011,0.0087,0.01198,0.99305,-0.07615,-0.06014,-0.0021,1.0,0.00074,0.00201,-0.00052,0.99391,-0.05066,0.09742,-0.00901,33.3,34.52,0.0693,0.0749
20:08:42.725,1790255322.7254,687,10.978,-5.613,1.213,2.279,-0.00267,0.01183,0.98824,-0.00436,0.00315,0.00066,-0.01392,-0.00208,1.00602,-0.06749,-0.0726,-0.00178,1.0,0.00211,0.00186,-0.00051,0.9941,-0.05044,0.09565,-0.00896,33.3,34.52,0.0712,0.0754
20:08:42.746,1790255322.746,688,10.69,-5.459,1.231,2.265,-0.00523,0.00236,0.98334,0.00081,-0.00033,-0.00376,0.00387,0.00137,0.98417,-0.05954,-0.06742,-0.00131,1.0,0.00107,0.00277,-0.00055,0.99426,-0.05022,0.09401,-0.00891,33.3,34.52,0.0675,0.0681
20:08:42.766,1790255322.7666,689,10.587,-5.271,1.248,2.251,0.0049,-0.01284,0.99435,0.00391,0.00076,-9e-05,0.02029,0.02001,1.00187,-0.0616,-0.06997,0.00022,1.0,-0.00017,0.00188,-0.00055,0.99445,-0.04988,0.0922,-0.00884,33.3,34.52,0.0758,0.0783
20:08:42.787,1790255322.7871,690,10.348,-5.399,1.265,2.237,-0.00467,0.0106,0.99188,-0.00117,-0.00092,0.00065,0.01014,0.00613,1.00332,-0.05591,-0.07955,0.00073,1.0,0.00134,0.00201,-0.00055,0.99465,-0.04952,0.09028,-0.00877,33.3,34.52,0.074,0.0775
20:08:42.807,1790255322.8074,691,10.079,-5.516,1.281,2.222,-0.0098,0.0187,1.00499,-0.00026,0.00132,-0.00183,-0.00492,0.00647,0.99613,-0.05814,-0.07252,0.0003,0.99999,0.00279,0.00254,-0.00057,0.99483,-0.04913,0.0885,-0.0087,33.3,34.52,0.0761,0.0771
20:08:42.828,1790255322.828,692,9.869,-5.633,1.297,2.208,-0.00496,0.00773,0.99502,0.00128,0.00099,-0.00167,0.01159,0.01853,0.99243,-0.04443,-0.08523,0.0047,0.99999,0.00436,0.00247,-0.00058,0.99502,-0.0486,0.08662,-0.00859,33.3,34.52,0.0763,0.0745
20:08:42.848,1790255322.8482,693,9.741,-5.452,1.313,2.194,0.00547,-0.00432,0.97288,-0.00136,0.00061,-0.00092,0.00655,0.02582,1.00006,-0.04825,-0.08439,-0.00051,0.99999,0.00342,0.00172,-0.00058,0.99521,-0.04801,0.08472,-0.00853,33.3,34.52,0.0597,0.0797
20:08:42.868,1790255322.8684,694,9.387,-5.278,1.327,2.18,-0.01718,-0.00196,0.98489,-0.00051,-0.00133,0.0046,-0.0057,0.02597,0.99617,-0.04174,-0.0975,-0.00238,0.99999,0.00268,0.00288,-0.00054,0.99541,-0.04733,0.08277,-0.00848,33.3,34.52,0.0688,0.0774
20:08:42.888,1790255322.8886,695,9.231,-5.031,1.342,2.167,-0.00345,-0.00437,0.99289,-0.00476,-0.00069,-0.00122,-0.00382,0.01492,1.01002,-0.04182,-0.08116,0.00215,1.0,0.00115,0.00252,-0.00055,0.99558,-0.04676,0.08102,-0.00841,33.3,34.52,0.0747,0.0724
20:08:42.909,1790255322.9089,696,9.143,-4.83,1.356,2.154,0.01442,-0.01625,0.98754,0.00199,0.00031,-0.00032,-0.00384,0.03288,1.00422,-0.04082,-0.08958,0.00348,1.0,0.00016,0.00149,-0.00056,0.99576,-0.04603,0.07918,-0.0083,33.3,34.52,0.0708,0.0764
20:08:42.929,1790255322.9291,697,8.761,-4.793,1.37,2.141,-0.00591,0.00123,0.99167,-0.00166,0.00329,5e-05,0.00166,0.01612,0.98907,-0.03236,-0.09465,0.00452,1.0,0.00058,0.00295,-0.00055,0.99594,-0.04537,0.0773,-0.0082,33.3,34.51,0.0738,0.0719
20:08:42.949,1790255322.9497,698,8.672,-4.625,1.383,2.129,-0.00026,-0.00125,0.97806,0.00064,-0.00075,-0.00217,0.00253,0.04259,0.99687,-0.02912,-0.10291,0.00532,1.0,7e-05,0.00174,-0.00058,0.99614,-0.04445,0.0753,-0.00808,33.3,34.51,0.0635,0.0783
20:08:42.970,1790255322.9698,699,8.529,-4.661,1.396,2.117,0.00346,0.01282,0.99175,-0.00235,-0.00162,-0.00132,-0.00736,0.0274,0.99562,-0.01929,-0.10239,-0.00383,1.0,0.00135,0.00101,-0.00059,0.99633,-0.0435,0.07334,-0.00807,33.3,34.51,0.0739,0.077
20:08:42.990,1790255322.99,700,8.156,-4.618,1.408,2.105,-0.00557,0.00417,0.98575,0.00195,3e-05,-0.00272,-0.00168,0.02996,0.99665,-0.02731,-0.10153,-0.00257,1.0,0.00191,0.00229,-0.00062,0.99651,-0.04262,0.07137,-0.00803,33.3,34.51,0.0693,0.0778
20:08:43.010,1790255323.0102,701,8.088,-4.484,1.42,2.093,0.01168,0.00096,0.97528,0.00175,-0.00013,0.00089,-0.0066,0.04173,1.00789,-0.02383,-0.10024,-0.00299,1.0,0.0017,0.00106,-0.00062,0.99668,-0.04168,0.06954,-0.008,33.3,34.51,0.0615,0.0734
20:08:43.030,1790255323.0305,702,7.985,-4.435,1.432,2.081,0.0152,0.01057,0.97507,0.00131,0.00205,7e-05,0.03183,0.03588,0.99691,-0.01889,-0.09819,0.006,1.0,0.00219,-7e-05,-0.00061,0.99685,-0.04078,0.06752,-0.0079,33.3,34.51,0.0614,0.0785
20:08:43.051,1790255323.051,703,7.77,-4.104,1.444,2.07,-0.00107,-0.0044,0.99141,0.00031,-0.00252,-0.0006,-0.0174,0.07041,0.99184,-0.00826,-0.10282,0.00221,1.0,0.0007,0.00011,-0.00062,0.99702,-0.03946,0.06578,-0.00781,33.3,34.51,0.0736,0.0759
20:08:43.071,1790255323.0712,704,7.63,-3.835,1.455,2.059,0.00878,-0.01478,0.99232,0.00213,-0.00164,2e-05,0.00762,0.02132,1.00506,-0.0055,-0.10225,0.00384,1.0,-0.0006,-0.00064,-0.00062,0.99719,-0.03844,0.06377,-0.00774,33.3,34.51,0.0744,0.076
20:08:43.091,1790255323.0916,705,7.407,-3.885,1.465,2.048,0.00248,0.01461,1.00045,-0.00099,-0.00127,8e-05,0.02963,0.05031,0.99053,0.00308,-0.11146,-0.00254,1.0,0.00102,-0.00076,-0.00062,0.99737,-0.03728,0.06173,-0.00773,33.3,34.51,0.0796,0.0742
20:08:43.112,1790255323.1123,706,7.284,-3.904,1.476,2.038,0.01107,0.01476,0.99827,0.00136,0.00339,-1e-05,0.02185,0.05011,0.99013,-0.00308,-0.10907,-0.00192,1.0,0.00234,-0.00171,-0.00062,0.99753,-0.03614,0.05971,-0.00771,33.3,34.51,0.0788,0.0737
20:08:43.132,1790255323.1327,707,7.03,-3.599,1.486,2.027,-0.00297,-0.02119,1.0054,0.00485,0.00188,-0.00159,0.01799,0.05132,0.98295,0.00595,-0.10707,-0.00411,1.0,0.00089,-0.00132,-0.00063,0.99768,-0.03498,0.05785,-0.00772,33.3,34.51,0.0758,0.0683
20:08:43.153,1790255323.153,708,6.974,-3.448,1.496,2.018,0.01513,0.00329,0.98754,-0.00039,0.00233,-0.00098,-0.01904,0.0423,0.9931,0.01357,-0.11482,-0.00648,1.0,0.00106,-0.00272,-0.00064,0.99784,-0.0335,0.05595,-0.00774,33.3,34.51,0.0707,0.0756
20:08:43.173,1790255323.1734,709,6.584,-3.237,1.505,2.008,-0.00923,-0.00216,0.99571,0.0012,-0.00223,-0.00124,0.01228,0.05744,0.99336,0.00715,-0.10694,-0.00248,1.0,0.00063,-0.00124,-0.00066,0.99799,-0.03215,0.05402,-0.00773,33.3,34.51,0.0768,0.0763
20:08:43.193,1790255323.1937,710,6.259,-3.136,1.513,1.999,-0.00337,0.00293,0.9649,-0.00065,-0.00298,0.00211,0.0074,0.07274,1.01989,-0.00064,-0.12467,0.00015,1.0,0.00093,-0.00023,-0.00064,0.99813,-0.031,0.05218,-0.00768,33.3,34.51,0.0537,0.0631
20:08:43.214,1790255323.214,711,6.169,-2.989,1.521,1.99,0.01027,0.00425,0.97311,0.00042,0.00114,-0.00154,0.01795,0.07995,0.99914,0.01776,-0.11774,0.00075,1.0,0.00122,-0.00141,-0.00064,0.99828,-0.02944,0.0502,-0.00763,33.3,34.51,0.0599,0.0781
20:08:43.234,1790255323.2342,712,5.979,-2.644,1.529,1.982,0.00339,-0.00094,0.9961,0.0029,0.00126,-0.00209,0.01252,0.07182,1.00682,0.01788,-0.12259,0.00309,1.0,-0.00028,-0.00166,-0.00065,0.99841,-0.02797,0.04826,-0.00756,33.3,34.51,0.0771,0.0729
20:08:43.254,1790255323.2548,713,5.876,-2.642,1.537,1.974,0.01137,0.01337,1.00188,-0.00066,-0.00249,-0.00124,0.01027,0.07077,1.02197,0.02513,-0.11231,-0.00128,1.0,0.00111,-0.0025,-0.00067,0.99853,-0.02656,0.04654,-0.00755,33.3,34.51,0.0785,0.0616
20:08:43.275,1790255323.275,714,5.476,-2.458,1.544,1.966,-0.00934,0.00384,0.99581,0.00456,0.00156,-7e-05,0.01593,0.08075,0.99501,0.03523,-0.11689,-0.00373,1.0,0.00133,-0.00094,-0.00067,0.99867,-0.0248,0.0446,-0.00756,33.3,34.51,0.0769,0.0788
20:08:43.295,1790255323.2953,715,5.324,-2.436,1.551,1.958,0.01304,0.03207,1.00593,0.00152,-0.00367,0.00034,0.01082,0.06797,0.99023,0.02803,-0.11699,0.00347,0.99999,0.00276,-0.00152,-0.00067,0.99879,-0.02318,0.0427,-0.00749,33.3,34.51,0.0751,0.0745
20:08:43.316,1790255323.3159,716,5.286,-2.176,1.557,1.951,0.0204,-0.00124,0.9847,0.00095,-0.00498,0.0032,0.00988,0.09528,0.98245,0.03682,-0.11444,-0.00086,0.99999,0.00226,-0.00289,-0.00063,0.9989,-0.02142,0.04097,-0.00747,33.3,34.51,0.0687,0.0703
20:08:43.336,1790255323.3361,717,4.895,-1.999,1.563,1.944,-0.00824,0.00677,0.98349,0.00388,0.00605,-0.00166,0.02918,0.07877,0.99476,0.03905,-0.11729,0.00531,1.0,0.00253,-0.00148,-0.00065,0.99902,-0.01966,0.03896,-0.0074,33.3,34.51,0.0677,0.0787
20:08:43.356,1790255323.3564,718,4.682,-1.617,1.569,1.938,0.00243,-0.00579,0.98793,-6e-05,-0.00025,-0.0001,0.00823,0.0869,0.99264,0.03883,-0.11728,0.00065,1.0,0.00109,-0.00142,-0.00065,0.99912,-0.01779,0.03714,-0.00736,33.3,34.51,0.071,0.0774
20:08:43.377,1790255323.3768,719,4.458,-1.55,1.574,1.932,0.00179,0.01263,0.97644,-0.00061,0.00015,-0.00279,0.02625,0.09199,0.98398,0.04821,-0.11573,-0.00439,1.0,0.00235,-0.0013,-0.00068,0.99922,-0.01597,0.0353,-0.00739,33.3,34.51,0.0624,0.0715
20:08:43.397,1790255323.3972,720,4.125,-1.236,1.578,1.926,-0.00895,-0.00295,0.9944,0.00239,0.00098,-0.00144,-0.00361,0.08208,1.01091,0.04704,-0.11506,0.00663,1.0,0.00152,-0.0,-0.0007,0.99931,-0.01409,0.03366,-0.0073,33.3,34.51,0.0758,0.0693
20:08:43.417,1790255323.4177,721,4.047,-0.902,1.583,1.921,0.01098,-0.00936,0.99262,0.00119,0.0019,-0.00141,0.01872,0.09372,1.02059,0.05467,-0.11826,0.00025,1.0,0.00038,-0.001,-0.00071,0.99939,-0.01232,0.03197,-0.00729,33.3,34.51,0.0745,0.0612
20:08:43.438,1790255323.4381,722,3.982,-0.752,1.587,1.916,0.00966,0.00553,0.98506,-0.00081,-0.00114,0.00338,0.00807,0.09496,1.00089,0.05269,-0.12025,-0.00497,1.0,0.00111,-0.00221,-0.00068,0.99946,-0.01028,0.03019,-0.00732,33.3,34.51,0.0688,0.0759
20:08:43.458,1790255323.4585,723,3.904,-0.451,1.591,1.912,0.01375,-0.00131,0.97363,0.00032,0.00158,-0.00021,0.0069,0.09394,0.99811,0.061,-0.12662,0.00374,0.99999,0.00069,-0.00336,-0.00067,0.99954,-0.00809,0.02833,-0.00726,33.3,34.51,0.0603,0.0781
20:08:43.479,1790255323.479,724,3.55,-0.152,1.594,1.909,-0.00209,-0.00223,0.98974,-0.00241,0.00237,-0.00241,0.02191,0.10521,1.01248,0.06452,-0.11893,0.00106,1.0,0.0001,-0.00197,-0.0007,0.9996,-0.00611,0.02661,-0.00724,33.3,34.51,0.0723,0.0664
20:08:43.499,1790255323.4994,725,3.43,-0.044,1.597,1.905,0.01343,0.01902,0.98997,0.0002,0.00223,0.0018,0.01491,0.1009,0.99933,0.07197,-0.11188,0.00717,1.0,0.00142,-0.00262,-0.00068,0.99966,-0.00386,0.02491,-0.00715,33.3,34.51,0.0727,0.0766
20:08:43.519,1790255323.5195,726,3.163,0.037,1.6,1.902,-0.00414,0.02517,0.99305,0.0001,-0.0002,0.00165,0.01654,0.10023,0.99941,0.05869,-0.11622,0.00233,0.99999,0.00281,-0.00203,-0.00069,0.9997,-0.00177,0.02317,-0.00711,33.3,34.51,0.075,0.0766
20:08:43.540,1790255323.5401,727,2.789,0.235,1.602,1.899,-0.01706,0.01643,1.00175,0.0003,0.0004,-0.00096,0.01893,0.09827,0.99284,0.08627,-0.11872,-0.00143,0.99999,0.00355,-0.0006,-0.00069,0.99975,0.00066,0.02133,-0.00712,33.3,34.51,0.0785,0.0784
20:08:43.560,1790255323.5607,728,2.688,0.346,1.604,1.897,0.00851,0.01675,0.99403,0.00103,-0.00212,0.00207,0.02993,0.10425,1.00513,0.08042,-0.11972,-0.00043,0.99999,0.0048,-0.00157,-0.00067,0.99978,0.00288,0.01948,-0.00712,33.3,34.51,0.0757,0.0718
20:08:43.581,1790255323.5812,729,2.631,0.642,1.606,1.894,0.01518,0.00779,0.97452,0.00129,0.00181,0.00072,0.01972,0.10739,0.99391,0.08025,-0.11273,0.00744,0.99999,0.00465,-0.00279,-0.00066,0.9998,0.00531,0.01775,-0.00704,33.3,34.51,0.061,0.0799
20:08:43.601,1790255323.6014,730,2.603,0.838,1.608,1.893,0.01381,0.013,0.99928,0.00386,0.00067,0.0021,0.02177,0.11194,0.99063,0.08529,-0.11698,-0.00137,0.99998,0.00534,-0.00425,-0.00063,0.99982,0.00773,0.01603,-0.00704,33.3,34.51,0.0796,0.0779
20:08:43.621,1790255323.6216,731,2.269,1.23,1.609,1.891,-0.00408,-0.00207,1.00547,0.00113,0.00438,0.00174,0.03371,0.0938,0.99738,0.09135,-0.10418,0.00039,0.99999,0.00426,-0.00313,-0.00061,0.99982,0.01004,0.0142,-0.00704,33.3,34.51,0.0759,0.0782
20:08:43.642,1790255323.642,732,2.017,1.386,1.609,1.891,0.00049,0.01576,0.9923,0.00016,0.00073,-0.00225,0.00533,0.1214,0.99096,0.08012,-0.09663,0.00086,0.99998,0.00546,-0.00219,-0.00064,0.99981,0.01258,0.01294,-0.00702,33.3,34.51,0.0743,0.0788
20:08:43.662,1790255323.6622,733,1.984,1.824,1.61,1.89,0.01631,-0.00182,1.00104,7e-05,-0.00195,0.00177,0.01185,0.12861,0.99204,0.09577,-0.11068,0.001,0.99999,0.00429,-0.0033,-0.00062,0.99979,0.01523,0.01151,-0.00701,33.3,34.51,0.0791,0.0797
20:08:43.683,1790255323.6828,734,1.687,2.13,1.61,1.891,-0.00154,0.00712,0.97563,0.00111,-0.00207,0.00241,0.00247,0.10017,1.01241,0.09438,-0.10945,0.00388,0.99999,0.0041,-0.00207,-0.0006,0.99977,0.01769,0.01014,-0.00697,33.3,34.51,0.0617,0.067
20:08:43.703,1790255323.7034,735,1.515,2.569,1.61,1.892,0.00408,-0.00633,1.00806,0.00078,-0.00376,-0.003,0.03438,0.13703,1.00846,0.08973,-0.11224,-0.00035,0.99999,0.00259,-0.0021,-0.00062,0.99974,0.01999,0.00857,-0.00698,33.3,34.51,0.0739,0.0663
20:08:43.723,1790255323.7236,736,1.264,2.737,1.609,1.893,-1e-05,0.01116,0.98782,0.00209,0.00262,-0.00316,0.01331,0.11229,0.99891,0.10363,-0.09769,-0.0,0.99999,0.00379,-0.00126,-0.00066,0.99969,0.02264,0.00722,-0.00698,33.3,34.51,0.0709,0.076
20:08:43.744,1790255323.7439,737,1.035,3.198,1.608,1.896,-0.00195,-0.00309,0.99207,-0.00182,0.00035,-0.00089,0.03221,0.13347,0.99848,0.10709,-0.09634,-4e-05,1.0,0.00239,-0.00068,-0.00067,0.99964,0.02524,0.00577,-0.00698,33.3,34.51,0.0741,0.0741
20:08:43.764,1790255323.7642,738,0.86,3.646,1.607,1.899,0.00067,-0.00327,0.99087,0.00145,0.00196,0.00047,0.03563,0.13551,1.00877,0.10649,-0.09824,-0.00316,1.0,0.00092,-0.00053,-0.00067,0.99958,0.02767,0.00435,-0.00701,33.3,34.51,0.0732,0.0662
20:08:43.784,1790255323.7848,739,0.549,3.965,1.605,1.902,-0.01097,0.00266,0.98641,0.00044,0.00135,0.00326,0.01731,0.13252,0.98678,0.11411,-0.09789,0.00501,1.0,0.00102,0.00091,-0.00063,0.9995,0.03054,0.00307,-0.00696,33.3,34.51,0.0699,0.0768
20:08:43.805,1790255323.8054,740,0.52,4.297,1.603,1.906,0.01187,0.00083,0.96924,-0.0016,-0.00167,-0.00081,0.02806,0.14,0.99517,0.11405,-0.10516,-0.00285,1.0,0.00091,-0.00027,-0.00064,0.99942,0.03332,0.0016,-0.007,33.3,34.51,0.057,0.076
20:08:43.826,1790255323.8261,741,0.564,4.652,1.602,1.911,0.01685,-0.00199,0.98808,0.00296,-0.00065,-0.00052,0.01491,0.14248,0.99737,0.10868,-0.09171,-0.00116,1.0,0.0006,-0.00171,-0.00064,0.99932,0.03612,0.00052,-0.00702,33.3,34.51,0.0712,0.0743
20:08:43.846,1790255323.8466,742,0.42,4.8,1.6,1.916,0.00471,0.0151,0.99316,-0.00113,0.00142,0.00156,0.02968,0.13639,0.99211,0.1135,-0.09068,-0.00206,1.0,0.00212,-0.00185,-0.00063,0.99922,0.03892,-0.00087,-0.00704,33.3,34.51,0.075,0.0786
20:08:43.867,1790255323.8669,743,0.179,4.97,1.597,1.921,-0.00963,0.01992,1.0011,-0.00012,-0.0018,-0.00044,0.01665,0.13502,1.0085,0.11708,-0.095,0.00633,0.99999,0.00334,-0.00083,-0.00064,0.99911,0.0416,-0.00196,-0.00698,33.3,34.51,0.079,0.0668
20:08:43.887,1790255323.8872,744,0.089,5.463,1.595,1.927,0.00802,-0.01617,0.99191,0.00078,0.00207,0.00223,0.02268,0.134,0.9879,0.11744,-0.08649,0.00503,1.0,0.0019,-0.00121,-0.00062,0.99898,0.04446,-0.00317,-0.00693,33.3,34.51,0.0741,0.0779
20:08:43.907,1790255323.9078,745,0.069,5.936,1.592,1.933,0.01091,-0.00667,0.98944,-0.00153,-0.00054,0.00244,0.02491,0.14953,0.98414,0.12359,-0.09019,0.00068,1.0,0.00073,-0.00216,-0.00059,0.99884,0.04741,-0.00433,-0.00693,33.3,34.51,0.0721,0.0768
20:08:43.928,1790255323.9283,746,-0.115,6.126,1.589,1.941,-0.00507,0.02063,0.97831,0.00235,-0.00034,-0.00434,0.02323,0.14302,1.00105,0.1241,-0.08122,0.00084,1.0,0.00193,-0.00159,-0.00063,0.9987,0.05027,-0.00537,-0.00693,33.3,34.5,0.0639,0.0714
20:08:43.948,1790255323.9485,747,-0.373,6.366,1.586,1.948,-0.00872,0.01204,1.00395,6e-05,-0.00137,0.00145,0.03211,0.15767,0.98626,0.12527,-0.06578,-0.00097,1.0,0.00281,-0.00033,-0.00062,0.99854,0.0532,-0.00637,-0.00693,33.3,34.5,0.077,0.0795
20:08:43.968,1790255323.9687,748,-0.376,6.581,1.583,1.956,0.01105,0.01446,0.98509,-0.00071,-0.00078,0.00026,0.03023,0.14364,0.98413,0.12056,-0.06592,-0.00267,0.99999,0.00372,-0.00138,-0.00062,0.99838,0.05598,-0.00747,-0.00694,33.3,34.5,0.0689,0.0763
20:08:43.989,1790255323.989,749,-0.51,6.818,1.579,1.964,-0.00491,0.02734,0.97313,-0.00257,-0.00209,4e-05,0.02072,0.15033,0.98949,0.13926,-0.07153,0.00241,0.99999,0.00483,-0.00098,-0.00062,0.99819,0.05916,-0.00823,-0.00692,33.3,34.5,0.0601,0.0792
20:08:44.009,1790255324.0092,750,-0.556,7.094,1.576,1.972,0.00769,0.00895,0.98055,-0.00259,-0.00168,-0.0017,0.03446,0.1274,0.98596,0.13519,-0.06329,0.00056,0.99999,0.00468,-0.00231,-0.00064,0.99804,0.06141,-0.00999,-0.00685,33.3,34.5,0.0655,0.0761
20:08:44.029,1790255324.0294,751,-0.805,7.298,1.572,1.981,-0.00392,0.01929,0.99556,0.00239,0.00207,-0.0008,0.02829,0.1401,0.98559,0.13919,-0.06761,0.00473,0.99998,0.00588,-0.00129,-0.00065,0.99784,0.06436,-0.01115,-0.00678,33.3,34.5,0.0768,0.0769
20:08:44.050,1790255324.0502,752,-0.793,7.73,1.568,1.991,0.00967,0.00625,0.98684,2e-05,-0.00298,-0.00444,0.02992,0.14453,0.97438,0.13776,-0.07075,0.0005,0.99998,0.005,-0.00249,-0.00069,0.99764,0.06725,-0.01227,-0.00676,33.3,34.5,0.0702,0.0691
20:08:44.071,1790255324.0708,753,-0.551,8.088,1.564,2.001,0.00758,0.00814,0.98411,0.00376,0.00199,-0.00333,0.0151,0.13947,0.98744,0.13,-0.06533,0.00036,0.99998,0.00428,-0.00366,-0.00072,0.99748,0.06968,-0.01136,-0.00687,33.3,34.5,0.0681,0.078
20:08:44.091,1790255324.091,754,-0.525,8.576,1.561,2.012,0.00966,-0.00282,0.98444,0.002,-0.00467,0.00272,0.01818,0.15826,0.97238,0.13652,-0.05811,0.00576,0.99999,0.00295,-0.004,-0.00068,0.99727,0.0726,-0.01152,-0.00684,33.3,34.5,0.0684,0.069
20:08:44.111,1790255324.1113,755,-0.915,8.669,1.557,2.023,-0.01189,0.01009,1.00144,-0.00171,-0.00229,-0.00026,0.02825,0.1431,0.99061,0.13839,-0.05851,-0.00087,0.99999,0.00326,-0.00246,-0.00069,0.99717,0.07368,-0.01338,-0.00674,33.3,34.5,0.0788,0.079
20:08:44.131,1790255324.1315,756,-1.263,8.938,1.552,2.034,-0.00872,0.00675,0.99606,-0.00099,0.0033,0.0024,0.04587,0.15667,0.97759,0.14257,-0.03984,0.00262,0.99999,0.00328,-0.00087,-0.00067,0.99698,0.076,-0.01485,-0.00661,33.3,34.5,0.0771,0.0733
20:08:44.151,1790255324.1517,757,-1.409,9.19,1.547,2.046,-0.01194,0.01512,0.99221,-8e-05,-0.00074,8e-05,0.02209,0.17516,0.97193,0.14033,-0.05635,0.00331,0.99999,0.00408,0.0004,-0.00068,0.99674,0.07898,-0.01486,-0.00662,33.3,34.5,0.0743,0.0709
20:08:44.172,1790255324.1723,758,-1.33,9.428,1.543,2.058,0.00069,0.0101,0.99395,0.00114,-0.00246,0.00157,0.02877,0.17625,0.98542,0.14908,-0.04818,0.00427,0.99999,0.00534,-0.00056,-0.00066,0.99647,0.08231,-0.01514,-0.00659,33.3,34.5,0.0755,0.0789
20:08:44.192,1790255324.1925,759,-1.4,9.909,1.538,2.071,0.00633,-0.00082,0.99801,-0.00152,0.00266,0.00149,0.03811,0.17351,0.98653,0.14309,-0.04072,0.00184,0.99999,0.00388,-0.00119,-0.00064,0.99622,0.08504,-0.01642,-0.00648,33.3,34.5,0.0785,0.0782
20:08:44.212,1790255324.2128,760,-1.294,10.084,1.533,2.084,0.00518,0.01724,0.99398,-0.00016,-0.00296,0.00214,0.02906,0.17713,0.99396,0.14751,-0.04179,-0.00249,0.99998,0.00534,-0.00166,-0.00062,0.99597,0.08803,-0.01597,-0.00657,33.3,34.5,0.0756,0.0725
20:08:44.233,1790255324.233,761,-1.362,10.284,1.528,2.097,0.00425,0.00181,0.98985,0.00363,5e-05,-0.00147,0.03694,0.16323,0.9905,0.15001,-0.03781,-0.00275,0.99999,0.00392,-0.00182,-0.00063,0.99593,0.08834,-0.01674,-0.0065,33.3,34.5,0.0724,0.0766
20:08:44.253,1790255324.2536,762,-1.186,10.247,1.524,2.111,0.00503,0.03108,0.99337,0.00158,-0.0019,-0.00347,0.02097,0.17118,0.97598,0.14687,-0.02551,-0.00472,0.99998,0.00549,-0.00194,-0.00067,0.99584,0.0896,-0.01532,-0.00664,33.3,34.5,0.0754,0.0733
20:08:44.274,1790255324.274,763,-1.123,10.37,1.52,2.124,0.00662,0.0092,0.99132,0.00153,0.00018,-5e-05,0.03362,0.17076,0.99076,0.14847,-0.03563,0.00098,0.99998,0.00471,-0.00322,-0.00066,0.9958,0.08991,-0.01606,-0.00653,33.3,34.5,0.0735,0.0755
20:08:44.294,1790255324.2942,764,-1.224,10.547,1.515,2.138,-0.0119,-0.01215,0.99407,0.00255,-0.00153,0.00193,0.02885,0.15694,0.96814,0.14871,-0.02583,0.00422,0.99999,0.00357,-0.00224,-0.00064,0.99577,0.0903,-0.01598,-0.00645,33.3,34.5,0.0757,0.0659
20:08:44.314,1790255324.3145,765,-1.152,10.58,1.511,2.151,-0.0025,0.01249,0.97081,0.00284,-0.00327,0.0021,-0.00167,0.16434,0.97916,0.14571,-0.00915,0.00295,0.99999,0.00434,-0.00136,-0.00062,0.99569,0.09135,-0.01446,-0.0065,33.3,34.5,0.0582,0.0746
20:08:44.334,1790255324.3348,766,-1.002,10.55,1.507,2.165,0.01011,0.01097,0.97842,-0.00119,0.00177,0.0,0.02773,0.17691,0.98423,0.15194,-0.01115,0.00262,0.99999,0.00474,-0.00258,-0.00062,0.99568,0.0915,-0.01435,-0.00641,33.3,34.5,0.0639,0.0797
20:08:44.355,1790255324.3553,767,-1.036,10.752,1.503,2.179,0.00604,-0.00606,0.9844,-0.00158,-0.00183,-0.00032,0.03595,0.16405,0.99065,0.15327,-0.00445,0.0058,0.99999,0.00332,-0.00268,-0.00062,0.99564,0.09184,-0.01476,-0.00623,33.3,34.5,0.0683,0.0764
20:08:44.375,1790255324.3755,768,-0.694,10.867,1.499,2.193,0.01945,0.01156,0.98947,0.00106,0.00154,-0.00204,0.01296,0.18335,0.9902,0.14129,-0.01248,0.00287,0.99998,0.00381,-0.00405,-0.00063,0.99553,0.09336,-0.01315,-0.0063,33.3,34.5,0.0723,0.0747
20:08:44.396,1790255324.396,769,-0.961,10.977,1.495,2.207,-0.01402,0.00373,0.98485,0.00296,-0.0014,-0.0012,0.03841,0.17516,0.99063,0.15406,-0.00856,3e-05,0.99999,0.0036,-0.00268,-0.00065,0.99544,0.09409,-0.0141,-0.00614,33.3,34.5,0.0687,0.075
20:08:44.416,1790255324.4166,770,-0.654,11.119,1.492,2.221,0.01099,0.01363,1.00356,-0.00212,-0.00038,0.00111,0.01839,0.18971,0.97286,0.15345,0.00142,-0.00059,0.99998,0.00477,-0.00373,-0.00064,0.99523,0.09651,-0.01249,-0.00624,33.3,34.5,0.0772,0.0735
20:08:44.437,1790255324.4369,771,-0.759,11.366,1.488,2.236,0.00686,0.00723,0.98137,-0.00496,-0.00036,-0.00082,0.04187,0.16839,0.96456,0.15425,-0.00106,0.00375,0.99999,0.00341,-0.00345,-0.00064,0.99515,0.09729,-0.01314,-0.00605,33.3,34.5,0.0661,0.065
20:08:44.457,1790255324.4573,772,-0.82,11.367,1.484,2.251,0.01989,0.03256,1.01434,0.00086,-0.00251,0.00099,0.04654,0.18778,0.98677,0.15309,0.00375,-0.00494,0.99998,0.00467,-0.00411,-0.00064,0.99501,0.09855,-0.01431,-0.0059,33.3,34.5,0.0687,0.0758
20:08:44.477,1790255324.4778,773,-0.907,11.59,1.481,2.266,0.007,-0.00269,0.98627,0.00229,0.00052,0.00208,0.04454,0.17441,0.97694,0.14816,0.01012,0.00355,0.99999,0.00327,-0.00398,-0.00061,0.99495,0.09909,-0.01493,-0.00569,33.3,34.5,0.0697,0.075
20:08:44.498,1790255324.4983,774,-0.931,11.493,1.477,2.281,0.00019,0.01604,0.9815,6e-05,0.00097,9e-05,0.02471,0.17658,0.98122,0.15181,0.01164,0.00414,0.99999,0.00433,-0.00313,-0.00062,0.99494,0.0993,-0.01427,-0.00559,33.3,34.5,0.0662,0.078
20:08:44.518,1790255324.5185,775,-1.181,11.773,1.472,2.296,0.00014,0.00457,0.98753,-0.00084,3e-05,0.00108,0.03663,0.19479,0.9688,0.15494,0.02013,0.00121,0.99999,0.00355,-0.00194,-0.00062,0.99476,0.10093,-0.01527,-0.00536,33.3,34.5,0.0707,0.0717
20:08:44.539,1790255324.5391,776,-1.191,11.942,1.468,2.311,0.01002,0.01522,0.9764,0.00371,0.00037,0.00146,0.03271,0.20183,0.97168,0.14826,0.01795,-0.00068,0.99999,0.00461,-0.00271,-0.0006,0.99449,0.10346,-0.01612,-0.00518,33.3,34.5,0.0624,0.0747
20:08:44.559,1790255324.5595,777,-1.033,11.881,1.464,2.326,0.0048,0.01397,0.98301,0.00127,-0.00219,-0.00307,0.00996,0.19195,0.99389,0.15039,0.01454,-0.00098,0.99998,0.00599,-0.00259,-0.00064,0.99442,0.10431,-0.0146,-0.00522,33.3,34.5,0.0673,0.0708
20:08:44.579,1790255324.5797,778,-0.966,12.044,1.46,2.342,-0.00257,0.00523,0.9894,0.00171,-0.00352,-6e-05,0.012,0.19187,0.98014,0.13825,0.02898,0.0014,0.99999,0.00505,-0.00152,-0.00064,0.9944,0.10479,-0.01295,-0.00523,33.3,34.5,0.0721,0.0791
20:08:44.600,1790255324.5999,779,-0.879,12.223,1.457,2.358,0.00392,0.00941,1.00656,-0.00324,-0.00082,-0.00081,0.03628,0.19696,0.98954,0.14464,0.02743,-0.00482,0.99999,0.00401,-0.00267,-0.00065,0.99434,0.10532,-0.01334,-0.00509,33.3,34.5,0.075,0.0728
20:08:44.620,1790255324.6201,780,-0.894,12.06,1.453,2.373,-0.0023,0.0255,0.99959,-0.00302,0.00215,-0.00404,0.02614,0.19033,0.98088,0.13813,0.03613,-0.00206,0.99998,0.00546,-0.002,-0.00069,0.99434,0.10534,-0.01278,-0.005,33.3,34.5,0.0799,0.0796
20:08:44.640,1790255324.6404,781,-0.854,12.241,1.449,2.388,-0.00294,-0.01025,0.99175,-0.00128,-0.00418,-0.00073,0.02132,0.18413,0.97118,0.13403,0.03419,-0.00161,0.99999,0.00402,-0.00158,-0.0007,0.99434,0.10548,-0.01202,-0.00493,33.3,34.5,0.0739,0.0715
20:08:44.661,1790255324.6609,782,-0.691,12.361,1.446,2.404,0.0044,0.00708,0.99231,0.00095,-0.00486,-0.00316,0.02746,0.19426,0.9799,0.14942,0.03217,0.00025,0.99999,0.00315,-0.00287,-0.00073,0.99432,0.10568,-0.01188,-0.00478,33.3,34.5,0.0743,0.0795
20:08:44.681,1790255324.6811,783,-0.862,12.489,1.442,2.42,-0.00752,0.00078,0.99364,-0.00343,-0.00156,-0.0006,0.04262,0.17919,0.97427,0.1487,0.04721,-0.00117,1.0,0.00253,-0.00149,-0.00074,0.99427,0.10615,-0.01197,-0.00459,33.3,34.5,0.0753,0.0737
20:08:44.701,1790255324.7014,784,-0.849,12.446,1.439,2.436,0.0067,0.01258,0.96471,0.00222,-0.00695,-0.00099,0.03527,0.19995,0.97428,0.13966,0.05167,-0.0002,0.99999,0.00352,-0.00205,-0.00075,0.9942,0.10677,-0.01238,-0.00435,33.3,34.5,0.0536,0.0764
20:08:44.722,1790255324.7219,785,-0.927,12.331,1.435,2.452,-0.00059,0.01663,0.99171,0.00353,0.00163,0.00088,0.03369,0.19953,0.99321,0.13723,0.04797,-0.00023,0.99999,0.00492,-0.00138,-0.00074,0.99416,0.10717,-0.01236,-0.00416,33.3,34.5,0.0739,0.0698
20:08:44.742,1790255324.7422,786,-0.686,12.478,1.432,2.467,0.00773,0.0062,0.98581,-0.00483,-0.00134,-1e-05,0.02225,0.20427,1.00167,0.14592,0.0506,-0.00199,0.99999,0.00407,-0.00255,-0.00074,0.99412,0.1076,-0.01143,-0.00409,33.3,34.5,0.0694,0.0631
20:08:44.762,1790255324.7628,787,-0.858,12.576,1.428,2.483,-0.0158,0.00017,1.00234,0.00079,-0.002,-0.00231,0.03359,0.19776,0.98164,0.13565,0.06116,-0.00606,0.99999,0.0035,-0.00107,-0.00076,0.99409,0.10788,-0.01144,-0.00392,33.3,34.5,0.0781,0.0786
20:08:44.783,1790255324.7829,788,-0.948,12.566,1.424,2.499,0.00148,0.01109,0.97387,-0.00319,0.00055,0.00037,0.03612,0.21007,0.97743,0.13721,0.0683,-0.00077,0.99999,0.00467,-0.0009,-0.00076,0.99397,0.10895,-0.01203,-0.00364,33.3,34.5,0.0605,0.0797
20:08:44.803,1790255324.8035,789,-1.112,12.671,1.42,2.515,-0.01706,0.00088,0.98723,-0.00026,-0.00125,0.00021,0.03464,0.20207,0.98251,0.13557,0.05723,0.00178,0.99999,0.00409,0.00043,-0.00077,0.99393,0.10927,-0.01211,-0.00339,33.3,34.5,0.0705,0.0772
20:08:44.824,1790255324.824,790,-1.004,12.734,1.417,2.531,0.00629,0.00854,0.97301,-0.00223,0.0013,0.00146,0.03217,0.21192,0.98133,0.13317,0.07378,0.00035,0.99999,0.00416,-0.00079,-0.00075,0.99386,0.1099,-0.01235,-0.00311,33.3,34.5,0.0598,0.0767
20:08:44.844,1790255324.8442,791,-0.908,12.981,1.413,2.547,0.01363,0.00721,0.98136,0.00299,0.00279,-4e-05,0.0418,0.22651,0.97564,0.12706,0.07394,0.00073,0.99999,0.00408,-0.00209,-0.00074,0.99362,0.11198,-0.0128,-0.00282,33.3,34.5,0.0661,0.0782
20:08:44.864,1790255324.8644,792,-1.05,13.131,1.409,2.563,2e-05,0.00517,0.98507,-0.00135,6e-05,0.00135,0.04721,0.19824,0.97293,0.13615,0.07244,0.00336,0.99999,0.00326,-0.00095,-0.00073,0.99357,0.11245,-0.01287,-0.00252,33.3,34.5,0.0688,0.0755
20:08:44.885,1790255324.8848,793,-1.189,13.198,1.405,2.58,-0.00881,0.00461,0.98373,0.00213,0.00231,-0.00035,0.04472,0.19035,0.96679,0.13189,0.06889,-0.0021,0.99999,0.00305,0.00044,-0.00074,0.99353,0.11282,-0.01268,-0.00231,33.3,34.5,0.0678,0.0698
20:08:44.905,1790255324.9054,794,-1.204,13.323,1.401,2.597,-0.0026,0.00416,0.99884,0.00244,0.00092,0.00129,0.02724,0.1773,0.98219,0.12441,0.07833,-0.0038,1.0,0.00186,0.00153,-0.00073,0.99356,0.11272,-0.0117,-0.00218,33.3,34.5,0.0791,0.0788
20:08:44.926,1790255324.9258,795,-1.351,13.274,1.397,2.613,-0.01362,0.00799,0.9977,0.00037,-0.00265,-0.00101,0.04502,0.19576,0.98508,0.11865,0.08358,-0.00019,0.99999,0.00246,0.00298,-0.00074,0.99354,0.11289,-0.0115,-0.00193,33.3,34.49,0.0784,0.076
20:08:44.946,1790255324.9462,796,-1.082,13.225,1.393,2.63,0.02017,0.01101,0.98773,-0.00036,-0.00152,0.00178,0.02496,0.20466,0.97366,0.11947,0.08983,0.00187,0.99999,0.00279,0.00155,-0.00072,0.99356,0.1128,-0.01054,-0.00172,33.3,34.49,0.071,0.0764
20:08:44.966,1790255324.9665,797,-0.974,13.398,1.389,2.646,-0.00121,0.0001,0.99065,-0.00267,-0.00254,-8e-05,0.02325,0.21734,0.96844,0.11908,0.08954,0.00035,1.0,0.00136,0.00104,-0.00072,0.99356,0.11288,-0.01008,-0.00148,33.3,34.49,0.073,0.0746
20:08:44.986,1790255324.9866,798,-0.983,13.251,1.386,2.662,-0.00582,0.01675,0.9875,0.00028,0.00036,-0.00226,0.03475,0.20146,0.97232,0.11277,0.0909,-0.00553,0.99999,0.00274,0.00141,-0.00074,0.99355,0.11299,-0.00976,-0.00128,33.3,34.49,0.0707,0.0752
20:08:45.007,1790255325.0069,799,-0.816,13.177,1.382,2.679,0.00106,0.00816,0.99408,-0.00077,-0.00111,-0.00086,0.03283,0.21317,0.98736,0.10689,0.0976,-2e-05,0.99999,0.00362,0.00016,-0.00074,0.99352,0.11322,-0.00952,-0.00101,33.3,34.49,0.0756,0.072
20:08:45.027,1790255325.0274,800,-0.741,12.999,1.379,2.695,-0.00076,0.01032,0.98284,0.00193,-0.00029,0.00218,0.02176,0.21178,0.97293,0.11129,0.09661,0.00034,0.99999,0.005,0.00034,-0.00072,0.99355,0.11306,-0.00865,-0.00079,33.3,34.49,0.0672,0.077
20:08:45.048,1790255325.048,801,-0.867,13.123,1.376,2.711,-0.00717,0.01429,0.99067,-0.00175,0.00011,0.00032,0.02854,0.22587,0.94936,0.10665,0.09971,-0.00181,0.99998,0.00584,0.00159,-0.00072,0.99333,0.11497,-0.00848,-0.00053,33.3,34.49,0.0731,0.0622
20:08:45.068,1790255325.0684,802,-0.922,13.069,1.372,2.726,-0.00405,0.01598,0.98332,0.00179,0.00468,0.00089,0.05655,0.21557,0.95832,0.09959,0.09527,-0.00163,0.99997,0.00721,0.00191,-0.00071,0.99323,0.11587,-0.0086,-0.00023,33.3,34.49,0.0676,0.0679
20:08:45.089,1790255325.0889,803,-0.82,13.06,1.369,2.742,0.0024,0.02068,0.9891,0.00263,0.00035,4e-05,0.05635,0.22084,0.96072,0.10127,0.10442,-0.00062,0.99996,0.0083,0.00089,-0.0007,0.99311,0.11687,-0.0087,9e-05,33.3,34.49,0.072,0.0705
20:08:45.109,1790255325.1095,804,-0.815,13.113,1.365,2.758,-0.02769,0.00505,0.98884,0.0021,-0.00039,0.00213,0.01448,0.19871,0.96129,0.09912,0.1034,0.00191,0.99997,0.00772,0.00224,-0.00069,0.99313,0.11676,-0.00728,0.00028,33.3,34.49,0.0719,0.0663
20:08:45.129,1790255325.1297,805,-0.583,13.12,1.362,2.774,0.01476,0.01197,0.98289,-0.00046,-0.00203,0.00324,0.02722,0.20523,0.97526,0.10154,0.11108,0.00082,0.99997,0.00749,0.00088,-0.00065,0.99316,0.11659,-0.00658,0.00054,33.3,34.49,0.0673,0.0777
20:08:45.150,1790255325.1502,806,-0.573,13.331,1.359,2.79,-0.00409,-0.01566,0.99539,-0.00075,-0.00013,0.00218,0.03359,0.21327,0.96283,0.0908,0.10902,-0.00276,0.99998,0.00591,0.001,-0.00063,0.99313,0.11686,-0.00634,0.00082,33.3,34.49,0.0766,0.0701
20:08:45.170,1790255325.1704,807,-0.663,13.547,1.356,2.806,-0.0101,-0.002,0.99776,0.00247,-0.00053,-0.00154,0.04352,0.22234,0.98371,0.08851,0.11672,0.00534,0.99999,0.00457,0.00179,-0.00065,0.99306,0.1174,-0.00628,0.00121,33.3,34.49,0.0784,0.0729
20:08:45.190,1790255325.1907,808,-0.748,13.444,1.353,2.822,-0.00501,0.01161,0.98579,-0.00027,-0.00127,0.00018,0.04163,0.21744,0.97365,0.08793,0.112,-0.00247,0.99998,0.0058,0.00249,-0.00065,0.99302,0.11773,-0.00629,0.00153,33.3,34.49,0.0694,0.0789
20:08:45.211,1790255325.2109,809,-0.807,13.423,1.35,2.838,-0.01774,0.01046,0.98455,0.00029,0.00163,-0.00344,0.02332,0.19709,0.97401,0.09572,0.10695,-0.00091,0.99998,0.0057,0.00389,-0.0007,0.99306,0.11746,-0.00538,0.00174,33.3,34.49,0.0686,0.0755
20:08:45.231,1790255325.2315,810,-0.673,13.304,1.347,2.854,0.00487,0.02657,0.99415,0.00243,-0.00311,-0.00181,0.04601,0.21039,0.98298,0.08548,0.11338,-0.00145,0.99997,0.00692,0.00286,-0.00071,0.99304,0.11764,-0.00521,0.00205,33.3,34.49,0.0759,0.0753
20:08:45.252,1790255325.2521,811,-0.483,13.383,1.344,2.87,0.0186,0.01289,0.99163,-0.00057,-0.00579,-0.00257,0.06128,0.22121,0.99178,0.08234,0.11161,-0.00477,0.99998,0.00686,0.00127,-0.00072,0.99297,0.11825,-0.00509,0.00233,33.3,34.49,0.0739,0.0665
20:08:45.272,1790255325.2723,812,-0.31,13.391,1.342,2.886,0.01047,0.01437,0.98413,-0.00284,0.00241,0.00248,0.04469,0.20887,0.98579,0.08717,0.10375,-0.00561,0.99998,0.00692,-8e-05,-0.00069,0.99295,0.11838,-0.00491,0.00258,33.3,34.49,0.0682,0.0735
20:08:45.292,1790255325.2928,813,-0.181,13.476,1.339,2.902,0.00392,0.00385,0.97018,0.00157,-0.00131,0.00372,0.02692,0.20453,0.97788,0.08504,0.12104,0.0025,0.99998,0.00584,-0.00053,-0.00065,0.993,0.11804,-0.00418,0.00288,33.3,34.49,0.0576,0.0796
20:08:45.313,1790255325.3133,814,-0.003,13.445,1.337,2.918,0.00649,0.01347,0.99748,0.00215,-0.00246,-0.00241,0.03945,0.21794,0.97617,0.08093,0.11514,-0.00427,0.99998,0.00637,-0.00208,-0.00066,0.99297,0.11828,-0.00415,0.00318,33.3,34.49,0.0782,0.0793
20:08:45.334,1790255325.3339,815,-0.02,13.625,1.335,2.934,0.00406,0.00834,0.9806,0.00199,-0.00267,-0.00477,0.03178,0.22551,0.97541,0.0664,0.10891,0.00695,0.99998,0.00504,-0.0021,-0.00071,0.99294,0.11851,-0.00426,0.0036,33.3,34.49,0.0655,0.0788
20:08:45.354,1790255325.3541,816,0.069,13.403,1.333,2.95,0.00696,0.03151,0.99272,0.00127,0.00086,-0.00127,0.03687,0.18762,0.97307,0.06184,0.10908,0.00405,0.99998,0.00654,-0.0023,-0.00071,0.99299,0.11807,-0.00366,0.0039,33.3,34.49,0.0749,0.0738
20:08:45.375,1790255325.3749,817,-0.012,13.431,1.331,2.965,-0.00135,0.00924,0.9857,0.00076,0.00036,0.00035,0.02878,0.20634,0.9801,0.05875,0.11821,-0.00184,0.99998,0.00578,-0.00107,-0.00072,0.99305,0.11757,-0.0031,0.00417,33.3,34.49,0.0693,0.0785
20:08:45.396,1790255325.3958,818,0.105,13.551,1.329,2.981,0.01343,-0.0194,0.98802,-0.00029,0.00448,0.00032,0.03834,0.19123,0.96866,0.05659,0.11946,-0.00257,0.99999,0.00437,-0.00154,-0.00071,0.99309,0.11721,-0.00249,0.00444,33.3,34.49,0.0712,0.0711
20:08:45.416,1790255325.4165,819,0.03,13.663,1.328,2.997,-0.00908,-0.00597,0.96529,-0.00192,0.00236,-0.00398,0.03281,0.22096,0.98008,0.05881,0.12342,-0.00027,0.99999,0.0035,-0.0008,-0.00075,0.99308,0.11732,-0.00236,0.00478,33.3,34.49,0.054,0.0761
20:08:45.437,1790255325.4372,820,0.282,13.7,1.326,3.013,0.00414,0.00408,1.00431,-0.00076,-0.00153,-0.00045,0.01582,0.18998,0.97784,0.03944,0.12488,-0.00361,1.0,0.00228,-0.00186,-0.00075,0.99319,0.1164,-0.00117,0.00498,33.3,34.49,0.0768,0.0772
20:08:45.457,1790255325.4576,821,0.382,13.471,1.325,3.029,0.0056,0.01268,0.99335,-0.00361,0.00182,-0.00109,0.03534,0.18823,0.9773,0.04803,0.12086,0.00098,0.99999,0.00373,-0.00219,-0.00077,0.99325,0.11585,-0.00062,0.00527,33.3,34.49,0.0751,0.0769
20:08:45.478,1790255325.4779,822,0.542,13.258,1.323,3.044,0.00637,0.01148,0.9865,0.00342,-0.00379,-0.00037,0.0212,0.20321,0.98997,0.04516,0.12181,-0.00245,0.99998,0.00504,-0.00287,-0.00077,0.99332,0.11529,0.00011,0.00551,33.3,34.49,0.0699,0.0719
20:08:45.498,1790255325.4981,823,0.705,13.198,1.322,3.059,0.01045,0.01075,0.98027,0.0006,0.00081,0.00041,0.03427,0.20894,0.97888,0.03272,0.1238,-0.00167,0.99998,0.00527,-0.00416,-0.00076,0.99335,0.11497,0.00027,0.00582,33.3,34.49,0.0653,0.0789
20:08:45.518,1790255325.5184,824,0.654,13.395,1.321,3.074,0.00536,-0.00227,0.99457,0.00087,-0.00114,-0.00199,0.04572,0.22073,0.98153,0.03359,0.11663,0.00422,0.99999,0.00378,-0.00383,-0.00078,0.99332,0.1152,0.00022,0.0062,33.3,34.49,0.0759,0.0747
20:08:45.538,1790255325.5388,825,0.502,13.459,1.32,3.09,-0.01289,0.00529,0.96662,-0.00325,0.00063,-0.00275,0.03029,0.22776,0.97205,0.0265,0.11783,-0.00062,0.99999,0.00363,-0.00271,-0.00081,0.99327,0.11562,7e-05,0.00655,33.3,34.49,0.055,0.0791
20:08:45.559,1790255325.5592,826,0.479,13.247,1.319,3.105,-0.00864,0.03952,0.98065,-0.00072,0.00207,-0.00072,0.03602,0.19725,0.98042,0.02967,0.12517,0.00136,0.99999,0.00486,-0.00216,-0.00082,0.99334,0.11501,0.00044,0.00688,33.3,34.49,0.0661,0.0795
20:08:45.579,1790255325.5796,827,0.396,13.374,1.318,3.12,-0.00072,-0.00123,0.99248,0.00098,0.00059,0.00171,0.02981,0.21412,0.98079,0.02807,0.1071,0.00421,0.99999,0.00349,-0.00152,-0.00082,0.99337,0.11476,0.00041,0.00723,33.3,34.49,0.0744,0.0768
20:08:45.600,1790255325.6001,828,0.32,13.242,1.316,3.135,-0.00706,0.0154,0.97766,0.00192,-0.00382,0.0002,0.04271,0.20381,0.95901,0.01086,0.12337,-0.00068,0.99999,0.00435,-0.00058,-0.00083,0.9934,0.11448,0.00071,0.00754,33.3,34.49,0.0634,0.066
20:08:45.620,1790255325.6207,829,0.435,13.067,1.315,3.149,0.00673,0.01737,1.0046,-0.00042,0.00043,-2e-05,0.04026,0.21052,0.98338,0.02165,0.12883,0.00477,0.99998,0.00567,-0.00143,-0.00082,0.99342,0.11425,0.00089,0.00793,33.3,34.49,0.0764,0.0751
20:08:45.641,1790255325.6412,830,0.303,13.076,1.313,3.164,-0.0137,0.00432,0.98728,0.00039,0.00078,-0.00023,0.0395,0.20268,0.99371,0.01613,0.10806,-0.00327,0.99999,0.00511,-9e-05,-0.00083,0.99347,0.1138,0.00111,0.00819,33.3,34.49,0.0705,0.0688
20:08:45.661,1790255325.6615,831,0.208,13.145,1.312,3.178,-0.00976,-0.00106,0.99688,-0.00137,-0.0014,0.00217,0.02579,0.20535,0.97146,0.01353,0.11805,-0.00563,0.99999,0.00391,0.00093,-0.00081,0.99353,0.11323,0.00136,0.00843,33.3,34.49,0.0777,0.0749
20:08:45.682,1790255325.6819,832,0.395,13.016,1.31,3.193,0.00394,0.0103,0.99122,0.00061,-0.00025,0.00505,0.02163,0.21221,0.98729,0.0078,0.12181,0.00122,0.99999,0.00452,-0.00044,-0.00076,0.99359,0.11268,0.00164,0.00875,33.3,34.49,0.0735,0.0724
20:08:45.702,1790255325.7021,833,0.51,12.784,1.309,3.207,0.0019,0.01068,0.99738,-0.00356,0.00169,-3e-05,0.02727,0.20258,0.98325,0.0033,0.11255,-0.00064,0.99998,0.00583,-0.00126,-0.00075,0.99367,0.11195,0.00182,0.00904,33.3,34.49,0.0781,0.0768
20:08:45.722,1790255325.7225,834,0.613,12.835,1.308,3.221,0.00349,0.00393,0.98775,0.00194,-0.00099,-0.0017,0.01811,0.18455,0.96695,0.00212,0.11657,0.00256,0.99999,0.00441,-0.00146,-0.00077,0.99378,0.11097,0.00257,0.0093,33.3,34.49,0.0708,0.0684
20:08:45.743,1790255325.743,835,0.675,12.945,1.307,3.235,0.01069,-0.00237,1.0199,-0.0005,0.00646,-0.00067,0.03311,0.21249,0.98555,0.00426,0.10883,0.0048,0.99999,0.0033,-0.00214,-0.00077,0.99379,0.1108,0.00249,0.00966,33.3,34.49,0.065,0.0734
20:08:45.763,1790255325.7633,836,0.533,12.871,1.306,3.249,0.00015,0.00544,0.99935,-0.0008,0.00023,-0.00058,0.02517,0.18829,0.97909,-0.00735,0.11114,-0.00147,1.0,0.00287,-0.00059,-0.00078,0.99391,0.10975,0.00283,0.00991,33.3,34.49,0.0795,0.078
20:08:45.783,1790255325.7836,837,0.455,12.609,1.305,3.263,-0.00337,0.01233,1.00487,0.00357,-0.0023,-0.00258,0.02627,0.19604,0.98853,-0.02049,0.10445,-0.00606,0.99999,0.00417,0.00026,-0.00081,0.99401,0.1088,0.00299,0.01012,33.3,34.49,0.0763,0.0739
20:08:45.803,1790255325.8037,838,0.576,12.629,1.304,3.276,0.00591,0.00327,0.98885,-0.00079,-0.001,-0.00541,0.04158,0.18988,0.98202,-0.01345,0.1067,0.00175,0.99999,0.00328,-0.00089,-0.00086,0.99409,0.10805,0.00295,0.01043,33.3,34.49,0.0717,0.0792
20:08:45.824,1790255325.8239,839,0.712,12.629,1.303,3.29,0.0068,0.00379,1.00853,-0.00109,0.00116,0.0001,0.03264,0.19556,0.98542,-0.01918,0.10068,0.0022,0.99999,0.00255,-0.00218,-0.00085,0.99416,0.1073,0.00288,0.01073,33.3,34.49,0.0736,0.0761
20:08:45.844,1790255325.8443,840,0.546,12.504,1.302,3.303,-0.01665,0.00757,0.98998,-0.00521,0.00227,-0.00034,0.02164,0.1943,0.97752,-0.01876,0.10424,-0.00308,1.0,0.00267,-0.00069,-0.00086,0.99426,0.10637,0.00293,0.01098,33.3,34.49,0.0726,0.0777
20:08:45.864,1790255325.8648,841,0.716,12.376,1.301,3.316,0.01359,0.00393,0.96847,0.00365,0.00107,0.00115,0.02331,0.17878,0.97781,-0.02513,0.10838,0.00265,0.99999,0.00259,-0.00184,-0.00084,0.99439,0.10513,0.0033,0.01125,33.3,34.49,0.0564,0.0757
20:08:45.885,1790255325.8852,842,0.521,12.298,1.3,3.329,-0.00357,0.00459,1.00093,-0.00182,0.00153,0.00079,0.02794,0.19022,0.97224,-0.02741,0.09858,-0.00275,1.0,0.00244,-0.00021,-0.00084,0.99447,0.10435,0.00324,0.01149,33.3,34.49,0.0793,0.0733
20:08:45.905,1790255325.9054,843,0.529,12.075,1.299,3.342,0.00248,0.02876,0.97478,0.00055,0.00117,-0.0006,0.03668,0.19427,0.99704,-0.03784,0.09425,-0.00472,0.99999,0.00368,-0.00032,-0.00084,0.99454,0.10364,0.00318,0.0117,33.3,34.49,0.0614,0.0677
20:08:45.925,1790255325.9257,844,0.666,12.085,1.298,3.354,0.01663,-0.00876,0.98945,-0.00414,0.00154,-0.0019,0.0275,0.18211,0.99936,-0.03021,0.09907,0.002,1.0,0.0026,-0.00134,-0.00085,0.99464,0.10263,0.0034,0.01196,33.3,34.48,0.0722,0.0679
20:08:45.946,1790255325.9463,845,0.49,11.871,1.297,3.367,-0.01623,0.01514,1.00001,0.00379,0.00303,0.00053,0.02356,0.18701,0.99068,-0.03579,0.09115,0.0027,0.99999,0.0034,0.00015,-0.00085,0.99474,0.10161,0.00334,0.01224,33.3,34.48,0.0798,0.0737
20:08:45.966,1790255325.9666,846,0.649,11.843,1.296,3.379,0.00922,0.00427,0.99696,0.00052,0.00049,0.00029,0.03781,0.19032,0.99497,-0.04141,0.09569,-0.00428,0.99999,0.003,-0.00138,-0.00085,0.99481,0.10092,0.00323,0.01246,33.3,34.48,0.0778,0.0697
20:08:45.986,1790255325.9868,847,0.548,11.63,1.295,3.391,-0.00182,0.02027,0.99212,0.00047,-0.0006,-0.00074,0.01593,0.19977,0.98525,-0.04356,0.08193,-0.00163,0.99999,0.00443,-0.00093,-0.00085,0.99485,0.10051,0.00278,0.0127,33.3,34.48,0.0742,0.0759
20:08:46.007,1790255326.0072,848,0.372,11.421,1.294,3.402,-0.00253,0.01005,1.0118,8e-05,-0.00181,0.00177,0.02452,0.17672,0.98281,-0.05891,0.08077,0.00097,0.99999,0.00478,0.00046,-0.00084,0.99499,0.09908,0.00263,0.01294,33.3,34.48,0.0711,0.0792
20:08:46.027,1790255326.0275,849,0.184,11.25,1.292,3.413,-0.0051,0.0121,0.98579,0.00137,0.00316,-0.00182,0.04996,0.18217,0.97311,-0.05053,0.07606,0.00119,0.99998,0.00555,0.00168,-0.00086,0.99506,0.0984,0.0022,0.0132,33.3,34.48,0.0694,0.0735
20:08:46.047,1790255326.0478,850,0.295,11.061,1.29,3.424,0.00049,0.01443,0.99285,-0.0021,-0.00201,-0.001,0.03391,0.18337,0.95755,-0.06213,0.07581,-0.00323,0.99998,0.00653,0.00052,-0.00087,0.99512,0.09771,0.00199,0.01339,33.3,34.48,0.0747,0.0617
20:08:46.068,1790255326.0683,851,0.382,11.076,1.289,3.435,0.00815,0.00576,0.9999,0.00048,0.00047,-0.00033,0.02969,0.18622,0.98473,-0.06691,0.08022,0.00556,0.99998,0.00551,-0.00076,-0.00086,0.99521,0.09679,0.00152,0.0137,33.3,34.48,0.08,0.078
20:08:46.089,1790255326.0889,852,0.316,11.158,1.288,3.446,0.00107,0.00615,0.99623,0.00288,-0.00166,-0.00104,0.03042,0.18698,0.99311,-0.06521,0.07637,0.00104,0.99999,0.00396,-0.00064,-0.00087,0.99529,0.09596,0.00112,0.01396,33.3,34.48,0.0772,0.0717
20:08:46.109,1790255326.1094,853,0.27,10.868,1.286,3.457,0.00321,0.02881,0.98969,0.00217,0.00048,0.00086,0.03608,0.17865,0.984,-0.06698,0.06918,0.00114,0.99998,0.00546,-0.00077,-0.00086,0.99538,0.09494,0.00054,0.01421,33.3,34.48,0.0726,0.0794
20:08:46.129,1790255326.1296,854,0.139,10.882,1.285,3.467,-0.00586,-0.00458,0.9846,0.00114,-0.00255,-0.00153,0.05448,0.1694,0.99391,-0.07276,0.05887,0.00076,0.99999,0.00422,-0.0002,-0.00088,0.99548,0.09385,1e-05,0.01443,33.3,34.48,0.0685,0.0727
20:08:46.150,1790255326.1501,855,0.195,10.9,1.283,3.478,0.01369,-0.00216,0.97922,0.0004,-0.00148,-0.00034,0.01844,0.18261,0.96998,-0.07091,0.06621,0.00448,0.99999,0.0034,-0.00124,-0.00087,0.99554,0.09317,-0.0005,0.0147,33.3,34.48,0.0645,0.0704
20:08:46.170,1790255326.1703,856,0.224,10.95,1.282,3.488,0.00617,0.00195,1.0055,-0.00284,-0.00025,-0.00129,0.02502,0.18316,0.99102,-0.07687,0.06005,0.00102,0.99999,0.00215,-0.00216,-0.00088,0.99562,0.09233,-0.00112,0.01492,33.3,34.48,0.0759,0.0739
20:08:46.191,1790255326.1909,857,0.257,10.711,1.28,3.499,0.01066,0.0125,0.99142,0.0014,-0.00257,-0.0002,0.03772,0.17777,0.98096,-0.08077,0.06249,0.00076,0.99999,0.00336,-0.00312,-0.00089,0.99569,0.09144,-0.00182,0.01516,33.3,34.48,0.0737,0.0782
20:08:46.211,1790255326.2114,858,0.098,10.438,1.279,3.508,0.0033,0.01127,0.98654,0.00128,-0.00226,0.00119,0.0402,0.17057,0.97856,-0.08399,0.05143,-0.00245,0.99999,0.00459,-0.00239,-0.00088,0.99579,0.09033,-0.00253,0.01534,33.3,34.48,0.07,0.0756
20:08:46.231,1790255326.2318,859,-0.066,10.106,1.277,3.518,0.00158,0.01398,0.99932,-0.00116,-0.00093,-0.00087,0.02592,0.16891,0.99135,-0.08487,0.04415,-0.00103,0.99998,0.00594,-0.0015,-0.00089,0.99592,0.08882,-0.00312,0.01552,33.3,34.48,0.0796,0.0755
20:08:46.252,1790255326.2522,860,-0.033,10.079,1.275,3.527,0.01132,-0.00538,0.9944,0.00189,-0.00254,-0.00128,0.02319,0.16393,0.97762,-0.0873,0.05313,-0.00599,0.99999,0.00457,-0.0022,-0.00089,0.99606,0.08721,-0.0035,0.01563,33.3,34.48,0.0759,0.0737
20:08:46.273,1790255326.2728,861,-0.252,9.857,1.273,3.536,-0.00437,0.01093,0.99124,-0.00098,0.00124,-0.00289,0.02601,0.15993,0.9756,-0.08821,0.05085,-0.00054,0.99999,0.00488,-0.0007,-0.00093,0.99619,0.08564,-0.00394,0.0158,33.3,34.48,0.0735,0.0717
20:08:46.293,1790255326.293,862,-0.179,9.668,1.271,3.544,0.01478,0.0101,0.97142,0.00132,0.00031,-0.00014,0.03207,0.15504,0.98148,-0.0964,0.04701,0.00456,0.99999,0.00493,-0.00189,-0.00093,0.99633,0.08402,-0.0045,0.01602,33.3,34.48,0.0587,0.0756
20:08:46.313,1790255326.3137,863,-0.076,9.501,1.269,3.553,-0.01706,0.02006,0.97355,0.00246,-0.00052,-0.00016,-0.00221,0.17058,1.00292,-0.10398,0.03417,3e-05,0.99998,0.00552,-0.00079,-0.00093,0.99641,0.08316,-0.00253,0.01595,33.3,34.48,0.0604,0.067
20:08:46.334,1790255326.334,864,-0.27,9.465,1.267,3.561,-0.01113,-0.00296,0.98122,0.00055,-0.00206,0.0018,0.02485,0.16231,0.99821,-0.10214,0.03611,0.00026,0.99999,0.00453,0.0001,-0.00092,0.9965,0.0819,-0.00331,0.01612,33.3,34.48,0.066,0.0713
20:08:46.354,1790255326.3545,865,-0.199,9.292,1.265,3.569,0.01708,0.01291,0.99822,-0.00254,-0.00076,0.00093,0.02694,0.15872,0.99434,-0.09515,0.02302,0.00369,0.99999,0.00485,-0.00149,-0.0009,0.9966,0.08068,-0.0043,0.01632,33.3,34.48,0.0788,0.0745
20:08:46.375,1790255326.375,866,-0.472,9.117,1.262,3.577,-0.00537,0.01088,0.98557,0.00224,0.00366,-0.00162,0.02288,0.15931,0.99731,-0.103,0.02216,-0.00303,0.99999,0.0051,-5e-05,-0.00093,0.99669,0.07947,-0.00526,0.01644,33.3,34.48,0.0692,0.0723
20:08:46.395,1790255326.3954,867,-0.201,8.778,1.26,3.584,0.01115,0.02166,0.99293,-0.00274,-0.00044,-0.00092,0.00939,0.15115,0.9713,-0.10294,0.01687,-0.00563,0.99998,0.00617,-0.00111,-0.00093,0.99685,0.07753,-0.00403,0.01636,33.3,34.48,0.0749,0.0673
20:08:46.415,1790255326.4157,868,-0.463,8.526,1.258,3.591,-0.01737,0.01662,1.00384,-0.00129,0.00016,0.00454,0.02063,0.14535,0.97741,-0.11565,0.0151,0.00061,0.99998,0.00649,0.00041,-0.00089,0.99698,0.07572,-0.00482,0.01649,33.3,34.48,0.0769,0.0713
20:08:46.436,1790255326.436,869,-0.152,8.276,1.256,3.597,0.01281,0.01302,0.99868,-0.00289,-0.00164,-0.00066,0.00817,0.14312,0.98741,-0.10553,0.01223,0.00298,0.99998,0.00646,-0.0012,-0.00089,0.99716,0.07344,-0.00376,0.0165,33.3,34.48,0.0791,0.0783
20:08:46.456,1790255326.4561,870,-0.237,8.051,1.254,3.603,0.00396,0.02949,0.99007,0.00271,0.00109,-0.00071,0.02824,0.15255,0.97342,-0.12463,0.00946,-0.00143,0.99997,0.00795,-0.00134,-0.0009,0.99718,0.07297,-0.00468,0.01659,33.3,34.48,0.0729,0.0693
20:08:46.476,1790255326.4766,871,-0.482,7.933,1.251,3.609,-0.01321,0.00599,0.99355,-0.001,-0.00022,-0.00099,0.02485,0.13884,1.00718,-0.11755,0.00672,0.00117,0.99997,0.00714,-3e-05,-0.00091,0.99731,0.0712,-0.00551,0.01671,33.3,34.48,0.0752,0.0672
20:08:46.497,1790255326.4971,872,-0.41,8.055,1.249,3.616,0.02178,-0.00718,0.97626,0.00158,-0.00274,0.00113,0.02065,0.15434,0.96999,-0.12245,0.00565,9e-05,0.99998,0.00626,-0.00098,-0.00089,0.99729,0.07136,-0.0058,0.01676,33.3,34.48,0.0624,0.0668
20:08:46.517,1790255326.5176,873,-0.637,7.901,1.246,3.622,-0.00538,0.0078,0.97724,-0.00334,0.00205,0.00069,0.02421,0.13159,0.98014,-0.12126,0.00331,0.0026,0.99998,0.00555,0.00015,-0.00089,0.99743,0.06936,-0.00665,0.01689,33.3,34.48,0.063,0.0719
20:08:46.537,1790255326.5378,874,-0.592,8.037,1.244,3.628,0.01616,-0.00422,0.99089,0.00173,-0.00115,0.00209,0.0414,0.17245,0.98708,-0.12732,0.00073,-0.00152,0.99999,0.00456,-0.00095,-0.00086,0.99741,0.06953,-0.00732,0.01694,33.3,34.48,0.0733,0.0778
20:08:46.558,1790255326.5582,875,-0.636,7.788,1.241,3.633,0.00419,0.01152,0.99003,0.00082,0.00215,-0.00099,0.03601,0.13882,0.99715,-0.12461,-0.01378,0.00245,0.99998,0.00565,-0.00194,-0.00087,0.99747,0.06843,-0.00874,0.01707,33.3,34.48,0.0726,0.0744
20:08:46.578,1790255326.5786,876,-0.436,7.347,1.239,3.638,0.00606,0.01586,0.99906,-0.00057,-0.00245,0.00024,0.01721,0.13116,0.98228,-0.13139,-0.00763,-0.0079,0.99997,0.0071,-0.00267,-0.00087,0.99764,0.06601,-0.00782,0.01695,33.3,34.48,0.0794,0.0734
20:08:46.599,1790255326.5991,877,-0.595,7.502,1.236,3.644,-0.00259,-0.00018,0.98901,-0.00067,-0.00174,-0.00176,0.02071,0.1343,0.97459,-0.12649,-0.0166,-0.00087,0.99998,0.0058,-0.00198,-0.00089,0.99763,0.06609,-0.00847,0.01698,33.3,34.48,0.0718,0.068
20:08:46.619,1790255326.6194,878,-0.739,7.65,1.234,3.649,-0.01063,0.00152,1.00195,0.00125,0.00038,1e-05,0.01908,0.13577,0.99594,-0.12649,-0.02376,-0.00045,0.99999,0.0049,-0.00067,-0.00089,0.99761,0.06653,-0.00838,0.01695,33.3,34.48,0.0785,0.076
20:08:46.639,1790255326.6396,879,-0.792,7.197,1.231,3.654,-0.00036,0.01448,0.98027,0.00268,-0.00159,0.00203,0.01993,0.12564,0.99868,-0.13578,-0.01871,0.00448,0.99998,0.00617,-0.00026,-0.00087,0.99778,0.06386,-0.00853,0.01701,33.3,34.48,0.0653,0.0749
20:08:46.660,1790255326.66,880,-0.902,6.785,1.228,3.658,0.0014,0.02469,0.9959,0.0017,0.00034,0.0006,0.03879,0.11383,1.0058,-0.13237,-0.02508,-0.00099,0.99997,0.00774,-0.00038,-0.00087,0.99789,0.06186,-0.00969,0.01707,33.3,34.48,0.0772,0.0703
20:08:46.680,1790255326.6802,881,-0.874,6.654,1.225,3.663,-0.00499,0.00077,0.9891,0.00029,0.00092,0.00094,0.01893,0.11977,0.99505,-0.13669,-0.03228,0.00079,0.99998,0.00639,0.00016,-0.00088,0.99805,0.05937,-0.00891,0.01703,33.3,34.48,0.0718,0.0782
20:08:46.700,1790255326.7007,882,-0.992,6.77,1.222,3.667,-0.00923,0.00632,0.97866,0.00108,-0.00612,0.00377,0.01832,0.13487,0.98144,-0.13329,-0.03328,0.00645,0.99998,0.00565,0.00117,-0.00085,0.99803,0.05969,-0.00889,0.01706,33.3,34.48,0.064,0.0731
20:08:46.721,1790255326.7212,883,-0.763,6.879,1.219,3.671,0.00217,0.00853,0.98668,-0.00249,-0.0014,-0.00125,0.00755,0.13662,0.99262,-0.13306,-0.04052,-0.00632,0.99999,0.0049,-9e-05,-0.00085,0.99803,0.05982,-0.00813,0.01691,33.3,34.48,0.07,0.0785
20:08:46.741,1790255326.7416,884,-0.467,6.722,1.217,3.675,0.01652,0.00656,0.98573,0.00213,0.00163,0.00246,0.01315,0.11699,0.98693,-0.14063,-0.0503,0.00046,0.99999,0.00465,-0.00147,-0.00082,0.99814,0.05814,-0.00694,0.01681,33.3,34.48,0.0694,0.0754
20:08:46.762,1790255326.7622,885,-0.454,6.574,1.215,3.679,-0.00797,-0.00458,0.9846,-0.00326,0.00083,-0.00163,0.00667,0.10779,0.99386,-0.1469,-0.04349,-0.00092,0.99999,0.00351,-0.00059,-0.00084,0.99829,0.05574,-0.00595,0.01672,33.3,34.48,0.0685,0.0798
20:08:46.782,1790255326.7825,886,-0.454,6.543,1.213,3.683,0.00315,0.00663,0.99558,0.0,0.00127,0.00571,0.0358,0.1236,0.99963,-0.14902,-0.04389,-0.00332,0.99999,0.00323,-0.00211,-0.00078,0.99831,0.05515,-0.00747,0.01673,33.3,34.48,0.0767,0.0741
20:08:46.803,1790255326.803,887,-0.516,6.389,1.21,3.687,0.0006,0.02105,0.99724,0.00027,-0.00245,0.00099,0.01669,0.12113,1.00455,-0.13912,-0.0534,-0.00394,0.99999,0.00478,-0.00176,-0.00077,0.9983,0.05537,-0.00772,0.01665,33.3,34.48,0.0781,0.071
20:08:46.823,1790255326.8234,888,-0.64,6.244,1.208,3.69,0.00262,-0.00223,0.97569,-0.00135,0.00434,-0.00198,0.02235,0.0966,0.98098,-0.14079,-0.05868,0.00097,0.99999,0.00352,-0.00163,-0.00079,0.99842,0.05287,-0.00867,0.01668,33.3,34.48,0.0618,0.0695
20:08:46.844,1790255326.844,889,-0.696,5.926,1.205,3.693,-0.00986,0.01166,0.9971,-0.00111,0.00136,0.00089,0.00506,0.09509,0.99349,-0.13937,-0.05486,0.00139,0.99999,0.00406,-0.00011,-0.0008,0.99855,0.05068,-0.0077,0.01661,33.3,34.48,0.0779,0.0785
20:08:46.864,1790255326.8642,890,-0.936,5.81,1.202,3.696,-0.02439,0.03211,0.98903,-0.00169,-0.0022,-0.00206,0.02726,0.12082,1.00352,-0.14309,-0.06805,-0.00416,0.99999,0.00506,0.00091,-0.00082,0.99854,0.05071,-0.00881,0.01656,33.3,34.48,0.0724,0.0716
20:08:46.884,1790255326.8847,891,-1.091,5.445,1.199,3.698,-0.00643,0.01079,0.97547,-0.00129,-0.00186,-0.00157,0.01851,0.0957,0.99293,-0.14857,-0.06118,-0.00246,0.99998,0.00529,0.00213,-0.00084,0.99868,0.04781,-0.00901,0.01651,33.3,34.48,0.0617,0.0783
20:08:46.905,1790255326.9051,892,-1.118,5.257,1.196,3.701,-0.00945,-0.00145,0.97013,0.00249,-0.00229,0.00083,0.01383,0.08474,1.00784,-0.15516,-0.06421,-0.00512,0.99999,0.00425,0.00259,-0.00084,0.99881,0.04514,-0.00879,0.01641,33.3,34.48,0.0576,0.0714
20:08:46.925,1790255326.9257,893,-1.146,5.108,1.193,3.702,0.00325,0.0173,0.98428,0.00082,0.00142,-0.00067,0.02429,0.09602,0.96969,-0.14956,-0.0778,-0.00418,0.99998,0.00527,0.00163,-0.00083,0.99881,0.04485,-0.01004,0.01635,33.3,34.48,0.0683,0.0611
20:08:46.946,1790255326.9459,894,-1.275,5.282,1.19,3.705,-0.00435,0.0051,0.98953,-0.00184,-0.00151,-0.00555,0.02263,0.09319,0.98513,-0.15036,-0.06577,0.00273,0.99999,0.00383,0.00191,-0.00089,0.9988,0.04494,-0.01083,0.01635,33.3,34.47,0.0722,0.0723
20:08:46.966,1790255326.9661,895,-1.11,5.169,1.187,3.707,0.00973,0.01797,0.9818,-0.00301,-0.00355,0.0006,0.01206,0.10252,0.97978,-0.15287,-0.07527,0.0015,0.99999,0.00462,0.00081,-0.00088,0.99881,0.0447,-0.01052,0.01628,33.3,34.47,0.0665,0.0689
20:08:46.986,1790255326.9867,896,-1.068,5.226,1.184,3.709,0.00354,0.00791,1.00199,-0.00023,-0.00177,-0.00033,0.02894,0.1007,0.9896,-0.15021,-0.06973,0.00284,0.99999,0.00421,-0.00077,-0.00088,0.9988,0.04475,-0.01173,0.01629,33.3,34.47,0.0785,0.0763
20:08:47.007,1790255327.0069,897,-1.056,4.982,1.181,3.71,0.00488,0.0075,0.99697,0.00287,-0.00107,-0.00041,0.02936,0.08379,1.00606,-0.15262,-0.0827,0.00433,0.99999,0.00383,-0.00231,-0.00088,0.99889,0.04222,-0.01318,0.01634,33.3,34.47,0.0778,0.0725
20:08:47.027,1790255327.0273,898,-0.883,4.952,1.178,3.712,0.0135,-0.00868,0.99745,0.0011,0.0016,0.00307,0.01243,0.08166,1.00527,-0.15565,-0.08882,0.00091,0.99999,0.00244,-0.00305,-0.00084,0.99897,0.04054,-0.0124,0.01625,33.3,34.47,0.0782,0.0735
20:08:47.047,1790255327.0477,899,-0.845,5.072,1.175,3.714,0.00409,-0.00376,0.99142,-0.00161,-0.00238,0.00201,0.00636,0.09391,0.99717,-0.14853,-0.08951,-0.00374,1.0,0.00096,-0.00274,-0.00081,0.999,0.0401,-0.01173,0.01611,33.3,34.47,0.0736,0.0788
20:08:47.067,1790255327.0678,900,-1.256,4.842,1.172,3.715,-0.00436,0.00175,0.99084,0.00031,0.00281,-0.00059,0.0302,0.0773,0.9967,-0.15075,-0.08601,0.00082,1.0,0.00094,-0.00124,-0.00082,0.99905,0.03815,-0.01384,0.01614,33.3,34.47,0.0731,0.0799
20:08:47.088,1790255327.0883,901,-1.029,4.798,1.169,3.717,0.01457,0.00146,0.99328,-0.00134,0.00226,-0.00111,0.00747,0.08877,0.9774,-0.14325,-0.08783,0.00067,1.0,0.00087,-0.00275,-0.00083,0.99907,0.03765,-0.01338,0.01606,33.3,34.47,0.075,0.0661
20:08:47.108,1790255327.1086,902,-0.754,4.608,1.166,3.718,0.01123,0.00355,0.98608,-0.00016,-0.00402,0.00108,0.00365,0.07648,0.99773,-0.15632,-0.08515,-0.00175,0.99999,0.00129,-0.00415,-0.00082,0.99914,0.03635,-0.0124,0.01594,33.3,34.47,0.0696,0.0795
20:08:47.129,1790255327.129,903,-1.034,4.295,1.163,3.719,-0.00444,0.00322,0.98807,-0.00295,-0.00363,0.00294,0.02786,0.06666,1.01384,-0.145,-0.09796,-0.00262,1.0,0.00133,-0.00273,-0.00079,0.99921,0.03373,-0.01349,0.0159,33.3,34.47,0.0711,0.0677
20:08:47.149,1790255327.1495,904,-0.984,3.961,1.161,3.719,0.00372,0.01219,1.00613,-0.00021,-0.00108,-0.00053,0.01531,0.06762,1.0099,-0.15238,-0.10089,0.00268,0.99999,0.00285,-0.00245,-0.0008,0.99927,0.03234,-0.01284,0.01584,33.3,34.47,0.0753,0.0708
20:08:47.170,1790255327.17,905,-0.775,4.017,1.158,3.719,0.01776,-0.00583,0.99961,0.00389,0.00053,0.00242,0.0085,0.07358,0.99404,-0.15125,-0.09963,-0.00033,0.99999,0.00179,-0.00367,-0.00077,0.9993,0.03172,-0.01221,0.01574,33.3,34.47,0.0798,0.0776
20:08:47.190,1790255327.1906,906,-0.858,3.93,1.155,3.72,-0.00704,-0.0023,0.99012,0.00015,0.00121,0.0011,0.01569,0.06231,0.98583,-0.14456,-0.10153,-0.00188,1.0,0.00123,-0.00228,-0.00077,0.99935,0.03043,-0.01156,0.01564,33.3,34.47,0.0726,0.0709
20:08:47.211,1790255327.211,907,-0.923,3.907,1.153,3.72,-0.00219,-0.00158,1.00833,0.00149,-0.00084,-0.00042,0.0027,0.06498,0.99569,-0.14345,-0.10454,0.00068,1.0,0.00046,-0.00099,-0.00077,0.99939,0.02949,-0.01082,0.01556,33.3,34.47,0.0737,0.0784
20:08:47.231,1790255327.2315,908,-1.005,3.703,1.15,3.72,-0.02208,0.01427,0.99139,-0.00089,0.00188,0.00018,0.00582,0.06287,1.00523,-0.1518,-0.11221,-0.00416,1.0,0.00118,0.00035,-0.00077,0.99942,0.02846,-0.01024,0.01543,33.3,34.47,0.0738,0.0746
20:08:47.252,1790255327.252,909,-0.755,3.663,1.147,3.72,0.02554,-0.00693,0.99895,-0.0024,0.00092,-0.00233,0.01207,0.05898,0.99774,-0.15486,-0.11367,-0.00499,1.0,0.00061,-0.00118,-0.00079,0.99946,0.02748,-0.00959,0.01529,33.3,34.47,0.0795,0.0797
20:08:47.272,1790255327.2725,910,-0.595,3.547,1.145,3.72,0.00651,0.00457,0.98383,7e-05,0.00233,-0.00151,0.0014,0.07223,1.00127,-0.14066,-0.10898,-0.00161,1.0,0.00148,-0.00225,-0.0008,0.99947,0.02731,-0.0093,0.0152,33.3,34.47,0.0679,0.0771
20:08:47.293,1790255327.2928,911,-0.828,3.594,1.142,3.719,-0.03339,-0.00311,1.0004,-0.0023,0.00053,0.00163,0.01724,0.0617,0.99495,-0.1513,-0.10849,0.0015,1.0,0.0012,-0.00065,-0.00079,0.99946,0.02749,-0.00972,0.01515,33.3,34.47,0.0793,0.0778
20:08:47.313,1790255327.3133,912,-0.673,3.347,1.14,3.719,0.00639,0.01262,0.98651,-0.0039,-0.00094,-0.0019,0.00827,0.05635,0.99471,-0.13459,-0.11288,0.00352,1.0,0.00244,-0.0013,-0.00081,0.99949,0.02655,-0.00907,0.01511,33.3,34.47,0.07,0.0773
20:08:47.333,1790255327.3335,913,-0.744,3.546,1.138,3.719,0.00114,-0.00366,1.00059,0.00079,0.00283,-0.00429,0.00591,0.07816,0.99423,-0.1416,-0.12304,-0.00144,1.0,0.00087,-0.00101,-0.00085,0.99949,0.02672,-0.00935,0.01502,33.3,34.47,0.0796,0.078
20:08:47.353,1790255327.3538,914,-1.003,3.68,1.135,3.719,-0.0059,-0.00445,0.98779,0.00339,0.00319,-0.00177,0.02169,0.07132,0.99424,-0.13824,-0.11156,-0.00045,1.0,2e-05,0.00016,-0.00087,0.99947,0.02709,-0.01041,0.01497,33.3,34.47,0.0709,0.0778
20:08:47.374,1790255327.3741,915,-1.228,3.564,1.132,3.718,-0.00062,-0.00668,0.97232,-0.00146,0.00119,-0.00066,0.04114,0.03457,1.01196,-0.13747,-0.1107,-0.00293,1.0,-0.0012,0.00022,-0.00088,0.9995,0.02489,-0.0123,0.01495,33.3,34.47,0.0593,0.07
20:08:47.394,1790255327.3946,916,-1.025,3.248,1.129,3.718,0.00212,-0.00116,0.99064,0.00225,0.00088,0.00021,0.00798,0.03742,0.99995,-0.13714,-0.11638,-0.00196,1.0,-0.00054,-0.00112,-0.00088,0.99956,0.02275,-0.01193,0.01487,33.3,34.47,0.073,0.0795
20:08:47.415,1790255327.415,917,-0.858,2.973,1.126,3.717,0.01283,0.00942,0.97935,-0.00021,0.00113,0.0005,-0.01255,0.03675,0.99082,-0.13629,-0.12082,0.00105,1.0,0.00038,-0.00206,-0.00088,0.9996,0.02123,-0.01147,0.01482,33.3,34.47,0.0646,0.0737
20:08:47.435,1790255327.4356,918,-0.869,2.715,1.124,3.716,-0.01289,0.02096,0.98341,0.00131,-0.00295,0.00292,-0.0152,0.04213,1.00197,-0.12938,-0.10939,0.00189,1.0,0.00147,-0.00119,-0.00085,0.99963,0.02008,-0.01075,0.01478,33.3,34.47,0.0678,0.0778
20:08:47.456,1790255327.4561,919,-0.764,2.34,1.121,3.714,0.01314,0.01227,0.99621,0.00203,0.00061,0.00071,0.00952,0.01837,0.98406,-0.12403,-0.12413,0.00031,0.99999,0.0025,-0.00239,-0.00085,0.99967,0.01781,-0.0111,0.01475,33.3,34.47,0.0773,0.0682
20:08:47.476,1790255327.4764,920,-0.84,2.227,1.119,3.712,-0.00564,0.00434,0.9713,-0.0015,0.00024,-0.00134,0.0035,0.03639,1.00345,-0.12743,-0.12677,0.00041,1.0,0.00243,-0.0012,-0.00087,0.9997,0.01678,-0.01059,0.0147,33.3,34.47,0.0585,0.0769
20:08:47.496,1790255327.4966,921,-0.846,2.218,1.116,3.71,-0.00626,-0.00625,0.97618,-0.00253,-0.00274,0.00182,0.00067,0.03382,1.00183,-0.12917,-0.10951,0.00067,1.0,0.00141,-0.00045,-0.00085,0.99972,0.0157,-0.00988,0.01466,33.3,34.47,0.0622,0.0782
20:08:47.517,1790255327.5173,922,-0.744,1.959,1.114,3.708,0.0023,0.00999,0.96592,-8e-05,0.00049,0.00131,-0.02002,0.0282,0.99583,-0.12102,-0.11704,-0.00061,1.0,0.00251,-0.00067,-0.00085,0.99974,0.01453,-0.00925,0.01461,33.3,34.47,0.0545,0.0773
20:08:47.537,1790255327.5377,923,-0.696,1.526,1.111,3.705,0.00258,0.01102,0.98913,8e-05,0.00136,0.00241,0.00469,0.01057,0.99876,-0.12518,-0.11429,-0.00369,0.99999,0.00395,-0.00096,-0.00082,0.99978,0.01218,-0.00921,0.01455,33.3,34.47,0.0719,0.0791
20:08:47.558,1790255327.5579,924,-0.614,1.39,1.109,3.702,0.01363,-0.00482,0.9908,-0.00236,-0.00077,0.00078,0.00694,-0.00025,0.9909,-0.11786,-0.11484,-0.00059,0.99999,0.00283,-0.00198,-0.00081,0.9998,0.00985,-0.00951,0.01453,33.3,34.47,0.0732,0.0732
20:08:47.578,1790255327.5783,925,-0.661,1.045,1.107,3.698,-0.00039,0.01471,0.98797,-9e-05,-0.00018,0.00468,0.00852,0.0129,0.98506,-0.11377,-0.12713,0.00137,0.99999,0.00414,-0.00136,-0.00077,0.99982,0.00816,-0.00937,0.01452,33.3,34.47,0.0711,0.0689
20:08:47.598,1790255327.5987,926,-0.574,0.76,1.105,3.695,0.0031,0.01326,1.00943,0.00467,-0.0012,0.00094,0.00081,0.01553,0.99505,-0.11118,-0.11944,0.00305,0.99998,0.00566,-0.00148,-0.00076,0.99983,0.00718,-0.00879,0.01453,33.29,34.47,0.0729,0.0764
20:08:47.619,1790255327.6192,927,-0.432,0.581,1.103,3.691,0.00653,0.01513,0.98844,-9e-05,0.00192,-0.00037,0.00256,0.02048,1.01796,-0.11777,-0.12787,0.00115,0.99997,0.00675,-0.00248,-0.00076,0.99984,0.00666,-0.00859,0.01451,33.29,34.47,0.0714,0.0664
20:08:47.640,1790255327.6399,928,-0.286,0.668,1.101,3.687,0.01385,0.00228,0.98387,0.00101,-0.00258,0.00195,-0.00207,0.02132,0.99465,-0.11278,-0.12648,-0.0025,0.99998,0.00566,-0.0034,-0.00073,0.99984,0.00631,-0.00819,0.01446,33.29,34.47,0.068,0.0762
20:08:47.660,1790255327.6604,929,-0.411,0.537,1.099,3.683,-0.02128,0.00563,0.985,0.00263,0.00035,3e-05,-0.00066,0.00732,1.01366,-0.11086,-0.12896,-0.00283,0.99998,0.00542,-0.002,-0.00073,0.99985,0.00496,-0.00791,0.01441,33.29,34.47,0.0689,0.0697
20:08:47.681,1790255327.6808,930,-0.433,0.734,1.097,3.679,0.00586,-0.00359,0.97862,-0.00456,0.00084,-0.00293,0.01444,0.01353,1.01035,-0.11367,-0.11529,0.00047,0.99999,0.00408,-0.00217,-0.00076,0.99985,0.00534,-0.00822,0.01439,33.29,34.47,0.064,0.0721
20:08:47.701,1790255327.7013,931,-0.408,0.75,1.095,3.675,0.0035,-0.00435,0.99182,-0.00321,0.00166,-0.00086,-0.01197,-0.00215,0.99086,-0.09662,-0.12246,0.00419,0.99999,0.00253,-0.00206,-0.00077,0.99986,0.00393,-0.00787,0.01442,33.29,34.47,0.0739,0.0732
20:08:47.721,1790255327.7216,932,-0.453,0.414,1.093,3.671,-0.00274,0.01483,0.98345,-0.00093,-0.00141,0.00073,-0.00195,-0.00683,1.00584,-0.1009,-0.10885,0.00076,0.99999,0.00365,-0.0013,-0.00076,0.99987,0.00213,-0.00756,0.01443,33.29,34.47,0.0677,0.0756
20:08:47.742,1790255327.7422,933,-0.546,0.313,1.091,3.667,-0.00151,-0.00749,0.99225,0.00624,-0.00127,-0.0011,0.00937,-0.01288,0.99664,-0.09369,-0.1116,-0.00456,1.0,0.00224,-0.0009,-0.00077,0.99986,-0.00014,-0.00797,0.01439,33.29,34.47,0.0742,0.0776
20:08:47.762,1790255327.7626,934,-0.401,0.381,1.089,3.663,0.00814,-0.01136,0.99542,0.00176,0.00061,-0.00251,0.00104,-0.00108,0.99476,-0.09703,-0.10466,-0.00292,1.0,0.00081,-0.00148,-0.0008,0.99987,-0.001,-0.00724,0.01436,33.29,34.47,0.0766,0.0761
20:08:47.783,1790255327.7831,935,-0.263,0.063,1.087,3.658,0.00832,0.0114,0.99762,7e-05,0.00434,0.00021,-0.00184,-0.01041,0.98543,-0.0919,-0.10632,-0.00139,0.99999,0.00221,-0.00221,-0.0008,0.99987,-0.0024,-0.00683,0.01435,33.29,34.47,0.0783,0.0691
20:08:47.803,1790255327.8034,936,-0.332,0.069,1.086,3.653,-0.00591,-0.00275,0.98802,-0.00092,-0.00266,-0.0015,-0.01662,-0.00391,0.99389,-0.09839,-0.11833,-0.00634,1.0,0.00138,-0.00106,-0.00081,0.99987,-0.00316,-0.00626,0.01428,33.29,34.47,0.071,0.0755
20:08:47.824,1790255327.8239,937,-0.301,0.068,1.084,3.649,-0.0011,-0.01914,0.98281,-0.00106,-0.00121,0.00068,-0.0099,-0.01864,0.99038,-0.08344,-0.10433,-0.00636,1.0,0.0,-0.00087,-0.0008,0.99987,-0.00455,-0.00579,0.01423,33.29,34.47,0.0672,0.073
20:08:47.844,1790255327.8441,938,-0.396,-0.259,1.082,3.644,-0.00972,0.00996,0.99758,0.00252,0.00206,-0.0019,-0.00353,-0.02469,0.9971,-0.08128,-0.09914,-0.00115,1.0,0.00106,0.00034,-0.00083,0.99986,-0.00631,-0.00547,0.01423,33.29,34.47,0.0783,0.0781
20:08:47.864,1790255327.8647,939,-0.131,-0.349,1.08,3.639,0.0126,0.00299,0.99004,-0.00031,-0.00139,-0.00155,-0.01917,-0.01496,1.00062,-0.07924,-0.10531,-0.00162,1.0,0.00115,-0.00117,-0.00084,0.99986,-0.00706,-0.00467,0.01423,33.29,34.47,0.0726,0.0793
20:08:47.885,1790255327.885,940,0.098,-0.401,1.079,3.634,0.01944,-0.00012,0.97443,-0.00212,0.00201,0.00203,0.00316,-0.01423,0.99314,-0.08409,-0.09638,-0.00136,1.0,0.00096,-0.00238,-0.00082,0.99986,-0.00775,-0.00389,0.01423,33.29,34.47,0.061,0.0749
20:08:47.905,1790255327.9054,941,0.287,-0.53,1.078,3.628,0.0147,-0.00016,0.99313,0.00309,-0.00077,-0.00247,-0.02352,-0.049,1.02493,-0.07532,-0.09275,-0.00525,0.99999,0.00068,-0.00388,-0.00084,0.99985,-0.00921,-0.00376,0.01419,33.29,34.47,0.0749,0.0602
20:08:47.926,1790255327.9259,942,0.151,-0.7,1.077,3.623,-0.02095,-0.00323,0.9874,-0.00047,-0.00136,0.00218,-0.00351,-0.02947,0.99586,-0.07201,-0.1093,0.00362,1.0,0.00044,-0.00247,-0.00082,0.99983,-0.01089,-0.00354,0.01425,33.29,34.47,0.0707,0.0772
20:08:47.946,1790255327.9465,943,0.106,-1.061,1.076,3.617,0.00227,0.00717,1.00014,-0.00133,0.00135,0.0022,-0.00741,-0.03553,0.98822,-0.07629,-0.10607,-0.00101,1.0,0.00194,-0.00181,-0.0008,0.99981,-0.01251,-0.00335,0.01427,33.29,34.47,0.0799,0.0717
20:08:47.967,1790255327.9669,944,0.039,-1.116,1.075,3.611,0.01449,-0.01477,0.99409,-0.00139,0.00158,0.00024,0.01218,-0.04082,1.00772,-0.06367,-0.10156,-0.00049,1.0,0.00059,-0.00258,-0.00079,0.99978,-0.01436,-0.00468,0.01427,33.29,34.47,0.0757,0.0735
20:08:47.987,1790255327.9875,945,-0.128,-1.293,1.073,3.605,-0.00498,0.00134,1.00508,-0.00155,-0.00123,-0.00262,-0.00616,-0.04727,0.98051,-0.06004,-0.09829,0.00256,1.0,0.0006,-0.00103,-0.00082,0.99976,-0.01585,-0.00462,0.01433,33.29,34.47,0.0762,0.0663
20:08:48.008,1790255328.0079,946,0.151,-1.316,1.072,3.599,0.00872,0.00138,1.00062,0.00339,0.00102,0.00195,0.00271,-0.03113,0.99787,-0.05233,-0.10055,-0.00816,1.0,0.00067,-0.00264,-0.0008,0.99976,-0.01603,-0.00379,0.01428,33.29,34.46,0.0795,0.0788
20:08:48.028,1790255328.0283,947,0.056,-1.361,1.071,3.593,-0.00534,-0.00397,0.9872,-0.00148,0.00502,-0.00373,-1e-05,-0.03663,1.01868,-0.05768,-0.08943,0.00048,1.0,1e-05,-0.00131,-0.00084,0.99975,-0.01706,-0.00328,0.01432,33.29,34.46,0.0704,0.0655
20:08:48.049,1790255328.0488,948,0.013,-1.34,1.069,3.586,-0.01122,-0.00704,0.99013,0.00294,-0.00161,0.00182,-0.01164,-0.03502,0.99127,-0.05157,-0.0796,0.00251,1.0,-0.00064,0.0,-0.00082,0.99974,-0.0175,-0.00234,0.01438,33.29,34.46,0.0727,0.074
20:08:48.069,1790255328.0694,949,0.096,-1.188,1.068,3.58,-0.0007,-0.01359,0.99334,0.00036,0.00109,-0.00163,-0.00688,-0.03493,1.01152,-0.0468,-0.0828,0.00143,1.0,-0.00218,9e-05,-0.00082,0.99974,-0.01772,-0.00148,0.01443,33.29,34.46,0.0751,0.0709
20:08:48.090,1790255328.09,950,-0.025,-1.269,1.067,3.574,-0.00473,-0.00821,0.99416,0.00115,-0.00044,-0.0011,-0.00399,-0.04917,0.99327,-0.04464,-0.0734,-0.0014,0.99999,-0.00319,0.00128,-0.00082,0.99971,-0.0194,-0.00135,0.01444,33.29,34.46,0.0757,0.0759
20:08:48.110,1790255328.1104,951,-0.215,-1.45,1.065,3.568,0.00128,0.01046,0.99652,-0.00218,-0.00073,-0.00041,0.01471,-0.03702,0.99276,-0.04422,-0.07742,0.00293,1.0,-0.00167,0.00091,-0.00082,0.9997,-0.01944,-0.00341,0.01445,33.29,34.46,0.0774,0.0752
20:08:48.131,1790255328.1309,952,-0.021,-1.236,1.064,3.562,0.00136,-0.00771,0.99971,-0.0026,0.00062,-0.00134,-0.00078,-0.03591,1.01032,-0.03424,-0.07783,-0.00445,1.0,-0.00302,-4e-05,-0.00084,0.99971,-0.01896,-0.00263,0.01444,33.29,34.46,0.0798,0.0718
20:08:48.151,1790255328.1514,953,0.076,-1.549,1.063,3.556,0.02153,0.01898,0.98817,-0.00139,-0.0015,0.00097,0.00358,-0.04359,1.00389,-0.03285,-0.07227,-0.00099,1.0,-0.00192,-0.00102,-0.00083,0.99968,-0.02063,-0.00281,0.01445,33.29,34.46,0.0714,0.0764
20:08:48.171,1790255328.1718,954,0.277,-1.62,1.062,3.549,0.01501,-0.00898,0.98571,-1e-05,-0.00132,0.00081,-0.01716,-0.06363,0.99047,-0.02908,-0.08403,0.00372,0.99999,-0.00245,-0.00233,-0.00083,0.99965,-0.02182,-0.00237,0.01453,33.29,34.46,0.0694,0.0745
20:08:48.192,1790255328.1923,955,0.162,-1.624,1.06,3.543,0.00276,0.00435,0.97726,0.00261,-0.00389,0.00359,0.00669,-0.03616,1.01188,-0.03075,-0.06376,-0.00433,1.0,-0.00115,-0.00212,-0.0008,0.99968,-0.02054,-0.00319,0.01448,33.29,34.46,0.063,0.0706
20:08:48.212,1790255328.2126,956,0.315,-1.733,1.06,3.536,0.00479,0.00433,0.99892,0.00025,-0.00059,-0.00224,-0.01169,-0.03313,0.99931,-0.02206,-0.05728,0.00166,1.0,0.00045,-0.00226,-0.00082,0.99969,-0.01991,-0.00204,0.01453,33.29,34.46,0.0792,0.0799
20:08:48.232,1790255328.2328,957,0.492,-1.693,1.059,3.53,0.01484,-0.01478,0.98947,-5e-05,-0.00104,0.00063,-0.01154,-0.0516,0.99003,-0.01558,-0.06212,-8e-05,0.99999,-0.00077,-0.00307,-0.00082,0.99968,-0.02082,-0.00127,0.01457,33.29,34.46,0.0723,0.0736
20:08:48.253,1790255328.2534,958,0.456,-1.739,1.058,3.523,-0.00331,-0.01817,0.96656,0.00161,-0.00015,-0.00049,-0.00526,-0.0599,1.00094,-0.00782,-0.05685,0.00112,0.99999,-0.00176,-0.00252,-0.00082,0.99965,-0.02219,-0.00103,0.0146,33.29,34.46,0.0551,0.0779
20:08:48.273,1790255328.2737,959,0.607,-1.724,1.057,3.517,0.01039,-0.01138,0.98377,0.0014,0.00103,0.0,-0.00318,-0.05094,1.0124,-0.0106,-0.05376,0.00461,0.99999,-0.0029,-0.0033,-0.00081,0.99962,-0.02323,-0.00047,0.01467,33.29,34.46,0.0679,0.0697
20:08:48.294,1790255328.2942,960,0.468,-1.723,1.057,3.51,0.00188,-0.01356,1.00081,0.0005,-0.00173,0.00013,0.00022,-0.06625,1.0088,-0.00843,-0.05665,0.00181,0.99999,-0.00428,-0.00245,-0.00081,0.99959,-0.02458,-0.00081,0.0147,33.29,34.46,0.0793,0.0718
20:08:48.314,1790255328.3147,961,0.456,-1.728,1.056,3.504,-0.01033,-0.01305,0.96947,-0.00048,0.0016,0.00179,-0.01807,-0.05744,1.01568,-0.00538,-0.04777,0.00054,0.99999,-0.00464,-0.00131,-0.00078,0.99958,-0.02496,0.00023,0.01475,33.29,34.46,0.0572,0.0669
20:08:48.335,1790255328.3353,962,0.403,-2.009,1.055,3.497,-0.01029,0.00639,0.98446,-0.00049,-0.00111,-0.00027,-0.00973,-0.07073,0.99908,-0.00443,-0.04629,-0.00174,0.99999,-0.00356,-0.00042,-0.00078,0.99954,-0.02631,0.0006,0.01475,33.29,34.46,0.0684,0.0788
20:08:48.355,1790255328.3556,963,0.329,-2.343,1.054,3.49,-0.00157,0.00311,1.00066,0.00132,-3e-05,0.00147,-0.00029,-0.07739,1.00052,0.00358,-0.04625,-0.00439,1.0,-0.00199,-5e-05,-0.00078,0.99951,-0.02764,0.00026,0.01471,33.29,34.46,0.0795,0.0774
20:08:48.376,1790255328.3762,964,0.227,-2.369,1.053,3.483,0.00149,-0.00023,0.98686,-0.00088,0.00175,-0.00169,0.01418,-0.04349,0.99389,-0.00329,-0.04114,-0.00409,1.0,-0.00065,-0.00054,-0.0008,0.99954,-0.02652,-0.00115,0.01464,33.29,34.46,0.0701,0.0762
20:08:48.396,1790255328.3966,965,0.135,-2.548,1.052,3.476,-0.00986,0.00162,0.97221,0.00125,0.00013,-0.00291,-0.00228,-0.06554,1.00396,0.00714,-0.03523,-0.00138,1.0,-0.00033,0.00063,-0.00083,0.99951,-0.02772,-0.00081,0.01464,33.29,34.46,0.0592,0.0754
20:08:48.416,1790255328.4168,966,0.17,-2.829,1.051,3.468,-0.00216,0.00957,0.98066,0.00153,-0.00054,0.00077,-0.00887,-0.08628,0.99922,0.01735,-0.03356,0.00024,1.0,0.00099,0.00075,-0.00083,0.99948,-0.02886,-0.00045,0.01466,33.29,34.46,0.0655,0.0778
20:08:48.437,1790255328.4373,967,0.367,-3.018,1.05,3.46,0.01373,0.00804,0.98098,-0.00081,0.00099,0.00051,-0.00994,-0.08309,0.99779,0.01159,-0.03833,-0.00134,1.0,0.00149,-0.0005,-0.00082,0.99944,-0.03005,-1e-05,0.01467,33.29,34.46,0.0658,0.079
20:08:48.457,1790255328.4576,968,0.587,-3.187,1.05,3.452,0.0024,0.00389,0.97787,-0.00174,0.00125,0.00106,-0.01923,-0.08679,0.99199,0.02913,-0.02803,-0.00115,1.0,0.0022,-0.00156,-0.00081,0.99942,-0.03087,0.00082,0.01468,33.29,34.46,0.0634,0.077
20:08:48.478,1790255328.4781,969,0.529,-3.144,1.049,3.444,0.00282,-0.00918,0.98129,6e-05,0.00288,0.00388,-0.00064,-0.06953,1.00807,0.02489,-0.0277,1e-05,1.0,0.00084,-0.00151,-0.00077,0.99939,-0.03184,0.0004,0.01467,33.29,34.46,0.066,0.0721
20:08:48.498,1790255328.4987,970,0.454,-3.121,1.048,3.436,-0.00591,-0.0073,0.98395,-0.00118,0.00018,0.00057,-0.00667,-0.08825,0.97593,0.0341,-0.0144,0.0029,1.0,-0.00015,-0.00052,-0.00077,0.99936,-0.0326,0.00075,0.0147,33.29,34.46,0.068,0.065
20:08:48.519,1790255328.5192,971,0.466,-3.054,1.048,3.428,-0.01039,-0.02595,0.98649,0.00117,0.00263,-0.00135,-0.00726,-0.07459,0.98576,0.04095,-0.0116,-0.00371,1.0,-0.00145,9e-05,-0.00078,0.99934,-0.03332,0.00149,0.01468,33.29,34.46,0.0702,0.0714
20:08:48.540,1790255328.5398,972,0.454,-3.0,1.047,3.42,0.00381,-0.01162,0.99165,-0.00088,-0.00149,0.00418,0.00266,-0.07779,0.99895,0.02401,-0.01361,-0.00043,1.0,-0.00285,-0.00056,-0.00074,0.99931,-0.03425,0.00077,0.01464,33.29,34.46,0.0738,0.0785
20:08:48.560,1790255328.56,973,0.505,-3.052,1.046,3.412,-0.01663,0.00128,0.97904,0.00014,-0.00291,-0.00307,-0.03089,-0.07991,0.99799,0.04455,-0.01086,0.00391,1.0,-0.00238,0.00062,-0.00077,0.9993,-0.03422,0.00238,0.01473,33.29,34.46,0.0644,0.0788
20:08:48.580,1790255328.5805,974,0.503,-3.019,1.046,3.404,-0.00924,-0.02594,0.97494,-0.00278,0.00353,-0.00085,-0.00831,-0.08733,1.00901,0.03196,0.00478,-0.00321,0.99999,-0.00359,0.0011,-0.00078,0.99927,-0.03513,0.00287,0.01468,33.29,34.46,0.0615,0.0704
20:08:48.600,1790255328.6007,975,0.816,-3.153,1.045,3.396,0.0112,0.00179,0.99482,0.00032,-0.00085,-0.00026,-0.02218,-0.08354,0.99333,0.04839,0.00027,0.00081,1.0,-0.00274,-0.00018,-0.00078,0.99925,-0.03551,0.00429,0.01472,33.29,34.46,0.0762,0.0778
20:08:48.621,1790255328.6209,976,0.632,-3.286,1.045,3.388,-0.01271,-0.00267,0.99532,-0.00177,0.00116,-0.00122,-0.00597,-0.08505,1.00417,0.04369,0.0044,0.00691,1.0,-0.00244,0.00135,-0.00079,0.99922,-0.03632,0.00418,0.01475,33.29,34.46,0.0766,0.0742
20:08:48.641,1790255328.6411,977,0.778,-3.37,1.045,3.38,0.02371,-0.00452,0.98075,-0.00016,0.0005,-0.00182,0.00226,-0.12214,0.98769,0.05382,0.00501,-0.00259,1.0,-0.00242,2e-05,-0.00079,0.9992,-0.03708,0.00413,0.0147,33.29,34.46,0.0658,0.0764
20:08:48.661,1790255328.6614,978,0.857,-3.608,1.044,3.372,-0.00062,0.00155,1.00569,0.0015,-0.00158,-0.00201,-0.01309,-0.08677,1.01388,0.05575,0.01009,0.00573,1.0,-0.00088,0.00014,-0.00081,0.99917,-0.03762,0.00488,0.01475,33.29,34.46,0.0757,0.0667
20:08:48.682,1790255328.682,979,0.857,-3.805,1.044,3.363,-0.01211,0.00936,0.98977,0.00363,-0.00258,0.00145,-0.01756,-0.09169,0.9912,0.06194,0.01814,0.00291,1.0,0.00018,0.0012,-0.0008,0.99914,-0.03826,0.00589,0.01477,33.29,34.46,0.0724,0.0767
20:08:48.702,1790255328.7025,980,0.964,-3.77,1.044,3.355,0.00778,-0.01061,0.9841,0.00017,-0.00205,-0.00421,-0.00436,-0.10715,0.98943,0.05409,0.01378,-0.00016,1.0,-0.00085,0.00023,-0.00084,0.99911,-0.03902,0.00587,0.01472,33.29,34.46,0.0681,0.0764
20:08:48.723,1790255328.7231,981,1.167,-3.743,1.044,3.346,0.01298,-0.01379,0.98934,0.00135,0.001,-0.00094,-0.01443,-0.08937,0.99591,0.06208,0.02244,0.00221,1.0,-0.00185,-0.00088,-0.00084,0.99908,-0.03982,0.00656,0.01472,33.29,34.46,0.0721,0.08
20:08:48.743,1790255328.7436,982,1.277,-3.948,1.044,3.337,0.00431,0.00054,1.00623,0.0004,0.00123,-0.00491,-0.01122,-0.09425,1.00891,0.06927,0.02026,0.00266,1.0,-0.00052,-0.00166,-0.0009,0.99906,-0.04031,0.0067,0.0147,33.29,34.46,0.0753,0.07
20:08:48.764,1790255328.7638,983,1.395,-3.893,1.045,3.329,0.00535,-0.0043,0.98325,0.00144,0.00241,0.00081,-0.01059,-0.11076,0.99778,0.0656,0.0308,-0.00101,1.0,-0.00166,-0.00237,-0.00089,0.99903,-0.04099,0.00704,0.01464,33.29,34.46,0.0675,0.077
20:08:48.784,1790255328.7843,984,1.253,-4.006,1.045,3.32,0.00309,-0.00272,0.98162,0.00342,0.00133,-0.00071,-0.00632,-0.10775,0.98829,0.07774,0.02663,0.00102,1.0,-0.00119,-0.00107,-0.00089,0.99901,-0.04147,0.00708,0.01459,33.29,34.46,0.0662,0.0756
20:08:48.805,1790255328.8049,985,1.601,-3.849,1.046,3.311,0.00669,-0.00402,0.96137,0.00454,-0.00237,-0.00028,-0.02826,-0.08449,1.00968,0.08735,0.03471,-0.00381,1.0,-0.00152,-0.00208,-0.0009,0.99903,-0.04048,0.00913,0.01458,33.29,34.46,0.0511,0.0698
20:08:48.825,1790255328.8253,986,1.558,-3.771,1.046,3.303,0.0007,-0.00924,0.98026,-0.00012,-0.00103,0.00046,-0.00914,-0.12885,0.99721,0.08307,0.03622,0.00097,0.99999,-0.00269,-0.00145,-0.00089,0.99901,-0.04095,0.00943,0.01452,33.29,34.46,0.0652,0.0758
20:08:48.846,1790255328.8458,987,1.707,-3.94,1.047,3.294,0.01551,0.00791,0.99173,-0.00158,-0.00027,0.00104,-0.00907,-0.11509,0.99059,0.0868,0.04367,0.0014,1.0,-0.00161,-0.0025,-0.00089,0.99899,-0.04139,0.00964,0.01446,33.29,34.46,0.0739,0.078
20:08:48.866,1790255328.8661,988,1.647,-3.912,1.048,3.285,-0.00206,-0.00627,1.00461,0.00032,-0.0001,0.00293,-0.02439,-0.11032,0.9779,0.08378,0.04628,-0.00265,1.0,-0.00222,-0.00108,-0.00085,0.99897,-0.04172,0.01055,0.01439,33.29,34.46,0.0765,0.0683
20:08:48.886,1790255328.8866,989,1.741,-3.762,1.049,3.277,0.00175,-0.012,0.99111,0.00115,-0.00092,-0.00051,-0.02534,-0.10768,0.97448,0.09193,0.04938,-0.00026,0.99999,-0.00373,-0.001,-0.00085,0.99895,-0.04193,0.01149,0.01434,33.29,34.46,0.0734,0.0656
20:08:48.907,1790255328.9073,990,1.817,-3.979,1.05,3.268,0.002,0.00363,0.99754,-0.00176,0.00041,0.00059,-0.0145,-0.13446,0.97977,0.09224,0.06058,-0.00059,1.0,-0.00214,-0.001,-0.00085,0.99893,-0.04224,0.01211,0.01425,33.29,34.46,0.0782,0.0718
20:08:48.927,1790255328.9276,991,1.943,-4.198,1.051,3.26,0.00451,0.00365,1.00268,0.00113,0.00163,-0.00316,-0.01965,-0.13812,0.99047,0.09935,0.05018,-0.00212,1.0,-0.00062,-0.00146,-0.00088,0.99891,-0.04265,0.01269,0.01415,33.29,34.46,0.078,0.0798
20:08:48.948,1790255328.9478,992,1.752,-4.226,1.051,3.251,-0.015,0.0,0.99567,0.00164,-0.00052,-0.00172,-0.00772,-0.11066,0.99689,0.09931,0.05451,-0.00269,1.0,-0.00049,8e-05,-0.0009,0.99891,-0.04271,0.01256,0.01402,33.29,34.46,0.0768,0.0777
20:08:48.968,1790255328.9683,993,1.622,-4.196,1.052,3.242,-0.01118,-0.00401,0.97465,-0.00056,-0.00028,-0.00107,-0.00813,-0.11348,1.00384,0.09789,0.06404,-0.00356,1.0,-0.00083,0.00129,-0.0009,0.99891,-0.04275,0.01266,0.01388,33.29,34.46,0.061,0.0723
20:08:48.988,1790255328.9885,994,1.712,-4.068,1.053,3.233,0.00402,-0.01676,0.98232,0.0004,-0.00033,-0.00108,-0.00315,-0.13738,0.99418,0.10815,0.06634,-0.001,1.0,-0.00207,0.00075,-0.0009,0.9989,-0.04289,0.01294,0.01377,33.29,34.46,0.0669,0.0773
20:08:49.008,1790255329.0088,995,1.727,-3.934,1.054,3.225,-0.00445,-0.02221,0.9842,0.00022,-0.00174,-0.00204,-0.01044,-0.12699,0.98858,0.1062,0.06958,-0.00484,0.99999,-0.00343,0.00096,-0.00092,0.99889,-0.04308,0.01332,0.01362,33.29,34.46,0.0683,0.0776
20:08:49.029,1790255329.0292,996,1.795,-3.785,1.055,3.217,-0.00284,-0.01938,0.98095,-8e-05,-0.00082,0.00029,-0.01844,-0.13685,1.00914,0.10692,0.07247,-0.00071,0.99999,-0.00477,0.00106,-0.00092,0.99888,-0.04313,0.01406,0.01352,33.29,34.46,0.0659,0.0661
20:08:49.049,1790255329.0497,997,1.952,-3.663,1.056,3.208,0.0072,-0.02369,0.98211,-0.00099,-0.00172,-0.00104,-0.01958,-0.13221,0.9855,0.11706,0.06765,-0.00072,0.99998,-0.00594,0.0003,-0.00094,0.99887,-0.04326,0.0147,0.01342,33.29,34.46,0.0668,0.0759
20:08:49.070,1790255329.0699,998,1.872,-3.75,1.057,3.2,-0.00915,-0.00351,0.98431,-0.0022,-0.002,-0.00297,-0.00277,-0.13197,1.0056,0.11839,0.07335,0.00472,0.99999,-0.00501,0.00127,-0.00096,0.99887,-0.04306,0.01496,0.01335,33.29,34.46,0.0683,0.0693
20:08:49.090,1790255329.0901,999,1.844,-3.822,1.058,3.192,-0.00881,0.00125,0.97751,-0.00288,-0.00324,-0.00195,0.00509,-0.12736,0.96633,0.12235,0.08346,0.00025,0.99999,-0.00393,0.00187,-0.00098,0.99889,-0.0426,0.01529,0.01324,33.29,34.45,0.0632,0.061
20:08:49.111,1790255329.1108,1000,1.786,-3.834,1.058,3.184,-0.01543,-0.00628,0.9716,-0.00059,0.00086,0.00178,-0.02299,-0.11046,0.97686,0.11642,0.08178,-0.00067,0.99999,-0.0038,0.00309,-0.00095,0.99888,-0.04254,0.01599,0.01313,33.29,34.45,0.0588,0.0675
20:08:49.131,1790255329.1312,1001,2.018,-3.938,1.06,3.175,0.00744,0.00071,0.99577,-0.00262,-0.00123,-0.00104,-0.02316,-0.1372,0.9937,0.11648,0.0677,0.00446,0.99999,-0.00301,0.00173,-0.00097,0.99886,-0.04271,0.01664,0.01307,33.29,34.45,0.0768,0.0775
20:08:49.151,1790255329.1517,1002,2.041,-4.094,1.061,3.167,-0.0043,-0.00084,0.99207,-0.00118,-0.00227,-0.00158,-0.00417,-0.13581,0.99465,0.12596,0.09136,0.00348,1.0,-0.00153,0.00196,-0.00098,0.99886,-0.04258,0.01703,0.01297,33.29,34.45,0.0741,0.0771
20:08:49.172,1790255329.1724,1003,2.301,-4.21,1.062,3.158,0.00821,0.00507,0.98485,0.0001,-0.00238,-1e-05,-0.02982,-0.15437,0.98815,0.11452,0.08784,0.00366,1.0,-0.00074,0.00076,-0.00098,0.99883,-0.04285,0.01808,0.0129,33.29,34.45,0.0687,0.0796
20:08:49.193,1790255329.193,1004,2.292,-4.046,1.064,3.15,-0.00788,-0.0135,0.97957,0.00249,0.00205,0.00042,-0.00542,-0.14066,1.01124,0.12013,0.09934,0.00154,1.0,-0.00189,0.0014,-0.00097,0.99884,-0.04255,0.01868,0.01279,33.29,34.45,0.0648,0.0643
20:08:49.213,1790255329.2135,1005,2.45,-3.891,1.065,3.142,0.00303,-0.02249,0.98984,-0.00031,0.0021,0.00425,-0.03177,-0.14778,0.98526,0.12605,0.08833,-0.0029,0.99999,-0.00332,0.00098,-0.00093,0.99882,-0.04266,0.01968,0.01264,33.29,34.45,0.0726,0.0776
20:08:49.234,1790255329.2339,1006,2.486,-3.721,1.067,3.134,-0.00303,-0.01053,0.98585,-0.00634,-0.00067,-0.0002,-0.0237,-0.13732,0.99938,0.12597,0.09198,-0.00125,0.99999,-0.00476,0.00135,-0.00094,0.99881,-0.0426,0.02041,0.0125,33.29,34.45,0.0694,0.0732
20:08:49.254,1790255329.2545,1007,2.549,-3.877,1.069,3.125,-0.0097,0.00301,1.0005,-0.00091,-0.00016,0.00274,-0.0407,-0.14413,0.97944,0.13467,0.10364,0.00239,0.99999,-0.00334,0.00215,-0.0009,0.99878,-0.04253,0.02172,0.01241,33.29,34.45,0.0796,0.0731
20:08:49.275,1790255329.275,1008,2.826,-3.87,1.071,3.117,0.00648,-0.00671,0.99469,0.00358,-0.00106,-1e-05,-0.0315,-0.13543,0.99617,0.1318,0.09503,-0.00051,0.99999,-0.00332,0.00057,-0.00091,0.99877,-0.04249,0.02256,0.01226,33.29,34.45,0.076,0.0756
20:08:49.295,1790255329.2954,1009,2.844,-3.999,1.073,3.109,-0.00893,0.0101,1.0034,-0.00057,0.00088,-0.00399,-0.01299,-0.15387,1.00394,0.13411,0.11346,-0.00031,1.0,-0.00189,0.00124,-0.00095,0.99876,-0.04219,0.02336,0.01211,33.29,34.45,0.0774,0.0682
20:08:49.315,1790255329.3157,1010,2.776,-3.86,1.075,3.101,-0.01699,-0.01801,0.98675,0.0041,0.00217,-0.0003,-0.00404,-0.1504,0.98298,0.13718,0.10369,-0.00148,0.99999,-0.00285,0.00228,-0.00095,0.99877,-0.0419,0.02385,0.01194,33.29,34.45,0.0703,0.0758
20:08:49.336,1790255329.3362,1011,2.97,-3.751,1.077,3.093,0.01002,-0.01135,0.98992,0.00129,-0.00213,0.00258,-0.01094,-0.12988,0.9921,0.14187,0.10324,-0.00187,0.99999,-0.00339,0.00087,-0.00093,0.99878,-0.04153,0.02414,0.01175,33.29,34.45,0.0725,0.0795
20:08:49.356,1790255329.3567,1012,3.128,-3.546,1.079,3.085,0.00464,-0.01687,1.0014,-9e-05,0.00081,0.00088,-0.01122,-0.13988,1.00167,0.13954,0.10931,0.0011,0.99999,-0.00475,1e-05,-0.00093,0.99878,-0.04112,0.0247,0.0116,33.29,34.45,0.0788,0.0714
20:08:49.377,1790255329.3769,1013,3.299,-3.658,1.082,3.077,0.00538,-0.00042,0.9897,0.00228,-0.00106,-0.00224,-0.01206,-0.16984,0.99495,0.1419,0.10303,0.00217,0.99999,-0.00348,-0.00075,-0.00096,0.99878,-0.04085,0.02541,0.01148,33.29,34.45,0.0723,0.0729
20:08:49.397,1790255329.3974,1014,3.264,-3.471,1.084,3.07,-0.00724,-0.0228,0.98743,-0.00088,-0.0011,-0.00156,-0.00109,-0.14428,0.98488,0.13684,0.10999,0.00348,0.99999,-0.00477,-7e-05,-0.00097,0.99878,-0.04049,0.02583,0.01134,33.29,34.45,0.0708,0.0765
20:08:49.418,1790255329.418,1015,3.173,-3.397,1.087,3.062,-0.00968,-0.01182,0.98864,-0.00324,-0.00013,-0.00016,-0.02277,-0.13521,0.99599,0.14337,0.11025,0.00538,0.99999,-0.00515,0.00136,-0.00096,0.99878,-0.04019,0.02648,0.01123,33.29,34.45,0.0716,0.076
20:08:49.438,1790255329.4383,1016,3.131,-3.238,1.089,3.055,-0.01021,-0.01894,0.99272,-0.00123,0.00566,-0.00194,-0.01085,-0.17264,0.98174,0.14666,0.10848,-0.00113,0.99998,-0.00631,0.00241,-0.00098,0.99877,-0.03995,0.02719,0.01106,33.29,34.45,0.0747,0.0777
20:08:49.458,1790255329.4586,1017,3.324,-3.372,1.092,3.048,0.00062,-0.00264,0.99731,-0.00373,-0.00064,0.00011,-0.02703,-0.16109,0.98533,0.14787,0.1134,-0.00052,0.99999,-0.00496,0.00164,-0.00098,0.99875,-0.03979,0.02808,0.01089,33.29,34.45,0.078,0.0791
20:08:49.479,1790255329.4791,1018,3.351,-3.452,1.094,3.04,-0.00776,0.00051,0.98241,-0.00098,-0.00323,-0.0027,-0.01114,-0.1559,0.99961,0.15689,0.11911,0.00189,0.99999,-0.00372,0.00216,-0.001,0.99876,-0.03924,0.02881,0.01073,33.29,34.45,0.0668,0.0712
20:08:49.499,1790255329.4997,1019,3.6,-3.502,1.097,3.033,0.01019,-0.00031,0.99006,-0.00039,0.00043,0.0015,-0.02185,-0.16221,0.98456,0.14503,0.11606,-0.00364,0.99999,-0.00307,0.00082,-0.00101,0.99874,-0.03904,0.02963,0.01052,33.29,34.45,0.0726,0.0786
20:08:49.520,1790255329.5202,1020,3.527,-3.528,1.1,3.025,-0.00998,-0.00286,0.99216,-0.00019,-0.00102,-0.00314,-0.02097,-0.16078,0.98371,0.15657,0.11416,0.00375,0.99999,-0.00252,0.00222,-0.00103,0.99873,-0.0387,0.0304,0.01038,33.29,34.45,0.0742,0.0777
20:08:49.541,1790255329.5409,1021,3.706,-3.645,1.103,3.017,0.00508,0.01258,0.98891,-0.0003,0.00104,-0.0035,-0.03047,-0.15853,0.9829,0.15139,0.10983,-0.00103,1.0,-0.00123,0.00153,-0.00107,0.99872,-0.03844,0.03124,0.0102,33.29,34.45,0.0717,0.077
20:08:49.561,1790255329.5615,1022,3.639,-3.607,1.106,3.01,-0.00524,-0.00216,0.98568,0.00218,0.0008,-0.00296,-0.02182,-0.15602,0.96943,0.15417,0.11496,0.00503,0.99999,-0.00104,0.00295,-0.0011,0.99872,-0.03789,0.03209,0.01008,33.29,34.45,0.0693,0.0666
20:08:49.582,1790255329.5819,1023,3.786,-3.424,1.109,3.003,-0.00368,-0.00631,0.9902,0.0023,-0.0007,0.00172,-0.01345,-0.15517,0.98564,0.14183,0.12141,-0.00265,0.99999,-0.00234,0.00227,-0.00109,0.99871,-0.03761,0.03273,0.00986,33.29,34.45,0.0727,0.0784
20:08:49.602,1790255329.602,1024,3.82,-3.21,1.112,2.995,-0.00787,-0.02177,0.98887,0.00185,-0.00333,-0.00071,-0.02252,-0.13935,0.98332,0.15365,0.11432,-0.00176,0.99999,-0.00374,0.00252,-0.0011,0.99871,-0.03714,0.03331,0.00966,33.29,34.45,0.0719,0.0751
20:08:49.622,1790255329.6222,1025,4.059,-3.105,1.115,2.988,0.01744,-0.01685,0.98871,0.00219,-0.00344,-0.00047,-0.02157,-0.14548,0.97926,0.13902,0.12335,-0.00133,0.99999,-0.00429,0.00115,-0.00111,0.9987,-0.0368,0.03404,0.00947,33.29,34.45,0.0718,0.0727
20:08:49.642,1790255329.6427,1026,4.133,-2.922,1.119,2.982,-0.00376,-0.02716,0.98189,-0.00105,-0.00087,0.00208,-0.01916,-0.16524,0.98501,0.14313,0.12458,0.00175,0.99998,-0.00566,0.00125,-0.00109,0.99868,-0.03658,0.03482,0.0093,33.29,34.45,0.0667,0.0792
20:08:49.663,1790255329.6632,1027,4.299,-3.024,1.122,2.975,-0.00128,-0.00748,0.99855,0.00097,-0.00273,0.0013,-0.01553,-0.17029,1.00925,0.15336,0.12617,-0.00296,0.99999,-0.00411,0.00073,-0.00107,0.99867,-0.03593,0.03573,0.00909,33.29,34.45,0.0789,0.0623
20:08:49.683,1790255329.6837,1028,4.518,-2.935,1.126,2.968,0.00742,-0.01054,0.98817,-8e-05,0.00223,0.00157,-0.02519,-0.13782,0.99156,0.14673,0.11675,-0.00293,0.99999,-0.0045,-0.00066,-0.00106,0.99867,-0.03556,0.03626,0.00887,33.29,34.45,0.0712,0.0789
20:08:49.704,1790255329.7044,1029,4.723,-2.719,1.13,2.962,0.00549,-0.01311,0.99357,-0.00075,2e-05,0.00271,0.00365,-0.15551,0.9587,0.14387,0.12047,-0.00308,0.99998,-0.00561,-0.00176,-0.00104,0.99867,-0.03481,0.03699,0.00866,33.29,34.45,0.0753,0.0584
20:08:49.724,1790255329.7246,1030,4.955,-2.71,1.135,2.955,0.01639,-0.00772,0.98293,0.00129,-0.00285,-0.0001,-0.00864,-0.17264,0.99121,0.14839,0.12087,0.00251,0.99998,-0.00526,-0.00311,-0.00105,0.99866,-0.03441,0.03765,0.0085,33.29,34.45,0.0673,0.0754
20:08:49.745,1790255329.7452,1031,5.05,-2.788,1.139,2.949,0.00655,0.00481,0.96553,0.00332,0.00186,-0.0004,-0.01081,-0.17225,0.99801,0.14731,0.12701,-0.00623,0.99999,-0.00412,-0.00313,-0.00106,0.99865,-0.03393,0.03844,0.00824,33.29,34.45,0.0542,0.0704
20:08:49.765,1790255329.7657,1032,5.191,-2.899,1.144,2.942,0.00912,0.00148,0.98898,0.00043,-9e-05,0.00096,-0.0148,-0.17349,0.97222,0.14809,0.12069,0.00073,0.99999,-0.00271,-0.00356,-0.00106,0.99864,-0.03348,0.03923,0.00806,33.29,34.45,0.0718,0.0708
20:08:49.786,1790255329.7864,1033,5.284,-2.706,1.148,2.936,0.00996,-0.01859,0.97689,0.00123,-0.00187,0.0004,-0.01528,-0.17391,0.97775,0.15235,0.10123,-0.00656,0.99998,-0.00396,-0.00387,-0.00105,0.99863,-0.03306,0.03976,0.0078,33.29,34.45,0.0628,0.0749
20:08:49.807,1790255329.8068,1034,5.227,-2.752,1.153,2.929,-0.00704,0.00197,0.97837,-0.00084,0.00181,0.00176,-0.01719,-0.16088,0.98201,0.14319,0.1162,-0.00167,0.99999,-0.00325,-0.00277,-0.00104,0.99862,-0.03272,0.04036,0.00759,33.29,34.45,0.0638,0.0764
20:08:49.827,1790255329.827,1035,5.147,-2.776,1.158,2.923,-0.00348,-0.00244,1.00041,-0.0031,0.00142,-4e-05,-0.02324,-0.16678,0.99827,0.14869,0.12219,0.00061,1.0,-0.00262,-0.00128,-0.00103,0.9986,-0.03227,0.04114,0.00741,33.29,34.45,0.0797,0.0707
20:08:49.847,1790255329.8475,1036,5.395,-2.805,1.162,2.916,0.00651,-0.00342,0.99289,-0.00124,-0.00102,0.00245,-0.02465,-0.1783,0.99064,0.14837,0.11564,0.00342,0.99999,-0.00201,-0.00269,-0.00101,0.99859,-0.03193,0.04189,0.00725,33.29,34.45,0.0747,0.0749
20:08:49.868,1790255329.8679,1037,5.3,-2.75,1.167,2.91,-0.01489,-0.00618,0.99387,-0.00064,-0.00193,0.00457,-0.01468,-0.18349,0.98674,0.14816,0.1191,0.00277,1.0,-0.00218,-0.00118,-0.00096,0.99857,-0.03159,0.04258,0.00708,33.29,34.45,0.0755,0.0772
20:08:49.888,1790255329.8883,1038,5.495,-2.761,1.172,2.904,0.00918,-0.00047,0.9807,-0.00281,0.0003,-0.00123,-0.00437,-0.16486,0.9971,0.14439,0.11701,-0.00666,1.0,-0.00157,-0.00235,-0.00098,0.99856,-0.03108,0.04311,0.00682,33.29,34.45,0.0656,0.072
20:08:49.908,1790255329.9085,1039,5.47,-2.678,1.177,2.897,-0.01281,-0.01144,0.97488,-0.00299,-0.00225,0.00088,-0.04874,-0.16051,0.99433,0.13607,0.11549,0.00158,1.0,-0.00214,-0.00125,-0.00097,0.99853,-0.03091,0.044,0.00664,33.29,34.45,0.0613,0.0737
20:08:49.928,1790255329.9288,1040,5.502,-2.811,1.182,2.891,0.00065,0.00658,0.98315,0.00083,0.00149,-0.00355,-0.01801,-0.17069,0.98247,0.13453,0.10731,0.00137,1.0,-0.00078,-0.00101,-0.001,0.99852,-0.03069,0.0445,0.00646,33.29,34.45,0.0674,0.078
20:08:49.949,1790255329.9494,1041,5.501,-2.91,1.186,2.884,-0.0012,0.00617,0.97811,0.00079,-0.00109,-0.00193,-0.01622,-0.17266,0.99374,0.14023,0.10095,-0.00162,1.0,0.00044,-0.00053,-0.00102,0.99851,-0.03032,0.04497,0.00625,33.29,34.45,0.0636,0.0734
20:08:49.969,1790255329.9697,1042,5.606,-2.717,1.191,2.878,0.00765,-0.0274,0.97946,0.00185,0.00111,0.00162,-0.01361,-0.18061,1.00197,0.13432,0.11044,-0.00118,1.0,-0.00083,-0.00082,-0.00101,0.99849,-0.0299,0.04562,0.00606,33.28,34.45,0.0649,0.0663
20:08:49.990,1790255329.9901,1043,5.558,-2.559,1.196,2.872,-0.00642,-0.01086,1.00186,0.00019,-0.0038,-0.00171,-0.01356,-0.19794,0.98447,0.13326,0.11015,0.00575,1.0,-0.00203,0.0002,-0.00102,0.99847,-0.02972,0.04624,0.00592,33.28,34.45,0.0785,0.0768
20:08:50.010,1790255330.0106,1044,5.677,-2.717,1.201,2.866,0.00205,0.00408,1.00066,0.00117,-0.0007,-0.00227,-0.02672,-0.16444,0.98313,0.13382,0.10888,0.00031,1.0,-0.00046,-0.00028,-0.00105,0.99845,-0.02952,0.04678,0.00572,33.28,34.45,0.0795,0.0779
20:08:50.031,1790255330.0311,1045,5.788,-2.833,1.206,2.86,0.00305,0.00591,0.97499,0.00188,-0.00101,-0.00179,-0.00017,-0.19184,0.98318,0.12912,0.11468,-0.00137,1.0,0.00073,-0.00072,-0.00107,0.99844,-0.02933,0.04729,0.00551,33.28,34.45,0.0613,0.0787
20:08:50.051,1790255330.0513,1046,5.921,-2.636,1.212,2.853,0.01377,-0.01547,0.9985,-0.00108,-0.00103,-0.00423,0.01072,-0.17358,0.98379,0.13843,0.10394,-0.00486,1.0,-0.00058,-0.00168,-0.00111,0.99844,-0.02893,0.04752,0.00526,33.28,34.45,0.079,0.0793
20:08:50.072,1790255330.0719,1047,6.117,-2.637,1.217,2.847,0.01245,0.00134,0.98668,-0.00203,0.00285,-0.00126,-0.00632,-0.17288,0.99253,0.13223,0.0982,0.00387,0.99999,-0.00023,-0.00304,-0.00112,0.99843,-0.02859,0.04786,0.0051,33.28,34.45,0.0701,0.0744
20:08:50.092,1790255330.0922,1048,6.247,-2.478,1.223,2.841,0.00979,-0.00686,0.98761,-0.00273,-0.00245,-0.00094,-0.01554,-0.17545,0.98788,0.1204,0.10106,0.00163,0.99999,-0.0015,-0.0038,-0.00113,0.99842,-0.02848,0.04827,0.00493,33.28,34.45,0.0708,0.0774
20:08:50.113,1790255330.1129,1049,6.113,-2.403,1.228,2.836,-0.00892,-0.00848,0.99044,0.00054,-0.00057,0.00136,-0.00319,-0.18813,0.98607,0.12628,0.08918,0.0008,0.99999,-0.00197,-0.00237,-0.00112,0.99841,-0.02828,0.04853,0.00474,33.28,34.45,0.0729,0.0771
20:08:50.133,1790255330.1332,1050,6.07,-2.232,1.233,2.83,-0.0015,-0.01449,0.98303,-0.0011,0.00218,0.00041,-0.00638,-0.19916,0.99517,0.12691,0.08351,0.00107,0.99999,-0.00317,-0.00166,-0.00112,0.9984,-0.02798,0.04888,0.00457,33.28,34.45,0.0674,0.0688
20:08:50.154,1790255330.1539,1051,5.919,-2.2,1.239,2.824,-0.01761,-0.00965,1.00268,-0.00051,-5e-05,-0.00028,-0.00461,-0.18655,0.98544,0.1144,0.09072,0.00144,0.99999,-0.00342,-7e-05,-0.00111,0.99839,-0.02791,0.04916,0.0044,33.28,34.45,0.0778,0.0778
20:08:50.174,1790255330.1742,1052,6.097,-2.247,1.244,2.819,0.00945,-0.00185,0.99437,-0.0011,0.00175,0.00156,-0.00226,-0.17216,0.97979,0.12833,0.09048,0.00345,0.99999,-0.00271,-0.00142,-0.0011,0.99839,-0.02762,0.04936,0.00424,33.28,34.45,0.0758,0.0761
20:08:50.194,1790255330.1946,1053,6.217,-2.138,1.25,2.813,0.02096,-0.01963,0.98062,-0.00223,0.0036,-0.00579,-0.00771,-0.17579,0.98346,0.11763,0.07362,0.00046,0.99999,-0.00356,-0.00243,-0.00116,0.99839,-0.02752,0.0494,0.00406,33.28,34.45,0.0658,0.0793
20:08:50.215,1790255330.215,1054,6.286,-2.286,1.255,2.808,0.00567,-0.00281,0.98496,-0.00125,-0.00501,-0.00217,-0.0223,-0.16855,0.99349,0.11109,0.08177,0.00187,0.99999,-0.0022,-0.00277,-0.00119,0.99838,-0.02745,0.04965,0.0039,33.28,34.45,0.0687,0.074
20:08:50.235,1790255330.2355,1055,6.289,-2.097,1.261,2.802,0.00714,-0.02264,0.97781,0.00148,0.0029,0.00198,-0.00958,-0.14817,0.98487,0.12847,0.07593,0.00307,0.99999,-0.00349,-0.00286,-0.00116,0.99839,-0.02708,0.04961,0.00374,33.28,34.45,0.0636,0.077
20:08:50.255,1790255330.2557,1056,6.228,-2.251,1.266,2.797,-0.00356,0.00538,0.99734,0.00176,0.0002,0.00017,-0.04941,-0.17022,0.9739,0.10893,0.06978,0.00074,1.0,-0.00223,-0.00192,-0.00116,0.99837,-0.02714,0.05001,0.00358,33.28,34.44,0.078,0.0724
20:08:50.276,1790255330.2761,1057,6.349,-2.064,1.272,2.791,0.01466,-0.03002,1.00101,-0.00028,-0.00164,0.00133,-0.03085,-0.17547,1.00288,0.1099,0.08285,-4e-05,0.99999,-0.00371,-0.00256,-0.00115,0.99836,-0.027,0.05043,0.00341,33.28,34.44,0.0788,0.0661
20:08:50.296,1790255330.2962,1058,6.219,-2.029,1.277,2.786,-0.01312,-0.01287,0.99049,-0.00303,-0.00078,-0.00119,-0.03272,-0.19264,0.98206,0.11042,0.07068,-0.00146,0.99999,-0.00417,-0.00116,-0.00115,0.99834,-0.02713,0.0507,0.00321,33.28,34.44,0.073,0.079
20:08:50.316,1790255330.3168,1059,6.269,-1.856,1.283,2.781,0.00315,-0.011,0.98497,0.00155,0.0041,0.00161,-0.01247,-0.17844,0.99953,0.10811,0.06204,0.00151,0.99998,-0.00551,-0.00153,-0.00114,0.99834,-0.02696,0.05078,0.00306,33.28,34.44,0.0688,0.0684
20:08:50.337,1790255330.3373,1060,6.096,-1.754,1.288,2.776,-0.00972,-0.01654,0.9944,-0.00408,0.00011,-0.001,-0.00657,-0.16152,1.00012,0.10845,0.06098,0.00413,0.99998,-0.00618,-0.00011,-0.00114,0.99835,-0.02673,0.05071,0.00293,33.28,34.44,0.0759,0.0702
20:08:50.357,1790255330.3575,1061,6.259,-1.667,1.293,2.771,0.01296,-0.01774,0.98962,0.00199,-0.00277,-0.00329,-0.0131,-0.16072,0.97769,0.11424,0.07218,-0.00197,0.99998,-0.00674,-0.00148,-0.00118,0.99835,-0.02654,0.05076,0.00273,33.28,34.44,0.0724,0.0732
20:08:50.378,1790255330.378,1062,6.225,-1.496,1.299,2.766,0.00149,-0.02406,0.99533,-0.00284,0.00066,0.00085,-0.00166,-0.18857,0.98602,0.09639,0.0599,-0.00131,0.99996,-0.00833,-0.00126,-0.00117,0.99836,-0.02663,0.05071,0.00255,33.28,34.44,0.0767,0.0771
20:08:50.398,1790255330.3983,1063,6.069,-1.489,1.304,2.762,-0.01274,-0.01585,0.98352,0.00218,-0.00378,-0.00089,-0.0077,-0.16061,0.97102,0.10119,0.05975,-0.00684,0.99997,-0.00826,8e-05,-0.00117,0.99836,-0.02647,0.05067,0.00232,33.28,34.44,0.0678,0.0682
20:08:50.418,1790255330.4186,1064,6.059,-1.326,1.309,2.757,0.00132,-0.02545,0.99687,0.00093,0.00327,9e-05,-0.0134,-0.16207,0.98602,0.09302,0.04453,0.00059,0.99995,-0.00981,-0.00014,-0.00117,0.99837,-0.0266,0.05038,0.00216,33.28,34.44,0.0779,0.0795
20:08:50.439,1790255330.439,1065,5.897,-1.482,1.314,2.753,-0.00504,-0.01448,0.99701,0.0031,-0.00097,-0.00185,-0.01288,-0.16747,0.9869,0.08559,0.04218,-0.00129,0.99996,-0.00869,0.001,-0.00118,0.99838,-0.02682,0.05009,0.00199,33.28,34.44,0.0778,0.0792
20:08:50.459,1790255330.4593,1066,5.738,-1.59,1.319,2.748,-0.01197,-0.01,0.97875,0.00023,0.00222,0.00095,-0.00512,-0.17877,0.97921,0.08663,0.03699,0.00294,0.99997,-0.00794,0.00209,-0.00116,0.99839,-0.02699,0.04979,0.00186,33.28,34.44,0.0642,0.0766
20:08:50.479,1790255330.4796,1067,5.767,-1.741,1.324,2.743,0.00179,-0.00207,0.98342,0.0021,-0.00139,0.00223,-0.00391,-0.15468,0.97291,0.07917,0.03683,-0.0038,0.99998,-0.00667,0.00153,-0.00113,0.99841,-0.02702,0.04948,0.00168,33.28,34.44,0.0676,0.0689
20:08:50.500,1790255330.5005,1068,5.76,-1.909,1.329,2.738,-0.002,-0.00661,0.9743,-0.00163,-0.00049,-0.00267,-0.01318,-0.16649,0.97498,0.07658,0.03489,-0.00036,0.99998,-0.00543,0.00133,-0.00116,0.99842,-0.02723,0.04921,0.00153,33.28,34.44,0.0607,0.0719
20:08:50.521,1790255330.5212,1069,5.877,-1.948,1.334,2.733,0.00609,-0.01028,0.98188,0.0007,-0.00456,0.00351,-0.01123,-0.16588,0.98814,0.07758,0.03261,0.00246,0.99998,-0.00536,-9e-05,-0.00113,0.99843,-0.02751,0.04881,0.0014,33.28,34.44,0.0665,0.0785
20:08:50.543,1790255330.5418,1070,5.644,-1.931,1.338,2.728,-0.01562,-0.01438,0.99404,-0.00201,-0.00124,-0.00246,-0.00312,-0.16527,0.98186,0.077,0.02257,0.00196,0.99998,-0.00574,0.00142,-0.00115,0.99845,-0.02773,0.04829,0.00127,33.28,34.44,0.0757,0.0768
20:08:50.563,1790255330.5637,1071,5.746,-2.024,1.343,2.723,0.00014,-0.01034,0.98373,-0.00134,-0.00219,0.00219,0.00163,-0.16633,0.98793,0.06619,0.02873,0.00219,0.99999,-0.0053,-2e-05,-0.00113,0.99846,-0.02809,0.04774,0.00114,33.28,34.44,0.0678,0.0786
20:08:50.584,1790255330.5846,1072,5.871,-2.134,1.348,2.717,0.01697,-0.00463,0.99757,-0.00113,0.00157,0.0023,-0.01704,-0.17036,0.97782,0.06398,0.01599,-0.0051,0.99999,-0.00477,-0.00155,-0.00112,0.99847,-0.02852,0.04731,0.00095,33.28,34.44,0.0783,0.0745
20:08:50.605,1790255330.6055,1073,5.733,-2.323,1.353,2.712,-0.00627,0.0054,0.98662,-0.00116,-0.00147,-0.00265,-0.01718,-0.16303,0.97918,0.06343,0.01868,0.00571,0.99999,-0.00355,-0.00079,-0.00114,0.99848,-0.02893,0.04686,0.00087,33.28,34.44,0.07,0.0746
20:08:50.625,1790255330.6258,1074,5.83,-2.376,1.358,2.706,0.01467,-0.00706,0.9869,0.00015,-0.00192,-0.00042,-0.00399,-0.17561,0.98844,0.05771,0.00917,-0.00675,0.99999,-0.00355,-0.00223,-0.00115,0.9985,-0.02939,0.04627,0.00067,33.28,34.44,0.0703,0.0771
20:08:50.646,1790255330.6462,1075,5.618,-2.298,1.362,2.701,-0.02213,-0.03453,1.00001,0.00052,-0.00089,-0.00069,-0.01128,-0.1511,0.99073,0.05244,0.00753,-0.00428,0.99999,-0.00472,-0.0011,-0.00115,0.99852,-0.02987,0.04555,0.0005,33.28,34.44,0.0794,0.0783
20:08:50.666,1790255330.6666,1076,5.465,-2.506,1.367,2.695,-0.00756,0.0037,1.00532,-0.00261,0.00121,-0.00091,-0.01801,-0.1851,0.99099,0.0521,0.00974,0.00265,0.99999,-0.0035,-0.00016,-0.00115,0.99852,-0.03044,0.04515,0.0004,33.28,34.44,0.076,0.0738
20:08:50.687,1790255330.6869,1077,5.416,-2.747,1.371,2.689,-5e-05,0.00875,1.00822,0.00038,-0.00092,-0.00019,-0.04074,-0.14717,0.99578,0.05123,0.01077,-0.00013,1.0,-0.002,-0.00013,-0.00115,0.99852,-0.03104,0.04475,0.00028,33.28,34.44,0.0738,0.0744
20:08:50.707,1790255330.7075,1078,5.292,-2.94,1.375,2.683,-0.00244,0.00686,0.97013,0.00053,0.00241,-2e-05,0.00171,-0.17193,0.99277,0.04492,-0.00502,-0.0011,1.0,-0.00084,0.00018,-0.00115,0.99853,-0.03156,0.04399,0.00015,33.28,34.44,0.0576,0.0743
20:08:50.728,1790255330.7282,1079,5.309,-2.881,1.379,2.677,0.00541,-0.00894,0.98969,0.00171,-0.00097,-0.00308,-0.00462,-0.16574,0.98803,0.04166,-0.00269,-0.00508,1.0,-0.002,-0.00076,-0.00119,0.99855,-0.0322,0.0432,-2e-05,33.28,34.44,0.0723,0.0786
20:08:50.748,1790255330.7486,1080,5.075,-2.942,1.383,2.671,-0.00151,-0.00421,0.97814,0.00166,-0.00278,0.00184,-0.00666,-0.16448,0.98868,0.04154,-0.00416,-0.00375,1.0,-0.00211,0.0005,-0.00116,0.99856,-0.03283,0.04242,-0.00018,33.28,34.44,0.0636,0.0783
20:08:50.769,1790255330.7689,1081,5.044,-2.851,1.387,2.665,0.00639,-0.0254,0.99313,-0.00049,-0.00232,0.00079,-0.01109,-0.162,0.99349,0.03516,-0.01215,0.00102,0.99999,-0.00356,-3e-05,-0.00116,0.99857,-0.03349,0.04163,-0.00028,33.28,34.44,0.0751,0.075
20:08:50.789,1790255330.7893,1082,5.114,-2.986,1.391,2.659,0.01384,-0.00264,0.99947,-0.00113,-0.00165,8e-05,-0.00245,-0.15375,0.98818,0.03163,-0.00977,-0.00024,0.99999,-0.00308,-0.00159,-0.00116,0.99859,-0.03418,0.04068,-0.00039,33.28,34.44,0.0797,0.0799
20:08:50.810,1790255330.8099,1083,5.12,-3.216,1.395,2.653,0.00955,0.00224,0.99124,0.00147,-0.00221,-0.00162,-0.0079,-0.16539,0.98956,0.02791,-0.01863,-0.00061,0.99999,-0.00187,-0.00254,-0.00118,0.9986,-0.03496,0.03979,-0.0005,33.28,34.44,0.0735,0.0775
20:08:50.830,1790255330.8302,1084,4.871,-3.312,1.399,2.647,-0.00507,-0.00452,0.98558,-0.00262,0.00236,-0.00141,-0.02928,-0.16597,0.98955,0.02187,-0.02694,-0.00064,1.0,-0.00201,-0.00111,-0.0012,0.99859,-0.03594,0.03905,-0.0006,33.28,34.44,0.0692,0.0772
20:08:50.851,1790255330.8509,1085,4.661,-3.27,1.403,2.64,0.00054,-0.00619,0.98783,0.00014,0.0027,0.00089,-0.00524,-0.16621,0.99754,0.01517,-0.02775,0.00344,0.99999,-0.00318,-0.00021,-0.00118,0.9986,-0.03675,0.03812,-0.00066,33.28,34.44,0.0709,0.0715
20:08:50.871,1790255330.8713,1086,4.546,-3.244,1.406,2.634,0.00125,-0.02652,0.98029,0.00299,0.00211,0.00261,-0.00568,-0.1741,0.98249,0.00358,-0.03821,0.00107,0.99999,-0.00449,-0.00024,-0.00116,0.9986,-0.03784,0.03708,-0.00073,33.28,34.44,0.0655,0.0784
20:08:50.891,1790255330.8914,1087,4.424,-3.18,1.409,2.628,-0.00644,-0.03696,0.9793,0.00083,0.00142,-0.00153,-0.0225,-0.15314,0.96534,0.01823,-0.03094,-0.00397,0.99998,-0.00576,9e-05,-0.00117,0.9986,-0.03854,0.03635,-0.00085,33.28,34.44,0.065,0.0633
20:08:50.912,1790255330.9121,1088,4.282,-3.127,1.412,2.622,-0.00075,-0.01485,0.99465,-0.00104,0.00207,0.00166,-0.01766,-0.1627,0.99612,-0.00268,-0.03746,-0.00161,0.99997,-0.00731,0.00038,-0.00115,0.99859,-0.03963,0.0354,-0.00094,33.28,34.44,0.0761,0.0729
20:08:50.932,1790255330.9324,1089,4.098,-3.371,1.415,2.615,-0.01057,-0.00054,0.98488,0.00138,2e-05,0.00466,-0.01301,-0.17151,0.97007,0.00366,-0.03267,0.00303,0.99998,-0.00616,0.00118,-0.0011,0.99858,-0.0406,0.03461,-0.00098,33.28,34.44,0.0687,0.0689
20:08:50.953,1790255330.953,1090,3.908,-3.632,1.418,2.609,-0.0042,-0.00864,0.97872,0.00023,7e-05,-0.00091,-0.00771,-0.17134,0.99169,-0.00403,-0.03987,0.0017,0.99999,-0.00501,0.00182,-0.00109,0.99856,-0.04173,0.03359,-0.00104,33.28,34.44,0.0641,0.0752
20:08:50.973,1790255330.9732,1091,3.951,-3.799,1.42,2.602,0.02117,-0.00037,0.99729,0.00122,-0.00313,-0.00336,0.00063,-0.16864,0.97587,0.00961,-0.04758,-0.00087,0.99999,-0.00443,0.00032,-0.00113,0.99856,-0.0426,0.03247,-0.00113,33.28,34.44,0.0781,0.0727
20:08:50.993,1790255330.9934,1092,3.681,-3.924,1.423,2.595,-0.00766,-0.00917,0.98851,-0.00348,0.00137,-0.00295,-0.02705,-0.1576,0.98463,-0.0001,-0.04406,-0.00038,0.99999,-0.00455,0.00177,-0.00116,0.99854,-0.04381,0.03156,-0.0012,33.28,34.44,0.0714,0.0782
20:08:51.014,1790255331.0141,1093,3.397,-3.942,1.425,2.588,-0.01713,-0.01857,0.98696,0.00159,0.00035,0.00212,-0.00543,-0.14856,0.97049,-0.01511,-0.06081,-0.00024,0.99998,-0.00537,0.00296,-0.00113,0.99854,-0.0448,0.03028,-0.00126,33.28,34.44,0.0705,0.0664
20:08:51.034,1790255331.0347,1094,3.287,-4.235,1.427,2.581,-0.00249,0.01277,0.98817,0.00038,0.00022,-0.00366,-0.01616,-0.15019,0.99859,-0.00946,-0.05172,0.00252,0.99999,-0.00391,0.00275,-0.00117,0.99852,-0.04589,0.02912,-0.0013,33.28,34.44,0.0712,0.0725
20:08:51.055,1790255331.0549,1095,3.096,-4.544,1.429,2.573,-0.01181,0.0051,1.00682,-0.00253,-0.00084,-0.00051,-0.03153,-0.1474,0.98453,-0.0143,-0.06123,-0.00138,0.99999,-0.00258,0.0034,-0.00116,0.99849,-0.04726,0.02811,-0.00137,33.28,34.44,0.0748,0.077
20:08:51.075,1790255331.0751,1096,3.12,-4.732,1.43,2.566,0.00774,-2e-05,1.00391,-4e-05,0.00017,-0.00189,-0.01141,-0.15083,1.00091,-0.02038,-0.06028,0.00421,1.0,-0.00206,0.00193,-0.00117,0.99847,-0.04838,0.02685,-0.00138,33.28,34.44,0.077,0.0708
20:08:51.095,1790255331.0952,1097,3.074,-4.908,1.432,2.558,0.00114,-0.0018,0.98627,-0.00141,0.00233,0.00045,-0.00189,-0.13231,0.98587,-0.02716,-0.06499,-0.00375,1.0,-0.00149,0.00068,-0.00116,0.99846,-0.04934,0.0252,-0.00148,33.28,34.44,0.0697,0.076
20:08:51.115,1790255331.1155,1098,2.777,-4.931,1.434,2.55,-0.01845,-0.01769,0.98991,-0.00102,0.00024,1e-05,-0.00548,-0.1391,0.98431,-0.03114,-0.05926,0.00019,0.99999,-0.00246,0.0018,-0.00116,0.99844,-0.05051,0.02374,-0.00154,33.28,34.44,0.0727,0.0756
20:08:51.135,1790255331.1358,1099,2.805,-5.07,1.435,2.542,0.02242,-0.00907,0.99754,0.00153,0.00314,-0.00259,-0.01481,-0.15117,0.99099,-0.03137,-0.06877,0.00082,1.0,-0.0027,0.00026,-0.00119,0.9984,-0.05197,0.02244,-0.00158,33.28,34.44,0.0784,0.0781
20:08:51.156,1790255331.156,1100,2.619,-5.373,1.436,2.534,0.0004,0.01265,1.00842,-0.00193,0.00243,-0.00175,0.01426,-0.15861,0.99265,-0.03269,-0.07893,0.00017,1.0,-0.00123,0.0002,-0.00121,0.99837,-0.05315,0.02078,-0.00162,33.28,34.44,0.0736,0.076
20:08:51.176,1790255331.1762,1101,2.392,-5.66,1.437,2.525,-0.00329,0.0114,0.98687,0.00146,0.00332,0.00151,-0.00649,-0.13938,0.99727,-0.02733,-0.08017,-0.00016,1.0,0.00017,0.00052,-0.0012,0.99834,-0.05426,0.01912,-0.00167,33.28,34.44,0.0702,0.0748
20:08:51.196,1790255331.1966,1102,2.082,-5.677,1.438,2.516,-0.00936,-0.00916,0.99168,0.00227,-0.00066,0.00264,-0.00925,-0.13403,0.99868,-0.0468,-0.0822,-0.00077,1.0,-0.00094,0.00151,-0.00117,0.9983,-0.05552,0.0174,-0.00172,33.28,34.44,0.0738,0.0742
20:08:51.217,1790255331.217,1103,2.025,-5.712,1.439,2.508,0.00715,-0.01301,0.99138,-0.002,-0.00034,-0.00173,-0.00832,-0.14832,0.99252,-0.03434,-0.08498,0.00395,1.0,-0.00208,0.00049,-0.00119,0.99825,-0.05697,0.01588,-0.00172,33.28,34.44,0.0736,0.0773
20:08:51.237,1790255331.2373,1104,1.784,-5.694,1.439,2.499,-0.00387,-0.01575,0.9872,0.00078,0.00163,-0.00053,-0.00629,-0.13474,0.99885,-0.0491,-0.08221,0.00392,0.99999,-0.00347,0.00084,-0.00119,0.9982,-0.05821,0.01413,-0.00172,33.28,34.44,0.0705,0.0741
20:08:51.257,1790255331.2578,1105,1.81,-5.821,1.439,2.49,0.04415,-0.012,0.99962,-0.00025,0.00346,3e-05,-0.00518,-0.13944,0.962,-0.05477,-0.08235,-0.00116,0.99999,-0.00366,-0.00074,-0.0012,0.99815,-0.0595,0.01278,-0.00175,33.28,34.44,0.0795,0.059
20:08:51.278,1790255331.2782,1106,1.418,-5.789,1.439,2.482,-0.02938,-0.02315,0.99024,-0.00184,0.00152,-0.00099,-0.01375,-0.11874,0.98589,-0.05203,-0.07868,-0.00083,0.99999,-0.00436,0.00061,-0.0012,0.99814,-0.05994,0.01071,-0.00181,33.28,34.44,0.0732,0.0748
20:08:51.298,1790255331.2984,1107,1.3,-5.863,1.439,2.473,-0.00159,-0.01834,0.9801,0.0005,0.00051,-7e-05,-0.01918,-0.12995,0.99712,-0.06623,-0.08994,0.00128,0.99998,-0.00568,0.00066,-0.0012,0.99803,-0.06189,0.00974,-0.00178,33.28,34.44,0.0652,0.0757
20:08:51.319,1790255331.319,1108,1.165,-6.235,1.439,2.464,-0.00679,-0.00022,0.97976,-0.00281,-0.00114,-0.00397,-0.02095,-0.15088,0.98649,-0.06576,-0.09234,-0.00443,0.99999,-0.00451,0.00125,-0.00124,0.99791,-0.06398,0.00915,-0.00179,33.28,34.44,0.0648,0.0786
20:08:51.339,1790255331.3393,1109,0.991,-6.28,1.438,2.455,-0.00734,0.00234,0.98963,-0.00075,0.00024,-4e-05,-0.01576,-0.11115,0.9921,-0.08026,-0.09711,0.00509,0.99999,-0.00316,0.00183,-0.00123,0.99798,-0.06303,0.0082,-0.00168,33.28,34.44,0.0722,0.0788
20:08:51.359,1790255331.3598,1110,1.088,-6.296,1.438,2.446,0.00592,0.00104,0.97634,0.00015,1e-05,0.0005,-0.01984,-0.1158,0.97597,-0.07713,-0.10135,0.00237,1.0,-0.00239,0.00082,-0.00123,0.99802,-0.06239,0.00803,-0.00156,33.28,34.44,0.0623,0.0673
20:08:51.380,1790255331.38,1111,0.832,-6.054,1.437,2.437,-0.00957,-0.01686,0.99993,-0.00033,0.00044,0.00142,-0.00925,-0.11157,1.00998,-0.06689,-0.10281,0.00124,0.99999,-0.00374,0.00171,-0.00123,0.99807,-0.06164,0.00668,-0.00152,33.28,34.44,0.0799,0.0679
20:08:51.400,1790255331.4003,1112,0.411,-6.271,1.436,2.428,-0.01143,-0.00656,0.9964,0.00124,-0.00089,-0.00187,0.00091,-0.13459,0.99301,-0.08846,-0.11213,-0.00065,0.99999,-0.00355,0.00326,-0.00125,0.99798,-0.06334,0.00456,-0.00155,33.28,34.44,0.0774,0.0784
20:08:51.420,1790255331.4205,1113,0.419,-6.179,1.435,2.419,0.00815,-0.0089,0.99324,-0.00123,0.00174,0.00187,-0.00381,-0.11352,0.9746,-0.07919,-0.11106,-0.00024,0.99999,-0.00376,0.00178,-0.00123,0.99802,-0.06276,0.00314,-0.00152,33.28,34.44,0.075,0.0659
20:08:51.440,1790255331.4406,1114,0.26,-6.146,1.434,2.41,-0.02017,0.00013,0.97509,-0.00314,-0.00251,-0.00011,-0.0083,-0.11858,0.9851,-0.0809,-0.10734,-0.00198,0.99999,-0.00328,0.00288,-0.00123,0.99807,-0.062,0.00285,-0.00145,33.28,34.44,0.0615,0.0742
20:08:51.461,1790255331.4611,1115,0.169,-6.241,1.433,2.401,-0.00404,-0.00334,0.99519,0.00154,0.00355,-0.00132,0.00085,-0.10993,0.97963,-0.08593,-0.10727,0.00056,1.0,-0.00189,0.00219,-0.00124,0.99811,-0.06143,0.00137,-0.00142,33.28,34.44,0.0764,0.0693
20:08:51.481,1790255331.4815,1116,0.025,-6.665,1.431,2.392,-0.0035,0.00713,0.99847,-0.00033,0.00067,0.00051,0.00076,-0.13155,0.99554,-0.08275,-0.10541,-0.00167,1.0,-0.00029,0.00206,-0.00124,0.99798,-0.06352,-2e-05,-0.00142,33.28,34.44,0.0789,0.0769
20:08:51.502,1790255331.5019,1117,-0.151,-6.67,1.43,2.382,-0.01487,0.00356,0.98128,0.00175,0.00019,0.00086,-0.00542,-0.11948,1.01299,-0.08929,-0.11521,-0.00631,0.99999,0.0002,0.00332,-0.00124,0.99801,-0.06309,-0.00029,-0.00139,33.28,34.43,0.066,0.065
20:08:51.522,1790255331.5225,1118,0.023,-6.816,1.428,2.373,-0.0049,0.00151,0.97235,0.00119,0.00129,0.00131,-0.00633,-0.12663,1.00619,-0.09398,-0.11057,-0.00516,1.0,0.00091,0.00234,-0.00123,0.99797,-0.06364,0.00023,-0.00129,33.28,34.43,0.0593,0.0694
20:08:51.543,1790255331.543,1119,-0.035,-6.713,1.427,2.364,-0.01093,-0.00445,1.00276,0.00252,0.00116,0.00104,-0.02377,-0.11949,0.99515,-0.08965,-0.1112,0.00138,0.99999,-0.0002,0.00348,-0.00123,0.99796,-0.06385,0.00086,-0.00112,33.28,34.43,0.0779,0.0781
20:08:51.563,1790255331.5636,1120,0.114,-6.588,1.425,2.354,-0.00648,-0.00109,0.9906,-0.00138,0.00089,0.00155,-0.01713,-0.1195,0.98722,-0.10436,-0.11006,0.0037,0.99999,-0.0015,0.00272,-0.00122,0.99794,-0.06407,0.0014,-0.00094,33.28,34.43,0.073,0.0759
20:08:51.584,1790255331.5841,1121,-0.011,-6.645,1.424,2.345,-0.00469,0.0039,0.96901,0.00095,0.00014,0.00159,-0.00177,-0.12271,0.99534,-0.10703,-0.11626,-0.00309,1.0,-0.00034,0.00262,-0.00121,0.99799,-0.0634,0.0002,-0.00092,33.28,34.43,0.0568,0.0778
20:08:51.604,1790255331.6043,1122,-0.09,-6.428,1.422,2.336,-0.00737,-0.01101,0.99058,-0.00087,0.00077,-0.00155,-0.006,-0.11062,0.98052,-0.10357,-0.11565,0.00254,0.99999,-0.00178,0.00292,-0.00122,0.99802,-0.06295,-0.00019,-0.00081,33.28,34.43,0.073,0.0701
20:08:51.624,1790255331.6245,1123,0.146,-6.448,1.421,2.327,0.00802,-0.00221,0.99802,-0.0019,-0.00183,-0.00039,-0.03716,-0.10141,0.98845,-0.10363,-0.10768,0.00597,1.0,-0.00165,0.00133,-0.00122,0.99801,-0.06299,0.00027,-0.00061,33.28,34.43,0.0785,0.0757
20:08:51.644,1790255331.6446,1124,0.298,-6.452,1.42,2.318,0.01621,0.00243,0.99559,-0.00178,0.00035,-0.00061,-0.02172,-0.09147,0.98684,-0.10437,-0.11952,-0.00149,1.0,-0.00122,-0.00015,-0.00123,0.99804,-0.06261,0.00011,-0.00051,33.28,34.43,0.0768,0.0735
20:08:51.665,1790255331.665,1125,0.381,-6.324,1.419,2.309,0.00848,-0.00602,0.99568,0.00023,0.00039,0.00172,-0.0051,-0.08252,0.98439,-0.11163,-0.11156,-0.00113,1.0,-0.00185,-0.00159,-0.00123,0.99807,-0.06213,-0.0006,-0.00046,33.27,34.43,0.0768,0.0709
20:08:51.685,1790255331.6854,1126,0.279,-6.153,1.418,2.301,-0.00219,-0.01266,0.97982,0.00071,0.00187,-0.00208,-0.01321,-0.09735,0.98911,-0.11482,-0.11801,-0.00261,0.99999,-0.00298,-0.0009,-0.00125,0.99809,-0.06177,-0.00081,-0.00038,33.27,34.43,0.0649,0.0755
20:08:51.706,1790255331.7059,1127,0.332,-6.002,1.416,2.292,0.00249,-0.00871,0.99251,-0.00027,-0.00177,-0.00143,-0.02142,-0.1085,1.00907,-0.11612,-0.12901,-0.00052,0.99999,-0.00447,-0.00129,-0.00127,0.99808,-0.06194,-0.00074,-0.00025,33.27,34.43,0.0744,0.0687
20:08:51.726,1790255331.7265,1128,0.193,-6.066,1.415,2.283,-0.019,-0.00036,0.98579,0.00034,0.0023,0.00041,-0.00821,-0.11344,0.98647,-0.12561,-0.11895,0.00318,0.99999,-0.00394,7e-05,-0.00126,0.99808,-0.06197,-0.00061,-9e-05,33.27,34.43,0.0695,0.0748
20:08:51.747,1790255331.7471,1129,-0.021,-6.211,1.414,2.275,-0.00598,0.00515,0.99883,0.00039,-0.00229,0.0025,0.00492,-0.10088,0.97409,-0.12305,-0.12101,-0.00527,1.0,-0.00246,0.00071,-0.00123,0.99809,-0.06174,-0.00183,-0.0001,33.27,34.43,0.0791,0.0645
20:08:51.767,1790255331.7674,1130,-0.253,-6.151,1.412,2.266,-0.00434,-0.00532,0.98623,-0.00021,0.00339,0.00233,-0.00569,-0.09576,0.98368,-0.12335,-0.13087,-0.00037,0.99999,-0.00268,0.00214,-0.0012,0.99811,-0.06144,-0.00243,-1e-05,33.27,34.43,0.0697,0.0713
20:08:51.788,1790255331.7881,1131,-0.502,-6.082,1.41,2.258,-0.02203,-0.00692,0.99648,2e-05,1e-05,-0.00105,0.00107,-0.10882,0.99791,-0.12135,-0.12002,-0.00118,0.99999,-0.00282,0.00374,-0.0012,0.99814,-0.06097,-0.00301,6e-05,33.27,34.43,0.0776,0.0771
20:08:51.808,1790255331.8086,1132,-0.696,-6.217,1.408,2.249,-0.00855,0.00116,0.98975,-0.00026,0.00235,0.00079,0.01452,-0.08879,0.98691,-0.13323,-0.12758,-0.00472,0.99999,-0.00137,0.00401,-0.00118,0.99815,-0.0607,-0.00444,4e-05,33.27,34.43,0.0723,0.0733
20:08:51.828,1790255331.8288,1133,-0.816,-6.312,1.406,2.24,-0.01326,0.002,0.9913,-0.00123,-0.00176,0.00109,-0.01325,-0.09091,0.99689,-0.13148,-0.11402,0.00115,0.99999,-0.00039,0.0051,-0.00117,0.99816,-0.06054,-0.00441,0.00015,33.27,34.43,0.0735,0.0792
20:08:51.849,1790255331.8493,1134,-0.673,-6.267,1.404,2.232,-0.00539,-0.0011,1.00064,-0.0045,0.00081,0.00202,-0.00606,-0.08367,1.00797,-0.12885,-0.11365,0.00546,0.99999,-0.00055,0.00347,-0.00115,0.99817,-0.06031,-0.00479,0.00029,33.27,34.43,0.0795,0.0714
20:08:51.869,1790255331.8698,1135,-0.524,-6.168,1.402,2.223,0.00089,-0.00994,0.98969,-0.00033,-0.00222,-0.00177,-0.03088,-0.08996,0.99837,-0.13923,-0.11894,0.00401,0.99999,-0.00167,0.00247,-0.00117,0.99815,-0.06058,-0.00449,0.00045,33.27,34.43,0.0723,0.0778
20:08:51.890,1790255331.8902,1136,-0.478,-6.097,1.4,2.215,0.00799,-0.00684,0.98155,0.00547,0.00395,-0.00032,0.00766,-0.09712,0.99669,-0.14587,-0.11803,-0.0011,1.0,-0.00198,0.00121,-0.00118,0.99817,-0.06027,-0.00536,0.00049,33.27,34.43,0.0662,0.0789
20:08:51.910,1790255331.9105,1137,-0.326,-6.154,1.398,2.206,0.00122,-0.0025,0.98181,-0.00443,0.00239,0.00219,-0.00128,-0.10566,0.98454,-0.13408,-0.1111,-0.00071,1.0,-0.00154,-2e-05,-0.00116,0.99816,-0.06033,-0.00527,0.00059,33.27,34.43,0.0664,0.0726
20:08:51.931,1790255331.9311,1138,-0.124,-6.204,1.396,2.198,0.00589,-0.00136,0.99692,-0.00041,-0.0009,-0.0019,-0.01561,-0.09192,0.99839,-0.1352,-0.10791,-0.00224,1.0,-0.0011,-0.00157,-0.00118,0.99817,-0.06034,-0.00506,0.00067,33.27,34.43,0.0777,0.0779
20:08:51.951,1790255331.9513,1139,-0.157,-6.004,1.395,2.19,0.00297,-0.00956,0.99181,0.00019,0.00142,-0.00176,-0.02027,-0.06339,0.99605,-0.13266,-0.12267,0.00083,0.99999,-0.0026,-0.00153,-0.00119,0.99818,-0.06009,-0.0053,0.00077,33.27,34.43,0.0739,0.0787
20:08:51.971,1790255331.9718,1140,-0.228,-6.159,1.393,2.181,0.00238,0.00578,0.99676,0.00172,0.00137,0.00196,0.00265,-0.0834,0.99284,-0.14502,-0.10785,0.00012,1.0,-0.001,-0.00142,-0.00118,0.99819,-0.05984,-0.00582,0.00083,33.27,34.43,0.0776,0.0773
20:08:51.992,1790255331.9922,1141,-0.14,-6.317,1.392,2.173,0.00869,0.00861,1.00442,0.0013,-0.00205,-0.00153,-0.00764,-0.08879,0.98631,-0.14144,-0.10546,-0.00259,1.0,0.00038,-0.0022,-0.00119,0.99819,-0.05984,-0.00585,0.00088,33.27,34.43,0.0766,0.0727
20:08:52.012,1790255332.0125,1142,0.063,-6.355,1.39,2.164,0.01991,0.00202,0.99719,-0.00086,-0.0026,-0.00037,-0.03043,-0.0757,0.98229,-0.139,-0.10706,-0.00096,0.99999,0.0005,-0.00381,-0.0012,0.99818,-0.06007,-0.00569,0.00097,33.27,34.43,0.078,0.0693
20:08:52.033,1790255332.033,1143,-0.106,-6.312,1.389,2.155,-0.00689,-0.00201,0.97265,0.00241,0.00167,0.0006,-0.00827,-0.07786,1.00052,-0.14408,-0.1145,-0.00226,1.0,0.00027,-0.0026,-0.00119,0.99819,-0.05991,-0.00596,0.00103,33.27,34.43,0.0595,0.0773
20:08:52.053,1790255332.0533,1144,-0.269,-6.319,1.387,2.147,-0.00977,0.00204,0.98842,-0.00155,-0.00161,-4e-05,-0.01535,-0.07503,0.99719,-0.14783,-0.10775,-0.00092,1.0,0.0004,-0.00118,-0.00119,0.99819,-0.05984,-0.00596,0.00111,33.27,34.43,0.0714,0.0799
20:08:52.073,1790255332.0738,1145,-0.498,-6.345,1.385,2.138,-0.00985,0.0051,0.9866,4e-05,-0.00113,-0.00078,0.00529,-0.07067,0.99518,-0.14786,-0.10954,-0.00275,1.0,0.00088,0.00017,-0.00119,0.9982,-0.05958,-0.00662,0.00113,33.27,34.43,0.07,0.0783
20:08:52.094,1790255332.094,1146,-0.475,-6.158,1.383,2.13,0.00436,-0.0178,0.99592,0.00035,-0.00303,0.0007,-0.00951,-0.07132,1.00596,-0.14002,-0.10481,-0.00663,1.0,-0.00063,-0.00023,-0.00119,0.99821,-0.05946,-0.00681,0.00113,33.27,34.43,0.0771,0.0736
20:08:52.114,1790255332.1145,1147,-0.571,-6.032,1.381,2.122,-0.00951,-0.017,0.98551,-0.0007,0.00166,-0.00079,-0.01173,-0.07375,0.97959,-0.14325,-0.09876,0.00093,1.0,-0.00183,0.00053,-0.00119,0.9982,-0.05955,-0.00688,0.00121,33.27,34.43,0.0693,0.0668
20:08:52.135,1790255332.1351,1148,-0.47,-5.963,1.38,2.114,0.01702,-0.00885,0.99174,-0.0004,-0.00322,0.00284,0.00838,-0.05825,1.00317,-0.15422,-0.09788,0.00278,1.0,-0.00226,-0.00097,-0.00116,0.99821,-0.05939,-0.00749,0.00127,33.27,34.43,0.0739,0.0763
20:08:52.155,1790255332.1556,1149,-0.723,-5.931,1.378,2.106,-0.02741,-0.00588,0.99606,-0.0017,-0.00132,0.00062,0.01468,-0.0514,1.0108,-0.14058,-0.08828,0.0013,1.0,-0.00236,0.00061,-0.00115,0.99821,-0.05919,-0.00814,0.0013,33.27,34.43,0.0773,0.0708
20:08:52.176,1790255332.1758,1150,-0.827,-6.062,1.375,2.098,-0.00727,0.01315,0.98954,0.00177,0.00113,0.00036,-0.00061,-0.03996,1.00019,-0.14965,-0.1018,0.00118,1.0,-0.00098,0.00108,-0.00115,0.99822,-0.05895,-0.00858,0.00136,33.27,34.43,0.0722,0.0793
20:08:52.196,1790255332.1963,1151,-1.008,-6.095,1.373,2.089,-0.01668,0.00288,0.99271,0.00018,-0.00339,-0.00113,-0.00244,-0.06327,0.99353,-0.14258,-0.09357,0.00412,1.0,-0.00049,0.00249,-0.00116,0.99823,-0.05875,-0.00875,0.00145,33.27,34.43,0.0746,0.0767
20:08:52.216,1790255332.2167,1152,-0.866,-6.005,1.371,2.081,0.00444,-0.00529,1.00219,-0.00311,0.00037,-0.00201,-0.00181,-0.04929,0.99259,-0.15608,-0.08669,0.00108,1.0,-0.00119,0.00104,-0.00118,0.99824,-0.05867,-0.00897,0.0015,33.27,34.43,0.0783,0.0754
20:08:52.237,1790255332.237,1153,-0.763,-5.98,1.369,2.073,0.00721,-0.00321,0.98631,-0.00048,-0.00218,0.00046,0.01239,-0.05417,1.0149,-0.14607,-0.08947,0.00055,1.0,-0.00133,-0.0004,-0.00118,0.99824,-0.0586,-0.00951,0.00153,33.27,34.43,0.0698,0.0677
20:08:52.257,1790255332.2574,1154,-0.645,-6.072,1.367,2.065,0.00576,0.00109,0.99663,0.00188,-2e-05,0.00118,-0.00011,-0.0317,0.99219,-0.14872,-0.08068,0.00194,1.0,-0.00037,-0.00166,-0.00117,0.99824,-0.05845,-0.00975,0.00157,33.27,34.43,0.0775,0.0745
20:08:52.278,1790255332.2778,1155,-0.754,-5.925,1.364,2.057,-0.01005,-0.01526,0.99324,-0.00038,0.00155,0.00082,-0.00344,-0.0685,0.9968,-0.1457,-0.08327,0.00421,1.0,-0.00149,-0.00062,-0.00116,0.99825,-0.05828,-0.00965,0.00167,33.27,34.43,0.0751,0.0794
20:08:52.298,1790255332.2983,1156,-0.913,-5.868,1.362,2.049,-0.00883,-0.00627,0.99024,0.00019,0.0005,-0.00122,-0.00985,-0.03665,0.9908,-0.15248,-0.0731,0.0043,1.0,-0.00196,0.00079,-0.00116,0.99825,-0.05824,-0.00963,0.00174,33.27,34.43,0.0727,0.0736
20:08:52.319,1790255332.3189,1157,-0.999,-6.011,1.36,2.041,-0.00865,0.0049,0.99516,0.00197,-0.00456,0.00165,-0.01566,-0.05627,1.01191,-0.13903,-0.07593,0.00075,1.0,-0.00071,0.00173,-0.00114,0.99826,-0.05823,-0.00945,0.0018,33.27,34.43,0.0764,0.0698
20:08:52.339,1790255332.3391,1158,-0.91,-5.858,1.358,2.034,0.00622,-0.0158,1.0061,-0.00373,-0.0014,0.00249,-0.00191,-0.03948,1.00459,-0.16283,-0.07166,-0.00355,1.0,-0.00201,0.00086,-0.00112,0.99826,-0.05821,-0.00953,0.00179,33.27,34.43,0.0753,0.076
20:08:52.359,1790255332.3597,1159,-1.056,-5.757,1.355,2.026,-0.01989,-0.01537,1.00478,-0.00123,-0.00025,-0.00307,-0.01091,-0.03598,1.00331,-0.15766,-0.0713,-0.00476,0.99999,-0.00286,0.00219,-0.00115,0.99826,-0.05816,-0.00947,0.00177,33.27,34.43,0.0762,0.077
20:08:52.380,1790255332.3803,1160,-0.986,-5.589,1.353,2.018,0.00087,-0.01755,0.99504,0.00283,0.00021,-0.0007,0.00113,-0.05105,0.98749,-0.15196,-0.06375,-0.00284,0.99999,-0.00427,0.00156,-0.00116,0.99826,-0.05811,-0.00949,0.00177,33.27,34.43,0.0764,0.0716
20:08:52.400,1790255332.4006,1161,-1.114,-5.693,1.35,2.011,-0.00546,-0.00578,0.98569,-0.00111,0.00282,-0.00158,-0.00119,-0.01926,0.98889,-0.14588,-0.06828,0.00138,0.99999,-0.00324,0.00253,-0.00117,0.99827,-0.05798,-0.00963,0.0018,33.27,34.43,0.0693,0.0718
20:08:52.421,1790255332.421,1162,-1.273,-5.726,1.348,2.003,-0.02154,-0.00498,0.98602,0.0001,0.00141,-0.00157,-0.01278,-0.02347,1.01929,-0.15737,-0.06491,0.00449,0.99999,-0.00312,0.00394,-0.00117,0.99826,-0.05813,-0.00961,0.00187,33.27,34.43,0.0697,0.0653
20:08:52.441,1790255332.4413,1163,-1.333,-5.515,1.345,1.996,-0.00913,-0.01222,1.00061,-0.0016,-0.00233,-0.00047,0.00747,-0.01947,1.00801,-0.1407,-0.06317,0.00269,0.99998,-0.00471,0.00425,-0.00118,0.99827,-0.05789,-0.00982,0.0019,33.27,34.43,0.0795,0.0738
20:08:52.461,1790255332.4617,1164,-1.338,-5.65,1.343,1.988,-0.00827,-0.00021,0.98147,-0.00048,0.0018,0.00191,0.00621,-0.02514,0.98836,-0.14346,-0.04999,0.00027,0.99998,-0.00337,0.00425,-0.00115,0.99828,-0.05772,-0.00987,0.00191,33.27,34.43,0.0661,0.0715
20:08:52.482,1790255332.4823,1165,-1.18,-5.652,1.34,1.981,0.01713,-0.00094,0.99303,0.00038,-0.0011,-0.00113,0.00972,-0.03034,1.00289,-0.14224,-0.05576,0.00327,0.99999,-0.00304,0.00275,-0.00116,0.9983,-0.05742,-0.01,0.00194,33.27,34.43,0.0749,0.0775
20:08:52.503,1790255332.5029,1166,-1.071,-5.795,1.338,1.973,-0.00152,0.00111,0.99016,0.00088,-0.00242,-0.00222,-0.01312,-0.03671,1.01382,-0.13975,-0.0579,-0.00402,1.0,-0.00172,0.002,-0.00118,0.9983,-0.05735,-0.0098,0.00193,33.27,34.43,0.0726,0.0691
20:08:52.523,1790255332.5234,1167,-1.146,-5.928,1.335,1.965,-0.00484,-0.00198,0.99368,0.00256,-0.00271,0.0045,0.00058,-0.03051,1.00686,-0.14537,-0.04626,-0.00383,1.0,-0.00037,0.00277,-0.00113,0.99832,-0.05717,-0.0097,0.0019,33.27,34.43,0.0753,0.0745
20:08:52.544,1790255332.5439,1168,-1.006,-5.842,1.333,1.958,0.00526,-0.00625,0.98124,0.00159,0.00066,0.00021,0.00306,-0.00286,0.98519,-0.14332,-0.04244,-0.00127,1.0,-0.00099,0.00157,-0.00113,0.99832,-0.05705,-0.00968,0.00188,33.27,34.43,0.066,0.0689
20:08:52.564,1790255332.5644,1169,-1.156,-5.727,1.331,1.95,-0.00744,-0.00401,1.00316,0.00484,0.00431,0.00082,-0.00414,-0.00741,1.00472,-0.12895,-0.03942,0.00092,0.99999,-0.00162,0.00305,-0.00112,0.99835,-0.05665,-0.00949,0.00189,33.27,34.43,0.0776,0.0764
20:08:52.584,1790255332.5846,1170,-1.031,-5.694,1.328,1.943,0.01659,-0.00827,0.97007,0.00162,0.00107,0.0001,0.00914,0.0002,0.98051,-0.14727,-0.03949,-0.00524,1.0,-0.00188,0.00192,-0.00112,0.99835,-0.05664,-0.00953,0.00183,33.27,34.43,0.0577,0.0654
20:08:52.605,1790255332.605,1171,-0.86,-5.78,1.326,1.935,0.0119,0.01074,0.99434,-0.00212,-0.00186,0.00057,-0.00761,-0.02155,0.99437,-0.13823,-0.03438,0.00209,1.0,-0.00086,0.00076,-0.00112,0.99837,-0.05637,-0.0092,0.00186,33.27,34.43,0.0759,0.076
20:08:52.625,1790255332.6254,1172,-1.013,-5.682,1.324,1.928,-0.0024,-0.00205,1.01209,-0.00132,0.00065,0.00014,0.01677,-0.02674,1.00597,-0.13209,-0.02451,0.0004,1.0,-0.00135,0.00212,-0.00112,0.99839,-0.056,-0.00917,0.00184,33.27,34.43,0.0709,0.0752
20:08:52.646,1790255332.646,1173,-0.839,-5.604,1.322,1.92,0.00458,-0.0053,0.98162,-0.00249,-0.00114,-0.00042,-0.00049,-0.01188,0.99061,-0.13808,-0.03168,-0.00313,1.0,-0.00177,0.00081,-0.00112,0.9984,-0.05576,-0.00897,0.00181,33.27,34.43,0.0662,0.073
20:08:52.666,1790255332.6665,1174,-0.747,-5.738,1.32,1.913,0.0095,0.01972,0.99836,-0.00107,0.00374,-0.00063,0.00089,0.01429,1.00812,-0.13806,-0.0311,-0.00038,1.0,-0.00033,0.00014,-0.00113,0.99842,-0.05549,-0.00883,0.0018,33.27,34.43,0.079,0.0738
20:08:52.686,1790255332.6867,1175,-0.662,-5.817,1.318,1.905,0.01044,0.01761,0.97337,-0.00057,-0.0001,-0.0032,0.01323,-0.01442,0.99867,-0.14226,-0.01964,-0.00106,1.0,0.00071,-0.00047,-0.00116,0.99844,-0.05514,-0.00871,0.00176,33.27,34.43,0.0602,0.0791
20:08:52.707,1790255332.7068,1176,-0.577,-5.611,1.316,1.898,0.00382,-0.00502,1.00793,0.00188,-0.00115,0.00011,0.0101,0.01471,0.99887,-0.13257,-0.02117,0.00258,1.0,-0.00064,-0.00109,-0.00116,0.99846,-0.0547,-0.00858,0.00177,33.27,34.43,0.074,0.0793
20:08:52.727,1790255332.7273,1177,-0.422,-5.72,1.314,1.89,0.01565,0.01887,0.99573,0.00182,0.00154,0.00089,-0.00928,0.00988,0.99286,-0.12824,-0.00957,-2e-05,1.0,0.00069,-0.00196,-0.00115,0.99849,-0.05433,-0.0081,0.00176,33.27,34.43,0.077,0.0747
20:08:52.748,1790255332.7479,1178,-0.334,-5.493,1.313,1.883,0.00593,-0.00504,1.00796,0.00204,0.00584,0.00146,-0.00044,0.00148,0.99924,-0.12259,-0.01101,0.00099,1.0,-0.00075,-0.00235,-0.00114,0.99852,-0.05379,-0.00771,0.00175,33.27,34.43,0.074,0.0794
20:08:52.768,1790255332.7684,1179,-0.383,-5.577,1.311,1.876,-0.00686,0.01134,0.99501,-0.00229,-0.00377,-0.00061,-0.00354,-0.02158,1.00856,-0.12152,-0.00022,0.00067,1.0,0.00039,-0.00134,-0.00114,0.99855,-0.05338,-0.00714,0.00175,33.27,34.43,0.0763,0.0734
20:08:52.788,1790255332.7886,1180,-0.478,-5.534,1.309,1.869,-0.00302,0.00026,0.98311,-3e-05,-0.00264,0.00085,-0.02084,0.00891,0.98052,-0.11831,-0.01263,-0.00222,1.0,0.00027,-1e-05,-0.00114,0.99856,-0.05312,-0.00663,0.00172,33.27,34.43,0.0673,0.0656
20:08:52.809,1790255332.8089,1181,-0.539,-5.36,1.307,1.862,-0.01918,-0.01804,1.003,0.00121,-0.00178,-0.00025,-0.01417,0.02371,0.99393,-0.12318,0.00139,0.00508,1.0,-0.00081,0.0011,-0.00114,0.99859,-0.05268,-0.00605,0.00176,33.27,34.43,0.0775,0.0757
20:08:52.829,1790255332.8295,1182,-0.317,-5.341,1.306,1.855,0.02088,0.00103,0.98516,0.00229,0.00359,-0.00104,0.00042,-0.00792,1.0169,-0.11924,0.01413,-0.00158,1.0,-0.00063,-0.00028,-0.00115,0.99861,-0.05235,-0.00549,0.00172,33.27,34.43,0.069,0.0673
20:08:52.850,1790255332.8499,1183,-0.123,-5.336,1.304,1.848,0.02118,0.00212,0.9786,-0.00076,0.00044,-0.0003,0.00969,-0.01441,0.97326,-0.11474,0.01357,-0.0003,1.0,-0.00042,-0.00157,-0.00115,0.99863,-0.0521,-0.00509,0.00169,33.27,34.43,0.0641,0.0601
20:08:52.870,1790255332.8705,1184,0.097,-5.198,1.303,1.841,0.01866,-0.00704,0.9848,-0.00152,-0.00198,-0.00285,0.00146,0.00623,0.99887,-0.11295,0.0192,0.00173,0.99999,-0.00097,-0.00291,-0.00118,0.99866,-0.05145,-0.0045,0.00168,33.27,34.43,0.0688,0.0792
20:08:52.891,1790255332.8912,1185,0.269,-5.261,1.302,1.834,0.00947,0.00309,0.99921,-0.00175,-0.00111,0.00108,0.00108,0.01148,0.99612,-0.09978,0.01463,0.00554,0.99999,0.00034,-0.00389,-0.00117,0.9987,-0.0507,-0.00399,0.00171,33.27,34.43,0.0794,0.0771
20:08:52.911,1790255332.9118,1186,0.198,-5.099,1.301,1.828,0.00368,-0.00192,1.00173,-0.00039,0.00019,0.001,-0.00759,0.00135,0.99423,-0.11401,0.02615,-0.00358,1.0,-0.00053,-0.00252,-0.00117,0.99874,-0.05015,-0.00323,0.00165,33.27,34.42,0.0787,0.0757
20:08:52.932,1790255332.9324,1187,0.14,-5.182,1.3,1.821,-0.00017,0.00668,0.99594,0.0041,0.00498,0.00406,0.01052,-0.01732,1.0077,-0.10424,0.02393,-0.00244,1.0,0.00083,-0.00159,-0.00113,0.99877,-0.04951,-0.0028,0.00159,33.27,34.42,0.077,0.0741
20:08:52.953,1790255332.9528,1188,0.314,-5.162,1.299,1.814,0.01282,0.00755,0.97038,-0.00172,0.00236,-0.00275,0.01054,-0.00133,1.00338,-0.0986,0.03528,-0.0046,1.0,0.00142,-0.00257,-0.00116,0.99881,-0.04875,-0.00227,0.00151,33.27,34.42,0.0579,0.0774
20:08:52.973,1790255332.9732,1189,0.474,-4.904,1.298,1.808,0.00994,-0.01304,1.00335,-0.00068,-0.00367,0.00364,-0.01143,-0.01193,1.00382,-0.09922,0.03725,-0.00132,0.99999,-0.0001,-0.00307,-0.00112,0.99884,-0.04803,-0.00135,0.00148,33.27,34.42,0.0774,0.077
20:08:52.993,1790255332.9937,1190,0.37,-4.834,1.298,1.801,-0.00765,0.00045,0.9975,0.00081,0.00271,0.00071,-0.00411,-0.01013,1.00946,-0.09525,0.03331,0.0024,1.0,-2e-05,-0.00144,-0.00111,0.99888,-0.04733,-0.00064,0.00148,33.27,34.42,0.0781,0.0729
20:08:53.014,1790255333.0139,1191,0.255,-4.809,1.296,1.795,-0.01813,0.00791,0.99501,-0.00046,0.00097,-0.00195,0.01305,0.01137,0.99305,-0.09131,0.03588,-0.00082,1.0,0.00052,1e-05,-0.00113,0.99891,-0.04656,-0.0002,0.00143,33.27,34.42,0.0764,0.0749
20:08:53.034,1790255333.034,1192,0.165,-4.711,1.295,1.789,-0.01134,-4e-05,0.97963,0.00275,0.0032,0.0006,0.00486,0.00041,0.99793,-0.09862,0.03782,0.00088,1.0,0.00043,0.00133,-0.00113,0.99895,-0.04579,0.00036,0.00141,33.27,34.42,0.0648,0.0785
20:08:53.054,1790255333.0546,1193,0.328,-4.748,1.294,1.782,0.00487,0.01155,0.97424,0.00151,0.00085,0.00187,-0.00021,0.00037,1.01108,-0.09284,0.04426,0.00114,1.0,0.00146,0.00063,-0.00111,0.99898,-0.04508,0.00106,0.00139,33.26,34.42,0.0607,0.0717
20:08:53.075,1790255333.0751,1194,0.385,-4.49,1.294,1.776,-0.00635,-0.01625,0.9922,-0.00157,-0.00298,-0.00121,-0.01043,0.00058,0.99164,-0.09051,0.04661,0.00275,1.0,-2e-05,0.00099,-0.00112,0.99901,-0.04432,0.00193,0.0014,33.26,34.42,0.0743,0.0738
20:08:53.095,1790255333.0953,1195,0.386,-4.266,1.293,1.771,-0.01151,-0.01411,0.98848,0.00056,0.00372,-0.00118,-0.00506,-0.00181,1.01185,-0.08467,0.0592,-0.00089,1.0,-0.00121,0.00183,-0.00113,0.99905,-0.04355,0.00279,0.00136,33.26,34.42,0.0715,0.0711
20:08:53.115,1790255333.1155,1196,0.488,-3.99,1.292,1.765,-0.0012,-0.01985,0.99816,0.00075,0.00142,-0.00287,0.00238,0.00762,0.99197,-0.08358,0.0564,-0.00048,0.99999,-0.00278,0.00163,-0.00116,0.99908,-0.04272,0.00349,0.00132,33.26,34.42,0.0788,0.074
20:08:53.136,1790255333.1359,1197,0.582,-4.045,1.291,1.76,-0.00183,0.00313,0.98307,-0.00042,0.00257,0.00276,0.01287,0.0157,0.98993,-0.07596,0.06479,-0.00217,1.0,-0.00143,0.00143,-0.00114,0.99911,-0.04185,0.00411,0.00126,33.26,34.42,0.0673,0.0726
20:08:53.156,1790255333.1564,1198,0.427,-3.91,1.29,1.754,-0.01761,-0.00541,0.98803,-0.00309,0.00307,0.00146,0.03448,-0.00643,1.00054,-0.06892,0.06263,0.00368,0.99999,-0.00172,0.0029,-0.00112,0.99915,-0.04094,0.00423,0.00124,33.26,34.42,0.0712,0.0791
20:08:53.177,1790255333.177,1199,0.59,-3.937,1.29,1.749,0.00207,0.01566,0.97809,-0.00011,-0.00363,0.00127,-0.00951,-0.01158,0.9913,-0.07149,0.05943,-0.00057,1.0,-0.00051,0.00237,-0.0011,0.99919,-0.03997,0.00512,0.00121,33.26,34.42,0.0637,0.0736
20:08:53.197,1790255333.1974,1200,0.832,-3.901,1.289,1.743,0.00634,0.00374,0.99628,0.00016,-9e-05,0.00176,0.00656,0.00272,0.98917,-0.06889,0.06867,-0.00295,1.0,0.00012,0.00092,-0.0011,0.99922,-0.03905,0.00578,0.00114,33.26,34.42,0.0772,0.0719
20:08:53.218,1790255333.2179,1201,1.006,-3.934,1.289,1.738,-0.00079,0.00227,0.99052,0.00194,-0.00253,0.00015,-0.00204,-0.00564,1.00518,-0.06666,0.07433,-0.00163,1.0,0.00146,0.00021,-0.0011,0.99926,-0.038,0.00659,0.00109,33.26,34.42,0.0729,0.0761
20:08:53.238,1790255333.2385,1202,1.169,-3.656,1.289,1.733,0.00526,-0.00566,0.99769,-0.00269,0.00242,-0.00174,0.01238,0.00975,1.00964,-0.05481,0.07161,0.00068,1.0,9e-05,-0.00065,-0.00112,0.99929,-0.03694,0.00716,0.00106,33.26,34.42,0.0783,0.0727
20:08:53.259,1790255333.2591,1203,1.251,-3.717,1.289,1.728,0.0014,0.00223,0.99291,0.00165,0.00114,0.00041,0.00491,0.00029,1.00815,-0.06484,0.0728,0.00301,1.0,0.00163,-0.00073,-0.00112,0.99932,-0.03594,0.00779,0.00105,33.26,34.42,0.0747,0.0739
20:08:53.279,1790255333.2793,1204,1.201,-3.515,1.289,1.723,-0.00805,-0.00181,0.98456,0.00024,-0.00082,-0.00092,-0.00041,-0.0042,0.99476,-0.05588,0.08657,-0.00081,1.0,0.00098,0.00049,-0.00112,0.99936,-0.03481,0.00858,0.00101,33.26,34.42,0.0684,0.0761
20:08:53.299,1790255333.2997,1205,1.251,-3.218,1.289,1.718,-0.00318,-0.00863,0.97879,0.00156,-0.00184,-0.00222,0.00162,0.00496,1.00463,-0.03781,0.0806,-0.00194,1.0,-0.00028,0.00074,-0.00114,0.9994,-0.03349,0.00927,0.00096,33.26,34.42,0.0641,0.0765
20:08:53.320,1790255333.3199,1206,1.301,-2.909,1.289,1.714,-0.00202,-0.02169,1.00317,-0.0017,0.0013,0.00303,0.01353,0.00425,0.99703,-0.04996,0.08785,0.00088,1.0,-0.00187,0.00079,-0.00111,0.99943,-0.03238,0.00977,0.00093,33.26,34.42,0.0774,0.0778
20:08:53.340,1790255333.3404,1207,1.304,-2.964,1.289,1.709,-0.00484,0.00628,1.00516,0.00105,-0.00155,0.00048,0.00989,-0.00395,1.01738,-0.04138,0.08152,-0.00081,1.0,-0.00039,0.00127,-0.00111,0.99945,-0.03137,0.01026,0.00088,33.26,34.42,0.0761,0.0669
20:08:53.360,1790255333.3607,1208,1.548,-2.888,1.289,1.705,0.009,0.00313,0.99051,0.00385,-0.00209,0.00117,0.0044,0.01803,0.98903,-0.04124,0.08713,-0.00307,1.0,0.00012,-0.00016,-0.0011,0.99948,-0.0302,0.01097,0.00082,33.26,34.42,0.0729,0.0719
20:08:53.381,1790255333.3809,1209,1.666,-2.932,1.289,1.701,0.00333,0.01299,1.00079,-0.00057,-0.00146,-0.00041,0.00441,0.00616,0.98726,-0.03391,0.09136,-0.00122,1.0,0.00168,-0.00053,-0.0011,0.99951,-0.02904,0.01162,0.00077,33.26,34.42,0.0793,0.0705
20:08:53.401,1790255333.4012,1210,1.61,-2.695,1.29,1.696,-0.01527,-0.00486,0.99278,-0.00215,0.0031,-0.00255,-0.00959,-0.00819,1.00527,-0.03086,0.10428,0.00074,1.0,0.00098,0.00086,-0.00113,0.99954,-0.02767,0.01252,0.00075,33.26,34.42,0.0747,0.076
20:08:53.421,1790255333.4218,1211,1.576,-2.448,1.29,1.692,-0.01035,-0.00481,0.97843,0.00097,-0.00012,0.00182,-0.00801,0.0015,0.99521,-0.03319,0.09163,0.00568,1.0,0.00017,0.0019,-0.00113,0.99957,-0.02631,0.01327,0.00079,33.26,34.42,0.0639,0.0764
20:08:53.442,1790255333.4423,1212,1.72,-2.449,1.29,1.689,0.01395,0.02027,0.9957,-0.00237,-0.00065,0.00199,0.00843,-0.00984,0.99864,-0.03102,0.09384,0.00473,1.0,0.00132,0.00084,-0.00111,0.99959,-0.02518,0.01347,0.0008,33.26,34.42,0.077,0.079
20:08:53.462,1790255333.4626,1213,1.7,-2.458,1.291,1.685,-0.00367,0.00603,0.99914,-0.00195,-0.0009,0.00013,-0.00385,-0.00682,1.0114,-0.01708,0.10332,-0.00374,0.99999,0.00269,0.00165,-0.0011,0.99962,-0.02388,0.01409,0.00073,33.26,34.42,0.0794,0.0714
20:08:53.483,1790255333.4829,1214,1.938,-2.228,1.291,1.681,0.00715,0.0012,0.99716,-0.00139,-0.00049,-0.00268,-0.00473,-0.00339,0.99265,-0.01324,0.10452,0.00229,1.0,0.00209,0.00017,-0.00113,0.99964,-0.02249,0.0147,0.00073,33.26,34.42,0.0779,0.0745
20:08:53.503,1790255333.5035,1215,1.879,-1.988,1.292,1.678,-0.0059,0.00173,0.99161,0.00094,-0.00585,0.00188,-0.00651,0.0176,0.98846,-0.00667,0.10349,0.00016,1.0,0.00149,0.0015,-0.00111,0.99966,-0.02098,0.01552,0.00071,33.26,34.42,0.0737,0.0715
20:08:53.524,1790255333.5241,1216,1.985,-2.026,1.293,1.674,0.00412,0.01355,0.99243,-0.00205,0.00243,0.00259,0.0067,-0.01542,1.00295,-0.0201,0.111,-0.00382,1.0,0.00274,0.00067,-0.00108,0.99968,-0.02007,0.01561,0.00063,33.26,34.42,0.0744,0.0777
20:08:53.544,1790255333.5445,1217,1.907,-1.818,1.293,1.671,-0.02645,0.00235,0.9877,0.00197,0.00115,0.00099,-0.01318,0.0029,0.99896,-0.00242,0.11192,0.0032,0.99999,0.00258,0.00212,-0.00108,0.9997,-0.0184,0.01638,0.00065,33.26,34.42,0.071,0.0793
20:08:53.565,1790255333.565,1218,2.105,-1.683,1.294,1.668,0.01258,0.00453,1.00286,0.00019,-0.00058,-0.00161,0.01003,-0.00215,1.0063,-0.00591,0.10502,0.00213,1.0,0.00252,0.00053,-0.00107,0.99971,-0.0173,0.01652,0.00064,33.26,34.42,0.0778,0.0752
20:08:53.585,1790255333.5853,1219,2.13,-1.407,1.295,1.665,-9e-05,-0.01159,0.98466,6e-05,0.00114,-0.00244,-0.00791,-0.01797,1.00724,-0.00147,0.11435,-0.00119,1.0,0.00113,0.00046,-0.0011,0.99973,-0.01628,0.01667,0.0006,33.26,34.42,0.0685,0.0744
20:08:53.605,1790255333.6055,1220,2.33,-1.156,1.296,1.662,0.0027,0.00041,0.99096,0.00021,-0.00313,0.0,3e-05,0.01293,0.99497,0.00847,0.10403,-0.00506,1.0,0.00046,-0.00089,-0.0011,0.99975,-0.01476,0.01707,0.00053,33.26,34.42,0.0732,0.0763
20:08:53.626,1790255333.6259,1221,2.483,-0.788,1.297,1.66,0.00369,-0.00673,0.9876,0.0,-0.00282,0.00541,-0.01741,0.02529,1.00033,0.00697,0.11586,0.00059,1.0,-0.00094,-0.00127,-0.00104,0.99975,-0.01295,0.01803,0.00053,33.26,34.42,0.0707,0.0794
20:08:53.646,1790255333.6465,1222,2.311,-0.649,1.298,1.658,-0.00716,-0.00326,0.99463,-0.00048,-0.00138,-0.00175,0.01879,0.00201,1.00474,0.00703,0.11365,0.00313,1.0,-0.00117,0.00026,-0.00106,0.99977,-0.01197,0.01806,0.00054,33.26,34.42,0.076,0.0763
20:08:53.667,1790255333.6671,1223,2.518,-0.352,1.299,1.656,0.00623,-0.00729,0.9942,0.00174,0.00046,0.00073,-0.01357,0.00949,0.99041,0.02105,0.11041,0.00169,1.0,-0.00209,-0.00099,-0.00106,0.99977,-0.01031,0.01862,0.00055,33.26,34.42,0.0757,0.0729
20:08:53.687,1790255333.6876,1224,2.445,-0.326,1.3,1.654,-0.00556,0.0054,1.0008,-0.00317,-0.00219,0.00136,-0.00743,0.01197,1.00811,0.01592,0.10772,0.00211,1.0,-0.00085,-1e-05,-0.00104,0.99978,-0.00884,0.01895,0.00056,33.26,34.42,0.0794,0.0738
20:08:53.708,1790255333.7079,1225,2.488,-0.34,1.301,1.652,0.00561,0.0127,0.97456,-0.00026,0.00182,0.00103,0.00882,-0.00102,1.00206,0.0302,0.11498,0.00128,1.0,0.0003,-0.00046,-0.00104,0.99979,-0.0078,0.01887,0.00055,33.26,34.42,0.061,0.0784
20:08:53.728,1790255333.7284,1226,2.442,-0.025,1.302,1.651,-0.00614,-0.01371,0.98426,-0.00227,-0.00066,-0.00144,-0.0099,0.00636,0.99228,0.03195,0.11296,-0.00111,1.0,-0.00098,0.00015,-0.00106,0.9998,-0.00633,0.01909,0.00053,33.26,34.42,0.0683,0.0743
20:08:53.748,1790255333.7486,1227,2.591,0.102,1.303,1.649,0.01237,-0.00053,0.97338,-0.00138,-0.00362,0.00329,-0.00616,0.00247,1.00012,0.03268,0.12478,0.00445,1.0,-0.00086,-0.0011,-0.00103,0.9998,-0.00512,0.01915,0.00056,33.26,34.42,0.0601,0.0799
20:08:53.769,1790255333.7689,1228,2.466,0.046,1.304,1.648,-0.01087,0.01096,0.98241,0.00187,0.0009,0.00052,0.00467,-0.01117,0.99607,0.02968,0.11632,-0.00564,1.0,8e-05,-0.00013,-0.00103,0.99981,-0.00466,0.01902,0.00048,33.26,34.42,0.0669,0.0771
20:08:53.789,1790255333.7894,1229,2.563,0.237,1.306,1.646,0.00525,-0.00709,0.98733,-1e-05,0.00135,-0.00013,-0.01043,-0.01089,0.98195,0.03482,0.11068,0.00109,1.0,-0.00111,-0.00095,-0.00103,0.99981,-0.00419,0.01905,0.00047,33.26,34.42,0.0705,0.0666
20:08:53.809,1790255333.8098,1230,2.397,0.45,1.307,1.645,-0.00735,-0.00454,0.99944,-0.00143,0.00078,-0.00123,-0.01665,0.00484,1.00121,0.04091,0.1226,0.00579,1.0,-0.00152,0.00063,-0.00104,0.99981,-0.00274,0.01918,0.00053,33.26,34.42,0.0796,0.079
20:08:53.830,1790255333.8301,1231,2.254,0.439,1.307,1.644,-0.01106,0.0026,0.99473,-0.00125,0.00337,0.00278,0.00161,-0.00252,0.98408,0.03682,0.12328,-0.00274,1.0,-0.00077,0.002,-0.00101,0.99981,-0.00207,0.01931,0.00048,33.26,34.42,0.0761,0.0681
20:08:53.850,1790255333.8504,1232,2.298,0.74,1.308,1.643,-0.0011,-0.01734,0.99694,0.00182,0.00156,0.00145,0.0018,0.00667,0.98115,0.0545,0.1146,-0.00194,1.0,-0.0023,0.00174,-0.001,0.99981,-0.00098,0.01943,0.00045,33.26,34.42,0.0778,0.0659
20:08:53.871,1790255333.8708,1233,2.477,0.84,1.309,1.643,0.00863,0.00183,0.98796,-0.00056,-0.00175,0.00569,0.0041,0.02844,1.00627,0.04485,0.12248,-0.00011,1.0,-0.00163,0.00043,-0.00094,0.99981,0.00056,0.01969,0.00046,33.26,34.42,0.071,0.075
20:08:53.891,1790255333.8914,1234,2.413,0.789,1.31,1.642,-0.00343,0.00127,0.98911,-0.00487,-0.00182,0.00204,0.00275,0.00503,1.01367,0.04465,0.12898,-0.00167,1.0,-0.0004,0.00115,-0.00092,0.9998,0.00134,0.01984,0.00043,33.26,34.42,0.0718,0.0697
20:08:53.911,1790255333.9116,1235,2.33,0.979,1.311,1.641,-0.01004,-0.00797,0.9777,0.00133,-0.00446,-0.00287,0.01114,0.00533,1.02083,0.05371,0.12102,-0.00607,1.0,-0.00126,0.00205,-0.00095,0.9998,0.00215,0.02002,0.00037,33.26,34.42,0.0633,0.0643
20:08:53.932,1790255333.9319,1236,2.239,1.14,1.312,1.641,-0.00868,-0.00776,0.96338,-0.00041,-0.00041,-0.0013,0.02715,-0.00103,1.00579,0.05304,0.11706,-0.0003,0.99999,-0.00206,0.00276,-0.00095,0.9998,0.00276,0.01994,0.00035,33.26,34.42,0.0526,0.0754
20:08:53.952,1790255333.9522,1237,2.425,1.307,1.313,1.64,0.01577,0.00106,0.99141,6e-05,-0.00263,0.00061,-0.0141,0.02546,0.99656,0.06281,0.11186,9e-05,1.0,-0.00171,0.00128,-0.00094,0.99979,0.00455,0.02008,0.00037,33.26,34.42,0.0737,0.0777
20:08:53.972,1790255333.9726,1238,2.355,1.263,1.314,1.64,-0.01202,0.00114,0.96471,-0.00066,-0.00071,-0.00367,-0.01819,-0.00779,0.98401,0.07286,0.11855,-0.00292,1.0,-0.00126,0.00226,-0.00098,0.99978,0.00463,0.02045,0.00032,33.26,34.42,0.0536,0.0682
20:08:53.993,1790255333.9931,1239,2.253,1.176,1.315,1.64,-0.01194,0.00975,0.98928,0.00312,-0.00123,-0.00033,-3e-05,-0.00133,1.00268,0.07268,0.11251,-0.00285,0.99999,4e-05,0.00301,-0.00098,0.99978,0.00517,0.02031,0.00027,33.26,34.42,0.0721,0.078
20:08:54.013,1790255334.0137,1240,2.342,1.14,1.316,1.639,0.00279,0.01146,0.98788,0.0039,-0.00052,0.00316,-0.00021,0.00787,0.99932,0.07572,0.12102,-0.00224,1.0,0.00123,0.00212,-0.00094,0.99978,0.00605,0.02018,0.00025,33.26,34.42,0.071,0.0795
20:08:54.034,1790255334.0342,1241,2.285,1.293,1.317,1.639,-0.00981,-0.00789,0.99748,-0.00176,-0.00012,-0.00225,-0.01665,-0.01083,0.99893,0.0816,0.11567,0.00161,1.0,-0.0002,0.00288,-0.00097,0.99977,0.00595,0.02046,0.00024,33.26,34.42,0.0782,0.0793
20:08:54.054,1790255334.0545,1242,2.171,1.275,1.318,1.639,-0.00821,0.00125,0.96707,0.00137,0.00129,-0.00155,-0.00741,0.00026,1.0035,0.07625,0.11783,-0.00316,0.99999,0.00041,0.00384,-0.00098,0.99977,0.00641,0.02042,0.0002,33.26,34.42,0.0553,0.0774
20:08:54.074,1790255334.0748,1243,2.32,1.256,1.319,1.638,0.00047,0.00434,0.97965,-0.00036,0.00315,-0.00063,0.00448,-0.01074,0.98421,0.07909,0.10825,0.00109,1.0,0.00093,0.00267,-0.00099,0.99977,0.00676,0.02055,0.00019,33.26,34.42,0.0647,0.0682
20:08:54.095,1790255334.0954,1244,2.366,1.598,1.32,1.638,0.00108,-0.01661,0.99688,0.00036,0.00084,-0.00149,-0.01961,0.01926,0.99151,0.08389,0.10646,0.00084,1.0,-0.00058,0.00215,-0.00099,0.99976,0.00823,0.02043,0.00021,33.26,34.42,0.0778,0.0739
20:08:54.116,1790255334.116,1245,2.533,1.56,1.321,1.638,0.01457,0.00577,1.01244,0.00433,0.00073,0.00022,0.00119,-0.01236,0.99332,0.08546,0.10852,0.00106,1.0,-4e-05,0.00079,-0.00099,0.99975,0.00843,0.02053,0.0002,33.26,34.42,0.0706,0.075
20:08:54.136,1790255334.1364,1246,2.516,1.92,1.322,1.638,-0.00139,-0.00774,0.99679,0.00133,0.00211,-0.00425,-0.01569,0.02234,0.99346,0.10167,0.10594,-0.00146,1.0,-0.00162,0.00077,-0.00103,0.99974,0.01,0.02037,0.0002,33.26,34.42,0.0776,0.0754
20:08:54.156,1790255334.1567,1247,2.674,2.014,1.323,1.639,0.00691,-0.00353,0.99137,0.00119,-0.00144,0.00122,-0.00593,0.01088,0.99733,0.09582,0.11363,-0.00096,1.0,-0.00166,-0.00074,-0.00102,0.99974,0.01076,0.02024,0.00019,33.26,34.42,0.0736,0.0781
20:08:54.177,1790255334.1771,1248,2.679,2.208,1.324,1.639,0.00252,-0.02006,0.98891,0.0041,-0.00106,-0.00382,-0.01138,0.00419,0.99979,0.08833,0.10657,-0.00252,0.99999,-0.00309,-0.00084,-0.00106,0.99974,0.01103,0.02019,0.00015,33.26,34.42,0.0718,0.0799
20:08:54.197,1790255334.1976,1249,2.714,2.117,1.326,1.64,0.00613,0.01054,0.9757,0.00088,0.00067,0.00069,-0.00366,0.00241,0.99458,0.0936,0.10554,-0.00085,1.0,-0.00187,-0.00117,-0.00106,0.99973,0.01145,0.02015,0.00014,33.26,34.42,0.0618,0.0759
20:08:54.218,1790255334.2181,1250,2.862,2.04,1.327,1.64,0.01255,0.00588,0.98306,-0.00399,0.00153,-0.00281,-0.00951,-0.00478,0.98745,0.09699,0.10916,0.00297,1.0,-0.00097,-0.00217,-0.00109,0.99972,0.01167,0.02045,0.00016,33.26,34.42,0.0674,0.0706
20:08:54.238,1790255334.2385,1251,2.944,2.253,1.328,1.641,0.00922,-0.00787,0.99102,0.00369,0.00202,0.00251,0.01853,-0.00064,0.99741,0.11146,0.09848,-0.00046,0.99999,-0.0021,-0.00311,-0.00107,0.99972,0.01241,0.02023,0.00015,33.26,34.42,0.0733,0.0782
20:08:54.259,1790255334.2591,1252,2.863,2.184,1.33,1.641,0.00079,0.01261,0.98202,0.00151,0.00309,0.0028,0.01776,0.00154,0.99429,0.10639,0.09021,0.00447,1.0,-0.00077,-0.00266,-0.00104,0.99971,0.01312,0.01997,0.00019,33.26,34.42,0.0666,0.0758
20:08:54.279,1790255334.2796,1253,2.803,2.068,1.331,1.641,-0.00111,0.018,0.9902,0.00089,0.00409,-0.00102,0.00454,-0.00668,0.99763,0.11459,0.09781,-0.00069,1.0,0.00065,-0.00216,-0.00106,0.99971,0.01354,0.01994,0.00017,33.26,34.42,0.0728,0.0782
20:08:54.300,1790255334.2998,1254,2.932,2.006,1.333,1.642,0.01197,0.00762,1.00481,0.00083,0.0002,0.00204,0.00673,-0.00515,1.00498,0.11194,0.09348,-0.00632,0.99999,0.00164,-0.00335,-0.00104,0.9997,0.01399,0.01987,0.0001,33.26,34.42,0.0763,0.0762
20:08:54.320,1790255334.32,1255,2.748,2.038,1.334,1.642,-0.00874,0.00542,0.98525,-0.00208,-0.00053,-0.00128,-0.0013,-0.00039,0.99972,0.12096,0.08026,-0.00052,1.0,0.00181,-0.00197,-0.00105,0.9997,0.01445,0.01964,8e-05,33.25,34.42,0.069,0.0798
20:08:54.340,1790255334.3406,1256,2.758,1.898,1.335,1.642,0.00304,0.01109,0.97642,0.00184,-8e-05,-0.00123,-0.01821,-0.00131,1.0062,0.11049,0.08276,0.00346,0.99999,0.0031,-0.00184,-0.00107,0.9997,0.01452,0.01985,0.0001,33.25,34.42,0.0624,0.0752
20:08:54.361,1790255334.3609,1257,2.795,2.137,1.336,1.643,0.01915,-0.01931,0.98063,-0.00133,0.00353,0.00067,0.01413,0.01071,0.99572,0.12132,0.08738,0.00202,0.99999,0.00195,-0.0025,-0.00106,0.99969,0.01545,0.01952,0.00012,33.25,34.42,0.0658,0.0769
20:08:54.381,1790255334.3811,1258,2.66,2.328,1.338,1.643,-0.00547,-0.00414,1.00548,-0.00051,-0.00144,0.00407,-0.0011,0.00529,0.98146,0.12684,0.08669,-0.00144,1.0,0.00101,-0.00131,-0.00102,0.99968,0.01617,0.01954,0.0001,33.25,34.42,0.0759,0.0661
20:08:54.401,1790255334.4017,1259,2.611,2.521,1.339,1.644,-0.00036,-0.01524,0.97269,0.00096,0.00166,0.00375,-0.00053,0.00569,1.00194,0.11665,0.08442,-0.00258,1.0,-0.0002,-0.00109,-0.00098,0.99967,0.01665,0.01933,7e-05,33.25,34.42,0.0596,0.0785
20:08:54.422,1790255334.4223,1260,2.442,2.654,1.34,1.645,-0.00213,-0.00215,0.98129,0.00039,-0.00043,0.00016,0.00348,0.00323,1.00355,0.13281,0.08047,0.00495,1.0,-0.00072,0.00017,-0.00098,0.99967,0.0173,0.01912,0.00011,33.25,34.42,0.066,0.0773
20:08:54.442,1790255334.4426,1261,2.523,2.557,1.341,1.646,0.00654,0.01278,0.99925,-0.00301,0.00072,0.00011,-0.01128,0.01011,1.01302,0.13148,0.0788,-0.00019,1.0,0.0007,-0.00053,-0.00097,0.99966,0.01787,0.01912,0.0001,33.25,34.42,0.0795,0.0701
20:08:54.463,1790255334.4629,1262,2.425,2.692,1.342,1.647,-0.01448,-0.00937,0.98493,0.00337,-0.00102,-0.00229,-0.01445,-0.00115,1.02318,0.12718,0.07107,-0.00316,1.0,-6e-05,0.0006,-0.001,0.99964,0.01829,0.0194,5e-05,33.25,34.42,0.0688,0.0625
20:08:54.483,1790255334.4831,1263,2.304,2.655,1.343,1.648,-0.00742,0.01101,0.98334,0.0009,0.00123,0.00104,0.00945,0.01218,1.00469,0.13654,0.0725,0.00412,1.0,0.00114,0.00127,-0.001,0.99964,0.01917,0.01901,0.0001,33.25,34.42,0.0676,0.0764
20:08:54.503,1790255334.5037,1264,2.42,2.725,1.344,1.649,0.02563,0.00655,0.98859,-0.00065,-0.00125,4e-05,-0.01521,0.02453,1.00061,0.14319,0.06787,-0.00169,1.0,0.00136,-0.00018,-0.001,0.99963,0.01999,0.01857,8e-05,33.25,34.42,0.0717,0.0792
20:08:54.524,1790255334.5241,1265,2.555,2.926,1.345,1.65,0.00642,-0.00765,0.99407,0.00064,0.00035,0.00092,-0.01511,-0.01106,0.97919,0.13952,0.06481,0.00308,1.0,2e-05,-0.00096,-0.00099,0.99961,0.0204,0.01898,9e-05,33.25,34.42,0.0756,0.0645
20:08:54.544,1790255334.5446,1266,2.564,3.125,1.346,1.651,0.00453,-0.00691,0.97238,-8e-05,-0.00077,-0.00015,0.01775,-0.00875,1.00597,0.13936,0.05316,7e-05,1.0,-0.00111,-0.0014,-0.00099,0.99961,0.021,0.01862,8e-05,33.25,34.42,0.0593,0.0754
20:08:54.565,1790255334.565,1267,2.638,3.284,1.347,1.653,0.00544,-0.00511,0.97714,-0.00281,-0.00124,-0.00141,0.00356,-0.00702,1.00604,0.13686,0.04883,0.00143,0.99999,-0.00209,-0.00228,-0.00101,0.9996,0.02141,0.01839,8e-05,33.25,34.42,0.0629,0.0754
20:08:54.585,1790255334.5853,1268,2.544,3.491,1.348,1.654,0.00108,-0.01061,1.00986,-0.00234,-4e-05,0.00362,0.00227,-0.00218,0.99197,0.1414,0.06138,-0.00086,0.99999,-0.0034,-0.00157,-0.00097,0.99959,0.02191,0.01829,6e-05,33.25,34.41,0.0726,0.074
20:08:54.605,1790255334.6055,1269,2.588,3.403,1.349,1.656,0.01505,0.01284,0.99558,0.0013,0.00373,-0.00079,0.00744,0.00242,0.99128,0.13732,0.0435,-0.00037,0.99999,-0.00206,-0.00234,-0.00098,0.99959,0.02248,0.01789,5e-05,33.25,34.41,0.0768,0.0735
20:08:54.626,1790255334.6259,1270,2.595,3.304,1.35,1.657,0.00876,0.01222,0.98421,-0.00037,0.00093,-0.00092,-0.00344,0.00982,0.9909,0.13581,0.0456,0.00084,1.0,-0.00072,-0.00268,-0.00098,0.99958,0.02296,0.0176,5e-05,33.25,34.41,0.0682,0.0732
20:08:54.646,1790255334.6462,1271,2.469,3.486,1.351,1.659,0.00019,-0.01014,0.97997,-0.00217,0.00013,-9e-05,0.00597,-0.00077,0.99732,0.1397,0.03542,-0.00075,1.0,-0.00188,-0.00202,-0.00098,0.99958,0.02339,0.01717,4e-05,33.25,34.41,0.065,0.078
20:08:54.666,1790255334.6667,1272,2.32,3.457,1.352,1.661,-0.00324,0.00323,0.97972,-0.00248,-0.00054,-2e-05,0.01257,0.00032,1.01046,0.14453,0.04327,0.00299,1.0,-0.00099,-0.00107,-0.00098,0.99957,0.02403,0.01682,7e-05,33.25,34.41,0.0648,0.0721
20:08:54.687,1790255334.6873,1273,2.157,3.395,1.353,1.662,-0.00337,0.00141,0.99979,-0.00074,0.0022,-0.00056,-0.00593,-0.02219,0.99553,0.15513,0.03054,-0.00168,1.0,-0.00014,0.00035,-0.00099,0.99956,0.02435,0.01681,2e-05,33.25,34.41,0.0798,0.0768
20:08:54.707,1790255334.7078,1274,2.103,3.266,1.353,1.664,-0.00416,0.00604,0.9856,0.0023,0.0025,0.00139,-0.01987,-0.0059,0.99545,0.1428,0.03508,-0.00012,1.0,0.00113,0.00106,-0.00097,0.99955,0.02449,0.01705,-1e-05,33.25,34.41,0.0692,0.0768
20:08:54.728,1790255334.7281,1275,2.111,3.151,1.354,1.665,-0.001,0.01002,0.98261,0.00028,-0.001,0.0006,-0.00688,-0.00046,0.98926,0.14089,0.03155,0.00187,1.0,0.00248,0.00087,-0.00097,0.99955,0.02483,0.01692,-1e-05,33.25,34.41,0.067,0.072
20:08:54.748,1790255334.7483,1276,2.009,3.356,1.355,1.666,-0.0047,-0.00138,1.00557,-0.00234,-0.00174,-0.00047,-0.00273,-0.00915,0.99056,0.14705,0.01743,-0.00161,1.0,0.00106,0.00149,-0.00098,0.99954,0.02521,0.01666,-4e-05,33.25,34.41,0.0758,0.073
20:08:54.768,1790255334.7687,1277,2.108,3.464,1.355,1.668,0.00779,-0.00126,1.00757,-0.00157,0.00154,0.00028,0.00434,0.0016,0.99482,0.14636,0.01284,0.00356,1.0,0.00059,6e-05,-0.00097,0.99954,0.02567,0.0161,-2e-05,33.25,34.41,0.0743,0.0761
20:08:54.789,1790255334.7889,1278,2.229,3.408,1.356,1.67,0.00419,0.00408,1.00063,-0.00204,-0.00255,-0.00307,-0.01028,0.01969,0.995,0.14451,0.03132,-0.00605,1.0,0.00146,-0.0013,-0.001,0.99954,0.02606,0.01579,-9e-05,33.25,34.41,0.0795,0.0764
20:08:54.809,1790255334.8092,1279,2.132,3.614,1.357,1.671,-0.00459,-0.01543,1.00304,0.00357,-0.00028,0.00145,-0.01908,0.02639,0.98467,0.14001,0.00808,0.0006,1.0,3e-05,-0.00073,-0.00099,0.99953,0.02642,0.01551,-0.0001,33.25,34.41,0.0776,0.0689
20:08:54.830,1790255334.8297,1280,2.11,3.497,1.358,1.673,0.00248,0.00796,0.98519,0.00034,0.0019,-0.00026,-0.00263,0.00181,0.99153,0.14676,0.00837,-0.00153,1.0,0.00143,-0.00092,-0.00099,0.99953,0.0268,0.01512,-0.00013,33.25,34.41,0.0689,0.0737
20:08:54.850,1790255334.8501,1281,1.882,3.554,1.358,1.675,-0.02504,0.00737,0.98967,0.00528,0.00051,0.00273,0.01723,0.0009,0.97468,0.14972,0.0053,0.00238,1.0,0.00173,0.00054,-0.00096,0.99951,0.0276,0.01459,-0.00011,33.25,34.41,0.0725,0.0611
20:08:54.870,1790255334.8703,1282,1.678,3.684,1.358,1.676,-0.00728,0.0004,1.01374,0.00039,0.00036,0.00304,0.00509,0.00057,0.98949,0.15322,0.00073,0.00227,1.0,0.0011,0.00181,-0.00094,0.99951,0.02811,0.01408,-0.0001,33.25,34.41,0.0697,0.0721
20:08:54.890,1790255334.8906,1283,1.633,3.871,1.359,1.678,-0.00569,-0.01113,0.97365,0.00401,6e-05,0.00242,-0.006,0.00253,0.97805,0.14359,0.00499,0.00157,1.0,-7e-05,0.002,-0.00091,0.9995,0.02857,0.01389,-0.0001,33.25,34.41,0.0603,0.0636
20:08:54.911,1790255334.9112,1284,1.468,3.769,1.359,1.68,-0.00777,0.00317,0.99839,-0.00053,6e-05,-0.00073,-0.00496,-0.01658,0.99752,0.14831,-7e-05,0.0029,0.99999,0.001,0.00322,-0.00091,0.99949,0.02876,0.01367,-0.0001,33.25,34.41,0.0788,0.0783
20:08:54.931,1790255334.9315,1285,1.298,3.906,1.359,1.682,-0.02678,-0.01251,1.00896,-0.00464,-0.00106,-0.00245,0.00316,-0.01997,0.99686,0.15394,0.00288,0.00039,0.99999,9e-05,0.00442,-0.00094,0.99949,0.02905,0.01337,-0.00011,33.25,34.41,0.073,0.0778
20:08:54.952,1790255334.9519,1286,1.286,4.094,1.359,1.684,-0.00098,-0.01903,0.9877,0.00109,0.00027,0.00181,0.00354,0.00477,0.99773,0.14694,-0.01038,0.00095,0.99999,-0.00124,0.00388,-0.00093,0.99949,0.02936,0.01274,-0.00011,33.25,34.41,0.0709,0.0783
20:08:54.972,1790255334.9725,1287,1.276,3.95,1.358,1.686,0.00132,0.02913,0.988,0.00071,0.00091,0.00021,-0.00562,-5e-05,0.99823,0.14476,-0.02259,0.00245,0.99999,0.00017,0.00348,-0.00092,0.99949,0.02952,0.01224,-0.00011,33.25,34.41,0.0713,0.0787
20:08:54.992,1790255334.9927,1288,1.322,4.03,1.358,1.688,0.00665,-0.00375,0.97621,-0.0018,0.00089,-0.0014,0.00853,0.00616,1.00162,0.1447,-0.01983,0.00224,1.0,-0.00021,0.00228,-0.00094,0.99949,0.02983,0.01145,-0.0001,33.25,34.41,0.0622,0.0787
20:08:55.013,1790255335.0129,1289,1.398,4.073,1.358,1.69,0.00139,-0.00031,0.98834,0.00306,-0.00135,0.00178,0.00776,0.0121,1.00819,0.14674,-0.02378,0.00074,1.0,-0.00016,0.00082,-0.00092,0.99949,0.03025,0.01066,-9e-05,33.25,34.41,0.0713,0.0738
20:08:55.033,1790255335.0331,1290,1.253,3.962,1.358,1.692,-0.00381,0.00976,0.98548,0.002,0.00201,0.00051,0.01236,0.01078,0.99861,0.15234,-0.03118,0.00415,1.0,0.00122,0.00114,-0.00091,0.99948,0.03066,0.0097,-6e-05,33.25,34.41,0.0692,0.0791
20:08:55.053,1790255335.0534,1291,1.318,4.125,1.358,1.694,0.00736,-0.00965,0.98851,-0.00224,-0.00328,0.00043,-0.00181,-0.01165,0.98556,0.14109,-0.02797,0.003,1.0,6e-05,0.0002,-0.00091,0.99948,0.03093,0.00934,-4e-05,33.25,34.41,0.0714,0.0692
20:08:55.073,1790255335.0737,1292,1.111,4.285,1.358,1.697,-0.00301,-0.00211,1.00076,0.00133,0.00162,0.00356,0.00177,0.00624,0.98763,0.14909,-0.03154,-0.00179,1.0,-0.00098,0.00144,-0.00087,0.99947,0.03129,0.00878,-8e-05,33.25,34.41,0.0794,0.0707
20:08:55.094,1790255335.0942,1293,1.151,4.184,1.358,1.699,0.00895,0.01944,0.98313,0.00027,-0.00376,0.00111,-0.00648,-0.00683,1.0142,0.14915,-0.03824,-0.00091,1.0,0.00023,0.00074,-0.00086,0.99946,0.03161,0.00841,-0.00011,33.25,34.41,0.0675,0.0693
20:08:55.114,1790255335.1147,1294,1.21,4.154,1.358,1.701,0.01492,0.00601,0.96704,-0.00155,-0.00082,-0.00078,0.00087,-0.00642,1.00131,0.14113,-0.04207,0.00086,1.0,0.00058,-0.00035,-0.00087,0.99947,0.03169,0.00784,-0.00012,33.25,34.41,0.0554,0.079
20:08:55.135,1790255335.1353,1295,1.069,4.307,1.358,1.703,-0.01575,-0.01469,0.97271,0.00116,-0.00325,0.00153,-0.00576,-0.00057,0.97378,0.14804,-0.04391,-0.00458,1.0,-0.00026,0.0005,-0.00085,0.99945,0.03219,0.00746,-0.00019,33.25,34.41,0.0597,0.0603
20:08:55.156,1790255335.1559,1296,0.907,4.428,1.357,1.706,-0.00171,-0.00146,0.96365,-0.00702,-0.00067,-0.00214,0.00158,0.00121,1.00346,0.14361,-0.0585,0.00027,1.0,-0.00119,0.00116,-0.00088,0.99945,0.03232,0.00671,-0.0002,33.25,34.41,0.0527,0.0774
20:08:55.176,1790255335.176,1297,1.009,4.316,1.357,1.708,0.00491,0.00361,1.00213,0.00232,8e-05,0.00177,-0.01167,0.00729,1.00736,0.13466,-0.05365,0.00351,1.0,-0.00016,-6e-05,-0.00086,0.99946,0.03238,0.00637,-0.00019,33.25,34.41,0.0784,0.0744
20:08:55.196,1790255335.1967,1298,0.946,4.491,1.356,1.71,-0.00529,-0.01366,0.98959,0.00288,-0.0024,-0.00172,-0.02107,0.00801,0.99127,0.14305,-0.04823,-0.00368,1.0,-0.00151,0.00048,-0.00088,0.99945,0.03255,0.00636,-0.00027,33.25,34.41,0.0723,0.0736
20:08:55.217,1790255335.2168,1299,0.738,4.406,1.356,1.713,-0.01039,0.00416,0.99051,-0.00209,-0.00258,0.00223,-0.0006,0.00389,0.98993,0.13499,-0.06381,0.00035,1.0,-0.00065,0.00162,-0.00085,0.99945,0.03268,0.00568,-0.00028,33.25,34.41,0.0729,0.0725
20:08:55.237,1790255335.2371,1300,0.491,4.379,1.355,1.715,-0.0142,0.00109,0.98926,-0.00138,0.00325,-5e-05,0.00086,-0.00318,1.00068,0.14294,-0.06466,0.00621,0.99999,-0.00035,0.00308,-0.00085,0.99945,0.03274,0.00499,-0.00024,33.25,34.41,0.072,0.0795
20:08:55.260,1790255335.2604,1301,0.588,4.316,1.355,1.717,0.01351,0.01177,0.98657,0.00082,-0.0018,0.00405,-0.00304,0.00508,0.98014,0.13822,-0.05835,-0.00032,1.0,0.00053,0.00168,-0.0008,0.99944,0.03306,0.00443,-0.00026,33.25,34.41,0.07,0.0651
20:08:55.280,1790255335.2806,1302,0.567,4.464,1.354,1.72,0.00513,-0.0113,0.9864,-0.00166,-0.00019,-0.00238,0.02145,-0.0134,1.00974,0.1265,-0.07061,0.00209,1.0,-0.00066,0.00088,-0.00083,0.99944,0.03317,0.00345,-0.00025,33.25,34.41,0.0699,0.0725
20:08:55.301,1790255335.3012,1303,0.317,4.425,1.353,1.722,-0.01325,0.00227,0.97918,0.00205,0.00109,-0.00095,0.01341,0.00415,0.99651,0.13434,-0.06541,-0.00338,1.0,-0.00025,0.00216,-0.00084,0.99944,0.03324,0.00254,-0.00029,33.25,34.41,0.0645,0.0775
20:08:55.322,1790255335.3218,1304,0.417,4.51,1.352,1.724,0.01775,-0.0099,0.98545,-0.00225,0.00158,0.00025,-0.00524,0.01062,1.00937,0.14103,-0.06652,-0.00086,1.0,-0.00084,0.00085,-0.00083,0.99944,0.03339,0.00211,-0.00032,33.25,34.41,0.0692,0.0729
20:08:55.342,1790255335.3423,1305,0.19,4.382,1.351,1.727,-0.00821,0.00635,0.99353,-0.00012,-0.00143,0.00084,0.01707,0.00482,1.00541,0.13187,-0.07624,-0.00237,1.0,0.00035,0.00182,-0.00083,0.99944,0.03347,0.00109,-0.00035,33.25,34.41,0.0752,0.0758
20:08:55.362,1790255335.3625,1306,0.286,4.386,1.35,1.729,0.01872,0.00057,0.98475,-0.00293,-0.00089,0.00028,-0.00573,0.00825,1.01175,0.12106,-0.08835,0.0042,1.0,0.00031,0.00042,-0.00083,0.99944,0.03345,0.00053,-0.00033,33.25,34.41,0.0687,0.0711
20:08:55.383,1790255335.3827,1307,0.276,4.274,1.349,1.731,0.00549,0.00711,0.97687,0.00451,0.00071,0.00016,0.01177,-0.00094,0.99556,0.12861,-0.0929,-0.00347,1.0,0.00126,-0.00046,-0.00083,0.99944,0.03343,-0.00045,-0.00038,33.25,34.41,0.0627,0.0767
20:08:55.403,1790255335.4031,1308,0.138,4.428,1.348,1.734,-0.00796,-0.01539,0.99264,0.00339,-0.00191,0.00045,-0.00453,0.00064,0.98593,0.12078,-0.08994,0.00175,1.0,-6e-05,0.00019,-0.00082,0.99944,0.03345,-0.00099,-0.00038,33.25,34.41,0.0746,0.0695
20:08:55.423,1790255335.4234,1309,0.252,4.448,1.347,1.736,0.01313,-0.00112,1.00471,-0.00023,0.00338,-0.00103,-0.00113,0.00825,1.0199,0.11557,-0.08279,0.00417,1.0,-0.00018,-0.00133,-0.00083,0.99944,0.0335,-0.00151,-0.00036,33.25,34.41,0.0764,0.0651
20:08:55.443,1790255335.4436,1310,0.193,4.311,1.346,1.738,0.0031,0.00328,0.96736,0.00076,-0.00554,-0.00031,0.00564,-0.01465,1.00825,0.11976,-0.09399,0.00034,1.0,0.00093,-0.00155,-0.00084,0.99944,0.03342,-0.00226,-0.00037,33.25,34.41,0.0555,0.0737
20:08:55.464,1790255335.4642,1311,0.274,4.236,1.345,1.74,0.01664,0.01039,0.9798,-0.00285,-0.00161,-0.0011,-0.01077,-0.00835,1.01383,0.11937,-0.09592,-0.00089,0.99999,0.00161,-0.0027,-0.00085,0.99944,0.03344,-0.00271,-0.00041,33.24,34.41,0.065,0.0696
20:08:55.484,1790255335.4847,1312,0.085,4.11,1.344,1.742,0.00175,0.00611,1.01567,-0.00349,-0.00161,0.0014,-0.00712,-0.01712,0.99838,0.10858,-0.1019,0.00359,1.0,0.00242,-0.00161,-0.00084,0.99944,0.03315,-0.00326,-0.00039,33.24,34.41,0.0682,0.0789
20:08:55.505,1790255335.5051,1313,-0.012,4.245,1.343,1.744,0.00191,-0.00159,0.98386,0.00216,0.00043,-0.00169,-0.00188,0.00534,1.00851,0.11092,-0.10137,-1e-05,1.0,0.00109,-0.00134,-0.00086,0.99945,0.033,-0.00383,-0.00041,33.24,34.41,0.0679,0.0736
20:08:55.525,1790255335.5253,1314,-0.116,4.07,1.342,1.746,0.00018,0.01038,0.99429,-0.00021,-0.00199,0.001,0.00055,0.00755,0.98964,0.1178,-0.09152,-0.00388,1.0,0.00255,-0.00092,-0.00085,0.99945,0.03294,-0.00433,-0.00047,33.24,34.41,0.0758,0.0723
20:08:55.545,1790255335.5457,1315,-0.12,4.214,1.341,1.749,0.00078,-0.00878,0.98613,0.00089,-0.00355,0.0013,-0.0291,0.00025,1.00127,0.10182,-0.09951,0.00206,1.0,0.00114,-0.00085,-0.00083,0.99945,0.03278,-0.00429,-0.00049,33.24,34.41,0.0696,0.0787
20:08:55.566,1790255335.5661,1316,-0.052,4.256,1.339,1.751,0.01751,-0.00421,0.98995,-0.0016,0.00312,0.00236,0.01055,-0.00161,0.98869,0.10285,-0.09346,0.00159,1.0,0.00056,-0.00218,-0.00081,0.99946,0.03257,-0.00504,-0.00048,33.24,34.41,0.0726,0.0716
20:08:55.586,1790255335.5862,1317,-0.299,4.262,1.338,1.753,-0.02159,-0.00506,0.973,-0.00217,-0.00134,-0.00202,0.01815,0.01423,0.99228,0.10207,-0.09993,-0.00226,1.0,0.00026,-0.00102,-0.00083,0.99946,0.03231,-0.00603,-0.0005,33.24,34.41,0.0599,0.0744
20:08:55.606,1790255335.6066,1318,-0.557,4.192,1.336,1.755,-0.01308,0.00383,0.98234,-0.00198,-0.00213,-3e-05,0.01976,-0.00153,1.0025,0.1024,-0.09986,-0.0018,1.0,0.00053,0.00028,-0.00083,0.99946,0.03198,-0.00698,-0.00052,33.24,34.41,0.0668,0.078
20:08:55.627,1790255335.6271,1319,-0.772,4.019,1.335,1.757,-0.0169,0.01579,0.99397,0.00325,5e-05,0.00011,0.0066,-0.00327,1.00292,0.09269,-0.11273,0.00432,1.0,0.0016,0.00143,-0.00083,0.99947,0.03154,-0.00771,-0.00049,33.24,34.41,0.0757,0.0778
20:08:55.647,1790255335.6477,1320,-0.969,4.065,1.333,1.759,-0.01836,-0.00666,0.99017,0.00179,0.00315,-0.00307,-0.00511,-0.00447,1.00325,0.09202,-0.11113,-0.00211,1.0,0.00082,0.00273,-0.00086,0.99948,0.03116,-0.00813,-0.00053,33.24,34.41,0.0728,0.0775
20:08:55.668,1790255335.6681,1321,-0.863,4.031,1.331,1.761,0.00339,0.00102,0.99236,-0.00121,-0.00393,0.00022,0.00767,0.00301,1.00457,0.09124,-0.10863,-0.00199,1.0,0.0007,0.00117,-0.00086,0.99949,0.03074,-0.00876,-0.00056,33.24,34.41,0.0743,0.0765
20:08:55.688,1790255335.6886,1322,-0.835,3.833,1.329,1.763,-0.00188,0.0033,0.99273,0.00504,0.00054,-0.00177,-0.00569,0.02549,0.98992,0.08335,-0.11385,-0.00301,1.0,0.00224,0.00083,-0.00088,0.99949,0.03055,-0.00886,-0.00062,33.24,34.41,0.0746,0.0727
20:08:55.709,1790255335.709,1323,-1.097,3.803,1.327,1.764,-0.02476,0.00044,0.97937,-0.00176,0.00265,-0.00031,0.01924,0.00259,0.99429,0.08276,-0.11438,-0.00132,1.0,0.002,0.00216,-0.00088,0.9995,0.03004,-0.00982,-0.00063,33.24,34.41,0.0648,0.0759
20:08:55.729,1790255335.7298,1324,-1.01,3.838,1.325,1.766,0.0065,-0.0034,0.98109,0.00135,-0.00159,0.00051,-0.0113,-0.01192,1.00803,0.07336,-0.12057,-0.00225,1.0,0.00124,0.00101,-0.00088,0.99951,0.0296,-0.01021,-0.00068,33.24,34.41,0.0658,0.0739
20:08:55.751,1790255335.7509,1325,-0.899,3.84,1.323,1.768,0.01541,-0.00397,0.98407,0.00131,-0.00248,0.00099,-0.00057,-0.00207,1.00292,0.08298,-0.11416,-0.00228,1.0,0.00075,-0.00037,-0.00087,0.99952,0.02912,-0.01062,-0.00072,33.24,34.41,0.0682,0.0778
20:08:55.773,1790255335.7728,1326,-1.094,3.793,1.321,1.77,-0.01333,-2e-05,0.98275,-0.00044,-0.0032,0.00122,0.00074,0.01009,0.99639,0.07081,-0.11102,0.00262,1.0,0.00059,0.00105,-0.00085,0.99953,0.02855,-0.0109,-0.00071,33.24,34.41,0.0671,0.0773
20:08:55.795,1790255335.7955,1327,-1.025,3.855,1.319,1.771,0.01177,-0.01011,0.98536,-0.00298,0.001,0.00076,0.00129,-0.01134,0.98598,0.07074,-0.11707,0.0005,1.0,-0.00044,-0.00015,-0.00085,0.99954,0.02806,-0.0115,-0.00071,33.24,34.41,0.0691,0.0695
20:08:55.815,1790255335.8157,1328,-0.883,3.857,1.317,1.773,0.01158,-0.00362,1.001,0.0002,0.00011,-0.0013,-0.00429,-0.00105,0.98039,0.06279,-0.11326,-0.00277,1.0,-0.00082,-0.00171,-0.00085,0.99955,0.0277,-0.01182,-0.00076,33.24,34.41,0.0792,0.0653
20:08:55.836,1790255335.836,1329,-0.742,3.73,1.315,1.775,0.00919,0.00022,0.98822,0.00175,-0.00277,-0.00135,-0.00514,0.00048,0.99522,0.0507,-0.11311,0.00385,0.99999,-0.00037,-0.00312,-0.00086,0.99956,0.02704,-0.012,-0.00074,33.24,34.41,0.0712,0.0764
20:08:55.856,1790255335.8565,1330,-0.851,3.518,1.313,1.776,-0.00017,0.01449,0.98749,-0.00164,0.00105,0.00197,0.00079,-0.00016,0.99211,0.0652,-0.12135,-0.00276,1.0,0.00095,-0.00255,-0.00085,0.99957,0.02651,-0.01239,-0.00078,33.24,34.41,0.0707,0.0741
20:08:55.877,1790255335.8769,1331,-0.792,3.591,1.312,1.778,0.00812,-0.00161,1.00313,-0.00302,-0.00278,-0.00075,0.01068,0.01161,0.99396,0.0646,-0.12602,0.00412,0.99999,-0.00029,-0.00361,-0.00085,0.99958,0.02591,-0.01293,-0.00075,33.24,34.41,0.0776,0.0756
20:08:55.897,1790255335.8976,1332,-0.94,3.337,1.31,1.779,-0.00219,0.0185,1.00691,-0.00192,-0.0001,0.00118,0.01184,-0.00612,0.99959,0.05223,-0.12079,0.00318,0.99999,0.00107,-0.00293,-0.00084,0.99959,0.02505,-0.01353,-0.00072,33.24,34.41,0.0747,0.0798
20:08:55.918,1790255335.9182,1333,-1.092,3.335,1.308,1.78,-0.01059,-0.00296,0.97769,-0.00063,-0.00048,-0.00221,-0.02329,-0.00765,1.00874,0.0519,-0.12981,-0.00144,1.0,0.00068,-0.00169,-0.00087,0.9996,0.02464,-0.01363,-0.00076,33.24,34.41,0.0633,0.0732
20:08:55.938,1790255335.9384,1334,-1.208,3.429,1.306,1.782,-0.00868,-0.02274,0.99014,0.00132,0.00149,0.0003,0.00876,0.01783,0.9862,0.0512,-0.12969,0.00095,1.0,-0.00064,-0.00103,-0.00086,0.99961,0.02414,-0.01397,-0.00076,33.24,34.41,0.0728,0.0698
20:08:55.959,1790255335.9588,1335,-1.247,3.201,1.303,1.783,0.00203,0.00304,0.98397,-0.00121,0.00533,0.00159,0.00157,0.00756,1.01309,0.03801,-0.13029,-0.00336,1.0,0.00073,-0.00098,-0.00085,0.99962,0.02352,-0.01427,-0.00081,33.24,34.41,0.068,0.0702
20:08:55.979,1790255335.9794,1336,-1.428,3.125,1.301,1.784,-0.00601,0.0025,0.9792,-0.00189,0.00114,-0.00097,0.0012,0.00594,0.98221,0.04209,-0.12347,0.00061,1.0,0.00088,0.00034,-0.00086,0.99963,0.02301,-0.01453,-0.00082,33.24,34.41,0.0644,0.0667
20:08:55.999,1790255335.9997,1337,-1.485,3.242,1.299,1.785,-0.00226,-0.00344,1.00417,0.00146,-0.00052,0.00054,-0.00913,0.00229,0.98609,0.03901,-0.12125,-0.00304,1.0,-0.00061,0.00079,-0.00086,0.99964,0.02254,-0.01457,-0.00087,33.24,34.41,0.0769,0.0696
20:08:56.020,1790255336.0199,1338,-1.666,3.207,1.296,1.786,-0.01828,-0.00304,0.99522,0.00254,-0.00048,-0.00236,-0.00102,0.01123,0.9756,0.02755,-0.11214,0.00039,1.0,-0.00075,0.00233,-0.00088,0.99965,0.02208,-0.01462,-0.00088,33.24,34.41,0.0765,0.0617
20:08:56.040,1790255336.0402,1339,-1.73,3.241,1.294,1.788,-0.00615,-0.00859,0.97726,0.00218,-0.00217,-0.00153,0.00046,-0.01711,1.00191,0.03098,-0.12054,-0.00404,0.99999,-0.00198,0.00258,-0.0009,0.99966,0.02115,-0.01492,-0.00093,33.24,34.41,0.063,0.0785
20:08:56.060,1790255336.0603,1340,-1.923,3.232,1.291,1.789,-0.00746,-0.00511,0.99772,-0.00041,0.00014,-0.00212,0.00695,-0.00027,1.01418,0.02483,-0.11793,0.00214,0.99999,-0.00269,0.004,-0.00092,0.99968,0.02037,-0.01519,-0.00092,33.24,34.41,0.0783,0.0694
20:08:56.080,1790255336.0805,1341,-1.744,3.18,1.289,1.79,-0.00185,-0.00698,0.9966,0.00432,0.00129,-0.0041,-0.00215,0.00594,0.99559,0.0124,-0.1233,0.00232,0.99999,-0.00305,0.0025,-0.00097,0.99969,0.01956,-0.01513,-0.00091,33.24,34.41,0.0775,0.0767
20:08:56.101,1790255336.1009,1342,-1.853,2.969,1.286,1.791,-0.01121,0.00037,0.99123,0.00077,-0.00289,-0.00339,-0.00664,-0.00496,1.00949,0.01733,-0.11184,0.00253,0.99999,-0.00197,0.00351,-0.001,0.99971,0.01879,-0.01506,-0.0009,33.24,34.41,0.0735,0.0729
20:08:56.121,1790255336.1212,1343,-1.76,2.868,1.283,1.792,0.00478,-0.00706,0.98437,-0.00017,0.00209,-0.00023,0.01853,-0.01204,0.99917,0.01285,-0.11237,-0.00143,0.99999,-0.00234,0.00217,-0.001,0.99972,0.01755,-0.01559,-0.0009,33.24,34.41,0.0683,0.0796
20:08:56.141,1790255336.1414,1344,-1.641,2.652,1.281,1.793,0.00146,-0.00028,0.99764,-0.0003,0.00077,0.00133,0.01036,-0.00277,1.00795,0.01796,-0.11822,0.00029,1.0,-0.00138,0.00091,-0.001,0.99974,0.01662,-0.01581,-0.0009,33.24,34.41,0.0782,0.074
20:08:56.161,1790255336.1616,1345,-1.573,2.396,1.279,1.793,0.00692,0.00932,0.98419,0.00102,-0.00109,-0.00092,0.01282,-0.00325,1.00589,0.00437,-0.11534,-0.00297,1.0,-0.00027,0.0001,-0.001,0.99975,0.0155,-0.01602,-0.00093,33.24,34.41,0.0682,0.0755
20:08:56.182,1790255336.1822,1346,-1.444,2.487,1.276,1.794,0.00433,-0.00911,1.00512,0.00244,0.00161,0.00198,-0.01411,0.0051,0.98952,-0.00407,-0.11179,0.0015,1.0,-0.00164,-0.00062,-0.00098,0.99977,0.01493,-0.01562,-0.00093,33.24,34.41,0.0761,0.0722
20:08:56.202,1790255336.2025,1347,-1.353,2.584,1.274,1.794,0.0051,-0.01361,0.99398,-0.0026,-0.00054,0.00271,-0.00235,0.00674,1.00974,0.00238,-0.11915,-0.00118,0.99999,-0.0031,-0.00116,-0.00096,0.99978,0.01431,-0.01536,-0.00096,33.24,34.41,0.0756,0.0727
20:08:56.223,1790255336.2231,1348,-1.266,2.683,1.272,1.795,0.00418,-0.01318,0.99894,0.00459,0.00053,0.007,-0.00999,0.00026,0.99007,-0.00166,-0.11071,0.0042,0.99999,-0.00463,-0.00157,-0.00088,0.99979,0.01364,-0.01502,-0.00093,33.24,34.41,0.0793,0.0726
20:08:56.243,1790255336.2433,1349,-1.151,2.756,1.27,1.796,0.00831,-0.02333,0.99168,0.00128,0.00053,-0.0027,-0.00959,0.00198,0.99992,-0.00788,-0.1107,-0.00711,0.99998,-0.00602,-0.00208,-0.00091,0.99981,0.01288,-0.01452,-0.00101,33.24,34.41,0.074,0.08
20:08:56.263,1790255336.2634,1350,-1.168,2.443,1.268,1.797,0.00259,0.00194,0.99301,0.00047,-0.0003,-0.00489,0.01275,0.00013,0.99159,-0.01628,-0.10225,0.0003,0.99999,-0.00452,-0.00192,-0.00096,0.99983,0.01166,-0.01451,-0.00101,33.24,34.41,0.0748,0.0738
20:08:56.284,1790255336.2841,1351,-1.034,2.324,1.266,1.797,0.01629,-0.01162,0.97541,-0.00305,0.00069,0.00147,0.01739,0.00095,1.00521,-0.01592,-0.10164,0.00072,0.99998,-0.00484,-0.00316,-0.00095,0.99984,0.0103,-0.01458,-0.001,33.24,34.41,0.0617,0.076
20:08:56.304,1790255336.3047,1352,-1.111,2.144,1.264,1.797,-0.0046,-0.00295,0.97454,0.00191,-0.00113,0.00011,0.00665,0.00319,1.01002,-0.01816,-0.1012,-0.00367,0.99999,-0.00417,-0.00209,-0.00095,0.99985,0.0094,-0.01418,-0.00104,33.24,34.41,0.0609,0.0725
20:08:56.325,1790255336.325,1353,-1.127,1.911,1.262,1.797,-0.007,0.01104,0.96591,0.00139,0.00304,-0.00151,-0.00153,-0.00665,1.00006,-0.01989,-0.10272,0.00023,0.99999,-0.0032,-0.00151,-0.00096,0.99987,0.00834,-0.01373,-0.00104,33.24,34.41,0.0545,0.0799
20:08:56.345,1790255336.3457,1354,-0.92,1.785,1.26,1.797,0.01514,-0.00646,0.98415,0.00304,-0.00027,0.00232,-0.00781,-0.01295,0.99296,-0.02821,-0.10145,0.00067,0.99999,-0.00319,-0.00292,-0.00094,0.99988,0.00725,-0.01334,-0.00103,33.24,34.41,0.0682,0.0748
20:08:56.366,1790255336.3661,1355,-0.918,1.54,1.258,1.797,0.00103,0.00712,1.00167,-0.0036,-0.00143,0.0021,-0.01144,-0.00182,0.9803,-0.03369,-0.09128,9e-05,1.0,-0.00172,-0.0024,-0.00093,0.9999,0.00658,-0.0128,-0.00104,33.24,34.41,0.0787,0.0653
20:08:56.386,1790255336.3864,1356,-1.01,1.503,1.257,1.797,-0.0105,-0.00658,0.99158,0.00342,-0.00032,-0.00268,-0.01305,0.00182,0.99227,-0.03545,-0.1027,0.00131,1.0,-0.00199,-0.00094,-0.00095,0.99991,0.00599,-0.01214,-0.00104,33.24,34.41,0.0737,0.0743
20:08:56.406,1790255336.4067,1357,-0.935,1.511,1.255,1.797,0.00413,-0.01899,0.97464,0.001,-0.00032,-0.00035,-0.00223,-0.01259,0.99732,-0.02728,-0.09277,0.00057,0.99999,-0.00322,-0.00112,-0.00095,0.99992,0.00483,-0.01167,-0.00103,33.24,34.41,0.0611,0.0781
20:08:56.427,1790255336.427,1358,-1.069,1.421,1.253,1.796,-0.01098,-0.01194,0.99337,0.0026,0.00182,-0.00045,0.01113,-0.00472,0.99145,-0.03886,-0.0939,-0.00055,0.99999,-0.00378,0.00031,-0.00095,0.99993,0.00348,-0.01141,-0.00103,33.24,34.41,0.0751,0.0736
20:08:56.447,1790255336.4474,1359,-1.065,1.189,1.251,1.796,-0.01608,0.02903,0.99706,0.0018,0.00133,-0.00256,0.0083,0.00345,0.98427,-0.03962,-0.0921,-0.00253,1.0,-0.0023,0.00094,-0.00097,0.99994,0.00295,-0.01074,-0.00106,33.24,34.41,0.0782,0.0682
20:08:56.467,1790255336.4676,1360,-0.964,1.076,1.249,1.795,-0.00158,0.00918,0.97477,0.00074,-0.00026,-0.00133,0.00671,0.01139,1.00309,-0.04821,-0.08561,0.00128,1.0,-0.00106,0.00091,-0.00097,0.99995,0.0032,-0.00988,-0.00106,33.24,34.41,0.0611,0.0776
20:08:56.488,1790255336.4881,1361,-0.83,0.831,1.247,1.794,-0.00056,0.00441,0.98687,0.00022,0.00249,-0.00192,-0.01214,-0.00092,0.99528,-0.05592,-0.08396,0.00448,1.0,0.00035,0.00067,-0.00099,0.99996,0.00247,-0.00896,-0.00102,33.24,34.41,0.0702,0.0765
20:08:56.508,1790255336.5086,1362,-0.621,0.948,1.246,1.794,0.00776,-0.01477,0.99981,-0.00163,-0.00094,0.00154,0.00154,0.00477,0.99761,-0.05794,-0.08497,0.00148,1.0,-0.00108,-0.00017,-0.00097,0.99997,0.00206,-0.00797,-0.00101,33.24,34.41,0.08,0.0782
20:08:56.529,1790255336.5292,1363,-0.469,0.713,1.244,1.793,0.00565,0.01127,0.98905,-0.00025,-0.0007,0.00031,-0.00912,-0.00101,0.97879,-0.05813,-0.07502,0.00216,1.0,0.0003,-0.00072,-0.00097,0.99997,0.00139,-0.00719,-0.00099,33.24,34.41,0.0718,0.0641
20:08:56.550,1790255336.5504,1364,-0.352,0.366,1.243,1.792,0.01239,0.01147,0.9903,0.00077,0.00022,-0.0002,0.01299,-0.00251,1.00414,-0.0551,-0.07242,-0.00083,1.0,0.00138,-0.00181,-0.00098,0.99997,-0.00055,-0.00727,-0.00099,33.24,34.41,0.0728,0.0768
20:08:56.571,1790255336.5708,1365,-0.444,0.233,1.242,1.79,-0.01197,-0.00099,0.97629,-0.00251,0.00035,0.00289,0.0006,-0.01695,0.97879,-0.06694,-0.06569,0.00636,1.0,0.00106,-0.00057,-0.00095,0.99997,-0.00204,-0.00683,-0.00092,33.23,34.41,0.0623,0.0642
20:08:56.591,1790255336.5915,1366,-0.177,0.309,1.241,1.789,0.01347,-0.0017,0.98885,0.00035,0.00066,0.00223,-0.00681,0.00689,0.99871,-0.0719,-0.0756,-0.00175,1.0,0.00062,-0.00198,-0.00092,0.99998,-0.00181,-0.00591,-0.00094,33.23,34.41,0.0717,0.0791
20:08:56.611,1790255336.6117,1367,-0.174,0.374,1.239,1.788,-0.0091,-0.00665,0.9829,-0.00045,-0.00164,0.00428,-0.01683,0.00364,0.99846,-0.07216,-0.06195,-0.00346,1.0,-9e-05,-0.00084,-0.00088,0.99999,-0.00195,-0.00474,-0.00097,33.23,34.41,0.0672,0.079
20:08:56.632,1790255336.632,1368,-0.195,0.26,1.238,1.787,-0.00396,-0.00053,0.97829,0.00198,-0.00228,0.00417,-0.0071,-0.00827,0.99313,-0.08425,-0.06234,0.00231,1.0,-0.00015,0.00043,-0.00084,0.99999,-0.00301,-0.00365,-0.00094,33.23,34.41,0.0637,0.0749
20:08:56.652,1790255336.6523,1369,0.06,0.292,1.237,1.786,0.0077,0.00114,0.97819,0.00133,-0.00068,0.00051,0.00446,-0.00351,0.99907,-0.07593,-0.05122,0.00012,1.0,6e-05,-0.00085,-0.00084,0.99999,-0.00252,-0.00271,-0.00094,33.23,34.41,0.0637,0.0793
20:08:56.672,1790255336.6728,1370,0.115,0.32,1.236,1.784,0.01204,0.00411,0.99398,-0.00118,-0.00017,-0.0027,0.00946,0.00367,1.00869,-0.0759,-0.05815,0.00358,1.0,0.0006,-0.00229,-0.00086,0.99999,-0.00173,-0.00367,-0.00091,33.23,34.41,0.0755,0.0734
20:08:56.693,1790255336.6932,1371,0.154,0.556,1.235,1.783,0.00119,-0.00951,0.99885,0.00329,0.00105,-0.00379,-0.00615,0.01043,0.99902,-0.07943,-0.05277,0.00317,1.0,-0.00091,-0.0018,-0.0009,0.99999,-0.00118,-0.00283,-0.00088,33.23,34.41,0.0792,0.0793
20:08:56.713,1790255336.7134,1372,0.409,0.538,1.235,1.782,0.00949,0.00059,0.9735,0.001,-0.00589,-0.00199,-0.00416,0.0048,0.99463,-0.07998,-0.04506,-0.00144,1.0,-0.00046,-0.00299,-0.00092,1.0,-0.00089,-0.00179,-0.0009,33.23,34.41,0.0602,0.076
20:08:56.734,1790255336.7339,1373,0.623,0.494,1.234,1.781,0.00956,0.00279,0.97234,0.00051,0.00109,-0.00255,-0.003,0.00586,1.00127,-0.09273,-0.03032,-0.00229,0.99999,0.00039,-0.00385,-0.00095,1.0,-0.00042,-0.00079,-0.00092,33.23,34.41,0.0593,0.079
20:08:56.754,1790255336.7545,1374,0.545,0.647,1.234,1.78,-0.00394,-0.00579,0.99334,0.00158,-0.00355,-0.00152,-0.00176,0.00592,0.99731,-0.10211,-0.03343,-0.00292,1.0,-0.00035,-0.00254,-0.00096,1.0,0.00017,-0.00017,-0.00095,33.23,34.41,0.075,0.078
20:08:56.775,1790255336.7751,1375,0.509,0.586,1.233,1.779,0.01503,-0.00118,0.98441,-0.00054,0.00066,0.00174,0.01031,0.00111,0.99989,-0.0901,-0.03242,0.00257,0.99999,-0.00042,-0.00395,-0.00096,1.0,-0.00044,-0.00189,-0.00092,33.23,34.41,0.0684,0.08
20:08:56.795,1790255336.7954,1376,0.44,0.7,1.232,1.778,0.01902,-0.0149,0.98931,0.0007,-0.00207,0.0007,0.02808,0.01043,1.0007,-0.10054,-0.03262,-0.0014,0.99999,-0.00157,-0.00488,-0.00095,0.99999,-0.00059,-0.00343,-0.00094,33.23,34.41,0.0722,0.0791
20:08:56.815,1790255336.8157,1377,0.134,0.518,1.232,1.777,-0.01372,0.01833,0.99729,-0.00282,0.00387,0.00071,0.03791,0.0032,0.98551,-0.09319,-0.03116,-0.00246,0.99999,-0.00053,-0.00368,-0.00095,0.99999,-0.00114,-0.00489,-0.00097,33.23,34.41,0.0782,0.0697
20:08:56.836,1790255336.8362,1378,-0.124,0.598,1.23,1.777,-0.00567,-0.01309,0.96612,-0.00205,0.00124,-4e-05,0.02609,0.00617,1.00534,-0.09853,-0.02901,0.00051,0.99999,-0.00133,-0.00285,-0.00095,0.99998,-0.00124,-0.00631,-0.00097,33.23,34.41,0.0547,0.0757
20:08:56.856,1790255336.8565,1379,-0.382,0.413,1.229,1.775,-0.00337,0.01007,0.98983,0.00297,-0.00049,0.0001,0.0246,0.00151,1.00476,-0.1059,-0.02044,0.0015,1.0,-0.0001,-0.00201,-0.00095,0.99997,-0.00163,-0.00773,-0.00097,33.23,34.41,0.0724,0.0762
20:08:56.877,1790255336.8769,1380,-0.672,0.386,1.228,1.774,-0.00234,-0.00259,0.98524,-0.0033,-0.00331,-0.0041,0.03604,-0.00232,1.02161,-0.10045,-0.02076,-0.00117,1.0,-0.00064,-0.00073,-0.00099,0.99996,-0.0024,-0.00897,-0.00099,33.23,34.41,0.0689,0.0633
20:08:56.897,1790255336.8973,1381,-1.013,0.287,1.226,1.773,-0.00721,-6e-05,0.99979,-0.0016,-0.00173,0.00135,0.04429,2e-05,1.01901,-0.10774,-0.03215,-0.00169,1.0,-0.00043,0.00086,-0.00097,0.99994,-0.00306,-0.01035,-0.00102,33.23,34.41,0.0799,0.065
20:08:56.918,1790255336.9179,1382,-0.971,0.234,1.224,1.772,0.01367,0.00873,0.98741,-0.00073,0.0009,0.00057,0.04728,0.02922,1.0015,-0.11333,-0.01662,-0.00148,1.0,0.00034,-0.00037,-0.00097,0.99993,-0.00275,-0.01123,-0.00106,33.23,34.41,0.0707,0.0777
20:08:56.938,1790255336.9384,1383,-1.164,0.33,1.222,1.771,-0.00094,-0.00632,1.00225,-0.00168,0.00128,0.001,0.05083,-0.00223,1.00821,-0.10947,-0.00577,-0.00143,1.0,-0.00124,2e-05,-0.00096,0.99991,-0.0035,-0.01252,-0.00109,33.23,34.41,0.0783,0.0729
20:08:56.959,1790255336.959,1384,-1.268,-0.014,1.22,1.769,0.00585,0.02031,0.97898,-0.00245,0.00131,-0.00091,0.03137,-0.00997,0.99394,-0.12496,-0.0073,-0.00171,1.0,1e-05,-0.0003,-0.00097,0.99989,-0.00525,-0.01374,-0.00112,33.23,34.4,0.0644,0.0759
20:08:56.979,1790255336.9791,1385,-1.504,-0.025,1.218,1.768,-0.01253,0.00273,0.97999,0.0002,0.00069,0.00197,0.05029,0.01754,1.00141,-0.12333,-0.0037,-0.00067,1.0,0.00028,0.00099,-0.00095,0.99988,-0.00508,-0.01452,-0.00117,33.23,34.4,0.0651,0.0779
20:08:56.999,1790255336.9996,1386,-1.457,-0.042,1.216,1.766,0.01519,-0.00066,1.00943,-0.00021,0.00076,0.00071,0.06351,0.01024,0.99406,-0.12246,0.0028,0.00053,1.0,0.00017,-0.0005,-0.00095,0.99986,-0.00534,-0.0156,-0.0012,33.23,34.4,0.0728,0.0771
20:08:57.020,1790255337.02,1387,-1.475,-0.212,1.213,1.765,0.01626,0.01722,0.97977,-0.00055,-0.00369,0.00185,0.0817,0.01386,1.00322,-0.13446,0.00408,0.00377,1.0,0.00115,-0.00144,-0.00093,0.99984,-0.00585,-0.01668,-0.00119,33.23,34.4,0.065,0.075
20:08:57.040,1790255337.0402,1388,-1.706,-0.421,1.211,1.763,-0.00277,0.01043,0.99406,-0.00109,0.00108,-0.00262,0.09433,0.01211,0.99482,-0.13404,0.00982,-0.003,1.0,0.00239,-0.00056,-0.00096,0.99982,-0.00643,-0.01782,-0.00127,33.23,34.4,0.0756,0.0795
20:08:57.060,1790255337.0607,1389,-1.687,-0.436,1.209,1.761,0.00901,0.00199,0.97524,-0.00143,-0.00081,-0.00027,0.08504,0.01296,0.98348,-0.13571,3e-05,-0.00335,1.0,0.00199,-0.00175,-0.00096,0.9998,-0.00696,-0.01885,-0.00134,33.23,34.4,0.0615,0.0704
20:08:57.081,1790255337.0811,1390,-1.71,-0.347,1.206,1.759,0.01259,-0.01004,0.9867,0.00291,0.00026,-0.00176,0.10221,0.02263,0.98937,-0.13182,0.01224,0.00207,1.0,0.00082,-0.00253,-0.00097,0.99978,-0.00735,-0.01983,-0.00137,33.23,34.4,0.0701,0.0762
20:08:57.101,1790255337.1016,1391,-1.695,-0.491,1.204,1.758,0.01953,0.01311,0.98099,-0.00585,-0.0017,-0.00088,0.10777,0.01932,0.99487,-0.13701,0.02447,0.00142,0.99999,0.00159,-0.00362,-0.00099,0.99975,-0.00784,-0.02078,-0.00141,33.23,34.4,0.066,0.0793
20:08:57.122,1790255337.122,1392,-1.876,-0.405,1.202,1.756,0.00259,-0.00728,0.99555,-0.00228,-0.00146,-0.00039,0.1207,0.01187,1.00032,-0.13722,0.02045,0.00143,1.0,0.00013,-0.003,-0.00099,0.99973,-0.00855,-0.02174,-0.00144,33.23,34.4,0.0767,0.0743
20:08:57.142,1790255337.1427,1393,-1.893,-0.374,1.199,1.754,0.01067,-0.00525,0.97612,-0.00019,-0.00172,-0.00126,0.11352,0.00825,0.99186,-0.14012,0.02578,-0.0024,0.99999,-0.00084,-0.00386,-0.001,0.9997,-0.00925,-0.02275,-0.00152,33.23,34.4,0.0621,0.0788
20:08:57.163,1790255337.163,1394,-1.928,-0.323,1.197,1.753,0.01705,-0.01872,0.96768,0.00234,-0.00205,0.00052,0.11706,0.01004,0.993,-0.13018,0.0365,-0.00096,0.99999,-0.00181,-0.00444,-0.00099,0.99967,-0.00978,-0.02363,-0.00159,33.23,34.4,0.056,0.0799
20:08:57.183,1790255337.1832,1395,-2.117,-0.25,1.194,1.751,-0.00112,-0.01205,0.98643,-0.00013,-0.00224,-0.00359,0.09444,0.01588,0.98986,-0.13843,0.03709,-0.00163,0.99999,-0.00273,-0.00339,-0.00102,0.99965,-0.01007,-0.02424,-0.00168,33.23,34.4,0.0699,0.0759
20:08:57.203,1790255337.2037,1396,-2.107,-0.188,1.191,1.749,0.01004,-0.01004,0.99313,0.00151,-0.00102,-0.00146,0.11819,0.00507,0.98593,-0.1366,0.03637,-0.00504,0.99998,-0.00397,-0.0043,-0.00103,0.99963,-0.01076,-0.02505,-0.00179,33.23,34.4,0.0749,0.0748
20:08:57.224,1790255337.224,1397,-2.219,-0.399,1.189,1.748,0.00534,0.0045,0.98149,-0.00071,0.00186,0.00197,0.11512,0.0127,0.99057,-0.14584,0.05102,-0.0052,0.99999,-0.00268,-0.00395,-0.00101,0.9996,-0.01132,-0.02569,-0.00192,33.23,34.4,0.0661,0.078
20:08:57.244,1790255337.2443,1398,-2.441,-0.557,1.186,1.746,-0.02145,0.00808,0.99833,0.00088,-0.00231,0.00453,0.11946,0.00809,0.97635,-0.14326,0.04899,-0.00202,0.99999,-0.002,-0.00253,-0.00097,0.99958,-0.01203,-0.02619,-0.00201,33.23,34.4,0.0789,0.0677
20:08:57.264,1790255337.2644,1399,-2.453,-0.784,1.183,1.744,0.01346,0.02016,0.9869,-0.00279,0.00327,3e-05,0.11803,0.00884,0.98341,-0.14957,0.05183,0.00537,0.99999,-0.0007,-0.00297,-0.00097,0.99956,-0.0127,-0.02674,-0.00203,33.23,34.4,0.0704,0.0729
20:08:57.285,1790255337.2848,1400,-2.602,-1.008,1.18,1.742,-0.00023,0.01053,0.99662,0.00026,0.00068,-0.00105,0.12395,0.01174,0.98405,-0.14074,0.05004,0.00176,1.0,0.00071,-0.00224,-0.00098,0.99954,-0.01325,-0.02731,-0.00209,33.23,34.4,0.0775,0.0739
20:08:57.305,1790255337.3054,1401,-2.502,-1.151,1.177,1.739,0.02458,0.00801,0.9978,-0.00099,0.0,-0.00029,0.12389,-0.00013,0.99181,-0.14709,0.05973,-0.00129,0.99999,0.00121,-0.00378,-0.00098,0.99951,-0.01399,-0.02797,-0.00219,33.23,34.4,0.0786,0.0796
20:08:57.325,1790255337.3256,1402,-2.438,-1.142,1.174,1.737,0.00894,0.00146,0.97784,0.00148,-0.0006,-0.00329,0.13964,0.00915,0.98545,-0.13593,0.06125,0.00352,0.99999,0.00057,-0.00489,-0.001,0.99948,-0.01455,-0.02851,-0.00223,33.23,34.4,0.0634,0.0765
20:08:57.346,1790255337.3462,1403,-2.401,-1.071,1.171,1.735,0.01593,-0.01022,0.97709,-0.00054,0.00034,-0.00255,0.14827,0.0307,0.97923,-0.14883,0.06762,0.00149,0.99998,-0.00057,-0.00552,-0.00103,0.99947,-0.01508,-0.02883,-0.00231,33.23,34.4,0.063,0.0732
20:08:57.366,1790255337.3668,1404,-2.303,-1.139,1.168,1.732,0.02125,-0.00367,0.99455,0.0002,0.00325,-0.00161,0.18045,-0.00301,0.98591,-0.14631,0.0661,0.00253,0.99997,-0.00095,-0.00701,-0.00104,0.99943,-0.01604,-0.02946,-0.00237,33.23,34.4,0.0761,0.0783
20:08:57.387,1790255337.3871,1405,-2.526,-1.287,1.165,1.73,-0.0055,0.00612,0.98935,0.0041,-0.00054,-0.00036,0.1711,0.01454,0.98539,-0.14794,0.06391,0.00533,0.99998,-0.00035,-0.00566,-0.00105,0.99941,-0.01674,-0.03005,-0.00241,33.23,34.4,0.072,0.0798
20:08:57.407,1790255337.4074,1406,-2.588,-1.22,1.162,1.728,0.00992,-0.01772,0.98244,-0.00113,0.00033,0.00037,0.14752,0.00022,0.99309,-0.15091,0.07457,0.00448,0.99998,-0.00171,-0.00556,-0.00104,0.99938,-0.01752,-0.0305,-0.00246,33.23,34.4,0.067,0.077
20:08:57.428,1790255337.4279,1407,-2.606,-1.446,1.159,1.725,0.0162,0.02096,0.99112,0.00368,-0.00126,-0.00038,0.15127,0.01545,0.98652,-0.13995,0.0654,0.00077,0.99998,-0.0002,-0.00589,-0.00105,0.99935,-0.01799,-0.03099,-0.00256,33.23,34.4,0.0736,0.0786
20:08:57.448,1790255337.4484,1408,-2.653,-1.649,1.156,1.722,0.00767,0.01947,0.9842,-0.00197,-0.00101,0.00063,0.16397,0.03445,0.99324,-0.14381,0.08325,0.00413,0.99998,0.00115,-0.00564,-0.00105,0.99934,-0.0184,-0.03113,-0.00262,33.23,34.4,0.0683,0.0745
20:08:57.469,1790255337.469,1409,-2.441,-1.758,1.153,1.72,0.0307,0.00386,1.00181,0.00153,0.00058,0.00132,0.18146,0.02025,1.02112,-0.14496,0.09167,-0.00134,0.99997,0.00128,-0.00725,-0.00105,0.99933,-0.01922,-0.03089,-0.00273,33.23,34.4,0.0783,0.052
20:08:57.489,1790255337.4892,1410,-2.616,-1.862,1.151,1.717,-0.00157,0.00457,0.98282,-0.00144,-0.00289,-0.00063,0.18243,0.0168,0.99832,-0.15201,0.07943,-0.00296,0.99998,0.00144,-0.00594,-0.00106,0.99931,-0.01998,-0.0311,-0.00286,33.23,34.4,0.0671,0.0688
20:08:57.509,1790255337.5095,1411,-2.789,-1.845,1.147,1.714,0.00303,-0.00432,0.98866,0.00272,0.00068,0.00263,0.17333,0.00655,0.98335,-0.15317,0.08262,-0.00813,0.99999,0.00054,-0.00481,-0.00103,0.99928,-0.02073,-0.03149,-0.00306,33.23,34.4,0.0715,0.0789
20:08:57.529,1790255337.5297,1412,-2.938,-2.027,1.144,1.711,-0.00022,0.00846,0.98511,0.00148,-0.00036,-0.0001,0.1949,0.00767,0.97368,-0.14421,0.09691,-0.00235,0.99999,0.00139,-0.00371,-0.00104,0.99926,-0.02148,-0.03167,-0.00319,33.23,34.4,0.0689,0.0748
20:08:57.550,1790255337.5503,1413,-2.859,-1.973,1.141,1.708,0.01138,-0.00325,0.98097,0.00399,0.0031,0.00258,0.19788,0.03605,0.9667,-0.14744,0.0927,0.00854,0.99999,0.00031,-0.00444,-0.001,0.99925,-0.02209,-0.03172,-0.00322,33.23,34.4,0.0658,0.0705
20:08:57.571,1790255337.5708,1414,-3.035,-1.979,1.138,1.705,0.00562,-0.00128,0.98895,-0.00065,0.00193,-0.00216,0.20188,0.00456,0.97644,-0.15015,0.09681,-0.00434,0.99999,-0.00046,-0.00317,-0.00102,0.99922,-0.02291,-0.03198,-0.00339,33.23,34.4,0.0717,0.0778
20:08:57.591,1790255337.591,1415,-2.922,-2.113,1.134,1.702,0.01583,0.00431,0.97521,0.00045,-0.00124,-0.00085,0.19842,0.02744,0.98412,-0.14953,0.09976,-0.00163,0.99999,0.00013,-0.00426,-0.00103,0.9992,-0.02349,-0.03208,-0.00353,33.23,34.4,0.0615,0.0768
20:08:57.611,1790255337.6113,1416,-2.789,-2.265,1.131,1.699,0.01768,0.00665,0.99506,0.00083,-0.00018,-0.00121,0.20912,0.03401,0.97633,-0.13892,0.10405,0.00026,0.99998,0.00101,-0.00553,-0.00103,0.99919,-0.02393,-0.03218,-0.00365,33.22,34.4,0.0764,0.0793
20:08:57.631,1790255337.6315,1417,-2.928,-2.219,1.128,1.696,-0.00733,-0.01248,0.99308,-0.00243,-0.00124,0.0018,0.20751,0.03368,0.97484,-0.1517,0.10653,-0.0029,0.99999,5e-05,-0.00436,-0.00101,0.99917,-0.02451,-0.03223,-0.00381,33.22,34.4,0.0749,0.0779
20:08:57.652,1790255337.652,1418,-2.973,-2.422,1.125,1.693,0.00463,0.00836,0.9813,-0.00026,-0.00298,-0.00183,0.19717,0.0343,0.95968,-0.14078,0.10322,-0.00212,0.99999,0.00127,-0.00381,-0.00103,0.99916,-0.02506,-0.03206,-0.00396,33.22,34.4,0.066,0.0652
20:08:57.672,1790255337.6723,1419,-3.053,-2.334,1.122,1.69,0.00358,-0.0066,0.99436,-0.00097,-0.00075,-0.00212,0.20529,0.01152,0.97241,-0.14181,0.10396,0.01032,0.99999,-0.00016,-0.0032,-0.00105,0.99914,-0.02571,-0.03216,-0.00398,33.22,34.4,0.0758,0.0754
20:08:57.693,1790255337.693,1420,-3.119,-2.263,1.118,1.686,0.00579,-0.00205,0.991,-0.00043,-0.00057,0.00084,0.218,0.0059,0.96737,-0.14982,0.10261,-0.00398,0.99999,-0.0016,-0.00274,-0.00104,0.99912,-0.02655,-0.03227,-0.00415,33.22,34.4,0.0733,0.0737
20:08:57.713,1790255337.7134,1421,-2.953,-2.384,1.115,1.683,0.02349,-0.00045,0.99128,0.00201,0.00203,-0.00159,0.2332,0.00827,0.99108,-0.14299,0.09843,-0.00076,0.99999,-0.00136,-0.00421,-0.00106,0.9991,-0.02735,-0.03228,-0.00428,33.22,34.4,0.0737,0.0664
20:08:57.734,1790255337.734,1422,-2.992,-2.632,1.112,1.68,0.00578,0.0093,0.9893,0.0006,0.00031,0.00135,0.21282,0.00753,0.96777,-0.14364,0.10839,0.00209,0.99999,9e-05,-0.0039,-0.00107,0.99907,-0.02807,-0.0323,-0.00439,33.22,34.4,0.072,0.0732
20:08:57.754,1790255337.7545,1423,-2.885,-2.591,1.109,1.677,0.02364,-0.0155,0.98531,-0.0018,-0.00119,-0.00073,0.21865,0.01106,0.97096,-0.14284,0.10636,0.00376,0.99999,-0.00092,-0.00493,-0.00107,0.99905,-0.02872,-0.03239,-0.00449,33.22,34.4,0.0693,0.0765
20:08:57.774,1790255337.7747,1424,-2.861,-2.514,1.106,1.673,0.01088,-0.01256,0.98325,0.00016,-0.0019,-0.00272,0.23311,0.01665,0.96069,-0.14339,0.10971,0.00268,0.99998,-0.00229,-0.0051,-0.00109,0.99903,-0.02942,-0.03236,-0.0046,33.22,34.4,0.0675,0.0715
20:08:57.795,1790255337.7953,1425,-2.761,-2.709,1.103,1.67,0.01337,-0.00064,0.98017,0.0011,0.00223,-0.00222,0.23275,0.00188,0.96765,-0.13595,0.12125,-0.00075,0.99998,-0.00127,-0.00596,-0.00112,0.99901,-0.0301,-0.03234,-0.00475,33.22,34.4,0.0652,0.0764
20:08:57.815,1790255337.8157,1426,-2.594,-2.864,1.1,1.666,0.02247,0.0028,0.98447,-0.00023,0.00102,0.00127,0.24088,-0.00143,0.94833,-0.12862,0.11725,-0.00184,0.99997,-0.00065,-0.00722,-0.00113,0.999,-0.03083,-0.03213,-0.0049,33.22,34.4,0.0685,0.0638
20:08:57.836,1790255337.836,1427,-2.687,-2.775,1.097,1.663,0.00516,-0.01834,0.99536,-0.00181,-0.00276,-0.00373,0.26283,0.02263,0.9638,-0.14046,0.1111,-0.00085,0.99998,-0.00204,-0.00651,-0.00116,0.99897,-0.03145,-0.03223,-0.00505,33.22,34.4,0.0767,0.0794
20:08:57.856,1790255337.8565,1428,-2.835,-2.96,1.094,1.659,0.002,0.00475,0.98525,0.00218,0.00082,0.00087,0.24666,0.0067,0.96937,-0.14326,0.10806,-0.00217,0.99998,-0.00113,-0.0054,-0.00115,0.99894,-0.03215,-0.0324,-0.00523,33.22,34.4,0.0689,0.0798
20:08:57.877,1790255337.8768,1429,-2.851,-3.183,1.091,1.655,0.00815,0.01556,0.98586,-0.0022,0.00169,0.00086,0.25245,0.01626,0.96934,-0.13643,0.12801,0.00083,0.99999,0.00025,-0.00519,-0.00115,0.99893,-0.03273,-0.03232,-0.00537,33.22,34.4,0.0695,0.0786
20:08:57.897,1790255337.8974,1430,-2.986,-3.358,1.087,1.651,0.00607,0.00445,1.00533,-0.00196,0.00257,-0.00144,0.24665,0.01741,0.96768,-0.1325,0.12056,0.00165,0.99999,0.00127,-0.00401,-0.00117,0.99891,-0.03324,-0.03231,-0.00551,33.22,34.4,0.076,0.0791
20:08:57.918,1790255337.918,1431,-3.038,-3.601,1.084,1.647,0.00043,0.02343,0.99693,0.00168,0.00065,0.00176,0.24582,0.01153,0.95702,-0.13082,0.11784,-0.0006,0.99999,0.0028,-0.00346,-0.00116,0.99889,-0.03383,-0.03219,-0.00567,33.22,34.4,0.0779,0.0711
20:08:57.938,1790255337.9385,1432,-2.94,-3.799,1.081,1.643,0.02105,0.03196,0.99107,0.00084,0.00234,0.00211,0.27115,0.03867,0.97073,-0.12326,0.12334,-0.00557,0.99998,0.00414,-0.00415,-0.00114,0.99888,-0.03422,-0.03202,-0.00588,33.22,34.4,0.0739,0.0735
20:08:57.959,1790255337.9589,1433,-2.835,-3.767,1.078,1.639,0.01178,0.00482,0.98442,0.0015,-0.00198,0.00379,0.28043,-0.00243,0.95997,-0.12806,0.11578,-0.0028,0.99998,0.0032,-0.0052,-0.00109,0.99886,-0.03487,-0.03214,-0.00606,33.22,34.4,0.0684,0.0799
20:08:57.979,1790255337.9796,1434,-2.95,-3.857,1.075,1.635,-0.00739,0.01136,0.96175,0.00124,0.00121,-0.00152,0.2729,0.01934,0.96784,-0.12387,0.11736,0.00233,0.99998,0.00352,-0.00418,-0.00111,0.99884,-0.03536,-0.03211,-0.00619,33.22,34.4,0.0514,0.0757
20:08:58.000,1790255338.0002,1435,-2.825,-3.778,1.072,1.63,0.01206,0.0012,0.9908,0.00259,0.00086,0.00022,0.27239,0.01537,0.97658,-0.12351,0.12956,0.00575,0.99998,0.00228,-0.005,-0.0011,0.99883,-0.03589,-0.03184,-0.00628,33.22,34.4,0.0732,0.0695
20:08:58.020,1790255338.0205,1436,-2.684,-3.916,1.069,1.626,0.01608,0.00862,0.98899,-0.00374,0.00335,0.00201,0.27677,0.02463,0.95668,-0.12305,0.12176,0.00308,0.99998,0.00305,-0.00618,-0.00108,0.99881,-0.03632,-0.03179,-0.00641,33.22,34.4,0.0719,0.0772
20:08:58.040,1790255338.0407,1437,-2.692,-3.785,1.066,1.622,0.0106,-0.01025,0.99873,-0.00299,0.00037,-0.00281,0.26795,0.00897,0.97008,-0.12089,0.12389,0.0048,0.99998,0.00143,-0.00601,-0.0011,0.9988,-0.0368,-0.0317,-0.00651,33.22,34.4,0.0791,0.0752
20:08:58.061,1790255338.0611,1438,-2.792,-3.953,1.063,1.618,0.00902,0.00544,0.98715,-0.00026,-0.00334,-0.00047,0.27492,0.01108,0.95022,-0.12052,0.12556,-0.00364,0.99998,0.0024,-0.00499,-0.00112,0.99878,-0.03731,-0.03153,-0.00671,33.22,34.4,0.0704,0.0719
20:08:58.081,1790255338.0817,1439,-2.632,-4.03,1.06,1.613,0.03111,0.00955,0.98193,-0.00169,-0.0003,-0.00121,0.28433,0.01537,0.96463,-0.1107,0.12156,0.00243,0.99998,0.00268,-0.00634,-0.00113,0.99877,-0.03769,-0.03147,-0.00684,33.22,34.4,0.0668,0.0757
20:08:58.102,1790255338.102,1440,-2.456,-4.106,1.057,1.609,0.02198,0.00779,1.00536,-0.00015,0.0,0.00181,0.29724,0.02781,0.95748,-0.10675,0.12372,-0.00149,0.99996,0.00306,-0.00783,-0.00112,0.99876,-0.03796,-0.03141,-0.00701,33.22,34.4,0.0758,0.0778
20:08:58.122,1790255338.1225,1441,-2.604,-4.051,1.055,1.604,8e-05,-0.00204,0.99945,-0.00025,-0.00137,0.00103,0.28451,0.03631,0.95108,-0.11255,0.12472,-0.00148,0.99998,0.00231,-0.00639,-0.00112,0.99875,-0.03824,-0.03126,-0.00719,33.22,34.4,0.0796,0.075
20:08:58.142,1790255338.1427,1442,-2.471,-3.984,1.052,1.6,0.02697,-0.0076,0.99706,-0.0012,-0.00207,0.00034,0.30745,0.01136,0.952,-0.1157,0.11884,0.00222,0.99997,0.00127,-0.0076,-0.00111,0.99873,-0.0387,-0.03133,-0.00732,33.22,34.4,0.0781,0.0796
20:08:58.163,1790255338.1629,1443,-2.545,-3.854,1.049,1.596,0.00743,-0.01434,0.99946,0.00305,-0.00197,0.00044,0.30022,0.01843,0.95953,-0.10433,0.11622,0.00196,0.99998,-0.00017,-0.00695,-0.0011,0.99872,-0.039,-0.03133,-0.00746,33.22,34.4,0.0797,0.0758
20:08:58.183,1790255338.1831,1444,-2.669,-3.824,1.046,1.592,0.00113,-0.00631,0.97138,-0.00262,0.00195,-0.0016,0.30766,0.01829,0.95487,-0.1029,0.1202,-0.00148,0.99998,-0.00071,-0.00587,-0.00111,0.99871,-0.0393,-0.03132,-0.00763,33.22,34.4,0.0586,0.0775
20:08:58.203,1790255338.2036,1445,-2.527,-3.896,1.043,1.587,0.02748,0.00145,0.98048,0.00253,0.00156,0.00029,0.29218,0.00119,0.95822,-0.1038,0.11819,-0.00047,0.99997,-0.00046,-0.00717,-0.00111,0.99869,-0.03965,-0.03138,-0.00779,33.22,34.4,0.0656,0.0787
20:08:58.224,1790255338.2241,1446,-2.442,-3.77,1.041,1.583,0.01823,-0.0106,0.98354,0.00058,-0.00329,0.00028,0.30197,0.03134,0.9398,-0.09279,0.11955,0.00231,0.99997,-0.00173,-0.00775,-0.0011,0.99869,-0.03983,-0.03123,-0.00792,33.22,34.4,0.0678,0.0707
20:08:58.244,1790255338.2447,1447,-2.284,-3.796,1.038,1.579,0.03075,-0.00207,0.98395,-0.00112,0.00088,-0.00508,0.29878,0.0251,0.95,-0.0908,0.11659,-0.00767,0.99996,-0.00163,-0.00915,-0.00115,0.99868,-0.03994,-0.03124,-0.00816,33.22,34.4,0.0683,0.0771
20:08:58.265,1790255338.2652,1448,-2.159,-3.712,1.036,1.575,0.03764,-0.0188,1.00053,-0.00043,0.00036,0.00286,0.31671,0.00638,0.94761,-0.09426,0.109,-0.00323,0.99994,-0.00265,-0.01041,-0.00112,0.99866,-0.04022,-0.03141,-0.00835,33.22,34.4,0.0789,0.0794
20:08:58.285,1790255338.2856,1449,-2.31,-3.779,1.033,1.571,0.01556,-0.0033,0.98078,0.00081,1e-05,-0.00151,0.31892,0.01933,0.94055,-0.08256,0.11006,0.00333,0.99996,-0.00217,-0.00916,-0.00112,0.99865,-0.04034,-0.03147,-0.00846,33.22,34.4,0.0657,0.075
20:08:58.306,1790255338.3062,1450,-2.275,-3.964,1.031,1.567,0.02261,0.01859,0.98563,-0.00076,-0.00034,0.00201,0.3055,0.00664,0.96304,-0.08727,0.11571,0.00372,0.99995,-0.00078,-0.00944,-0.00111,0.99865,-0.04055,-0.03142,-0.00857,33.22,34.4,0.0696,0.0722
20:08:58.326,1790255338.3265,1451,-2.159,-4.168,1.028,1.562,0.0243,0.01008,0.99813,-0.0008,0.00235,-0.0017,0.3045,0.00383,0.91471,-0.08424,0.11273,0.002,0.99995,0.00066,-0.0101,-0.00114,0.99864,-0.04088,-0.03105,-0.00868,33.22,34.4,0.0789,0.0531
20:08:58.346,1790255338.3467,1452,-2.254,-4.029,1.026,1.558,0.0167,-0.00609,0.99599,-0.00155,-3e-05,-0.00088,0.3084,-0.00157,0.95432,-0.08636,0.10481,0.00592,0.99995,-0.00076,-0.00945,-0.00113,0.99863,-0.0411,-0.03123,-0.00877,33.22,34.4,0.0771,0.0778
20:08:58.367,1790255338.3672,1453,-2.208,-4.191,1.023,1.554,0.02842,0.01938,0.98579,0.00109,0.00314,-0.00301,0.32804,0.00366,0.94091,-0.0739,0.10791,0.00318,0.99995,0.00055,-0.01002,-0.00117,0.99862,-0.0412,-0.03139,-0.00889,33.22,34.4,0.0698,0.0773
20:08:58.387,1790255338.3876,1454,-2.404,-4.129,1.021,1.549,0.00662,-0.00374,0.99799,-0.00037,0.00224,0.00072,0.35262,0.02286,0.94528,-0.06985,0.09508,0.00616,0.99996,-1e-05,-0.00849,-0.00116,0.99861,-0.04124,-0.03157,-0.00896,33.22,34.4,0.0785,0.0731
20:08:58.408,1790255338.4083,1455,-2.279,-4.203,1.018,1.545,0.02435,0.00476,0.99644,-8e-05,0.00037,1e-05,0.32688,0.03485,0.94472,-0.05923,0.0992,-0.00593,0.99995,0.00085,-0.00984,-0.00117,0.99861,-0.04101,-0.03181,-0.00917,33.22,34.4,0.0776,0.0798
20:08:58.428,1790255338.4287,1456,-2.148,-4.201,1.016,1.54,0.03051,0.00082,0.9768,0.00054,0.00017,0.00083,0.33772,0.02023,0.94881,-0.07528,0.10148,0.00141,0.99994,0.00075,-0.01112,-0.00116,0.9986,-0.04107,-0.03195,-0.0093,33.22,34.4,0.063,0.0745
20:08:58.449,1790255338.4492,1457,-2.238,-4.364,1.013,1.536,0.01688,0.01327,0.99133,0.00037,-0.00277,-0.00081,0.36283,0.02096,0.9398,-0.07021,0.09825,-0.0016,0.99994,0.00214,-0.01054,-0.00119,0.99859,-0.04112,-0.03213,-0.00946,33.22,34.4,0.0737,0.0743
20:08:58.470,1790255338.4699,1458,-2.358,-4.488,1.011,1.531,0.01494,0.01377,0.98125,-0.00053,0.00066,-0.00237,0.34482,0.01863,0.9352,-0.06218,0.09149,-0.00485,0.99995,0.0033,-0.00984,-0.00123,0.99858,-0.04106,-0.03245,-0.00965,33.22,34.4,0.0661,0.0777
20:08:58.490,1790255338.4902,1459,-2.542,-4.475,1.008,1.527,0.01389,0.00636,0.98809,8e-05,0.00169,0.00224,0.34762,0.00423,0.92467,-0.05258,0.09716,0.00254,0.99996,0.00325,-0.00838,-0.00121,0.99858,-0.04101,-0.0326,-0.00975,33.22,34.4,0.0712,0.0709
20:08:58.510,1790255338.5106,1460,-2.528,-4.332,1.005,1.522,0.01956,-0.00353,0.97193,-0.00104,-0.00204,-0.00288,0.3332,0.00362,0.93534,-0.05284,0.08934,0.00162,0.99996,0.00209,-0.00878,-0.00123,0.99857,-0.04092,-0.03289,-0.00987,33.22,34.4,0.0591,0.0747
20:08:58.531,1790255338.5308,1461,-2.733,-4.339,1.002,1.518,0.00241,0.00832,0.98964,-0.00128,-0.00132,0.00269,0.35297,0.03166,0.9368,-0.0455,0.08524,-0.00265,0.99997,0.00247,-0.00739,-0.00121,0.99857,-0.04063,-0.03328,-0.01002,33.22,34.4,0.0723,0.0788
20:08:58.551,1790255338.5514,1462,-2.636,-4.388,1.0,1.513,0.0237,0.00923,0.98704,-0.00193,-0.00012,-0.00256,0.3377,-0.0055,0.94225,-0.04049,0.08415,0.00233,0.99996,0.00307,-0.0087,-0.00123,0.99856,-0.04045,-0.03373,-0.01013,33.22,34.4,0.0705,0.0793
20:08:58.571,1790255338.5718,1463,-2.833,-4.304,0.997,1.509,0.00342,0.00073,0.99212,-0.00253,0.00066,0.00022,0.34594,-0.00332,0.92841,-0.04142,0.08542,0.00243,0.99997,0.0025,-0.00729,-0.00123,0.99855,-0.04031,-0.03405,-0.01023,33.22,34.4,0.0741,0.0731
20:08:58.592,1790255338.5922,1464,-2.713,-4.288,0.994,1.505,0.02934,0.00562,0.98592,-0.0017,-0.00323,-0.00077,0.33557,0.00474,0.93094,-0.04058,0.07387,-0.00425,0.99996,0.00254,-0.00875,-0.00124,0.99855,-0.04011,-0.03445,-0.01039,33.22,34.4,0.0698,0.0722
20:08:58.612,1790255338.6124,1465,-2.833,-4.11,0.991,1.5,0.01057,-0.01437,0.99041,-0.00074,0.00363,0.00084,0.36176,-0.00061,0.93218,-0.0435,0.07565,0.00257,0.99996,0.00114,-0.00823,-0.00122,0.99853,-0.03997,-0.035,-0.01048,33.22,34.4,0.0729,0.0799
20:08:58.632,1790255338.6326,1466,-2.882,-4.218,0.988,1.496,0.01529,0.02859,0.97889,0.00236,-0.002,-0.00229,0.3581,0.02685,0.93932,-0.03153,0.07978,0.00341,0.99996,0.00247,-0.00821,-0.00125,0.99853,-0.0396,-0.03539,-0.01057,33.21,34.4,0.0646,0.0758
20:08:58.652,1790255338.6528,1467,-3.079,-4.119,0.985,1.492,0.00603,0.00019,0.97516,-0.00082,-0.00142,-0.00102,0.34479,6e-05,0.94149,-0.02858,0.06502,-0.0011,0.99997,0.00193,-0.0071,-0.00126,0.99852,-0.03929,-0.03601,-0.01069,33.21,34.4,0.0614,0.078
20:08:58.673,1790255338.673,1468,-3.03,-4.213,0.982,1.487,0.01974,0.0109,0.99011,-0.00035,-0.00159,0.00135,0.35278,0.01434,0.92733,-0.02915,0.06784,-0.00081,0.99996,0.00307,-0.00805,-0.00125,0.99852,-0.03895,-0.0365,-0.01081,33.21,34.4,0.0728,0.0742
20:08:58.693,1790255338.6935,1469,-3.178,-4.052,0.979,1.483,0.00988,-0.00055,0.98064,-0.00022,-0.00257,0.00069,0.36318,0.02025,0.91987,-0.02507,0.06982,0.00223,0.99997,0.00207,-0.00718,-0.00124,0.99851,-0.03858,-0.03694,-0.0109,33.21,34.4,0.0655,0.0719
20:08:58.714,1790255338.7141,1470,-3.374,-3.924,0.975,1.479,-0.00256,-0.00605,0.97872,0.00327,-0.0001,-0.00072,0.35857,0.00596,0.931,-0.01757,0.06838,-0.00348,0.99998,0.00141,-0.00605,-0.00125,0.99851,-0.03815,-0.03754,-0.01104,33.21,34.4,0.0641,0.0783
20:08:58.734,1790255338.7346,1471,-3.402,-3.732,0.972,1.475,0.0158,-0.01035,0.98097,0.00017,-0.00125,-0.00026,0.37314,0.00636,0.93394,-0.01962,0.05846,-0.00237,0.99998,0.00012,-0.00644,-0.00124,0.99849,-0.03777,-0.03819,-0.01117,33.21,34.4,0.0659,0.0757
20:08:58.755,1790255338.7552,1472,-3.522,-3.502,0.969,1.471,0.01238,-0.00145,0.99779,0.00341,-0.00149,-0.00167,0.35967,0.00831,0.92843,-0.01285,0.05876,0.00337,0.99998,-0.0014,-0.00603,-0.00125,0.99849,-0.0373,-0.03885,-0.01123,33.21,34.4,0.0784,0.0768
20:08:58.776,1790255338.7758,1473,-3.452,-3.379,0.965,1.468,0.02856,-0.01069,0.98119,-0.00175,-0.00122,0.00447,0.37161,0.01236,0.93609,-0.01216,0.05586,-0.00071,0.99997,-0.00201,-0.00727,-0.0012,0.99848,-0.03682,-0.03951,-0.01134,33.21,34.4,0.0662,0.0746
20:08:58.796,1790255338.7964,1474,-3.385,-3.413,0.962,1.464,0.02193,0.00148,0.99368,0.00088,0.00127,-0.00112,0.36327,0.03396,0.9409,-0.00613,0.0491,0.00012,0.99996,-0.0011,-0.00853,-0.00121,0.99847,-0.03619,-0.04016,-0.01143,33.21,34.4,0.0754,0.0731
20:08:58.816,1790255338.8167,1475,-3.628,-3.396,0.959,1.46,0.00462,0.004,0.98296,-0.00412,-0.00219,0.00126,0.36766,0.01656,0.93086,0.00629,0.03694,0.00333,0.99997,-0.00052,-0.00733,-0.0012,0.99846,-0.0355,-0.04109,-0.01148,33.21,34.4,0.0672,0.0793
20:08:58.837,1790255338.8372,1476,-3.694,-3.146,0.955,1.457,0.01503,-0.00351,0.99669,0.00229,-0.0003,0.00115,0.35411,-0.00392,0.9296,0.0089,0.03923,-0.00489,0.99997,-0.00208,-0.0076,-0.00117,0.99844,-0.03488,-0.04196,-0.0116,33.21,34.4,0.0776,0.0761
20:08:58.858,1790255338.8578,1477,-3.87,-3.202,0.951,1.453,0.00274,0.00839,0.98821,0.00099,-0.00072,0.00351,0.37899,1e-05,0.94898,0.0064,0.05055,0.00235,0.99998,-0.00102,-0.00658,-0.00114,0.99844,-0.03434,-0.04246,-0.01165,33.21,34.4,0.0712,0.0636
20:08:58.878,1790255338.878,1478,-3.955,-2.976,0.948,1.45,0.01345,-0.00922,0.97821,0.00104,0.0003,-0.0009,0.38048,0.01158,0.93178,0.01256,0.03526,0.00036,0.99997,-0.0023,-0.00668,-0.00114,0.99843,-0.03366,-0.04333,-0.01172,33.21,34.4,0.0638,0.0751
20:08:58.898,1790255338.8986,1479,-3.889,-2.877,0.944,1.447,0.03539,-0.00584,0.99862,-0.00198,0.00186,-0.00176,0.36417,-0.00688,0.92825,0.02552,0.02581,-0.002,0.99996,-0.00242,-0.0083,-0.00116,0.9984,-0.0329,-0.04438,-0.0118,33.21,34.4,0.0794,0.0779
20:08:58.918,1790255338.9188,1480,-3.85,-2.866,0.94,1.444,0.02762,-0.00035,0.99317,-0.00122,0.0025,0.00285,0.37104,-0.01098,0.92938,0.01954,0.02883,-0.00323,0.99995,-0.00188,-0.00968,-0.00114,0.99838,-0.03224,-0.04542,-0.01189,33.21,34.4,0.0752,0.0794
20:08:58.939,1790255338.9393,1481,-4.116,-2.77,0.937,1.44,0.00797,-0.00483,0.98495,0.00053,-0.00122,-0.00338,0.36711,0.00113,0.92331,0.01539,0.03063,0.00511,0.99996,-0.00202,-0.0083,-0.00117,0.99835,-0.03158,-0.04636,-0.0119,33.21,34.4,0.0687,0.0752
20:08:58.959,1790255338.9596,1482,-4.107,-2.807,0.933,1.437,0.02807,0.00802,0.99309,3e-05,-0.00058,0.00132,0.38879,0.01318,0.93526,0.02588,0.01678,-0.00139,0.99996,-0.00092,-0.00935,-0.00118,0.99833,-0.0308,-0.04733,-0.01196,33.21,34.4,0.0751,0.0703
20:08:58.980,1790255338.9801,1483,-4.301,-2.863,0.929,1.434,0.01296,0.01033,0.98358,0.00423,0.00126,0.00076,0.37122,0.01463,0.9323,0.0217,0.01874,-0.00577,0.99996,0.00039,-0.00877,-0.00118,0.9983,-0.03,-0.04842,-0.01208,33.21,34.4,0.0678,0.0773
20:08:59.000,1790255339.0005,1484,-4.572,-2.658,0.925,1.431,-0.00414,-0.01657,0.99644,0.00015,-0.00156,-0.00057,0.36608,-0.0008,0.93769,0.02728,0.00911,0.00131,0.99997,-0.0006,-0.00754,-0.00117,0.99827,-0.02924,-0.04958,-0.01211,33.21,34.4,0.0774,0.075
20:08:59.021,1790255339.0208,1485,-4.546,-2.609,0.921,1.428,0.03343,0.00475,1.00822,0.00044,0.00068,0.00101,0.35626,0.01559,0.92332,0.03368,-0.00174,-0.00613,0.99996,-0.00014,-0.00896,-0.00118,0.99823,-0.02834,-0.05077,-0.01221,33.21,34.4,0.0734,0.0723
20:08:59.041,1790255339.0413,1486,-4.819,-2.614,0.916,1.425,0.01071,0.00552,0.98837,0.00303,-0.0001,-0.00248,0.36678,-0.00793,0.93557,0.04474,0.00314,0.00522,0.99997,0.00082,-0.00784,-0.00121,0.99819,-0.02745,-0.05202,-0.01218,33.21,34.4,0.0713,0.0763
20:08:59.061,1790255339.0617,1487,-4.926,-2.314,0.912,1.422,0.01646,-0.0044,1.00213,0.00074,0.0003,-0.00016,0.38178,0.02277,0.93404,0.04496,0.00213,-0.00135,0.99997,-0.00077,-0.00803,-0.0012,0.99816,-0.02644,-0.05319,-0.01222,33.21,34.4,0.0783,0.073
20:08:59.082,1790255339.0819,1488,-4.991,-2.322,0.908,1.419,0.01858,0.00214,0.97881,-0.00057,0.00023,0.00119,0.36138,0.00098,0.92819,0.04726,-0.0076,0.00064,0.99996,0.00025,-0.00884,-0.00121,0.99811,-0.02549,-0.05455,-0.01224,33.21,34.4,0.0642,0.077
20:08:59.102,1790255339.1024,1489,-5.024,-2.207,0.903,1.417,0.04713,0.00014,0.96622,-0.00289,0.0008,0.00042,0.36765,0.01242,0.93238,0.04303,-0.01128,0.0032,0.99995,0.00021,-0.00997,-0.0012,0.99806,-0.02452,-0.05598,-0.01223,33.21,34.4,0.0555,0.0783
20:08:59.122,1790255339.1228,1490,-5.276,-1.928,0.899,1.414,0.01101,-0.01214,0.99502,-0.0,0.00208,0.00034,0.37728,0.01781,0.93597,0.05912,-0.01361,0.00441,0.99996,-0.00107,-0.00907,-0.00119,0.99801,-0.0234,-0.05732,-0.01219,33.21,34.4,0.0764,0.073
20:08:59.143,1790255339.1432,1491,-5.394,-1.644,0.894,1.412,0.01835,-0.00775,1.00699,2e-05,0.0033,0.00165,0.3738,0.00749,0.90049,0.05214,-0.0079,-0.00012,0.99995,-0.00259,-0.00906,-0.00116,0.99797,-0.02247,-0.05837,-0.01219,33.21,34.4,0.0746,0.0613
20:08:59.163,1790255339.1635,1492,-5.551,-1.706,0.889,1.409,0.0185,0.00338,1.00483,0.00231,-0.00015,-0.00097,0.38305,-0.00707,0.92249,0.06352,-0.0058,-0.001,0.99996,-0.00101,-0.00912,-0.00118,0.99791,-0.02145,-0.05978,-0.0122,33.21,34.4,0.0762,0.0792
20:08:59.183,1790255339.1837,1493,-5.578,-1.685,0.884,1.407,0.02076,0.00024,0.98778,0.00114,-0.00083,0.00124,0.38269,0.00679,0.91151,0.06706,-0.01644,-0.00415,0.99995,-0.00011,-0.01023,-0.00119,0.99785,-0.02035,-0.06112,-0.01223,33.21,34.4,0.071,0.0715
20:08:59.204,1790255339.2041,1494,-5.756,-1.72,0.879,1.405,0.01918,0.01227,0.97908,-0.00263,0.00266,0.00216,0.3922,-0.01843,0.93865,0.06862,-0.03145,0.00685,0.99995,0.00117,-0.01012,-0.00119,0.99778,-0.01939,-0.06255,-0.01213,33.21,34.4,0.0645,0.0669
20:08:59.224,1790255339.2244,1495,-5.862,-1.447,0.874,1.403,0.02513,-0.00803,0.99027,-0.0019,0.00193,-0.00042,0.36905,-0.00531,0.92467,0.06634,-0.0302,0.00346,0.99994,-0.00018,-0.01075,-0.00118,0.9977,-0.01836,-0.06414,-0.01208,33.21,34.4,0.073,0.0767
20:08:59.245,1790255339.2449,1496,-6.207,-1.384,0.869,1.401,0.01245,0.00319,1.00082,0.00141,0.00246,-0.00038,0.37931,0.00627,0.90862,0.06992,-0.03178,4e-05,0.99996,0.00043,-0.00921,-0.00119,0.99762,-0.01726,-0.0656,-0.01205,33.21,34.4,0.0793,0.0685
20:08:59.265,1790255339.2653,1497,-6.243,-1.307,0.864,1.399,0.03119,0.0068,0.98995,-0.00472,0.00064,0.00111,0.37392,0.01451,0.92673,0.07728,-0.03145,0.00162,0.99994,0.00099,-0.01055,-0.00118,0.99753,-0.01601,-0.06726,-0.01201,33.21,34.4,0.0729,0.0796
20:08:59.285,1790255339.2858,1498,-6.289,-1.079,0.859,1.397,0.03293,-0.00665,0.98421,-0.00219,-0.00134,-0.00366,0.37549,-0.00422,0.91524,0.08115,-0.03717,-0.00135,0.99993,0.00016,-0.01171,-0.00121,0.99744,-0.01486,-0.06885,-0.01198,33.21,34.4,0.0686,0.072
20:08:59.306,1790255339.3062,1499,-6.604,-1.055,0.853,1.395,0.01107,0.01221,1.00267,-0.00167,0.00059,-0.00172,0.37084,0.01249,0.91205,0.08392,-0.04461,-0.00219,0.99994,0.00124,-0.01056,-0.00124,0.99735,-0.01361,-0.07043,-0.01196,33.21,34.4,0.0779,0.0685
20:08:59.326,1790255339.3264,1500,-6.655,-0.909,0.847,1.393,0.03143,0.00113,0.98149,0.00352,-0.00343,-0.00281,0.37398,-0.0035,0.92524,0.08332,-0.04977,0.00131,0.99993,0.0011,-0.01193,-0.00126,0.99724,-0.01246,-0.07226,-0.01189,33.21,34.4,0.0665,0.0785
20:08:59.346,1790255339.3466,1501,-6.98,-0.918,0.842,1.392,0.01498,0.0136,0.99908,0.00258,0.00179,-0.00425,0.37478,-0.00362,0.92523,0.08709,-0.04917,-0.00302,0.99994,0.0024,-0.01093,-0.00132,0.99712,-0.01129,-0.07409,-0.01187,33.21,34.4,0.0795,0.0787
20:08:59.366,1790255339.3668,1502,-7.301,-0.756,0.836,1.39,0.01477,0.00403,0.98417,0.00198,-0.00334,-0.00083,0.35732,0.01069,0.91512,0.089,-0.04032,0.00472,0.99995,0.00227,-0.0096,-0.00133,0.99702,-0.01004,-0.07557,-0.01176,33.21,34.4,0.0682,0.0668
20:08:59.387,1790255339.3871,1503,-7.478,-0.43,0.83,1.389,0.02196,-0.00958,0.99132,-0.00115,0.00084,-0.00052,0.36593,0.00684,0.93744,0.10001,-0.06172,0.00723,0.99995,0.0008,-0.0099,-0.00132,0.99689,-0.0087,-0.07746,-0.01161,33.21,34.4,0.0737,0.0752
20:08:59.407,1790255339.4075,1504,-7.811,-0.168,0.823,1.387,0.01531,-0.00247,0.9847,0.00113,0.0017,-0.00052,0.38116,-0.00621,0.92156,0.09987,-0.05821,-0.0008,0.99996,-0.00017,-0.0089,-0.00131,0.99675,-0.00745,-0.07938,-0.01154,33.21,34.4,0.0686,0.078
20:08:59.427,1790255339.4277,1505,-7.856,-0.061,0.817,1.386,0.02261,0.00071,1.00621,-0.00216,-0.00016,-0.00177,0.37776,-0.00935,0.9332,0.10507,-0.06309,0.00034,0.99995,0.00013,-0.01038,-0.00133,0.99661,-0.0062,-0.08127,-0.01144,33.21,34.4,0.0752,0.0749
20:08:59.448,1790255339.4479,1506,-7.96,0.228,0.81,1.386,0.02542,-0.0086,1.00936,-0.00083,0.00094,0.00047,0.38501,-0.01619,0.94593,0.1034,-0.05597,-0.00126,0.99994,-0.00119,-0.01104,-0.00132,0.99648,-0.00502,-0.08287,-0.01135,33.21,34.4,0.0727,0.0639
20:08:59.468,1790255339.4681,1507,-8.048,0.412,0.804,1.385,0.0325,-0.00508,0.97995,0.00135,-0.00075,-0.00051,0.36074,-0.00113,0.93339,0.1049,-0.07105,0.00208,0.99992,-0.00152,-0.01231,-0.00131,0.99632,-0.00374,-0.08492,-0.01123,33.21,34.4,0.0654,0.0795
20:08:59.488,1790255339.4884,1508,-8.418,0.611,0.797,1.384,4e-05,-0.0094,0.98398,-0.00289,-0.00084,0.00047,0.37613,-0.00986,0.93043,0.11385,-0.06202,0.00299,0.99994,-0.0019,-0.01099,-0.0013,0.99616,-0.00246,-0.08685,-0.01108,33.21,34.4,0.068,0.0773
20:08:59.508,1790255339.5085,1509,-8.786,0.719,0.79,1.384,0.01885,-0.00302,1.00429,-0.00242,0.00013,-0.00328,0.35926,-0.00601,0.95616,0.10604,-0.06778,-0.00285,0.99995,-0.00157,-0.00949,-0.00134,0.99601,-0.00124,-0.08856,-0.01099,33.21,34.4,0.0766,0.0639
20:08:59.529,1790255339.5289,1510,-9.033,0.708,0.783,1.383,0.01837,0.00612,0.9916,0.00161,0.00039,0.00056,0.3749,0.01962,0.93169,0.10546,-0.07534,0.00051,0.99995,-6e-05,-0.00942,-0.00135,0.99583,0.00016,-0.09061,-0.01088,33.21,34.4,0.0738,0.0766
20:08:59.549,1790255339.5492,1511,-9.13,0.753,0.775,1.383,0.03091,0.00772,0.99529,0.0003,0.00536,-0.0029,0.35268,-0.00611,0.93405,0.11357,-0.07581,0.00178,0.99994,0.00078,-0.01068,-0.00139,0.99563,0.0014,-0.09271,-0.01073,33.21,34.4,0.0768,0.0788
20:08:59.569,1790255339.5695,1512,-9.473,1.045,0.768,1.383,0.00557,-0.01808,0.99379,-0.00203,2e-05,-0.00028,0.38417,-0.01371,0.92855,0.12174,-0.07922,0.00174,0.99995,-0.00044,-0.00972,-0.00138,0.99544,0.00267,-0.09478,-0.01056,33.21,34.4,0.0755,0.0763
20:08:59.590,1790255339.5899,1513,-9.863,1.161,0.76,1.382,0.01283,0.00097,1.00016,-0.00166,-0.00169,2e-05,0.36605,0.00727,0.95189,0.11711,-0.07732,0.00198,0.99997,-2e-05,-0.00817,-0.00139,0.99526,0.00403,-0.09663,-0.0104,33.21,34.4,0.0798,0.0651
20:08:59.610,1790255339.6105,1514,-10.274,1.271,0.752,1.382,0.01375,0.00072,0.98745,0.00094,0.00279,0.00023,0.35353,0.00664,0.94645,0.11731,-0.09408,-0.00109,0.99998,0.00041,-0.00676,-0.00139,0.99504,0.00537,-0.0988,-0.01026,33.21,34.4,0.0707,0.0722
20:08:59.630,1790255339.6308,1515,-10.407,1.427,0.744,1.382,0.03003,0.00051,0.97062,-0.00153,0.00054,0.00272,0.36791,-0.00737,0.93103,0.12943,-0.1018,-0.00263,0.99997,0.00037,-0.00794,-0.00136,0.9948,0.00668,-0.10115,-0.01011,33.2,34.4,0.0583,0.0792
20:08:59.651,1790255339.6513,1516,-10.539,1.449,0.736,1.382,0.02544,0.01251,0.99885,-0.00074,0.00067,0.00056,0.34804,0.0136,0.92774,0.12729,-0.09074,0.00044,0.99996,0.00164,-0.00897,-0.00137,0.99457,0.00814,-0.1033,-0.00994,33.2,34.4,0.0794,0.0732
20:08:59.671,1790255339.6718,1517,-10.725,1.74,0.727,1.383,0.02041,-0.00771,0.98209,0.00068,-0.00249,-0.00042,0.36178,-0.01676,0.95026,0.12624,-0.09282,0.00261,0.99996,0.00032,-0.00934,-0.00136,0.99435,0.00931,-0.10532,-0.00972,33.2,34.4,0.0668,0.0673
20:08:59.692,1790255339.6921,1518,-11.062,1.725,0.719,1.383,0.01549,0.00674,0.99371,-0.0004,0.00191,-0.00011,0.34813,-0.00912,0.92727,0.13139,-0.10282,-0.00079,0.99996,0.00169,-0.00865,-0.00137,0.9941,0.01054,-0.10754,-0.00952,33.2,34.4,0.0754,0.0729
20:08:59.713,1790255339.7128,1519,-11.489,1.865,0.71,1.383,0.0091,0.00396,0.99049,-0.0008,0.00035,-0.00287,0.35729,-0.01159,0.92498,0.13686,-0.09884,-0.00156,0.99997,0.00179,-0.00714,-0.00141,0.99385,0.0118,-0.10975,-0.00932,33.2,34.4,0.0729,0.0737
20:08:59.733,1790255339.7331,1520,-11.641,1.85,0.701,1.384,0.02269,0.01527,1.00303,-0.00055,0.00188,-0.00158,0.34061,-0.00702,0.93631,0.13315,-0.09462,0.00044,0.99996,0.00306,-0.00805,-0.00143,0.99359,0.01294,-0.11195,-0.00909,33.2,34.4,0.0774,0.0773
20:08:59.753,1790255339.7537,1521,-11.99,2.086,0.691,1.384,0.00975,-0.00113,0.97661,0.00416,0.00044,0.00287,0.34502,-0.02641,0.93727,0.14541,-0.09855,-0.00138,0.99997,0.00211,-0.00722,-0.00139,0.99332,0.01399,-0.11419,-0.00882,33.2,34.4,0.0625,0.0793
20:08:59.774,1790255339.7741,1522,-12.174,2.384,0.682,1.385,0.01741,-0.00129,1.00568,0.00072,-0.0024,0.00042,0.35129,-0.00443,0.93272,0.13804,-0.1093,0.00592,0.99997,0.00075,-0.00796,-0.00138,0.99303,0.01518,-0.11655,-0.00852,33.2,34.4,0.0756,0.0775
20:08:59.794,1790255339.7945,1523,-12.331,2.621,0.673,1.386,0.02679,-0.01019,0.98034,-0.00105,0.00081,0.0021,0.37089,-0.01472,0.92461,0.13144,-0.1073,-0.0034,0.99996,-0.00023,-0.00887,-0.00135,0.99275,0.01623,-0.11885,-0.00831,33.2,34.4,0.0656,0.0773
20:08:59.815,1790255339.815,1524,-12.515,2.906,0.663,1.387,0.0251,-0.01807,0.98193,0.00013,-0.00041,0.00184,0.35395,-0.00426,0.94788,0.13963,-0.10399,-0.00274,0.99995,-0.00149,-0.00942,-0.00134,0.99247,0.01741,-0.12101,-0.00807,33.2,34.4,0.0668,0.0711
20:08:59.835,1790255339.8356,1525,-12.82,3.177,0.653,1.388,0.01641,-0.00691,0.97512,-0.00125,-0.00025,0.00095,0.36769,-0.0098,0.94809,0.1393,-0.10805,-0.00216,0.99996,-0.00262,-0.00886,-0.00133,0.99219,0.01856,-0.12313,-0.00783,33.2,34.4,0.0615,0.0673
20:08:59.856,1790255339.856,1526,-12.964,3.406,0.643,1.39,0.02026,-0.00949,1.00176,0.00151,-0.0017,-0.00019,0.34161,-0.04084,0.93794,0.13693,-0.10755,0.00156,0.99994,-0.00399,-0.00969,-0.00132,0.99191,0.01916,-0.12523,-0.00749,33.2,34.4,0.0785,0.0793
20:08:59.876,1790255339.8761,1527,-13.401,3.523,0.633,1.391,0.01425,-0.00797,0.99127,0.00054,-0.00133,0.00047,0.34517,-0.01236,0.93302,0.14331,-0.12176,0.00331,0.99996,-0.00402,-0.00821,-0.00131,0.9916,0.0201,-0.12755,-0.00715,33.2,34.4,0.0736,0.0762
20:08:59.896,1790255339.8963,1528,-13.768,3.509,0.623,1.393,0.00378,0.00294,0.98279,-0.00028,0.00042,-0.00559,0.36281,-0.0271,0.932,0.13563,-0.10383,-0.00028,0.99997,-0.00313,-0.00719,-0.00137,0.99131,0.02084,-0.12969,-0.00683,33.2,34.4,0.0671,0.0796
20:08:59.916,1790255339.9165,1529,-13.926,3.74,0.612,1.394,0.0178,-0.01369,0.97037,0.0005,-0.0011,0.00245,0.35002,-0.02007,0.95557,0.14971,-0.1077,0.00408,0.99996,-0.00417,-0.00772,-0.00134,0.99104,0.02177,-0.13161,-0.00646,33.2,34.4,0.058,0.0666
20:08:59.937,1790255339.9369,1530,-14.094,3.682,0.602,1.396,0.0251,0.00994,0.99616,0.00157,-0.00214,-0.00124,0.33734,0.0012,0.94987,0.14512,-0.1131,0.00324,0.99996,-0.00276,-0.00849,-0.00137,0.99073,0.0227,-0.13379,-0.0061,33.2,34.4,0.0774,0.074
20:08:59.957,1790255339.9575,1531,-14.473,3.654,0.591,1.398,0.01225,-0.00126,0.98752,0.00168,0.00087,0.00035,0.34205,-0.00941,0.94392,0.14136,-0.11551,0.00269,0.99997,-0.00177,-0.00742,-0.00137,0.99042,0.02344,-0.13598,-0.00572,33.2,34.4,0.0707,0.077
20:08:59.978,1790255339.978,1532,-14.868,3.696,0.579,1.399,0.00856,-0.0025,1.01012,-0.0014,0.00065,0.00356,0.32018,-0.01434,0.938,0.14435,-0.11816,-0.00511,0.99998,-0.00155,-0.00595,-0.00134,0.99014,0.02401,-0.13793,-0.00539,33.2,34.4,0.0724,0.0734
20:08:59.998,1790255339.9982,1533,-14.986,3.639,0.568,1.401,0.02414,0.011,0.97925,0.00039,0.00274,0.00315,0.33529,-0.02776,0.93008,0.13784,-0.11272,-0.00337,0.99998,-0.00057,-0.00679,-0.00131,0.98987,0.02452,-0.13976,-0.00505,33.2,34.4,0.0647,0.0718
20:09:00.018,1790255340.0184,1534,-15.029,3.718,0.557,1.403,0.02357,-0.00077,0.99473,-0.00467,-0.00033,0.00345,0.33137,-0.01004,0.92671,0.14538,-0.11609,0.00011,0.99996,-0.00057,-0.00834,-0.00128,0.98958,0.02523,-0.14166,-0.00468,33.2,34.4,0.0763,0.0682
20:09:00.038,1790255340.0386,1535,-15.163,3.91,0.546,1.404,0.02485,-0.01532,0.97836,-0.0029,-0.0017,-0.00059,0.34738,-0.03294,0.95076,0.14076,-0.12194,0.00206,0.99996,-0.00171,-0.00902,-0.00128,0.98931,0.02573,-0.1435,-0.00427,33.2,34.4,0.0641,0.0704
20:09:00.059,1790255340.0591,1536,-15.216,3.828,0.534,1.406,0.02632,0.00294,1.01077,0.00153,-0.00121,-0.00113,0.3076,-0.01713,0.9422,0.14462,-0.12637,-0.0021,0.99995,-0.00079,-0.01019,-0.0013,0.98907,0.02601,-0.14509,-0.00386,33.2,34.4,0.0717,0.0735
20:09:00.079,1790255340.0797,1537,-15.567,3.857,0.523,1.408,-0.00174,0.00486,0.97522,-0.0008,-0.00084,-0.00422,0.3337,-0.00742,0.95163,0.15353,-0.11439,-0.00381,0.99996,-0.00044,-0.00898,-0.00134,0.98879,0.0266,-0.14692,-0.00346,33.2,34.4,0.0614,0.0736
20:09:00.100,1790255340.0998,1538,-15.639,3.8,0.511,1.41,0.0237,0.00406,0.97644,-0.00227,0.00052,0.00154,0.32452,-0.0138,0.95563,0.14468,-0.11866,-0.00151,0.99995,0.00032,-0.00997,-0.00134,0.98854,0.02692,-0.14849,-0.00305,33.2,34.4,0.0626,0.073
20:09:00.120,1790255340.12,1539,-15.82,4.032,0.499,1.412,0.02007,-0.01702,1.00441,0.00233,-0.00124,-0.00139,0.32947,-0.00535,0.95776,0.14814,-0.11455,-0.00313,0.99995,-0.0012,-0.00998,-0.00134,0.98829,0.02737,-0.15007,-0.00265,33.2,34.4,0.0764,0.0704
20:09:00.140,1790255340.1406,1540,-16.131,4.176,0.487,1.414,-0.00095,-0.01905,0.9963,-0.00147,0.00215,-0.00068,0.32296,-0.02288,0.94292,0.14942,-0.11112,0.00573,0.99996,-0.00221,-0.00872,-0.00133,0.98807,0.0276,-0.15151,-0.00211,33.2,34.4,0.0774,0.0777
20:09:00.161,1790255340.1612,1541,-16.169,4.052,0.475,1.415,0.01889,-0.00291,1.00248,0.00063,-0.00226,0.00029,0.31922,-0.02814,0.94301,0.14871,-0.12175,0.00033,0.99995,-0.00103,-0.00984,-0.00134,0.98785,0.02779,-0.1529,-0.00163,33.2,34.4,0.078,0.077
20:09:00.181,1790255340.1816,1542,-16.513,4.091,0.463,1.417,0.00526,-0.00256,0.99133,-0.00014,-0.00036,-0.00315,0.33204,-0.02406,0.95189,0.14867,-0.11925,0.00516,0.99996,-0.00109,-0.00834,-0.00137,0.98761,0.02808,-0.15437,-0.0011,33.2,34.4,0.0735,0.0737
20:09:00.202,1790255340.2019,1543,-16.465,4.049,0.451,1.419,0.02694,0.00068,0.99462,0.003,-0.0023,0.00166,0.30813,0.01188,0.94765,0.14893,-0.1149,-0.00276,0.99995,-0.00066,-0.00985,-0.00136,0.98744,0.02823,-0.15543,-0.00065,33.2,34.4,0.0762,0.0774
20:09:00.222,1790255340.2224,1544,-16.429,3.996,0.439,1.421,0.02824,0.00292,0.99157,0.00092,0.00308,-0.00035,0.31573,-0.02866,0.95942,0.15212,-0.11223,-0.00317,0.99994,1e-05,-0.01119,-0.00137,0.98728,0.02851,-0.15642,-0.00019,33.2,34.4,0.074,0.0722
20:09:00.243,1790255340.243,1545,-16.74,3.942,0.427,1.423,0.01728,0.00172,0.97881,-0.00485,-0.00083,-0.00232,0.33334,-0.01802,0.94325,0.12843,-0.11451,0.00143,0.99995,0.00041,-0.00996,-0.0014,0.98705,0.02848,-0.15786,0.00029,33.2,34.4,0.0642,0.0796
20:09:00.263,1790255340.2636,1546,-16.747,4.07,0.414,1.425,0.02702,-0.00654,0.98944,0.00124,0.0021,-0.00064,0.31601,-0.01181,0.94792,0.14725,-0.11756,0.00031,0.99994,-0.00064,-0.01099,-0.0014,0.98688,0.02856,-0.15892,0.0008,33.2,34.4,0.0724,0.0795
20:09:00.284,1790255340.284,1547,-16.924,4.231,0.402,1.427,0.01288,-0.01108,1.0049,0.00178,0.00321,-0.00194,0.29257,-0.00911,0.95345,0.15482,-0.11614,-0.00255,0.99995,-0.00176,-0.00989,-0.0014,0.9868,0.02884,-0.15936,0.00126,33.2,34.4,0.0762,0.078
20:09:00.304,1790255340.3043,1548,-16.921,4.406,0.39,1.429,0.02117,-0.0086,0.97171,-0.0045,0.0003,0.00077,0.27958,-0.01955,0.95557,0.1518,-0.12584,-0.00256,0.99994,-0.00293,-0.01031,-0.00138,0.98673,0.02918,-0.15974,0.00169,33.2,34.4,0.059,0.0769
20:09:00.324,1790255340.3246,1549,-17.066,4.345,0.377,1.431,0.00797,0.00329,0.98404,0.00013,-0.00285,0.00055,0.27362,-0.02437,0.96498,0.14924,-0.11421,-0.00458,0.99995,-0.00212,-0.00923,-0.00138,0.98669,0.02954,-0.1599,0.00208,33.2,34.4,0.0681,0.0775
20:09:00.345,1790255340.3452,1550,-17.22,4.342,0.364,1.433,-0.00618,0.00212,0.98022,-0.002,-0.00053,0.00076,0.27084,-0.01824,0.96688,0.14078,-0.10817,-0.00197,0.99997,-0.0018,-0.00794,-0.00138,0.98667,0.02987,-0.15994,0.00249,33.2,34.4,0.0652,0.0768
20:09:00.365,1790255340.3658,1551,-17.264,4.565,0.352,1.435,0.0141,-0.00943,0.98487,-0.00045,-0.00051,0.00061,0.25543,-0.01467,0.95201,0.13947,-0.11074,0.0012,0.99997,-0.00317,-0.00758,-0.00137,0.98665,0.03042,-0.15995,0.00288,33.2,34.4,0.0688,0.0693
20:09:00.386,1790255340.3864,1552,-17.244,4.436,0.339,1.437,0.01728,0.00187,0.97875,-0.00151,0.00058,-0.00105,0.28784,0.00557,0.95671,0.13985,-0.11638,-0.00227,0.99997,-0.00193,-0.00796,-0.00139,0.98661,0.03065,-0.16013,0.0033,33.2,34.4,0.0642,0.0793
20:09:00.406,1790255340.4068,1553,-17.188,4.29,0.327,1.44,0.01837,0.00077,0.99278,-0.0003,-0.00168,0.00119,0.28265,-0.02468,0.9533,0.13765,-0.10402,0.00116,0.99996,-0.0006,-0.00872,-0.00139,0.98657,0.03082,-0.16037,0.00376,33.2,34.4,0.0747,0.076
20:09:00.427,1790255340.427,1554,-17.111,4.51,0.314,1.442,0.01975,-0.0081,0.99514,0.00021,-0.0019,-0.00258,0.25474,-0.01359,0.96275,0.13629,-0.10679,-0.00451,0.99995,-0.00206,-0.00925,-0.0014,0.98658,0.03125,-0.16022,0.00409,33.2,34.4,0.0765,0.077
20:09:00.447,1790255340.4476,1555,-17.184,4.392,0.302,1.444,0.00744,0.01535,0.99461,-0.00042,-0.00128,-0.00017,0.2583,-0.00764,0.95772,0.13214,-0.10385,-0.0024,0.99996,-0.0007,-0.00848,-0.00141,0.98659,0.03168,-0.16007,0.00444,33.2,34.4,0.0761,0.074
20:09:00.468,1790255340.4678,1556,-17.298,4.268,0.29,1.446,0.00287,0.01667,1.00036,-0.00168,0.00161,-0.00016,0.27881,-0.0052,0.96722,0.13534,-0.09914,0.00537,0.99997,0.00055,-0.00748,-0.00142,0.98658,0.03197,-0.16005,0.0049,33.2,34.4,0.0796,0.075
20:09:00.488,1790255340.4882,1557,-17.396,4.12,0.277,1.448,0.01232,0.00749,0.98462,0.00026,0.00419,0.00387,0.28932,-0.02118,0.95463,0.14114,-0.10284,-0.00128,0.99997,0.00186,-0.00695,-0.00139,0.98652,0.03211,-0.16034,0.00535,33.2,34.4,0.0685,0.0783
20:09:00.508,1790255340.5086,1558,-17.42,4.323,0.264,1.45,0.01032,-0.00837,0.97663,0.00049,0.00044,0.00429,0.26439,-0.01035,0.97468,0.14217,-0.09874,-0.00298,0.99998,0.00063,-0.00661,-0.00134,0.98653,0.03262,-0.1602,0.00572,33.2,34.4,0.0625,0.0725
20:09:00.529,1790255340.5291,1559,-17.504,4.194,0.252,1.452,0.00806,0.01048,0.98101,-0.00243,-0.0019,0.00806,0.27678,-0.01291,0.95574,0.12806,-0.10538,-0.00047,0.99998,0.0018,-0.006,-0.00127,0.9865,0.03277,-0.16031,0.00613,33.2,34.4,0.0658,0.0763
20:09:00.549,1790255340.5498,1560,-17.492,4.082,0.239,1.454,0.01128,0.00909,0.96539,0.0003,-9e-05,0.00518,0.25906,-0.02844,0.96444,0.1346,-0.09258,-0.00191,0.99998,0.00291,-0.00594,-0.00122,0.98652,0.03302,-0.16014,0.00653,33.2,34.4,0.0541,0.0793
20:09:00.570,1790255340.5702,1561,-17.592,4.221,0.227,1.456,0.00011,-0.00138,0.96741,-0.00436,0.00218,-0.00216,0.2521,-0.01136,0.98352,0.13672,-0.10289,0.00783,0.99998,0.00227,-0.00496,-0.00124,0.98652,0.03361,-0.16001,0.00696,33.2,34.4,0.0556,0.0685
20:09:00.590,1790255340.5906,1562,-17.531,4.448,0.214,1.458,0.01232,-0.00684,0.99627,0.00053,-0.00174,-0.00172,0.24058,-0.03312,0.98977,0.11826,-0.08742,0.00355,0.99998,0.00073,-0.00531,-0.00125,0.98653,0.03401,-0.15981,0.00734,33.2,34.4,0.0773,0.0657
20:09:00.611,1790255340.611,1563,-17.492,4.332,0.201,1.46,0.01253,0.02113,0.98514,0.00016,-0.00116,-0.00027,0.24357,-0.01811,0.98676,0.1234,-0.09628,-0.00348,0.99998,0.00213,-0.00546,-0.00126,0.98655,0.0345,-0.15961,0.00764,33.2,34.4,0.0691,0.0676
20:09:00.631,1790255340.6315,1564,-17.411,4.563,0.189,1.462,0.01521,-0.00874,0.98792,-0.00228,9e-05,-0.00238,0.24199,-0.00663,0.99264,0.11918,-0.09181,0.00146,0.99998,0.00072,-0.00593,-0.00128,0.98657,0.03507,-0.15936,0.00796,33.19,34.4,0.0711,0.0637
20:09:00.652,1790255340.6521,1565,-17.382,4.761,0.177,1.464,0.00791,-0.01624,0.9821,0.00243,-0.00022,-0.00026,0.22454,-0.01453,0.97102,0.11914,-0.08227,0.00204,0.99998,-0.00059,-0.00565,-0.00127,0.98664,0.03546,-0.15881,0.00831,33.19,34.4,0.0667,0.0776
20:09:00.672,1790255340.6722,1566,-17.147,4.849,0.164,1.467,0.03133,-0.00723,0.99813,-0.00134,-0.00148,-0.00124,0.24131,-0.01828,0.97242,0.1263,-0.07354,0.00027,0.99997,-0.00107,-0.00719,-0.00128,0.98671,0.03577,-0.15829,0.00868,33.19,34.4,0.079,0.0784
20:09:00.692,1790255340.6925,1567,-17.179,4.744,0.152,1.469,0.01033,0.00384,0.99804,-0.00024,0.00204,-0.00187,0.21574,-0.00505,0.97103,0.11801,-0.07972,-0.00091,0.99998,0.00025,-0.00628,-0.00131,0.98679,0.03627,-0.15766,0.00897,33.19,34.4,0.0786,0.076
20:09:00.712,1790255340.7127,1568,-17.061,4.916,0.14,1.471,0.02086,-0.02073,0.97917,0.00071,0.00012,0.00057,0.22037,-0.02374,0.98073,0.11185,-0.07363,0.00596,0.99998,-0.00097,-0.00677,-0.0013,0.98686,0.03654,-0.1571,0.00935,33.19,34.4,0.0647,0.0759
20:09:00.733,1790255340.7329,1569,-16.811,4.934,0.128,1.474,0.02237,-0.00034,1.00236,0.00074,-0.00243,0.00032,0.19635,-0.02414,0.96695,0.11678,-0.06777,0.00514,0.99996,-0.00069,-0.00834,-0.0013,0.98694,0.03703,-0.15648,0.0097,33.19,34.4,0.078,0.0702
20:09:00.753,1790255340.7533,1570,-16.555,4.926,0.116,1.476,0.02314,0.00085,0.99389,0.00082,-0.00248,0.0036,0.19314,-0.01537,0.98535,0.11236,-0.07155,-0.00339,0.99995,-0.00019,-0.00983,-0.00127,0.98704,0.03749,-0.15574,0.00996,33.19,34.4,0.0756,0.0768
20:09:00.774,1790255340.7739,1571,-16.633,4.909,0.105,1.479,0.01045,0.00224,1.00781,-0.00326,-0.00353,-0.00017,0.21586,-0.00825,0.98038,0.10518,-0.06469,-0.00048,0.99996,0.00018,-0.0084,-0.00128,0.98714,0.03779,-0.15498,0.01025,33.19,34.4,0.0741,0.0771
20:09:00.794,1790255340.7943,1572,-16.597,5.107,0.093,1.481,0.01481,-0.00822,0.98524,0.00057,0.00204,-0.00292,0.20545,-0.01695,0.96417,0.10143,-0.06269,-0.00291,0.99997,-0.00119,-0.0081,-0.00129,0.98723,0.03811,-0.15435,0.0105,33.19,34.4,0.069,0.0695
20:09:00.815,1790255340.8151,1573,-16.342,5.108,0.081,1.484,0.03281,-0.00201,0.99093,-0.00317,0.00104,0.00022,0.22913,-0.0093,0.97308,0.09543,-0.06357,-0.00237,0.99995,-0.0012,-0.00963,-0.00129,0.98733,0.03814,-0.15364,0.01078,33.19,34.4,0.0736,0.0798
20:09:00.836,1790255340.8357,1574,-16.405,5.238,0.07,1.486,0.00828,-0.00829,0.99615,0.0002,-0.00452,-0.00012,0.18499,-0.01053,0.98901,0.10114,-0.06494,0.00267,0.99996,-0.00196,-0.00828,-0.00129,0.98744,0.03853,-0.15282,0.01107,33.19,34.4,0.0772,0.0753
20:09:00.856,1790255340.8566,1575,-16.478,5.194,0.058,1.489,-0.00913,0.00641,1.00275,-0.00117,-0.00067,-0.00415,0.1915,-0.02662,0.98599,0.10626,-0.05278,-0.00079,0.99998,-0.00137,-0.00678,-0.00133,0.98756,0.03882,-0.15196,0.01137,33.19,34.4,0.0779,0.0764
20:09:00.877,1790255340.8773,1576,-16.402,5.399,0.047,1.492,0.0102,-0.01966,0.98522,0.00117,0.00221,-0.00184,0.19764,7e-05,0.9932,0.09449,-0.04204,-0.00034,0.99997,-0.00276,-0.00649,-0.00134,0.98769,0.0392,-0.15099,0.01161,33.19,34.4,0.0691,0.0705
20:09:00.898,1790255340.898,1577,-16.453,5.343,0.035,1.494,0.00317,-0.00028,0.98628,-0.00077,0.00057,0.00082,0.19164,-0.00782,0.96623,0.08775,-0.0499,-0.00182,0.99998,-0.00208,-0.00522,-0.00134,0.9878,0.03946,-0.15017,0.01184,33.19,34.4,0.0697,0.0688
20:09:00.919,1790255340.919,1578,-16.356,5.164,0.024,1.497,0.0103,-0.00023,0.9874,-9e-05,-0.00324,-0.00299,0.19477,-0.03349,0.98952,0.08488,-0.0467,0.00247,0.99999,-0.0006,-0.00525,-0.00138,0.98792,0.03948,-0.14936,0.01214,33.19,34.4,0.0706,0.0732
20:09:00.939,1790255340.9394,1579,-16.119,5.273,0.012,1.5,0.02236,-0.01004,0.99693,0.00231,0.00347,-0.00166,0.19614,-0.02403,0.99055,0.07936,-0.04318,0.00149,0.99998,-0.00153,-0.0065,-0.00139,0.98804,0.0395,-0.14852,0.01241,33.19,34.4,0.0779,0.0724
20:09:00.959,1790255340.9596,1580,-15.968,5.126,0.001,1.502,0.0156,0.01019,0.99048,-0.00113,-0.00161,0.00104,0.17856,-0.01318,0.99146,0.08887,-0.04213,-0.00236,0.99998,-0.0001,-0.00681,-0.00139,0.98818,0.03972,-0.14754,0.01263,33.19,34.4,0.073,0.0744
20:09:00.979,1790255340.9798,1581,-15.937,5.303,-0.01,1.505,0.00331,-0.01805,0.99294,-0.00015,0.00122,0.00063,0.17011,-0.00273,0.97257,0.07882,-0.0345,0.00447,0.99998,-0.00141,-0.00606,-0.00139,0.98832,0.03995,-0.14649,0.01289,33.19,34.4,0.0748,0.0705
20:09:01.000,1790255341.0002,1582,-15.838,5.489,-0.021,1.508,0.01019,-0.01489,0.99293,0.00175,-0.00094,-0.00228,0.14561,-0.02146,0.9839,0.07353,-0.03773,0.00054,0.99998,-0.00291,-0.00584,-0.0014,0.98848,0.04006,-0.14539,0.0131,33.19,34.4,0.0748,0.0761
20:09:01.020,1790255341.0206,1583,-15.899,5.525,-0.032,1.51,-0.01429,-0.00962,0.99261,0.0005,0.00249,0.00066,0.15911,-0.0216,0.96557,0.07152,-0.02321,0.00158,0.99998,-0.00313,-0.00431,-0.00139,0.98862,0.0402,-0.14438,0.01333,33.19,34.4,0.0746,0.0641
20:09:01.041,1790255341.0411,1584,-15.857,5.42,-0.043,1.513,-0.00088,0.00334,0.97414,-0.00169,-0.00072,-0.0045,0.1664,-0.00721,0.99427,0.06636,-0.02253,0.00437,0.99999,-0.00226,-0.00345,-0.00143,0.98879,0.04024,-0.14316,0.01357,33.19,34.4,0.0606,0.0739
20:09:01.061,1790255341.0615,1585,-15.857,5.48,-0.054,1.516,-0.01253,-0.01183,0.98512,-0.00374,-0.00279,0.00232,0.1483,-0.00235,0.9912,0.05796,-0.02852,-0.00072,0.99999,-0.0028,-0.00217,-0.00141,0.98897,0.04025,-0.14188,0.01374,33.19,34.4,0.069,0.0783
20:09:01.082,1790255341.0818,1586,-15.535,5.503,-0.065,1.519,0.02508,-0.00707,0.9961,-0.00101,-0.00325,0.00051,0.14608,-0.00779,0.97599,0.06052,-0.02009,-9e-05,0.99999,-0.00293,-0.00377,-0.0014,0.98914,0.04032,-0.14067,0.01392,33.19,34.4,0.0773,0.0702
20:09:01.102,1790255341.1023,1587,-15.224,5.571,-0.075,1.521,0.01328,-0.00813,0.98532,-0.00042,-0.00111,0.00301,0.123,-0.01882,0.9766,0.05643,0.0011,0.00157,0.99998,-0.00347,-0.00509,-0.00138,0.98933,0.04037,-0.13927,0.01411,33.19,34.4,0.0691,0.0684
20:09:01.122,1790255341.1224,1588,-15.194,5.389,-0.086,1.524,0.00382,0.00091,0.99976,0.00209,0.0011,-0.00324,0.14914,-0.03593,0.993,0.05666,-0.00937,-0.00087,0.99999,-0.0022,-0.00407,-0.00141,0.98951,0.04015,-0.138,0.01431,33.19,34.4,0.0798,0.0764
20:09:01.143,1790255341.143,1589,-15.175,5.274,-0.096,1.527,-0.00304,0.00293,0.99408,-0.00108,-0.00027,-0.00036,0.1369,-0.00565,0.98608,0.05276,-0.01027,0.00416,0.99999,-0.00135,-0.00277,-0.00141,0.98971,0.0401,-0.13656,0.01452,33.19,34.4,0.0756,0.0767
20:09:01.163,1790255341.1633,1590,-14.918,5.414,-0.107,1.529,0.01545,-0.01848,0.99282,0.00299,0.00028,0.00107,0.11514,-0.02323,1.00088,0.05173,-0.00127,0.00014,0.99999,-0.00261,-0.00358,-0.0014,0.98991,0.04003,-0.1351,0.01469,33.19,34.4,0.0748,0.0742
20:09:01.183,1790255341.1835,1591,-14.893,5.348,-0.117,1.532,-0.01016,-0.0009,0.98714,-0.0,-0.00024,-0.00037,0.11843,-0.01636,0.99182,0.04703,0.00341,0.00369,0.99999,-0.00227,-0.0022,-0.0014,0.99013,0.03987,-0.13351,0.01489,33.19,34.4,0.0704,0.0793
20:09:01.203,1790255341.2038,1592,-14.554,5.289,-0.127,1.535,0.013,-0.00308,0.98667,0.00272,0.00184,0.00025,0.12723,-0.01337,0.99348,0.03944,0.00342,0.00242,0.99999,-0.00202,-0.00358,-0.0014,0.99035,0.03961,-0.13194,0.01507,33.19,34.4,0.0701,0.0787
20:09:01.224,1790255341.2243,1593,-14.209,5.22,-0.137,1.537,0.019,-7e-05,0.98684,0.00102,-0.00047,0.00335,0.10692,-0.00617,1.00161,0.03562,0.00651,-0.00125,0.99999,-0.00157,-0.00496,-0.00137,0.99057,0.03948,-0.13032,0.01519,33.19,34.4,0.0703,0.0745
20:09:01.244,1790255341.2445,1594,-14.014,5.01,-0.146,1.54,0.00964,0.01794,0.99599,-0.0016,0.00124,-0.00138,0.12794,0.00091,0.98655,0.03183,0.01514,-0.00386,0.99999,-2e-05,-0.00493,-0.00139,0.9908,0.03926,-0.12863,0.01528,33.19,34.4,0.0771,0.0761
20:09:01.264,1790255341.2647,1595,-13.732,4.833,-0.156,1.542,0.01503,0.01098,0.9882,0.00503,-0.0009,-4e-05,0.09517,-0.00991,0.99371,0.03784,0.01817,-0.00347,0.99998,0.00132,-0.00557,-0.0014,0.99103,0.0391,-0.12685,0.01538,33.19,34.4,0.0713,0.0787
20:09:01.285,1790255341.2852,1596,-13.649,4.93,-0.165,1.544,-0.00208,-0.0113,0.9864,-0.0034,0.00039,-0.00037,0.09862,-0.0207,1.00989,0.03087,0.03098,0.00322,0.99999,0.00024,-0.00458,-0.0014,0.99126,0.03888,-0.12512,0.01555,33.19,34.4,0.0699,0.0688
20:09:01.306,1790255341.3059,1597,-13.488,4.764,-0.174,1.546,0.00784,0.00686,0.97864,-0.00022,-0.0008,0.00269,0.08936,-0.00199,1.01774,0.02739,0.01846,0.00396,0.99999,0.00154,-0.00436,-0.00137,0.99146,0.0388,-0.12353,0.0157,33.19,34.4,0.064,0.0638
20:09:01.326,1790255341.3264,1598,-13.372,4.877,-0.183,1.549,0.00144,-0.00946,0.98579,-0.0021,0.00149,-0.00059,0.08205,-0.00898,0.9805,0.01541,0.02995,-0.00196,0.99999,0.00028,-0.00364,-0.00138,0.99168,0.03852,-0.12178,0.01578,33.19,34.4,0.0694,0.068
20:09:01.346,1790255341.3467,1599,-13.147,4.66,-0.192,1.551,0.00871,0.0116,0.98774,0.00158,-0.00163,0.0039,0.11536,-0.01157,1.0045,0.01926,0.02784,-0.00162,0.99999,0.00172,-0.00386,-0.00134,0.99191,0.03812,-0.12008,0.01588,33.19,34.4,0.0709,0.0716
20:09:01.367,1790255341.3673,1600,-13.061,4.596,-0.201,1.553,0.00484,0.00377,0.97051,0.00068,-0.00131,0.00422,0.08868,-0.00552,1.00818,0.01484,0.03871,-0.00133,0.99999,0.00191,-0.0027,-0.0013,0.99214,0.0378,-0.11818,0.01597,33.19,34.4,0.0579,0.0709
20:09:01.387,1790255341.3874,1601,-12.688,4.624,-0.21,1.555,0.01841,-0.00342,0.99143,0.00032,0.00173,0.0013,0.08792,-0.00944,0.99439,0.00585,0.03903,-0.00105,0.99999,0.00119,-0.00398,-0.00128,0.99239,0.03729,-0.11621,0.01606,33.19,34.4,0.0737,0.0787
20:09:01.407,1790255341.4078,1602,-12.62,4.533,-0.218,1.557,-0.00517,0.00637,0.99065,-0.00497,-8e-05,-0.00042,0.07203,-0.00432,1.00457,0.00903,0.04091,-0.0027,0.99999,0.00158,-0.00257,-0.00129,0.99264,0.03693,-0.11422,0.01612,33.19,34.4,0.073,0.0746
20:09:01.428,1790255341.4279,1603,-12.512,4.519,-0.227,1.559,-0.00513,-0.00048,0.97704,-0.00065,0.00203,0.00238,0.06111,-0.00314,0.99776,-0.00456,0.04852,0.00234,1.0,0.00115,-0.00135,-0.00127,0.9929,0.03642,-0.11207,0.01621,33.19,34.4,0.0628,0.0797
20:09:01.448,1790255341.4482,1604,-12.415,4.581,-0.235,1.561,-0.00964,-0.00894,0.99793,-0.00037,0.00045,-0.00082,0.06243,-0.00693,0.99433,-0.0031,0.04188,-0.00012,1.0,8e-05,-0.00017,-0.00127,0.99315,0.03591,-0.11003,0.01628,33.19,34.4,0.0785,0.0772
20:09:01.468,1790255341.4686,1605,-12.014,4.448,-0.243,1.563,0.00949,0.00526,0.98525,-0.00271,-0.00105,-0.00411,0.05497,0.00187,0.99142,-0.01222,0.06153,0.00222,1.0,0.00073,-0.00141,-0.00131,0.99341,0.03539,-0.1078,0.01636,33.19,34.4,0.069,0.0747
20:09:01.489,1790255341.4891,1606,-11.632,4.303,-0.251,1.565,0.02499,0.01547,0.97696,-0.00185,0.0004,0.00087,0.05829,-0.01015,0.99244,-0.01076,0.06085,-0.00079,1.0,0.0014,-0.0025,-0.0013,0.99367,0.03478,-0.10559,0.01642,33.19,34.4,0.0631,0.0756
20:09:01.509,1790255341.5095,1607,-11.232,4.321,-0.259,1.567,0.00825,0.00121,0.99314,-0.00171,0.00021,0.00036,0.05549,-0.00558,1.00783,-0.01079,0.05387,-0.00105,0.99999,0.00073,-0.00388,-0.0013,0.99391,0.03423,-0.10348,0.01647,33.19,34.4,0.0749,0.073
20:09:01.530,1790255341.5301,1608,-11.114,4.279,-0.266,1.569,-0.00038,7e-05,0.98063,0.00063,-0.00105,0.00307,0.04078,0.00242,0.9984,-0.01441,0.0598,0.0043,1.0,0.00051,-0.00257,-0.00127,0.99416,0.03368,-0.10114,0.01656,33.19,34.4,0.0655,0.0794
20:09:01.550,1790255341.5503,1609,-10.824,4.375,-0.273,1.571,0.00756,-0.00726,0.99879,0.00338,0.00246,-0.00031,0.0532,-0.01076,1.00795,-0.02228,0.06092,0.00191,0.99999,-0.00099,-0.00299,-0.00127,0.9944,0.03297,-0.099,0.01664,33.19,34.4,0.0791,0.0729
20:09:01.570,1790255341.5704,1610,-10.612,4.453,-0.28,1.573,0.00312,-0.01162,0.98188,0.00239,-0.00068,0.00036,0.02654,-0.00146,0.98968,-0.02626,0.06438,-0.00618,0.99999,-0.00226,-0.00263,-0.00126,0.99464,0.03237,-0.09678,0.01661,33.19,34.4,0.0665,0.0725
20:09:01.591,1790255341.591,1611,-10.376,4.577,-0.287,1.575,0.00558,-0.01421,1.00272,-0.00362,0.00186,-0.00312,0.03015,-0.0053,0.97222,-0.02938,0.06986,-0.00177,0.99999,-0.0039,-0.00266,-0.00129,0.99486,0.03179,-0.09471,0.01662,33.19,34.4,0.0779,0.0595
20:09:01.611,1790255341.6112,1612,-9.963,4.613,-0.294,1.577,0.01233,-0.01223,0.99193,-0.00363,0.00188,0.00059,0.00738,0.00674,0.99246,-0.03234,0.07251,-0.00275,0.99998,-0.00474,-0.0039,-0.00128,0.9951,0.03121,-0.09234,0.01662,33.19,34.4,0.0741,0.0744
20:09:01.631,1790255341.6316,1613,-9.591,4.451,-0.3,1.579,0.01385,-0.00227,0.97548,-0.00029,0.00201,-0.00086,0.01989,0.02888,1.01773,-0.0411,0.08229,-0.00531,0.99998,-0.00381,-0.00472,-0.0013,0.99533,0.03071,-0.08996,0.01656,33.19,34.4,0.0617,0.0662
20:09:01.651,1790255341.6518,1614,-9.322,4.24,-0.306,1.581,0.00457,0.01512,0.95934,0.00201,0.00276,-0.0008,0.00356,0.00012,1.00078,-0.04911,0.07874,-0.00011,0.99999,-0.00281,-0.0045,-0.00131,0.99558,0.02987,-0.08744,0.01657,33.18,34.4,0.0496,0.0794
20:09:01.672,1790255341.6723,1615,-9.196,4.065,-0.312,1.582,-0.00522,0.00279,0.99567,-0.0032,-0.00018,0.0007,0.00806,-0.00909,1.00611,-0.0313,0.07487,0.00093,0.99999,-0.00204,-0.00315,-0.0013,0.99581,0.02916,-0.08503,0.01661,33.18,34.4,0.0768,0.0754
20:09:01.693,1790255341.6929,1616,-9.027,3.936,-0.318,1.584,-0.00732,0.00081,0.97745,-0.00146,0.0014,-0.00394,0.00102,0.01381,0.99803,-0.04441,0.08771,-0.0001,1.0,-0.00162,-0.00192,-0.00134,0.99606,0.02848,-0.08234,0.01661,33.18,34.4,0.0631,0.0786
20:09:01.713,1790255341.7131,1617,-8.738,3.668,-0.324,1.585,0.00265,0.0102,0.99807,-0.00141,0.00057,0.00476,-0.00708,0.01457,1.00136,-0.05613,0.08129,-0.00514,1.0,-5e-05,-0.00178,-0.0013,0.99629,0.02771,-0.07975,0.01655,33.18,34.4,0.0786,0.0789
20:09:01.733,1790255341.7333,1618,-8.562,3.647,-0.33,1.587,-0.01638,-0.01125,0.98045,-0.00111,0.00127,0.00342,-0.02015,0.00493,1.00502,-0.05824,0.10083,0.00212,1.0,-0.00071,-0.00061,-0.00126,0.99653,0.02689,-0.07704,0.01657,33.18,34.4,0.0655,0.0761
20:09:01.753,1790255341.7538,1619,-8.286,3.723,-0.335,1.588,-0.00067,-0.01193,0.99712,0.00159,0.00311,-0.0,-0.01922,-0.01167,0.99902,-0.05096,0.09836,0.00125,1.0,-0.00226,-0.0003,-0.00126,0.99676,0.02597,-0.0743,0.0166,33.18,34.4,0.0779,0.0795
20:09:01.774,1790255341.7739,1620,-7.823,3.509,-0.34,1.59,0.0115,0.00205,0.99936,-0.0019,3e-05,-0.00236,-0.01239,-0.01774,1.0019,-0.0659,0.0949,0.0009,1.0,-0.00146,-0.00168,-0.00129,0.99698,0.02486,-0.07167,0.01662,33.18,34.4,0.0796,0.0784
20:09:01.794,1790255341.7945,1621,-7.644,3.286,-0.345,1.591,-0.00637,0.00461,1.00693,-0.0029,-0.00185,-0.0016,-0.01821,-0.00887,0.99723,-0.06218,0.09519,0.00091,1.0,-0.00055,-0.00048,-0.00131,0.9972,0.02385,-0.06896,0.01663,33.18,34.4,0.0748,0.0781
20:09:01.815,1790255341.815,1622,-7.458,3.049,-0.35,1.592,-0.00637,0.0053,0.99506,2e-05,-0.00069,0.0005,-0.01925,-0.00771,1.00565,-0.06562,0.10351,0.00387,1.0,0.00048,0.0007,-0.00131,0.9974,0.02284,-0.06621,0.01668,33.18,34.4,0.0763,0.0756
20:09:01.835,1790255341.8353,1623,-7.163,3.108,-0.355,1.593,-0.00109,-0.01534,0.98694,0.00086,-0.00166,0.00064,-0.02157,0.00126,1.00982,-0.07023,0.0912,-0.003,1.0,-0.00093,0.00066,-0.0013,0.99759,0.02191,-0.06366,0.01664,33.18,34.4,0.0703,0.0725
20:09:01.855,1790255341.8554,1624,-6.874,2.854,-0.359,1.594,-0.00149,0.00186,0.98268,-0.00324,0.004,0.00044,-0.0154,0.0019,0.9853,-0.06955,0.10051,0.00072,1.0,0.00038,0.00077,-0.00129,0.99777,0.02099,-0.06108,0.01664,33.18,34.4,0.067,0.0691
20:09:01.875,1790255341.8756,1625,-6.722,2.773,-0.363,1.594,-0.01151,-0.00278,0.99497,0.00151,0.00065,-0.00014,-0.00309,-0.00293,0.99845,-0.0834,0.10431,0.00123,1.0,-0.00013,0.00222,-0.0013,0.99796,0.01979,-0.05831,0.01664,33.18,34.4,0.0763,0.0788
20:09:01.896,1790255341.8961,1626,-6.237,2.743,-0.367,1.595,0.01009,-0.00768,0.9916,-0.00294,-0.00136,0.00225,-0.02242,0.00874,1.00133,-0.08633,0.10533,0.00276,1.0,-0.00085,0.00086,-0.00127,0.99815,0.01873,-0.05543,0.01665,33.18,34.4,0.0738,0.0788
20:09:01.916,1790255341.9165,1627,-5.76,2.502,-0.371,1.596,0.00572,0.00416,0.99973,0.00452,0.00061,8e-05,-0.03949,-0.00695,0.99101,-0.08407,0.11294,0.00231,1.0,0.0002,-0.00042,-0.00127,0.99832,0.01761,-0.0526,0.01666,33.18,34.4,0.0798,0.0739
20:09:01.937,1790255341.9371,1628,-5.42,2.179,-0.374,1.596,0.00104,0.00819,1.00177,-0.00018,0.00083,-0.00221,-0.03211,-0.01533,1.00473,-0.08444,0.11244,-0.00052,1.0,0.00182,-0.00046,-0.0013,0.99849,0.01637,-0.04975,0.01665,33.18,34.4,0.0786,0.076
20:09:01.957,1790255341.9577,1629,-5.131,1.891,-0.378,1.596,-0.00076,0.00992,0.99177,0.00417,-0.00234,0.00078,-0.04543,0.0026,1.00816,-0.08659,0.10737,-0.00329,0.99999,0.00333,-0.0001,-0.00129,0.99864,0.01535,-0.04693,0.0166,33.18,34.4,0.0739,0.0731
20:09:01.978,1790255341.9781,1630,-4.754,1.906,-0.381,1.597,0.00684,-0.0123,0.97856,0.0008,-0.00166,-0.0014,-0.04349,-0.00767,1.00107,-0.08653,0.10731,0.00075,1.0,0.00211,-0.00055,-0.0013,0.99879,0.01421,-0.04407,0.0166,33.18,34.4,0.064,0.0785
20:09:01.998,1790255341.9984,1631,-4.361,1.66,-0.383,1.597,0.00445,0.01019,0.96811,-0.00103,0.00083,-0.00159,-0.05303,-0.00551,0.99662,-0.0995,0.10267,0.00093,0.99999,0.00309,-0.0011,-0.00132,0.99893,0.01299,-0.04125,0.01659,33.18,34.4,0.0561,0.0785
20:09:02.018,1790255342.0188,1632,-4.102,1.628,-0.386,1.597,-0.00831,-0.01352,0.9678,-0.00203,0.00212,-0.00253,-0.05037,-0.03059,1.00715,-0.08906,0.12049,0.00131,1.0,0.00206,-0.00054,-0.00135,0.99906,0.01166,-0.03842,0.0166,33.18,34.4,0.0559,0.0733
20:09:02.039,1790255342.0393,1633,-3.64,1.54,-0.388,1.597,0.01386,0.00221,0.9806,0.00215,0.00071,0.00067,-0.05839,0.00501,1.0199,-0.09894,0.11233,0.00168,1.0,0.00189,-0.00187,-0.00134,0.99917,0.01063,-0.03573,0.0166,33.18,34.4,0.0655,0.0638
20:09:02.060,1790255342.06,1634,-3.461,1.444,-0.39,1.597,-0.01427,-0.00195,0.98679,0.00167,0.00012,-0.0015,-0.07526,-0.01276,0.99346,-0.10263,0.11147,0.00188,1.0,0.00147,-0.00049,-0.00135,0.99928,0.00937,-0.03279,0.0166,33.18,34.4,0.0702,0.0773
20:09:02.080,1790255342.0801,1635,-3.307,1.373,-0.392,1.596,-0.01506,-0.00428,0.98995,0.0021,-0.00144,0.00085,-0.07195,-0.01586,0.98032,-0.10107,0.11055,0.00108,1.0,0.00089,0.00083,-0.00135,0.99937,0.00818,-0.03013,0.0166,33.18,34.4,0.0726,0.0673
20:09:02.100,1790255342.1003,1636,-3.019,1.11,-0.394,1.596,-0.00866,0.01772,0.98858,0.00103,-0.00066,-0.00088,-0.06985,0.00647,0.99244,-0.10246,0.12529,0.00203,1.0,0.00222,0.00141,-0.00135,0.99947,0.00719,-0.0271,0.0166,33.18,34.4,0.0716,0.0762
20:09:02.121,1790255342.1209,1637,-2.688,1.135,-0.395,1.596,-0.00301,-0.01392,0.97853,0.0008,-0.00152,0.00183,-0.08054,-0.00388,1.00811,-0.1067,0.11852,-0.0004,1.0,0.00091,0.00141,-0.00133,0.99955,0.00605,-0.02418,0.01658,33.18,34.4,0.064,0.0715
20:09:02.141,1790255342.1411,1638,-2.496,0.99,-0.397,1.595,-0.01572,0.00274,0.98428,-0.00472,0.00047,0.00107,-0.08948,-0.00853,0.99507,-0.11158,0.12037,-0.00151,0.99999,0.00096,0.00279,-0.00132,0.99963,0.00484,-0.02116,0.01655,33.18,34.4,0.0683,0.0793
20:09:02.161,1790255342.1613,1639,-2.003,0.811,-0.398,1.595,0.01048,0.00466,1.00294,-0.0005,-0.00015,0.00065,-0.0675,-0.02007,0.98887,-0.11629,0.1062,0.00136,1.0,0.00122,0.00124,-0.00132,0.99969,0.00344,-0.01843,0.01656,33.18,34.4,0.0777,0.0735
20:09:02.182,1790255342.1818,1640,-1.826,0.674,-0.399,1.594,-0.00605,0.00212,0.98375,-0.00014,-0.00082,0.00241,-0.09675,-0.01899,0.97816,-0.11676,0.12761,-0.00043,1.0,0.00111,0.00262,-0.00129,0.99974,0.00214,-0.01553,0.01654,33.18,34.4,0.0678,0.0673
20:09:02.202,1790255342.2024,1641,-1.673,0.522,-0.4,1.593,-0.0164,0.0044,0.99742,-0.00138,-0.00298,0.00149,-0.08249,-0.00271,1.0126,-0.10573,0.11763,-0.00114,0.99999,0.00141,0.00417,-0.00128,0.99978,0.00111,-0.01267,0.01652,33.18,34.4,0.0782,0.068
20:09:02.223,1790255342.223,1642,-1.278,0.244,-0.4,1.593,-0.00305,0.01535,0.99171,0.00236,0.00132,0.00255,-0.09193,0.00475,1.0151,-0.12139,0.11908,-0.00076,0.99999,0.00283,0.0036,-0.00125,0.99982,5e-05,-0.00986,0.0165,33.18,34.4,0.0739,0.0656
20:09:02.243,1790255342.2434,1643,-0.949,-0.056,-0.401,1.591,-0.00788,0.01175,1.00115,-0.00341,0.00379,-0.00048,-0.10452,0.00175,0.99084,-0.1243,0.11777,-0.00601,0.99998,0.0044,0.00381,-0.00125,0.99984,-0.00104,-0.00685,0.01643,33.18,34.4,0.0791,0.0773
20:09:02.264,1790255342.2639,1644,-0.445,-0.138,-0.401,1.59,-0.00224,0.00668,0.97626,0.00039,0.00161,-0.00081,-0.08632,-0.00354,0.994,-0.13409,0.13185,-0.00154,0.99999,0.00396,0.00261,-0.00124,0.99986,-0.00229,-0.00366,0.01641,33.18,34.4,0.0622,0.0783
20:09:02.284,1790255342.2841,1645,-0.263,-0.23,-0.401,1.589,-0.00944,0.00669,1.01315,-0.00217,-0.00152,-0.00202,-0.09188,-0.00957,1.00813,-0.13175,0.12394,0.00109,0.99999,0.00351,0.00395,-0.00127,0.99986,-0.00355,-0.00074,0.01642,33.18,34.4,0.0701,0.0707
20:09:02.304,1790255342.3047,1646,0.189,-0.232,-0.4,1.588,-0.00171,9e-05,1.00487,0.00052,-0.00137,0.00016,-0.09102,-0.01027,0.9861,-0.13339,0.11513,-0.00154,0.99999,0.00233,0.0029,-0.00127,0.99985,-0.00483,0.00218,0.01641,33.18,34.4,0.0763,0.0728
20:09:02.325,1790255342.3252,1647,0.537,-0.23,-0.399,1.587,-0.00382,-0.02313,0.98509,0.00099,0.00352,-0.00056,-0.11511,-0.02377,0.98913,-0.13482,0.11782,0.00306,0.99999,0.00093,0.00284,-0.00128,0.99983,-0.00627,0.00519,0.01645,33.18,34.4,0.069,0.0771
20:09:02.345,1790255342.3457,1648,1.01,-0.27,-0.399,1.585,0.01751,-0.01799,0.99706,0.00038,0.00039,0.0006,-0.09151,-0.0216,1.00157,-0.14191,0.11469,0.003,1.0,-0.00011,0.00163,-0.00128,0.9998,-0.00774,0.00812,0.01649,33.18,34.4,0.078,0.0755
20:09:02.366,1790255342.3663,1649,1.293,-0.545,-0.397,1.584,-0.01068,0.01864,0.98201,-0.00186,-0.00223,0.00069,-0.10913,-0.01101,1.01209,-0.13457,0.12341,0.00356,1.0,0.00115,0.00211,-0.00127,0.99976,-0.00891,0.011,0.01653,33.18,34.4,0.0667,0.0665
20:09:02.386,1790255342.3866,1650,1.736,-0.552,-0.396,1.583,0.00392,-0.00465,0.97193,-0.00168,-0.00015,-0.00022,-0.11396,0.00028,0.99009,-0.13456,0.11784,-0.00391,1.0,0.00037,0.0012,-0.00127,0.99972,-0.00984,0.01397,0.01651,33.18,34.4,0.059,0.0775
20:09:02.406,1790255342.4068,1651,2.238,-0.68,-0.394,1.581,-0.00153,0.00079,0.9949,-0.00309,-0.00217,-0.00112,-0.13234,-0.0058,1.00662,-0.14666,0.11821,-0.00096,1.0,0.00044,-0.00036,-0.00129,0.99966,-0.01099,0.01678,0.01653,33.18,34.4,0.0762,0.0685
20:09:02.427,1790255342.427,1652,2.482,-0.953,-0.392,1.579,-0.00147,0.00393,0.9895,-0.00145,0.00082,0.00161,-0.1161,-0.01838,0.99889,-0.14173,0.11489,0.00083,1.0,0.00161,0.00049,-0.00127,0.99959,-0.01222,0.01969,0.01656,33.18,34.4,0.0721,0.0757
20:09:02.447,1790255342.4476,1653,2.933,-1.211,-0.39,1.578,0.00752,0.01386,0.99202,-0.00396,-0.00175,-0.00311,-0.13915,-0.01502,0.9991,-0.14211,0.11257,-0.00011,1.0,0.00276,-0.00048,-0.0013,0.99952,-0.0134,0.02259,0.01659,33.18,34.4,0.0741,0.0734
20:09:02.468,1790255342.4678,1654,3.114,-1.405,-0.388,1.576,-0.00402,0.00811,0.98704,-0.00126,-0.0018,-0.00326,-0.11363,-0.01048,0.97341,-0.14395,0.12364,-0.00066,0.99999,0.00342,0.00075,-0.00134,0.99944,-0.01443,0.02537,0.01662,33.18,34.4,0.0703,0.0651
20:09:02.488,1790255342.4883,1655,3.306,-1.421,-0.385,1.574,-0.01919,-0.00571,0.98205,-0.0004,-7e-05,0.00015,-0.13576,-0.00735,0.9788,-0.13829,0.11244,0.00113,0.99999,0.00264,0.00187,-0.00134,0.99935,-0.01536,0.02816,0.01667,33.18,34.4,0.0667,0.0712
20:09:02.509,1790255342.5089,1656,3.722,-1.347,-0.383,1.572,0.00795,-0.00655,0.99423,0.00134,-0.00032,0.0011,-0.13002,0.01494,0.97874,-0.14036,0.10411,0.00027,1.0,0.00153,0.00077,-0.00134,0.99926,-0.01591,0.03073,0.01673,33.18,34.4,0.0757,0.0706
20:09:02.529,1790255342.5293,1657,4.024,-1.65,-0.38,1.569,-0.00294,0.0111,0.9956,-0.00039,-0.0,-0.00143,-0.16035,-0.01617,0.99323,-0.14733,0.10489,-0.00352,0.99999,0.00307,0.00104,-0.00134,0.99915,-0.01704,0.03356,0.01675,33.18,34.4,0.0767,0.0753
20:09:02.549,1790255342.5496,1658,4.216,-1.64,-0.377,1.567,-0.01195,-0.00222,0.9703,0.00053,-0.00467,-0.00309,-0.1212,-0.00569,0.9752,-0.13838,0.10654,0.00177,0.99999,0.00233,0.00189,-0.00137,0.99905,-0.0177,0.03611,0.01683,33.18,34.4,0.0578,0.067
20:09:02.570,1790255342.5703,1659,4.679,-1.827,-0.373,1.565,-0.00043,0.00678,0.9814,0.00303,-0.00277,-0.00012,-0.1562,-0.01434,0.9933,-0.13992,0.10383,0.00267,0.99999,0.00312,0.00073,-0.00137,0.99892,-0.01863,0.03893,0.01692,33.18,34.4,0.0661,0.0758
20:09:02.590,1790255342.5906,1660,4.852,-1.954,-0.37,1.563,-0.01774,0.00541,1.01788,-0.00083,0.00043,-0.00088,-0.1472,-0.03011,0.9869,-0.14237,0.10027,0.00138,0.99999,0.00304,0.00208,-0.00138,0.99879,-0.0198,0.04178,0.01699,33.18,34.4,0.0665,0.0787
20:09:02.611,1790255342.6112,1661,5.009,-2.065,-0.366,1.56,-0.03904,0.00608,0.98785,0.00048,0.0038,-0.00058,-0.13654,-0.02143,0.9855,-0.15183,0.10889,0.00014,0.99999,0.00305,0.0036,-0.00139,0.99864,-0.02076,0.04464,0.01707,33.18,34.4,0.0715,0.0764
20:09:02.632,1790255342.6319,1662,5.259,-2.013,-0.363,1.558,-0.00907,-0.00017,0.97984,0.00174,-0.00308,-0.00176,-0.16371,-0.01251,0.99949,-0.1458,0.09647,-0.00097,0.99999,0.00179,0.00398,-0.00141,0.9985,-0.02159,0.04723,0.01715,33.18,34.4,0.0649,0.0703
20:09:02.652,1790255342.6523,1663,5.559,-1.954,-0.359,1.556,-0.00769,0.00237,0.9688,0.00059,0.00097,0.00015,-0.15459,-0.00755,0.97982,-0.15243,0.10356,-0.00319,0.99999,0.00064,0.00395,-0.00142,0.99836,-0.02227,0.04985,0.01722,33.18,34.4,0.0566,0.074
20:09:02.672,1790255342.6725,1664,5.668,-1.981,-0.355,1.553,-0.01156,0.00068,0.99649,-0.00382,0.00063,0.00049,-0.14629,-0.01357,0.9986,-0.14418,0.10185,-0.00581,0.99998,0.00035,0.00549,-0.00141,0.99822,-0.02278,0.05234,0.01726,33.17,34.4,0.0774,0.073
20:09:02.692,1790255342.6927,1665,5.988,-2.262,-0.35,1.551,-0.01077,0.00425,0.9992,0.00086,0.00112,-0.00072,-0.16396,-0.02188,0.99129,-0.15498,0.09226,0.00063,0.99998,0.00196,0.0054,-0.0014,0.99806,-0.02366,0.05495,0.01738,33.17,34.4,0.0794,0.0763
20:09:02.713,1790255342.7129,1666,6.149,-2.147,-0.346,1.548,-0.01304,-0.00044,0.99392,4e-05,0.0001,-0.00204,-0.16319,0.001,0.99736,-0.14699,0.08295,0.00182,0.99998,0.00062,0.00611,-0.00143,0.99792,-0.02402,0.05711,0.01752,33.17,34.4,0.0755,0.072
20:09:02.733,1790255342.7333,1667,6.543,-2.316,-0.342,1.546,0.00055,0.01428,1.00542,0.00187,0.0014,-0.00091,-0.17637,-0.00073,0.99023,-0.14686,0.08224,-0.00353,0.99998,0.00173,0.00504,-0.00143,0.99778,-0.02445,0.05943,0.01762,33.17,34.4,0.0759,0.0756
20:09:02.753,1790255342.7536,1668,6.763,-2.179,-0.337,1.543,-0.01087,-0.00854,0.98308,0.00072,0.00387,0.00047,-0.17064,0.01457,0.97957,-0.14988,0.08421,-0.00132,0.99999,0.00037,0.00519,-0.00144,0.99764,-0.02465,0.06154,0.01775,33.17,34.4,0.0674,0.0758
20:09:02.774,1790255342.7739,1669,6.878,-2.281,-0.332,1.541,-0.01853,0.00408,0.99137,0.00228,-0.001,-0.00043,-0.17846,0.00077,0.98141,-0.14442,0.08854,-0.00036,0.99998,0.00096,0.00656,-0.00144,0.99749,-0.02494,0.06389,0.0179,33.17,34.4,0.0737,0.0781
20:09:02.794,1790255342.7945,1670,7.096,-2.464,-0.327,1.538,-0.01779,0.02288,0.98574,0.00107,-0.00242,0.00117,-0.1896,0.00711,0.98982,-0.13498,0.07365,-0.00399,0.99997,0.00236,0.00685,-0.00142,0.99734,-0.02515,0.06602,0.018,33.17,34.4,0.0696,0.0741
20:09:02.815,1790255342.8148,1671,7.222,-2.615,-0.322,1.536,-0.01582,0.00781,0.98951,0.00095,-0.00175,0.00311,-0.15685,-0.01525,0.9805,-0.14384,0.06766,0.00279,0.99996,0.00357,0.00769,-0.00138,0.99721,-0.02526,0.0679,0.01819,33.17,34.4,0.0723,0.0748
20:09:02.835,1790255342.8352,1672,7.665,-2.781,-0.317,1.533,-0.01222,0.00895,0.99813,-0.00251,-0.00022,-0.00015,-0.17727,-0.02983,0.98389,-0.15246,0.06997,0.0026,0.99997,0.00435,0.0063,-0.00137,0.99702,-0.02601,0.07033,0.01837,33.17,34.4,0.0787,0.0799
20:09:02.855,1790255342.8557,1673,7.911,-2.669,-0.312,1.53,-0.01385,-0.00222,1.0055,-0.0012,-0.00169,0.00088,-0.19294,-0.02013,0.97507,-0.14674,0.07161,-0.00606,0.99997,0.00279,0.00645,-0.00137,0.99683,-0.02664,0.07266,0.01846,33.17,34.4,0.0758,0.0756
20:09:02.876,1790255342.8763,1674,8.15,-2.591,-0.306,1.527,-0.01377,-0.01824,0.98974,0.00335,0.00154,-0.00058,-0.18591,-0.03051,0.99877,-0.15942,0.07221,0.00262,0.99998,0.00133,0.00653,-0.00139,0.99664,-0.02746,0.07485,0.01865,33.17,34.4,0.0725,0.0677
20:09:02.896,1790255342.8968,1675,8.468,-2.46,-0.3,1.525,-0.01011,-0.00345,0.99739,8e-05,0.00196,-0.00026,-0.1794,-0.02497,0.98033,-0.15679,0.06796,0.00258,0.99998,-0.00011,0.00584,-0.0014,0.99647,-0.02785,0.07698,0.01887,33.17,34.4,0.0781,0.0777
20:09:02.917,1790255342.917,1676,8.84,-2.473,-0.294,1.522,-0.00212,-0.00055,0.97727,-0.00112,-0.00125,0.00094,-0.19933,-0.01354,0.98374,-0.1426,0.05282,0.00104,0.99999,-0.00017,0.00455,-0.00139,0.9963,-0.02811,0.07893,0.01906,33.17,34.4,0.063,0.0771
20:09:02.937,1790255342.9375,1677,9.247,-2.448,-0.288,1.519,-0.00698,-0.001,1.00465,0.00285,-3e-05,0.00152,-0.18823,-0.0278,0.98457,-0.14557,0.05878,0.00111,0.99999,-0.00059,0.00305,-0.00138,0.99612,-0.02841,0.08098,0.01927,33.17,34.4,0.0765,0.0779
20:09:02.957,1790255342.9577,1678,9.252,-2.472,-0.282,1.517,-0.0199,0.00167,0.98237,-0.00111,0.00011,0.00215,-0.17369,-0.02185,0.9736,-0.14336,0.05282,0.00351,0.99999,-0.00033,0.00438,-0.00135,0.99601,-0.02835,0.08234,0.01951,33.17,34.4,0.0669,0.0719
20:09:02.978,1790255342.9783,1679,9.504,-2.569,-0.276,1.514,-0.0043,0.00423,0.96884,0.0007,0.00029,-0.00076,-0.1826,-0.02688,0.99877,-0.13768,0.04542,0.00103,0.99999,0.00055,0.00362,-0.00135,0.99589,-0.02837,0.08373,0.01972,33.17,34.4,0.0566,0.0682
20:09:02.998,1790255342.9988,1680,9.571,-2.678,-0.269,1.511,-0.01643,0.00518,0.98673,0.00254,-0.00218,-0.00248,-0.1996,-0.02635,0.97071,-0.13776,0.04005,0.00443,0.99999,0.00116,0.00491,-0.00137,0.99572,-0.0287,0.08557,0.01996,33.17,34.4,0.0702,0.0735
20:09:03.019,1790255343.0191,1681,9.722,-2.605,-0.263,1.509,-0.01373,-0.00638,0.97284,0.00035,0.00119,-0.00164,-0.20769,-0.0339,0.99128,-0.13395,0.04169,-0.00089,0.99998,7e-05,0.00544,-0.00138,0.99554,-0.02918,0.08744,0.02013,33.17,34.4,0.0597,0.07
20:09:03.039,1790255343.0392,1682,9.716,-2.517,-0.256,1.506,-0.02304,-0.00943,1.00858,0.00029,-0.00123,0.00284,-0.2026,-0.00711,1.00587,-0.14095,0.03534,0.0022,0.99998,-0.00085,0.00658,-0.00135,0.99543,-0.02933,0.08856,0.02035,33.17,34.4,0.0733,0.0604
20:09:03.060,1790255343.0599,1683,10.035,-2.457,-0.249,1.504,-0.0093,-0.00277,0.9848,-0.0005,-0.0026,0.00044,-0.20497,-0.01327,0.98132,-0.14614,0.02588,0.0007,0.99998,-0.00126,0.0052,-0.00135,0.9953,-0.02932,0.08997,0.02061,33.17,34.4,0.0686,0.0781
20:09:03.080,1790255343.08,1684,10.171,-2.286,-0.243,1.501,-0.01087,-0.00713,0.98425,0.00082,-0.00154,0.00043,-0.21355,-0.00334,0.98236,-0.13723,0.03519,0.0003,0.99998,-0.00262,0.00539,-0.00136,0.99517,-0.02925,0.09139,0.02084,33.17,34.4,0.0682,0.076
20:09:03.100,1790255343.1001,1685,10.373,-2.428,-0.236,1.498,-0.00907,0.00283,0.98837,-0.00301,0.00187,0.00324,-0.20199,-0.02667,0.98113,-0.13522,0.03015,-0.00035,0.99999,-0.00125,0.00513,-0.00132,0.99503,-0.02914,0.09282,0.02108,33.17,34.4,0.0713,0.0785
20:09:03.120,1790255343.1204,1686,10.462,-2.609,-0.229,1.496,-0.01711,0.01022,1.00033,0.00054,-0.00031,-0.0003,-0.22566,-0.01318,0.99189,-0.13063,0.03179,0.00141,0.99998,0.00018,0.00589,-0.00131,0.99489,-0.02929,0.09429,0.0213,33.17,34.4,0.0796,0.067
20:09:03.141,1790255343.141,1687,10.467,-2.587,-0.222,1.493,-0.0221,-0.00133,0.98939,-0.00263,-0.00034,-0.00054,-0.23587,0.00141,0.96479,-0.1323,0.02279,0.00058,0.99997,-8e-05,0.00735,-0.00132,0.99474,-0.02935,0.0958,0.02154,33.17,34.4,0.0722,0.0749
20:09:03.161,1790255343.1612,1688,10.796,-2.5,-0.215,1.491,-0.00075,-0.00654,0.99423,-0.00061,0.00196,-0.00108,-0.22763,-0.01412,0.97715,-0.13153,0.0218,0.00145,0.99998,-0.00073,0.00597,-0.00134,0.99458,-0.02935,0.0973,0.02179,33.17,34.4,0.0757,0.0774
20:09:03.181,1790255343.1817,1689,10.8,-2.479,-0.207,1.488,-0.02153,-0.00384,0.9859,-0.00255,-0.00253,0.00132,-0.21534,-0.0285,0.96126,-0.13209,0.01738,-0.00289,0.99997,-0.0011,0.00733,-0.00132,0.99444,-0.02952,0.0987,0.02199,33.17,34.4,0.0696,0.0691
20:09:03.202,1790255343.2023,1690,10.985,-2.639,-0.2,1.485,-0.01114,0.01718,0.99212,0.00236,0.0021,-0.0023,-0.21727,-0.02383,0.97071,-0.13051,0.01367,-0.00056,0.99997,0.00044,0.00708,-0.00134,0.9943,-0.02941,0.09999,0.02224,33.17,34.4,0.0742,0.0763
20:09:03.223,1790255343.2227,1691,11.169,-2.476,-0.193,1.483,-0.01129,-0.00914,0.9809,0.00124,0.00136,0.00035,-0.22518,-0.02418,0.96888,-0.12496,0.00293,-0.00231,0.99998,-0.00086,0.00674,-0.00135,0.99417,-0.02937,0.10131,0.02246,33.17,34.4,0.0658,0.0762
20:09:03.243,1790255343.2434,1692,11.452,-2.53,-0.185,1.48,0.00108,0.0067,0.98827,-0.00237,0.00042,0.00346,-0.21739,-0.0337,0.98037,-0.12847,0.00181,0.00349,0.99998,-0.00015,0.00547,-0.00131,0.99405,-0.02922,0.10247,0.02276,33.17,34.4,0.0712,0.0764
20:09:03.264,1790255343.264,1693,11.748,-2.64,-0.178,1.477,-0.00572,0.00297,0.98022,0.00218,0.00341,-0.00076,-0.22977,-0.03714,0.9838,-0.12827,0.00163,2e-05,0.99999,0.0006,0.00438,-0.00131,0.99388,-0.02951,0.10391,0.02299,33.17,34.4,0.0652,0.0718
20:09:03.284,1790255343.2841,1694,11.763,-2.493,-0.17,1.475,-0.01269,-0.00859,0.98012,0.00378,-0.00104,0.00097,-0.23047,-0.01739,0.99801,-0.12137,-0.0101,-0.00279,0.99999,-0.00057,0.00488,-0.00131,0.99381,-0.02944,0.10459,0.02319,33.17,34.4,0.0652,0.0617
20:09:03.304,1790255343.3045,1695,11.74,-2.338,-0.162,1.472,-0.02087,-0.01265,0.99767,0.0003,-0.00107,-0.00142,-0.23197,-0.00776,0.96201,-0.12297,-0.00159,-0.00097,0.99998,-0.00172,0.00599,-0.00131,0.99371,-0.02924,0.10554,0.02344,33.17,34.41,0.0785,0.0722
20:09:03.324,1790255343.3247,1696,11.651,-2.23,-0.155,1.47,-0.03107,-0.01087,0.98064,-6e-05,0.00041,-0.00207,-0.22057,-0.01221,0.97833,-0.12435,-0.01,0.00307,0.99997,-0.0022,0.00724,-0.00133,0.99366,-0.02878,0.10604,0.02376,33.17,34.41,0.0659,0.0778
20:09:03.345,1790255343.3451,1697,11.915,-2.274,-0.147,1.468,-0.00362,0.00249,1.01429,0.00089,-0.00084,0.00122,-0.24547,-0.00114,0.96069,-0.10981,-0.00681,0.00264,0.99998,-0.00144,0.00604,-0.00133,0.99355,-0.02851,0.1071,0.02403,33.17,34.41,0.0693,0.0737
20:09:03.365,1790255343.3655,1698,11.887,-2.177,-0.139,1.465,-0.01417,-0.00387,0.97773,-0.00236,-0.00246,-0.00117,-0.22821,-0.03321,0.97919,-0.11099,-0.01959,0.00366,0.99997,-0.00198,0.00719,-0.00134,0.99345,-0.02821,0.10803,0.02432,33.17,34.41,0.0634,0.0755
20:09:03.385,1790255343.3858,1699,12.065,-2.305,-0.131,1.463,-0.00968,0.01125,0.98786,-0.00058,0.00086,-0.00355,-0.25525,-0.00627,0.96887,-0.11083,-0.02268,-0.0022,0.99998,-0.00061,0.00679,-0.00137,0.99333,-0.02799,0.10911,0.02456,33.17,34.41,0.071,0.0785
20:09:03.406,1790255343.4063,1700,12.393,-2.403,-0.123,1.46,0.00332,0.00457,1.00393,0.00146,-0.00556,0.00101,-0.24993,-0.04049,0.97492,-0.10526,-0.03943,0.00479,0.99999,-9e-05,0.00523,-0.00136,0.99317,-0.02844,0.11037,0.02479,33.17,34.41,0.077,0.0746
20:09:03.426,1790255343.4268,1701,12.493,-2.567,-0.115,1.458,-0.00939,0.00648,1.00562,0.00289,0.00333,0.0005,-0.25163,-0.0136,0.99391,-0.10684,-0.03795,-0.00124,0.99999,0.00147,0.005,-0.00134,0.99311,-0.02832,0.11094,0.02501,33.17,34.41,0.0757,0.061
20:09:03.447,1790255343.4469,1702,12.305,-2.516,-0.107,1.455,-0.02482,0.00345,0.99443,3e-05,-0.00193,-0.00037,-0.21808,-0.02595,0.95957,-0.1017,-0.03685,0.002,0.99998,0.00152,0.00651,-0.00135,0.99313,-0.02778,0.11081,0.02529,33.17,34.41,0.0761,0.0683
20:09:03.467,1790255343.4671,1703,12.563,-2.454,-0.099,1.453,-0.00609,0.00313,0.99567,-0.00208,0.00094,0.00317,-0.23837,-0.02401,0.97563,-0.10517,-0.03671,-0.00193,0.99999,0.00153,0.00497,-0.00132,0.99306,-0.02736,0.11152,0.02553,33.17,34.41,0.0768,0.0765
20:09:03.487,1790255343.4877,1704,12.575,-2.393,-0.091,1.45,-0.01339,1e-05,0.97282,0.00014,-0.0009,-0.00087,-0.26731,-0.03233,0.97741,-0.08911,-0.04491,-0.00236,0.99998,0.00077,0.00593,-0.00132,0.99292,-0.02759,0.11261,0.02568,33.17,34.41,0.0597,0.0696
20:09:03.508,1790255343.5081,1705,12.846,-2.299,-0.082,1.448,-0.00074,-0.00582,1.01048,0.00125,-0.0036,0.00146,-0.26808,-0.02852,0.96929,-0.09035,-0.04785,0.00087,0.99999,-3e-05,0.00466,-0.00131,0.99279,-0.02769,0.11373,0.02589,33.17,34.41,0.0721,0.0754
20:09:03.528,1790255343.5286,1706,12.902,-2.194,-0.074,1.445,-0.01774,-0.01294,0.97795,0.00269,-0.00187,0.00224,-0.27268,-0.02892,0.95351,-0.08747,-0.03789,0.00099,0.99998,-0.00109,0.00537,-0.00129,0.99264,-0.02787,0.11497,0.02607,33.17,34.41,0.0636,0.0741
20:09:03.548,1790255343.5488,1707,13.042,-2.416,-0.065,1.443,-0.01203,0.01045,0.99303,0.00027,-0.00024,0.00152,-0.25656,-0.04366,0.96525,-0.08953,-0.0491,0.00481,0.99998,0.00041,0.00553,-0.00128,0.99247,-0.0283,0.11625,0.02628,33.17,34.41,0.0749,0.0798
20:09:03.569,1790255343.569,1708,13.251,-2.317,-0.057,1.441,-0.0102,0.00035,0.98657,0.00025,0.002,-0.00071,-0.25772,-0.02509,0.93517,-0.08463,-0.05141,-0.00082,0.99999,-0.00035,0.00434,-0.00129,0.99238,-0.02832,0.11693,0.02646,33.17,34.41,0.07,0.0578
20:09:03.589,1790255343.5893,1709,13.244,-2.135,-0.048,1.438,-0.02297,-0.01806,0.99201,0.00453,-0.00149,0.00025,-0.2681,-0.01946,0.96144,-0.07398,-0.05201,0.00233,0.99998,-0.00147,0.00529,-0.00129,0.99228,-0.02788,0.11787,0.0267,33.17,34.41,0.0743,0.0787
20:09:03.609,1790255343.6096,1710,13.032,-1.943,-0.04,1.436,-0.02537,-0.01184,1.01117,-0.00033,0.00205,-0.00335,-0.23225,-0.01307,0.97741,-0.07869,-0.061,-0.00058,0.99998,-0.00222,0.00655,-0.00133,0.99236,-0.02695,0.11734,0.02696,33.17,34.41,0.0713,0.0765
20:09:03.630,1790255343.6301,1711,13.246,-1.917,-0.032,1.434,-0.00325,0.00069,0.99011,-0.00215,0.00017,0.00104,-0.25503,-0.0134,0.96388,-0.07191,-0.06104,0.00261,0.99998,-0.00155,0.00523,-0.00131,0.99231,-0.02617,0.11786,0.02724,33.17,34.41,0.0726,0.0779
20:09:03.650,1790255343.6503,1712,13.02,-1.85,-0.023,1.432,-0.02276,0.00162,0.98065,-0.00042,9e-05,0.00219,-0.23104,-0.0257,0.9709,-0.06422,-0.06834,-0.00533,0.99998,-0.00109,0.00647,-0.00129,0.99242,-0.02507,0.11714,0.02743,33.17,34.41,0.0657,0.0788
20:09:03.671,1790255343.6708,1713,13.174,-1.882,-0.015,1.43,-0.00607,0.00537,0.97972,0.00235,0.00124,0.00086,-0.25174,-0.02208,0.97796,-0.06821,-0.06924,-0.00119,0.99998,-7e-05,0.0056,-0.00127,0.99238,-0.0244,0.11758,0.02764,33.17,34.41,0.0648,0.0724
20:09:03.691,1790255343.6914,1714,13.084,-1.77,-0.006,1.428,-0.02705,-0.00821,0.99668,-0.00138,-0.00068,-0.00186,-0.26296,-0.02006,0.95141,-0.06734,-0.07543,-0.0018,0.99997,-0.00081,0.00702,-0.0013,0.9923,-0.02413,0.11825,0.02781,33.17,34.41,0.0778,0.0705
20:09:03.712,1790255343.712,1715,13.02,-1.743,0.002,1.426,-0.02506,-0.00952,1.00243,-0.00138,0.00307,-0.0026,-0.24474,-0.04344,0.95071,-0.05542,-0.07225,0.00331,0.99996,-0.00176,0.00835,-0.00133,0.99219,-0.02481,0.11905,0.02789,33.16,34.41,0.0779,0.067
20:09:03.732,1790255343.7323,1716,13.082,-1.473,0.01,1.424,-0.01088,-0.01122,0.99035,-0.00074,-0.00225,-0.00144,-0.23627,-0.03436,0.95809,-0.05457,-0.08262,-0.00498,0.99997,-0.00297,0.00745,-0.00135,0.99224,-0.02377,0.1188,0.02807,33.16,34.41,0.0729,0.0705
20:09:03.752,1790255343.7528,1717,13.158,-1.546,0.019,1.422,-0.01362,0.00577,0.98633,-0.00117,0.00074,-0.0009,-0.25372,-0.01869,0.96225,-0.05907,-0.07993,0.00081,0.99997,-0.00154,0.00732,-0.00134,0.99219,-0.02302,0.11926,0.0283,33.16,34.41,0.0698,0.0765
20:09:03.773,1790255343.773,1718,13.372,-1.439,0.027,1.42,-0.01035,-0.00585,0.98237,0.00045,-0.00408,-0.00028,-0.26425,-0.03144,0.95715,-0.04826,-0.09159,0.00174,0.99998,-0.00231,0.00617,-0.00135,0.9921,-0.02297,0.12002,0.02844,33.16,34.41,0.0668,0.0751
20:09:03.793,1790255343.7934,1719,13.602,-1.297,0.036,1.418,-0.00234,-0.00933,0.99574,-0.00262,0.00259,-0.00248,-0.26647,-0.02138,0.95627,-0.0519,-0.08783,-0.00086,0.99998,-0.00301,0.00478,-0.00139,0.99202,-0.02259,0.12068,0.0286,33.16,34.41,0.0768,0.0747
20:09:03.814,1790255343.814,1720,13.622,-1.472,0.044,1.417,-0.0134,0.00565,0.9836,0.00135,8e-05,0.00059,-0.28101,-0.03622,0.98233,-0.04262,-0.09462,0.00393,0.99998,-0.00169,0.00523,-0.00138,0.99195,-0.02276,0.12122,0.02871,33.16,34.41,0.0678,0.0632
20:09:03.834,1790255343.8346,1721,13.657,-1.564,0.053,1.415,-0.01184,0.00181,0.98575,3e-05,-0.00265,0.00059,-0.26852,-0.02001,0.95763,-0.03912,-0.09351,-0.00146,0.99998,-0.00032,0.00561,-0.00137,0.99188,-0.02218,0.12184,0.02886,33.16,34.41,0.0694,0.0761
20:09:03.855,1790255343.8552,1722,13.842,-1.649,0.062,1.413,-0.00401,0.01194,1.00446,-0.00165,-0.00161,-0.00264,-0.2691,-0.02487,0.96566,-0.02768,-0.0934,0.00209,0.99999,0.00103,0.0048,-0.00139,0.9918,-0.02163,0.12257,0.02901,33.16,34.41,0.0766,0.0779
20:09:03.875,1790255343.8755,1723,13.905,-1.443,0.071,1.411,-0.00616,-0.02116,0.98039,-0.00094,0.00302,-0.00301,-0.27745,-0.02111,0.9823,-0.03814,-0.08994,0.00093,0.99999,-0.0003,0.00464,-0.00142,0.99174,-0.02124,0.12305,0.02915,33.16,34.41,0.0655,0.0643
20:09:03.895,1790255343.8957,1724,13.76,-1.381,0.079,1.409,-0.02649,0.00977,0.98448,0.00036,0.00065,-7e-05,-0.25393,-0.01288,0.96932,-0.03704,-0.09252,0.00043,0.99998,0.00041,0.00583,-0.00142,0.99178,-0.01995,0.12296,0.02938,33.16,34.41,0.0687,0.0784
20:09:03.916,1790255343.9162,1725,13.859,-1.19,0.088,1.407,-0.00956,-0.00943,0.98005,-0.00485,0.00123,0.00143,-0.27965,-0.02628,0.9641,-0.02108,-0.10253,-0.00113,0.99998,-0.00095,0.0056,-0.00141,0.99169,-0.01973,0.12368,0.02944,33.16,34.41,0.0651,0.0769
20:09:03.936,1790255343.9367,1726,13.804,-1.052,0.097,1.406,-0.02096,-0.01103,0.98391,-0.00193,0.00438,1e-05,-0.26892,-0.02653,0.96658,-0.02762,-0.10761,-0.00264,0.99997,-0.00192,0.00668,-0.00142,0.99161,-0.01948,0.12433,0.02951,33.16,34.41,0.0681,0.0773
20:09:03.957,1790255343.9571,1727,13.937,-0.867,0.106,1.404,-0.00943,-0.01595,0.9893,0.00108,0.0003,-0.0008,-0.28634,-0.03087,0.96235,-0.00918,-0.09426,0.00487,0.99997,-0.00333,0.00624,-0.00143,0.99151,-0.01938,0.12514,0.02958,33.16,34.41,0.0721,0.0766
20:09:03.977,1790255343.9773,1728,14.033,-0.85,0.114,1.403,-0.00285,0.00388,0.99931,0.00086,0.00283,-0.00104,-0.24957,-0.01962,0.94704,-0.009,-0.11202,0.0016,0.99998,-0.00214,0.00518,-0.00143,0.99156,-0.01812,0.12489,0.02975,33.16,34.41,0.0795,0.0647
20:09:03.998,1790255343.9978,1729,14.178,-0.872,0.123,1.402,-0.00523,0.0029,0.9843,-0.00081,-0.0002,0.00112,-0.27311,-0.00842,0.94913,-0.009,-0.10092,-0.00038,0.99999,-0.00099,0.00438,-0.00143,0.99152,-0.01723,0.12531,0.02987,33.16,34.41,0.0682,0.0708
20:09:04.018,1790255344.018,1730,14.081,-0.988,0.132,1.4,-0.02323,0.00441,0.97991,-0.00137,0.00407,-0.00079,-0.27825,-0.03941,0.97581,0.00048,-0.10847,-0.0022,0.99998,-0.00048,0.00563,-0.00143,0.99147,-0.01762,0.12566,0.02977,33.16,34.41,0.0651,0.0684
20:09:04.038,1790255344.0386,1731,14.185,-0.767,0.141,1.399,-0.00942,-0.01127,0.98505,0.0007,4e-05,0.00059,-0.26532,-0.02515,0.96224,0.00402,-0.10219,0.00075,0.99998,-0.00188,0.0054,-0.00144,0.99138,-0.01719,0.12644,0.02981,33.16,34.41,0.0689,0.0789
20:09:04.059,1790255344.0592,1732,14.09,-0.848,0.15,1.397,-0.01811,-0.00141,0.97925,-0.00135,-0.00109,0.00039,-0.26491,-0.03181,0.94793,-0.0004,-0.11241,0.00111,0.99998,-0.00151,0.00666,-0.00143,0.99132,-0.01743,0.12683,0.02977,33.16,34.41,0.0646,0.0686
20:09:04.079,1790255344.0798,1733,14.151,-0.525,0.159,1.396,-0.00311,-0.01374,0.98637,-0.00253,-0.00298,0.0026,-0.26045,-0.01152,0.97505,-0.00011,-0.11466,-0.00248,0.99998,-0.00259,0.00565,-0.00141,0.99139,-0.01583,0.12647,0.02992,33.16,34.41,0.0699,0.073
20:09:04.100,1790255344.0999,1734,14.238,-0.446,0.168,1.395,-0.00736,-0.01157,0.96937,0.00072,-0.00136,0.00296,-0.2844,-0.03915,0.97254,0.00471,-0.12037,0.0004,0.99998,-0.00359,0.00508,-0.00139,0.99136,-0.0162,0.12672,0.02984,33.16,34.41,0.0571,0.0695
20:09:04.120,1790255344.1205,1735,14.085,-0.55,0.176,1.394,-0.01389,-0.00678,1.00194,-0.00209,-0.00015,-0.00023,-0.2742,-0.046,0.95272,0.01798,-0.11026,-0.00153,0.99997,-0.00342,0.00668,-0.00139,0.99132,-0.01681,0.12695,0.02968,33.16,34.41,0.0785,0.0743
20:09:04.141,1790255344.141,1736,14.046,-0.625,0.185,1.392,-0.01813,-0.00251,0.97806,-0.00132,4e-05,-0.00192,-0.27175,-0.02731,0.95656,0.01822,-0.11262,-0.00212,0.99997,-0.0026,0.00769,-0.0014,0.99125,-0.01657,0.12756,0.02962,33.16,34.41,0.0637,0.0761
20:09:04.161,1790255344.1615,1737,14.042,-0.433,0.194,1.391,-0.0185,-0.015,0.98569,3e-05,-0.0007,0.00023,-0.29568,-0.02656,0.96206,0.01591,-0.11959,0.00339,0.99996,-0.00395,0.00815,-0.00141,0.99119,-0.01627,0.12808,0.02964,33.16,34.41,0.0695,0.0749
20:09:04.182,1790255344.1817,1738,14.221,-0.546,0.203,1.39,-0.00684,0.00418,0.98872,0.00472,0.00245,-0.00296,-0.28942,-0.03136,0.96151,0.02766,-0.10913,-0.00102,0.99997,-0.00276,0.00729,-0.00143,0.99111,-0.0161,0.1287,0.02956,33.16,34.41,0.0716,0.0765
20:09:04.202,1790255344.2024,1739,14.353,-0.342,0.212,1.389,-0.0063,-0.0184,0.98254,0.00499,0.00048,-0.00142,-0.28801,-0.024,0.94584,0.03576,-0.11524,0.00055,0.99997,-0.00389,0.00656,-0.00146,0.99106,-0.01556,0.12921,0.02952,33.16,34.41,0.067,0.0718
20:09:04.223,1790255344.2229,1740,14.26,-0.452,0.22,1.388,-0.01981,-0.00321,0.99654,-0.00203,0.00171,0.00201,-0.27014,-0.02913,0.95003,0.03131,-0.10855,0.004,0.99996,-0.00302,0.0079,-0.00142,0.991,-0.01554,0.12968,0.02945,33.16,34.41,0.0776,0.0711
20:09:04.243,1790255344.2435,1741,14.236,-0.525,0.229,1.387,-0.01972,0.00262,0.99805,-0.0004,-0.00075,-0.00164,-0.28266,-0.01561,0.94891,0.03357,-0.12582,0.00286,0.99996,-0.00155,0.00857,-0.00141,0.99096,-0.01466,0.13007,0.02948,33.16,34.41,0.0787,0.0727
20:09:04.263,1790255344.2636,1742,14.226,-0.689,0.238,1.385,-0.01793,-0.00137,0.99961,-0.00318,-0.00069,-0.00129,-0.28533,-0.03158,0.95247,0.03888,-0.116,0.00472,0.99996,-0.00012,0.00923,-0.00141,0.9909,-0.01458,0.13055,0.02941,33.16,34.41,0.0798,0.0761
20:09:04.284,1790255344.2842,1743,14.23,-0.5,0.247,1.384,-0.02289,-0.01602,0.99261,0.00306,-0.00263,0.00051,-0.2901,-0.02933,0.9587,0.03747,-0.12117,0.00141,0.99995,-0.00157,0.00963,-0.00142,0.99083,-0.01441,0.13107,0.02933,33.16,34.41,0.0747,0.0785
20:09:04.304,1790255344.3048,1744,14.468,-0.443,0.256,1.383,-0.01272,-0.00307,0.9911,0.00091,-2e-05,0.00152,-0.27475,-0.023,0.95594,0.04254,-0.11508,-0.00197,0.99996,-0.00155,0.00812,-0.00142,0.99077,-0.01401,0.13165,0.02922,33.16,34.41,0.0734,0.0762
20:09:04.325,1790255344.3253,1745,14.539,-0.683,0.265,1.382,-0.01232,0.01468,1.00736,0.00208,-9e-05,-0.00087,-0.27022,-0.02943,0.96431,0.04598,-0.10955,-0.00259,0.99997,-4e-05,0.00778,-0.00142,0.99074,-0.01453,0.13182,0.02897,33.16,34.41,0.0743,0.0786
20:09:04.346,1790255344.3458,1746,14.59,-0.932,0.274,1.38,-0.00526,0.02201,0.99474,0.00366,-0.00142,0.0051,-0.27305,-0.04351,0.96784,0.05214,-0.11543,-0.00069,0.99997,0.00141,0.0071,-0.00136,0.99079,-0.01518,0.13149,0.0287,33.16,34.41,0.0762,0.0751
20:09:04.366,1790255344.3664,1747,14.75,-0.68,0.283,1.379,-0.01103,-0.0,1.00475,-0.00204,0.0017,-0.00114,-0.27405,-0.02016,0.94894,0.0643,-0.13329,-0.00383,0.99998,0.00036,0.00593,-0.00137,0.99076,-0.01417,0.13181,0.0286,33.16,34.41,0.0764,0.0709
20:09:04.386,1790255344.3867,1748,14.764,-0.636,0.292,1.378,0.00694,-0.01753,0.98332,0.0025,0.00241,0.00247,-0.26732,-0.02651,0.98145,0.05373,-0.11945,0.0018,0.99999,-0.00058,0.00498,-0.00135,0.99086,-0.01474,0.13102,0.02836,33.16,34.41,0.0676,0.0668
20:09:04.407,1790255344.4071,1749,14.59,-0.867,0.301,1.376,-0.01782,0.00914,0.99155,-0.00154,-0.00292,-0.00153,-0.2647,-0.0428,0.97004,0.06189,-0.11387,-0.00359,0.99998,0.0006,0.00586,-0.00136,0.99096,-0.01541,0.1303,0.02803,33.16,34.41,0.0738,0.0752
20:09:04.427,1790255344.4273,1750,14.457,-1.016,0.309,1.375,-0.02352,0.01058,1.00291,0.00318,-0.00364,0.00369,-0.27239,-0.04109,0.95228,0.07295,-0.12418,0.00096,0.99997,0.00161,0.00705,-0.00132,0.99097,-0.01556,0.13027,0.0278,33.16,34.41,0.0776,0.0735
20:09:04.447,1790255344.4475,1751,14.352,-0.941,0.318,1.373,-0.02255,-0.00248,0.97765,0.00105,0.00408,-0.00154,-0.28105,-0.03962,0.96337,0.07329,-0.12224,0.00258,0.99997,0.00093,0.00817,-0.00134,0.99094,-0.01552,0.1305,0.02761,33.16,34.41,0.0634,0.0768
20:09:04.467,1790255344.4677,1752,14.436,-0.831,0.327,1.372,-0.00682,-0.01158,0.97607,0.0029,-0.00074,-0.00115,-0.2718,-0.0319,0.97707,0.06253,-0.11649,-0.00371,0.99997,-8e-05,0.00746,-0.00136,0.99094,-0.01562,0.13058,0.02737,33.16,34.41,0.0621,0.069
20:09:04.488,1790255344.488,1753,14.486,-0.726,0.336,1.371,-0.01291,0.00423,0.98816,0.00292,-0.00226,-0.00113,-0.26564,-0.01607,0.97055,0.07303,-0.12052,-0.00565,0.99997,0.00128,0.00688,-0.00136,0.99099,-0.01339,0.13042,0.02739,33.16,34.41,0.0712,0.0752
20:09:04.508,1790255344.5081,1754,14.354,-0.265,0.345,1.37,-0.01549,-0.0086,1.00226,-0.00076,0.00113,0.00282,-0.25761,-0.0132,0.95689,0.07104,-0.1228,0.00029,0.99997,-0.00029,0.00713,-0.00135,0.99111,-0.01101,0.12968,0.02748,33.16,34.41,0.0782,0.0733
20:09:04.528,1790255344.5287,1755,14.34,-0.048,0.353,1.369,-0.01753,-0.00837,0.99159,-0.00047,-0.00148,0.00284,-0.27974,-0.0227,0.95879,0.0807,-0.11591,-0.00324,0.99997,-0.00169,0.00772,-0.00133,0.99105,-0.01053,0.13025,0.02726,33.16,34.41,0.0738,0.0793
20:09:04.549,1790255344.5493,1756,14.505,0.155,0.362,1.368,0.00397,-0.02166,0.98524,-0.00079,0.00037,-0.002,-0.27713,-0.02115,0.9441,0.0893,-0.10462,-0.00056,0.99997,-0.00268,0.00669,-0.00136,0.991,-0.00985,0.13074,0.02707,33.16,34.41,0.0691,0.0681
20:09:04.570,1790255344.57,1757,14.486,-0.023,0.371,1.367,-0.01547,0.00793,1.00172,0.00259,-0.00054,0.00164,-0.28321,-0.03105,0.9788,0.08516,-0.12014,0.00376,0.99997,-0.00105,0.00693,-0.00133,0.99101,-0.00969,0.13072,0.02686,33.16,34.41,0.0786,0.0654
20:09:04.590,1790255344.5904,1758,14.321,0.062,0.38,1.366,-0.02742,-0.01178,0.99981,-0.00317,0.00335,0.00159,-0.266,-0.01921,0.97195,0.08764,-0.10724,0.00542,0.99996,-0.00203,0.00829,-0.00132,0.99102,-0.00984,0.13069,0.02662,33.16,34.41,0.0798,0.0741
20:09:04.610,1790255344.6107,1759,14.352,-0.1,0.388,1.365,-0.00277,0.00719,0.99557,-0.00239,-0.00129,-0.00082,-0.25867,-0.03046,0.96722,0.09515,-0.11309,-0.00165,0.99997,-0.00107,0.00707,-0.00132,0.99116,-0.01024,0.12967,0.02625,33.16,34.41,0.0767,0.0787
20:09:04.631,1790255344.6311,1760,14.288,-0.29,0.397,1.364,-0.01976,0.01917,0.98778,-0.00119,0.00118,-9e-05,-0.25954,-0.02288,0.95678,0.09864,-0.11108,0.00247,0.99997,0.00033,0.00744,-0.00131,0.9912,-0.01039,0.12941,0.02596,33.16,34.41,0.0711,0.0737
20:09:04.651,1790255344.6516,1761,14.056,-0.246,0.405,1.363,-0.02388,-0.00504,0.98659,-0.0006,-0.00137,-0.00135,-0.26058,-0.03992,0.97378,0.09897,-0.10804,0.00044,0.99996,-0.00043,0.00865,-0.00133,0.9913,-0.01066,0.12863,0.02562,33.16,34.41,0.0702,0.0734
20:09:04.672,1790255344.672,1762,14.139,-0.419,0.414,1.362,-0.01099,0.01015,0.98613,0.00072,-6e-05,-0.00262,-0.27041,-0.04582,0.96067,0.09945,-0.09921,0.00223,0.99997,0.00082,0.00796,-0.00135,0.99131,-0.01087,0.12859,0.02532,33.16,34.41,0.0697,0.0793
20:09:04.692,1790255344.6924,1763,14.241,-0.261,0.422,1.361,-0.00855,-0.00815,0.97734,0.00028,0.00133,0.00047,-0.26673,-0.02212,0.98045,0.09946,-0.10292,-0.00022,0.99997,-0.00023,0.00721,-0.00135,0.9913,-0.0106,0.12879,0.02505,33.16,34.41,0.0631,0.0678
20:09:04.712,1790255344.7127,1764,14.414,-0.224,0.431,1.36,-0.00907,0.00083,0.96966,-0.00156,0.00163,0.00019,-0.27391,-0.02322,0.98095,0.10344,-0.09624,0.00084,0.99998,5e-05,0.0061,-0.00135,0.99126,-0.01005,0.12919,0.02483,33.16,34.41,0.0573,0.0659
20:09:04.733,1790255344.7331,1765,14.226,-0.266,0.44,1.359,-0.00848,0.01536,0.98142,0.00158,-0.00236,-0.0009,-0.25457,-0.01539,0.98215,0.11394,-0.09626,0.00209,0.99998,0.00138,0.00577,-0.00135,0.99153,-0.00901,0.12719,0.02463,33.16,34.41,0.0662,0.069
20:09:04.753,1790255344.7537,1766,13.932,-0.226,0.448,1.358,-0.03515,-0.01131,0.99266,0.00395,0.00017,0.00022,-0.25174,-0.01637,0.96926,0.10359,-0.09754,-0.00359,0.99997,0.00063,0.0071,-0.00136,0.99169,-0.00928,0.126,0.02424,33.16,34.41,0.075,0.0788
20:09:04.774,1790255344.7742,1767,13.893,-0.371,0.456,1.357,-0.01013,0.00887,0.97592,0.00131,0.00179,0.00074,-0.24587,-0.02002,0.9574,0.11526,-0.08677,-0.00413,0.99998,0.00178,0.00656,-0.00134,0.99182,-0.00931,0.12507,0.02385,33.16,34.41,0.062,0.0715
20:09:04.794,1790255344.7945,1768,13.963,-0.147,0.465,1.356,-0.01287,-0.0255,0.98689,0.00214,-0.00081,-0.00095,-0.2626,-0.02151,0.97167,0.1161,-0.07984,-0.00243,0.99998,0.00037,0.00655,-0.00136,0.99174,-0.00881,0.12574,0.02356,33.16,34.41,0.0705,0.0749
20:09:04.815,1790255344.8152,1769,13.785,-0.229,0.473,1.355,-0.0101,0.01544,0.99536,-0.00053,0.00233,2e-05,-0.23386,-0.01608,0.9528,0.11454,-0.09131,-0.00332,0.99998,0.00191,0.00626,-0.00135,0.992,-0.0079,0.12386,0.02329,33.15,34.41,0.0766,0.0659
20:09:04.836,1790255344.8362,1770,13.91,0.04,0.481,1.354,-0.00944,-0.01129,0.98808,0.00232,-0.00384,0.0003,-0.26042,-0.01574,0.96257,0.11651,-0.08767,-0.00191,0.99998,0.00046,0.00593,-0.00136,0.9919,-0.00707,0.1247,0.02303,33.15,34.41,0.0711,0.078
20:09:04.856,1790255344.8568,1771,14.066,0.208,0.49,1.354,-0.00881,-0.00272,0.9892,0.00047,-0.00102,-0.00289,-0.25738,-0.01827,0.96848,0.11951,-0.08397,-0.00062,0.99999,-0.00069,0.00499,-0.00139,0.99185,-0.00681,0.12519,0.02271,33.15,34.41,0.0719,0.0783
20:09:04.877,1790255344.8774,1772,14.075,0.192,0.498,1.353,-0.01254,0.00295,0.99736,0.00264,0.00168,0.0003,-0.26622,-0.00933,0.98245,0.12552,-0.07171,-0.00021,0.99998,0.00072,0.00583,-0.00138,0.99175,-0.00548,0.12605,0.02251,33.15,34.41,0.0781,0.0666
20:09:04.897,1790255344.8975,1773,13.963,0.319,0.506,1.352,-0.02159,-0.01847,0.98186,0.0016,-0.00088,0.00068,-0.25596,-0.02783,0.97504,0.12199,-0.07991,-0.00104,0.99998,-0.00047,0.00644,-0.00139,0.9918,-0.00551,0.12574,0.02214,33.15,34.41,0.0667,0.0737
20:09:04.918,1790255344.918,1774,13.756,0.424,0.514,1.352,-0.02146,-0.00829,0.97859,0.00256,-0.00158,0.00119,-0.24947,-0.03768,0.98818,0.12511,-0.08016,0.00307,0.99997,-0.00128,0.00743,-0.00138,0.99191,-0.00533,0.12498,0.02183,33.15,34.41,0.0641,0.0651
20:09:04.938,1790255344.9384,1775,13.614,0.4,0.522,1.351,-0.03119,0.00091,1.00375,-0.00442,-0.00038,0.00227,-0.2581,-0.02258,0.96924,0.13501,-0.07216,0.0017,0.99996,-0.001,0.00896,-0.00135,0.99188,-0.00514,0.12525,0.02148,33.15,34.41,0.0768,0.0775
20:09:04.959,1790255344.9591,1776,13.798,0.554,0.531,1.351,0.00461,-0.01828,0.98557,-0.00145,0.00197,-0.00105,-0.259,-0.02065,0.95703,0.13539,-0.06668,0.00311,0.99997,-0.00186,0.00783,-0.00137,0.99182,-0.00473,0.12577,0.02117,33.15,34.41,0.0693,0.0738
20:09:04.979,1790255344.9797,1777,13.494,0.596,0.539,1.35,-0.02524,-0.00508,0.98986,0.00017,-0.00134,-0.0006,-0.24297,-0.01863,0.97452,0.14136,-0.064,-0.00422,0.99995,-0.00207,0.00931,-0.00137,0.99198,-0.00443,0.12462,0.02075,33.15,34.41,0.0726,0.0766
20:09:05.000,1790255345.0001,1778,13.588,0.716,0.547,1.35,-0.01108,-0.00824,0.99741,0.00262,-0.00229,0.00139,-0.24648,-0.03588,0.98991,0.131,-0.05624,0.00363,0.99996,-0.00281,0.00789,-0.00137,0.99206,-0.00417,0.12406,0.02044,33.15,34.41,0.0781,0.0644
20:09:05.020,1790255345.0203,1779,13.483,0.564,0.554,1.349,-0.01455,0.00146,1.0024,0.00406,-0.00371,-0.00029,-0.23649,-0.01722,0.97643,0.1319,-0.05999,-0.00191,0.99997,-0.00121,0.00757,-0.00136,0.99223,-0.00381,0.12276,0.02008,33.15,34.41,0.0781,0.0764
20:09:05.041,1790255345.0408,1780,13.35,0.498,0.562,1.349,-0.01152,0.01079,0.97773,-0.00053,0.00195,0.00431,-0.2298,-0.01545,0.98362,0.13644,-0.0598,0.00301,0.99997,4e-05,0.00728,-0.00131,0.99242,-0.00306,0.12127,0.01982,33.15,34.41,0.0634,0.0723
20:09:05.061,1790255345.061,1781,13.21,0.531,0.57,1.348,-0.02911,-0.00204,0.97353,-0.00372,-0.00431,-0.00073,-0.24644,-0.02401,0.97828,0.14175,-0.05298,0.00132,0.99996,-0.00017,0.00844,-0.00131,0.99243,-0.00289,0.12122,0.01946,33.15,34.41,0.0605,0.0732
20:09:05.081,1790255345.0814,1782,13.3,0.406,0.578,1.348,-0.00841,0.01037,1.00162,0.00054,0.00046,0.00041,-0.24302,-0.02005,0.98085,0.14336,-0.04965,0.00107,0.99997,0.00109,0.00744,-0.0013,0.99247,-0.0027,0.12096,0.01909,33.15,34.41,0.0787,0.072
20:09:05.101,1790255345.1017,1783,13.235,0.628,0.586,1.347,-0.00541,-0.01426,0.99461,0.00031,0.001,-0.00184,-0.21827,-0.02292,0.97234,0.14462,-0.04221,0.00326,0.99998,-0.00025,0.00668,-0.00133,0.99263,-0.00212,0.11971,0.0188,33.15,34.41,0.076,0.0776
20:09:05.121,1790255345.1218,1784,13.104,0.863,0.593,1.347,-0.01264,-0.00378,0.99202,0.0026,0.00029,0.00034,-0.21143,-0.02368,0.97931,0.14011,-0.04413,0.00372,0.99998,-0.00169,0.00641,-0.00134,0.9928,-0.00151,0.11837,0.01853,33.15,34.41,0.0741,0.0784
20:09:05.142,1790255345.1421,1785,12.824,0.893,0.601,1.347,-0.0224,4e-05,0.96812,-0.00049,0.00237,0.00134,-0.21123,-0.0182,0.97414,0.14795,-0.04017,0.00042,0.99997,-0.00134,0.00751,-0.00132,0.99296,-0.00078,0.11704,0.01822,33.15,34.41,0.0563,0.0777
20:09:05.162,1790255345.1623,1786,12.569,0.836,0.608,1.347,-0.0193,-0.00053,1.0039,0.00045,0.00122,0.00279,-0.21834,-0.02182,0.97339,0.14926,-0.03422,-0.00154,0.99996,-0.00062,0.0089,-0.00129,0.99307,-0.00044,0.11618,0.01785,33.15,34.41,0.0769,0.0784
20:09:05.182,1790255345.1825,1787,12.477,0.685,0.615,1.346,-0.01913,0.00746,0.99328,-0.00092,0.00023,0.00075,-0.21428,-0.03865,0.97193,0.1505,-0.03301,0.0018,0.99996,0.00088,0.00915,-0.00127,0.99315,-0.00016,0.11556,0.01751,33.15,34.41,0.0751,0.077
20:09:05.203,1790255345.2031,1788,12.479,0.861,0.623,1.346,-0.01705,-0.00744,0.99275,0.00044,0.00133,-0.00153,-0.22954,-0.01843,0.97528,0.13879,-0.03172,-0.00376,0.99996,-0.00064,0.00897,-0.00129,0.99316,-0.00015,0.11546,0.01709,33.15,34.41,0.0747,0.0784
20:09:05.223,1790255345.2236,1789,12.448,1.044,0.63,1.346,-0.01767,-0.00776,0.98726,0.00068,0.00085,0.00211,-0.22597,-0.02378,0.97594,0.15231,-0.02469,-0.00108,0.99996,-0.00208,0.00897,-0.00128,0.9932,1e-05,0.11524,0.0167,33.15,34.41,0.0706,0.0785
20:09:05.244,1790255345.244,1790,12.536,1.019,0.637,1.345,-0.00561,0.00118,0.97635,-0.00095,-0.00102,0.00135,-0.22436,-0.01802,0.98525,0.14476,-0.02253,-0.00079,0.99997,-0.00158,0.00779,-0.00126,0.99325,0.0003,0.11482,0.01634,33.15,34.41,0.0623,0.072
20:09:05.264,1790255345.2645,1791,12.653,1.103,0.644,1.345,-0.00322,-0.00778,0.98941,0.00052,0.0037,0.00054,-0.2204,-0.03244,0.97797,0.14998,-0.02032,-3e-05,0.99998,-0.00211,0.00645,-0.00126,0.99329,0.00048,0.11452,0.01597,33.15,34.41,0.0721,0.0777
20:09:05.284,1790255345.2848,1792,12.434,1.13,0.651,1.345,-0.03165,-0.00495,0.99389,-0.00234,-0.00145,0.0022,-0.221,-0.01089,0.97095,0.15056,-0.01069,-0.00609,0.99997,-0.00219,0.00797,-0.00124,0.99334,0.00074,0.11413,0.01555,33.15,34.41,0.0758,0.0769
20:09:05.305,1790255345.3054,1793,12.711,1.201,0.659,1.345,0.00686,-0.00381,0.99086,-0.00459,-0.00021,-0.00407,-0.23109,-0.00719,0.95949,0.15435,-0.01135,0.00136,0.99998,-0.0022,0.00646,-0.00128,0.99324,0.0013,0.11503,0.01521,33.15,34.41,0.0732,0.0702
20:09:05.325,1790255345.3257,1794,12.778,1.355,0.666,1.345,-0.00583,-0.00805,0.99282,0.00053,-0.00217,-0.00251,-0.19863,-0.0337,0.98327,0.16077,-0.0052,-0.00037,0.99998,-0.00291,0.00509,-0.00131,0.99333,0.00191,0.11429,0.01487,33.15,34.41,0.0747,0.0772
20:09:05.346,1790255345.3463,1795,12.758,1.601,0.674,1.345,-0.00441,-0.01785,0.99661,-0.00036,-0.00131,-0.00159,-0.20352,-0.00888,0.97164,0.13191,0.0144,-0.00558,0.99998,-0.00435,0.00439,-0.00134,0.99343,0.00258,0.11348,0.01454,33.15,34.41,0.0776,0.0746
20:09:05.366,1790255345.3665,1796,12.587,1.521,0.681,1.345,-0.01872,0.00779,0.98897,-0.00152,0.0022,-0.00307,-0.20263,-0.01735,0.97521,0.15702,-0.00103,-3e-05,0.99998,-0.00313,0.00517,-0.00136,0.99352,0.00321,0.11273,0.01422,33.15,34.41,0.0719,0.0771
20:09:05.387,1790255345.3871,1797,12.692,1.453,0.688,1.345,0.00453,0.00398,1.00699,-0.00033,0.00344,-0.0011,-0.2057,-0.0241,0.97954,0.14498,0.01771,0.00381,0.99999,-0.00226,0.00394,-0.00137,0.99356,0.0035,0.11238,0.01392,33.15,34.41,0.0747,0.0791
20:09:05.407,1790255345.4077,1798,12.7,1.668,0.695,1.346,0.00384,-0.02557,0.99244,-0.00193,-0.00065,0.00028,-0.1984,-0.01992,0.979,0.14767,0.01404,0.00053,0.99999,-0.00363,0.00319,-0.00138,0.99363,0.00398,0.11176,0.0136,33.15,34.41,0.0746,0.0793
20:09:05.428,1790255345.4283,1799,12.671,1.581,0.703,1.346,-0.00256,0.00601,0.98486,-0.0024,0.00369,0.0015,-0.18932,-0.02899,0.9877,0.15425,0.00924,0.00128,0.99999,-0.0023,0.00284,-0.00136,0.99371,0.00461,0.11112,0.01329,33.15,34.41,0.0687,0.0754
20:09:05.448,1790255345.4486,1800,12.688,1.805,0.71,1.346,-0.00249,-0.00934,0.98563,-0.00422,6e-05,-0.00237,-0.2026,-0.00787,0.9877,0.15162,0.02188,0.00031,0.99999,-0.00353,0.00207,-0.00139,0.99377,0.00531,0.11055,0.013,33.15,34.41,0.0693,0.0738
20:09:05.469,1790255345.469,1801,12.803,1.683,0.717,1.346,0.00877,0.01439,1.00319,0.00374,0.0003,-0.00071,-0.20946,-0.04272,0.98792,0.15759,0.01907,-0.00374,1.0,-0.00213,0.00126,-0.0014,0.99376,0.00568,0.11069,0.01261,33.15,34.41,0.0775,0.0719
20:09:05.489,1790255345.4892,1802,12.603,1.769,0.724,1.346,-0.01644,-0.00609,0.98351,0.0017,-0.00107,-0.00208,-0.19301,-0.01812,0.99835,0.14289,0.02679,-0.00543,0.99999,-0.0023,0.0026,-0.00141,0.9938,0.00634,0.11029,0.01228,33.15,34.41,0.0678,0.0673
20:09:05.509,1790255345.5097,1803,12.408,1.721,0.731,1.347,-0.01501,-0.00126,1.00502,-0.0009,0.0,-0.00323,-0.19146,-0.03304,0.97976,0.13312,0.02863,0.00178,0.99999,-0.0018,0.00407,-0.00144,0.99383,0.00651,0.11004,0.01199,33.15,34.41,0.0761,0.0791
20:09:05.530,1790255345.5301,1804,12.517,1.669,0.739,1.347,-0.00191,0.00077,1.00455,-0.00288,0.00111,-0.0014,-0.19478,-0.019,0.97582,0.14703,0.0249,0.00285,0.99999,-0.00094,0.0028,-0.00146,0.99387,0.00693,0.1097,0.0117,33.15,34.41,0.0766,0.0764
20:09:05.550,1790255345.5504,1805,12.631,1.734,0.746,1.347,0.01775,0.0014,0.97495,-0.00076,-0.00123,-0.00047,-0.1949,-0.01357,0.99715,0.15282,0.03974,-0.00137,1.0,-0.00077,0.00156,-0.00146,0.9939,0.00766,0.10945,0.0114,33.15,34.41,0.0613,0.0679
20:09:05.570,1790255345.5707,1806,12.405,1.825,0.753,1.347,-0.01324,-0.00241,0.98496,0.00313,-0.00063,0.00246,-0.18975,-0.00465,0.99138,0.1426,0.03229,-0.00058,0.99999,-0.00086,0.00295,-0.00143,0.99396,0.00843,0.10888,0.01114,33.15,34.41,0.0688,0.073
20:09:05.591,1790255345.5914,1807,12.439,2.06,0.76,1.348,0.00564,-0.02048,1.00783,0.0032,-0.00137,0.0005,-0.17266,-0.0153,0.97392,0.14463,0.03714,-0.00717,0.99999,-0.00213,0.00213,-0.00143,0.99401,0.00919,0.1084,0.0108,33.15,34.41,0.074,0.0719
20:09:05.611,1790255345.6116,1808,12.314,2.272,0.767,1.348,-0.00872,-0.01285,0.99136,0.00016,0.00202,0.00125,-0.17314,-0.02247,0.99187,0.13756,0.0463,0.00175,0.99999,-0.00344,0.00284,-0.00142,0.99404,0.00974,0.10806,0.01056,33.15,34.41,0.0736,0.0747
20:09:05.632,1790255345.6321,1809,12.233,2.201,0.774,1.349,-0.01298,0.01074,0.96835,0.0005,-0.00213,-0.00025,-0.17127,-0.032,0.99163,0.1436,0.04042,-0.00242,0.99999,-0.00238,0.00327,-0.00142,0.99407,0.01025,0.10776,0.01025,33.15,34.41,0.0564,0.0749
20:09:05.652,1790255345.6523,1810,12.092,2.171,0.78,1.349,-0.02333,0.002,0.98922,-0.0028,-0.0005,0.00332,-0.19635,-0.01853,0.99106,0.14276,0.04707,-0.00224,0.99999,-0.00187,0.00462,-0.00138,0.99406,0.01058,0.10785,0.00992,33.15,34.41,0.0721,0.0721
20:09:05.672,1790255345.6726,1811,12.165,2.095,0.787,1.35,-0.00175,0.01061,0.9868,-0.00094,-0.00193,-0.00434,-0.16894,-0.02818,0.96764,0.14441,0.05202,-0.00271,0.99999,-0.00062,0.00395,-0.00142,0.99406,0.01119,0.10778,0.00963,33.15,34.41,0.0701,0.067
20:09:05.693,1790255345.693,1812,12.267,2.15,0.794,1.35,0.00117,0.00045,0.98058,1e-05,0.00067,-0.00079,-0.16486,-0.01098,0.98501,0.14181,0.0595,-0.00244,1.0,-0.00037,0.00264,-0.00142,0.9941,0.01192,0.10736,0.00936,33.15,34.42,0.0654,0.0791
20:09:05.713,1790255345.7136,1813,12.346,2.107,0.801,1.351,-0.00146,0.0031,0.97906,-0.00098,0.00134,0.00103,-0.16687,-0.01778,0.9932,0.13619,0.05903,0.00039,1.0,0.00058,0.00172,-0.00142,0.99413,0.0125,0.10711,0.00911,33.15,34.42,0.0643,0.0745
20:09:05.734,1790255345.734,1814,12.161,2.16,0.808,1.351,-0.0299,-0.00118,0.99083,0.00097,-0.00059,0.00012,-0.15695,-0.03483,0.99078,0.13073,0.06679,0.00456,0.99999,0.00045,0.00321,-0.00142,0.99414,0.0129,0.10699,0.0089,33.15,34.42,0.0735,0.0772
20:09:05.754,1790255345.7542,1815,12.033,2.096,0.815,1.352,-0.0093,0.00424,0.98892,-0.00302,0.00418,0.00071,-0.15993,-0.02771,0.99522,0.13928,0.06217,0.00254,0.99999,0.00151,0.00421,-0.00141,0.99415,0.01346,0.10684,0.00867,33.15,34.42,0.0717,0.0737
20:09:05.774,1790255345.7745,1816,12.134,2.083,0.822,1.352,-0.00087,0.00786,0.98771,0.00484,-0.00035,0.0016,-0.16009,-0.00645,0.98568,0.13736,0.07001,0.00599,0.99999,0.00234,0.003,-0.00139,0.99418,0.01418,0.1065,0.0085,33.15,34.42,0.0708,0.079
20:09:05.795,1790255345.7949,1817,11.994,2.257,0.828,1.353,-0.00654,0.00395,0.97587,-0.00138,0.00238,0.00211,-0.14327,-0.01041,0.98469,0.1234,0.08133,0.00318,0.99999,0.00148,0.00397,-0.00137,0.99419,0.01486,0.10628,0.00834,33.15,34.42,0.0619,0.0763
20:09:05.815,1790255345.8155,1818,11.959,2.536,0.835,1.353,-0.00828,-0.00289,0.98861,0.00054,0.00154,-0.00087,-0.12794,-0.00895,0.96933,0.12902,0.07011,-0.00125,0.99999,2e-05,0.00408,-0.00137,0.99419,0.0158,0.10612,0.00814,33.15,34.42,0.0715,0.0633
20:09:05.835,1790255345.8358,1819,11.775,2.615,0.841,1.354,-0.01396,-0.00055,0.98023,0.00202,0.00174,0.00138,-0.14408,-0.01429,0.98517,0.12932,0.07163,0.00408,0.99998,-9e-05,0.00541,-0.00136,0.99421,0.01643,0.10586,0.00796,33.15,34.42,0.0652,0.0768
20:09:05.856,1790255345.8562,1820,11.653,2.568,0.848,1.355,-0.01917,0.01043,0.99078,-0.00077,-0.00105,-0.00033,-0.14305,-0.00529,1.0013,0.13047,0.08021,-0.00079,0.99998,0.00108,0.00634,-0.00135,0.99422,0.01724,0.1057,0.00776,33.15,34.42,0.0733,0.0714
20:09:05.876,1790255345.8765,1821,11.685,2.754,0.854,1.356,-0.00332,-0.01868,0.96889,1e-05,0.00207,-0.00173,-0.12995,-0.01647,0.99848,0.11309,0.08526,0.00259,0.99998,2e-05,0.0059,-0.00138,0.99422,0.01778,0.10556,0.00761,33.15,34.42,0.0568,0.0747
20:09:05.896,1790255345.8967,1822,11.625,3.025,0.861,1.357,-0.01329,-0.01039,0.99673,-0.00067,0.00374,0.00083,-0.11885,-0.01272,0.98658,0.12989,0.08255,0.00035,0.99998,-0.00154,0.00617,-0.00138,0.99423,0.01857,0.10535,0.00742,33.15,34.42,0.0777,0.0753
20:09:05.917,1790255345.9171,1823,11.48,3.132,0.867,1.358,-0.02694,-0.01001,0.97237,0.00204,0.00335,0.0031,-0.12753,-0.01558,0.991,0.1131,0.09338,-0.00252,0.99997,-0.00204,0.0073,-0.00135,0.99424,0.01904,0.10523,0.00722,33.15,34.42,0.0596,0.0795
20:09:05.937,1790255345.9376,1824,11.494,3.025,0.874,1.359,-0.01066,0.02053,0.98787,0.00238,-0.00035,0.00015,-0.12812,-0.01033,0.99533,0.11344,0.09071,0.00552,0.99997,-0.00057,0.00707,-0.00134,0.99424,0.0196,0.10509,0.0071,33.15,34.42,0.0711,0.0773
20:09:05.958,1790255345.9579,1825,11.543,3.238,0.88,1.36,-0.01146,-0.00638,0.97736,0.0021,0.00402,-0.00029,-0.12399,-0.00757,1.00819,0.11307,0.08864,-0.0054,0.99998,-0.00172,0.00658,-0.00135,0.99424,0.02028,0.10506,0.00688,33.14,34.42,0.0631,0.0681
20:09:05.978,1790255345.9782,1826,11.53,3.118,0.886,1.361,-0.01355,0.00913,0.99682,-0.00209,0.00031,0.00129,-0.12467,-0.0115,0.99022,0.11782,0.09546,-0.00079,0.99998,-0.00017,0.00664,-0.00133,0.99424,0.02083,0.10496,0.0067,33.14,34.42,0.0777,0.0786
20:09:05.999,1790255345.9984,1827,11.672,3.025,0.893,1.362,-0.00947,0.00337,0.9982,0.00209,0.00016,-0.00246,-0.11708,-0.02854,0.98382,0.10286,0.09579,-0.00241,0.99998,0.00096,0.0055,-0.00134,0.99422,0.02116,0.10504,0.0065,33.14,34.42,0.0787,0.0734
20:09:06.019,1790255346.0194,1828,11.845,3.147,0.899,1.363,0.00207,-0.00469,0.9845,0.0,0.00232,-0.00555,-0.12416,-0.03037,1.00613,0.10466,0.10432,0.00147,0.99999,0.00031,0.00424,-0.00141,0.99419,0.02154,0.1053,0.00634,33.14,34.42,0.0684,0.0693
20:09:06.040,1790255346.0399,1829,12.024,3.202,0.906,1.364,0.00856,-0.00019,0.99351,-4e-05,0.00419,-0.00096,-0.11448,-0.01231,0.98969,0.09628,0.11115,-0.0041,1.0,0.00023,0.00275,-0.00142,0.99417,0.02192,0.10536,0.00615,33.14,34.42,0.0752,0.0773
20:09:06.060,1790255346.0604,1830,12.014,3.399,0.912,1.365,-0.00727,-0.0162,0.98292,-0.00014,-0.00315,-0.00104,-0.1205,-0.02224,0.99901,0.10181,0.09956,-0.00135,0.99999,-0.00114,0.00287,-0.00143,0.99416,0.02225,0.10543,0.00597,33.14,34.42,0.0673,0.0751
20:09:06.080,1790255346.0806,1831,12.126,3.562,0.919,1.367,0.0023,-0.00972,0.98801,-0.00291,0.00025,0.00106,-0.10467,-0.01753,0.99149,0.09581,0.10037,-0.00131,1.0,-0.00216,0.00182,-0.00142,0.99416,0.02262,0.10537,0.00581,33.14,34.42,0.071,0.0779
20:09:06.101,1790255346.101,1832,12.131,3.474,0.926,1.368,-0.00469,0.00472,0.97742,0.00229,-0.00547,0.00179,-0.09455,-0.01205,0.9806,0.09707,0.1066,0.00333,1.0,-0.00086,0.00192,-0.0014,0.99413,0.02318,0.10549,0.00571,33.14,34.42,0.0631,0.0689
20:09:06.121,1790255346.1212,1833,12.299,3.428,0.933,1.369,0.01344,0.00976,0.99015,-0.00015,-0.00067,-0.00125,-0.08797,-0.02026,0.97894,0.08514,0.11329,0.00483,1.0,-5e-05,0.0007,-0.0014,0.9941,0.02358,0.10573,0.00565,33.14,34.42,0.0727,0.0673
20:09:06.141,1790255346.1414,1834,12.392,3.597,0.939,1.37,0.00428,-0.00562,0.97099,-0.00234,-0.00043,0.00174,-0.09185,0.00383,1.00032,0.0902,0.11368,0.00314,1.0,-0.0009,-0.00015,-0.00138,0.99409,0.02415,0.10571,0.00557,33.14,34.42,0.0583,0.0766
20:09:06.161,1790255346.1618,1835,12.247,3.609,0.946,1.372,-0.0108,0.00164,0.98235,0.00223,-0.00011,0.00076,-0.10597,0.00236,0.98744,0.09666,0.11055,0.0054,1.0,-0.00048,0.00115,-0.00138,0.99407,0.02472,0.10573,0.00551,33.14,34.42,0.0668,0.0748
20:09:06.182,1790255346.1821,1836,12.337,3.802,0.953,1.373,0.00142,-0.00831,0.99644,0.00468,0.00085,-0.0024,-0.10142,-0.01857,1.00567,0.08173,0.10608,0.00658,1.0,-0.00184,0.00045,-0.0014,0.99405,0.025,0.10585,0.00545,33.14,34.42,0.0774,0.0718
20:09:06.202,1790255346.2027,1837,12.392,3.654,0.96,1.375,0.00249,0.01292,0.99598,0.00292,0.00011,-0.00023,-0.07628,-0.01703,0.98487,0.07693,0.11048,-0.00408,1.0,-0.00025,0.00013,-0.0014,0.99403,0.02533,0.10597,0.00531,33.14,34.42,0.0771,0.071
20:09:06.223,1790255346.2231,1838,12.381,3.505,0.966,1.376,-0.00113,0.01043,0.99101,0.00102,-0.00135,-0.00055,-0.08137,-0.01111,0.99607,0.07052,0.11397,0.00203,1.0,0.00123,0.00025,-0.0014,0.99403,0.02556,0.10596,0.00523,33.14,34.42,0.0733,0.0796
20:09:06.243,1790255346.2433,1839,12.341,3.419,0.973,1.377,-0.00634,0.01361,0.97394,0.00089,-0.00081,0.00204,-0.06416,0.00655,0.98867,0.06029,0.12964,0.00347,1.0,0.00232,0.0008,-0.00138,0.994,0.02593,0.10614,0.00522,33.14,34.42,0.0605,0.0731
20:09:06.263,1790255346.2636,1840,12.22,3.506,0.98,1.378,-0.00324,0.00412,0.98537,-0.00124,-0.00448,2e-05,-0.08311,-0.00531,0.9821,0.07563,0.12306,0.00119,0.99999,0.00194,0.0021,-0.00139,0.99396,0.02632,0.10639,0.00514,33.14,34.42,0.069,0.0692
20:09:06.284,1790255346.2841,1841,12.096,3.661,0.986,1.38,-0.01621,-0.007,1.00015,-9e-05,-0.0031,0.00031,-0.07506,-0.01052,1.00123,0.0694,0.12396,-0.00243,0.99999,0.00083,0.00329,-0.00139,0.99394,0.02657,0.10652,0.00503,33.14,34.42,0.0798,0.0769
20:09:06.304,1790255346.3045,1842,12.153,3.817,0.993,1.381,-0.00272,-0.01061,0.97517,-0.00268,0.00016,0.0018,-0.09925,-0.008,0.99964,0.06386,0.12219,-0.00296,0.99999,-0.00039,0.00293,-0.00137,0.99392,0.02668,0.10668,0.00491,33.14,34.42,0.0614,0.0766
20:09:06.324,1790255346.3248,1843,12.008,3.891,0.999,1.383,-0.01532,-0.00427,0.98785,-0.00269,-6e-05,0.00166,-0.06058,-0.01898,1.00745,0.05639,0.11292,0.00134,0.99999,-0.00091,0.00428,-0.00136,0.99391,0.02682,0.10677,0.00485,33.14,34.42,0.071,0.0729
20:09:06.345,1790255346.3454,1844,11.983,4.084,1.006,1.384,-0.00968,-0.00617,0.99501,0.00184,-0.00242,0.00056,-0.08391,-0.00953,0.98511,0.05905,0.11915,-0.00171,0.99999,-0.00242,0.00466,-0.00136,0.99388,0.02698,0.10697,0.00476,33.14,34.42,0.0763,0.0715
20:09:06.366,1790255346.366,1845,12.185,4.155,1.012,1.386,0.0056,-0.00906,0.99109,4e-05,-0.00361,0.00095,-0.06164,-0.01364,1.00892,0.05466,0.1299,-0.00184,0.99999,-0.00284,0.00317,-0.00135,0.99385,0.02715,0.10724,0.00467,33.14,34.42,0.0734,0.0718
20:09:06.386,1790255346.3864,1846,12.384,4.203,1.019,1.387,0.00374,-0.00697,0.992,0.00302,0.00048,0.00255,-0.06557,-0.01141,1.00777,0.05894,0.12791,0.00014,0.99999,-0.00301,0.00167,-0.00133,0.99382,0.02735,0.10748,0.00461,33.14,34.42,0.074,0.0725
20:09:06.406,1790255346.4067,1847,12.548,4.283,1.026,1.389,0.01051,-0.01043,1.01183,-0.00334,0.00157,-0.00229,-0.05286,-0.00197,1.00341,0.04929,0.12407,0.00109,0.99999,-0.00348,0.00031,-0.00136,0.99381,0.02754,0.10757,0.00457,33.14,34.42,0.071,0.0764
20:09:06.427,1790255346.4273,1848,12.732,4.229,1.033,1.391,0.02276,0.0034,1.00106,0.00274,0.00029,0.00451,-0.03777,-0.00471,0.9892,0.04624,0.11906,-0.00022,0.99999,-0.00279,-0.00117,-0.00132,0.99379,0.02774,0.10767,0.00453,33.14,34.42,0.079,0.0725
20:09:06.447,1790255346.4476,1849,12.73,4.097,1.04,1.392,0.00204,0.00747,0.99241,-0.00011,-0.0022,0.0008,-0.03375,0.02145,1.00578,0.0473,0.11499,-0.00415,1.0,-0.00129,-0.00116,-0.00131,0.99378,0.02812,0.10763,0.00447,33.14,34.42,0.0743,0.0751
20:09:06.468,1790255346.4682,1850,12.59,4.051,1.046,1.394,-0.00874,0.00111,0.98734,0.00082,-0.00035,0.00071,-0.0505,-0.00048,0.98433,0.03679,0.11622,-0.00717,1.0,-0.00083,0.00021,-0.00131,0.99377,0.02823,0.10777,0.00436,33.14,34.42,0.0705,0.0692
20:09:06.488,1790255346.4885,1851,12.453,4.15,1.053,1.396,-0.01539,-0.01066,0.98655,0.0009,0.0001,0.00033,-0.01545,0.00769,1.00485,0.03019,0.12369,0.00131,1.0,-0.00157,0.00144,-0.00131,0.99376,0.02836,0.10782,0.00437,33.14,34.42,0.07,0.0763
20:09:06.509,1790255346.5091,1852,12.307,4.07,1.06,1.397,-0.00612,-0.00092,1.01207,0.00056,0.00088,0.0014,-0.0296,0.01013,0.9997,0.03865,0.11621,-0.00451,1.0,-0.00073,0.00263,-0.00131,0.99376,0.02856,0.10772,0.0043,33.14,34.42,0.0709,0.0799
20:09:06.529,1790255346.5297,1853,12.31,3.911,1.066,1.399,-0.00567,0.01493,0.97368,0.00231,-0.00292,-0.00032,-0.02604,-0.01165,1.00491,0.02211,0.11604,0.00457,1.0,0.00054,0.00264,-0.00131,0.99376,0.02846,0.10773,0.00433,33.14,34.42,0.0604,0.076
20:09:06.550,1790255346.5501,1854,12.373,3.741,1.073,1.4,-0.00415,0.00554,0.98922,0.0021,0.00022,-0.0024,-0.03646,-0.0015,1.01245,0.02182,0.12285,0.00327,0.99999,0.00198,0.0023,-0.00133,0.99374,0.02844,0.10791,0.00436,33.14,34.42,0.0719,0.0702
20:09:06.570,1790255346.5705,1855,12.347,3.88,1.08,1.401,-0.00636,-0.01173,0.98733,0.00174,-0.00052,-0.00376,-0.01,-0.02696,0.99627,0.01745,0.11071,-0.0025,1.0,0.00057,0.00246,-0.00137,0.99376,0.02822,0.10787,0.00431,33.14,34.42,0.0706,0.0775
20:09:06.590,1790255346.5908,1856,12.53,3.919,1.086,1.403,0.01395,-0.00397,0.9929,-0.00123,-1e-05,-0.00154,-0.03358,-0.00052,0.98713,0.01285,0.11962,-0.00614,1.0,0.00015,0.00099,-0.00139,0.99374,0.02811,0.108,0.00425,33.14,34.42,0.0748,0.0708
20:09:06.611,1790255346.6114,1857,12.601,3.763,1.093,1.404,0.00837,0.02542,0.98145,-0.0005,-0.0002,0.00407,-0.02881,-0.00863,0.99035,0.02009,0.11661,-0.00114,1.0,0.00141,0.00047,-0.00134,0.99374,0.02803,0.10807,0.00422,33.14,34.42,0.0664,0.0731
20:09:06.632,1790255346.6319,1858,12.739,3.639,1.1,1.406,0.0054,0.00722,0.99996,0.00012,-0.00178,-0.00073,-0.01565,-0.01161,0.99637,0.01459,0.10017,0.00419,1.0,0.00234,-0.0009,-0.00135,0.99376,0.02788,0.10788,0.00425,33.14,34.42,0.08,0.0774
20:09:06.652,1790255346.6525,1859,12.848,3.496,1.107,1.407,0.00763,0.0108,0.9792,0.00024,0.00032,0.00477,-0.02261,-0.0162,1.00532,0.00662,0.11584,0.00112,0.99999,0.00331,-0.00181,-0.0013,0.99377,0.02761,0.10791,0.00426,33.14,34.42,0.0645,0.0757
20:09:06.672,1790255346.6728,1860,12.803,3.604,1.114,1.408,-0.00101,-0.00572,0.9697,-0.00276,0.00081,-0.00029,-0.01269,-0.00102,1.0102,-6e-05,0.11488,-0.00176,1.0,0.00219,-0.0014,-0.0013,0.99377,0.02741,0.10794,0.00426,33.14,34.42,0.0573,0.0723
20:09:06.693,1790255346.693,1861,12.91,3.649,1.12,1.409,0.00683,0.00207,0.97049,0.00123,-0.00216,0.00378,0.01376,0.00016,1.00112,-0.00096,0.11389,0.00118,0.99999,0.00165,-0.00246,-0.00126,0.99379,0.02723,0.10783,0.00429,33.14,34.42,0.0579,0.0791
20:09:06.713,1790255346.7133,1862,12.776,3.746,1.127,1.411,-0.00421,-0.0066,1.00624,-0.00154,0.00081,-0.00087,-0.00698,0.00253,1.0037,-0.01209,0.11111,-1e-05,1.0,0.00051,-0.00142,-0.00127,0.99381,0.02693,0.10773,0.00433,33.14,34.42,0.0753,0.0772
20:09:06.734,1790255346.7339,1863,12.629,3.636,1.134,1.412,-0.00728,0.00573,0.98663,0.0057,-0.00529,-0.00083,0.00577,0.01103,0.9954,-0.01305,0.11666,-0.00342,1.0,0.00118,-0.00017,-0.00128,0.99382,0.0267,0.10767,0.00434,33.14,34.42,0.07,0.0766
20:09:06.754,1790255346.7543,1864,12.506,3.751,1.141,1.413,-0.0074,-0.00723,0.98845,-0.00031,-0.0005,-0.00293,0.00327,0.02041,1.00376,-0.01112,0.11059,0.00031,1.0,4e-05,0.00074,-0.00131,0.99384,0.02655,0.10754,0.00438,33.14,34.42,0.0714,0.077
20:09:06.775,1790255346.7749,1865,12.613,3.781,1.147,1.415,0.00314,-0.00206,0.98411,0.00257,0.00193,-0.00033,-0.00268,0.00716,1.00096,-0.01807,0.09632,-0.00389,1.0,-0.00053,-0.00051,-0.00131,0.99388,0.02621,0.10723,0.00438,33.14,34.42,0.0681,0.0793
20:09:06.795,1790255346.7954,1866,12.6,3.636,1.154,1.416,-0.00027,0.01618,0.96746,-0.00115,-0.00151,0.00246,0.01753,0.03101,0.98277,-0.01873,0.0999,0.00042,1.0,0.00059,-0.00044,-0.00129,0.99389,0.02609,0.10716,0.00444,33.14,34.42,0.0557,0.0676
20:09:06.815,1790255346.8156,1867,12.433,3.679,1.161,1.417,-0.01264,-0.00858,0.9859,-0.00073,0.00111,-0.00183,0.00797,0.00984,0.99758,-0.03467,0.09655,0.00091,1.0,-0.00024,0.00071,-0.00131,0.99393,0.02565,0.10687,0.00451,33.14,34.42,0.0695,0.0782
20:09:06.836,1790255346.8362,1868,12.562,3.59,1.167,1.419,0.00776,0.00298,0.99116,-0.00777,-0.0018,-0.00253,0.00358,0.01446,0.9981,-0.02704,0.09602,-0.00047,1.0,0.00021,-0.00073,-0.00133,0.99397,0.0253,0.10656,0.00456,33.14,34.42,0.0734,0.0787
20:09:06.856,1790255346.8568,1869,12.349,3.573,1.174,1.42,-0.0013,0.00012,0.99061,-0.00458,0.00087,-0.0003,-0.01317,0.01996,1.00004,-0.0268,0.09417,0.0014,1.0,-0.0,0.00078,-0.00134,0.99402,0.02498,0.1062,0.00463,33.14,34.42,0.073,0.0798
20:09:06.877,1790255346.8771,1870,12.362,3.662,1.18,1.421,0.0035,-0.00964,0.97105,-0.00082,0.00294,-0.00251,0.00339,0.0232,0.9997,-0.03193,0.09377,0.00328,1.0,-0.00106,0.00026,-0.00136,0.99407,0.02465,0.10583,0.00473,33.14,34.42,0.0583,0.08
20:09:06.897,1790255346.8973,1871,12.377,3.452,1.187,1.422,0.0027,0.00806,0.98802,0.00406,-0.00155,0.00045,-0.00439,0.01254,0.9956,-0.03264,0.08786,0.00539,1.0,0.00035,-0.00019,-0.00136,0.99411,0.02426,0.10548,0.00484,33.14,34.42,0.071,0.0768
20:09:06.917,1790255346.9176,1872,12.426,3.594,1.193,1.424,0.00547,-0.0082,1.00311,0.00021,-0.00282,2e-05,0.03077,0.0365,1.0106,-0.02868,0.0793,-0.00485,1.0,-0.00102,-0.001,-0.00136,0.99416,0.02408,0.10513,0.00485,33.14,34.42,0.0776,0.0712
20:09:06.939,1790255346.9387,1873,12.335,3.354,1.2,1.425,-0.00389,0.02715,0.99533,0.0012,0.00177,0.00155,0.00156,0.0275,0.99372,-0.04869,0.07547,0.00336,1.0,0.00057,-0.00067,-0.00134,0.99422,0.02362,0.10463,0.00497,33.14,34.42,0.0768,0.0756
20:09:06.959,1790255346.9593,1874,12.188,3.218,1.206,1.426,-0.01395,0.01164,0.97794,-0.00221,0.00126,0.00182,-0.00484,0.03097,1.02275,-0.04959,0.07764,0.00139,1.0,0.00129,0.00042,-0.00133,0.99425,0.0232,0.10443,0.00506,33.14,34.42,0.0636,0.0626
20:09:06.979,1790255346.9795,1875,12.003,3.221,1.212,1.427,-0.01051,-0.00178,0.97805,0.00383,-0.00086,0.0039,0.00986,0.03502,1.00786,-0.05469,0.07456,-0.00203,1.0,0.00081,0.00159,-0.00129,0.99431,0.02276,0.10398,0.00513,33.14,34.42,0.0636,0.0736
20:09:07.000,1790255347.0,1876,11.971,3.335,1.219,1.428,-0.00223,-0.00516,0.99199,0.00109,-0.00179,0.00035,0.0084,0.03455,1.01004,-0.06217,0.0704,-0.00427,1.0,-0.00068,0.00136,-0.00129,0.99437,0.02224,0.10352,0.00518,33.14,34.42,0.074,0.072
20:09:07.020,1790255347.0204,1877,11.763,3.193,1.225,1.429,-0.01901,0.00848,0.9905,0.00096,-0.00043,0.00247,-0.00836,0.05471,1.00319,-0.06792,0.06986,0.00145,1.0,0.0001,0.00264,-0.00126,0.99443,0.02182,0.10296,0.00531,33.14,34.42,0.073,0.0765
20:09:07.040,1790255347.0406,1878,11.788,3.004,1.231,1.43,0.00734,0.02427,0.97818,-0.00243,0.00183,0.00153,-0.00372,0.03183,1.01297,-0.06141,0.07417,0.00019,1.0,0.00122,0.00206,-0.00124,0.99448,0.02131,0.10258,0.0054,33.14,34.42,0.0639,0.0699
20:09:07.061,1790255347.0609,1879,11.717,2.815,1.237,1.431,-0.00426,0.00812,0.97249,-0.00241,0.00123,5e-05,-0.00227,0.04622,0.99304,-0.06687,0.0659,0.00287,0.99999,0.00239,0.00212,-0.00124,0.99455,0.02086,0.102,0.00554,33.14,34.42,0.0594,0.0756
20:09:07.081,1790255347.081,1880,11.771,2.9,1.243,1.432,0.00816,-0.01263,0.98531,0.00287,-0.00375,-0.001,0.03314,0.06786,1.01872,-0.07224,0.0651,-0.00239,1.0,0.00128,0.00127,-0.00125,0.99459,0.02046,0.10165,0.00563,33.14,34.42,0.0691,0.0639
20:09:07.101,1790255347.1013,1881,11.88,2.822,1.249,1.432,0.01941,0.00673,0.98887,0.00103,-6e-05,0.00373,0.01036,0.04986,0.98718,-0.06809,0.06752,0.00592,1.0,0.00156,-0.00016,-0.00121,0.99465,0.02003,0.10117,0.00579,33.14,34.42,0.0718,0.0714
20:09:07.121,1790255347.1217,1882,11.977,2.703,1.255,1.433,0.00877,0.0061,0.99224,-0.00225,0.0016,0.00325,0.01535,0.03703,0.99128,-0.07416,0.06376,0.00158,1.0,0.00204,-0.00157,-0.00117,0.99472,0.01945,0.10059,0.00591,33.14,34.42,0.0742,0.0741
20:09:07.142,1790255347.1419,1883,12.042,2.578,1.261,1.434,0.00614,0.00556,0.97984,0.00039,-0.00135,0.00027,0.01053,0.06993,1.00867,-0.0884,0.05413,-0.00229,0.99999,0.00263,-0.00274,-0.00117,0.99479,0.01896,0.09998,0.00603,33.14,34.42,0.0649,0.0716
20:09:07.162,1790255347.1623,1884,11.79,2.579,1.268,1.434,-0.01895,-0.00419,1.00335,-0.00103,-0.00362,0.00092,0.02556,0.04784,1.00152,-0.07973,0.05348,-0.00236,1.0,0.00205,-0.00131,-0.00117,0.99488,0.01841,0.09923,0.00612,33.14,34.42,0.0773,0.0778
20:09:07.182,1790255347.1826,1885,11.603,2.381,1.273,1.435,-0.00425,0.01332,0.99055,-0.00057,0.00347,0.00143,0.02678,0.05728,1.00262,-0.08092,0.05167,-0.00493,0.99999,0.00324,-0.00039,-0.00115,0.99496,0.01791,0.09849,0.00619,33.14,34.42,0.073,0.0765
20:09:07.203,1790255347.2028,1886,11.639,2.451,1.279,1.436,0.00386,0.00335,0.99321,0.00163,-0.00163,0.00165,0.00821,0.07414,0.994,-0.09574,0.05027,-0.00116,1.0,0.00218,-0.00148,-0.00113,0.99504,0.01742,0.09773,0.00632,33.14,34.42,0.0749,0.0776
20:09:07.223,1790255347.2232,1887,11.403,2.352,1.285,1.436,-0.01254,0.00783,0.96929,0.00067,-0.00243,-0.00272,0.01783,0.05876,0.99639,-0.09169,0.03561,0.00066,1.0,0.00245,-0.00038,-0.00116,0.99514,0.01687,0.09678,0.00646,33.13,34.42,0.0571,0.0787
20:09:07.244,1790255347.2439,1888,11.435,2.436,1.291,1.437,0.00089,0.00476,1.00275,0.00218,0.00044,0.00117,0.01249,0.08042,1.00611,-0.09198,0.03501,-0.00237,1.0,0.00132,-0.0015,-0.00115,0.99523,0.01644,0.09595,0.00657,33.13,34.42,0.0779,0.073
20:09:07.264,1790255347.2644,1889,11.403,2.499,1.297,1.437,0.00663,-0.00308,0.98124,-0.00161,0.00241,-0.0009,0.01111,0.05982,0.99559,-0.1018,0.03396,-0.00094,1.0,0.00017,-0.00222,-0.00116,0.99533,0.0158,0.09499,0.0067,33.13,34.42,0.066,0.0781
20:09:07.285,1790255347.2849,1890,11.475,2.513,1.303,1.438,0.02403,-0.00569,0.99642,-0.00073,-0.00174,0.004,0.00969,0.09343,1.004,-0.10052,0.02621,-0.00231,0.99999,-0.00031,-0.00375,-0.00111,0.99542,0.01541,0.0941,0.00683,33.13,34.42,0.0775,0.0737
20:09:07.305,1790255347.3051,1891,11.277,2.327,1.308,1.438,-0.00025,0.01001,0.98682,-0.00096,0.00119,-0.00149,0.01236,0.08847,0.99329,-0.10623,0.03276,0.00276,0.99999,0.00083,-0.00291,-0.00113,0.99551,0.01496,0.09319,0.00702,33.13,34.42,0.0702,0.078
20:09:07.325,1790255347.3252,1892,11.024,2.343,1.314,1.439,-0.00677,-0.00412,0.99045,0.00144,0.00021,0.0008,0.01096,0.08111,0.98431,-0.10064,0.02498,0.00206,1.0,0.00022,-0.00158,-0.00113,0.9956,0.01451,0.09233,0.00718,33.13,34.42,0.0729,0.0708
20:09:07.345,1790255347.3454,1893,10.892,2.123,1.32,1.439,9e-05,0.01867,0.99236,-0.00071,0.00113,0.00222,0.00736,0.09492,1.00181,-0.10859,0.02412,-0.00128,1.0,0.00169,-0.00132,-0.00111,0.99569,0.01409,0.09141,0.00732,33.13,34.42,0.0744,0.0753
20:09:07.366,1790255347.3659,1894,10.851,2.204,1.325,1.44,0.00716,-0.00489,0.99641,-0.00125,-0.00273,0.00021,0.01626,0.06871,0.99474,-0.12169,0.0169,-0.00207,1.0,0.00028,-0.00211,-0.00111,0.9958,0.01336,0.09029,0.00745,33.13,34.43,0.0773,0.0779
20:09:07.386,1790255347.3861,1895,10.625,2.027,1.33,1.44,-0.0023,0.00608,0.98333,-0.00145,-0.00261,-0.00016,0.00261,0.07839,1.01113,-0.11691,0.00955,-0.00315,1.0,0.00115,-0.0011,-0.00111,0.99589,0.01275,0.0893,0.00757,33.13,34.43,0.0675,0.0694
20:09:07.406,1790255347.4064,1896,10.471,2.133,1.336,1.441,0.00112,-0.01004,0.97888,-0.00061,0.00011,-0.00126,0.01177,0.09598,0.99331,-0.1129,0.00269,0.0008,1.0,-0.00015,-0.00099,-0.00111,0.996,0.01235,0.0881,0.00773,33.13,34.43,0.0642,0.0785
20:09:07.426,1790255347.4266,1897,10.324,1.931,1.341,1.441,-0.00401,0.02778,0.98583,-0.00329,-0.00027,0.00099,0.01365,0.11006,1.00431,-0.11481,0.00427,-0.0062,1.0,0.00119,-0.00071,-0.0011,0.9961,0.01197,0.08708,0.00783,33.13,34.43,0.0697,0.0722
20:09:07.447,1790255347.4473,1898,10.166,2.008,1.346,1.441,-0.00075,-0.01021,1.01732,-0.00123,-0.00166,-0.00297,0.00972,0.06905,1.00345,-0.12358,0.01069,-0.0027,1.0,-0.00018,-0.00049,-0.00113,0.9962,0.01126,0.08595,0.00795,33.13,34.43,0.067,0.0756
20:09:07.468,1790255347.4679,1899,9.886,1.822,1.351,1.441,-0.00398,0.00375,0.99235,-0.00052,0.00121,0.00037,0.0045,0.08334,0.99875,-0.12751,-0.00331,-0.00446,1.0,0.0008,0.00069,-0.00113,0.99632,0.01067,0.08466,0.00807,33.13,34.43,0.0743,0.0783
20:09:07.488,1790255347.4881,1900,9.773,1.644,1.355,1.441,-0.00065,0.01063,0.97309,-0.00184,-0.00271,-0.00256,0.01308,0.10406,0.98777,-0.11549,-0.00211,-0.00414,1.0,0.00198,0.00057,-0.00116,0.99642,0.01032,0.08353,0.00818,33.13,34.43,0.0599,0.075
20:09:07.508,1790255347.5087,1901,9.799,1.503,1.36,1.441,0.0158,0.01175,0.99528,0.00025,-0.00159,-0.00275,0.03528,0.09538,1.00308,-0.12696,-0.00775,0.00138,1.0,0.00264,-0.00088,-0.00118,0.99653,0.00974,0.08229,0.00835,33.13,34.43,0.0766,0.0738
20:09:07.529,1790255347.5293,1902,9.765,1.557,1.365,1.442,0.01386,-0.00555,0.97878,0.001,-0.00014,-0.00065,0.01951,0.10351,1.00161,-0.12332,-0.01249,-0.00033,1.0,0.00176,-0.00188,-0.00118,0.99663,0.0093,0.08103,0.0085,33.13,34.43,0.0642,0.0746
20:09:07.550,1790255347.5499,1903,9.625,1.327,1.37,1.441,0.00305,0.01265,0.98243,0.0029,-0.00239,-0.00126,0.03133,0.09453,0.98577,-0.12885,-0.00573,-0.00646,0.99999,0.00316,-0.00181,-0.00119,0.99673,0.00873,0.07984,0.00859,33.13,34.43,0.0669,0.0731
20:09:07.570,1790255347.5705,1904,9.447,1.078,1.374,1.441,0.00197,0.01575,0.99909,0.0005,-0.00198,-0.00139,0.03152,0.10824,0.97989,-0.13095,-0.02922,-0.00128,0.99999,0.00478,-0.00155,-0.00121,0.99684,0.0082,0.07851,0.00873,33.13,34.43,0.0794,0.0698
20:09:07.591,1790255347.5909,1905,9.248,1.216,1.379,1.441,0.00117,-0.00267,1.00061,0.00049,0.00149,0.00196,0.02561,0.10976,0.99583,-0.13007,-0.0271,-0.00116,0.99999,0.00318,-0.00129,-0.00119,0.99696,0.00781,0.07708,0.00887,33.13,34.43,0.0795,0.0784
20:09:07.611,1790255347.6112,1906,9.264,1.239,1.383,1.441,0.01628,-0.00055,0.99999,-0.00194,0.0023,0.00215,0.02575,0.10734,0.98266,-0.14377,-0.02357,0.00235,0.99999,0.00243,-0.00271,-0.00116,0.99706,0.00721,0.0758,0.00906,33.13,34.43,0.0799,0.0716
20:09:07.631,1790255347.6317,1907,9.114,1.034,1.388,1.441,0.00523,0.0121,0.98356,0.00052,0.00152,-0.00075,0.01807,0.12313,0.99907,-0.13761,-0.02887,-1e-05,0.99999,0.00381,-0.0027,-0.00117,0.99716,0.00683,0.07448,0.00922,33.13,34.43,0.0677,0.0749
20:09:07.652,1790255347.6519,1908,8.833,0.904,1.392,1.441,-0.00709,0.01436,0.97796,-0.00044,-0.00343,0.00027,0.0271,0.1091,1.00523,-0.13447,-0.03516,0.00066,0.99999,0.00443,-0.00161,-0.00117,0.99726,0.00636,0.07311,0.00937,33.13,34.43,0.0636,0.0714
20:09:07.672,1790255347.6726,1909,8.753,0.73,1.396,1.44,0.01546,0.02585,0.97672,0.00355,0.00159,-0.00194,0.02694,0.11247,0.99486,-0.1394,-0.03174,-3e-05,0.99998,0.00552,-0.00235,-0.00119,0.99737,0.00593,0.07164,0.00953,33.13,34.43,0.0629,0.0788
20:09:07.693,1790255347.6929,1910,8.721,0.806,1.4,1.44,0.01722,-0.00033,0.99407,0.00038,0.0007,0.00166,0.01055,0.11176,0.97943,-0.13563,-0.04644,-0.00207,0.99998,0.00449,-0.00349,-0.00118,0.99747,0.00553,0.07024,0.00966,33.13,34.43,0.0757,0.0694
20:09:07.713,1790255347.7134,1911,8.392,0.749,1.404,1.439,-0.00826,0.01012,0.98745,-0.00181,-0.00085,0.00125,0.00444,0.11889,0.99039,-0.14893,-0.04133,0.00377,0.99999,0.00459,-0.00206,-0.00118,0.99757,0.00517,0.0688,0.00986,33.13,34.43,0.0707,0.0781
20:09:07.733,1790255347.7336,1912,8.062,0.603,1.408,1.439,-0.00508,0.01564,0.99923,-0.00217,0.00256,-0.00241,0.01204,0.11941,0.9962,-0.1434,-0.0546,0.00123,0.99998,0.00549,-0.00073,-0.00121,0.99767,0.00485,0.06724,0.01003,33.13,34.43,0.0795,0.0774
20:09:07.754,1790255347.7539,1913,7.948,0.726,1.412,1.438,0.00386,0.00389,0.99309,-0.00204,-0.00142,-0.00224,0.01666,0.1211,0.98118,-0.14487,-0.05555,-0.00108,0.99999,0.00403,-0.00124,-0.00123,0.99777,0.00445,0.06577,0.01017,33.13,34.43,0.0748,0.0716
20:09:07.774,1790255347.7741,1914,7.638,0.747,1.415,1.438,-0.01591,-0.0001,1.01409,0.00333,0.00443,1e-05,0.01832,0.12301,0.98588,-0.1447,-0.0424,0.0021,0.99999,0.00349,8e-05,-0.00123,0.99786,0.00412,0.06439,0.01034,33.13,34.43,0.0693,0.0753
20:09:07.794,1790255347.7944,1915,7.49,0.876,1.419,1.438,0.00384,-0.01486,0.9879,0.0014,-0.00207,-0.00446,0.01585,0.12185,0.98354,-0.14013,-0.06105,0.00073,1.0,0.00208,-0.0002,-0.00128,0.99796,0.00383,0.06286,0.01049,33.13,34.43,0.071,0.0734
20:09:07.814,1790255347.8146,1916,7.44,0.7,1.422,1.437,0.00659,0.01142,0.99299,0.00376,-0.00162,-0.00399,0.00908,0.1252,1.00471,-0.14735,-0.0632,0.00132,0.99999,0.00327,-0.0012,-0.00131,0.99805,0.00348,0.06139,0.01065,33.13,34.43,0.0748,0.0706
20:09:07.835,1790255347.8348,1917,7.408,0.593,1.426,1.437,0.01124,0.0123,0.98754,0.00079,-0.0,0.00035,0.00841,0.13675,0.99753,-0.14251,-0.06631,0.00246,0.99999,0.00405,-0.00239,-0.00131,0.99814,0.00331,0.0599,0.01082,33.13,34.43,0.0708,0.0748
20:09:07.855,1790255347.8551,1918,7.168,0.423,1.429,1.436,0.00412,0.00907,0.98784,-0.00082,-0.00059,0.00109,0.01772,0.14989,0.97802,-0.1445,-0.06646,0.0002,0.99998,0.0053,-0.00169,-0.00132,0.99822,0.00311,0.05848,0.01096,33.13,34.43,0.0709,0.0722
20:09:07.875,1790255347.8756,1919,6.956,0.58,1.432,1.436,0.00176,-0.00596,0.99028,-0.00025,-0.00074,0.00197,0.02519,0.14951,0.98789,-0.14542,-0.07623,0.00088,0.99999,0.00381,-0.00156,-0.0013,0.99832,0.003,0.0568,0.01112,33.13,34.43,0.0727,0.0796
20:09:07.896,1790255347.8958,1920,6.908,0.529,1.435,1.435,0.01467,0.00901,0.97297,0.00111,-9e-05,-0.004,0.03885,0.1343,0.99821,-0.14523,-0.07254,-0.00011,0.99999,0.00398,-0.00276,-0.00133,0.99841,0.0027,0.05518,0.01124,33.13,34.43,0.0598,0.074
20:09:07.916,1790255347.9165,1921,6.779,0.659,1.438,1.435,0.00753,0.00254,0.9849,-0.00108,-0.00117,0.00633,0.02619,0.14481,0.99801,-0.14501,-0.07932,-0.00106,0.99999,0.00265,-0.00329,-0.00126,0.9985,0.0025,0.05356,0.01137,33.13,34.43,0.0687,0.0734
20:09:07.937,1790255347.9371,1922,6.699,0.527,1.441,1.434,0.00977,0.0086,0.97811,-0.00169,0.0013,0.00222,0.01984,0.14811,0.99431,-0.15756,-0.08291,-0.00198,0.99998,0.00357,-0.0042,-0.00124,0.99858,0.00225,0.05192,0.01149,33.13,34.43,0.0636,0.0759
20:09:07.957,1790255347.9576,1923,6.333,0.525,1.444,1.434,-0.00475,0.00499,0.99044,0.00308,-0.00096,0.0033,0.02589,0.13592,0.9893,-0.15041,-0.0816,0.00064,0.99999,0.00336,-0.00274,-0.00121,0.99867,0.00208,0.0502,0.01162,33.13,34.43,0.0728,0.0792
20:09:07.978,1790255347.978,1924,6.26,0.425,1.446,1.433,0.01401,0.01397,0.97228,0.00028,0.00021,-0.00215,0.01699,0.16421,0.99261,-0.15156,-0.09074,0.00049,0.99998,0.00415,-0.00366,-0.00123,0.99875,0.00199,0.04862,0.01176,33.13,34.43,0.0594,0.0753
20:09:07.998,1790255347.9984,1925,5.932,0.414,1.449,1.433,-0.01217,0.00544,0.98207,0.00221,0.00326,-0.00111,0.01317,0.15115,0.98377,-0.16476,-0.07944,0.00233,0.99999,0.00398,-0.00228,-0.00125,0.99882,0.00178,0.04713,0.01192,33.13,34.43,0.0666,0.0765
20:09:08.018,1790255348.0187,1926,5.685,0.574,1.451,1.432,-0.00241,-0.01075,0.99715,-0.00078,0.00302,-0.00063,0.03495,0.16057,0.97747,-0.14173,-0.08288,-0.00168,0.99999,0.00249,-0.0017,-0.00125,0.99889,0.0017,0.04561,0.01202,33.13,34.43,0.0779,0.0734
20:09:08.039,1790255348.0393,1927,5.666,0.494,1.454,1.432,0.01317,0.00937,0.99588,0.00022,0.00142,-0.00281,0.01173,0.14453,0.99437,-0.15119,-0.09181,0.00021,0.99999,0.00314,-0.00313,-0.00128,0.99896,0.00163,0.044,0.01214,33.13,34.43,0.077,0.0763
20:09:08.060,1790255348.0599,1928,5.665,0.544,1.456,1.431,0.02095,0.00066,1.00188,0.00291,0.00021,-0.0,0.02855,0.16258,1.00266,-0.14475,-0.09026,-1e-05,0.99999,0.00259,-0.00464,-0.00127,0.99902,0.00148,0.04249,0.01224,33.13,34.43,0.0784,0.0679
20:09:08.080,1790255348.0802,1929,5.369,0.406,1.458,1.431,-0.00251,0.01947,0.9883,5e-05,-0.00096,0.00151,0.02442,0.14542,0.9889,-0.15121,-0.09616,0.00047,0.99999,0.00371,-0.00373,-0.00128,0.99909,0.00145,0.04079,0.01236,33.13,34.43,0.0714,0.0799
20:09:08.100,1790255348.1005,1930,5.016,0.371,1.46,1.43,-0.01322,0.01105,1.00102,0.00037,0.00081,-0.00013,0.02252,0.15853,0.97748,-0.1394,-0.09219,-0.00125,0.99999,0.00399,-0.00214,-0.00129,0.99915,0.00148,0.03929,0.01245,33.13,34.43,0.0791,0.0729
20:09:08.121,1790255348.1211,1931,4.925,0.261,1.462,1.429,0.01698,0.0245,0.97754,0.00134,-0.00209,0.00308,0.02277,0.15626,0.98918,-0.14477,-0.09774,-0.00049,0.99998,0.00503,-0.00296,-0.00125,0.99921,0.00156,0.03765,0.01255,33.13,34.43,0.0635,0.0787
20:09:08.141,1790255348.1414,1932,4.598,0.374,1.464,1.429,-0.00635,-0.00184,0.99609,0.00058,0.00237,-0.00076,0.03302,0.15949,0.98313,-0.15296,-0.10336,-0.00016,0.99999,0.00395,-0.00182,-0.00126,0.99927,0.00152,0.03597,0.01265,33.13,34.43,0.0771,0.0774
20:09:08.161,1790255348.1617,1933,4.366,0.519,1.466,1.428,-0.00035,-0.00418,0.97153,-0.00235,-0.00031,0.00306,0.01088,0.16761,0.98936,-0.14737,-0.11453,-0.00073,0.99999,0.00279,-0.00145,-0.00123,0.99933,0.00164,0.03435,0.01274,33.13,34.43,0.0587,0.0774
20:09:08.182,1790255348.1821,1934,4.153,0.325,1.467,1.428,-0.00039,0.02504,1.01324,0.00357,-0.00038,0.00033,0.04642,0.1582,0.97017,-0.15298,-0.10866,-0.00186,0.99999,0.00423,-0.00122,-0.00123,0.99938,0.00142,0.03268,0.0128,33.13,34.43,0.0698,0.0681
20:09:08.202,1790255348.2024,1935,3.935,0.203,1.469,1.427,-0.00241,0.01753,0.96772,-0.00111,0.00074,0.00314,0.02033,0.16134,0.97499,-0.15015,-0.09696,-8e-05,0.99999,0.00522,-0.0007,-0.0012,0.99943,0.00138,0.03127,0.01289,33.13,34.43,0.0559,0.0713
20:09:08.222,1790255348.2227,1936,3.907,0.309,1.47,1.426,0.01163,0.00384,0.99453,-0.00381,0.00203,0.00234,0.02962,0.17771,0.99734,-0.14224,-0.10744,0.00099,0.99999,0.00435,-0.00198,-0.00117,0.99947,0.00141,0.02977,0.01297,33.13,34.43,0.076,0.0699
20:09:08.243,1790255348.2432,1937,3.829,0.202,1.471,1.426,0.00784,0.01348,0.98601,-0.00163,-0.00294,0.00072,0.02144,0.17306,0.98145,-0.14714,-0.11817,0.00299,0.99998,0.00544,-0.00291,-0.00116,0.99952,0.00156,0.02814,0.01309,33.13,34.43,0.0696,0.0776
20:09:08.263,1790255348.2635,1938,3.693,0.065,1.472,1.425,0.01071,0.03084,0.98986,-0.00115,-0.00124,0.00591,0.02672,0.18406,0.98755,-0.13675,-0.1197,-0.00858,0.99997,0.00686,-0.00328,-0.00111,0.99956,0.00179,0.02653,0.01307,33.13,34.43,0.0728,0.0763
20:09:08.284,1790255348.2839,1939,3.376,0.13,1.474,1.424,-0.02413,0.00126,0.98874,-0.00232,-0.00134,0.0043,0.02823,0.19299,0.96854,-0.14693,-0.10761,-0.00029,0.99998,0.00629,-0.00194,-0.00107,0.9996,0.00184,0.02513,0.01314,33.13,34.43,0.0718,0.071
20:09:08.304,1790255348.3043,1940,3.132,0.276,1.474,1.424,-0.00863,-0.01207,0.97145,4e-05,0.00072,0.00166,0.02123,0.17363,0.98704,-0.14122,-0.11703,0.00301,0.99998,0.00522,-0.00139,-0.00107,0.99963,0.00209,0.02358,0.01324,33.13,34.43,0.0587,0.0782
20:09:08.324,1790255348.3248,1941,2.959,0.435,1.475,1.423,7e-05,-0.01355,0.98964,-0.00031,-0.00304,-0.00273,0.0175,0.17833,1.00855,-0.14348,-0.11141,-0.00292,0.99999,0.00375,-0.00126,-0.0011,0.99966,0.00202,0.02225,0.01326,33.13,34.43,0.0723,0.0617
20:09:08.345,1790255348.3449,1942,2.927,0.532,1.476,1.422,0.017,-0.00118,0.97895,0.00019,-0.00033,0.00281,0.01496,0.1667,0.97461,-0.13857,-0.1141,-0.00455,0.99999,0.00309,-0.00238,-0.00106,0.99969,0.00219,0.02086,0.01327,33.13,34.43,0.0643,0.0717
20:09:08.365,1790255348.3654,1943,2.765,0.399,1.477,1.422,0.00481,0.0104,0.97582,0.00295,-0.00215,0.00154,0.03235,0.17742,0.99952,-0.13188,-0.11969,0.00109,0.99999,0.00438,-0.00246,-0.00105,0.99972,0.00235,0.01935,0.01333,33.13,34.43,0.0619,0.0683
20:09:08.385,1790255348.3856,1944,2.429,0.486,1.477,1.421,-0.00421,0.00483,0.98926,-0.00047,0.00155,-4e-05,0.03452,0.18101,0.97376,-0.13208,-0.12515,0.00439,0.99999,0.00382,-0.00112,-0.00106,0.99975,0.0026,0.01777,0.01342,33.13,34.43,0.072,0.0733
20:09:08.406,1790255348.4058,1945,2.434,0.449,1.478,1.421,0.01305,0.0129,1.00856,0.00073,0.00142,-0.00014,0.00692,0.18703,0.99228,-0.13352,-0.12159,0.00268,0.99999,0.00446,-0.00246,-0.00105,0.99977,0.00289,0.01647,0.0135,33.13,34.43,0.0735,0.0727
20:09:08.426,1790255348.4261,1946,2.083,0.548,1.478,1.42,0.00241,0.00797,0.99695,-0.00086,0.00196,-0.0001,0.03722,0.18098,0.98147,-0.13289,-0.11926,0.00796,0.99999,0.0039,-0.00096,-0.00106,0.99979,0.00325,0.01492,0.01362,33.13,34.43,0.0777,0.079
20:09:08.446,1790255348.4467,1947,1.83,0.472,1.478,1.42,-0.00877,0.01999,0.98101,0.00107,0.00341,-6e-05,0.02121,0.19491,0.97954,-0.13332,-0.11356,-0.00354,0.99999,0.00493,-4e-05,-0.00106,0.99981,0.00367,0.0136,0.01362,33.13,34.43,0.0659,0.0792
20:09:08.467,1790255348.4673,1948,1.778,0.391,1.479,1.419,0.00558,0.016,1.00826,0.00039,-0.00159,0.00145,0.03391,0.18436,0.98143,-0.13111,-0.12153,-0.00181,0.99998,0.00606,-0.00108,-0.00104,0.99983,0.00408,0.01208,0.01364,33.13,34.43,0.0737,0.0794
20:09:08.488,1790255348.4879,1949,1.724,0.58,1.479,1.419,0.00784,0.00488,0.98484,-0.00436,-0.00108,-0.00075,0.01088,0.19559,0.97461,-0.12263,-0.12728,0.00429,0.99999,0.00491,-0.00199,-0.00104,0.99984,0.00457,0.01074,0.01371,33.13,34.43,0.0687,0.0756
20:09:08.508,1790255348.5084,1950,1.417,0.709,1.479,1.418,-0.00556,0.00465,1.00897,-0.00417,-0.00151,-0.00138,0.02715,0.18865,0.99697,-0.11316,-0.12202,0.00207,0.99999,0.00414,-0.00069,-0.00106,0.99985,0.00498,0.00939,0.01375,33.13,34.43,0.0733,0.0687
20:09:08.529,1790255348.5288,1951,1.149,0.618,1.478,1.418,-0.0045,0.01535,0.99172,0.00191,-0.00173,-0.00257,0.04421,0.18702,0.99241,-0.11328,-0.11777,-0.00031,0.99999,0.00532,0.00024,-0.0011,0.99986,0.00542,0.00796,0.01377,33.13,34.43,0.0739,0.0719
20:09:08.549,1790255348.5493,1952,0.835,0.755,1.478,1.418,-0.00626,0.00626,0.99884,0.00058,0.00052,0.00067,0.04035,0.17895,0.96451,-0.1206,-0.12205,-0.00149,0.99999,0.00434,0.00154,-0.0011,0.99987,0.0057,0.00654,0.01377,33.13,34.43,0.0792,0.0663
20:09:08.569,1790255348.5694,1953,0.844,0.916,1.478,1.417,0.01258,-0.00042,0.99046,-0.00095,-0.00194,0.00053,0.02458,0.19763,0.98442,-0.10778,-0.11245,0.00249,0.99999,0.0036,0.00024,-0.00109,0.99987,0.00634,0.00536,0.0138,33.13,34.43,0.0729,0.0767
20:09:08.590,1790255348.59,1954,0.673,0.806,1.477,1.417,-0.00187,0.01652,0.99162,-0.00164,-0.00248,-0.00036,0.03351,0.17572,0.98883,-0.11583,-0.11586,-0.00508,0.99999,0.00508,0.00043,-0.0011,0.99987,0.00688,0.00402,0.01376,33.13,34.43,0.0738,0.0763
20:09:08.610,1790255348.6103,1955,0.587,0.999,1.477,1.417,0.01205,-0.00691,0.974,-0.0033,-0.00293,0.00115,0.0462,0.17876,0.98444,-0.10481,-0.12404,0.00225,0.99999,0.00407,-0.00034,-0.00108,0.99987,0.00755,0.00253,0.01379,33.12,34.43,0.0606,0.0788
20:09:08.631,1790255348.6309,1956,0.334,1.207,1.476,1.417,-0.00724,-0.00392,1.00617,0.00044,-7e-05,-0.00363,0.03674,0.18732,0.9835,-0.11915,-0.11646,-2e-05,1.0,0.00277,0.0005,-0.00112,0.99987,0.00811,0.00121,0.01379,33.12,34.43,0.0754,0.0786
20:09:08.652,1790255348.6522,1957,0.038,1.161,1.475,1.416,-0.00498,0.00867,0.99918,-0.00095,-0.00115,4e-05,0.03589,0.19605,0.97598,-0.10556,-0.11452,0.00059,0.99999,0.00382,0.00183,-0.00113,0.99987,0.00881,-7e-05,0.01379,33.12,34.43,0.0794,0.0771
20:09:08.672,1790255348.6726,1958,0.039,1.347,1.475,1.416,0.0067,-0.00124,0.99198,0.00133,-0.00073,-0.00042,0.02979,0.21393,0.96032,-0.09442,-0.11287,0.00489,1.0,0.00284,0.00068,-0.00112,0.99986,0.00944,-0.00116,0.01384,33.12,34.43,0.074,0.0682
20:09:08.693,1790255348.6929,1959,0.016,1.327,1.474,1.416,0.0054,0.01083,0.97744,0.00301,-0.00255,0.00083,0.03484,0.21274,0.97932,-0.11233,-0.12424,-0.00034,0.99999,0.00366,-0.00036,-0.00111,0.99985,0.01007,-0.00242,0.01382,33.12,34.43,0.0631,0.0779
20:09:08.713,1790255348.7133,1960,-0.007,1.54,1.473,1.416,0.00989,-0.00249,0.99304,-0.00172,0.00365,-5e-05,0.04091,0.19023,0.99014,-0.09507,-0.10962,0.00672,1.0,0.00252,-0.00137,-0.00111,0.99984,0.01078,-0.00359,0.01388,33.12,34.43,0.0748,0.0732
20:09:08.733,1790255348.7337,1961,-0.256,1.537,1.472,1.417,-0.0074,0.0113,0.9896,-0.00093,0.00234,0.00099,0.0306,0.18275,0.97474,-0.08905,-0.09475,0.00088,0.99999,0.00329,-0.0001,-0.0011,0.99983,0.01157,-0.0045,0.01387,33.12,34.43,0.0723,0.0741
20:09:08.754,1790255348.7539,1962,-0.293,1.503,1.471,1.417,0.00589,0.0146,0.98283,-0.00038,0.00085,-0.00239,0.04464,0.20592,0.98614,-0.08599,-0.10905,0.00426,0.99999,0.0044,-0.00088,-0.00112,0.99981,0.01238,-0.00563,0.0139,33.12,34.43,0.0672,0.0737
20:09:08.774,1790255348.7744,1963,-0.528,1.727,1.47,1.417,0.00028,0.00702,0.98822,-0.00169,0.00262,0.00125,0.03058,0.20582,0.97467,-0.08897,-0.1098,-0.00184,0.99999,0.00328,0.0001,-0.00111,0.99979,0.01325,-0.00665,0.01386,33.12,34.44,0.0712,0.0775
20:09:08.794,1790255348.7947,1964,-0.547,1.687,1.469,1.417,0.01292,0.02833,1.00379,-0.00263,0.00034,-0.00038,0.02839,0.20218,0.98076,-0.08418,-0.11134,-0.00177,0.99999,0.00458,-0.00071,-0.00112,0.99977,0.0142,-0.00765,0.01382,33.12,34.44,0.0768,0.0787
20:09:08.815,1790255348.8151,1965,-0.491,1.761,1.468,1.417,0.0079,0.00987,0.98112,0.00225,-0.00241,-0.00234,0.02524,0.20155,0.9911,-0.08252,-0.10314,0.00205,0.99999,0.00478,-0.00206,-0.00113,0.99976,0.01501,-0.00852,0.01381,33.12,34.44,0.0659,0.0712
20:09:08.835,1790255348.8357,1966,-0.682,1.738,1.467,1.417,-0.01128,0.02698,0.97853,-0.00031,-0.00479,0.00188,0.02701,0.20822,0.96731,-0.08437,-0.10229,0.00048,0.99998,0.00578,-0.00125,-0.00112,0.99974,0.01584,-0.00939,0.01379,33.12,34.44,0.0642,0.0724
20:09:08.856,1790255348.856,1967,-0.759,1.655,1.465,1.417,0.00313,0.01814,1.00036,-1e-05,-0.00246,0.00066,0.04033,0.19594,0.96741,-0.07377,-0.09558,-0.00324,0.99997,0.00738,-0.00143,-0.00112,0.99971,0.01673,-0.01028,0.01373,33.12,34.44,0.0796,0.0709
20:09:08.876,1790255348.8765,1968,-0.883,1.946,1.464,1.418,-0.0008,-0.00784,0.99062,-0.00111,0.0011,0.00085,0.0229,0.21208,0.98286,-0.06637,-0.10116,-0.00123,0.99998,0.0059,-0.00119,-0.00112,0.99969,0.0178,-0.01106,0.01368,33.12,34.44,0.073,0.0757
20:09:08.897,1790255348.8971,1969,-0.954,2.174,1.463,1.418,0.00401,0.00748,0.96184,0.00153,0.004,0.00281,0.04078,0.17896,0.98652,-0.07278,-0.10071,-0.00094,0.99999,0.00495,-0.00159,-0.00108,0.99966,0.01885,-0.01203,0.01363,33.12,34.44,0.0514,0.0774
20:09:08.917,1790255348.9176,1970,-0.935,2.245,1.461,1.419,0.01295,0.01374,0.97167,0.00307,0.00174,-0.00015,0.04481,0.20168,0.99029,-0.05551,-0.10035,-0.00241,0.99998,0.00544,-0.00268,-0.00108,0.99963,0.01993,-0.01297,0.01358,33.12,34.44,0.0589,0.0713
20:09:08.938,1790255348.9382,1971,-0.926,2.5,1.46,1.419,0.00908,0.00593,0.97654,-0.00163,-0.00225,0.00114,0.02776,0.20887,0.97652,-0.06297,-0.09417,-0.00127,0.99998,0.00442,-0.00352,-0.00106,0.99959,0.02112,-0.01368,0.01352,33.12,34.44,0.0624,0.0792
20:09:08.958,1790255348.9586,1972,-0.859,2.594,1.459,1.42,0.01852,0.01197,0.99282,0.00211,0.00169,-0.00305,0.03612,0.20901,0.97291,-0.05441,-0.10324,0.00163,0.99998,0.00485,-0.00498,-0.00109,0.99955,0.02234,-0.01455,0.0135,33.12,34.44,0.0748,0.0768
20:09:08.979,1790255348.979,1973,-1.084,2.636,1.457,1.42,-0.01121,0.01816,0.99064,0.00208,-0.00299,-0.0006,0.02621,0.19329,0.96263,-0.05544,-0.08848,0.00443,0.99998,0.00543,-0.00362,-0.0011,0.99952,0.02334,-0.01516,0.0135,33.12,34.44,0.0732,0.0666
20:09:08.999,1790255348.9994,1974,-1.351,2.782,1.456,1.421,-0.0067,0.00702,0.98914,-1e-05,0.00399,0.00197,0.05583,0.20089,1.00249,-0.05017,-0.0906,0.0005,0.99998,0.00505,-0.00217,-0.00109,0.99949,0.02428,-0.01602,0.01347,33.12,34.44,0.0719,0.062
20:09:09.020,1790255349.0199,1975,-1.5,2.761,1.454,1.422,-0.00146,0.02047,1.00538,-0.00086,-0.00133,-3e-05,0.0224,0.21014,0.98598,-0.04959,-0.09018,0.00064,0.99998,0.0064,-0.00141,-0.0011,0.99945,0.02548,-0.01658,0.01343,33.12,34.44,0.0758,0.0737
20:09:09.040,1790255349.0403,1976,-1.418,3.0,1.453,1.423,0.00688,0.0103,0.99374,0.00074,-0.00208,0.00141,0.02967,0.18013,0.98983,-0.04521,-0.08973,0.00182,0.99998,0.00562,-0.00276,-0.00107,0.9994,0.02675,-0.01718,0.0134,33.12,34.44,0.0754,0.0751
20:09:09.060,1790255349.0606,1977,-1.636,3.222,1.451,1.424,-0.00417,0.00609,1.00242,-0.0007,-0.003,0.00035,0.02501,0.20849,0.96404,-0.03832,-0.08368,0.00212,0.99999,0.00486,-0.00139,-0.00107,0.99936,0.02798,-0.01768,0.01337,33.12,34.44,0.0782,0.07
20:09:09.081,1790255349.0808,1978,-1.843,3.453,1.449,1.425,-0.01343,0.00135,1.00963,0.00311,0.00113,-8e-05,0.02119,0.21336,0.97067,-0.03204,-0.08479,-0.00078,0.99999,0.00421,-8e-05,-0.00108,0.99932,0.02938,-0.01813,0.01332,33.12,34.44,0.0727,0.0756
20:09:09.101,1790255349.1014,1979,-1.956,3.439,1.447,1.426,-0.00102,0.01126,1.00264,-0.00147,-0.00156,0.00027,0.01959,0.20115,0.99329,-0.02488,-0.0843,0.00059,0.99998,0.00568,0.00052,-0.00108,0.99927,0.03075,-0.01855,0.01327,33.12,34.44,0.078,0.0698
20:09:09.122,1790255349.122,1980,-2.113,3.51,1.445,1.427,-0.01433,0.01949,0.98022,-0.0011,0.00154,0.00133,0.01296,0.21949,0.96641,-0.03221,-0.06956,0.00131,0.99998,0.00638,0.00167,-0.00107,0.99922,0.03211,-0.01877,0.01323,33.12,34.44,0.0654,0.0733
20:09:09.142,1790255349.1424,1981,-1.993,3.637,1.444,1.428,-0.001,0.01307,0.98954,0.00173,1e-05,0.00215,0.0397,0.20935,0.96951,-0.03567,-0.06358,0.00304,0.99998,0.00667,0.00022,-0.00104,0.99917,0.03346,-0.01917,0.01322,33.12,34.44,0.0722,0.0745
20:09:09.162,1790255349.1627,1982,-2.018,3.97,1.442,1.43,0.00056,0.00379,0.98922,0.00183,0.0018,-0.00332,0.03484,0.19926,0.97569,-0.02859,-0.06074,-0.00322,0.99999,0.00524,8e-05,-0.00107,0.99911,0.03493,-0.01947,0.01314,33.12,34.44,0.0719,0.0773
20:09:09.183,1790255349.1829,1983,-2.218,4.056,1.44,1.431,-0.01126,0.01625,0.99448,-0.00033,-0.00163,3e-05,0.04418,0.22436,0.98028,-0.02036,-0.06092,-0.00229,0.99998,0.00595,0.00144,-0.00108,0.99905,0.03643,-0.01986,0.01308,33.12,34.44,0.076,0.075
20:09:09.203,1790255349.2031,1984,-2.414,4.261,1.438,1.433,-0.0151,0.00783,0.98655,-0.00086,0.0017,0.00273,0.03324,0.21256,0.98825,-0.02417,-0.06466,0.00474,0.99998,0.00551,0.00281,-0.00106,0.999,0.03783,-0.02017,0.01308,33.12,34.44,0.07,0.0715
20:09:09.223,1790255349.2237,1985,-2.371,4.289,1.435,1.434,-0.00279,0.01745,1.00871,0.00112,-0.00082,-0.00066,0.03318,0.19034,0.97669,-0.01702,-0.06316,-0.00157,0.99997,0.00689,0.00218,-0.00106,0.99893,0.03942,-0.02044,0.01301,33.12,34.44,0.0734,0.0767
20:09:09.244,1790255349.244,1986,-2.416,4.313,1.433,1.436,-0.00452,0.01606,0.9862,0.00376,0.00043,0.0007,0.04622,0.19892,0.98451,-0.00717,-0.05064,-0.00068,0.99996,0.00833,0.0023,-0.00105,0.99886,0.04108,-0.02074,0.01297,33.12,34.44,0.0698,0.0759
20:09:09.264,1790255349.2642,1987,-2.365,4.654,1.431,1.438,0.00112,0.00485,0.98682,-0.00103,0.00199,0.00029,0.02896,0.2084,0.96922,-0.00081,-0.05208,0.00204,0.99997,0.00704,0.00169,-0.00104,0.99878,0.04275,-0.02085,0.01294,33.12,34.44,0.0701,0.0738
20:09:09.285,1790255349.2848,1988,-2.27,4.726,1.429,1.439,0.00446,0.02221,0.97533,-0.00164,-0.00173,-0.00336,0.02344,0.21726,0.99309,-0.00484,-0.05259,-0.00119,0.99997,0.00796,0.00081,-0.00107,0.99872,0.04427,-0.02091,0.01288,33.12,34.44,0.0617,0.0674
20:09:09.305,1790255349.3051,1989,-2.154,4.826,1.427,1.441,0.00346,0.01928,0.98172,0.00385,0.00185,-0.00214,0.03317,0.20706,0.98863,0.00315,-0.04399,0.00657,0.99996,0.00878,-0.00026,-0.00108,0.99864,0.04594,-0.02097,0.01291,33.12,34.44,0.0664,0.072
20:09:09.325,1790255349.3254,1990,-2.082,5.162,1.425,1.443,0.01282,0.00123,0.98032,-0.00189,0.0015,-0.00164,0.04319,0.20567,0.97571,0.00379,-0.03812,-0.00211,0.99997,0.0077,-0.00106,-0.00109,0.99855,0.04776,-0.02109,0.01285,33.12,34.44,0.0653,0.0786
20:09:09.346,1790255349.3458,1991,-2.222,5.315,1.423,1.445,-0.00662,0.01902,0.99159,0.00128,0.00386,-0.00174,0.02786,0.21049,0.97358,0.02182,-0.02696,-0.00135,0.99996,0.00831,0.00036,-0.00112,0.99846,0.04974,-0.02089,0.0128,33.12,34.44,0.0738,0.0773
20:09:09.366,1790255349.3664,1992,-2.262,5.72,1.421,1.448,-0.00347,0.00436,0.99686,-0.00498,-0.00122,-0.00239,0.03621,0.2045,0.9844,0.01811,-0.03177,-0.00162,0.99998,0.0067,0.0007,-0.00115,0.99837,0.05166,-0.02084,0.01275,33.12,34.44,0.0777,0.0754
20:09:09.387,1790255349.3868,1993,-2.318,6.099,1.419,1.45,-0.00423,0.00441,0.97986,-0.00434,3e-05,0.00362,0.0477,0.20608,0.97229,0.02674,-0.0213,0.0018,0.99998,0.00539,0.00111,-0.00111,0.99826,0.05367,-0.02086,0.01275,33.12,34.44,0.0649,0.0763
20:09:09.407,1790255349.4073,1994,-2.181,6.458,1.417,1.453,-0.0022,0.01071,0.99471,-0.00134,0.00073,0.00234,0.03366,0.18499,0.97572,0.01998,-0.02194,0.00307,0.99999,0.00421,8e-05,-0.00108,0.99816,0.05559,-0.02064,0.01275,33.12,34.44,0.0761,0.0753
20:09:09.428,1790255349.4279,1995,-2.024,6.609,1.416,1.456,0.00257,0.01037,0.9778,-0.00296,0.00174,0.00145,0.03014,0.19289,0.98322,0.02735,-0.01515,-0.00069,0.99999,0.00498,-0.00093,-0.00107,0.99805,0.05764,-0.02028,0.01272,33.12,34.44,0.0634,0.0782
20:09:09.448,1790255349.4485,1996,-2.174,6.866,1.414,1.459,-0.00756,0.00827,0.9957,0.00051,0.00351,0.00149,0.02691,0.20941,0.97896,0.02149,-0.02165,-0.00512,0.99999,0.00471,0.00066,-0.00106,0.99794,0.05965,-0.01997,0.01263,33.12,34.44,0.0768,0.0789
20:09:09.469,1790255349.4688,1997,-2.069,6.966,1.412,1.462,0.00043,0.0157,0.97558,-0.00206,-0.0032,0.0005,0.01863,0.20142,0.99047,0.0449,-0.01202,-0.00293,0.99998,0.00591,0.0003,-0.00105,0.99783,0.06169,-0.01943,0.01257,33.12,34.44,0.0618,0.0718
20:09:09.489,1790255349.4893,1998,-1.958,7.332,1.41,1.465,0.00375,0.00639,0.97372,-0.00025,0.00238,0.00245,0.03221,0.20261,0.98114,0.04337,-0.01938,-0.00083,0.99999,0.00496,-0.00048,-0.00102,0.99769,0.06391,-0.01919,0.01253,33.12,34.44,0.0603,0.0782
20:09:09.509,1790255349.5096,1999,-1.78,7.702,1.408,1.468,0.01342,-0.0007,0.99408,-0.00014,0.00055,0.00361,0.02866,0.21807,0.97389,0.04289,-0.00189,0.00246,0.99999,0.00396,-0.00165,-0.00098,0.99756,0.06611,-0.01875,0.01254,33.12,34.44,0.0756,0.0788
20:09:09.530,1790255349.5301,2000,-1.712,7.78,1.407,1.472,0.0045,0.02236,0.99204,0.00083,0.00099,-0.00122,0.02784,0.19757,0.97521,0.04521,-0.00778,0.00015,0.99998,0.00547,-0.00178,-0.00098,0.99742,0.06829,-0.0183,0.01252,33.12,34.44,0.0742,0.0766
20:09:09.550,1790255349.5507,2001,-1.81,8.039,1.405,1.475,-0.00405,0.00984,0.98742,0.00126,-0.00056,6e-05,0.02469,0.21575,0.98861,0.04705,0.00882,-0.00034,0.99999,0.00529,-0.00033,-0.00099,0.99728,0.07039,-0.01768,0.01251,33.12,34.44,0.0706,0.0709
20:09:09.571,1790255349.5708,2002,-1.813,8.429,1.403,1.479,-0.00052,0.00699,1.0209,0.00199,-7e-05,-0.00168,0.03488,0.19209,0.97628,0.04649,0.00881,0.00095,0.99999,0.00407,5e-05,-0.00101,0.99714,0.07257,-0.01727,0.01252,33.12,34.44,0.0643,0.0767
20:09:09.591,1790255349.5913,2003,-1.865,8.56,1.401,1.483,-0.00845,0.02562,0.97545,-3e-05,-0.00356,0.00133,0.04503,0.20405,0.97864,0.05055,0.00054,0.00608,0.99999,0.00521,0.00055,-0.001,0.99697,0.07486,-0.01722,0.01261,33.12,34.44,0.0619,0.0795
20:09:09.611,1790255349.6115,2004,-1.783,9.012,1.4,1.487,0.00091,-0.00315,0.99615,0.00159,0.00214,-0.00019,0.03234,0.20682,0.97781,0.06078,0.01889,-0.00387,0.99999,0.00368,0.00034,-0.001,0.99679,0.07726,-0.01664,0.01258,33.12,34.44,0.0771,0.08
20:09:09.632,1790255349.6321,2005,-1.689,9.46,1.398,1.491,0.00293,-0.01509,1.00556,0.00222,-0.00163,0.00014,0.0257,0.20523,0.98515,0.0662,0.00575,8e-05,1.0,0.00216,8e-05,-0.001,0.99662,0.07963,-0.01602,0.01257,33.12,34.44,0.0757,0.075
20:09:09.652,1790255349.6524,2006,-1.854,9.629,1.396,1.495,-0.00338,0.00642,0.98757,-0.00237,-0.00086,0.00089,0.05141,0.19613,0.97971,0.06163,0.01313,-0.00454,0.99999,0.00293,0.00126,-0.00099,0.99643,0.0819,-0.01627,0.0126,33.12,34.44,0.0707,0.0796
20:09:09.673,1790255349.6729,2007,-1.916,10.032,1.394,1.5,-0.01539,-0.01107,0.98711,0.00121,0.00305,0.00183,0.03606,0.20767,0.98001,0.06218,0.02115,0.0078,1.0,0.0018,0.00217,-0.00097,0.99623,0.08429,-0.01583,0.01271,33.12,34.44,0.0705,0.0782
20:09:09.693,1790255349.6936,2008,-1.7,10.238,1.393,1.505,0.009,0.01289,0.9893,-0.0027,-0.00117,0.00228,0.03166,0.20114,0.98076,0.07646,0.02834,0.00355,1.0,0.00262,0.00094,-0.00095,0.99602,0.08686,-0.01516,0.01277,33.12,34.44,0.0721,0.0787
20:09:09.714,1790255349.7138,2009,-1.55,10.387,1.391,1.509,0.00657,0.01605,0.99624,0.00086,-0.00048,-0.00157,0.03573,0.19403,0.98366,0.07799,0.02897,-0.00212,0.99999,0.00386,-3e-05,-0.00094,0.99581,0.08936,-0.01482,0.01281,33.12,34.44,0.0773,0.0776
20:09:09.734,1790255349.734,2010,-1.417,10.522,1.39,1.514,0.01151,0.02849,1.00606,0.0001,0.00175,-0.00104,0.03574,0.20465,0.97657,0.0742,0.0383,0.00322,0.99999,0.00518,-0.00076,-0.00094,0.99559,0.09183,-0.01438,0.01291,33.12,34.44,0.0751,0.0788
20:09:09.754,1790255349.7546,2011,-1.233,10.584,1.388,1.519,0.00048,0.0157,1.00548,0.0003,0.00186,-0.00086,0.029,0.18497,0.98414,0.06979,0.04976,-0.00548,0.99998,0.00671,-0.00046,-0.00094,0.99542,0.09389,-0.01249,0.01281,33.12,34.44,0.0758,0.0787
20:09:09.775,1790255349.7749,2012,-1.212,10.833,1.387,1.524,0.00715,0.0077,0.98853,-0.00114,0.00216,0.00247,0.03617,0.18511,0.97012,0.08331,0.03405,0.00081,0.99998,0.00573,-0.00152,-0.00091,0.9953,0.09505,-0.01332,0.01303,33.12,34.44,0.0714,0.0712
20:09:09.795,1790255349.7952,2013,-0.881,11.098,1.386,1.529,0.01351,0.01067,1.00938,0.00246,-0.00059,0.00251,0.01362,0.20966,0.95609,0.08537,0.05149,0.00039,0.99998,0.00562,-0.00301,-0.00088,0.99511,0.0972,-0.01188,0.01304,33.12,34.44,0.0729,0.0642
20:09:09.815,1790255349.8154,2014,-1.136,11.166,1.384,1.534,0.00237,0.01173,0.98396,-0.00159,-0.00302,0.00102,0.04754,0.18991,0.98237,0.09156,0.04011,-0.00171,0.99998,0.00586,-0.00169,-0.00087,0.99501,0.09806,-0.01277,0.01326,33.12,34.44,0.068,0.0787
20:09:09.836,1790255349.836,2015,-0.905,11.208,1.383,1.54,0.01667,0.00867,0.97783,-0.00093,0.00222,-0.0029,0.02493,0.17391,0.94945,0.09149,0.03494,-0.00072,0.99998,0.00558,-0.00295,-0.0009,0.99501,0.09811,-0.01199,0.01333,33.12,34.44,0.0635,0.0542
20:09:09.856,1790255349.8564,2016,-0.929,11.058,1.382,1.545,-0.00248,0.01951,0.9884,3e-05,-0.00316,-0.00072,0.02686,0.19511,0.99389,0.09507,0.05155,-0.00117,0.99998,0.00662,-0.00196,-0.00091,0.99505,0.09786,-0.01123,0.01343,33.12,34.44,0.0714,0.0701
20:09:09.876,1790255349.8767,2017,-0.998,10.972,1.381,1.55,0.0036,0.02102,0.97018,-0.00018,-0.00074,-0.00069,0.04552,0.18219,0.9792,0.09917,0.05134,-0.00051,0.99997,0.0078,-0.00194,-0.00092,0.99499,0.09829,-0.01182,0.01366,33.12,34.44,0.0578,0.0778
20:09:09.897,1790255349.8974,2018,-0.964,11.365,1.379,1.555,0.0071,0.00743,0.98763,3e-05,-0.00473,0.00198,0.03956,0.20675,0.99015,0.09938,0.06491,0.00138,0.99998,0.00644,-0.00254,-0.00089,0.99478,0.10035,-0.01204,0.01389,33.12,34.44,0.0708,0.0708
20:09:09.917,1790255349.9177,2019,-0.882,11.508,1.378,1.56,0.0088,-0.00553,0.99166,-0.00098,-0.00022,-0.00063,0.03286,0.17933,0.98937,0.10155,0.06081,-0.00368,0.99998,0.00498,-0.00284,-0.00088,0.99481,0.10011,-0.01157,0.01401,33.12,34.44,0.0738,0.0755
20:09:09.938,1790255349.938,2020,-0.669,11.435,1.377,1.566,0.02129,0.01586,0.9847,0.00031,-0.00301,0.0027,0.02719,0.19598,0.98622,0.107,0.06808,-0.00298,0.99998,0.00548,-0.00418,-0.00085,0.99483,0.09994,-0.01105,0.01416,33.12,34.44,0.0688,0.0756
20:09:09.958,1790255349.9588,2021,-0.814,11.625,1.376,1.571,0.00024,0.00098,0.98315,0.00081,0.00153,0.00035,0.04565,0.18404,0.97271,0.11416,0.0694,0.0035,0.99998,0.00439,-0.00329,-0.00085,0.99476,0.10054,-0.01136,0.01445,33.12,34.44,0.0674,0.0733
20:09:09.979,1790255349.979,2022,-0.618,11.66,1.375,1.576,0.02127,0.00656,0.98158,-0.00241,0.00132,-0.00318,0.03273,0.17802,0.96827,0.11175,0.06577,-0.00655,0.99998,0.00418,-0.00461,-0.00088,0.99476,0.10058,-0.01095,0.01456,33.12,34.44,0.0664,0.0688
20:09:09.999,1790255349.9994,2023,-0.71,11.583,1.374,1.582,-0.00114,0.01634,1.00647,0.00126,0.00042,0.00467,0.03214,0.19161,1.00718,0.11783,0.06872,0.00039,0.99998,0.00512,-0.00339,-0.00084,0.99473,0.10088,-0.01054,0.01475,33.12,34.44,0.075,0.0607
20:09:10.020,1790255350.02,2024,-0.756,11.447,1.372,1.587,0.00226,0.0186,0.99407,-0.00106,-0.00146,0.00161,0.04323,0.1734,0.99401,0.12113,0.08114,-0.00277,0.99998,0.00648,-0.00268,-0.00083,0.99471,0.10108,-0.01024,0.01494,33.12,34.45,0.0757,0.0725
20:09:10.040,1790255350.0404,2025,-0.727,11.536,1.371,1.592,-0.00566,-0.00992,0.96911,0.00317,-0.00055,-0.00091,0.02909,0.16254,0.98757,0.11229,0.07565,-0.00477,0.99998,0.00547,-0.00218,-0.00084,0.99474,0.10084,-0.00945,0.01505,33.12,34.45,0.0569,0.079
20:09:10.061,1790255350.0609,2026,-0.843,11.74,1.37,1.598,0.00097,0.00581,0.98832,0.00362,-0.00299,0.00192,0.04644,0.18466,0.98808,0.12732,0.0815,0.00301,0.99999,0.00429,-0.0014,-0.00082,0.99467,0.10146,-0.00961,0.01535,33.12,34.45,0.0713,0.0753
20:09:10.081,1790255350.0815,2027,-0.735,11.633,1.369,1.603,0.00757,0.0198,0.97979,-0.0016,-0.00225,0.00092,0.03602,0.18548,0.9951,0.12007,0.09323,-0.00102,0.99998,0.0055,-0.00195,-0.00081,0.99465,0.10172,-0.00922,0.01558,33.12,34.45,0.065,0.0703
20:09:10.102,1790255350.1019,2028,-0.724,11.793,1.368,1.608,-0.00353,-0.00961,0.99103,-0.00025,0.00017,0.00101,0.03596,0.16186,0.9935,0.12063,0.08723,-0.00426,0.99999,0.00409,-0.00144,-0.00081,0.99465,0.10172,-0.00855,0.01573,33.12,34.45,0.0733,0.0746
20:09:10.122,1790255350.1226,2029,-0.454,11.687,1.367,1.614,0.01024,0.01431,0.99027,0.0014,0.00266,0.00125,0.01936,0.17483,0.97737,0.12895,0.08989,0.00177,0.99998,0.00507,-0.00257,-0.0008,0.99466,0.10172,-0.00733,0.01589,33.12,34.45,0.0728,0.0748
20:09:10.143,1790255350.1429,2030,-0.213,11.858,1.366,1.619,0.01443,-0.01092,0.99154,-0.00095,0.00014,-0.00055,0.01157,0.16874,0.97922,0.13556,0.1016,-0.00101,0.99999,0.00369,-0.00318,-0.00079,0.99466,0.10179,-0.00577,0.01601,33.12,34.45,0.0738,0.0753
20:09:10.163,1790255350.1632,2031,-0.209,11.774,1.365,1.625,-0.01468,0.02002,0.99089,-0.00085,-0.00233,-2e-05,0.01138,0.15306,0.99519,0.13409,0.09087,-0.00273,0.99999,0.00445,-0.00193,-0.0008,0.99466,0.10184,-0.0045,0.01612,33.12,34.45,0.0734,0.0748
20:09:10.183,1790255350.1835,2032,-0.397,11.887,1.364,1.63,-0.02491,0.0038,1.01216,-0.00058,0.00211,-0.001,0.03094,0.1918,0.97746,0.12984,0.09437,-0.00072,0.99999,0.00419,-0.0005,-0.00081,0.99458,0.10261,-0.00465,0.01639,33.12,34.45,0.0706,0.0774
20:09:10.204,1790255350.204,2033,-0.306,11.749,1.363,1.636,0.004,0.01913,0.9959,-0.00279,0.00263,-0.00185,0.03454,0.1719,0.98927,0.13422,0.0925,-0.00164,0.99998,0.00568,-0.0009,-0.00083,0.99455,0.10288,-0.00429,0.0166,33.12,34.45,0.0771,0.0765
20:09:10.224,1790255350.2246,2034,-0.122,11.911,1.363,1.641,0.00192,0.01102,0.98437,0.00232,0.00422,-0.00102,0.0303,0.15017,0.97295,0.14736,0.09079,-0.00041,0.99999,0.00471,-0.00185,-0.00083,0.99451,0.10327,-0.00356,0.01678,33.12,34.45,0.0683,0.0687
20:09:10.245,1790255350.2449,2035,-0.166,11.903,1.362,1.646,-0.00683,0.01072,0.97596,-0.00355,0.00272,0.0004,0.03203,0.14583,0.9841,0.13422,0.11566,-0.00176,0.99999,0.00485,-0.00057,-0.00084,0.99449,0.10337,-0.00266,0.01698,33.12,34.45,0.062,0.0765
20:09:10.265,1790255350.2652,2036,0.046,11.845,1.361,1.652,0.00909,0.0146,0.99515,0.00213,0.00078,0.00016,0.03299,0.16736,0.98992,0.1378,0.10694,-0.00038,0.99998,0.00569,-0.00189,-0.00083,0.99446,0.10365,-0.00211,0.01721,33.12,34.45,0.0765,0.0766
20:09:10.285,1790255350.2857,2037,0.181,12.048,1.361,1.657,0.00864,-0.0038,0.99814,0.00136,0.00193,0.00156,0.02619,0.16221,0.99412,0.13852,0.10487,-0.00298,0.99999,0.00416,-0.00236,-0.00081,0.99444,0.10386,-0.00133,0.01739,33.12,34.45,0.0786,0.0743
20:09:10.306,1790255350.306,2038,0.378,11.946,1.36,1.663,0.01136,0.02127,1.01051,-0.00211,-0.0008,0.0008,0.0195,0.15542,1.0045,0.14467,0.10736,0.00413,0.99998,0.00544,-0.00304,-0.0008,0.9944,0.10419,-0.0003,0.01761,33.11,34.45,0.0719,0.0675
20:09:10.326,1790255350.3263,2039,0.562,12.106,1.36,1.668,0.00808,0.00732,0.9869,0.00034,0.00019,0.00033,0.01805,0.15287,0.99531,0.13873,0.10299,0.00142,0.99998,0.00422,-0.00378,-0.00079,0.99438,0.10433,0.00064,0.0178,33.11,34.45,0.0702,0.0746
20:09:10.347,1790255350.3469,2040,0.604,12.287,1.359,1.674,0.00087,-0.01543,0.98404,-0.00347,0.00117,-0.00178,0.02844,0.14964,0.98075,0.13304,0.11825,0.00464,0.99999,0.00283,-0.00339,-0.00081,0.99436,0.10451,0.00148,0.01807,33.11,34.45,0.0681,0.0744
20:09:10.367,1790255350.3673,2041,0.599,12.178,1.359,1.679,0.0044,0.01276,0.98977,0.00459,-0.00228,-0.00069,0.04239,0.1552,0.97941,0.14577,0.10306,0.00206,0.99999,0.00429,-0.00296,-0.00082,0.9943,0.10502,0.00186,0.01833,33.11,34.45,0.0724,0.0744
20:09:10.387,1790255350.3877,2042,0.562,12.328,1.358,1.685,-0.01254,-0.0084,0.98061,0.00093,0.00131,0.00294,0.03073,0.15771,0.96469,0.13005,0.11512,-0.00118,0.99999,0.00339,-0.00197,-0.00079,0.99425,0.10545,0.00259,0.01854,33.11,34.45,0.0655,0.0635
20:09:10.408,1790255350.4082,2043,0.675,12.166,1.358,1.691,-0.0002,0.02735,0.99643,0.00234,0.00409,0.0032,0.01244,0.12774,0.9964,0.14698,0.12674,0.00254,0.99999,0.00498,-0.00162,-0.00076,0.99422,0.10561,0.0039,0.01875,33.11,34.45,0.0776,0.0765
20:09:10.429,1790255350.4288,2044,0.743,12.052,1.358,1.696,-0.00163,0.03113,0.97282,0.00085,0.00287,-0.00041,0.01583,0.16559,0.9904,0.14152,0.11873,-0.00106,0.99998,0.00619,-0.00132,-0.00077,0.99419,0.10582,0.00477,0.01896,33.11,34.45,0.06,0.0768
20:09:10.449,1790255350.449,2045,0.783,12.284,1.357,1.702,-0.00165,-0.00424,0.99564,-0.00023,-0.00019,-0.00052,0.02186,0.15246,0.96735,0.14764,0.11522,0.00473,0.99999,0.0047,-0.00094,-0.00077,0.99413,0.10634,0.00561,0.01921,33.11,34.45,0.0767,0.0647
20:09:10.469,1790255350.4694,2046,0.693,12.403,1.357,1.707,-0.01111,0.00231,0.99108,0.00168,-6e-05,-0.00282,0.0337,0.15243,0.98541,0.14723,0.12135,0.00656,0.99999,0.004,0.00038,-0.00081,0.99408,0.10673,0.00621,0.01951,33.11,34.45,0.0734,0.0783
20:09:10.489,1790255350.4896,2047,0.642,12.39,1.357,1.713,-0.01693,0.01191,1.00025,0.00118,-0.003,-0.0018,0.01188,0.13481,0.98039,0.15138,0.11826,-0.00857,0.99999,0.00439,0.00191,-0.00083,0.99403,0.10704,0.0073,0.01961,33.11,34.45,0.0796,0.0723
20:09:10.510,1790255350.5101,2048,0.677,12.291,1.356,1.719,-0.00687,0.02421,0.98563,-0.00027,-0.00118,-0.00258,0.02498,0.17178,0.97829,0.14488,0.12373,-0.0041,0.99998,0.00579,0.00217,-0.00086,0.99397,0.10756,0.00784,0.01982,33.11,34.45,0.0695,0.0752
20:09:10.530,1790255350.5307,2049,0.871,12.476,1.356,1.724,0.00352,-0.00298,0.99223,0.00104,-0.00233,0.00024,0.00689,0.14708,0.99246,0.15154,0.11399,-0.00105,0.99999,0.00445,0.00142,-0.00085,0.99393,0.10779,0.00887,0.01999,33.11,34.45,0.0742,0.0775
20:09:10.551,1790255350.5509,2050,0.983,12.336,1.356,1.73,-0.00191,0.02312,1.00279,0.00149,-0.0003,-0.00161,0.01909,0.13841,0.99268,0.15571,0.11554,-0.00636,0.99998,0.00602,0.00131,-0.00087,0.99389,0.10811,0.0097,0.02012,33.11,34.45,0.0777,0.0782
20:09:10.571,1790255350.5713,2051,1.109,12.558,1.356,1.735,0.00258,-0.01263,0.99185,0.00269,0.00213,-0.00079,0.02115,0.14892,1.00405,0.14579,0.12508,-0.00056,0.99999,0.00457,0.00102,-0.00087,0.99383,0.10855,0.01061,0.02033,33.11,34.45,0.0739,0.0686
20:09:10.592,1790255350.5919,2052,1.113,12.729,1.356,1.741,-0.00667,0.00026,0.97555,-0.00064,-0.00211,-0.00187,0.03318,0.12899,1.00218,0.14196,0.11108,0.00013,0.99999,0.00344,0.0016,-0.0009,0.99377,0.10893,0.01131,0.02053,33.11,34.45,0.0617,0.0718
20:09:10.612,1790255350.6124,2053,1.27,12.6,1.356,1.747,-0.00051,0.0313,0.9819,0.00318,0.00359,-0.0002,-0.00114,0.12904,1.00062,0.14631,0.12279,0.00241,0.99999,0.00483,0.00149,-0.0009,0.99373,0.10915,0.01254,0.02072,33.11,34.45,0.0668,0.0733
20:09:10.632,1790255350.6325,2054,1.316,12.488,1.356,1.753,-0.0048,0.02399,0.98435,0.00176,-0.00437,-0.00098,0.03432,0.13671,0.99453,0.14624,0.10626,-0.00457,0.99998,0.00621,0.00161,-0.00091,0.99368,0.10954,0.01304,0.02088,33.11,34.45,0.0685,0.0766
20:09:10.653,1790255350.6531,2055,1.49,12.659,1.356,1.758,0.01156,-0.00224,0.98399,0.00522,0.00043,-0.00096,0.04235,0.12678,0.99704,0.15291,0.11659,-0.00093,0.99999,0.00528,0.00062,-0.00091,0.99361,0.11003,0.01364,0.02109,33.11,34.45,0.068,0.0755
20:09:10.673,1790255350.6736,2056,1.519,12.842,1.356,1.764,-0.00644,-0.00012,1.01351,-0.0008,-0.00302,-0.00317,0.01697,0.12343,0.98769,0.15103,0.12156,-0.00605,0.99999,0.00398,0.0012,-0.00095,0.99356,0.11033,0.01456,0.02122,33.11,34.45,0.0699,0.0766
20:09:10.694,1790255350.694,2057,1.536,13.056,1.356,1.77,-0.00836,-0.00464,0.99494,0.00215,-0.00185,-0.00149,0.03028,0.12516,1.00753,0.14817,0.12819,-0.00163,0.99999,0.0026,0.00185,-0.00097,0.99349,0.11083,0.01547,0.02142,33.11,34.45,0.0762,0.0682
20:09:10.714,1790255350.7146,2058,1.485,13.191,1.356,1.776,-0.00684,0.00268,0.98856,-0.00092,0.00248,0.00011,0.01786,0.12717,0.98992,0.15082,0.11864,-0.00204,0.99999,0.00169,0.00304,-0.00097,0.99344,0.11112,0.01628,0.02159,33.11,34.45,0.0714,0.0787
20:09:10.735,1790255350.7349,2059,1.651,13.376,1.356,1.782,0.00485,-0.00971,0.9864,-0.00216,0.00067,-0.00096,0.03412,0.12286,0.98491,0.14965,0.11577,-0.00095,1.0,0.00057,0.00214,-0.00098,0.99338,0.11156,0.01693,0.02179,33.11,34.45,0.0698,0.0748
20:09:10.755,1790255350.7552,2060,1.911,13.34,1.356,1.788,0.01552,0.01009,1.00065,-0.00123,-0.00353,0.00357,0.02081,0.12926,0.99161,0.1439,0.12285,-0.00378,1.0,0.00122,0.00063,-0.00094,0.99333,0.11179,0.01769,0.02196,33.11,34.45,0.0794,0.0798
20:09:10.775,1790255350.7754,2061,2.184,13.37,1.357,1.794,0.00443,0.0022,0.99298,0.00053,0.00045,-0.00209,0.01137,0.11824,0.99258,0.13777,0.12344,-0.00101,1.0,0.00116,-0.00087,-0.00096,0.9933,0.11189,0.01861,0.02213,33.11,34.45,0.0747,0.0798
20:09:10.796,1790255350.7959,2062,2.1,13.486,1.357,1.8,-0.00462,-0.00123,1.00522,-0.00161,0.00198,0.00089,0.0268,0.11952,0.99302,0.14528,0.12068,-0.00218,1.0,0.00038,0.0005,-0.00096,0.99325,0.11216,0.01932,0.02231,33.11,34.45,0.0761,0.0796
20:09:10.816,1790255350.8164,2063,2.046,13.617,1.358,1.806,-0.01244,-0.00535,0.98532,-8e-05,-0.00141,-0.0035,0.0184,0.12563,1.00964,0.1489,0.11473,-0.005,1.0,-0.00029,0.00174,-0.00099,0.99317,0.11267,0.02016,0.02244,33.11,34.45,0.0691,0.0668
20:09:10.837,1790255350.8369,2064,2.313,13.687,1.358,1.813,0.00834,-0.00313,0.98047,-0.0023,0.00156,-0.00153,-0.00077,0.10602,0.99964,0.14516,0.12366,0.00367,1.0,-0.0006,0.00045,-0.00101,0.99312,0.11287,0.02125,0.02264,33.11,34.45,0.0654,0.0761
20:09:10.857,1790255350.8572,2065,2.284,13.62,1.358,1.819,-0.00617,0.00161,0.9811,0.00073,-0.00071,-0.00195,0.00477,0.09486,0.9936,0.13607,0.11191,0.00037,1.0,3e-05,0.00163,-0.00103,0.99309,0.11294,0.02217,0.0228,33.11,34.45,0.0658,0.0786
20:09:10.877,1790255350.8775,2066,2.528,13.637,1.359,1.825,0.00899,0.00116,0.98774,0.00035,-0.00032,-0.00104,0.0147,0.10561,0.99811,0.13756,0.10747,-0.00153,1.0,0.00016,0.00019,-0.00103,0.99305,0.11312,0.02289,0.02295,33.11,34.45,0.0708,0.0772
20:09:10.898,1790255350.8979,2067,2.446,13.623,1.36,1.831,-0.01688,0.00318,0.99099,0.00079,0.00045,0.00361,0.02065,0.08543,0.991,0.13834,0.11015,-0.00096,1.0,0.00042,0.00167,-0.00099,0.99301,0.11331,0.02367,0.0231,33.11,34.45,0.0734,0.0762
20:09:10.918,1790255350.9184,2068,2.68,13.656,1.36,1.837,0.00654,0.00211,0.99,-0.00149,0.00427,-3e-05,0.02291,0.11327,1.00159,0.14235,0.10819,-0.00064,1.0,0.00059,0.00024,-0.00099,0.99295,0.11366,0.02431,0.02327,33.11,34.45,0.0725,0.0738
20:09:10.938,1790255350.9386,2069,2.567,13.691,1.361,1.843,-0.01691,0.00185,1.00362,0.00252,-0.00471,-0.00196,0.02936,0.10754,1.00771,0.14405,0.09782,-0.00142,1.0,0.00068,0.00176,-0.00101,0.99288,0.11411,0.02486,0.02342,33.11,34.45,0.0772,0.0696
20:09:10.959,1790255350.9591,2070,2.748,13.612,1.362,1.85,0.00794,0.0133,1.00835,-0.00011,-0.00068,-0.0013,0.03373,0.10397,0.98643,0.13602,0.1044,0.00769,1.0,0.00177,0.00071,-0.00101,0.99282,0.11443,0.02538,0.02367,33.11,34.45,0.0736,0.0743
20:09:10.979,1790255350.9793,2071,2.862,13.475,1.362,1.856,0.00462,0.02743,0.99378,-0.00234,-0.00164,0.00173,0.03019,0.08756,1.00096,0.13383,0.09915,0.0004,0.99999,0.00322,0.00032,-0.00099,0.99278,0.11463,0.02593,0.02384,33.11,34.45,0.0756,0.0761
20:09:10.999,1790255350.9997,2072,2.985,13.64,1.363,1.862,0.00488,-0.00887,0.98704,-0.00042,-0.00081,-0.00215,0.01259,0.09909,1.00154,0.11924,0.10121,-0.00087,1.0,0.00186,-0.00018,-0.00101,0.99276,0.11466,0.02661,0.02398,33.11,34.45,0.0703,0.0751
20:09:11.020,1790255351.0199,2073,3.158,13.808,1.364,1.868,0.0046,-0.00271,1.00313,0.00042,-0.00237,0.0019,0.01136,0.08013,0.99459,0.13241,0.10243,-0.00033,1.0,0.00055,-0.00107,-0.00099,0.99273,0.11474,0.02733,0.02412,33.11,34.45,0.0776,0.0784
20:09:11.040,1790255351.0403,2074,3.06,13.783,1.365,1.874,-0.01953,0.00683,0.98245,0.00073,-0.00103,0.00075,0.00996,0.1143,0.98842,0.13341,0.08928,0.00022,1.0,0.0009,0.00025,-0.00099,0.99269,0.11493,0.0278,0.02427,33.11,34.45,0.067,0.0763
20:09:11.060,1790255351.0607,2075,3.139,13.652,1.366,1.88,0.00061,0.01546,0.97781,-0.00206,-0.00156,0.00107,0.02116,0.08782,0.99494,0.12902,0.09404,-0.00174,1.0,0.00217,0.00013,-0.00098,0.99266,0.11502,0.02832,0.0244,33.11,34.45,0.0634,0.0793
20:09:11.081,1790255351.0812,2076,3.053,13.566,1.367,1.886,-0.00415,0.00634,0.9991,-0.00069,-0.00366,-0.00195,0.00673,0.08175,0.99365,0.12794,0.0924,0.00176,0.99999,0.00291,0.00153,-0.001,0.99263,0.11506,0.02895,0.02454,33.11,34.45,0.0793,0.0778
20:09:11.101,1790255351.1017,2077,3.259,13.483,1.368,1.892,0.0044,0.01167,0.992,0.00335,-0.0006,-0.00268,0.01154,0.09114,1.00786,0.12322,0.08742,0.00134,0.99999,0.00388,0.00033,-0.00102,0.99259,0.11522,0.02952,0.02468,33.11,34.45,0.0741,0.071
20:09:11.122,1790255351.1223,2078,3.504,13.462,1.369,1.898,0.00436,0.00927,0.99208,-0.00199,0.00062,0.00064,-0.0067,0.06185,0.98551,0.12774,0.07864,0.00478,0.99999,0.00431,-0.00112,-0.00101,0.99256,0.11535,0.0302,0.02482,33.11,34.45,0.0741,0.0706
20:09:11.143,1790255351.1432,2079,3.484,13.614,1.37,1.904,-0.00146,-0.00155,0.98969,-0.0026,0.00018,0.00121,0.03042,0.05506,0.99874,0.11065,0.08539,0.00097,1.0,0.00286,-0.0006,-0.001,0.99255,0.11524,0.03065,0.02497,33.11,34.45,0.0723,0.0795
20:09:11.163,1790255351.1636,2080,3.638,13.771,1.371,1.911,0.01643,-0.01137,0.99877,-0.00175,-0.00031,0.00313,0.02965,0.06789,1.00466,0.11718,0.07822,0.00354,1.0,0.00164,-0.00168,-0.00097,0.99253,0.11531,0.03101,0.02513,33.11,34.45,0.0792,0.0745
20:09:11.184,1790255351.1841,2081,3.55,13.7,1.372,1.917,-0.00926,0.00844,0.97845,-8e-05,0.00301,0.0012,0.01045,0.06418,1.00334,0.11292,0.07546,0.00241,1.0,0.00214,-0.00044,-0.00096,0.99252,0.11524,0.03148,0.02527,33.11,34.46,0.0639,0.0759
20:09:11.204,1790255351.2046,2082,3.504,13.791,1.374,1.923,-0.01359,-0.01331,0.97815,0.00128,-0.00171,-0.00189,0.00715,0.0677,0.99332,0.10372,0.07801,0.00258,1.0,0.00115,0.00037,-0.00098,0.99252,0.11506,0.03196,0.0254,33.11,34.46,0.0638,0.0767
20:09:11.225,1790255351.2251,2083,3.673,13.714,1.375,1.929,0.00641,0.00693,0.96906,0.00262,0.00186,-0.00135,-0.00457,0.08815,0.9884,0.10901,0.07438,0.00295,1.0,0.00181,-0.00058,-0.00099,0.99251,0.11498,0.03245,0.02553,33.11,34.46,0.0568,0.0742
20:09:11.245,1790255351.2453,2084,3.606,13.583,1.376,1.935,-0.014,0.01933,1.00959,0.00081,0.00041,0.00305,0.00323,0.08192,1.00806,0.10696,0.06634,-0.00164,1.0,0.00287,0.00044,-0.00096,0.9925,0.11495,0.03283,0.02561,33.11,34.46,0.0726,0.0715
20:09:11.266,1790255351.2659,2085,3.796,13.627,1.377,1.941,0.00451,0.00336,0.98987,-0.00211,0.00388,0.00171,0.0055,0.05126,0.99877,0.09573,0.06632,0.0036,1.0,0.00226,-0.00089,-0.00094,0.99252,0.11462,0.03321,0.02574,33.11,34.46,0.0724,0.0799
20:09:11.286,1790255351.2864,2086,3.956,13.482,1.378,1.947,0.01442,0.02076,0.98943,-0.00085,-0.00249,0.00312,0.00709,0.06667,0.99158,0.09955,0.07078,-0.00118,0.99999,0.00342,-0.00183,-0.00091,0.99253,0.11443,0.03361,0.02583,33.11,34.46,0.0723,0.0754
20:09:11.306,1790255351.3066,2087,4.104,13.367,1.38,1.953,0.0104,0.01362,0.98599,0.00226,-0.00339,0.00114,0.01516,0.06269,1.00755,0.10449,0.05449,-0.00311,0.99999,0.00443,-0.00285,-0.00089,0.99252,0.11437,0.03382,0.02588,33.11,34.46,0.0696,0.0728
20:09:11.327,1790255351.3268,2088,3.982,13.428,1.381,1.959,-0.00612,0.00189,0.99853,-0.00042,-0.00209,0.00086,-0.00224,0.03775,1.00132,0.10628,0.05405,-0.00294,0.99999,0.00362,-0.0015,-0.00089,0.99254,0.11416,0.03416,0.02591,33.11,34.46,0.0789,0.0785
20:09:11.347,1790255351.3472,2089,3.846,13.422,1.382,1.965,-0.01372,0.00556,0.99183,-0.00017,-0.00177,-0.00191,0.00378,0.04781,0.98277,0.09367,0.05125,0.00147,0.99999,0.00347,-2e-05,-0.00091,0.99254,0.11404,0.03447,0.026,33.11,34.46,0.074,0.068
20:09:11.367,1790255351.3677,2090,3.78,13.495,1.384,1.971,-0.01358,-0.01184,0.98121,0.00044,-0.00023,0.00104,-0.00983,0.06116,0.99521,0.08549,0.05007,0.00066,1.0,0.00238,0.00078,-0.00092,0.99257,0.11362,0.03476,0.02606,33.11,34.46,0.066,0.0779
20:09:11.388,1790255351.3879,2091,3.86,13.608,1.385,1.977,0.01311,-0.02121,0.98675,0.00313,-0.00076,0.00062,0.02479,0.03312,0.99228,0.0871,0.0429,-0.00132,1.0,0.00117,7e-05,-0.00091,0.9926,0.11336,0.03483,0.02612,33.11,34.46,0.0703,0.0749
20:09:11.408,1790255351.4083,2092,3.721,13.494,1.386,1.983,-0.01027,0.00642,0.98215,-0.00015,-0.00117,-0.0006,0.01484,0.03892,0.99602,0.08109,0.03469,0.00032,1.0,0.00168,0.00133,-0.00091,0.99264,0.11296,0.03483,0.02619,33.11,34.46,0.0667,0.0777
20:09:11.428,1790255351.4288,2093,3.663,13.304,1.387,1.988,-0.00622,0.00878,0.99011,-0.0035,4e-05,0.00151,-0.0053,0.03485,1.00174,0.08672,0.04181,-0.00177,0.99999,0.00289,0.00214,-0.0009,0.99268,0.11255,0.03505,0.02622,33.11,34.46,0.0726,0.0782
20:09:11.449,1790255351.4494,2094,3.795,13.182,1.389,1.994,-0.00173,0.00744,0.98784,-0.00137,0.0,0.00096,0.03178,0.03591,1.00489,0.08151,0.03317,0.00502,0.99999,0.00372,0.00094,-0.00089,0.99272,0.11224,0.03496,0.02634,33.11,34.46,0.0709,0.0755
20:09:11.470,1790255351.4699,2095,3.671,13.035,1.39,2.0,-0.01857,0.017,0.98716,0.00106,5e-05,0.00386,0.0014,0.02814,1.00757,0.07144,0.03246,0.00237,0.99999,0.00445,0.00219,-0.00085,0.99276,0.11176,0.03506,0.02641,33.11,34.46,0.0706,0.074
20:09:11.490,1790255351.4902,2096,3.738,12.857,1.391,2.005,0.00104,0.02466,0.97325,0.0021,-0.00182,0.00031,0.00647,0.02573,1.0115,0.0722,0.03277,0.00073,0.99998,0.00563,0.00178,-0.00085,0.9928,0.11137,0.03517,0.02647,33.11,34.46,0.0602,0.0711
20:09:11.510,1790255351.5104,2097,3.832,12.934,1.392,2.011,0.00404,0.00207,0.97933,-0.00262,-0.00073,-1e-05,0.00403,0.03573,0.98749,0.07039,0.02641,-0.00167,0.99999,0.00461,0.00094,-0.00084,0.99285,0.11096,0.0352,0.02649,33.11,34.46,0.0645,0.0711
20:09:11.530,1790255351.5306,2098,3.859,13.031,1.393,2.017,-0.00061,0.0021,1.00609,-0.00279,0.00286,0.00127,-0.01131,0.03409,0.99797,0.0597,0.02572,-0.00049,0.99999,0.00308,0.0007,-0.00083,0.99292,0.11026,0.03527,0.02652,33.11,34.46,0.0754,0.079
20:09:11.551,1790255351.5508,2099,3.688,12.975,1.395,2.022,-0.01126,0.00577,0.99006,0.00139,-0.0007,-0.00259,0.01503,0.00856,0.99194,0.07345,0.02088,-0.00634,0.99999,0.00304,0.00216,-0.00086,0.99297,0.10983,0.03522,0.0265,33.11,34.46,0.0726,0.0741
20:09:11.571,1790255351.5714,2100,3.779,12.74,1.396,2.028,-2e-05,0.01393,0.99581,0.00228,-0.00185,0.00343,-0.01205,0.02869,0.99201,0.05348,0.00809,0.00501,0.99999,0.00445,0.00138,-0.00082,0.99305,0.10915,0.03514,0.02656,33.11,34.46,0.0769,0.0744
20:09:11.592,1790255351.5919,2101,3.93,12.615,1.397,2.033,0.01104,0.0146,0.98661,-0.00142,-0.00038,-0.00265,0.0001,0.01218,1.00809,0.05666,0.01224,-0.00229,0.99999,0.00499,4e-05,-0.00084,0.99312,0.10852,0.03507,0.02656,33.11,34.46,0.0701,0.0739
20:09:11.612,1790255351.6124,2102,3.868,12.688,1.398,2.039,-0.00411,-0.00211,0.98488,-0.00083,-0.00396,-0.00079,-0.0053,0.02693,1.00985,0.04873,0.01327,0.00628,0.99999,0.00365,0.00045,-0.00085,0.99319,0.10784,0.03501,0.02665,33.11,34.46,0.0687,0.0723
20:09:11.632,1790255351.6327,2103,4.006,12.584,1.4,2.044,0.02243,0.00893,0.98714,0.00291,-0.00035,0.00116,-0.00151,0.01131,1.00143,0.04318,-0.00356,-0.00096,0.99999,0.00378,-0.00098,-0.00084,0.99329,0.107,0.03476,0.02665,33.11,34.46,0.0706,0.0789
20:09:11.653,1790255351.6528,2104,3.808,12.449,1.401,2.049,-0.0046,0.00927,1.00591,0.00071,0.0003,0.00174,0.0074,0.02112,1.00764,0.04612,-0.00328,0.00075,0.99999,0.00416,0.0005,-0.00084,0.99338,0.1063,0.03446,0.02667,33.11,34.46,0.0755,0.0741
20:09:11.673,1790255351.6731,2105,3.878,12.456,1.402,2.055,0.01105,-0.00228,0.97944,-0.00072,-0.00012,-0.00038,0.00927,0.00608,0.99527,0.0369,-0.00778,0.0031,0.99999,0.0033,-0.00049,-0.00084,0.99348,0.10546,0.03411,0.02672,33.11,34.46,0.0646,0.0765
20:09:11.693,1790255351.6933,2106,3.893,12.497,1.404,2.06,0.00211,0.0025,0.97356,0.0036,7e-05,0.00064,-0.02005,0.005,1.0072,0.04527,-0.01016,0.00197,1.0,0.00216,-0.00084,-0.00083,0.99357,0.10468,0.03394,0.02672,33.11,34.46,0.0602,0.0744
20:09:11.713,1790255351.7138,2107,3.989,12.524,1.405,2.065,0.01954,-0.01355,0.99085,0.00233,0.00018,0.00199,-0.00885,0.00352,0.98886,0.03087,-0.00574,-0.00055,1.0,0.00113,-0.0019,-0.00081,0.99366,0.10381,0.03376,0.02672,33.11,34.46,0.0734,0.0717
20:09:11.734,1790255351.7343,2108,3.921,12.584,1.406,2.071,0.00258,-0.00753,1.01369,0.00112,-0.00122,0.00181,0.00034,0.01594,0.99392,0.03695,-0.01396,-0.00586,1.0,-0.00028,-0.00173,-0.00079,0.99377,0.10296,0.03339,0.02666,33.11,34.46,0.0697,0.0755
20:09:11.754,1790255351.7547,2109,3.972,12.309,1.407,2.076,0.01041,0.01223,0.99686,-0.00111,0.00238,-1e-05,-0.00077,-0.01016,1.00041,0.02721,-0.02118,-0.00155,1.0,0.00109,-0.00246,-0.00079,0.99389,0.10192,0.03298,0.02664,33.11,34.46,0.0777,0.0797
20:09:11.775,1790255351.7748,2110,4.044,12.113,1.409,2.081,0.00782,0.00458,0.98181,-0.0032,0.00051,-0.00111,-0.00335,-0.01238,1.00853,0.02508,-0.03589,-0.00207,0.99999,0.0019,-0.0035,-0.0008,0.994,0.10098,0.03248,0.02659,33.11,34.46,0.0664,0.0735
20:09:11.795,1790255351.795,2111,4.143,12.004,1.41,2.086,0.01603,0.00288,0.98242,0.00088,-0.00056,0.00135,0.00936,-0.01776,1.00023,0.01446,-0.02658,-0.00241,0.99999,0.00178,-0.00484,-0.0008,0.99414,0.09984,0.03197,0.02656,33.11,34.46,0.0669,0.0797
20:09:11.815,1790255351.8153,2112,4.009,12.011,1.412,2.091,0.00098,-0.01235,0.98931,-2e-05,-0.00143,0.00161,0.00029,-0.0114,1.00074,0.01474,-0.02402,-0.00118,0.99999,0.00048,-0.00416,-0.00078,0.99427,0.09868,0.03153,0.02654,33.11,34.46,0.072,0.0794
20:09:11.836,1790255351.8358,2113,4.11,11.914,1.413,2.096,0.01395,0.00031,0.99234,0.00201,0.00264,-0.00322,-0.00583,0.0079,1.00456,0.01904,-0.04454,0.00183,0.99998,0.00033,-0.00564,-0.00081,0.99439,0.09761,0.0309,0.02653,33.11,34.46,0.0743,0.0765
20:09:11.856,1790255351.8561,2114,3.936,11.662,1.414,2.101,-0.00529,0.01329,0.99577,-0.00035,-0.0026,0.00128,-0.00444,0.00996,0.99029,0.00281,-0.0234,-0.00103,0.99999,0.00127,-0.00443,-0.0008,0.99452,0.09646,0.0305,0.02652,33.11,34.46,0.0769,0.0728
20:09:11.876,1790255351.8766,2115,3.703,11.521,1.415,2.106,-0.01165,0.00035,0.98744,-0.00088,0.00224,-0.00253,-0.00101,-0.01202,0.99601,0.00044,-0.04208,0.00224,0.99999,0.00111,-0.00297,-0.00083,0.99466,0.09518,0.02989,0.02652,33.11,34.46,0.0706,0.0771
20:09:11.897,1790255351.897,2116,3.504,11.482,1.416,2.111,-0.00392,-0.00555,0.99336,0.00107,0.00173,-0.00153,-0.02088,-0.01461,1.01356,-0.00196,-0.04868,0.00026,1.0,0.00017,-0.00175,-0.00084,0.99479,0.094,0.02939,0.02649,33.11,34.46,0.075,0.0696
20:09:11.917,1790255351.9174,2117,3.364,11.517,1.417,2.115,-0.00358,-0.01549,1.0012,0.0016,-0.00085,-0.00107,-0.02587,0.00961,1.01883,-0.00079,-0.05354,0.00396,1.0,-0.00129,-0.0011,-0.00085,0.9949,0.09292,0.02886,0.02649,33.11,34.46,0.079,0.0656
20:09:11.937,1790255351.9378,2118,3.183,11.23,1.418,2.12,-0.01697,0.01714,0.98551,0.00219,0.00038,-5e-05,-0.00093,-0.01426,0.99964,-0.00625,-0.05063,0.00211,1.0,-0.00027,-0.00011,-0.00085,0.99505,0.09152,0.02817,0.02648,33.11,34.46,0.0694,0.0798
20:09:11.958,1790255351.958,2119,2.986,10.941,1.419,2.124,-0.01495,0.0149,0.98772,-0.00043,0.00241,-0.00088,0.00281,-0.0274,0.99615,-0.01407,-0.06502,-0.00267,1.0,0.00075,0.00091,-0.00086,0.99521,0.09012,0.02735,0.02642,33.11,34.46,0.071,0.0774
20:09:11.978,1790255351.9783,2120,2.986,10.931,1.42,2.129,0.00228,-0.00566,0.98891,-0.00097,-0.00448,0.00011,-0.00791,-0.01177,0.99778,-0.00719,-0.0609,0.0025,1.0,-0.00053,0.00014,-0.00086,0.99535,0.08874,0.02662,0.0264,33.11,34.46,0.0717,0.0784
20:09:11.998,1790255351.9985,2121,3.081,10.806,1.421,2.133,0.00378,-0.00188,0.98498,0.00123,0.00417,0.0014,-0.01611,-0.04416,1.00473,-0.01386,-0.05218,-0.00165,1.0,-0.0008,-0.00118,-0.00085,0.99549,0.08732,0.02609,0.02635,33.11,34.46,0.0687,0.0756
20:09:12.019,1790255352.0192,2122,2.976,10.436,1.422,2.138,0.00169,0.00075,1.00035,0.00031,-0.00037,-0.00024,-0.02814,-0.0437,0.99637,-0.02158,-0.06716,-0.00204,1.0,0.00078,-0.00073,-0.00085,0.99565,0.08573,0.02548,0.02627,33.11,34.46,0.0797,0.0783
20:09:12.039,1790255352.0395,2123,2.891,10.434,1.422,2.142,0.00419,-0.02479,0.98203,0.00048,0.00111,0.0005,0.01356,-0.03857,0.98946,-0.01634,-0.06566,0.00049,1.0,-0.00057,-0.00087,-0.00085,0.99578,0.08439,0.02463,0.02625,33.11,34.46,0.0668,0.0727
20:09:12.059,1790255352.0597,2124,2.878,10.112,1.423,2.146,0.00464,0.00747,0.9742,0.00062,0.00037,-0.00065,-0.01239,-0.04193,1.00108,-0.03109,-0.06001,0.00369,1.0,0.00059,-0.00127,-0.00085,0.99594,0.08275,0.024,0.02625,33.11,34.46,0.0607,0.0785
20:09:12.080,1790255352.08,2125,2.622,9.987,1.424,2.15,-0.00331,-0.0013,1.00748,0.00164,-0.00162,0.00022,-0.00284,-0.0322,1.00254,-0.02514,-0.07711,-0.00152,1.0,2e-05,0.0001,-0.00085,0.99609,0.08119,0.02312,0.02619,33.11,34.46,0.0744,0.0777
20:09:12.100,1790255352.1005,2126,2.438,9.939,1.424,2.154,-0.00626,-0.0086,0.98879,0.00152,0.0037,0.0036,-0.01724,-0.01652,0.98173,-0.04049,-0.07251,0.00429,1.0,-0.00117,0.00098,-0.00081,0.99623,0.07967,0.02241,0.02619,33.11,34.46,0.0716,0.0665
20:09:12.121,1790255352.1208,2127,2.412,9.92,1.425,2.158,0.00408,-0.01678,0.99512,0.00126,0.00409,-0.00091,-0.02291,-0.03528,0.99065,-0.03298,-0.08194,0.00027,1.0,-0.0026,0.00042,-0.00082,0.99637,0.07808,0.02166,0.02614,33.11,34.46,0.0765,0.0737
20:09:12.141,1790255352.1411,2128,2.479,9.726,1.425,2.161,0.01061,-0.00387,0.99041,-0.00063,0.00042,-0.0008,0.01439,-0.054,0.98649,-0.04236,-0.07879,0.00321,1.0,-0.00243,-0.00104,-0.00082,0.99651,0.0765,0.02072,0.02614,33.11,34.46,0.0729,0.0711
20:09:12.161,1790255352.1616,2129,2.203,9.522,1.426,2.165,-0.0137,-0.00657,0.98983,0.00207,0.00427,-0.00065,0.00624,-0.06584,1.0024,-0.04864,-0.08215,0.00324,1.0,-0.00258,0.00048,-0.00083,0.99667,0.0747,0.01978,0.02613,33.11,34.46,0.0725,0.0766
20:09:12.182,1790255352.1821,2130,1.977,9.444,1.426,2.169,-0.00379,-0.00901,0.99353,-0.00017,-0.00101,-0.00182,0.00716,-0.03512,1.00549,-0.05689,-0.09086,-0.0004,0.99999,-0.00383,0.00138,-0.00085,0.99683,0.07285,0.01872,0.02609,33.11,34.46,0.0752,0.0754
20:09:12.202,1790255352.2026,2131,1.797,9.364,1.426,2.172,-0.00389,-0.00983,0.97173,-0.00381,0.00341,-0.00028,-0.00507,-0.02225,0.99308,-0.04533,-0.0907,0.00112,0.99999,-0.00494,0.00196,-0.00085,0.99697,0.07112,0.01775,0.02605,33.11,34.46,0.0588,0.075
20:09:12.223,1790255352.2228,2132,1.663,8.979,1.426,2.176,-0.00593,-0.00059,0.9941,0.0013,-0.0003,-0.00035,-0.0045,-0.05132,0.9874,-0.06328,-0.09869,0.00535,0.99999,-0.00345,0.00229,-0.00084,0.99712,0.06929,0.01676,0.02606,33.11,34.46,0.0756,0.0716
20:09:12.243,1790255352.2432,2133,1.688,8.905,1.426,2.179,-0.00242,-0.00872,0.99038,0.00308,0.00406,0.00287,-0.01265,-0.05785,0.97827,-0.05302,-0.09281,0.0024,0.99999,-0.00441,0.00122,-0.00082,0.99724,0.06766,0.01591,0.02603,33.11,34.46,0.0728,0.065
20:09:12.263,1790255352.2635,2134,1.528,8.536,1.426,2.183,-0.00721,-0.00018,0.98051,0.00092,-0.00195,-0.00011,-0.01481,-0.0521,0.99807,-0.06032,-0.09656,-0.00244,0.99999,-0.00325,0.00185,-0.00082,0.99739,0.06567,0.01502,0.02596,33.11,34.47,0.0654,0.0797
20:09:12.284,1790255352.2842,2135,1.408,8.48,1.426,2.186,-0.0041,-0.02063,0.98876,-0.00139,0.00356,0.00061,-0.00641,-0.06358,0.99396,-0.05848,-0.09528,0.00067,0.99999,-0.00475,0.00194,-0.00081,0.99753,0.06372,0.01408,0.02592,33.11,34.47,0.0717,0.077
20:09:12.304,1790255352.3045,2136,1.399,8.358,1.426,2.189,0.00464,-0.016,0.97844,0.00364,-0.00061,-0.00109,0.00755,-0.0623,0.98823,-0.06382,-0.10553,0.00096,0.99998,-0.00552,0.00091,-0.00083,0.99766,0.06186,0.01297,0.02588,33.11,34.47,0.0639,0.0727
20:09:12.325,1790255352.325,2137,1.354,7.947,1.426,2.192,0.00524,0.01526,0.98611,3e-05,0.00193,0.0009,-0.02057,-0.08715,0.99641,-0.07826,-0.10659,0.00057,0.99999,-0.00414,0.00054,-0.00083,0.99781,0.05966,0.01206,0.02583,33.11,34.47,0.0697,0.0797
20:09:12.345,1790255352.3451,2138,1.322,7.562,1.426,2.194,0.00311,0.00558,1.01212,-0.00221,-0.00181,0.00089,-0.01405,-0.07992,0.99294,-0.06856,-0.09927,-0.0047,1.0,-0.0028,0.00011,-0.00082,0.99794,0.05764,0.01121,0.02574,33.11,34.47,0.0709,0.0772
20:09:12.365,1790255352.3656,2139,1.09,7.323,1.426,2.197,-0.00798,-0.00619,0.97488,0.00037,-0.00014,0.0005,-0.02595,-0.08563,1.00086,-0.07589,-0.1063,0.00414,0.99999,-0.00292,0.00136,-0.00082,0.99807,0.05554,0.01038,0.02573,33.11,34.47,0.0612,0.0764
20:09:12.386,1790255352.3861,2140,1.045,7.226,1.426,2.199,0.00581,-0.0206,0.98654,-0.00059,0.00038,-0.00078,0.01309,-0.07361,1.00068,-0.07505,-0.10092,-0.00236,0.99999,-0.00417,0.00064,-0.00082,0.9982,0.05344,0.00928,0.02567,33.11,34.47,0.0701,0.0774
20:09:12.406,1790255352.4064,2141,1.115,6.883,1.426,2.202,0.01013,-0.00234,1.00041,0.00207,0.00044,0.00069,-0.01626,-0.07199,0.99707,-0.08888,-0.11125,0.00298,0.99999,-0.00341,-0.00079,-0.00083,0.99833,0.05115,0.00835,0.02565,33.11,34.47,0.0797,0.0798
20:09:12.427,1790255352.427,2142,0.845,6.548,1.425,2.204,-0.01198,-0.00225,1.00439,0.00206,0.00078,0.00134,-0.00457,-0.06511,0.99907,-0.08663,-0.10223,0.00185,1.0,-0.00289,0.00071,-0.00081,0.99845,0.04886,0.00741,0.02563,33.11,34.47,0.0766,0.0791
20:09:12.447,1790255352.4473,2143,0.885,6.406,1.425,2.206,0.02319,-0.0227,0.99467,0.00093,-0.00272,-0.00094,-0.00333,-0.05876,1.00484,-0.08525,-0.1064,0.00216,0.99999,-0.00376,-0.00059,-0.00082,0.99856,0.0467,0.00644,0.02562,33.11,34.47,0.0764,0.0751
20:09:12.468,1790255352.4679,2144,0.75,6.32,1.425,2.208,0.00072,-0.021,0.99844,0.00196,0.00104,-0.00292,-0.00416,-0.07264,0.99452,-0.09219,-0.11831,0.00272,0.99999,-0.00537,-0.00053,-0.00085,0.99867,0.04439,0.00535,0.02561,33.11,34.47,0.079,0.0779
20:09:12.488,1790255352.4882,2145,0.808,6.049,1.424,2.21,0.00946,-0.00947,0.97636,0.00088,-0.00102,0.00392,-0.01746,-0.07411,1.00472,-0.09585,-0.10971,-0.00253,0.99998,-0.00521,-0.00179,-0.00082,0.99878,0.04213,0.00452,0.02554,33.11,34.47,0.0623,0.0743
20:09:12.508,1790255352.5085,2146,0.793,5.663,1.424,2.212,0.00633,-0.00525,0.99044,0.00022,0.00244,-0.00204,-0.01411,-0.07804,1.01653,-0.09649,-0.11903,-0.00269,0.99999,-0.00391,-0.00248,-0.00085,0.99887,0.04005,0.00357,0.02547,33.11,34.47,0.0729,0.0653
20:09:12.529,1790255352.529,2147,0.692,5.576,1.424,2.214,0.0053,-0.01095,0.9925,-0.00252,-0.00025,-0.00062,0.00125,-0.106,1.00311,-0.09836,-0.11582,-0.00051,0.99998,-0.00545,-0.00266,-0.00085,0.99896,0.03777,0.00253,0.02544,33.11,34.47,0.0744,0.0735
20:09:12.549,1790255352.5495,2148,0.596,5.127,1.423,2.215,0.00589,0.01019,0.99222,0.003,-0.00165,-0.0014,-0.01003,-0.08256,0.98661,-0.10543,-0.12761,0.00103,0.99999,-0.0039,-0.00273,-0.00087,0.99905,0.03542,0.00148,0.02541,33.11,34.47,0.0742,0.0726
20:09:12.570,1790255352.5701,2149,0.474,4.681,1.423,2.216,0.00337,0.0019,0.99044,-0.0041,0.00226,2e-05,-0.01597,-0.09502,0.99233,-0.10275,-0.1177,-0.00351,0.99999,-0.00248,-0.0024,-0.00087,0.99913,0.033,0.00061,0.02534,33.11,34.47,0.0728,0.0777
20:09:12.590,1790255352.5903,2150,0.364,4.581,1.422,2.217,0.00396,-0.01259,1.00438,0.00352,0.00268,0.00138,-0.02782,-0.08888,1.00182,-0.10589,-0.11948,0.00076,0.99999,-0.00399,-0.0022,-0.00085,0.99921,0.03065,-0.00013,0.02531,33.11,34.47,0.0767,0.0754
20:09:12.611,1790255352.6109,2151,0.198,4.457,1.422,2.219,-0.00528,-0.02858,0.98648,-0.00286,-0.0039,-0.00116,-0.0154,-0.08745,1.00847,-0.11106,-0.12049,0.00186,0.99998,-0.00533,-0.00163,-0.00086,0.99928,0.02828,-0.00101,0.0253,33.11,34.47,0.0702,0.0707
20:09:12.631,1790255352.6314,2152,0.03,4.003,1.421,2.219,-0.0015,-0.00099,0.98534,-0.00044,0.00075,-0.00306,-0.00756,-0.11004,0.99316,-0.12023,-0.12269,-0.00026,0.99999,-0.00406,-0.00099,-0.00089,0.99935,0.02564,-0.00198,0.02527,33.11,34.47,0.069,0.0795
20:09:12.651,1790255352.6516,2153,-0.129,3.858,1.42,2.22,-0.00278,-0.01829,0.98597,-0.00369,0.00229,-0.00047,-0.01823,-0.0981,0.99593,-0.11453,-0.1203,-0.00085,0.99999,-0.00538,-0.00038,-0.00089,0.99941,0.02312,-0.00275,0.02524,33.11,34.47,0.0696,0.0793
20:09:12.672,1790255352.6719,2154,-0.269,3.424,1.419,2.221,-0.00476,0.00593,0.97923,-0.00092,0.00433,0.00232,-0.01423,-0.10402,0.99182,-0.11603,-0.12815,0.00199,0.99999,-0.00415,7e-05,-0.00087,0.99946,0.02059,-0.00365,0.02524,33.1,34.47,0.0644,0.078
20:09:12.692,1790255352.6923,2155,-0.27,3.294,1.419,2.221,0.00692,-0.01735,1.00533,-0.00104,-0.00108,0.00456,-0.00204,-0.10347,0.97558,-0.12455,-0.12399,-0.00441,0.99998,-0.00538,-0.00089,-0.00083,0.99951,0.01821,-0.00462,0.02517,33.1,34.47,0.0759,0.0658
20:09:12.712,1790255352.7126,2156,-0.191,2.919,1.418,2.222,0.0137,-0.00411,0.99234,-0.0,-0.00075,-0.00253,-0.00997,-0.0865,0.99911,-0.12387,-0.11662,0.00152,0.99999,-0.00466,-0.00222,-0.00086,0.99955,0.01561,-0.00536,0.02517,33.1,34.47,0.0743,0.0778
20:09:12.732,1790255352.7328,2157,-0.423,2.706,1.417,2.222,-0.00687,-0.01576,0.99337,0.00245,-0.00121,0.00109,-0.01923,-0.10554,0.9907,-0.11807,-0.12647,0.00217,0.99998,-0.00539,-0.00092,-0.00084,0.99958,0.0131,-0.00611,0.02518,33.1,34.47,0.0751,0.0774
20:09:12.753,1790255352.753,2158,-0.413,2.254,1.416,2.222,0.00982,0.00398,0.99463,-0.00054,-0.00015,-0.0,-0.01198,-0.10894,1.00007,-0.13103,-0.12327,-0.00114,0.99999,-0.00404,-0.00166,-0.00085,0.9996,0.01048,-0.0069,0.02516,33.1,34.47,0.076,0.0755
20:09:12.773,1790255352.7733,2159,-0.659,2.024,1.415,2.222,-5e-05,-0.00934,0.98386,0.00085,0.00288,-0.0026,-0.00306,-0.11948,0.9875,-0.11164,-0.12427,-0.00329,0.99999,-0.00457,-0.00036,-0.00087,0.99962,0.00804,-0.00778,0.02512,33.1,34.47,0.0679,0.076
20:09:12.793,1790255352.7936,2160,-0.646,1.563,1.414,2.222,0.00355,-0.00278,1.00033,0.00104,-0.00263,0.00107,-0.00601,-0.10223,0.9858,-0.12833,-0.11639,-0.0015,0.99999,-0.00308,-0.00105,-0.00086,0.99963,0.00548,-0.0085,0.0251,33.1,34.47,0.0797,0.0733
20:09:12.814,1790255352.8138,2161,-0.576,1.33,1.413,2.221,0.02098,-0.01151,0.97913,-0.00205,-0.00242,0.00013,-0.02188,-0.10665,0.97378,-0.14146,-0.12937,0.00281,0.99999,-0.00347,-0.00233,-0.00086,0.99964,0.00302,-0.00921,0.02513,33.1,34.47,0.0646,0.0649
20:09:12.834,1790255352.8344,2162,-0.765,0.962,1.412,2.22,-0.00815,-0.00301,1.00791,-8e-05,0.00107,0.00046,-0.03537,-0.11426,0.99377,-0.13644,-0.11109,-0.00318,0.99999,-0.00302,-0.00087,-0.00086,0.99964,0.00033,-0.00949,0.0251,33.1,34.47,0.074,0.0793
20:09:12.855,1790255352.855,2163,-0.858,0.83,1.411,2.22,-0.00022,-0.02287,1.00342,0.00097,-0.00044,-0.00256,-0.01547,-0.11302,0.992,-0.13149,-0.12381,0.0016,0.99999,-0.00459,-0.00069,-0.00088,0.99963,-0.00237,-0.01011,0.02512,33.1,34.47,0.0772,0.0789
20:09:12.875,1790255352.8755,2164,-0.731,0.543,1.41,2.219,0.01437,-0.00967,1.0073,-0.0001,-0.00271,0.00185,-0.00981,-0.11136,0.98397,-0.13718,-0.10704,-0.00148,0.99999,-0.00464,-0.00224,-0.00087,0.99962,-0.00499,-0.01062,0.02511,33.1,34.47,0.0744,0.0727
20:09:12.896,1790255352.8958,2165,-0.686,0.065,1.409,2.218,0.01309,0.00906,0.99934,0.00196,0.00148,-0.00041,-0.01425,-0.11793,0.9967,-0.13968,-0.10806,0.00535,0.99999,-0.00316,-0.00292,-0.00088,0.99959,-0.00771,-0.01104,0.02518,33.1,34.47,0.0796,0.0772
20:09:12.916,1790255352.9162,2166,-0.89,-0.151,1.407,2.217,-0.00916,-0.01271,1.00344,0.00068,-0.00404,-0.0012,-0.03393,-0.13102,1.01476,-0.14457,-0.11342,-0.00065,0.99999,-0.00377,-0.00152,-0.00089,0.99957,-0.01011,-0.01145,0.02518,33.1,34.47,0.0773,0.0622
20:09:12.936,1790255352.9366,2167,-0.808,-0.532,1.406,2.215,0.00887,-0.00407,0.98234,0.00012,0.00732,0.00176,-0.01589,-0.12198,0.9903,-0.13823,-0.12243,0.0015,0.99999,-0.0031,-0.00263,-0.00087,0.99953,-0.01282,-0.01195,0.02522,33.1,34.47,0.0668,0.0784
20:09:12.957,1790255352.9572,2168,-0.757,-0.981,1.405,2.214,0.00873,0.00124,0.98966,0.00483,-0.00136,-0.00141,-0.01706,-0.11376,0.98271,-0.13836,-0.11182,-0.00198,0.99999,-0.00171,-0.00329,-0.00089,0.99949,-0.01538,-0.0123,0.02522,33.1,34.47,0.0723,0.0721
20:09:12.977,1790255352.9775,2169,-0.959,-1.263,1.404,2.212,-0.00405,-0.0052,1.00405,0.00273,0.00194,0.00017,-0.01963,-0.11862,0.98857,-0.13708,-0.11229,0.00138,1.0,-0.00194,-0.00173,-0.00089,0.99944,-0.01797,-0.01256,0.02527,33.1,34.47,0.0769,0.0769
20:09:12.998,1790255352.9981,2170,-1.102,-1.65,1.403,2.21,-0.01007,0.00372,1.01454,-0.00218,-0.00088,-0.00123,-0.02738,-0.121,0.99664,-0.14439,-0.10986,-0.00259,1.0,-0.00127,-0.0005,-0.0009,0.99939,-0.02061,-0.01268,0.02528,33.1,34.47,0.0691,0.0767
20:09:13.018,1790255353.0185,2171,-1.114,-1.792,1.402,2.208,0.0013,-0.02107,0.98704,3e-05,0.00034,-0.00233,-0.03045,-0.13682,0.98482,-0.15012,-0.10549,-0.00497,1.0,-0.0027,-0.00052,-0.00092,0.99933,-0.02329,-0.0128,0.02526,33.1,34.47,0.0704,0.0761
20:09:13.039,1790255353.0391,2172,-0.972,-2.055,1.4,2.206,0.00534,-0.00625,0.99571,-0.00115,0.00235,0.00048,-0.01114,-0.12221,1.00312,-0.15195,-0.11297,0.00245,0.99999,-0.00303,-0.00205,-0.00092,0.99926,-0.02598,-0.01314,0.02532,33.1,34.47,0.0768,0.0721
20:09:13.059,1790255353.0593,2173,-1.115,-2.281,1.399,2.204,-0.01057,-0.01365,0.9853,-0.00095,-0.00088,0.0014,-0.0159,-0.12303,0.99373,-0.13635,-0.10231,0.00192,0.99999,-0.00369,-0.00082,-0.0009,0.99918,-0.02854,-0.01319,0.02539,33.1,34.47,0.0691,0.0789
20:09:13.079,1790255353.0796,2174,-0.972,-2.439,1.398,2.202,0.01733,-0.02157,0.99733,0.00118,0.00164,-0.00125,-0.02989,-0.12633,0.99471,-0.1438,-0.10732,-0.0052,0.99999,-0.00475,-0.00198,-0.00092,0.99911,-0.03104,-0.01311,0.02539,33.1,34.47,0.0783,0.0776
20:09:13.100,1790255353.1,2175,-1.177,-2.819,1.397,2.199,-0.00823,-0.00509,0.99444,-0.00016,0.0022,-0.00164,-0.001,-0.14245,0.9992,-0.14594,-0.1025,-0.00417,0.99999,-0.00423,-0.0005,-0.00093,0.99902,-0.03375,-0.01351,0.02539,33.1,34.47,0.0759,0.073
20:09:13.120,1790255353.1203,2176,-1.201,-3.308,1.396,2.196,-0.00534,0.02163,1.00405,0.00094,-0.00232,0.00128,-0.01632,-0.1462,0.99014,-0.14707,-0.09861,-0.00176,1.0,-0.0027,-0.0002,-0.00092,0.99892,-0.03646,-0.01358,0.02542,33.1,34.47,0.0768,0.0792
20:09:13.140,1790255353.1406,2177,-1.324,-3.747,1.394,2.193,-0.00502,0.00261,0.98555,0.00146,0.00157,-0.00085,0.00251,-0.15816,0.97488,-0.14079,-0.09371,0.00187,1.0,-0.00152,0.0006,-0.00092,0.99881,-0.03907,-0.01398,0.02548,33.1,34.47,0.0692,0.0707
20:09:13.161,1790255353.1613,2178,-1.125,-4.022,1.393,2.19,0.0068,-0.00267,1.00129,-0.00134,-0.00226,-0.00051,-0.02912,-0.15265,0.96961,-0.14644,-0.09447,-0.00242,1.0,-0.00146,-0.00105,-0.00093,0.99872,-0.0415,-0.01397,0.02552,33.1,34.47,0.079,0.0665
20:09:13.182,1790255353.1818,2179,-1.29,-4.428,1.392,2.187,-0.00295,-0.0,1.00068,-0.00114,-0.0011,-0.00147,-0.00526,-0.14647,0.999,-0.15011,-0.09837,-0.00068,1.0,-0.00066,0.00034,-0.00095,0.9986,-0.04416,-0.01412,0.02557,33.1,34.47,0.0795,0.0727
20:09:13.202,1790255353.2021,2180,-1.389,-4.617,1.39,2.184,-0.01527,-0.01979,0.99888,0.00292,0.00015,-0.00162,-0.00473,-0.13953,0.99428,-0.16644,-0.08464,-0.00235,1.0,-0.0019,0.00134,-0.00096,0.99847,-0.04699,-0.01399,0.0256,33.1,34.47,0.0794,0.077
20:09:13.222,1790255353.2222,2181,-1.306,-4.703,1.389,2.18,0.00355,-0.02658,0.99278,-0.00306,0.00047,0.00163,-0.02047,-0.14034,0.9997,-0.14099,-0.08874,0.00211,0.99999,-0.00339,0.00095,-0.00095,0.99836,-0.04925,-0.01365,0.0257,33.1,34.47,0.0749,0.0727
20:09:13.242,1790255353.2428,2182,-1.144,-5.117,1.388,2.177,0.00051,0.00272,1.00184,0.00011,-0.0016,-0.00014,-0.04706,-0.13096,0.98852,-0.15608,-0.07762,0.00333,1.0,-0.00183,0.00055,-0.00095,0.99827,-0.05134,-0.01277,0.02583,33.1,34.47,0.0786,0.0787
20:09:13.263,1790255353.263,2183,-1.121,-5.239,1.386,2.173,-0.00053,-0.02147,0.98626,-0.00361,-0.00122,0.00158,-0.01505,-0.16291,1.00301,-0.15465,-0.0771,0.00173,0.99999,-0.00328,0.0005,-0.00093,0.99813,-0.05386,-0.01262,0.02591,33.1,34.47,0.0699,0.0678
20:09:13.283,1790255353.2832,2184,-1.193,-5.422,1.385,2.169,-0.00548,-0.01085,0.98876,0.00073,0.00166,0.00142,-0.01673,-0.15431,0.9841,-0.15171,-0.07656,-0.00013,0.99999,-0.00428,0.00155,-0.00092,0.99799,-0.05641,-0.01221,0.02599,33.1,34.47,0.0716,0.0772
20:09:13.303,1790255353.3034,2185,-1.246,-5.562,1.384,2.166,-0.00577,-0.00981,1.00084,-0.00183,-0.00136,-0.0012,-0.02138,-0.13118,0.99128,-0.13901,-0.07125,-0.00245,0.99998,-0.00498,0.00299,-0.00092,0.9979,-0.05827,-0.01125,0.02607,33.1,34.47,0.0793,0.0799
20:09:13.324,1790255353.3239,2186,-1.048,-5.632,1.383,2.162,0.00127,-0.02156,0.98466,0.00332,-0.00311,0.00102,-0.00544,-0.12425,0.98821,-0.15053,-0.07056,-0.00276,0.99998,-0.00614,0.00223,-0.00092,0.9978,-0.06011,-0.01027,0.02615,33.1,34.48,0.0687,0.077
20:09:13.344,1790255353.3442,2187,-1.03,-6.045,1.382,2.158,-0.00757,-0.00222,0.97506,-0.00051,-0.00148,-0.00259,-0.01738,-0.16282,1.00017,-0.14966,-0.0685,-0.00884,0.99998,-0.00496,0.0026,-0.00094,0.99765,-0.06253,-0.00986,0.02614,33.1,34.48,0.0613,0.0699
20:09:13.365,1790255353.3648,2188,-0.874,-6.406,1.38,2.154,-0.00356,0.0033,0.98475,-0.00099,-0.00247,-0.00264,-0.0257,-0.13917,0.98441,-0.14078,-0.06273,0.00089,0.99999,-0.00358,0.00241,-0.00096,0.99754,-0.06432,-0.00883,0.02626,33.1,34.48,0.0686,0.0759
20:09:13.385,1790255353.3851,2189,-0.865,-6.531,1.379,2.149,-0.00775,-0.01231,0.98398,0.0058,0.00084,-0.00116,-0.02559,-0.15755,0.99598,-0.15175,-0.06257,0.00034,0.99998,-0.00471,0.0031,-0.00098,0.9974,-0.06653,-0.00805,0.02636,33.1,34.48,0.0681,0.0735
20:09:13.405,1790255353.4054,2190,-0.705,-6.928,1.378,2.145,0.00984,0.00373,0.99094,-0.00151,-0.00145,0.00417,0.00235,-0.15908,0.99924,-0.14575,-0.06287,-0.0019,0.99999,-0.00379,0.00193,-0.00094,0.99723,-0.06914,-0.00795,0.0264,33.1,34.48,0.0733,0.0711
20:09:13.425,1790255353.4257,2191,-0.754,-7.171,1.377,2.14,-0.02142,-0.0093,0.98334,-0.00061,-0.00139,-0.00449,-0.0144,-0.155,0.98371,-0.15117,-0.0611,-0.00041,0.99999,-0.00394,0.00328,-0.00098,0.99707,-0.07135,-0.00708,0.02651,33.1,34.48,0.0677,0.077
20:09:13.446,1790255353.4461,2192,-0.442,-7.408,1.376,2.136,-0.00126,-0.00594,1.00947,-0.00099,0.00158,-0.00086,-0.02538,-0.14997,0.99365,-0.15142,-0.04508,-0.00691,0.99999,-0.00343,0.00191,-0.00099,0.99696,-0.07301,-0.00581,0.02656,33.1,34.48,0.0729,0.0761
20:09:13.466,1790255353.4667,2193,-0.21,-7.739,1.376,2.131,0.00981,-4e-05,0.97042,-0.00301,0.00069,0.00326,-0.01161,-0.16576,0.98509,-0.14411,-0.04318,-0.00079,0.99999,-0.00294,0.00084,-0.00096,0.99678,-0.0755,-0.00495,0.02664,33.1,34.48,0.0579,0.0793
20:09:13.487,1790255353.487,2194,-0.242,-7.866,1.375,2.126,-0.00643,-0.00233,0.99706,-0.00093,-0.00305,-0.00082,-0.00324,-0.13966,0.98623,-0.14591,-0.035,-0.00138,1.0,-0.002,0.00208,-0.00096,0.99677,-0.07562,-0.00405,0.02671,33.1,34.48,0.0778,0.0771
20:09:13.507,1790255353.5072,2195,0.001,-8.179,1.374,2.121,0.00785,0.00677,0.98384,-0.00198,-0.00404,0.00319,-0.03109,-0.16995,1.00212,-0.14917,-0.0471,0.00224,1.0,-0.00111,0.00101,-0.00093,0.99662,-0.07754,-0.0031,0.02684,33.1,34.48,0.0679,0.0673
20:09:13.527,1790255353.5275,2196,0.179,-8.125,1.374,2.116,0.00156,-0.02669,0.99536,-0.00076,0.00178,0.00356,-0.01481,-0.15319,0.9918,-0.14555,-0.03653,-0.00055,1.0,-0.00266,0.00081,-0.0009,0.99654,-0.07866,-0.0017,0.02696,33.1,34.48,0.0768,0.0773
20:09:13.548,1790255353.548,2197,0.181,-8.198,1.373,2.111,-0.00949,-0.00961,0.9959,-0.00285,-0.00189,-0.00129,-0.01637,-0.15694,0.97511,-0.13227,-0.02578,-0.00508,0.99999,-0.00345,0.00217,-0.00091,0.99643,-0.08004,-0.00031,0.02703,33.1,34.48,0.077,0.0708
20:09:13.568,1790255353.5681,2198,0.391,-8.315,1.372,2.106,0.00213,-0.01589,0.99805,0.00015,-0.00158,-0.00295,-0.01358,-0.17019,0.98397,-0.13718,-0.03272,-0.00575,0.99999,-0.00473,0.00123,-0.00094,0.99623,-0.08242,0.00059,0.02706,33.1,34.48,0.0786,0.079
20:09:13.588,1790255353.5887,2199,0.628,-8.228,1.372,2.101,0.00347,-0.01399,1.00805,0.00023,0.0022,0.00232,-0.01412,-0.15825,0.99872,-0.13693,-0.03891,-0.00204,0.99998,-0.00565,3e-05,-0.00093,0.99621,-0.08266,0.0015,0.02714,33.1,34.48,0.0739,0.0715
20:09:13.609,1790255353.6091,2200,0.54,-8.298,1.372,2.096,-0.00329,-0.0085,0.98147,0.0005,-0.00154,-0.0038,-0.00998,-0.147,0.98565,-0.1423,-0.0255,-0.0015,0.99999,-0.0048,0.00107,-0.00096,0.99623,-0.08238,0.00173,0.02716,33.1,34.48,0.0661,0.0775
20:09:13.629,1790255353.6298,2201,0.657,-8.077,1.371,2.091,0.0025,-0.03255,0.99982,-0.00271,-0.00183,0.00268,-0.02103,-0.14094,0.98871,-0.13001,-0.02695,-0.00182,0.99998,-0.00645,0.00073,-0.00093,0.99625,-0.08213,0.00251,0.02722,33.1,34.48,0.0797,0.0792
20:09:13.650,1790255353.6502,2202,0.762,-8.344,1.371,2.086,-0.00799,-0.00157,1.0081,-2e-05,-0.00218,0.00058,-0.0299,-0.16178,0.99098,-0.13473,-0.02353,-0.00018,0.99999,-0.00514,0.00145,-0.00092,0.99615,-0.08316,0.00404,0.02735,33.1,34.48,0.0739,0.0766
20:09:13.670,1790255353.6705,2203,0.963,-8.339,1.371,2.08,-0.00187,-0.02193,0.97782,0.00258,0.00286,0.00038,-0.04354,-0.16837,0.98397,-0.12248,-0.0107,-0.00176,0.99998,-0.00641,0.00137,-0.00092,0.99604,-0.08442,0.00575,0.02746,33.1,34.48,0.0635,0.0794
20:09:13.691,1790255353.6908,2204,0.978,-8.47,1.371,2.075,-0.02643,-0.02451,1.00206,0.00039,0.00067,0.00355,-0.02543,-0.17345,0.99277,-0.12977,-0.00122,0.00341,0.99997,-0.0071,0.0028,-0.00088,0.99587,-0.08621,0.00729,0.02759,33.1,34.48,0.078,0.0739
20:09:13.711,1790255353.7114,2205,0.903,-8.698,1.37,2.07,-0.00441,-0.00781,0.99187,0.00015,0.00289,-0.00047,-0.01289,-0.17086,1.00287,-0.13007,-0.00168,0.00083,0.99998,-0.00561,0.00256,-0.00088,0.99584,-0.08669,0.0063,0.02749,33.1,34.48,0.0739,0.0669
20:09:13.731,1790255353.7318,2206,0.663,-8.779,1.37,2.065,-0.00745,-0.00989,0.99822,-0.00159,-0.0025,0.00256,-0.00541,-0.15843,0.98408,-0.12242,0.0017,-0.00062,0.99998,-0.00485,0.00393,-0.00084,0.99586,-0.08655,0.00555,0.02739,33.1,34.48,0.0787,0.0776
20:09:13.752,1790255353.7523,2207,0.434,-9.013,1.37,2.059,-0.01721,-0.01179,0.99328,-0.00316,-0.00205,0.00034,-0.00476,-0.19121,0.98852,-0.12011,0.00458,-0.00666,0.99997,-0.00522,0.00541,-0.00083,0.99566,-0.08886,0.00499,0.02722,33.1,34.48,0.0751,0.0749
20:09:13.772,1790255353.7725,2208,0.454,-9.325,1.369,2.054,-0.00019,0.0013,1.00078,-0.00139,-0.00156,0.0,-0.00248,-0.17994,0.97225,-0.121,0.00967,-0.00215,0.99998,-0.00405,0.00432,-0.00083,0.99553,-0.09044,0.00398,0.02705,33.1,34.48,0.0794,0.0716
20:09:13.793,1790255353.7931,2209,0.792,-9.342,1.369,2.048,0.00947,-0.0046,0.9851,0.00202,-0.00099,0.0013,-0.02722,-0.16841,0.98944,-0.114,0.00806,-0.00325,0.99999,-0.00377,0.00291,-0.00083,0.99552,-0.09043,0.0055,0.02711,33.1,34.48,0.0689,0.077
20:09:13.813,1790255353.8134,2210,0.951,-9.181,1.369,2.043,0.00136,-0.01215,0.98265,0.00154,0.00049,-0.0008,-0.01505,-0.1646,0.98681,-0.11761,0.01342,-0.00199,0.99999,-0.00453,0.00178,-0.00083,0.99557,-0.08985,0.00582,0.02707,33.1,34.48,0.067,0.0796
20:09:13.833,1790255353.8336,2211,0.865,-9.148,1.368,2.037,-0.0121,-0.00798,0.98497,-0.00257,0.00458,0.00076,-0.01945,-0.16511,0.99407,-0.11463,0.01355,0.00627,0.99998,-0.0044,0.0032,-0.00082,0.99561,-0.08938,0.0065,0.02715,33.1,34.48,0.0688,0.0741
20:09:13.853,1790255353.8538,2212,1.177,-9.021,1.368,2.032,0.02351,-0.02211,1.00118,0.00069,0.00314,0.00094,-0.02135,-0.1723,0.98499,-0.11263,0.02135,0.00223,0.99999,-0.00504,0.00178,-0.00082,0.99563,-0.08903,0.00784,0.02723,33.1,34.48,0.0787,0.0799
20:09:13.874,1790255353.8742,2213,1.351,-9.021,1.368,2.027,0.00501,-0.0067,0.98524,0.00154,-0.00142,-0.00027,-0.01526,-0.15427,1.00644,-0.10361,0.01849,0.00241,0.99999,-0.00453,0.00045,-0.00083,0.99566,-0.08859,0.00802,0.02722,33.1,34.48,0.069,0.0663
20:09:13.894,1790255353.8946,2214,1.582,-9.089,1.368,2.021,0.00224,-0.00472,0.99691,0.00205,0.00158,-0.00136,-0.0268,-0.15758,0.98601,-0.10319,0.02863,-0.00223,0.99999,-0.00323,-0.00047,-0.00084,0.99571,-0.08796,0.00907,0.02722,33.1,34.48,0.0777,0.0792
20:09:13.915,1790255353.9149,2215,1.632,-9.121,1.369,2.016,0.00655,-0.01001,0.98249,-0.00156,-0.00225,-0.0003,-0.01367,-0.18122,1.00188,-0.08407,0.03276,0.00029,0.99999,-0.00399,-0.00163,-0.00085,0.99562,-0.08905,0.00836,0.02706,33.1,34.48,0.0669,0.0663
20:09:13.935,1790255353.9352,2216,1.873,-9.157,1.369,2.011,0.00705,-0.00456,0.98882,0.0011,-0.00011,0.00251,-0.02656,-0.15781,0.98578,-0.11126,0.02971,0.00247,0.99999,-0.00303,-0.00273,-0.00083,0.99567,-0.08848,0.00933,0.0271,33.1,34.48,0.0716,0.079
20:09:13.955,1790255353.9557,2217,1.989,-9.597,1.369,2.005,0.00899,0.01178,0.99981,0.00126,-0.00126,-0.00334,-0.02331,-0.186,0.97703,-0.08758,0.03197,0.00309,0.99999,-0.00141,-0.00306,-0.00087,0.99546,-0.09073,0.00987,0.02707,33.1,34.48,0.0799,0.0761
20:09:13.976,1790255353.9762,2218,2.099,-9.526,1.369,1.999,-0.00204,-0.01252,0.98753,-0.00467,-0.00121,0.00218,-0.02976,-0.17614,0.96673,-0.08846,0.03213,-0.0032,0.99999,-0.00257,-0.00215,-0.00084,0.99539,-0.09127,0.01179,0.02712,33.1,34.48,0.0707,0.0673
20:09:13.996,1790255353.9964,2219,2.165,-9.583,1.37,1.994,0.00057,-0.00342,0.99769,0.00281,-0.00127,0.00093,-0.03927,-0.17297,0.98436,-0.08757,0.04398,-0.00495,1.0,-0.00189,-0.00073,-0.00083,0.99538,-0.09104,0.01376,0.02715,33.1,34.48,0.0783,0.0798
20:09:14.017,1790255354.0169,2220,1.953,-9.596,1.37,1.988,-0.01364,-0.01339,0.97718,-0.00304,0.00218,0.00055,-0.01932,-0.17937,0.97274,-0.08703,0.04982,0.00536,1.0,-0.00262,0.00038,-0.00082,0.99533,-0.09181,0.01304,0.02701,33.1,34.48,0.063,0.072
20:09:14.037,1790255354.0375,2221,1.91,-9.906,1.37,1.982,-0.00066,0.00599,0.98979,0.00301,0.0012,0.00295,-0.02624,-0.18676,0.99755,-0.08562,0.0591,0.0023,1.0,-0.0011,0.00038,-0.00079,0.99523,-0.09297,0.01256,0.02683,33.1,34.48,0.0724,0.0686
20:09:14.057,1790255354.0577,2222,2.055,-9.722,1.371,1.977,-0.01173,-0.02989,0.99246,-0.00449,0.00034,-0.00052,-0.03431,-0.18505,1.00044,-0.07714,0.05758,-0.00423,1.0,-0.00255,0.00094,-0.0008,0.99521,-0.09283,0.01448,0.02683,33.1,34.48,0.0747,0.0665
20:09:14.078,1790255354.0782,2223,2.213,-9.737,1.371,1.971,0.00697,0.00163,0.9956,0.00127,0.00105,-0.0011,-0.01571,-0.15534,0.9776,-0.06562,0.06126,0.00248,1.0,-0.0016,-0.00031,-0.0008,0.99528,-0.09209,0.01458,0.02674,33.1,34.48,0.0767,0.0725
20:09:14.098,1790255354.0987,2224,2.12,-9.805,1.372,1.966,-0.00227,-0.00965,0.96308,-0.00311,0.00103,-0.00073,-0.00595,-0.2062,0.97634,-0.07029,0.06297,0.00172,1.0,-0.00262,0.00013,-0.00081,0.99515,-0.09366,0.01424,0.02655,33.1,34.48,0.0523,0.0784
20:09:14.119,1790255354.1191,2225,2.131,-9.545,1.372,1.96,0.00172,-0.0149,0.99681,-0.00391,0.0025,-0.00254,-0.02268,-0.17254,0.97885,-0.0677,0.06134,0.00459,0.99999,-0.00422,-0.00016,-0.00083,0.99521,-0.09299,0.01415,0.02645,33.1,34.48,0.0777,0.0756
20:09:14.140,1790255354.1399,2226,1.966,-9.592,1.372,1.954,-0.01687,0.00576,0.99495,0.00074,-0.00019,0.00147,-0.0165,-0.1692,0.98562,-0.0627,0.06514,0.00013,0.99999,-0.00321,0.00106,-0.00083,0.99528,-0.09233,0.0139,0.02629,33.1,34.48,0.0763,0.0799
20:09:14.160,1790255354.1602,2227,1.818,-9.484,1.372,1.949,-0.02662,-0.01208,0.97735,0.00031,-0.00246,0.00115,-0.00886,-0.15665,0.99059,-0.06537,0.07238,-9e-05,0.99999,-0.0035,0.00228,-0.00081,0.99535,-0.09162,0.01388,0.02613,33.1,34.48,0.0633,0.0778
20:09:14.180,1790255354.1804,2228,1.878,-9.208,1.373,1.944,-0.00259,-0.0131,0.99875,-0.00014,-0.00101,-0.00191,-0.01518,-0.15775,0.98781,-0.06172,0.07674,0.00245,0.99999,-0.00503,0.00178,-0.00084,0.99543,-0.09076,0.01402,0.02601,33.1,34.48,0.0791,0.0797
20:09:14.201,1790255354.2009,2229,1.983,-9.07,1.373,1.938,0.00853,-0.01617,0.98524,0.00377,0.00274,-0.00155,-0.00754,-0.16145,0.9893,-0.06211,0.07347,-0.00554,0.99998,-0.00565,0.00056,-0.00086,0.99549,-0.09024,0.01377,0.02577,33.1,34.48,0.0691,0.0782
20:09:14.221,1790255354.2212,2230,1.877,-8.951,1.373,1.933,-0.00802,-0.01224,0.98338,0.00148,-0.00054,0.00058,-0.02995,-0.17331,0.97476,-0.06207,0.07912,0.00112,0.99998,-0.00587,0.00192,-0.00085,0.99557,-0.08936,0.01425,0.02567,33.1,34.48,0.0676,0.0729
20:09:14.242,1790255354.2418,2231,2.027,-8.776,1.373,1.928,0.00336,-0.01547,1.00155,-0.00182,0.00115,-0.00143,-0.01154,-0.15767,0.98142,-0.05077,0.08042,-0.00074,0.99998,-0.00663,0.00049,-0.00088,0.99563,-0.08866,0.01419,0.02549,33.1,34.48,0.0787,0.0756
20:09:14.262,1790255354.2622,2232,2.105,-8.829,1.374,1.923,0.00782,-0.01121,0.97902,-0.00053,2e-05,0.00046,0.01477,-0.1766,0.982,-0.04214,0.07253,0.00055,0.99998,-0.00637,-0.0008,-0.00089,0.99563,-0.08892,0.01359,0.02527,33.1,34.48,0.0643,0.0784
20:09:14.282,1790255354.2824,2233,2.054,-9.116,1.374,1.917,-0.00974,-0.00764,0.99654,0.00244,0.00023,-0.0013,-0.03039,-0.18439,0.98321,-0.03866,0.0933,0.0002,0.99998,-0.00571,0.00063,-0.00089,0.99546,-0.0907,0.0145,0.02512,33.1,34.48,0.0775,0.0794
20:09:14.303,1790255354.303,2234,1.826,-9.254,1.374,1.912,-0.01361,-0.00559,0.99954,0.00347,-0.00017,0.00116,-0.00466,-0.18033,0.98386,-0.05444,0.08342,-0.00279,0.99999,-0.00498,0.00211,-0.00087,0.99544,-0.09107,0.01396,0.02485,33.1,34.48,0.0797,0.0798
20:09:14.323,1790255354.3233,2235,1.864,-8.967,1.375,1.907,-0.01223,-0.02881,0.98615,0.00283,0.00397,0.00184,-0.02813,-0.15362,0.97954,-0.03989,0.09663,-0.00516,0.99998,-0.00626,0.00271,-0.00085,0.99554,-0.08985,0.015,0.02469,33.1,34.48,0.07,0.0739
20:09:14.343,1790255354.3438,2236,1.776,-8.816,1.375,1.902,-0.00594,-0.01472,0.98879,-0.00142,-0.00231,-0.00016,0.00024,-0.1792,0.99138,-0.02989,0.09055,-0.0004,0.99997,-0.0077,0.00305,-0.00085,0.99554,-0.08994,0.01466,0.02445,33.1,34.49,0.0717,0.0744
20:09:14.364,1790255354.3642,2237,1.948,-8.818,1.375,1.897,-0.01049,0.00065,0.98263,-0.00263,-0.00197,-0.00133,-0.03767,-0.16834,0.99022,-0.03468,0.10209,-0.00251,0.99997,-0.00642,0.0034,-0.00086,0.99562,-0.0887,0.01648,0.02439,33.1,34.49,0.067,0.0761
20:09:14.384,1790255354.3846,2238,2.027,-8.943,1.375,1.891,0.00394,0.00019,0.98471,-0.00056,0.00137,-0.00012,-0.02221,-0.1782,0.99278,-0.01705,0.0985,-0.00321,0.99998,-0.00534,0.00251,-0.00086,0.99563,-0.08875,0.01624,0.02411,33.1,34.49,0.0685,0.0733
20:09:14.405,1790255354.4052,2239,1.984,-8.943,1.376,1.886,-0.01901,0.00804,0.9932,0.00286,9e-05,-0.00198,-0.03051,-0.16686,0.98742,-0.02216,0.10814,0.00186,0.99999,-0.00407,0.00344,-0.00088,0.99574,-0.08746,0.01677,0.02396,33.1,34.49,0.0751,0.0786
20:09:14.425,1790255354.4254,2240,2.082,-8.863,1.376,1.881,0.01177,-0.01841,0.97767,0.00172,-0.00222,-0.00082,-0.01282,-0.17284,0.97858,-0.01249,0.10151,0.00183,0.99999,-0.00469,0.0023,-0.00089,0.99575,-0.08741,0.01653,0.02374,33.1,34.49,0.0634,0.0754
20:09:14.446,1790255354.446,2241,2.264,-8.766,1.376,1.876,0.0116,-0.007,0.99166,0.00036,-0.00048,0.00066,-0.01495,-0.15657,0.99699,-0.01569,0.09573,-0.00168,0.99999,-0.00448,0.00079,-0.0009,0.99584,-0.08644,0.01665,0.02354,33.1,34.49,0.0738,0.073
20:09:14.466,1790255354.4667,2242,2.369,-8.78,1.377,1.871,0.00682,0.01099,0.98805,0.00046,-0.00149,-0.00091,-0.01676,-0.14966,0.983,-0.00969,0.10784,-0.00353,0.99999,-0.00313,0.00022,-0.0009,0.99594,-0.08524,0.01697,0.02331,33.1,34.49,0.0711,0.0758
20:09:14.487,1790255354.4873,2243,2.422,-8.945,1.377,1.866,0.0054,0.01133,0.98736,-0.00155,-0.00107,-0.00146,-0.01855,-0.17065,0.97485,-0.00246,0.11258,-0.00149,1.0,-0.00176,-0.00026,-0.00092,0.99594,-0.08533,0.01691,0.02305,33.1,34.49,0.0706,0.0724
20:09:14.507,1790255354.5078,2244,2.315,-8.759,1.378,1.861,-0.00794,-0.01535,0.98484,0.0008,-0.00441,0.00051,-0.01326,-0.16444,1.0,-0.00692,0.09904,0.0013,1.0,-0.0029,0.00052,-0.00091,0.99599,-0.08481,0.01682,0.02284,33.1,34.49,0.0687,0.0699
20:09:14.528,1790255354.5281,2245,2.356,-8.659,1.378,1.856,0.00448,-0.02947,0.9794,-0.00093,-0.00208,-0.00268,-0.02023,-0.17548,0.9737,0.0078,0.1133,0.00137,0.99999,-0.0042,0.0002,-0.00094,0.99596,-0.08524,0.01693,0.02261,33.1,34.49,0.0649,0.0722
20:09:14.548,1790255354.5485,2246,2.291,-8.495,1.379,1.851,-0.00593,-0.02463,0.99194,-0.0022,-0.00016,-0.00502,0.00763,-0.17452,0.96922,0.00556,0.11002,0.00155,0.99998,-0.00566,0.00068,-0.00099,0.99597,-0.08524,0.01693,0.02239,33.1,34.49,0.0742,0.0686
20:09:14.569,1790255354.569,2247,2.442,-8.522,1.379,1.846,0.00605,-0.0072,0.9974,-0.00157,0.00132,-0.00118,-0.00895,-0.16597,0.98038,0.01361,0.11762,0.00131,0.99999,-0.0049,-0.0007,-0.00101,0.99601,-0.08478,0.01686,0.02214,33.1,34.49,0.0781,0.0758
20:09:14.589,1790255354.5893,2248,2.405,-8.737,1.38,1.841,-0.02073,0.00283,1.00712,0.0023,0.00076,0.00184,-0.03239,-0.18672,0.9936,0.01454,0.11335,0.00288,0.99999,-0.00413,0.00062,-0.00098,0.99591,-0.08582,0.01781,0.02198,33.1,34.49,0.0745,0.0714
20:09:14.609,1790255354.6098,2249,2.302,-8.786,1.38,1.836,-0.00727,0.00078,0.98452,0.00031,0.0006,0.00464,-0.01083,-0.16206,0.98818,0.0106,0.11062,0.00583,0.99999,-0.00297,0.00141,-0.00093,0.99598,-0.08506,0.01768,0.0218,33.1,34.49,0.0684,0.0789
20:09:14.630,1790255354.6301,2250,2.203,-8.582,1.381,1.831,-0.00809,-0.0162,1.00541,0.00248,-0.00204,0.00121,0.00374,-0.16645,0.97765,0.02462,0.11222,-0.00296,0.99999,-0.00431,0.00209,-0.00092,0.99603,-0.08459,0.01758,0.02152,33.1,34.49,0.0758,0.0738
20:09:14.650,1790255354.6506,2251,2.382,-8.573,1.381,1.826,0.00869,-0.01946,1.01699,0.001,0.00372,-0.00041,-0.02619,-0.18377,0.97174,0.01934,0.11201,0.00165,0.99999,-0.00518,0.00107,-0.00093,0.99595,-0.08542,0.01816,0.02132,33.1,34.49,0.0671,0.072
20:09:14.671,1790255354.6712,2252,2.477,-8.435,1.382,1.821,0.00274,-0.02356,0.9999,-0.00057,-0.00096,-0.0031,-0.0165,-0.18687,0.97503,0.03985,0.122,0.00014,0.99998,-0.00673,0.00049,-0.00097,0.99592,-0.0858,0.01848,0.02106,33.1,34.49,0.0799,0.0747
20:09:14.691,1790255354.6914,2253,2.332,-8.488,1.382,1.816,-0.01352,-0.0058,0.98069,0.0001,0.00276,0.00106,-0.01163,-0.17352,0.97441,0.03329,0.1067,0.00169,0.99998,-0.00606,0.00166,-0.00095,0.99595,-0.08553,0.01838,0.02082,33.1,34.49,0.0656,0.0724
20:09:14.711,1790255354.7118,2254,2.317,-8.2,1.382,1.811,-0.00325,-0.01659,0.98509,0.00038,-0.00232,0.00231,-0.02432,-0.16298,0.98398,0.03133,0.11137,0.00116,0.99997,-0.00746,0.00163,-0.00093,0.99605,-0.08442,0.01832,0.0206,33.1,34.49,0.0689,0.0783
20:09:14.732,1790255354.7321,2255,2.295,-8.343,1.383,1.806,-0.00562,-0.00612,0.9837,-0.00089,0.00055,0.00015,-0.01696,-0.1739,0.97424,0.04014,0.12474,-0.00011,0.99998,-0.00614,0.00201,-0.00092,0.99606,-0.08433,0.01846,0.02033,33.1,34.49,0.0678,0.0723
20:09:14.752,1790255354.7526,2256,2.523,-8.11,1.383,1.802,0.02442,-0.01321,1.00882,-0.0018,-0.00464,-0.00074,-0.02221,-0.14535,0.98707,0.04704,0.11782,0.0032,0.99998,-0.00621,0.00046,-0.00094,0.99621,-0.08244,0.01895,0.02018,33.1,34.49,0.0731,0.0785
20:09:14.773,1790255354.7728,2257,2.615,-7.873,1.384,1.797,0.00816,-0.02287,0.99009,0.00065,0.0002,0.00069,-0.00116,-0.15596,0.98221,0.04629,0.11531,-0.00178,0.99997,-0.00732,-0.0005,-0.00094,0.99629,-0.08152,0.01887,0.01991,33.1,34.49,0.0728,0.0759
20:09:14.793,1790255354.793,2258,2.454,-7.87,1.385,1.792,-0.00595,-0.01158,0.99794,-0.00078,0.00164,3e-05,0.00242,-0.16676,0.99698,0.06389,0.12189,-0.00285,0.99998,-0.00669,0.00095,-0.00093,0.99636,-0.0808,0.01892,0.01963,33.1,34.49,0.0785,0.0719
20:09:14.813,1790255354.8136,2259,2.525,-7.879,1.385,1.788,0.0007,0.0025,0.98483,0.00397,0.00252,-0.00031,-0.01644,-0.1453,0.96866,0.05391,0.12593,0.00426,0.99999,-0.00526,0.00075,-0.00094,0.99646,-0.07946,0.01932,0.01946,33.1,34.49,0.0686,0.0647
20:09:14.833,1790255354.8337,2260,2.481,-7.701,1.386,1.783,-0.00435,-0.02311,0.98777,0.00067,0.0004,0.00091,-0.01272,-0.16802,0.98813,0.05075,0.12286,-0.0037,0.99998,-0.00665,0.00106,-0.00094,0.99648,-0.07928,0.01932,0.01916,33.1,34.49,0.071,0.0782
20:09:14.854,1790255354.8539,2261,2.574,-7.71,1.386,1.779,-0.00016,-0.00978,0.98919,-0.00273,0.00286,0.00192,-0.00205,-0.15109,1.00877,0.06383,0.11067,-0.00538,0.99998,-0.00542,0.00037,-0.00092,0.99657,-0.07815,0.01943,0.01889,33.1,34.49,0.0719,0.065
20:09:14.874,1790255354.8744,2262,2.526,-7.882,1.387,1.774,-0.0024,-0.00696,1.00469,0.00176,-0.00074,-0.00595,-0.02802,-0.16279,0.98375,0.06029,0.12197,0.00459,0.99999,-0.00396,0.00097,-0.00098,0.99657,-0.07817,0.01957,0.01868,33.1,34.49,0.0765,0.0781
20:09:14.894,1790255354.8946,2263,2.478,-7.934,1.387,1.77,-0.0071,0.00344,1.00209,7e-05,0.00189,0.00232,-0.0175,-0.15597,1.01451,0.06658,0.11477,-0.00133,1.0,-0.00252,0.00164,-0.00095,0.99665,-0.07716,0.0198,0.01845,33.1,34.49,0.0784,0.0601
20:09:14.915,1790255354.9152,2264,2.654,-7.949,1.388,1.765,0.00974,-0.00159,1.0015,0.00024,-0.00124,-0.00521,-0.01183,-0.16616,0.98939,0.06246,0.11444,-0.00286,1.0,-0.0021,6e-05,-0.00101,0.99668,-0.07693,0.01976,0.01817,33.1,34.49,0.0788,0.0775
20:09:14.935,1790255354.9357,2265,2.525,-7.877,1.388,1.761,-0.01069,-0.00308,0.97459,0.00226,-0.00166,0.00138,-0.02225,-0.15285,0.97585,0.07634,0.12775,-0.00167,1.0,-0.00196,0.00129,-0.00099,0.99674,-0.07611,0.01989,0.01791,33.1,34.49,0.061,0.071
20:09:14.956,1790255354.9564,2266,2.361,-7.854,1.389,1.756,-0.01954,-0.00147,1.01114,2e-05,0.00193,0.00038,-0.01796,-0.1598,0.9828,0.08268,0.12138,-0.00056,0.99999,-0.00174,0.00275,-0.00099,0.99678,-0.07564,0.01993,0.01764,33.1,34.49,0.0715,0.0769
20:09:14.977,1790255354.9768,2267,2.3,-7.665,1.389,1.752,-0.00814,-0.00926,1.00109,0.00012,0.00083,0.00019,-0.02317,-0.16303,0.99446,0.07787,0.12157,0.00501,0.99999,-0.00322,0.00343,-0.00099,0.99679,-0.07543,0.02015,0.01745,33.1,34.49,0.0791,0.074
20:09:14.997,1790255354.9973,2268,2.299,-7.7,1.39,1.747,-0.00733,-0.00347,1.0166,0.00098,0.00223,0.00274,-0.01679,-0.15147,1.0099,0.07965,0.11609,0.00023,0.99999,-0.00183,0.00361,-0.00096,0.99688,-0.07435,0.0203,0.01723,33.1,34.49,0.0675,0.064
20:09:15.017,1790255355.0177,2269,2.427,-7.748,1.39,1.743,-5e-05,0.00224,0.99723,-0.00272,0.0019,0.00094,-0.01948,-0.15642,0.98313,0.09094,0.1067,-0.00062,1.0,-0.00085,0.0024,-0.00095,0.99692,-0.07382,0.0202,0.01698,33.1,34.49,0.0779,0.0768
20:09:15.038,1790255355.0379,2270,2.571,-7.647,1.391,1.738,0.00835,-0.01067,0.98603,-0.00362,0.00176,-0.00111,-0.01649,-0.1697,0.98806,0.08432,0.10789,0.00043,1.0,-0.00169,0.00126,-0.00096,0.99692,-0.07382,0.02036,0.01675,33.1,34.49,0.0696,0.078
20:09:15.058,1790255355.0583,2271,2.724,-7.491,1.391,1.734,0.00684,-0.00102,0.99174,-0.00453,0.00434,-0.00036,-0.0227,-0.13866,0.99197,0.08316,0.1121,0.00095,1.0,-0.00137,-0.00016,-0.00097,0.99705,-0.07218,0.02031,0.01655,33.1,34.49,0.0738,0.0786
20:09:15.078,1790255355.0786,2272,2.634,-7.245,1.392,1.73,-0.00446,-0.01266,0.98019,0.00133,-0.00389,-0.00039,-0.02903,-0.14445,0.99062,0.08764,0.11138,0.00592,1.0,-0.00256,0.00038,-0.00097,0.99712,-0.0712,0.02011,0.01637,33.1,34.49,0.0652,0.0789
20:09:15.099,1790255355.0988,2273,2.505,-6.908,1.392,1.726,-0.015,-0.02032,0.98684,-0.00072,-0.00189,6e-05,-0.02336,-0.13135,0.99154,0.09674,0.1022,-0.00013,0.99999,-0.0036,0.00133,-0.00097,0.99727,-0.06928,0.02002,0.01618,33.1,34.49,0.0704,0.0796
20:09:15.119,1790255355.1192,2274,2.633,-6.763,1.393,1.722,0.0109,-0.01572,0.98222,0.00192,0.00334,0.00267,-0.0294,-0.14562,1.00095,0.09389,0.10529,0.00795,0.99999,-0.00432,0.00021,-0.00094,0.9973,-0.06877,0.02006,0.01604,33.1,34.49,0.0668,0.0711
20:09:15.139,1790255355.1396,2275,2.689,-6.519,1.394,1.718,0.0109,-0.02273,0.97996,0.00027,0.00153,0.0038,-0.00776,-0.14163,0.993,0.10647,0.10169,-0.00262,0.99999,-0.00536,-0.0006,-0.00091,0.99738,-0.0677,0.01979,0.01579,33.1,34.49,0.0652,0.0777
20:09:15.160,1790255355.16,2276,2.555,-6.414,1.394,1.714,-0.01871,0.00119,0.96406,-0.00331,0.00261,0.00037,-0.02992,-0.13273,0.98424,0.11196,0.10363,0.00234,0.99999,-0.00485,0.00036,-0.0009,0.99749,-0.06624,0.0196,0.0156,33.1,34.49,0.0532,0.0752
20:09:15.180,1790255355.1803,2277,2.818,-6.404,1.395,1.71,0.00983,-0.01116,0.99618,0.00021,0.00256,0.00352,-0.03447,-0.14981,0.98042,0.10461,0.09969,-0.00259,0.99999,-0.00507,-0.00116,-0.00087,0.99746,-0.06642,0.02039,0.01541,33.1,34.49,0.0772,0.0743
20:09:15.200,1790255355.2008,2278,2.685,-6.398,1.395,1.706,-0.00502,-0.00155,0.98988,0.00069,0.00099,0.00109,-0.01585,-0.1319,0.98515,0.10373,0.10508,-0.0013,0.99999,-0.00395,-0.00019,-0.00087,0.99755,-0.06521,0.0202,0.01518,33.1,34.49,0.0724,0.0755
20:09:15.221,1790255355.221,2279,2.704,-6.154,1.396,1.703,0.00188,-0.01175,0.9787,0.00072,5e-05,-0.00133,-0.00736,-0.13676,0.97868,0.10531,0.08894,-0.00082,0.99999,-0.00516,-0.00064,-0.00087,0.99762,-0.0643,0.01997,0.01498,33.1,34.49,0.0641,0.0712
20:09:15.241,1790255355.2414,2280,2.619,-6.269,1.397,1.699,-0.00581,0.00643,1.00094,0.0033,0.0013,-0.00065,-0.0152,-0.14213,0.98448,0.11009,0.09341,-0.00048,0.99999,-0.00364,0.0,-0.00088,0.99766,-0.06376,0.01984,0.01477,33.1,34.49,0.0793,0.0761
20:09:15.262,1790255355.2619,2281,2.751,-6.107,1.397,1.695,0.01467,-0.01212,0.99038,-0.00061,0.00324,0.00135,0.00033,-0.14443,0.99608,0.12481,0.09275,0.00098,0.99999,-0.00412,-0.00139,-0.00087,0.99772,-0.06286,0.01963,0.01457,33.1,34.49,0.0729,0.0751
20:09:15.282,1790255355.2824,2282,2.607,-5.782,1.398,1.692,-0.01384,-0.01706,0.98185,0.00042,0.00036,0.00204,-0.02074,-0.11088,1.00522,0.11334,0.08619,-0.00578,0.99999,-0.00477,-0.00018,-0.00084,0.99786,-0.06064,0.01964,0.01437,33.1,34.49,0.0666,0.0714
20:09:15.302,1790255355.3027,2283,2.504,-5.79,1.398,1.688,-0.01045,0.00533,1.00009,0.00206,0.00089,-0.00078,-0.00925,-0.12292,0.95335,0.13139,0.07723,0.0004,0.99999,-0.00344,0.00077,-0.00085,0.99794,-0.05936,0.01968,0.01421,33.1,34.49,0.0799,0.051
20:09:15.323,1790255355.3231,2284,2.585,-5.542,1.399,1.685,0.01253,-0.02123,0.98409,0.00013,0.00101,0.00066,-0.00625,-0.12398,0.97706,0.12324,0.0867,-0.00024,0.99999,-0.00444,-0.0002,-0.00085,0.99802,-0.05822,0.01947,0.01403,33.1,34.49,0.0683,0.0687
20:09:15.343,1790255355.3436,2285,2.491,-5.302,1.399,1.682,-0.0047,-0.02001,0.99547,-0.00348,0.00109,-0.00265,-0.01457,-0.12966,0.97944,0.11781,0.08635,-0.00287,0.99998,-0.00591,0.00047,-0.00087,0.99806,-0.05757,0.01938,0.01382,33.1,34.5,0.0768,0.0711
20:09:15.364,1790255355.3639,2286,2.643,-5.442,1.4,1.678,0.0056,1e-05,0.98948,0.00099,-0.00249,-0.00111,-0.03349,-0.13597,0.99507,0.12991,0.07694,0.00017,0.99999,-0.00463,-0.00027,-0.00089,0.99805,-0.05753,0.01993,0.01368,33.1,34.5,0.0721,0.0763
20:09:15.384,1790255355.3845,2287,2.605,-5.526,1.401,1.675,-0.00072,-0.00038,0.99808,-0.00126,-0.00113,0.00102,-0.02207,-0.12101,0.97247,0.12168,0.0769,0.00226,0.99999,-0.00304,-6e-05,-0.00088,0.99811,-0.05667,0.01979,0.01353,33.1,34.5,0.0786,0.0652
20:09:15.405,1790255355.405,2288,2.485,-5.484,1.401,1.671,-0.01741,-0.00969,0.97706,-2e-05,0.00109,2e-05,-0.0271,-0.13388,0.98865,0.12684,0.08147,-0.00131,0.99999,-0.00331,0.0012,-0.00087,0.99811,-0.05653,0.02001,0.01335,33.1,34.5,0.063,0.0785
20:09:15.425,1790255355.4252,2289,2.491,-5.243,1.402,1.668,0.00245,-0.02043,0.98801,0.00114,0.00224,0.00058,-0.00663,-0.13211,0.98731,0.13208,0.07311,-0.00292,0.99999,-0.00466,0.00075,-0.00087,0.99816,-0.05579,0.01967,0.01315,33.1,34.5,0.0712,0.0771
20:09:15.445,1790255355.4456,2290,2.476,-5.262,1.402,1.665,0.00677,0.01727,0.98729,0.00019,-0.00276,0.00052,-0.01051,-0.12026,0.99763,0.141,0.06056,-0.0033,0.99999,-0.00329,0.00029,-0.00087,0.99824,-0.05459,0.01906,0.01294,33.1,34.5,0.0706,0.0763
20:09:15.466,1790255355.4659,2291,2.278,-5.112,1.403,1.662,-0.00403,-0.00825,0.98453,0.00157,0.00238,-0.00048,0.00365,-0.13565,0.99172,0.13757,0.06466,0.00056,0.99999,-0.00391,0.00155,-0.00087,0.99829,-0.05385,0.01863,0.01278,33.1,34.5,0.0684,0.0793
20:09:15.486,1790255355.4862,2292,2.15,-4.88,1.403,1.659,-0.00684,-0.01454,0.99144,-0.00179,0.00158,-0.00325,-0.00506,-0.12962,0.98377,0.13721,0.06323,-0.00209,0.99998,-0.00524,0.0023,-0.0009,0.99834,-0.05313,0.0183,0.0126,33.1,34.5,0.0737,0.0742
20:09:15.506,1790255355.5063,2293,1.91,-4.696,1.403,1.656,-0.00849,-0.01022,1.00875,-0.0021,0.00175,0.00215,-0.01805,-0.10509,1.00196,0.14536,0.06247,0.00351,0.99998,-0.00512,0.00378,-0.00087,0.99844,-0.05137,0.01771,0.01249,33.1,34.5,0.0734,0.0743
20:09:15.526,1790255355.5268,2294,1.941,-4.774,1.403,1.653,-0.00271,0.0008,0.98412,-0.00132,0.00118,0.00108,-0.01546,-0.1235,1.00067,0.13861,0.05207,-0.00345,0.99999,-0.00387,0.00324,-0.00086,0.99848,-0.0508,0.01742,0.01231,33.1,34.5,0.0681,0.0737
20:09:15.547,1790255355.5474,2295,1.96,-4.786,1.404,1.65,0.00122,0.00548,0.98923,0.00126,0.00136,-0.00267,-0.01244,-0.10807,0.98339,0.14182,0.05328,0.00045,0.99999,-0.00257,0.00251,-0.00088,0.99855,-0.04963,0.01684,0.01217,33.1,34.5,0.0719,0.072
20:09:15.568,1790255355.5679,2296,1.797,-4.797,1.404,1.647,-0.01282,0.00449,0.97337,-0.0003,0.00044,-0.00043,-0.01133,-0.1126,0.99022,0.14697,0.04362,-0.00234,0.99999,-0.00163,0.0033,-0.00088,0.99861,-0.04874,0.0162,0.012,33.1,34.5,0.0601,0.0775
20:09:15.588,1790255355.5883,2297,1.819,-4.847,1.404,1.644,0.00062,0.01424,0.98786,-0.00084,-2e-05,0.00077,-0.00453,-0.11864,1.0036,0.1512,0.05386,0.00802,1.0,-0.00029,0.00275,-0.00088,0.99866,-0.04785,0.01582,0.01195,33.1,34.5,0.071,0.0721
20:09:15.608,1790255355.6087,2298,1.869,-4.652,1.404,1.641,0.00386,-0.00372,0.98271,0.00223,-0.00222,0.0006,0.00263,-0.1064,0.99123,0.15077,0.03749,-0.00074,1.0,-0.00071,0.00143,-0.00087,0.99873,-0.0466,0.01496,0.0118,33.1,34.5,0.067,0.0777
20:09:15.629,1790255355.6291,2299,1.749,-4.468,1.404,1.638,-0.01477,-0.01593,0.98521,0.00246,-0.00187,0.00244,-0.01468,-0.11634,1.00851,0.14603,0.04425,-0.00369,1.0,-0.00177,0.0023,-0.00085,0.99876,-0.04603,0.01484,0.01165,33.1,34.5,0.0691,0.0685
20:09:15.649,1790255355.6497,2300,1.881,-4.476,1.405,1.635,0.00295,-0.00112,0.98822,0.00066,-0.00054,0.00162,-0.02095,-0.10807,1.00001,0.14211,0.02918,0.00351,1.0,-0.00133,0.0009,-0.00085,0.99878,-0.04568,0.01458,0.01158,33.1,34.5,0.0712,0.0755
20:09:15.670,1790255355.6699,2301,1.726,-4.497,1.405,1.632,-0.0157,0.01393,0.97638,0.00293,-0.0022,0.00114,-0.01035,-0.10777,1.01146,0.14344,0.02385,0.00167,1.0,-0.00033,0.00169,-0.00084,0.99883,-0.04485,0.014,0.0115,33.1,34.5,0.0625,0.0671
20:09:15.690,1790255355.6906,2302,1.641,-4.353,1.405,1.63,-0.01072,-0.01145,0.98276,-0.00468,-0.00219,0.00059,-0.02098,-0.11586,0.99105,0.13869,0.02375,0.00819,1.0,-0.00153,0.00246,-0.00083,0.99883,-0.04477,0.01405,0.01149,33.1,34.5,0.0672,0.0785
20:09:15.711,1790255355.7108,2303,1.808,-4.146,1.405,1.627,-0.00361,-0.02379,0.98497,-0.00292,0.00214,0.00038,-0.03699,-0.09963,0.99418,0.146,0.02231,0.00145,0.99999,-0.00295,0.00239,-0.00083,0.99883,-0.0444,0.01549,0.01148,33.1,34.5,0.0689,0.0799
20:09:15.731,1790255355.7315,2304,1.718,-3.839,1.405,1.624,-0.00262,-0.01567,0.97983,0.00146,-0.00055,-0.00505,-0.00503,-0.09563,0.98738,0.1568,0.01712,-0.0073,0.99999,-0.00425,0.00211,-0.00089,0.99891,-0.04302,0.01448,0.01129,33.1,34.5,0.065,0.074
20:09:15.752,1790255355.752,2305,1.489,-3.827,1.405,1.622,-0.00695,-0.00456,1.00387,-0.00275,0.0015,-0.00263,-0.00772,-0.08933,0.99842,0.14189,0.01977,-0.00132,0.99999,-0.00297,0.00302,-0.00091,0.99898,-0.0416,0.01337,0.01117,33.1,34.5,0.0771,0.0782
20:09:15.772,1790255355.7722,2306,1.26,-3.828,1.405,1.619,-0.01231,-0.00386,0.99667,0.00037,-0.00362,0.00138,-0.00105,-0.11472,1.00343,0.14186,0.01375,-0.00101,0.99999,-0.00248,0.00446,-0.00089,0.99901,-0.04108,0.01281,0.01107,33.1,34.5,0.0776,0.0725
20:09:15.792,1790255355.7924,2307,1.15,-3.549,1.405,1.617,-0.00941,-0.02292,0.98895,0.00202,-0.00106,0.00062,-0.00893,-0.09207,0.98416,0.15717,0.00691,0.00016,0.99998,-0.00392,0.0045,-0.00089,0.99907,-0.04007,0.01193,0.01098,33.1,34.5,0.0719,0.0714
20:09:15.812,1790255355.8127,2308,1.003,-3.318,1.405,1.615,-0.0108,-0.01097,0.99105,0.00559,-0.00127,-0.00117,-0.01211,-0.09659,1.02432,0.14674,0.00281,0.00391,0.99997,-0.00514,0.00524,-0.0009,0.9991,-0.03926,0.01143,0.01094,33.1,34.5,0.0734,0.0583
20:09:15.833,1790255355.8331,2309,1.049,-3.305,1.405,1.612,-0.00354,-0.00673,0.98674,0.00238,-0.00141,0.00403,0.00827,-0.10178,0.99956,0.14423,0.00998,-0.00436,0.99998,-0.00448,0.00395,-0.00087,0.99914,-0.0385,0.01053,0.01081,33.1,34.5,0.0701,0.0764
20:09:15.853,1790255355.8536,2310,1.053,-3.137,1.405,1.61,0.01202,-0.00526,0.97946,-0.00278,-0.00403,0.00078,0.01745,-0.07933,1.00576,0.14705,-0.00688,-0.0011,0.99999,-0.00427,0.0026,-0.00086,0.99922,-0.03685,0.00923,0.01072,33.1,34.5,0.0647,0.0732
20:09:15.874,1790255355.874,2311,0.912,-3.146,1.404,1.608,-0.01189,0.02958,1.00806,-0.00168,-0.0029,0.00199,-0.00973,-0.07789,1.02082,0.14958,-0.00729,-0.00029,0.99999,-0.00282,0.00282,-0.00084,0.99928,-0.03546,0.00821,0.01065,33.1,34.5,0.0736,0.0621
20:09:15.894,1790255355.8942,2312,1.073,-3.213,1.404,1.606,-0.0026,0.00909,0.98128,0.00274,0.00536,-0.00336,-0.02997,-0.08276,1.00714,0.1501,-0.01623,-0.00129,1.0,-0.00148,0.00261,-0.00087,0.9993,-0.03472,0.00938,0.01065,33.1,34.5,0.066,0.0718
20:09:15.914,1790255355.9148,2313,1.324,-3.227,1.404,1.603,0.03114,0.00929,0.9966,-0.00237,0.00257,-0.00034,-0.02288,-0.07747,1.00379,0.14954,-0.01594,0.00017,1.0,-0.001,0.00112,-0.00087,0.9993,-0.03441,0.01007,0.01064,33.1,34.5,0.0778,0.0747
20:09:15.935,1790255355.9351,2314,1.319,-3.099,1.404,1.601,0.01182,0.00318,0.99579,-0.00045,0.00108,-0.00295,0.00977,-0.06976,1.00113,0.14484,-0.01901,0.00286,1.0,-0.00047,-0.00034,-0.0009,0.99937,-0.03278,0.00857,0.0106,33.1,34.5,0.0769,0.0773
20:09:15.955,1790255355.9556,2315,1.257,-2.865,1.404,1.599,0.00417,-0.00747,0.97956,0.00059,-0.00149,0.00256,-0.00909,-0.07152,1.00921,0.13824,-0.01547,-0.00204,1.0,-0.00163,-0.00098,-0.00088,0.99941,-0.03191,0.00743,0.01051,33.1,34.5,0.0647,0.0712
20:09:15.976,1790255355.976,2316,1.122,-2.705,1.404,1.597,-0.00359,-0.01367,0.98138,-0.0019,-0.0029,0.00082,-0.00803,-0.08236,1.00027,0.14328,-0.02118,0.0002,1.0,-0.00285,-0.00039,-0.00087,0.99942,-0.0317,0.00688,0.01047,33.1,34.5,0.0661,0.0772
20:09:15.996,1790255355.9962,2317,1.452,-2.58,1.404,1.595,0.01009,-0.00211,0.99011,0.00029,-0.00133,0.00191,-0.02618,-0.06389,1.00413,0.14061,-0.02782,-0.00286,1.0,-0.00233,-0.00177,-0.00085,0.99946,-0.03014,0.00838,0.01048,33.1,34.5,0.0726,0.0751
20:09:16.016,1790255356.0163,2318,1.327,-2.531,1.404,1.593,0.0015,-0.00496,0.99605,0.00031,-0.00249,-8e-05,-0.02066,-0.06974,1.00459,0.14308,-0.03187,-0.00027,1.0,-0.00257,-0.00027,-0.00085,0.99946,-0.02993,0.00879,0.01047,33.1,34.5,0.077,0.0746
20:09:16.036,1790255356.0366,2319,1.297,-2.668,1.404,1.591,-0.00475,0.00318,1.00314,0.00156,-0.00269,0.00203,-0.02426,-0.07417,1.00114,0.13919,-0.03218,0.00193,1.0,-0.00123,0.00054,-0.00083,0.99946,-0.02976,0.00932,0.01048,33.1,34.5,0.0776,0.0769
20:09:16.057,1790255356.0571,2320,1.043,-2.407,1.404,1.59,-0.01325,-0.02816,0.98017,0.00111,0.0013,-0.00084,-0.00229,-0.06694,0.99939,0.1492,-0.03849,6e-05,1.0,-0.00245,0.00112,-0.00083,0.9995,-0.02868,0.00772,0.01042,33.1,34.5,0.0655,0.0788
20:09:16.077,1790255356.0777,2321,0.837,-2.5,1.403,1.588,-0.00945,0.0092,0.99269,1e-05,-0.00041,0.00121,0.0011,-0.07611,0.98827,0.14676,-0.03873,0.00022,1.0,-0.00108,0.00182,-0.00082,0.99953,-0.0281,0.00659,0.01038,33.1,34.5,0.0746,0.0734
20:09:16.098,1790255356.0983,2322,0.516,-2.479,1.403,1.586,-0.01153,0.00202,0.98645,0.00166,-0.001,-0.0004,-0.0013,-0.06338,1.0033,0.14111,-0.04205,0.00293,0.99999,-0.00041,0.0031,-0.00082,0.99956,-0.0272,0.00506,0.01037,33.1,34.5,0.0699,0.076
20:09:16.119,1790255356.1186,2323,0.336,-2.567,1.402,1.584,-0.00669,0.00286,0.98787,0.00081,-0.00141,-0.00094,-0.00116,-0.06351,1.00188,0.15159,-0.04877,-0.00042,0.99999,0.00101,0.00332,-0.00082,0.99959,-0.02652,0.00368,0.01033,33.1,34.5,0.0709,0.0771
20:09:16.139,1790255356.1391,2324,0.625,-2.443,1.402,1.582,0.02278,0.01247,0.98077,-0.0022,0.00134,0.0019,-0.02965,-0.05507,0.99342,0.14226,-0.05425,0.00268,1.0,0.00144,0.00206,-0.00079,0.99962,-0.02506,0.00495,0.01039,33.1,34.5,0.0658,0.0765
20:09:16.159,1790255356.1594,2325,0.649,-2.483,1.402,1.58,0.00446,0.00646,0.97629,0.00137,-0.00129,0.0023,-0.00536,-0.06094,0.99602,0.13708,-0.05577,-0.0024,1.0,0.00195,0.00088,-0.00077,0.99963,-0.02491,0.00398,0.01035,33.1,34.5,0.0622,0.0784
20:09:16.179,1790255356.1797,2326,0.664,-2.252,1.401,1.578,-0.0147,-0.01216,0.99181,0.00177,-0.00353,0.00316,-0.01893,-0.05519,0.99934,0.14118,-0.0609,0.00032,1.0,0.0008,0.00179,-0.00074,0.99964,-0.02403,0.00505,0.01039,33.1,34.5,0.074,0.0792
20:09:16.200,1790255356.2003,2327,0.332,-2.145,1.401,1.577,-0.00436,0.0027,0.98843,-0.00148,0.00026,-0.00303,-0.00372,-0.04569,0.99936,0.13636,-0.07291,-0.00047,0.99999,0.00197,0.00266,-0.00077,0.9997,-0.0219,0.00302,0.01035,33.1,34.5,0.0713,0.0797
20:09:16.220,1790255356.2205,2328,0.194,-2.078,1.4,1.575,-0.01599,0.00043,0.98804,-0.00097,0.00035,-0.00118,-0.00949,-0.05053,0.99128,0.13578,-0.06616,-0.00226,0.99999,0.00153,0.00403,-0.00077,0.99971,-0.02172,0.00319,0.01034,33.1,34.5,0.0711,0.0745
20:09:16.241,1790255356.241,2329,0.479,-1.772,1.4,1.574,0.0207,-0.00596,1.00253,0.00158,-0.0031,0.00117,-0.02163,-0.03704,0.99556,0.13273,-0.07651,-0.0016,1.0,0.00106,0.00246,-0.00076,0.99975,-0.01956,0.00415,0.01037,33.1,34.5,0.0779,0.0774
20:09:16.262,1790255356.2619,2330,0.422,-1.624,1.4,1.572,-0.01578,-0.00373,0.99618,0.00036,-0.00099,0.00314,-0.0286,-0.05524,1.00058,0.13257,-0.05705,0.00401,0.99999,0.0003,0.00387,-0.00073,0.99975,-0.01901,0.00509,0.01043,33.1,34.5,0.0772,0.0781
20:09:16.282,1790255356.2823,2331,0.149,-1.472,1.399,1.571,-0.00865,-0.00119,0.9687,-0.00122,0.00209,-0.00118,0.00421,-0.05136,1.00232,0.11911,-0.07721,-0.00231,0.99999,-0.00068,0.00452,-0.00075,0.99977,-0.01863,0.00338,0.01038,33.1,34.5,0.0566,0.0773
20:09:16.302,1790255356.3028,2332,-0.029,-1.381,1.398,1.569,-0.01546,-0.00728,0.98099,0.00139,-0.00163,-0.00083,-0.00665,-0.06581,1.00412,0.12442,-0.07569,-0.00459,0.99998,-0.00157,0.0055,-0.00076,0.99977,-0.0187,0.00283,0.01034,33.1,34.5,0.0659,0.0753
20:09:16.323,1790255356.3232,2333,-0.047,-1.44,1.398,1.568,-0.0037,0.00056,0.97512,0.00159,0.00067,-0.00013,0.00026,-0.04902,0.99166,0.11637,-0.08198,-0.00218,0.99999,-0.00099,0.00439,-0.00076,0.99977,-0.01865,0.00154,0.01031,33.1,34.5,0.0613,0.0747
20:09:16.343,1790255356.3436,2334,0.059,-1.206,1.397,1.567,-0.00833,-0.00589,0.9906,-0.00092,0.00066,-0.00179,-0.0098,-0.04134,1.00164,0.11756,-0.07551,0.00178,0.99999,-0.00249,0.00426,-0.00078,0.99978,-0.01811,0.00238,0.01036,33.1,34.51,0.073,0.0781
20:09:16.364,1790255356.3646,2335,0.029,-1.184,1.396,1.565,0.01232,-0.0041,0.99037,5e-05,0.00124,0.00277,0.00593,-0.04871,0.99578,0.11823,-0.09227,0.00072,0.99999,-0.00243,0.00274,-0.00076,0.99979,-0.01788,0.0006,0.01035,33.1,34.51,0.0728,0.0777
20:09:16.385,1790255356.3851,2336,-0.08,-0.929,1.396,1.564,0.00999,-0.00949,0.97424,-0.00291,-0.00343,-0.00012,0.01056,-0.03229,0.99359,0.11681,-0.09083,0.00037,0.99999,-0.00283,0.00152,-0.00076,0.99982,-0.01607,-0.00155,0.01035,33.1,34.51,0.0608,0.0756
20:09:16.406,1790255356.4054,2337,-0.048,-1.015,1.395,1.563,0.0119,0.003,0.99845,-0.00093,-0.00016,9e-05,0.00545,-0.04103,1.00794,0.12333,-0.09233,-3e-05,1.0,-0.00203,0.00013,-0.00076,0.99981,-0.01603,-0.00267,0.01036,33.1,34.51,0.0789,0.0734
20:09:16.426,1790255356.426,2338,-0.083,-0.951,1.394,1.562,-0.00475,-1e-05,0.98986,-0.00066,-0.00094,0.00097,-0.01592,-0.02996,1.0086,0.11685,-0.09368,-0.00148,1.0,-0.00104,0.00124,-0.00076,0.99984,-0.01446,-0.00187,0.01038,33.1,34.51,0.0724,0.0731
20:09:16.446,1790255356.4466,2339,0.041,-0.699,1.394,1.561,0.01479,0.00809,0.97157,0.00051,-0.00083,0.00097,-0.00183,-0.01718,1.0001,0.10523,-0.08775,-0.00099,1.0,-0.00042,0.0002,-0.00076,0.99988,-0.01168,-0.00182,0.01039,33.1,34.51,0.0588,0.0798
20:09:16.467,1790255356.4673,2340,0.194,-0.281,1.393,1.56,0.00666,-0.00961,0.99225,-0.0031,-0.00135,0.00108,-0.01487,-0.00557,1.00378,0.10454,-0.09739,-0.00352,1.0,-0.00165,-0.00078,-0.00075,0.9999,-0.00929,-0.00141,0.01037,33.1,34.51,0.0742,0.0771
20:09:16.487,1790255356.4877,2341,0.17,-0.491,1.393,1.559,0.00191,0.00487,0.99997,-0.00058,-0.00447,0.00288,-0.00264,-0.04352,1.00302,0.11018,-0.09278,0.00164,1.0,-3e-05,-0.0009,-0.00072,0.9999,-0.0095,-0.00177,0.01041,33.1,34.51,0.08,0.077
20:09:16.508,1790255356.5079,2342,0.085,-0.474,1.392,1.558,-0.01707,0.00941,1.00056,-0.00322,-0.00109,0.00297,-0.01279,-0.0225,0.98641,0.09872,-0.09625,0.00174,1.0,0.00065,0.00053,-0.00069,0.99991,-0.00863,-0.0011,0.01045,33.1,34.51,0.0794,0.0701
20:09:16.528,1790255356.5282,2343,0.102,-0.299,1.391,1.557,0.00027,-0.00993,0.99777,0.00123,0.0013,0.00121,-0.00273,-0.02515,1.01093,0.09668,-0.10027,-0.00047,1.0,-0.00093,0.00034,-0.0007,0.99991,-0.00869,-0.0011,0.01046,33.1,34.51,0.0784,0.0716
20:09:16.548,1790255356.5486,2344,0.103,-0.351,1.391,1.556,-0.00563,0.0103,0.97039,0.00039,0.00571,-0.00357,-0.01321,-0.02379,0.98373,0.09901,-0.10172,0.00337,1.0,0.00017,0.00084,-0.00073,0.99991,-0.00805,-0.00061,0.01051,33.1,34.51,0.0578,0.0681
20:09:16.568,1790255356.5688,2345,-0.278,-0.029,1.39,1.556,-0.01529,-0.01347,1.01309,0.00064,-0.00135,-0.00043,0.01817,-0.00884,1.00343,0.10114,-0.11185,0.00603,1.0,-0.00084,0.00184,-0.00073,0.99992,-0.0062,-0.0029,0.01057,33.1,34.51,0.07,0.0773
20:09:16.589,1790255356.5891,2346,-0.45,-0.062,1.389,1.555,0.00372,0.00829,0.98635,0.00067,0.00266,0.00066,0.02335,-0.01631,0.9926,0.09544,-0.11007,-0.00215,1.0,0.0003,0.00102,-0.00072,0.99992,-0.00534,-0.00523,0.01055,33.1,34.51,0.0698,0.0748
20:09:16.609,1790255356.6096,2347,-0.745,-0.155,1.388,1.554,-0.00285,0.00527,0.97904,-0.00272,0.00011,0.00106,0.01432,-0.0124,1.00274,0.08393,-0.11159,-0.00367,1.0,0.00157,0.00126,-0.00071,0.9999,-0.00485,-0.0076,0.01052,33.1,34.51,0.0643,0.0778
20:09:16.630,1790255356.63,2348,-0.671,-0.06,1.387,1.554,0.00347,0.01616,0.98487,0.00398,0.00088,0.001,0.00375,0.00215,0.98197,0.09256,-0.11164,-0.00569,1.0,0.00288,0.00068,-0.0007,0.99991,-0.00272,-0.00753,0.01048,33.1,34.51,0.0688,0.0665
20:09:16.650,1790255356.6502,2349,-0.597,0.169,1.386,1.553,-0.00019,-0.00987,0.98429,0.00096,0.00092,0.00281,-0.00535,-0.01112,1.0077,0.08114,-0.11047,0.00151,1.0,0.00152,0.00059,-0.00067,0.99992,-0.0021,-0.00695,0.01051,33.1,34.51,0.0683,0.0742
20:09:16.670,1790255356.6706,2350,-0.705,0.464,1.386,1.552,-0.00814,-0.00151,1.00492,0.00176,-8e-05,0.0032,0.01041,-0.00236,1.00739,0.08021,-0.11666,-0.00597,1.0,0.00068,0.00189,-0.00064,0.99992,-0.00034,-0.00654,0.01045,33.1,34.51,0.0763,0.0744
20:09:16.691,1790255356.691,2351,-0.784,0.495,1.385,1.552,-0.0069,0.00324,0.98637,-0.00133,0.00086,0.00012,-0.00568,-0.00081,0.98529,0.0817,-0.11288,-0.0028,0.99999,0.00141,0.00311,-0.00064,0.99993,0.00069,-0.00602,0.01043,33.1,34.51,0.0698,0.069
20:09:16.711,1790255356.7113,2352,-0.619,0.55,1.384,1.551,0.00022,0.00852,0.98363,0.00216,0.00133,-0.00019,-0.00369,0.00684,0.98645,0.07207,-0.11575,0.00451,0.99999,0.00235,0.0021,-0.00064,0.99993,0.00209,-0.0056,0.01048,33.1,34.51,0.0677,0.0699
20:09:16.731,1790255356.7316,2353,-0.504,0.869,1.383,1.551,0.01009,0.00193,1.00722,0.00325,-0.00245,-0.00027,0.00704,0.01989,0.99958,0.07102,-0.11508,-0.00131,1.0,0.00209,0.00059,-0.00064,0.99992,0.00457,-0.00607,0.01046,33.1,34.51,0.0745,0.0799
20:09:16.752,1790255356.7519,2354,-0.437,1.088,1.382,1.551,0.00017,-0.00659,0.98995,-0.00014,-0.00506,0.00184,0.00409,0.00625,1.01732,0.06885,-0.11352,-0.00155,1.0,0.00063,0.00036,-0.00062,0.99992,0.00501,-0.00568,0.01044,33.1,34.51,0.0725,0.067
20:09:16.772,1790255356.7722,2355,-0.582,1.106,1.381,1.551,-0.00435,2e-05,0.99175,0.00332,-0.00258,0.00324,0.00588,0.00449,0.99667,0.06311,-0.12245,-0.0001,1.0,0.00018,0.00175,-0.00059,0.99992,0.00475,-0.00555,0.01044,33.1,34.51,0.0738,0.0775
20:09:16.792,1790255356.7924,2356,-0.524,1.493,1.38,1.551,0.00026,-0.0065,0.9951,-2e-05,-0.00225,0.00179,-0.00139,0.02942,0.98925,0.05669,-0.1229,0.00775,1.0,-0.00118,0.00099,-0.00057,0.99991,0.00676,-0.00575,0.01051,33.1,34.51,0.0763,0.0723
20:09:16.813,1790255356.8129,2357,-0.295,1.59,1.379,1.551,0.00801,-0.00643,0.9934,-0.00218,-0.00197,-0.00156,-0.00657,0.00683,1.00296,0.05377,-0.11596,0.00482,1.0,-0.00179,-0.00046,-0.00059,0.99991,0.00696,-0.00518,0.01055,33.1,34.51,0.0751,0.0777
20:09:16.833,1790255356.8333,2358,-0.593,1.453,1.379,1.551,-0.00081,-0.00287,0.99,0.00176,0.00132,0.00096,0.01457,-0.00819,1.01332,0.05849,-0.12031,-0.00112,1.0,-0.00123,0.00093,-0.00058,0.9999,0.00636,-0.00641,0.01055,33.1,34.51,0.0725,0.0699
20:09:16.853,1790255356.8537,2359,-0.489,1.38,1.378,1.551,0.00611,-0.00105,0.96958,-0.0009,3e-05,0.00264,-0.0027,-0.00958,1.01102,0.05091,-0.13184,0.00277,1.0,-0.00105,-0.00022,-0.00055,0.9999,0.00589,-0.00666,0.01058,33.1,34.51,0.0572,0.0717
20:09:16.874,1790255356.8742,2360,-0.367,1.269,1.377,1.55,0.00748,-0.00082,0.99479,0.00164,-0.00301,0.00141,0.00538,-0.0164,0.99274,0.05382,-0.11546,-0.00312,1.0,-0.00076,-0.00179,-0.00054,0.99991,0.00517,-0.00718,0.01056,33.1,34.51,0.0761,0.0747
20:09:16.894,1790255356.8945,2361,-0.221,1.1,1.376,1.55,0.01755,0.01148,1.0095,0.00105,-0.00247,-0.00142,-0.00769,-0.0122,1.00405,0.04277,-0.1198,0.00285,1.0,0.00026,-0.0029,-0.00056,0.99991,0.00469,-0.00705,0.01059,33.1,34.51,0.0727,0.0769
20:09:16.915,1790255356.915,2362,-0.243,1.198,1.375,1.55,-0.00388,-0.01873,0.96725,0.00234,-0.00259,-0.00366,-0.00795,-0.0034,0.99262,0.04177,-0.12447,-0.00553,1.0,-0.00074,-0.00242,-0.00059,0.99991,0.00455,-0.00674,0.01053,33.1,34.51,0.0556,0.0745
20:09:16.935,1790255356.9355,2363,-0.491,1.166,1.375,1.55,-0.0095,-0.00752,1.00421,-0.00096,0.00294,-0.00297,0.01092,-0.00357,0.99063,0.03977,-0.11919,5e-05,1.0,-0.00136,-0.00094,-0.00062,0.99991,0.0037,-0.00742,0.01054,33.1,34.51,0.0768,0.073
20:09:16.956,1790255356.9559,2364,-0.476,0.961,1.374,1.55,0.0002,0.00872,0.98495,0.00194,-0.00125,0.00441,0.00274,-0.0007,0.99569,0.02676,-0.12572,0.00055,1.0,4e-05,-0.00076,-0.00058,0.99991,0.00331,-0.00714,0.01055,33.1,34.51,0.0687,0.0768
20:09:16.976,1790255356.976,2365,-0.647,0.974,1.373,1.549,-0.00429,-0.00835,0.9863,0.00053,-0.00185,9e-05,0.01236,-0.00485,0.99723,0.03277,-0.1191,0.00018,1.0,-0.00112,2e-05,-0.00058,0.99991,0.00229,-0.00784,0.01057,33.1,34.51,0.0698,0.078
20:09:16.996,1790255356.9966,2366,-0.606,0.775,1.372,1.549,0.01364,0.01186,0.98114,-0.00055,0.00051,0.00066,0.0103,-0.01514,0.98393,0.03634,-0.11927,0.00302,1.0,-0.00014,-0.00093,-0.00058,0.99991,0.00151,-0.00846,0.01061,33.1,34.51,0.066,0.0681
20:09:17.017,1790255357.017,2367,-0.725,0.669,1.371,1.549,-0.00079,0.00087,0.99294,0.00033,0.00088,0.00042,-0.00094,-0.00691,0.99005,0.02332,-0.11845,0.00749,1.0,0.00047,0.00047,-0.00058,0.99991,0.00123,-0.00812,0.0107,33.1,34.51,0.0747,0.0726
20:09:17.037,1790255357.0376,2368,-0.621,0.581,1.37,1.548,-0.00066,0.00207,0.98635,0.00156,-0.00418,0.00291,0.00575,0.00431,0.98713,0.01444,-0.11354,0.00277,1.0,0.00188,0.0001,-0.00055,0.99991,0.00185,-0.0076,0.01073,33.1,34.51,0.0698,0.0704
20:09:17.058,1790255357.058,2369,-0.469,0.747,1.369,1.548,0.01017,-0.00249,0.97154,0.00211,-0.00148,0.00081,-0.01653,0.01398,1.01587,0.02101,-0.12517,-0.00126,1.0,0.00129,-0.00095,-0.00054,0.99991,0.00269,-0.0073,0.01071,33.1,34.51,0.0587,0.0679
20:09:17.078,1790255357.0781,2370,-0.344,0.725,1.369,1.548,0.01493,-0.00539,0.97573,0.00106,0.00175,-0.00208,0.00045,-0.01282,1.00529,0.01482,-0.11439,0.0077,1.0,0.00065,-0.002,-0.00056,0.99991,0.00183,-0.00726,0.0108,33.1,34.51,0.0619,0.076
20:09:17.098,1790255357.0985,2371,-0.253,0.709,1.368,1.547,0.00789,0.01266,1.00203,0.0022,-0.00073,0.0009,-0.00472,0.01968,0.99571,0.01748,-0.11963,0.00271,0.99999,0.00218,-0.00252,-0.00055,0.99991,0.00321,-0.00701,0.01081,33.1,34.51,0.0784,0.0769
20:09:17.118,1790255357.1187,2372,-0.117,0.751,1.367,1.547,0.013,-0.00392,0.98664,-0.00092,0.00402,-0.00168,0.0001,-0.00407,1.00823,0.00062,-0.11728,-0.00135,0.99999,0.00115,-0.00347,-0.00056,0.99992,0.00252,-0.00675,0.0108,33.1,34.51,0.0701,0.0738
20:09:17.139,1790255357.1389,2373,-0.093,0.918,1.366,1.546,0.00402,-0.01162,1.01695,0.00043,0.00137,-0.00026,-0.01475,0.00395,0.98569,-0.00178,-0.11133,0.00049,0.99999,-0.00018,-0.00318,-0.00056,0.99992,0.00265,-0.00622,0.01081,33.1,34.51,0.0672,0.0694
20:09:17.159,1790255357.1591,2374,-0.184,0.97,1.366,1.546,-0.00905,0.00128,1.00621,-0.00272,-0.00055,-0.00185,0.00399,0.00746,0.9963,0.00179,-0.1041,-0.00126,1.0,-5e-05,-0.00168,-0.00058,0.99992,0.00326,-0.00551,0.01079,33.1,34.51,0.0753,0.0773
20:09:17.179,1790255357.1793,2375,-0.442,0.786,1.365,1.546,-0.01406,0.00609,0.98253,-2e-05,0.0012,-0.00288,0.01234,-0.00984,0.98298,0.0035,-0.10943,-0.00302,1.0,0.00041,-0.00039,-0.00061,0.99992,0.00215,-0.0065,0.01076,33.1,34.51,0.067,0.0673
20:09:17.200,1790255357.1999,2376,-0.323,0.552,1.364,1.545,0.00588,0.01567,0.98991,-0.00487,0.00095,-0.00111,-0.00277,-0.00499,1.00205,-0.00834,-0.10913,0.0017,1.0,0.00176,-0.00087,-0.00062,0.99992,0.00145,-0.00597,0.01079,33.1,34.51,0.0725,0.0784
20:09:17.220,1790255357.2201,2377,-0.5,0.4,1.363,1.545,-0.01008,0.00279,0.99585,-0.00142,-0.00221,-0.00056,0.00505,-0.00976,1.00154,-0.01968,-0.10278,-0.00167,1.0,0.00165,0.00066,-0.00063,0.99992,5e-05,-0.006,0.01078,33.1,34.51,0.0769,0.0788
20:09:17.240,1790255357.2408,2378,-0.634,0.264,1.362,1.544,-0.00637,0.00335,1.0131,0.0026,-0.00343,-0.00371,-0.01343,-0.02999,0.98955,-0.01756,-0.09484,0.00449,1.0,0.00168,0.00207,-0.00067,0.99992,-0.00108,-0.00577,0.01083,33.1,34.51,0.0702,0.0726
20:09:17.261,1790255357.261,2379,-0.709,0.277,1.362,1.544,-0.01882,-0.0011,0.99209,-0.0,-0.00116,-0.00201,0.00303,-0.00416,1.00162,-0.01399,-0.10212,-0.00508,0.99999,0.00125,0.0035,-0.00069,0.99993,-0.00138,-0.005,0.01079,33.1,34.51,0.0742,0.0788
20:09:17.281,1790255357.2813,2380,-0.846,0.354,1.361,1.543,-0.01553,0.00521,0.99714,-0.00473,-0.00305,6e-05,0.00124,0.00758,0.99468,-0.02314,-0.09556,-0.00113,0.99999,0.00168,0.00497,-0.00069,0.99993,-0.00024,-0.00472,0.01077,33.1,34.51,0.078,0.076
20:09:17.301,1790255357.3016,2381,-0.623,0.27,1.36,1.543,0.01248,0.00556,0.97989,0.00077,0.00109,-0.00208,-0.01369,-0.00992,1.00743,-0.02545,-0.10061,0.00431,0.99999,0.00182,0.00366,-0.00071,0.99993,-0.00087,-0.00409,0.01082,33.1,34.51,0.065,0.0743
20:09:17.322,1790255357.3222,2382,-0.638,0.458,1.359,1.542,0.01056,-0.00485,0.9968,0.00205,-0.0021,0.00209,0.02179,0.01492,1.01521,-0.0343,-0.09318,0.00071,1.0,0.00115,0.00219,-0.00069,0.99993,8e-05,-0.00567,0.01082,33.1,34.51,0.0777,0.0683
20:09:17.342,1790255357.3428,2383,-0.719,0.699,1.358,1.542,-0.02015,-0.01437,0.99411,0.00127,0.00174,0.00211,0.0015,0.01044,1.00435,-0.03236,-0.09066,0.00376,0.99999,3e-05,0.00328,-0.00067,0.99993,0.00109,-0.00524,0.01086,33.1,34.52,0.0758,0.0767
20:09:17.363,1790255357.3631,2384,-0.504,0.773,1.357,1.541,0.00933,-0.01559,0.97498,-0.00021,0.00072,-0.00011,-0.01083,0.00082,1.00001,-0.0352,-0.08461,0.004,1.0,-0.00085,0.0024,-0.00067,0.99993,0.00082,-0.00423,0.0109,33.1,34.52,0.0614,0.0799
20:09:17.383,1790255357.3837,2385,-0.718,0.444,1.356,1.541,-0.00501,0.01267,0.99881,-0.00126,0.00081,0.00084,0.0124,-0.00142,0.9949,-0.04815,-0.08544,-0.00395,1.0,0.00078,0.00242,-0.00067,0.99992,-0.0004,-0.00613,0.01086,33.1,34.52,0.0792,0.0762
20:09:17.404,1790255357.4041,2386,-0.557,0.669,1.355,1.541,0.01366,-0.01286,0.99331,-0.00089,0.00107,-0.00325,0.00532,0.00932,0.99469,-0.04886,-0.08669,-0.00137,1.0,-0.00017,0.00122,-0.0007,0.99992,0.00058,-0.00588,0.01084,33.1,34.52,0.0751,0.0761
20:09:17.424,1790255357.4244,2387,-0.636,0.633,1.354,1.54,-0.00637,-0.00117,0.99183,-0.00233,-0.00186,0.00151,-0.01053,-0.00301,0.98624,-0.05441,-0.08658,-0.00277,1.0,-0.0005,0.00267,-0.00069,0.99993,-3e-05,-0.00513,0.01081,33.1,34.52,0.0739,0.0697
20:09:17.444,1790255357.4447,2388,-0.485,0.473,1.354,1.54,-0.00318,0.01086,1.00777,-0.00054,-0.00161,-0.00251,-0.01932,0.00772,0.99905,-0.05313,-0.08201,0.00049,1.0,0.00097,0.00237,-0.00071,0.99993,3e-05,-0.00414,0.01081,33.1,34.52,0.0741,0.0795
20:09:17.465,1790255357.4653,2389,-0.372,0.288,1.353,1.539,-0.00495,0.01247,0.9908,-0.00213,-0.0018,0.00011,-0.01149,0.00302,0.99323,-0.05571,-0.07902,-0.00252,0.99999,0.00245,0.00239,-0.00071,0.99994,-0.00012,-0.00318,0.01079,33.1,34.52,0.0732,0.075
20:09:17.486,1790255357.4858,2390,-0.227,0.308,1.352,1.539,-0.00303,-0.00117,0.99248,-0.00493,0.00192,0.00312,-0.01983,-0.0157,0.99823,-0.07087,-0.0726,0.00388,1.0,0.00093,0.00199,-0.00068,0.99994,-0.00148,-0.00229,0.01083,33.1,34.52,0.0744,0.0789
20:09:17.506,1790255357.5063,2391,-0.197,0.277,1.351,1.538,0.00175,0.02745,0.97679,0.00209,0.00421,0.00049,0.00085,0.00731,1.00368,-0.06722,-0.07781,0.00243,1.0,0.00221,0.00175,-0.00067,0.99994,-0.00048,-0.00228,0.01085,33.1,34.52,0.0629,0.0772
20:09:17.527,1790255357.5268,2392,-0.191,0.25,1.351,1.537,0.00491,0.0178,1.02019,-0.00118,-0.00036,1e-05,0.0057,0.00456,0.9845,-0.06835,-0.06291,-2e-05,0.99999,0.00333,0.00104,-0.00066,0.99994,0.00039,-0.00296,0.01085,33.1,34.52,0.0647,0.0684
20:09:17.547,1790255357.5472,2393,-0.339,-0.028,1.35,1.537,0.00137,0.01474,0.97077,0.00498,0.00196,-0.00088,0.00991,-0.00178,0.99308,-0.06714,-0.06951,-0.00069,0.99999,0.00447,0.00061,-0.00067,0.99993,-0.00089,-0.00473,0.01084,33.1,34.52,0.0582,0.0748
20:09:17.567,1790255357.5676,2394,-0.169,-0.149,1.349,1.536,0.0086,0.00144,0.97478,-0.00184,0.00105,-0.00333,0.00043,-0.01459,0.99922,-0.07038,-0.06646,-0.00186,0.99999,0.00371,-0.00038,-0.0007,0.99993,-0.00273,-0.00424,0.01083,33.1,34.52,0.0611,0.0795
20:09:17.588,1790255357.5881,2395,0.088,-0.015,1.349,1.535,0.00433,0.00509,0.99925,-0.00164,-0.00202,0.00172,-0.01073,0.00722,1.01227,-0.07483,-0.05663,0.00089,0.99999,0.0028,-0.00177,-0.00068,0.99993,-0.00251,-0.00336,0.01084,33.1,34.52,0.0795,0.0707
20:09:17.608,1790255357.6083,2396,0.398,-0.032,1.348,1.535,0.0124,0.00574,0.98809,0.00162,-0.00228,-0.00019,-0.01986,0.00348,0.99494,-0.0802,-0.04808,-0.00141,0.99999,0.00285,-0.00324,-0.00068,0.99994,-0.00267,-0.00212,0.01083,33.1,34.52,0.0711,0.0764
20:09:17.628,1790255357.6286,2397,0.674,-0.093,1.348,1.534,0.01258,0.00438,1.01567,-0.0005,0.00071,0.00196,-0.00416,-0.00705,1.01457,-0.08031,-0.05446,-0.00723,0.99999,0.00252,-0.00458,-0.00065,0.99994,-0.00356,-0.00105,0.01076,33.1,34.52,0.0682,0.0691
20:09:17.649,1790255357.6489,2398,0.653,-0.081,1.348,1.533,-0.01091,-0.00185,0.98791,-0.00458,0.00087,-0.0009,-0.02284,-0.0033,1.0053,-0.08015,-0.05694,0.0032,0.99999,0.00201,-0.00321,-0.00066,0.99993,-0.00395,0.00014,0.0108,33.1,34.52,0.071,0.0758
20:09:17.669,1790255357.6692,2399,0.551,-0.068,1.347,1.532,-0.00616,0.00931,0.98765,-0.00376,-0.00167,-0.0013,-0.004,0.00032,1.0083,-0.08832,-0.04459,-0.0021,0.99999,0.00253,-0.00191,-0.00068,0.99994,-0.00329,0.00054,0.01079,33.1,34.52,0.0708,0.0738
20:09:17.689,1790255357.6894,2400,0.523,0.186,1.347,1.532,0.00273,-0.00196,0.98422,0.00096,-0.00084,-0.00022,-0.00488,0.01933,0.99767,-0.08921,-0.04802,-0.00107,1.0,0.00117,-0.00171,-0.00068,0.99994,-0.00243,0.00055,0.01078,33.1,34.52,0.0682,0.0784
20:09:17.709,1790255357.7098,2401,0.76,0.319,1.347,1.531,0.01254,-0.01059,0.98635,-0.00316,0.00152,-0.00018,-0.00751,-0.00141,0.99804,-0.09941,-0.03709,0.00283,1.0,-3e-05,-0.00252,-0.00068,0.99994,-0.0025,0.00183,0.01082,33.1,34.52,0.0699,0.0785
20:09:17.730,1790255357.7301,2402,0.444,0.281,1.346,1.531,-0.0049,-0.00723,0.98545,-0.00247,0.0001,0.00109,0.00098,-0.00591,1.00362,-0.10294,-0.03126,-6e-05,1.0,-0.00088,-0.00138,-0.00066,0.99993,-0.00364,0.00021,0.01081,33.1,34.52,0.0691,0.0773
20:09:17.750,1790255357.7507,2403,0.166,-0.006,1.346,1.53,-0.01056,0.00058,0.99431,-0.00257,0.00203,-0.00258,0.00369,-0.01429,0.99687,-0.10275,-0.03098,-0.00053,1.0,-0.00064,0.00017,-0.00069,0.99992,-0.00586,-0.00069,0.01081,33.1,34.52,0.0758,0.0777
20:09:17.771,1790255357.7709,2404,0.344,-0.096,1.345,1.529,0.00796,0.01412,0.99075,0.00068,-0.00039,0.00086,-0.01083,0.00937,0.99211,-0.09793,-0.01761,-0.00628,1.0,0.00066,-0.00053,-0.00069,0.99993,-0.00537,0.00013,0.01075,33.1,34.52,0.0732,0.0742
20:09:17.791,1790255357.7913,2405,0.011,-0.085,1.345,1.529,-0.00859,-0.00327,0.99409,-0.00058,0.00129,0.00121,0.01053,-0.00877,0.99281,-0.09677,-0.02402,-0.00163,1.0,0.0,0.00086,-0.00069,0.99992,-0.00588,-0.00137,0.01072,33.1,34.52,0.0756,0.0747
20:09:17.811,1790255357.8115,2406,0.189,0.099,1.344,1.528,0.00127,-0.00252,1.00608,0.00186,-0.00121,0.00311,0.00032,-0.00389,0.99597,-0.10649,-0.02805,0.00284,1.0,-0.00096,-0.00032,-0.00066,0.99993,-0.00528,-0.00096,0.01075,33.1,34.52,0.0754,0.077
20:09:17.832,1790255357.832,2407,0.107,0.052,1.344,1.527,-0.01729,0.00901,1.00808,0.00178,0.00104,0.00364,-0.00195,0.00034,1.00722,-0.11883,-0.01908,-0.00132,1.0,-0.00016,0.00098,-0.00062,0.99993,-0.00486,-0.0004,0.01074,33.1,34.52,0.0738,0.0746
20:09:17.852,1790255357.8522,2408,0.274,0.223,1.343,1.527,-0.00026,-0.00214,0.98432,-0.00269,-0.00068,-0.00248,-0.00431,0.00406,0.99014,-0.11423,-0.02026,0.00241,1.0,-0.00121,4e-05,-0.00065,0.99993,-0.00445,0.00015,0.01077,33.1,34.52,0.0682,0.0726
20:09:17.872,1790255357.8728,2409,0.505,0.122,1.343,1.526,0.00447,0.00195,0.97994,0.00148,-0.00143,-0.0018,-0.01279,0.00408,0.9809,-0.11066,-0.01865,0.00058,1.0,-0.00028,-0.00095,-0.00067,0.99993,-0.00443,0.00116,0.01078,33.1,34.52,0.065,0.0657
20:09:17.893,1790255357.893,2410,0.486,0.24,1.342,1.526,0.00745,-0.00889,0.97845,0.00245,0.00236,-0.00216,0.0061,-0.00124,0.98746,-0.11646,-0.00137,0.0034,1.0,-0.00133,-0.00164,-0.00069,0.99993,-0.00446,0.00032,0.01081,33.1,34.52,0.0639,0.0706
20:09:17.913,1790255357.9132,2411,0.662,0.436,1.342,1.525,0.00386,-0.00626,1.00114,-5e-05,-0.00112,-0.0001,-0.00896,-0.00055,1.00095,-0.12014,-0.00533,-0.00017,0.99999,-0.00291,-0.00189,-0.00069,0.99993,-0.00435,0.00165,0.01082,33.1,34.52,0.0791,0.0793
20:09:17.933,1790255357.9333,2412,0.468,0.453,1.342,1.525,0.0017,-0.01145,0.99075,0.00078,-0.0028,0.0015,0.01082,-0.01123,1.00617,-0.11357,0.00512,0.00328,0.99999,-0.00429,-0.00142,-0.00067,0.99993,-0.00555,0.00044,0.01084,33.1,34.52,0.0731,0.0753
20:09:17.954,1790255357.9539,2413,0.577,0.346,1.341,1.524,0.00734,0.01001,1.00575,-0.00149,-0.0009,-0.00101,-0.00491,0.02511,1.00432,-0.11769,0.01158,-0.00103,0.99999,-0.00279,-0.0018,-0.00068,0.99993,-0.005,0.00099,0.01084,33.1,34.52,0.0756,0.0765
20:09:17.974,1790255357.9743,2414,0.633,0.233,1.341,1.524,0.00547,0.01396,0.98457,0.00285,-0.00119,0.0011,-0.00212,0.01499,1.00277,-0.13313,0.0048,9e-05,1.0,-0.00137,-0.00195,-0.00067,0.99993,-0.00458,0.0013,0.01084,33.1,34.52,0.0685,0.0778
20:09:17.995,1790255357.9949,2415,0.352,0.057,1.341,1.523,-0.01243,-0.00422,0.98796,0.00047,-0.00174,0.00271,0.01373,-0.01567,0.9873,-0.12469,0.00709,0.00403,1.0,-0.0015,-0.00052,-0.00064,0.99992,-0.0062,0.00027,0.01087,33.1,34.52,0.071,0.0706
20:09:18.015,1790255358.0155,2416,0.232,-0.268,1.34,1.522,0.0003,0.01052,0.99326,0.0017,0.00075,0.00079,0.01362,-0.0133,0.98791,-0.13333,0.01934,-0.00135,1.0,4e-05,-0.00043,-0.00064,0.99991,-0.00748,-0.00075,0.01085,33.1,34.52,0.075,0.0711
20:09:18.035,1790255358.0358,2417,0.157,-0.203,1.34,1.521,0.00392,-0.01186,0.97812,0.00553,0.00054,-0.00314,0.02502,-0.00511,0.99425,-0.13961,0.02311,0.00801,1.0,-0.00115,-0.00075,-0.00068,0.99991,-0.0081,-0.00169,0.01091,33.1,34.52,0.0636,0.0759
20:09:18.056,1790255358.0559,2418,0.31,-0.234,1.339,1.521,0.00836,0.00047,0.99253,0.00186,-0.00077,-0.00017,0.01606,0.01661,1.0108,-0.12792,0.01998,0.00178,1.0,-0.00059,-0.00214,-0.00068,0.99991,-0.00784,-0.00176,0.01092,33.1,34.52,0.0744,0.0717
20:09:18.076,1790255358.0764,2419,0.32,-0.264,1.339,1.52,-0.00606,0.00227,0.97395,-0.0003,-0.00235,0.0015,-0.00721,0.00731,1.00534,-0.14206,0.03153,0.00731,1.0,-0.0002,-0.00099,-0.00066,0.99991,-0.0077,-0.00054,0.01099,33.1,34.52,0.0605,0.076
20:09:18.097,1790255358.0969,2420,0.319,-0.32,1.338,1.519,-0.01058,0.00539,0.99812,-0.00035,-0.00474,3e-05,-0.00779,-0.00103,1.00131,-0.13363,0.02868,0.00454,1.0,0.00047,0.00042,-0.00066,0.99991,-0.0075,0.00086,0.01105,33.1,34.52,0.0786,0.079
20:09:18.117,1790255358.1173,2421,0.317,-0.437,1.338,1.518,-0.00538,0.0167,0.97557,0.00159,-0.00213,-0.0008,0.00291,0.00952,0.98797,-0.1379,0.02952,-0.00361,1.0,0.00169,0.00075,-0.00067,0.99991,-0.0073,0.00113,0.01101,33.1,34.52,0.0618,0.071
20:09:18.138,1790255358.1378,2422,0.224,-0.407,1.337,1.517,-0.02207,0.00342,0.98384,0.00334,0.00096,-0.00114,-0.00095,0.00708,0.99865,-0.1445,0.04372,-0.00041,1.0,0.00173,0.00215,-0.00068,0.99991,-0.00697,0.00173,0.011,33.1,34.52,0.0681,0.079
20:09:18.158,1790255358.1582,2423,0.262,-0.256,1.337,1.517,-0.0079,-0.00441,0.9837,0.00082,-0.00105,-0.00125,-0.00493,-0.00504,0.98119,-0.14058,0.04747,9e-05,1.0,0.00048,0.00274,-0.00069,0.99991,-0.00689,0.00268,0.01101,33.1,34.52,0.0678,0.0659
20:09:18.178,1790255358.1787,2424,0.521,-0.119,1.337,1.516,0.00451,-0.00585,0.99464,-0.00072,0.00384,0.0,-0.00854,-0.00242,1.00611,-0.13846,0.03686,-4e-05,1.0,-0.00041,0.00149,-0.00069,0.99991,-0.00663,0.00371,0.01102,33.1,34.52,0.076,0.0754
20:09:18.199,1790255358.1989,2425,0.716,-0.183,1.336,1.515,0.00542,0.0047,0.99493,-0.00126,0.00015,-0.00087,-0.00648,-0.00681,1.00689,-0.14174,0.03995,0.00524,1.0,0.00043,0.0002,-0.00069,0.99991,-0.00638,0.00411,0.01107,33.1,34.52,0.0762,0.0748
20:09:18.219,1790255358.2192,2426,0.634,-0.097,1.336,1.514,-0.01295,-0.00517,0.97697,0.00015,0.00205,0.00099,-0.00545,0.00272,0.9924,-0.14237,0.04885,0.00373,1.0,-0.00012,0.00137,-0.00068,0.99991,-0.00616,0.00458,0.01112,33.1,34.52,0.0628,0.0743
20:09:18.239,1790255358.2395,2427,0.662,-0.12,1.336,1.514,0.01034,-0.01139,0.98963,-0.00035,0.00117,0.00041,-0.00336,-0.01194,1.00179,-0.14381,0.04828,-0.00302,1.0,-0.00107,0.00025,-0.00068,0.9999,-0.00733,0.00372,0.01108,33.1,34.52,0.0723,0.0786
20:09:18.260,1790255358.2598,2428,0.486,-0.056,1.335,1.513,-0.01251,-0.01028,0.99211,-0.00181,-0.00069,0.00036,0.01513,0.00679,0.99078,-0.14596,0.05456,-0.0021,1.0,-0.00194,0.00149,-0.00068,0.9999,-0.0076,0.00344,0.01105,33.1,34.52,0.0742,0.0732
20:09:18.280,1790255358.2801,2429,0.582,-0.223,1.335,1.512,-0.00099,0.00537,0.99312,-0.00341,0.00123,0.00387,-0.0016,0.00661,0.98318,-0.15221,0.056,0.00033,1.0,-0.00049,0.00118,-0.00064,0.9999,-0.00763,0.00393,0.01106,33.1,34.52,0.0749,0.0674
20:09:18.300,1790255358.3006,2430,0.86,-0.313,1.335,1.511,0.01242,0.01058,0.99857,0.00193,0.00118,-0.00344,-0.0149,0.0221,1.01033,-0.14149,0.06048,-0.00243,1.0,0.00053,-8e-05,-0.00067,0.9999,-0.00744,0.00507,0.01104,33.1,34.52,0.079,0.072
20:09:18.321,1790255358.321,2431,0.922,-0.4,1.335,1.511,-0.01056,0.0089,0.98722,-0.00287,-0.00272,0.00022,-0.01847,0.00063,0.99517,-0.14526,0.06445,0.0011,1.0,0.00135,0.00105,-0.00067,0.99989,-0.00737,0.00672,0.01107,33.1,34.52,0.0705,0.0765
20:09:18.341,1790255358.3416,2432,0.906,-0.213,1.334,1.51,-0.00397,-0.00393,0.99411,-0.00362,-0.00366,-0.00114,-0.00073,0.01237,1.00529,-0.1461,0.06884,0.00413,1.0,-0.00019,0.00144,-0.00068,0.99989,-0.00727,0.00701,0.01112,33.1,34.52,0.0756,0.076
20:09:18.362,1790255358.3618,2433,0.905,-0.174,1.334,1.509,0.00078,-0.0092,0.98567,0.00314,0.00019,-0.00047,0.01434,-0.00613,0.99855,-0.15529,0.07679,-0.00402,1.0,-0.00145,0.00091,-0.00069,0.99988,-0.0082,0.0065,0.01108,33.1,34.53,0.0693,0.079
20:09:18.382,1790255358.382,2434,1.017,-0.306,1.334,1.508,0.00302,0.0022,0.98338,-2e-05,-0.00012,0.00288,0.00208,0.00149,0.99525,-0.15407,0.07527,0.00201,1.0,-0.00046,-4e-05,-0.00066,0.99988,-0.00839,0.0065,0.0111,33.1,34.53,0.0675,0.0764
20:09:18.402,1790255358.4023,2435,1.228,-0.299,1.334,1.507,0.00611,-0.00055,0.9909,-0.00143,0.00335,-0.0023,-0.0033,0.00629,1.00787,-0.14533,0.07273,-0.00107,1.0,-0.00039,-0.00148,-0.00069,0.99988,-0.00829,0.00689,0.01109,33.1,34.53,0.0732,0.0741
20:09:18.422,1790255358.4227,2436,1.132,-0.215,1.334,1.507,-0.00304,-0.00536,0.98206,-0.00292,-0.00214,0.00011,0.0003,0.00227,0.99538,-0.15042,0.09112,-0.0073,1.0,-0.00125,-0.00043,-0.00068,0.99988,-0.00839,0.00713,0.01102,33.1,34.53,0.0666,0.0765
20:09:18.443,1790255358.4433,2437,1.101,-0.325,1.334,1.506,-0.01094,0.01056,1.00846,0.00047,-0.00097,0.00021,-0.00726,0.01275,1.00306,-0.15178,0.08171,-0.0002,1.0,-0.00013,0.00058,-0.00068,0.99987,-0.00822,0.00785,0.01103,33.1,34.53,0.0736,0.0776
20:09:18.463,1790255358.4638,2438,0.9,-0.373,1.334,1.505,-0.01053,-0.00555,0.99108,-0.00117,0.002,-0.00281,0.01173,-0.01121,0.99823,-0.15778,0.09163,0.00217,1.0,-0.00088,0.00192,-0.00071,0.99987,-0.00935,0.00744,0.01104,33.1,34.53,0.0734,0.0788
20:09:18.484,1790255358.484,2439,0.915,-0.547,1.333,1.504,-0.00435,0.00356,0.9842,-0.00065,0.00203,-0.00025,-0.00377,-0.0033,0.99107,-0.15248,0.08803,0.00019,1.0,0.00048,0.00208,-0.00071,0.99986,-0.00951,0.00769,0.01105,33.1,34.53,0.0682,0.0733
20:09:18.504,1790255358.5046,2440,1.013,-0.364,1.333,1.503,-0.0113,-0.02262,0.9856,0.00075,0.00026,-0.00365,-0.01697,-0.00136,0.99228,-0.14323,0.08984,0.00294,1.0,-0.00088,0.0025,-0.00075,0.99985,-0.00927,0.00901,0.01109,33.1,34.53,0.0694,0.0743
20:09:18.525,1790255358.5249,2441,1.168,-0.513,1.333,1.502,0.01201,0.01604,0.9979,-0.00211,-0.0009,-0.00284,0.00121,0.00436,1.00917,-0.15025,0.09058,-0.00062,1.0,0.00024,0.00139,-0.00078,0.99985,-0.00948,0.00921,0.01109,33.1,34.53,0.0786,0.0731
20:09:18.545,1790255358.5451,2442,0.99,-0.564,1.333,1.502,-0.01635,-0.00139,0.98318,0.00145,-7e-05,0.0018,-0.01036,-0.01538,1.00115,-0.13672,0.10156,-0.0073,1.0,7e-05,0.00274,-0.00076,0.99985,-0.01006,0.009,0.01101,33.1,34.53,0.0675,0.079
20:09:18.565,1790255358.5654,2443,1.189,-0.596,1.333,1.501,0.00867,0.00707,0.9754,-0.00203,0.00128,0.00147,-0.00924,0.00123,0.99884,-0.1423,0.09807,0.00077,1.0,0.0006,0.00163,-0.00074,0.99984,-0.00984,0.00963,0.01102,33.1,34.53,0.0616,0.0792
20:09:18.585,1790255358.5856,2444,1.079,-0.528,1.333,1.5,-0.01217,-0.00828,0.98286,-0.00141,0.00026,-0.0031,0.00838,0.00074,1.00597,-0.14565,0.09667,0.00092,1.0,-0.00039,0.00256,-0.00078,0.99984,-0.01022,0.00962,0.01103,33.1,34.53,0.0672,0.0755
20:09:18.606,1790255358.6062,2445,1.078,-0.749,1.333,1.499,-0.00816,0.01449,1.00057,0.00226,-0.00144,-0.0024,0.01033,0.00671,1.01258,-0.143,0.10386,0.00043,0.99999,0.00123,0.00286,-0.0008,0.99984,-0.01052,0.00986,0.01103,33.1,34.53,0.0795,0.0705
20:09:18.626,1790255358.6267,2446,1.003,-0.636,1.333,1.498,-0.01331,-0.00423,0.98736,-0.00062,0.00146,-0.00037,-0.00424,0.0046,1.00094,-0.14717,0.10361,-0.00311,0.99999,0.00029,0.00395,-0.0008,0.99983,-0.01046,0.01033,0.01101,33.1,34.53,0.0706,0.0793
20:09:18.647,1790255358.6473,2447,1.096,-0.821,1.333,1.497,-0.00104,0.01894,1.01335,0.00053,-0.00043,2e-05,-0.01631,-0.01635,1.00746,-0.14856,0.10897,-0.00027,0.99999,0.00163,0.00344,-0.0008,0.99983,-0.01074,0.01059,0.01101,33.1,34.53,0.0699,0.0742
20:09:18.668,1790255358.6679,2448,1.186,-0.725,1.332,1.496,-0.00434,-0.00119,0.97095,0.00065,-0.00018,-0.00077,0.00621,0.00608,0.9891,-0.1427,0.10064,-0.00199,1.0,0.00057,0.00287,-0.0008,0.99982,-0.01098,0.01083,0.01099,33.1,34.53,0.0582,0.0719
20:09:18.688,1790255358.6884,2449,1.431,-0.76,1.333,1.495,0.00838,0.00853,0.98936,-0.00234,0.00027,0.00305,-0.01355,0.00423,1.00198,-0.13718,0.10245,-0.00244,1.0,0.00124,0.00156,-0.00077,0.99982,-0.01066,0.01165,0.01097,33.1,34.53,0.0721,0.0784
20:09:18.708,1790255358.7086,2450,1.654,-0.765,1.333,1.494,0.00305,0.00235,0.989,0.00223,0.0004,-0.00146,0.00343,0.01683,1.01012,-0.14441,0.10801,-0.00185,1.0,0.00123,0.00012,-0.00078,0.99981,-0.01075,0.01214,0.01096,33.1,34.53,0.0718,0.0723
20:09:18.729,1790255358.7291,2451,1.736,-0.599,1.333,1.493,0.00208,-0.01202,1.00358,-0.00278,2e-05,0.00035,0.00504,0.00996,1.00773,-0.14208,0.12687,-0.0005,1.0,-0.00036,-0.00013,-0.00078,0.9998,-0.01091,0.01265,0.01096,33.1,34.53,0.0773,0.0742
20:09:18.749,1790255358.7493,2452,1.803,-0.803,1.333,1.492,0.0007,0.00623,0.99103,-0.00166,0.00236,-0.00141,-0.00355,0.00013,1.01891,-0.14306,0.11592,-0.00089,1.0,0.0011,-0.00021,-0.00079,0.99979,-0.01123,0.01312,0.01096,33.1,34.53,0.0733,0.0658
20:09:18.770,1790255358.7706,2453,1.785,-1.01,1.333,1.491,-0.00095,0.0069,0.98594,-0.00051,0.00058,0.00149,0.01734,0.01055,0.99346,-0.14478,0.11575,0.0038,1.0,0.00252,0.0002,-0.00079,0.99978,-0.01161,0.01333,0.011,33.1,34.53,0.0695,0.0752
20:09:18.791,1790255358.7911,2454,1.713,-1.17,1.333,1.49,-0.00496,0.01119,0.98277,0.00064,-0.00037,-0.00199,-0.00526,-0.00579,0.99977,-0.1441,0.11511,-0.00108,0.99999,0.00363,0.001,-0.00081,0.99978,-0.01188,0.01348,0.01099,33.1,34.53,0.0671,0.0798
20:09:18.812,1790255358.8118,2455,1.769,-1.277,1.334,1.489,-0.00944,0.02595,0.97783,0.00214,-0.00021,-0.00289,-0.01512,0.00785,1.00268,-0.13268,0.12202,-0.0016,0.99999,0.00488,0.00148,-0.00084,0.99977,-0.01156,0.01442,0.01098,33.1,34.53,0.0637,0.0779
20:09:18.832,1790255358.8323,2456,1.948,-1.192,1.334,1.487,0.02306,-0.01201,0.98235,0.00036,-0.00282,-0.00023,-0.01113,-0.00361,0.98964,-0.14139,0.1216,0.00148,0.99999,0.00399,0.00039,-0.00084,0.99976,-0.01174,0.01491,0.01101,33.1,34.53,0.067,0.0723
20:09:18.852,1790255358.8528,2457,1.998,-1.014,1.334,1.486,-0.00459,-0.01431,1.00153,-0.00024,0.00347,6e-05,-0.0124,0.00734,1.01704,-0.13794,0.11938,-0.003,1.0,0.0024,0.0007,-0.00084,0.99975,-0.01178,0.01569,0.01099,33.1,34.53,0.0788,0.0671
20:09:18.873,1790255358.8731,2458,1.959,-0.878,1.334,1.485,-0.00529,-0.01361,0.99883,0.00125,-0.00213,-0.00066,-0.00459,-0.00898,0.99859,-0.12897,0.11575,-9e-05,1.0,0.00084,0.00101,-0.00085,0.99974,-0.01215,0.01569,0.01099,33.1,34.53,0.0792,0.079
20:09:18.893,1790255358.8936,2459,1.83,-0.819,1.335,1.484,-0.00705,-0.00362,1.00662,0.00027,0.00148,0.00119,0.00054,-0.01315,1.00078,-0.12582,0.12158,-0.00201,1.0,-0.00028,0.00207,-0.00085,0.99974,-0.01272,0.01565,0.01095,33.1,34.53,0.075,0.0794
20:09:18.914,1790255358.9141,2460,2.021,-0.925,1.335,1.483,0.00156,0.00276,1.00312,0.00108,0.0013,0.00168,-0.00081,0.00036,1.00624,-0.13002,0.11886,0.00229,1.0,0.00053,0.0007,-0.00084,0.99973,-0.01288,0.01593,0.01098,33.1,34.53,0.0777,0.0753
20:09:18.934,1790255358.9343,2461,1.95,-0.8,1.335,1.482,-0.01671,-0.02162,0.99668,-0.00172,0.00182,0.00097,-0.01143,-0.01175,1.0078,-0.12143,0.12892,0.00249,1.0,-0.00079,0.0016,-0.00083,0.99972,-0.01309,0.01624,0.011,33.1,34.53,0.0778,0.074
20:09:18.955,1790255358.9548,2462,2.134,-0.684,1.336,1.481,-0.00021,-0.00381,0.98098,0.00477,-0.00286,0.00156,-0.02083,-0.00862,1.00072,-0.12857,0.11735,0.00091,1.0,-0.00157,0.00051,-0.00081,0.99972,-0.01288,0.01677,0.01102,33.1,34.53,0.0657,0.0793
20:09:18.975,1790255358.9753,2463,2.043,-0.679,1.336,1.48,-0.01462,-0.00308,0.97229,-0.00118,0.00191,-0.00206,-0.01844,-0.00958,0.9928,-0.12149,0.12223,0.00238,1.0,-0.00158,0.00174,-0.00083,0.99971,-0.01284,0.01721,0.01105,33.1,34.53,0.0593,0.0748
20:09:18.995,1790255358.9955,2464,2.209,-0.758,1.336,1.479,0.02132,0.00395,1.0059,-0.00145,0.00142,0.00267,0.00847,-0.00541,1.0012,-0.11631,0.11662,0.00287,1.0,-0.00118,0.00028,-0.00081,0.9997,-0.01315,0.01719,0.01107,33.1,34.53,0.0754,0.0791
20:09:19.016,1790255359.0161,2465,2.394,-0.885,1.337,1.478,0.01058,-0.0004,0.98925,-0.00172,-0.00277,0.00155,0.00589,-0.02507,1.01001,-0.11255,0.13104,0.00152,1.0,-0.00095,-0.00121,-0.00079,0.99969,-0.01407,0.0173,0.01107,33.11,34.53,0.072,0.0722
20:09:19.036,1790255359.0364,2466,2.431,-0.716,1.337,1.477,0.00347,-0.01167,1.00663,-0.00106,-0.00189,-0.00084,-0.00225,-0.00391,1.00012,-0.11931,0.12162,0.0012,1.0,-0.00248,-0.00139,-0.0008,0.99969,-0.01413,0.01748,0.01107,33.11,34.53,0.075,0.0799
20:09:19.056,1790255359.0567,2467,2.53,-0.869,1.338,1.476,0.00568,0.00073,1.00768,0.00087,0.00054,-0.00143,0.00348,-0.0007,0.99566,-0.10706,0.11562,-0.00604,1.0,-0.00113,-0.00206,-0.0008,0.99968,-0.01413,0.01763,0.01101,33.11,34.53,0.0742,0.0768
20:09:19.077,1790255359.0769,2468,2.746,-0.686,1.338,1.476,0.0047,-0.00282,0.99327,-0.00781,0.00142,0.00229,-0.01735,0.01174,1.00719,-0.11101,0.12098,5e-05,0.99999,-0.00226,-0.00315,-0.00078,0.99967,-0.01371,0.01847,0.01102,33.11,34.53,0.075,0.0744
20:09:19.097,1790255359.0973,2469,2.706,-0.546,1.339,1.475,9e-05,-0.01717,0.99637,0.00146,0.00024,-0.00099,0.00751,0.00047,1.01496,-0.10885,0.12887,-3e-05,0.99999,-0.00368,-0.00245,-0.00077,0.99967,-0.01389,0.01884,0.01102,33.11,34.53,0.0774,0.0688
20:09:19.117,1790255359.1177,2470,2.603,-0.578,1.339,1.474,-0.00306,-0.00382,1.0068,-0.00017,-0.00268,0.00015,-0.01285,0.00462,0.99343,-0.10047,0.11158,0.0038,0.99999,-0.00306,-0.00109,-0.00077,0.99966,-0.01352,0.01929,0.01106,33.11,34.53,0.0749,0.0751
20:09:19.138,1790255359.138,2471,2.5,-0.497,1.34,1.473,-0.0011,-0.01106,1.01331,-0.00082,-0.0003,-0.00239,0.00881,-0.01602,0.99434,-0.09692,0.11602,-0.00316,0.99999,-0.00425,-0.00029,-0.00079,0.99966,-0.01398,0.01922,0.01102,33.11,34.53,0.07,0.0759
20:09:19.158,1790255359.1583,2472,2.437,-0.711,1.34,1.472,-0.00642,0.00922,0.99069,0.00084,-0.00111,0.0022,0.00595,-0.01704,0.99413,-0.09875,0.11791,-0.00626,1.0,-0.00286,0.00024,-0.00077,0.99965,-0.01444,0.01916,0.01093,33.11,34.53,0.0731,0.0757
20:09:19.178,1790255359.1788,2473,2.513,-0.6,1.341,1.471,0.00274,-0.011,1.00593,-0.0007,0.00041,0.0004,-0.00952,-0.02044,0.99604,-0.09624,0.11301,-0.00456,0.99999,-0.00418,-0.00057,-0.00077,0.99965,-0.01481,0.01905,0.01087,33.11,34.53,0.0755,0.0772
20:09:19.199,1790255359.199,2474,2.63,-0.701,1.341,1.47,0.0071,0.01404,0.99042,0.00168,0.00038,0.00294,-0.02168,-0.00109,1.00592,-0.09422,0.11286,0.00141,1.0,-0.00274,-0.00095,-0.00074,0.99965,-0.01427,0.01966,0.0109,33.11,34.53,0.0729,0.0754
20:09:19.219,1790255359.2196,2475,2.48,-0.758,1.342,1.469,-0.023,0.00738,0.98978,0.00364,0.00126,0.00154,-0.01441,-0.01051,0.99854,-0.08482,0.10542,0.00234,1.0,-0.00202,0.0004,-0.00072,0.99965,-0.01401,0.01967,0.01092,33.11,34.53,0.0726,0.079
20:09:19.240,1790255359.2399,2476,2.35,-0.878,1.342,1.468,-0.00968,0.00186,0.98478,0.00281,0.00064,0.00271,-0.00228,-0.01603,1.01013,-0.08419,0.11424,-0.00141,1.0,-0.00123,0.00157,-0.00069,0.99965,-0.01424,0.01968,0.01088,33.11,34.53,0.0686,0.0723
20:09:19.260,1790255359.2604,2477,2.418,-1.019,1.343,1.467,0.00063,0.01607,0.98739,-0.00125,-0.00217,-0.00163,0.00915,0.00794,0.98267,-0.08276,0.1078,-0.00064,1.0,0.00017,0.00125,-0.00071,0.99964,-0.01408,0.01994,0.01087,33.11,34.53,0.0706,0.0671
20:09:19.281,1790255359.281,2478,2.282,-0.864,1.343,1.466,-0.02455,-0.01541,1.00231,-0.0022,0.0021,-0.00099,0.00307,0.01183,1.00188,-0.08387,0.10702,-0.0024,1.0,-0.00078,0.00258,-0.00072,0.99965,-0.01365,0.02011,0.01085,33.11,34.53,0.0779,0.0785
20:09:19.301,1790255359.3016,2479,2.497,-0.739,1.344,1.465,0.01115,-0.00612,1.00275,-0.00051,0.00268,0.00164,-0.00509,0.01471,0.99666,-0.07747,0.11094,0.00421,1.0,-0.00122,0.00107,-0.0007,0.99965,-0.01304,0.02048,0.0109,33.11,34.53,0.0779,0.0776
20:09:19.322,1790255359.3221,2480,2.442,-0.837,1.344,1.464,-0.00647,0.0042,0.99377,-0.00045,-0.00092,0.00204,-0.01771,-0.0009,1.01478,-0.07398,0.10256,0.00439,1.0,7e-05,0.0019,-0.00068,0.99964,-0.01259,0.02082,0.01095,33.11,34.53,0.0754,0.0688
20:09:19.342,1790255359.3427,2481,2.453,-0.677,1.345,1.463,0.00036,-0.02025,1.00213,-0.00334,0.00214,-0.00018,0.02044,-0.0107,0.99405,-0.0743,0.10657,-0.00713,1.0,-0.00155,0.0016,-0.00069,0.99965,-0.01282,0.02065,0.01086,33.11,34.53,0.0782,0.0757
20:09:19.363,1790255359.3632,2482,2.555,-0.805,1.345,1.462,0.016,0.01436,0.99355,-0.00233,-0.00183,-0.00094,0.00704,-0.01136,1.00611,-0.07322,0.09034,0.00699,1.0,-0.00053,0.00044,-0.0007,0.99965,-0.01294,0.02034,0.01092,33.11,34.53,0.0753,0.0754
20:09:19.383,1790255359.3837,2483,2.43,-0.822,1.346,1.461,-0.01158,0.00478,0.97109,0.00273,0.0022,0.00158,0.00063,0.00471,1.00387,-0.06384,0.09669,0.00109,1.0,6e-05,0.00151,-0.00068,0.99966,-0.01247,0.02032,0.01093,33.11,34.53,0.0584,0.0771
20:09:19.404,1790255359.404,2484,2.389,-0.969,1.346,1.46,-0.00489,0.00815,0.9816,-0.00218,0.00064,0.00148,0.00702,-0.0087,1.01019,-0.06435,0.10551,-0.00214,1.0,0.00134,0.00183,-0.00066,0.99966,-0.01247,0.02025,0.0109,33.11,34.53,0.0662,0.0723
20:09:19.424,1790255359.4245,2485,2.512,-1.053,1.347,1.459,0.00204,0.0069,1.00328,-0.00341,0.0031,0.00091,0.01094,-0.00438,1.00645,-0.05951,0.09536,0.00015,1.0,0.00225,0.00057,-0.00065,0.99966,-0.01232,0.02005,0.01089,33.11,34.54,0.0775,0.0751
20:09:19.445,1790255359.4452,2486,2.366,-0.884,1.347,1.458,-0.01215,-0.00491,0.98935,0.00146,-0.00027,4e-05,-0.02063,-0.01095,0.99903,-0.05527,0.09584,-0.00085,1.0,0.00129,0.00171,-0.00065,0.99967,-0.01178,0.01994,0.01088,33.11,34.54,0.0721,0.0795
20:09:19.465,1790255359.4655,2487,2.177,-0.774,1.347,1.457,-0.02228,-0.0111,0.99416,0.00016,-0.00239,-6e-05,0.01322,-0.0098,0.99924,-0.04901,0.08906,0.00436,1.0,0.00038,0.00293,-0.00066,0.99968,-0.01168,0.01953,0.0109,33.11,34.54,0.0759,0.0795
20:09:19.485,1790255359.4858,2488,2.06,-0.622,1.348,1.456,-0.01165,-0.00546,0.9714,0.00197,0.00075,0.00263,0.02156,0.01202,0.99599,-0.04623,0.09211,-0.00208,0.99999,-0.00046,0.00376,-0.00063,0.99969,-0.01118,0.01937,0.01088,33.11,34.54,0.0586,0.0772
20:09:19.506,1790255359.5062,2489,2.081,-0.715,1.348,1.455,0.00092,0.02669,1.00699,-0.00458,-0.00057,0.00248,0.01335,0.00871,0.99651,-0.03998,0.07844,-0.00235,0.99999,0.00095,0.0033,-0.0006,0.9997,-0.01059,0.01906,0.01085,33.11,34.54,0.0745,0.0775
20:09:19.526,1790255359.5266,2490,2.24,-0.578,1.348,1.455,0.00573,-0.00052,0.98628,0.0002,0.00192,0.00153,0.00392,0.02266,1.0071,-0.03783,0.08137,-0.00243,1.0,0.00068,0.00193,-0.00059,0.99971,-0.0097,0.0191,0.01083,33.11,34.54,0.0697,0.0745
20:09:19.546,1790255359.5467,2491,2.208,-0.665,1.349,1.454,-0.00424,0.01977,0.98382,0.00164,-0.00095,-0.00229,-0.00604,-0.00035,1.00754,-0.03108,0.07498,0.00068,1.0,0.00206,0.00195,-0.00061,0.99972,-0.00907,0.01881,0.01083,33.11,34.54,0.068,0.0743
20:09:19.567,1790255359.5671,2492,2.074,-0.758,1.349,1.453,-0.00489,0.00574,1.00141,0.00048,-0.00218,-0.00035,-0.00376,0.0015,0.99898,-0.03983,0.07461,0.00018,0.99999,0.00345,0.00276,-0.00061,0.99974,-0.00848,0.01843,0.01083,33.11,34.54,0.0789,0.0792
20:09:19.587,1790255359.5875,2493,2.098,-0.881,1.349,1.452,-0.00061,0.01805,0.99118,-0.00104,-0.00025,9e-05,-0.00145,-0.00397,1.01317,-0.03761,0.06588,0.00197,0.99999,0.00482,0.00217,-0.0006,0.99975,-0.00818,0.01801,0.01085,33.11,34.54,0.0735,0.0701
20:09:19.607,1790255359.6077,2494,2.165,-0.901,1.35,1.451,-0.00268,0.01828,1.00467,0.00242,-0.00332,0.00351,-0.01778,0.02484,0.99629,-0.02694,0.06007,0.00127,0.99998,0.00635,0.00184,-0.00056,0.99975,-0.00684,0.01824,0.01088,33.11,34.54,0.0764,0.0776
20:09:19.627,1790255359.6278,2495,2.061,-0.696,1.35,1.45,-0.01253,-0.0083,0.98103,-0.00073,0.00137,0.00479,0.01292,0.01049,0.98644,-0.02303,0.06753,-0.00289,0.99998,0.00513,0.00237,-0.00052,0.99976,-0.00626,0.01791,0.01085,33.11,34.54,0.0659,0.0699
20:09:19.648,1790255359.6482,2496,2.127,-0.639,1.35,1.449,0.01555,-0.00666,0.98931,-0.00069,-0.00048,-0.0002,-0.02047,-0.0187,1.01191,-0.01169,0.05416,-0.00171,0.99999,0.00419,0.00124,-0.00052,0.99977,-0.00672,0.01737,0.01081,33.11,34.54,0.0721,0.0708
20:09:19.668,1790255359.6685,2497,2.176,-0.699,1.351,1.448,0.00425,0.0156,1.00644,7e-05,-1e-05,0.00097,0.00785,0.00191,1.00096,-0.01634,0.0615,-0.00591,0.99999,0.0053,0.00019,-0.00051,0.99978,-0.00615,0.01674,0.01074,33.11,34.54,0.0751,0.0793
20:09:19.688,1790255359.6887,2498,2.237,-0.745,1.351,1.447,0.00341,0.01476,1.0131,-8e-05,0.00027,-0.00021,0.00656,0.0048,1.01489,-0.01198,0.05562,-0.00139,0.99998,0.00632,-0.00078,-0.00051,0.99979,-0.00554,0.01627,0.01073,33.11,34.54,0.0701,0.0688
20:09:19.709,1790255359.7091,2499,2.238,-0.583,1.351,1.446,0.01017,0.00152,0.97902,0.00149,0.0006,0.00088,0.00786,-0.0032,1.00303,-0.01173,0.05125,-0.0015,0.99998,0.0053,-0.00159,-0.0005,0.99981,-0.00517,0.0155,0.0107,33.11,34.54,0.0643,0.0777
20:09:19.729,1790255359.7293,2500,2.066,-0.423,1.352,1.445,-0.00327,-0.00338,1.00171,-0.0001,-0.00151,0.00063,-0.00906,-0.01233,1.00065,-0.00538,0.05408,-0.00325,0.99999,0.00386,-0.00093,-0.0005,0.99982,-0.00519,0.0147,0.01066,33.11,34.54,0.0787,0.0794
20:09:19.749,1790255359.7496,2501,1.799,-0.397,1.352,1.445,-0.0053,0.00914,0.99103,0.00234,0.00387,0.00193,0.00503,-0.0033,1.00296,0.00837,0.04463,-0.00028,0.99999,0.00418,0.00057,-0.00049,0.99984,-0.00459,0.01386,0.01064,33.11,34.54,0.0733,0.0778
20:09:19.770,1790255359.7701,2502,1.735,-0.159,1.352,1.444,-0.00048,-0.00449,1.00668,-0.00118,-0.0038,-0.00451,0.00429,0.00096,0.9879,-0.00833,0.04783,0.00312,1.0,0.00264,0.00045,-0.00054,0.99985,-0.00405,0.01322,0.01067,33.11,34.54,0.075,0.0709
20:09:19.790,1790255359.7905,2503,1.582,0.046,1.352,1.443,-0.00221,0.00099,1.00767,-0.00117,-0.00101,0.00122,0.0026,-0.00506,0.99724,-0.00195,0.0448,0.00098,1.0,0.00117,0.00087,-0.00052,0.99986,-0.00372,0.01235,0.01067,33.11,34.54,0.0742,0.0779
20:09:19.811,1790255359.8111,2504,1.325,-0.038,1.352,1.443,-0.01651,0.01411,1.00076,0.00148,0.00035,-0.00048,0.00628,-0.00597,1.0008,0.00525,0.03762,-0.00296,1.0,0.00219,0.00215,-0.00053,0.99987,-0.00339,0.01137,0.01064,33.11,34.54,0.0793,0.0794
20:09:19.831,1790255359.8314,2505,1.213,0.157,1.352,1.442,-0.00629,-0.01432,0.97952,-0.0017,-0.00095,0.00055,0.01338,-0.00598,1.00921,0.01607,0.04065,0.00091,1.0,0.00087,0.00229,-0.00052,0.99988,-0.003,0.01056,0.01064,33.11,34.54,0.0647,0.073
20:09:19.852,1790255359.8519,2506,1.238,0.314,1.352,1.442,0.0073,-0.00839,0.98707,-0.00209,0.00065,-0.00197,0.01611,-0.00532,0.98592,0.01707,0.03189,-0.00244,1.0,-9e-05,0.0012,-0.00054,0.99989,-0.0026,0.00972,0.0106,33.11,34.54,0.0704,0.0695
20:09:19.872,1790255359.872,2507,1.327,0.416,1.352,1.441,0.00725,0.00131,0.99526,0.00086,-0.0008,9e-05,-0.00629,0.00229,0.98853,0.01983,0.02506,0.00287,1.0,0.00014,-0.00033,-0.00054,0.9999,-0.0015,0.00897,0.01063,33.11,34.54,0.0765,0.0714
20:09:19.892,1790255359.8926,2508,1.317,0.451,1.352,1.441,0.00494,0.01518,0.97453,-0.00398,-0.0006,-0.00075,-0.00102,0.01743,0.98559,0.01596,0.0177,-0.00082,1.0,0.0013,-0.00068,-0.00055,0.99991,-4e-05,0.00852,0.01063,33.11,34.54,0.061,0.0693
20:09:19.913,1790255359.9132,2509,1.345,0.441,1.352,1.44,0.00385,0.00425,1.01283,0.00112,0.00034,-0.00077,0.01404,0.00522,1.01189,0.02276,0.019,0.00134,1.0,0.0021,-0.0019,-0.00055,0.99991,0.00064,0.00754,0.01065,33.11,34.54,0.0704,0.071
20:09:19.933,1790255359.9335,2510,1.15,0.442,1.352,1.44,0.00119,0.00232,0.98698,-0.00111,0.00096,-0.00192,-0.00365,-0.01606,1.00295,0.03185,0.00981,-0.00069,1.0,0.00125,-0.00073,-0.00057,0.99992,-0.00016,0.00701,0.01063,33.11,34.54,0.0702,0.0777
20:09:19.954,1790255359.9539,2511,1.456,0.48,1.352,1.44,0.00883,-0.00202,0.98607,0.00034,0.00716,0.00067,-0.0191,-0.00445,0.99453,0.03584,0.01122,0.00055,1.0,0.00052,-0.00186,-0.00056,0.99991,-0.00061,0.00856,0.01062,33.11,34.54,0.0696,0.076
20:09:19.974,1790255359.9743,2512,1.273,0.413,1.352,1.439,-0.00227,0.01468,0.98559,-0.00157,0.00045,0.00234,0.0003,0.00066,0.9863,0.03698,0.00933,0.00037,1.0,0.0018,-0.0013,-0.00054,0.99992,0.00012,0.00751,0.01062,33.11,34.54,0.0693,0.0697
20:09:19.994,1790255359.9946,2513,1.326,0.59,1.352,1.439,0.0104,0.00266,1.00524,-0.00213,0.00085,-0.00105,0.00443,0.00994,1.00595,0.04193,0.00671,-0.00378,0.99999,0.00158,-0.00283,-0.00055,0.99992,0.00142,0.00646,0.01059,33.11,34.54,0.076,0.0755
20:09:20.015,1790255360.0152,2514,1.025,0.728,1.352,1.439,-0.00524,-0.00108,0.99353,0.0004,-0.00083,-0.003,0.01421,0.00433,1.00813,0.03946,0.00744,-0.00249,1.0,0.00103,-0.0014,-0.00058,0.99993,0.00211,0.00529,0.01056,33.11,34.54,0.0752,0.0738
20:09:20.035,1790255360.0355,2515,0.819,0.967,1.352,1.438,-0.00013,-0.00277,1.00775,-0.00255,-0.00211,-0.00019,0.02249,0.00789,1.02362,0.04541,0.00011,-0.00805,1.0,-0.00029,-0.00063,-0.00058,0.99993,0.00291,0.00429,0.01049,33.11,34.54,0.0742,0.0621
20:09:20.055,1790255360.0558,2516,0.652,0.797,1.351,1.438,-0.00913,0.00465,0.98543,-0.00259,0.00072,-0.00078,-0.00121,-0.02055,0.99818,0.04931,-0.00496,-0.00622,1.0,0.00031,0.00062,-0.00059,0.99994,0.00207,0.00406,0.01042,33.11,34.54,0.0691,0.0788
20:09:20.076,1790255360.0762,2517,0.646,0.891,1.351,1.438,0.003,-0.008,0.9894,0.00094,0.00225,-0.00199,0.00738,-0.0172,0.99032,0.04931,-0.00255,0.00057,1.0,-0.001,-0.0,-0.00061,0.99994,0.00157,0.00341,0.01042,33.11,34.54,0.0721,0.0729
20:09:20.096,1790255360.0967,2518,0.463,0.86,1.351,1.438,-0.01144,-0.00587,0.99786,0.00034,0.00252,-0.00209,-0.00568,-0.00672,0.99324,0.05679,-0.01275,0.00329,1.0,-0.00152,0.00154,-0.00063,0.99994,0.00082,0.00337,0.01045,33.11,34.54,0.0785,0.075
20:09:20.117,1790255360.1172,2519,0.48,0.999,1.35,1.437,0.01478,-0.01001,1.01081,-0.00069,-0.00441,-0.00259,0.01524,-0.0002,0.98264,0.05463,-0.01379,0.00152,1.0,-0.00206,0.00013,-0.00066,0.99994,0.00147,0.00212,0.01046,33.11,34.54,0.0718,0.0671
20:09:20.137,1790255360.1376,2520,0.151,1.026,1.35,1.437,-0.01533,0.00041,1.0122,0.00082,-0.00368,0.00511,0.01898,0.00011,0.9983,0.06795,-0.01953,0.00117,1.0,-0.00163,0.00147,-0.00061,0.99994,0.00218,0.00059,0.01048,33.11,34.54,0.0708,0.0789
20:09:20.158,1790255360.1581,2521,0.16,0.936,1.349,1.437,0.00132,-9e-05,0.98464,-0.00577,-0.00293,-0.00224,0.00632,-0.00166,1.00591,0.07272,-0.01538,0.00137,1.0,-0.00086,0.00031,-0.00063,0.99994,0.00215,-0.00052,0.0105,33.11,34.54,0.0685,0.0756
20:09:20.178,1790255360.1787,2522,-0.114,0.917,1.349,1.437,-0.00722,-0.00145,0.9797,-0.00166,-0.0001,-0.00013,0.01718,-0.01213,1.01169,0.0734,-0.02815,-0.00194,1.0,-0.00081,0.00164,-0.00063,0.99994,0.00207,-0.00158,0.01048,33.11,34.54,0.0648,0.0711
20:09:20.199,1790255360.1992,2523,0.058,0.816,1.348,1.437,0.00768,0.00124,0.99048,0.00231,0.00094,0.00089,0.0019,-0.01165,0.98932,0.07428,-0.03148,-0.00199,1.0,-0.00041,0.0002,-0.00062,0.99994,0.00156,-0.00153,0.01047,33.11,34.54,0.0729,0.072
20:09:20.219,1790255360.2197,2524,0.328,0.935,1.348,1.436,0.01394,0.0102,0.97801,-0.00074,0.00048,0.00149,-0.00382,0.00692,0.9955,0.08232,-0.03173,0.00089,1.0,0.00038,-0.00083,-0.00062,0.99994,0.00335,-0.00021,0.01047,33.11,34.54,0.0636,0.0766
20:09:20.240,1790255360.2403,2525,0.245,1.131,1.347,1.436,0.00658,-0.01246,0.9957,0.0004,-0.00411,0.00024,0.0195,-0.00817,0.98044,0.0826,-0.04586,0.00336,1.0,-0.00109,-0.00143,-0.00062,0.99994,0.00359,-0.00149,0.01051,33.11,34.54,0.0768,0.0655
20:09:20.260,1790255360.2606,2526,0.03,1.125,1.347,1.436,-0.022,-0.00904,0.99085,-0.00086,-0.00105,0.00055,0.00538,-0.00558,0.99496,0.08939,-0.04003,0.00266,1.0,-0.00149,1e-05,-0.00061,0.99994,0.00317,-0.00193,0.01055,33.11,34.54,0.0733,0.0762
20:09:20.280,1790255360.2808,2527,0.297,1.069,1.346,1.436,0.00497,0.00285,0.99103,0.00095,-0.00169,0.00056,-0.02558,-0.00118,0.99954,0.0817,-0.04894,-4e-05,1.0,-0.00036,-0.00098,-0.00061,0.99994,0.00378,-0.0006,0.01054,33.11,34.54,0.0733,0.0799
20:09:20.301,1790255360.3009,2528,0.44,1.245,1.346,1.436,0.00338,-0.00982,0.97908,-0.00062,-0.00037,0.00092,-0.01187,-0.00047,0.99323,0.08295,-0.04656,-0.00415,1.0,-0.00164,-0.00118,-0.00061,0.99994,0.00401,0.00048,0.0105,33.11,34.54,0.0643,0.075
20:09:20.321,1790255360.3214,2529,0.456,1.379,1.345,1.436,0.00242,-0.01495,0.99253,0.00241,-0.00092,0.00098,-0.00864,-0.01767,1.00433,0.09487,-0.05461,0.00124,0.99999,-0.00315,-0.0012,-0.0006,0.99994,0.00368,0.00062,0.01051,33.11,34.54,0.0745,0.0766
20:09:20.342,1790255360.3419,2530,0.286,1.51,1.345,1.436,-0.00234,-0.02579,0.98287,0.00177,0.0015,-0.00073,0.00102,0.00376,1.0024,0.09756,-0.05273,0.00201,0.99999,-0.00447,-0.00087,-0.0006,0.99994,0.00351,-0.00049,0.01053,33.11,34.54,0.0674,0.0782
20:09:20.362,1790255360.3623,2531,0.446,1.651,1.345,1.436,0.00931,0.00894,0.96359,0.00048,0.00128,-0.00163,-0.00342,0.0104,1.00304,0.10389,-0.05704,0.00031,0.99999,-0.00348,-0.0013,-0.0006,0.99993,0.00571,0.00047,0.01053,33.11,34.54,0.0528,0.0777
20:09:20.383,1790255360.383,2532,0.332,1.462,1.344,1.436,-0.00591,0.00583,1.00226,-0.00282,5e-05,0.00214,-0.00286,0.00097,0.99636,0.1021,-0.06699,0.00108,1.0,-0.00217,-0.0004,-0.00058,0.99993,0.0054,0.00034,0.01053,33.11,34.54,0.0783,0.0773
20:09:20.403,1790255360.4035,2533,0.326,1.355,1.344,1.436,0.00979,0.00291,0.98464,-0.0006,0.00324,-0.0011,0.01008,-0.00801,1.00409,0.10603,-0.06042,-0.00281,1.0,-0.0013,-0.00147,-0.0006,0.99993,0.00532,-0.0008,0.01051,33.11,34.54,0.0685,0.0769
20:09:20.424,1790255360.4239,2534,0.303,1.46,1.343,1.436,0.00901,-0.00401,0.98914,-0.00181,5e-05,0.00397,0.01626,0.00116,0.9857,0.10707,-0.06732,0.00236,0.99999,-0.00166,-0.0029,-0.00056,0.99992,0.00587,-0.00242,0.01054,33.11,34.54,0.0719,0.0694
20:09:20.444,1790255360.4442,2535,0.412,1.313,1.343,1.436,0.00953,0.0112,0.99862,-0.00113,0.00438,-0.00048,-0.00267,0.00396,1.00904,0.11074,-0.07251,-0.00416,0.99999,-0.00011,-0.00326,-0.00057,0.99992,0.00612,-0.00186,0.0105,33.11,34.54,0.079,0.0732
20:09:20.464,1790255360.4644,2536,0.122,1.415,1.342,1.436,-0.00409,-0.0069,1.00686,-0.00116,-0.00234,0.00212,0.01093,1e-05,0.98792,0.11318,-0.07741,0.0004,1.0,-0.00093,-0.002,-0.00054,0.99992,0.00623,-0.00311,0.01051,33.11,34.54,0.0748,0.071
20:09:20.484,1790255360.4845,2537,-0.046,1.462,1.342,1.436,-0.01199,-0.00716,0.99178,-0.00182,0.00358,-0.00053,-0.00281,-0.01728,0.98863,0.11251,-0.06808,0.00122,1.0,-0.00142,-0.00056,-0.00055,0.99992,0.00618,-0.00313,0.01053,33.11,34.54,0.0739,0.0716
20:09:20.505,1790255360.5049,2538,-0.117,1.53,1.341,1.436,-0.01015,-0.0019,0.98374,0.00139,0.00024,0.00078,-0.00068,0.00853,0.99222,0.12225,-0.08144,0.00651,1.0,-0.00131,0.00082,-0.00054,0.99992,0.00692,-0.00235,0.01059,33.11,34.55,0.0678,0.0742
20:09:20.525,1790255360.5255,2539,0.047,1.72,1.341,1.436,0.00122,-0.00804,0.99279,0.00152,-0.00184,-0.00291,-0.0078,0.0025,1.00093,0.11517,-0.07213,-0.00346,1.0,-0.00266,9e-05,-0.00058,0.99992,0.0072,-0.00162,0.01055,33.11,34.55,0.0746,0.0793
20:09:20.546,1790255360.546,2540,-0.254,1.87,1.34,1.436,-0.00833,-0.01304,0.97012,0.00064,-0.00532,0.00224,0.01895,0.00235,1.01054,0.11928,-0.08899,-0.00121,0.99999,-0.00347,0.00088,-0.00055,0.99991,0.00773,-0.00343,0.01055,33.11,34.55,0.0577,0.072
20:09:20.566,1790255360.5663,2541,-0.222,1.928,1.339,1.436,0.00521,-0.00985,0.98903,-0.00048,0.00237,-0.00074,0.01296,-0.00513,1.00161,0.12162,-0.08255,0.00063,0.99999,-0.00406,-0.00044,-0.00056,0.99991,0.00764,-0.00447,0.01056,33.11,34.55,0.0718,0.0787
20:09:20.587,1790255360.5869,2542,-0.281,1.745,1.339,1.437,0.00035,0.00032,0.99171,0.00075,0.00038,0.00123,0.00465,-0.02345,0.99773,0.1283,-0.08698,-0.00342,1.0,-0.00254,-0.00034,-0.00056,0.9999,0.00755,-0.00492,0.01054,33.11,34.55,0.0738,0.0785
20:09:20.607,1790255360.6074,2543,-0.233,1.629,1.338,1.437,0.00653,0.00023,0.99397,-0.00064,0.00131,0.00165,0.00975,-0.00239,0.98664,0.12028,-0.09823,0.00317,1.0,-0.00151,-0.00148,-0.00055,0.9999,0.00756,-0.00566,0.01058,33.11,34.55,0.0755,0.07
20:09:20.628,1790255360.6279,2544,-0.117,1.672,1.337,1.437,0.01253,-0.00309,0.97673,-0.00284,-0.00317,0.00204,-0.00446,-0.03252,1.02442,0.12549,-0.0939,0.00293,0.99999,-0.00156,-0.0028,-0.00053,0.99989,0.00785,-0.00596,0.01062,33.11,34.55,0.0626,0.0613
20:09:20.648,1790255360.6486,2545,-0.238,1.816,1.337,1.437,-0.00295,-0.00835,0.98637,-0.00313,0.00146,0.00355,0.0005,0.0033,1.01554,0.12767,-0.09947,0.00277,1.0,-0.00236,-0.00156,-0.00049,0.99989,0.00834,-0.00576,0.01065,33.11,34.55,0.0698,0.0683
20:09:20.669,1790255360.669,2546,-0.247,2.137,1.336,1.437,-0.00453,-0.01451,0.9819,0.00025,-5e-05,0.00049,-0.01407,0.02144,0.99226,0.12363,-0.09488,0.00311,0.99999,-0.00343,-0.00074,-0.00049,0.99988,0.01008,-0.00497,0.01067,33.11,34.55,0.0665,0.0744
20:09:20.689,1790255360.6896,2547,-0.436,2.205,1.335,1.437,-0.00029,-0.00745,0.98333,0.00262,-0.00225,-0.00153,0.00054,-0.01389,1.00531,0.13956,-0.10278,-0.00069,0.99999,-0.00393,0.00053,-0.0005,0.99988,0.01021,-0.00534,0.01067,33.11,34.55,0.0675,0.0759
20:09:20.710,1790255360.7101,2548,-0.463,2.442,1.335,1.438,-0.00239,-0.0135,0.9896,0.00199,-0.00371,0.00095,0.00315,0.01159,1.02441,0.13683,-0.0956,0.00145,0.99999,-0.00535,0.00083,-0.00049,0.99987,0.01086,-0.00523,0.01068,33.11,34.55,0.0723,0.0616
20:09:20.730,1790255360.7306,2549,-0.454,2.653,1.334,1.438,-0.00161,-0.02722,0.98831,0.00045,1e-05,-0.00079,-0.00471,-0.00031,0.99736,0.14514,-0.10398,0.00316,0.99998,-0.00681,0.00083,-0.00049,0.99987,0.01123,-0.00512,0.01071,33.11,34.55,0.0715,0.078
20:09:20.750,1790255360.7508,2550,-0.587,2.556,1.333,1.439,0.00291,0.0053,0.98644,-0.0033,0.00031,-0.0014,0.02164,0.00366,1.01429,0.14836,-0.1058,0.00184,0.99998,-0.00548,0.0005,-0.0005,0.99985,0.01173,-0.00663,0.01075,33.11,34.55,0.0698,0.0691
20:09:20.771,1790255360.771,2551,-0.657,2.457,1.332,1.439,0.00761,0.00929,0.97518,-0.00211,-0.00117,0.00074,0.01997,-0.02056,0.98177,0.13607,-0.11783,0.00539,0.99999,-0.00436,-1e-05,-0.0005,0.99984,0.01198,-0.00777,0.01082,33.11,34.55,0.0614,0.0666
20:09:20.791,1790255360.7912,2552,-0.524,2.359,1.332,1.44,0.0104,0.00471,0.9965,-0.00049,-0.00321,-0.00025,0.00242,0.00662,0.9998,0.14144,-0.10866,-0.00025,0.99999,-0.00313,-0.001,-0.00051,0.99984,0.01233,-0.00763,0.01082,33.11,34.55,0.0774,0.0799
20:09:20.811,1790255360.8118,2553,-0.755,2.285,1.331,1.44,-0.02071,0.00857,0.98474,0.001,0.0036,-0.00224,0.01367,-7e-05,0.99055,0.14216,-0.11415,0.00325,1.0,-0.00235,0.00022,-0.00053,0.99983,0.0125,-0.00844,0.01087,33.11,34.55,0.0687,0.073
20:09:20.832,1790255360.8323,2554,-0.861,2.197,1.33,1.44,0.00649,0.00339,0.98668,0.0034,-0.00071,-0.00075,0.03928,-0.00237,0.99603,0.13312,-0.11169,-0.00272,1.0,-0.00123,-0.00073,-0.00054,0.9998,0.01286,-0.01033,0.01087,33.11,34.55,0.07,0.0776
20:09:20.852,1790255360.8528,2555,-0.956,2.385,1.329,1.441,0.01048,-0.0126,1.00244,-0.0026,0.00227,-0.00285,0.03422,0.00799,0.99909,0.14653,-0.10806,0.00644,1.0,-0.00245,-0.00177,-0.00057,0.99978,0.01327,-0.01217,0.01097,33.11,34.55,0.0781,0.0798
20:09:20.873,1790255360.8731,2556,-1.087,2.23,1.328,1.441,0.00443,0.00773,0.98892,0.00279,0.00171,0.00217,0.03552,-0.01051,0.99858,0.14609,-0.10405,-0.00379,1.0,-0.00097,-0.00186,-0.00055,0.99976,0.01342,-0.01343,0.01097,33.11,34.55,0.0717,0.0795
20:09:20.893,1790255360.8933,2557,-1.254,2.145,1.327,1.441,0.00649,0.00542,0.98924,-0.00022,0.00016,-0.00184,0.04711,0.00609,0.99455,0.14966,-0.11653,0.00195,1.0,0.00039,-0.00238,-0.00055,0.99972,0.01404,-0.01544,0.01103,33.11,34.55,0.072,0.0768
20:09:20.913,1790255360.9136,2558,-1.432,2.358,1.326,1.442,0.00642,-0.01566,0.99908,-0.00226,-0.00283,0.00057,0.05517,-0.01503,0.99484,0.13757,-0.11695,-0.00053,1.0,-0.00124,-0.00257,-0.00054,0.99969,0.01429,-0.01715,0.01108,33.11,34.55,0.0794,0.0774
20:09:20.934,1790255360.934,2559,-1.762,2.342,1.324,1.442,-0.01901,0.00519,0.97892,-0.00035,0.00105,-0.00194,0.0539,-0.00973,1.0022,0.14539,-0.11469,0.00077,1.0,-0.00085,-0.00131,-0.00056,0.99966,0.01458,-0.01877,0.01114,33.11,34.55,0.0643,0.0772
20:09:20.954,1790255360.9546,2560,-1.927,2.282,1.323,1.442,0.00471,0.00212,0.99208,0.00249,0.0004,0.00056,0.06288,0.01042,1.00763,0.14811,-0.12311,0.00046,1.0,0.00051,-0.00205,-0.00056,0.9996,0.01542,-0.02097,0.0112,33.11,34.55,0.0741,0.0728
20:09:20.975,1790255360.9751,2561,-2.148,2.494,1.321,1.443,0.00227,-0.0086,0.99683,0.0045,0.00043,-0.00163,0.05605,0.00213,1.00692,0.14626,-0.11706,-0.0016,1.0,-0.00101,-0.00175,-0.00057,0.99956,0.01577,-0.02255,0.01124,33.11,34.55,0.0777,0.0736
20:09:20.995,1790255360.9957,2562,-2.229,2.697,1.32,1.443,0.02494,-0.02089,0.99711,-0.00359,-0.00427,-0.00403,0.07554,-0.00044,0.98402,0.14239,-0.11391,0.00143,0.99999,-0.00212,-0.00301,-0.00061,0.9995,0.01643,-0.02448,0.01133,33.11,34.55,0.0782,0.0702
20:09:21.016,1790255361.0164,2563,-2.559,2.622,1.318,1.444,-0.00629,0.00959,0.98438,0.00238,0.00115,0.00441,0.06669,0.01115,0.99635,0.14558,-0.1139,0.0024,1.0,-0.00104,-0.00206,-0.00057,0.99944,0.0169,-0.02644,0.01143,33.11,34.55,0.0683,0.079
20:09:21.037,1790255361.037,2564,-2.838,2.541,1.317,1.444,0.00291,0.01133,0.99971,0.0007,0.00059,0.00052,0.08952,0.01176,0.99276,0.14934,-0.11624,-0.00152,1.0,0.0006,-0.00191,-0.00057,0.99936,0.01786,-0.02875,0.01149,33.11,34.55,0.0798,0.0776
20:09:21.057,1790255361.0573,2565,-2.923,2.587,1.315,1.445,0.01477,0.00462,0.99008,0.00146,0.00017,0.00093,0.09145,0.00552,0.9863,0.15436,-0.12651,-0.0018,0.99999,0.00104,-0.00332,-0.00057,0.99928,0.01868,-0.03089,0.01156,33.11,34.55,0.0726,0.0729
20:09:21.078,1790255361.0779,2566,-3.027,2.736,1.313,1.445,0.01987,-0.00697,0.98029,0.00096,-0.00071,0.00111,0.09222,0.00103,0.99818,0.15052,-0.11845,0.00528,0.99999,0.00028,-0.00444,-0.00057,0.99921,0.01922,-0.03289,0.01171,33.11,34.55,0.0654,0.0782
20:09:21.098,1790255361.0983,2567,-3.13,2.951,1.311,1.446,0.01078,-0.00341,0.99207,-0.00164,0.00018,0.0032,0.08013,0.00547,0.98318,0.15431,-0.11639,-0.00101,0.99999,-0.00109,-0.00511,-0.00053,0.99914,0.01972,-0.03443,0.0118,33.11,34.55,0.0741,0.0698
20:09:21.119,1790255361.119,2568,-3.257,2.985,1.309,1.447,0.02181,0.00736,0.98502,-0.00011,0.00359,-0.00323,0.116,0.01489,1.01259,0.15546,-0.12245,0.00346,0.99998,-0.0002,-0.00618,-0.00057,0.99904,0.02091,-0.03661,0.01192,33.11,34.55,0.069,0.0655
20:09:21.139,1790255361.1396,2569,-3.505,2.856,1.307,1.447,0.00869,0.01134,0.98925,-0.00352,0.00269,-0.00343,0.09383,0.00407,0.99771,0.14411,-0.11836,-0.00154,0.99998,0.00118,-0.00573,-0.00061,0.99897,0.02119,-0.03834,0.01202,33.11,34.55,0.072,0.0784
20:09:21.160,1790255361.16,2570,-3.919,2.936,1.305,1.448,0.00295,0.00292,0.97928,-0.00025,-0.00016,0.00453,0.13262,0.00376,0.9904,0.14953,-0.11989,-0.00239,0.99999,0.00127,-0.00442,-0.00057,0.99886,0.02204,-0.04064,0.01211,33.11,34.55,0.0645,0.0794
20:09:21.180,1790255361.1805,2571,-4.334,2.969,1.303,1.448,0.00746,0.00295,1.00238,-0.00197,-0.00308,0.00064,0.12533,0.00722,1.00027,0.14644,-0.1181,-0.0022,0.99999,0.00168,-0.00291,-0.00056,0.99875,0.02279,-0.04275,0.0122,33.11,34.55,0.0782,0.0739
20:09:21.201,1790255361.2012,2572,-4.652,3.142,1.3,1.449,-0.01429,-0.01848,0.97102,-0.00021,-0.00125,-0.00092,0.12613,0.00441,1.00096,0.14659,-0.10979,-0.00199,1.0,0.00079,-0.00209,-0.00056,0.99865,0.02345,-0.04467,0.01231,33.11,34.55,0.0585,0.0733
20:09:21.221,1790255361.2217,2573,-4.746,3.353,1.298,1.45,0.00896,-0.0039,0.99521,-1e-05,0.00307,-0.00092,0.12333,0.00581,1.0085,0.14839,-0.11555,0.00112,0.99999,-0.00039,-0.00309,-0.00057,0.99855,0.02409,-0.04646,0.01245,33.11,34.55,0.0764,0.068
20:09:21.242,1790255361.2419,2574,-4.814,3.543,1.295,1.451,0.03093,-0.03025,0.9976,-0.00106,0.00095,0.00111,0.11952,-0.00395,0.98094,0.14592,-0.11301,0.00013,0.99999,-0.00162,-0.00412,-0.00057,0.99847,0.02452,-0.04804,0.01259,33.11,34.55,0.0789,0.0712
20:09:21.262,1790255361.2622,2575,-5.16,3.762,1.293,1.452,0.00226,-0.00975,0.99084,0.00083,-0.00424,-0.00203,0.12089,0.02472,0.97858,0.15336,-0.12177,-0.00399,0.99999,-0.00271,-0.00317,-0.00058,0.99834,0.02537,-0.05007,0.01268,33.11,34.55,0.0732,0.0697
20:09:21.282,1790255361.2826,2576,-5.2,3.689,1.29,1.453,0.01296,-7e-05,0.99075,0.00084,0.00148,-0.0008,0.11748,0.00982,0.98791,0.14555,-0.11352,-0.00293,0.99999,-0.00178,-0.00435,-0.00059,0.99826,0.02565,-0.0516,0.0128,33.11,34.55,0.0731,0.0762
20:09:21.303,1790255361.303,2577,-5.512,3.921,1.287,1.454,0.00729,-0.00684,0.9848,-0.00194,0.00251,0.00204,0.12738,0.03407,0.99217,0.13766,-0.10667,0.00202,0.99999,-0.00311,-0.00383,-0.00056,0.99812,0.02638,-0.05376,0.01297,33.11,34.55,0.0686,0.0793
20:09:21.323,1790255361.3233,2578,-5.537,3.928,1.285,1.455,0.02235,0.00077,0.97118,-0.00161,0.00243,-0.00226,0.13659,-0.01893,0.96726,0.14513,-0.09918,-0.00282,0.99998,-0.00263,-0.00489,-0.00059,0.99804,0.0269,-0.05504,0.01309,33.11,34.55,0.0586,0.0628
20:09:21.343,1790255361.3437,2579,-5.621,4.101,1.282,1.456,0.01756,-0.01035,0.98792,0.00127,0.00063,-0.00189,0.14113,0.02683,1.00219,0.14116,-0.10783,-0.00255,0.99998,-0.00342,-0.0061,-0.00061,0.99791,0.02761,-0.05695,0.01321,33.11,34.55,0.0711,0.0707
20:09:21.364,1790255361.3641,2580,-5.843,4.357,1.279,1.457,0.0118,-0.02017,0.98975,-0.00031,0.0006,0.00258,0.15493,0.01511,0.9767,0.14907,-0.10123,0.00038,0.99997,-0.0049,-0.00606,-0.00057,0.99778,0.02838,-0.0588,0.01338,33.11,34.55,0.0725,0.0718
20:09:21.384,1790255361.3844,2581,-6.094,4.25,1.276,1.458,0.01004,0.00237,0.99173,0.00186,0.00139,0.00153,0.15817,0.01521,0.98945,0.1469,-0.10786,-0.0002,0.99998,-0.00341,-0.00581,-0.00056,0.99764,0.02897,-0.06076,0.01355,33.12,34.55,0.0738,0.0784
20:09:21.404,1790255361.4048,2582,-6.426,4.16,1.273,1.459,0.00521,0.00399,0.99814,-0.00062,0.00047,-0.00034,0.16382,0.01944,0.99039,0.14266,-0.11548,-0.00237,0.99999,-0.00202,-0.00499,-0.00057,0.99749,0.02961,-0.06285,0.0137,33.12,34.55,0.0786,0.077
20:09:21.425,1790255361.4252,2583,-6.812,4.174,1.269,1.46,-0.00059,-0.00309,0.99554,0.00323,-0.00027,0.0007,0.16283,0.01572,0.98865,0.13126,-0.10032,0.00186,0.99999,-0.00185,-0.00344,-0.00056,0.99736,0.02997,-0.06466,0.01391,33.12,34.55,0.0767,0.0784
20:09:21.446,1790255361.4463,2584,-6.911,4.369,1.266,1.462,0.01999,-0.0169,0.99189,0.00047,0.00186,0.00042,0.17509,0.00996,0.97751,0.1387,-0.10306,-0.00275,0.99999,-0.00297,-0.00455,-0.00056,0.99721,0.03054,-0.06658,0.01407,33.12,34.55,0.0742,0.0748
20:09:21.467,1790255361.467,2585,-7.18,4.278,1.262,1.463,0.00624,0.00257,0.98713,-9e-05,0.00027,-0.00019,0.18157,0.01764,0.98105,0.14008,-0.0919,0.00255,0.99999,-0.00158,-0.0041,-0.00056,0.99706,0.03117,-0.0685,0.01429,33.12,34.55,0.0704,0.0784
20:09:21.487,1790255361.4877,2586,-7.539,4.363,1.259,1.464,0.00246,-0.00468,0.97807,0.00278,-0.00039,0.00261,0.18481,0.01086,0.98589,0.13443,-0.09551,0.00258,0.99999,-0.00192,-0.00284,-0.00053,0.99692,0.03162,-0.07034,0.01452,33.12,34.55,0.0636,0.0777
20:09:21.508,1790255361.5081,2587,-7.602,4.473,1.255,1.465,0.02079,-0.00817,0.96933,-0.00047,0.00031,-0.00107,0.18644,0.01669,0.97064,0.136,-0.08307,-0.0015,0.99999,-0.00224,-0.00395,-0.00053,0.99678,0.03225,-0.07199,0.01471,33.12,34.55,0.0572,0.0714
20:09:21.528,1790255361.5285,2588,-7.673,4.427,1.251,1.466,0.01102,-0.00236,0.9891,0.00228,0.00128,0.00331,0.19936,0.00948,0.98606,0.12318,-0.09813,0.00096,0.99999,-0.00143,-0.00517,-0.00051,0.99662,0.03266,-0.07383,0.01491,33.12,34.55,0.0719,0.0755
20:09:21.549,1790255361.549,2589,-7.937,4.336,1.248,1.468,0.00226,0.01085,0.9825,-0.00044,-0.00361,-0.00328,0.19759,0.00872,0.96852,0.12389,-0.08843,0.00434,0.99999,-0.00024,-0.00452,-0.00054,0.99648,0.0331,-0.07549,0.01516,33.12,34.55,0.0669,0.0714
20:09:21.569,1790255361.5694,2590,-8.011,4.306,1.244,1.469,0.01607,0.00762,0.98617,-8e-05,0.00083,-0.00166,0.22723,0.01628,1.00095,0.12404,-0.08312,0.0011,0.99998,0.00082,-0.00546,-0.00055,0.99633,0.0339,-0.07708,0.01534,33.12,34.55,0.0697,0.0601
20:09:21.590,1790255361.5897,2591,-8.104,4.239,1.24,1.47,0.02277,0.0151,1.0025,-0.00029,0.00097,0.00203,0.2101,0.02453,0.98271,0.1265,-0.08786,-0.00282,0.99998,0.002,-0.0065,-0.00054,0.99616,0.0345,-0.07895,0.01552,33.12,34.55,0.0778,0.0761
20:09:21.610,1790255361.61,2592,-8.126,4.24,1.236,1.471,0.03532,0.00627,0.97893,-0.00381,-0.00146,0.00274,0.18892,0.01764,0.97891,0.1171,-0.08884,-0.00248,0.99997,0.0021,-0.00782,-0.00051,0.99603,0.03459,-0.08045,0.01572,33.12,34.55,0.0647,0.0778
20:09:21.630,1790255361.6302,2593,-8.441,4.362,1.232,1.472,-0.00169,-0.00469,0.99282,-0.00417,-0.00017,0.00159,0.20061,0.01577,0.9631,0.12056,-0.07273,0.00466,0.99998,0.00136,-0.00648,-0.00049,0.99591,0.03498,-0.08182,0.01598,33.12,34.55,0.0746,0.0679
20:09:21.650,1790255361.6508,2594,-8.785,4.359,1.228,1.473,0.00547,0.00621,0.97472,-0.00194,0.00075,0.00091,0.21519,0.03119,0.97855,0.1217,-0.0801,-0.00127,0.99998,0.0019,-0.00535,-0.00048,0.99573,0.03554,-0.08368,0.01619,33.12,34.55,0.0611,0.0782
20:09:21.671,1790255361.671,2595,-8.832,4.479,1.224,1.475,0.02678,-0.01092,0.98067,-0.00126,-0.00072,-0.0002,0.21211,-0.0109,0.97031,0.12149,-0.08327,0.00312,0.99998,0.001,-0.00635,-0.00048,0.9956,0.03568,-0.08505,0.01646,33.12,34.56,0.0658,0.075
20:09:21.691,1790255361.6914,2596,-8.992,4.699,1.22,1.476,0.01411,-0.01224,1.00797,-0.00282,-0.00015,-0.00229,0.2151,0.01557,0.96137,0.11707,-0.07743,-0.00109,0.99998,-0.00053,-0.00649,-0.00049,0.99546,0.03607,-0.08653,0.01667,33.12,34.56,0.0739,0.0689
20:09:21.712,1790255361.712,2597,-9.36,4.852,1.216,1.477,0.00467,-0.00671,0.99077,-0.00079,-0.0009,0.00037,0.23146,0.03667,0.97149,0.10313,-0.07631,-0.00754,0.99999,-0.00138,-0.00525,-0.00048,0.99527,0.03659,-0.08846,0.0168,33.12,34.56,0.0731,0.0795
20:09:21.732,1790255361.7323,2598,-9.428,4.721,1.211,1.479,0.01415,0.0029,1.00275,0.0018,-0.00203,0.00028,0.22274,0.02338,0.98111,0.10924,-0.06747,0.00528,0.99998,-3e-05,-0.00613,-0.00049,0.99512,0.03682,-0.08995,0.01709,33.12,34.56,0.0779,0.0752
20:09:21.752,1790255361.7527,2599,-9.63,4.962,1.207,1.48,0.01213,-0.0041,0.98686,-0.00146,0.00046,0.0014,0.24539,0.03396,0.95627,0.10696,-0.06844,0.00247,0.99998,-0.00147,-0.00614,-0.00047,0.99493,0.03749,-0.09165,0.01732,33.12,34.56,0.0702,0.0709
20:09:21.773,1790255361.7729,2600,-9.605,5.006,1.202,1.481,0.03018,-0.00311,0.99703,0.0038,0.00306,0.00206,0.2506,0.01501,0.98362,0.10485,-0.05318,-0.00412,0.99997,-0.00145,-0.00769,-0.00045,0.9948,0.03786,-0.09297,0.0175,33.12,34.56,0.0781,0.0686
20:09:21.793,1790255361.7934,2601,-9.832,5.179,1.198,1.483,0.01366,-0.00591,0.98736,-0.00295,-0.0027,0.00119,0.22947,0.02596,0.96136,0.09859,-0.05044,0.00253,0.99997,-0.00278,-0.00707,-0.00043,0.99466,0.03807,-0.09427,0.01777,33.12,34.56,0.0706,0.0715
20:09:21.814,1790255361.8137,2602,-9.846,5.074,1.193,1.484,0.02155,0.00027,0.99635,-0.00107,0.00439,0.00279,0.2282,0.02825,0.97431,0.0983,-0.05088,-0.00491,0.99996,-0.00183,-0.00826,-0.00041,0.99453,0.0381,-0.0956,0.01797,33.12,34.56,0.0774,0.0792
20:09:21.834,1790255361.8343,2603,-10.097,4.946,1.189,1.486,0.00201,0.01522,0.99883,-0.00025,0.00197,-0.0008,0.25067,0.00519,0.95032,0.09792,-0.04936,-0.00245,0.99997,-0.00054,-0.00725,-0.00043,0.9944,0.03834,-0.0968,0.01819,33.12,34.56,0.0792,0.0671
20:09:21.854,1790255361.8548,2604,-10.417,5.081,1.184,1.487,0.00898,-0.00514,0.99404,0.00019,-0.00202,-0.00023,0.25942,0.03541,0.97171,0.08015,-0.04621,-0.00016,0.99998,-0.00147,-0.00604,-0.00042,0.99423,0.03864,-0.09833,0.0184,33.12,34.56,0.0756,0.0752
20:09:21.875,1790255361.8754,2605,-10.54,4.976,1.179,1.489,0.01305,0.00467,0.96229,-0.00068,0.00097,0.00216,0.25887,0.01617,0.94929,0.08071,-0.04526,0.00026,0.99998,-0.00043,-0.00623,-0.0004,0.9941,0.0388,-0.09961,0.01862,33.12,34.56,0.0518,0.0681
20:09:21.895,1790255361.8956,2606,-10.865,5.139,1.174,1.49,0.00635,-0.00595,1.00287,-0.00045,0.00135,0.00139,0.26565,0.04068,0.9666,0.09008,-0.04275,8e-05,0.99999,-0.00143,-0.00502,-0.0004,0.99392,0.03926,-0.10117,0.01885,33.12,34.56,0.0778,0.0775
20:09:21.916,1790255361.9159,2607,-10.987,5.314,1.169,1.492,0.01581,-0.02775,0.9985,0.00287,0.00179,0.00201,0.26479,0.01763,0.9614,0.07883,-0.04141,0.00335,0.99998,-0.00297,-0.00536,-0.00037,0.99377,0.03924,-0.10252,0.01912,33.12,34.56,0.0793,0.078
20:09:21.936,1790255361.9362,2608,-11.035,5.116,1.164,1.493,0.01166,-0.00351,0.99431,0.00323,-0.00178,-0.00081,0.25654,0.01215,0.9687,0.07526,-0.02766,0.00588,0.99998,-0.00153,-0.00597,-0.00039,0.99367,0.03901,-0.10357,0.01944,33.12,34.56,0.0758,0.0784
20:09:21.956,1790255361.9563,2609,-11.315,5.051,1.159,1.495,-0.00697,-0.00146,0.99018,0.00098,3e-05,-0.00299,0.24473,0.02456,0.96924,0.06773,-0.02392,-0.00403,0.99999,-0.0014,-0.00451,-0.00042,0.99357,0.03864,-0.10456,0.01966,33.12,34.56,0.0727,0.08
20:09:21.977,1790255361.9768,2610,-11.601,5.149,1.154,1.496,-0.00303,-0.01063,0.98208,0.00569,0.00105,0.00164,0.28065,0.03371,0.97034,0.0667,-0.02809,-0.00092,0.99999,-0.0021,-0.00336,-0.00039,0.99342,0.03885,-0.10586,0.01987,33.12,34.56,0.0666,0.072
20:09:21.997,1790255361.9973,2611,-11.862,5.03,1.149,1.498,-0.00625,0.00661,0.99346,-0.00182,-0.00336,-0.00087,0.26791,0.0321,0.96613,0.06769,-0.01359,-0.00676,1.0,-0.00114,-0.00222,-0.0004,0.9933,0.03885,-0.10702,0.02004,33.12,34.56,0.0751,0.0777
20:09:22.017,1790255362.0178,2612,-11.881,4.908,1.144,1.499,0.01756,0.01036,0.98465,4e-05,0.00064,-0.00156,0.27871,0.02291,0.95853,0.0629,-0.0166,-0.00534,0.99999,-0.00016,-0.00324,-0.00041,0.99317,0.03877,-0.10821,0.02023,33.12,34.56,0.0686,0.0789
20:09:22.038,1790255362.0381,2613,-11.845,4.829,1.138,1.5,0.02979,0.0083,0.97178,0.0014,0.00474,0.00057,0.25994,0.0101,0.95205,0.06495,-0.01444,0.00069,0.99999,0.00026,-0.00432,-0.0004,0.99309,0.03852,-0.10898,0.02049,33.12,34.56,0.0592,0.0702
20:09:22.058,1790255362.0584,2614,-11.858,4.956,1.133,1.502,0.02969,-0.01805,0.99532,-0.00315,-0.00393,-0.00071,0.29214,0.03288,0.95553,0.04852,-0.0105,-0.00155,0.99998,-0.00081,-0.00554,-0.00041,0.99294,0.03852,-0.11026,0.02068,33.12,34.56,0.0769,0.0798
20:09:22.079,1790255362.0788,2615,-11.95,4.757,1.128,1.503,0.01124,0.0047,0.99569,0.00429,-0.00193,0.00534,0.27639,0.02629,0.94827,0.05567,-0.00234,0.00019,0.99998,0.0008,-0.00561,-0.00036,0.99284,0.03845,-0.11118,0.02091,33.12,34.56,0.0768,0.0711
20:09:22.099,1790255362.0991,2616,-12.159,4.857,1.122,1.504,-0.00159,-0.01147,0.99349,0.00198,-0.00272,-0.00133,0.28242,0.01231,0.97639,0.06043,-0.00391,-0.00021,0.99999,-0.00028,-0.00457,-0.00037,0.99275,0.03829,-0.11192,0.02116,33.12,34.56,0.0752,0.0676
20:09:22.120,1790255362.1199,2617,-12.257,4.982,1.117,1.506,0.01147,-0.00703,0.96714,-0.00143,0.00063,-0.0018,0.29568,0.03265,0.95463,0.04912,-0.00323,-0.00044,0.99999,-0.00136,-0.005,-0.00038,0.99261,0.03829,-0.11314,0.02137,33.12,34.56,0.0554,0.0799
20:09:22.140,1790255362.1402,2618,-12.164,4.966,1.112,1.507,0.02083,-0.00305,1.00101,-0.00192,-0.00238,-9e-05,0.29543,0.0117,0.94148,0.04106,0.00637,0.00203,0.99998,-0.00143,-0.00663,-0.00039,0.99252,0.03805,-0.11394,0.02161,33.12,34.56,0.0791,0.0701
20:09:22.160,1790255362.1604,2619,-12.289,4.779,1.106,1.509,0.01027,0.01254,0.98308,0.00242,-0.00325,4e-05,0.31562,0.01764,0.95886,0.03425,0.00788,0.00658,0.99998,-7e-05,-0.00642,-0.00039,0.99242,0.03786,-0.11486,0.02188,33.12,34.56,0.0674,0.0728
20:09:22.181,1790255362.181,2620,-12.418,4.931,1.101,1.51,0.01199,-0.00594,0.98614,-0.00181,-9e-05,-0.00153,0.30299,0.02481,0.96593,0.0395,0.00507,-0.00342,0.99998,-0.00152,-0.00626,-0.0004,0.99231,0.03773,-0.11576,0.02206,33.12,34.56,0.0697,0.0705
20:09:22.201,1790255362.2016,2621,-12.404,5.044,1.095,1.511,0.01515,-0.00656,0.99395,-0.00078,0.00216,0.00049,0.30833,0.01167,0.94173,0.03247,0.02196,-0.00527,0.99997,-0.00277,-0.00718,-0.00039,0.99224,0.03744,-0.11651,0.02223,33.12,34.56,0.0756,0.0732
20:09:22.222,1790255362.2221,2622,-12.66,5.126,1.09,1.513,0.01161,-0.00748,0.99258,0.00236,0.00239,0.00155,0.32007,0.02564,0.95127,0.03183,0.01867,-0.00144,0.99998,-0.00366,-0.00594,-0.00036,0.99212,0.03732,-0.11745,0.02241,33.12,34.56,0.0745,0.077
20:09:22.242,1790255362.2425,2623,-12.808,4.924,1.084,1.514,0.01087,-0.00414,0.98928,0.00277,0.00058,-0.00093,0.33136,0.01645,0.94146,0.02449,0.02268,-0.00171,0.99998,-0.00222,-0.00553,-0.00038,0.99202,0.03708,-0.11838,0.0226,33.12,34.56,0.072,0.0787
20:09:22.263,1790255362.2629,2624,-12.71,4.904,1.079,1.516,0.02312,-0.00679,0.98892,0.00265,-0.00071,0.00102,0.30836,0.00707,0.93954,0.02083,0.03141,-0.00072,0.99997,-0.00248,-0.00698,-0.00037,0.99196,0.03662,-0.11896,0.0228,33.12,34.56,0.0719,0.0717
20:09:22.283,1790255362.2833,2625,-12.823,4.712,1.073,1.517,0.01138,0.00467,0.98258,-0.00034,-0.00511,0.00243,0.32106,0.02262,0.94017,0.01801,0.03446,0.00431,0.99998,-0.00115,-0.00671,-0.00036,0.99188,0.03635,-0.11971,0.02304,33.12,34.56,0.067,0.0753
20:09:22.304,1790255362.3039,2626,-12.945,4.79,1.067,1.518,0.01176,-0.00647,0.97141,-0.00167,2e-05,-0.00264,0.32152,0.01061,0.9427,0.01347,0.03975,-0.00322,0.99998,-0.00233,-0.00636,-0.00037,0.99181,0.03587,-0.12037,0.02322,33.12,34.56,0.0586,0.0771
20:09:22.324,1790255362.3244,2627,-13.013,4.569,1.062,1.519,0.01073,0.01172,0.97847,-0.00324,-0.00221,-0.0023,0.30574,0.01006,0.95916,0.01638,0.03851,-0.00121,0.99998,-0.00107,-0.00625,-0.00041,0.99176,0.03528,-0.1209,0.02342,33.12,34.56,0.0639,0.0749
20:09:22.345,1790255362.3449,2628,-13.238,4.45,1.056,1.521,-0.00324,0.00031,0.98313,0.00204,0.00026,0.00061,0.32571,0.00506,0.94664,-0.00446,0.04776,0.00201,0.99999,-0.00085,-0.00488,-0.00041,0.99171,0.03456,-0.1215,0.02364,33.12,34.56,0.0674,0.0792
20:09:22.365,1790255362.3656,2629,-13.248,4.562,1.05,1.522,0.01319,-0.01294,1.00746,0.00185,0.00296,-0.00172,0.32649,0.011,0.96552,0.00103,0.04235,0.00273,0.99998,-0.00231,-0.00529,-0.00042,0.99167,0.03406,-0.12194,0.02384,33.12,34.56,0.0743,0.0655
20:09:22.386,1790255362.3861,2630,-13.243,4.298,1.044,1.523,0.01619,0.01379,0.9986,0.00084,-0.00016,-0.00407,0.31265,0.01688,0.96063,-0.00818,0.0473,0.00448,0.99998,-0.00075,-0.00577,-0.00047,0.99162,0.03339,-0.12244,0.02406,33.12,34.56,0.0791,0.0722
20:09:22.406,1790255362.4067,2631,-13.367,4.076,1.038,1.524,0.00514,0.00999,0.99623,0.00168,0.00068,-0.00038,0.31434,0.02199,0.93266,-0.00549,0.06178,0.00392,0.99999,0.00064,-0.005,-0.00048,0.99159,0.03294,-0.1228,0.02425,33.12,34.56,0.0772,0.0683
20:09:22.427,1790255362.427,2632,-13.275,3.981,1.033,1.525,0.02572,0.00485,0.98859,0.00131,0.00307,0.00099,0.31992,0.02409,0.94613,-0.00692,0.05916,0.00674,0.99998,0.00097,-0.00639,-0.00047,0.99152,0.03244,-0.12341,0.02448,33.12,34.56,0.0717,0.0793
20:09:22.447,1790255362.4471,2633,-13.47,4.055,1.027,1.526,0.00981,-0.00052,0.98982,-0.00252,-0.0003,0.00238,0.33041,0.03112,0.93769,-0.00647,0.06266,0.0067,0.99999,-1e-05,-0.00529,-0.00044,0.99146,0.03216,-0.12396,0.02469,33.12,34.56,0.0724,0.076
20:09:22.467,1790255362.4675,2634,-13.377,4.032,1.021,1.527,0.02874,-0.00626,0.98906,-0.003,0.00058,-0.00011,0.3264,0.01079,0.9462,-0.01837,0.05757,-0.00345,0.99998,-0.00052,-0.00668,-0.00044,0.99141,0.03141,-0.12452,0.02481,33.12,34.56,0.0721,0.0793
20:09:22.487,1790255362.4877,2635,-13.586,3.902,1.015,1.528,0.00089,0.00476,0.98609,-0.0014,-0.00162,-4e-05,0.33748,0.01817,0.94547,-0.00917,0.05627,-0.00282,0.99999,7e-05,-0.00542,-0.00044,0.99135,0.03096,-0.12512,0.02493,33.12,34.56,0.0696,0.077
20:09:22.508,1790255362.5082,2636,-13.481,3.886,1.009,1.529,0.02235,-0.00488,0.98931,-0.00133,0.00192,-0.00125,0.33709,0.00409,0.94934,-0.02379,0.06543,0.00167,0.99998,-0.00054,-0.00676,-0.00045,0.99131,0.03019,-0.12551,0.0251,33.12,34.56,0.0722,0.0744
20:09:22.528,1790255362.5285,2637,-13.374,3.891,1.004,1.53,0.02785,-0.00639,1.00104,0.00167,0.00355,-0.00088,0.33341,0.01351,0.93048,-0.02065,0.05366,-0.00269,0.99997,-0.00108,-0.00823,-0.00046,0.99126,0.02964,-0.12603,0.02519,33.12,34.56,0.0789,0.0714
20:09:22.548,1790255362.5487,2638,-13.305,3.626,0.998,1.531,0.02251,0.00646,0.99458,0.00298,-0.0006,-0.00067,0.33719,-0.01033,0.94442,-0.03122,0.06721,0.00073,0.99996,0.0002,-0.00913,-0.00047,0.99124,0.02864,-0.12639,0.02536,33.12,34.56,0.0761,0.0779
20:09:22.569,1790255362.5691,2639,-13.48,3.657,0.992,1.532,0.00659,-0.00998,0.9873,-0.00159,0.00026,-0.00115,0.35387,0.01154,0.93266,-0.0336,0.07852,0.00183,0.99997,-0.00078,-0.00807,-0.00048,0.9912,0.028,-0.12682,0.02549,33.12,34.56,0.0705,0.0782
20:09:22.589,1790255362.5895,2640,-13.381,3.535,0.986,1.532,0.02487,0.00111,0.97113,-0.00073,-5e-05,-0.00387,0.34362,0.00966,0.92934,-0.04345,0.07906,-0.0017,0.99996,-0.00046,-0.00922,-0.00052,0.99118,0.02723,-0.12713,0.02557,33.12,34.56,0.0586,0.0732
20:09:22.609,1790255362.6097,2641,-13.584,3.531,0.98,1.533,0.0109,-0.00521,1.00289,-0.00062,-0.00371,-0.0011,0.34837,0.01397,0.9358,-0.0476,0.08242,-0.00091,0.99997,-0.00125,-0.00789,-0.00052,0.99115,0.02648,-0.12755,0.02564,33.12,34.56,0.0778,0.079
20:09:22.630,1790255362.6301,2642,-13.751,3.501,0.974,1.534,0.01158,-0.00429,0.9841,0.00159,0.00188,-0.00506,0.35444,0.00847,0.95853,-0.05022,0.07641,0.00192,0.99998,-0.00182,-0.00661,-0.00057,0.99114,0.02572,-0.12771,0.02573,33.12,34.56,0.0681,0.0635
20:09:22.650,1790255362.6507,2643,-13.634,3.329,0.969,1.535,0.02966,0.00534,0.98482,0.00078,-0.00097,-0.00135,0.35282,0.0081,0.92878,-0.05541,0.08926,0.00134,0.99997,-0.00115,-0.00786,-0.00058,0.99113,0.02488,-0.12799,0.02582,33.12,34.56,0.069,0.0752
20:09:22.671,1790255362.6713,2644,-13.554,3.363,0.963,1.535,0.01826,-0.00486,0.98334,0.00251,0.00401,0.0025,0.3608,0.02113,0.9433,-0.05839,0.0906,0.00361,0.99996,-0.00208,-0.00884,-0.00054,0.99111,0.02421,-0.12824,0.02589,33.12,34.56,0.0676,0.0724
20:09:22.691,1790255362.6916,2645,-13.691,3.116,0.957,1.536,0.00825,0.01101,1.00079,-0.00149,-0.00071,-5e-05,0.34857,0.01247,0.93761,-0.04434,0.08542,0.00069,0.99997,-0.00071,-0.00799,-0.00055,0.99107,0.02353,-0.12865,0.02598,33.12,34.56,0.0793,0.0797
20:09:22.712,1790255362.7121,2646,-13.575,2.969,0.951,1.537,0.02431,0.00315,0.98973,-0.00219,-0.00075,-0.0012,0.33224,0.02638,0.9396,-0.05866,0.09155,-0.00055,0.99996,-4e-05,-0.00931,-0.00057,0.99104,0.02289,-0.12899,0.02601,33.12,34.56,0.0725,0.0777
20:09:22.732,1790255362.7325,2647,-13.506,2.726,0.945,1.537,0.02677,0.01531,0.99312,0.00037,0.00244,0.00301,0.37637,0.01232,0.91524,-0.06487,0.09669,0.00107,0.99995,0.00132,-0.01001,-0.00056,0.99103,0.02216,-0.12918,0.02604,33.12,34.56,0.0752,0.0723
20:09:22.753,1790255362.7529,2648,-13.666,2.696,0.939,1.538,0.0109,-0.00209,0.98276,-0.00231,-0.00029,0.00135,0.35442,0.00972,0.92495,-0.06994,0.09693,0.00318,0.99996,0.00065,-0.00881,-0.00054,0.99103,0.0213,-0.12936,0.0261,33.12,34.56,0.0671,0.0729
20:09:22.773,1790255362.7731,2649,-13.662,2.784,0.934,1.538,0.01892,-0.00452,0.99207,-0.00295,-0.00263,0.00062,0.35998,0.01624,0.93331,-0.07084,0.1002,-0.00705,0.99996,-0.00084,-0.0092,-0.00052,0.991,0.02053,-0.12965,0.02605,33.12,34.56,0.0742,0.0797
20:09:22.793,1790255362.7936,2650,-13.656,2.883,0.928,1.539,0.01844,-0.02724,0.99674,-0.00196,0.00041,0.00085,0.34658,0.00403,0.90811,-0.0648,0.09817,-0.00148,0.99995,-0.00246,-0.0092,-0.00049,0.99103,0.01975,-0.12955,0.02606,33.12,34.56,0.078,0.059
20:09:22.814,1790255362.8139,2651,-13.664,2.969,0.922,1.539,0.01849,-0.01163,0.99274,-0.00117,-0.00012,0.00048,0.34777,0.01443,0.92244,-0.07517,0.10315,0.00044,0.99995,-0.00398,-0.00925,-0.00048,0.99104,0.01896,-0.12962,0.02606,33.12,34.56,0.0747,0.0694
20:09:22.834,1790255362.8341,2652,-13.855,2.883,0.916,1.54,0.01162,-0.00859,0.9911,0.00031,0.00133,-0.00134,0.36498,0.0134,0.93512,-0.07973,0.10469,-0.00088,0.99996,-0.00414,-0.00777,-0.00047,0.99103,0.01814,-0.12982,0.02605,33.12,34.56,0.0734,0.0771
20:09:22.854,1790255362.8547,2653,-13.747,2.646,0.91,1.54,0.03617,0.01269,0.98805,0.00011,0.00069,-0.00174,0.38022,-0.00776,0.92922,-0.07759,0.10558,0.00164,0.99996,-0.00309,-0.00881,-0.00049,0.99102,0.01712,-0.12998,0.02608,33.12,34.56,0.0716,0.077
20:09:22.876,1790255362.8763,2654,-13.743,2.698,0.904,1.541,0.01816,-0.01863,0.97901,-0.00128,-0.00144,0.00388,0.35443,0.00909,0.94577,-0.08571,0.1126,-0.00061,0.99995,-0.0045,-0.00893,-0.00043,0.99104,0.01614,-0.13002,0.02606,33.12,34.56,0.0645,0.0725
20:09:22.896,1790255362.8966,2655,-13.906,2.641,0.898,1.541,0.01327,-0.0114,0.98985,-0.00024,0.00289,0.00055,0.35969,-0.00802,0.92915,-0.08856,0.11172,0.00634,0.99996,-0.00523,-0.00762,-0.00042,0.99104,0.015,-0.13012,0.02612,33.12,34.56,0.0725,0.0773
20:09:22.917,1790255362.917,2656,-14.016,2.409,0.893,1.541,0.0107,-0.00583,0.97901,-0.0023,-0.00318,-0.00023,0.36494,-0.00204,0.93059,-0.0867,0.11363,-0.00189,0.99997,-0.00431,-0.00675,-0.00042,0.99104,0.01399,-0.13028,0.02609,33.12,34.57,0.0643,0.0797
20:09:22.937,1790255362.9376,2657,-13.932,2.182,0.887,1.542,0.01664,-0.00356,1.01797,-0.00502,0.00427,-0.00384,0.36432,0.00616,0.94688,-0.082,0.11351,-0.00052,0.99997,-0.00317,-0.00737,-0.00047,0.99105,0.01316,-0.13024,0.02606,33.12,34.57,0.0664,0.0691
20:09:22.957,1790255362.9577,2658,-13.784,2.03,0.881,1.542,0.02714,-0.00199,0.98753,-0.00309,-0.0013,-0.00035,0.37595,0.00383,0.93152,-0.09348,0.11322,0.00486,0.99996,-0.00274,-0.00874,-0.00048,0.99105,0.01223,-0.13036,0.02606,33.12,34.57,0.0709,0.0766
20:09:22.978,1790255362.9782,2659,-13.92,1.832,0.875,1.542,0.00322,0.00485,0.99218,-0.00117,-0.00249,-0.00536,0.36981,0.02259,0.93829,-0.10158,0.11395,-0.00242,0.99997,-0.00186,-0.00754,-0.00054,0.99105,0.01147,-0.13041,0.02594,33.12,34.57,0.0741,0.0734
20:09:22.998,1790255362.9985,2660,-13.97,1.58,0.869,1.542,0.01173,0.00504,0.99036,-0.00217,-0.00124,-0.00181,0.38202,0.01875,0.94438,-0.09671,0.10227,0.00095,0.99997,-0.0005,-0.00704,-0.00057,0.99106,0.01071,-0.13043,0.02587,33.12,34.57,0.0728,0.0658
20:09:23.019,1790255363.0188,2661,-13.901,1.307,0.863,1.542,0.01903,0.01278,0.9952,0.00248,0.00068,-0.00593,0.35357,0.01468,0.92717,-0.10749,0.11929,-0.00021,0.99997,0.00098,-0.00757,-0.00064,0.99107,0.00984,-0.13045,0.02577,33.12,34.57,0.0766,0.0743
20:09:23.039,1790255363.0391,2662,-13.738,1.166,0.857,1.542,0.03422,0.00437,0.99191,0.00112,0.00114,-0.0002,0.36922,-0.00401,0.93177,-0.10734,0.11717,-0.00266,0.99996,0.00117,-0.00907,-0.00064,0.99107,0.00874,-0.13056,0.02567,33.12,34.57,0.0744,0.0783
20:09:23.059,1790255363.0595,2663,-13.916,1.118,0.851,1.542,0.00069,-0.00534,0.99937,0.00051,-5e-05,-0.00129,0.37618,0.00142,0.921,-0.10834,0.11844,-0.00105,0.99997,0.00051,-0.00758,-0.00064,0.99107,0.00773,-0.13063,0.02557,33.12,34.57,0.0795,0.0761
20:09:23.079,1790255363.0797,2664,-13.799,0.975,0.846,1.541,0.03122,0.01135,0.98401,-0.0025,0.00069,0.00273,0.37621,0.03485,0.92605,-0.11019,0.10928,-0.00201,0.99996,0.00123,-0.00874,-0.00061,0.99106,0.00715,-0.13081,0.0254,33.13,34.57,0.0684,0.0799
20:09:23.100,1790255363.1002,2665,-13.745,1.084,0.84,1.541,0.01914,-0.00384,1.00055,-0.00061,-0.00163,-0.00054,0.36564,0.02084,0.9398,-0.10521,0.12836,-0.00296,0.99996,-0.00036,-0.00917,-0.00061,0.99108,0.00646,-0.13071,0.02525,33.13,34.57,0.0794,0.0735
20:09:23.121,1790255363.1209,2666,-13.919,0.911,0.834,1.541,0.01145,0.00172,0.99277,-0.00031,0.00102,0.00154,0.3579,0.01112,0.93025,-0.11457,0.11549,-0.00071,0.99997,0.00016,-0.00772,-0.00061,0.99107,0.00556,-0.13083,0.02511,33.13,34.57,0.0746,0.0776
20:09:23.141,1790255363.1411,2667,-13.763,0.778,0.828,1.541,0.02557,0.00062,0.98133,-0.001,-0.00116,-0.00303,0.36815,-0.00361,0.94024,-0.12675,0.11672,0.00233,0.99996,0.00019,-0.00908,-0.00064,0.99108,0.00437,-0.13085,0.02501,33.13,34.57,0.0662,0.0727
20:09:23.161,1790255363.1616,2668,-13.693,0.791,0.822,1.54,0.02241,-0.00799,0.97799,-0.00088,-0.00048,0.00222,0.37724,-0.00302,0.91567,-0.12104,0.11807,0.00091,0.99995,-0.00097,-0.00972,-0.00061,0.99108,0.00328,-0.13086,0.02489,33.13,34.57,0.0637,0.0728
20:09:23.182,1790255363.1822,2669,-13.799,0.767,0.817,1.54,0.00443,-0.01612,0.9864,0.00172,-0.00506,0.00149,0.36949,-0.01018,0.94483,-0.11958,0.11877,0.00353,0.99996,-0.00195,-0.00873,-0.00058,0.9911,0.00212,-0.13078,0.02481,33.13,34.57,0.0699,0.0691
20:09:23.202,1790255363.2026,2670,-13.653,0.751,0.811,1.54,0.0297,-0.01317,0.99388,0.00065,-0.00078,0.00265,0.38261,-0.00954,0.91132,-0.12315,0.12106,0.00462,0.99995,-0.00288,-0.00998,-0.00055,0.99111,0.00099,-0.13072,0.02472,33.13,34.57,0.0758,0.0713
20:09:23.223,1790255363.223,2671,-13.699,0.414,0.805,1.539,0.01497,0.01263,0.99131,0.00215,0.00221,0.00357,0.37252,-0.02204,0.92693,-0.13386,0.12023,0.00237,0.99995,-0.00141,-0.00958,-0.00053,0.9911,-0.0004,-0.13083,0.02462,33.13,34.57,0.0736,0.0794
20:09:23.243,1790255363.2435,2672,-13.666,0.121,0.799,1.539,0.0203,0.01158,0.981,-0.0015,-0.00269,-0.00294,0.36626,-0.01453,0.93924,-0.12537,0.12238,0.00387,0.99995,-8e-05,-0.00975,-0.00057,0.9911,-0.00158,-0.13081,0.02451,33.13,34.57,0.066,0.0738
20:09:23.263,1790255363.2637,2673,-13.634,0.177,0.794,1.538,0.0205,-0.00451,0.98713,-0.00412,0.00029,-0.00143,0.38765,0.00683,0.93193,-0.13445,0.11172,0.00081,0.99995,-0.00149,-0.01014,-0.00057,0.9911,-0.00257,-0.13087,0.02433,33.13,34.57,0.0705,0.073
20:09:23.284,1790255363.2843,2674,-13.521,-0.068,0.788,1.537,0.02405,0.00292,0.98103,0.00061,-0.00066,-0.00284,0.37826,-0.00161,0.94645,-0.13158,0.11488,-0.00059,0.99994,-0.00038,-0.01093,-0.00061,0.99111,-0.00361,-0.13077,0.02415,33.13,34.57,0.066,0.0656
20:09:23.304,1790255363.3046,2675,-13.509,0.017,0.782,1.537,0.02372,-0.01304,0.99819,-0.00378,-0.00097,0.00213,0.37999,0.00538,0.92623,-0.13508,0.12043,-0.00058,0.99994,-0.00201,-0.01119,-0.00057,0.9911,-0.00455,-0.13085,0.02394,33.13,34.57,0.0789,0.0791
20:09:23.325,1790255363.3251,2676,-13.631,-0.18,0.777,1.536,-2e-05,0.00884,0.98099,-0.0039,-0.0018,-0.00153,0.38364,0.00044,0.93384,-0.13496,0.11935,-0.00037,0.99995,-0.00138,-0.01005,-0.0006,0.9911,-0.00555,-0.13084,0.02373,33.13,34.57,0.0658,0.0728
20:09:23.345,1790255363.3454,2677,-13.644,-0.159,0.771,1.535,0.01957,-0.00654,0.96966,0.00122,0.0012,-0.00153,0.38402,-0.00488,0.932,-0.13198,0.11106,0.00267,0.99995,-0.00253,-0.01006,-0.0006,0.99109,-0.00656,-0.13093,0.02357,33.13,34.57,0.0574,0.074
20:09:23.365,1790255363.3656,2678,-13.803,-0.162,0.765,1.535,0.01766,-0.0068,0.99815,-0.00083,0.00168,0.00267,0.37554,0.0056,0.92436,-0.14177,0.11985,0.001,0.99996,-0.00347,-0.00876,-0.00056,0.99108,-0.00749,-0.13099,0.02335,33.13,34.57,0.0787,0.0783
20:09:23.386,1790255363.3862,2679,-13.86,-0.415,0.759,1.534,0.0129,0.00681,0.9793,-0.00141,-0.00042,0.00278,0.37639,0.0025,0.9286,-0.13533,0.10845,0.00074,0.99996,-0.00222,-0.00837,-0.00054,0.99105,-0.00839,-0.13118,0.02313,33.13,34.57,0.0646,0.0785
20:09:23.406,1790255363.4065,2680,-13.754,-0.373,0.754,1.533,0.02099,-0.00968,0.99863,-0.00124,-0.00207,0.00456,0.35925,-0.00274,0.94222,-0.14358,0.11054,0.00142,0.99995,-0.00349,-0.00941,-0.00049,0.99104,-0.00937,-0.13126,0.02291,33.13,34.57,0.0792,0.0737
20:09:23.426,1790255363.4268,2681,-13.938,-0.497,0.748,1.532,0.00567,-0.0073,0.99324,0.00026,-0.00161,0.00115,0.36258,-0.01169,0.93134,-0.14196,0.11773,0.00109,0.99996,-0.00353,-0.00791,-0.00047,0.99102,-0.01042,-0.13139,0.0227,33.13,34.57,0.075,0.0796
20:09:23.447,1790255363.4474,2682,-13.781,-0.533,0.742,1.532,0.02652,-0.01076,0.98961,0.00424,0.00135,-0.00237,0.35181,0.00566,0.92196,-0.14332,0.10484,0.00139,0.99995,-0.00398,-0.0093,-0.00049,0.99101,-0.01127,-0.13141,0.02245,33.13,34.57,0.0725,0.0701
20:09:23.467,1790255363.4675,2683,-13.757,-0.777,0.736,1.531,0.02161,0.00927,0.99181,-0.00021,0.0021,-0.0029,0.37917,0.02069,0.92539,-0.13932,0.10912,0.00047,0.99995,-0.00251,-0.00955,-0.00054,0.99099,-0.01192,-0.13154,0.02219,33.13,34.57,0.0741,0.0798
20:09:23.488,1790255363.4881,2684,-13.749,-0.688,0.731,1.53,0.0197,-0.01128,0.99412,0.00166,-0.00019,-0.00012,0.37495,0.01283,0.91848,-0.14625,0.10852,0.00361,0.99994,-0.00407,-0.00973,-0.00052,0.99098,-0.01275,-0.13159,0.02195,33.13,34.57,0.0758,0.0741
20:09:23.508,1790255363.5087,2685,-13.737,-0.944,0.725,1.529,0.02451,0.01212,0.97408,0.0033,0.00426,0.00179,0.35487,-0.00739,0.9344,-0.15057,0.10235,-0.00077,0.99995,-0.00283,-0.01002,-0.00052,0.99094,-0.01373,-0.13185,0.02167,33.13,34.57,0.0609,0.0797
20:09:23.529,1790255363.5292,2686,-13.748,-1.248,0.719,1.528,0.02005,0.00713,0.99975,-0.00183,-0.00039,-0.00112,0.3678,-0.0065,0.93198,-0.15103,0.10591,0.00024,0.99995,-0.00121,-0.01003,-0.00055,0.9909,-0.01472,-0.13205,0.0214,33.13,34.57,0.08,0.0785
20:09:23.549,1790255363.5495,2687,-13.645,-1.259,0.714,1.527,0.02333,-0.005,0.99005,-0.00177,-0.00131,-0.00161,0.38295,-0.01103,0.92044,-0.15343,0.09916,0.00156,0.99993,-0.00212,-0.01122,-0.00056,0.99086,-0.0158,-0.13232,0.02115,33.13,34.57,0.0728,0.0777
20:09:23.570,1790255363.5701,2688,-13.845,-1.411,0.708,1.526,-0.00348,0.00182,1.00135,0.00139,0.00202,-0.00038,0.36512,0.00171,0.91708,-0.1471,0.08921,0.00279,0.99995,-0.00173,-0.00962,-0.00056,0.99082,-0.01666,-0.1325,0.0209,33.13,34.57,0.079,0.0703
20:09:23.590,1790255363.5902,2689,-14.019,-1.51,0.702,1.524,0.01258,-0.00385,0.98311,-0.00546,-0.00021,-0.00084,0.35564,-0.01203,0.92648,-0.14964,0.09904,0.00537,0.99996,-0.00189,-0.00827,-0.00057,0.99079,-0.01761,-0.13268,0.02068,33.13,34.57,0.0674,0.0743
20:09:23.610,1790255363.6107,2690,-13.863,-1.639,0.696,1.523,0.03532,0.0019,0.99701,0.00335,0.00256,-0.00038,0.34973,0.00139,0.92861,-0.14599,0.09172,0.00352,0.99995,-0.0014,-0.00977,-0.00058,0.99076,-0.01831,-0.13286,0.02041,33.13,34.57,0.0782,0.0742
20:09:23.631,1790255363.631,2691,-14.05,-1.636,0.69,1.522,-0.00462,-0.01414,1.003,-0.00248,0.00082,0.00067,0.38696,0.01261,0.91305,-0.13631,0.09271,-0.00321,0.99996,-0.00209,-0.00834,-0.00056,0.99073,-0.01895,-0.13304,0.0201,33.13,34.57,0.0777,0.0738
20:09:23.651,1790255363.6515,2692,-14.227,-1.696,0.685,1.521,0.00028,-0.00771,0.98198,0.00195,0.00144,-0.00232,0.34105,-0.01363,0.93452,-0.1423,0.09775,-0.00158,0.99997,-0.00237,-0.00699,-0.00058,0.99069,-0.01971,-0.13323,0.01979,33.13,34.57,0.0665,0.0762
20:09:23.672,1790255363.6718,2693,-14.419,-1.888,0.679,1.519,-0.00336,0.00432,1.00327,-0.00205,0.00061,-0.00085,0.36674,-0.00911,0.93877,-0.15334,0.08197,-0.00105,0.99998,-0.00167,-0.00559,-0.00059,0.99064,-0.02061,-0.13356,0.01948,33.13,34.57,0.0775,0.0741
20:09:23.692,1790255363.6924,2694,-14.404,-2.112,0.673,1.518,0.01382,0.00681,0.98741,-0.00254,0.0035,-0.00349,0.34839,0.00384,0.9357,-0.15061,0.0834,-0.00033,0.99998,-0.00029,-0.00595,-0.00064,0.99059,-0.02118,-0.13384,0.01914,33.13,34.57,0.0706,0.0788
20:09:23.712,1790255363.7127,2695,-14.34,-2.122,0.667,1.516,0.02044,-0.00768,0.98304,-0.00064,0.00102,-0.00251,0.35119,-0.02299,0.93289,-0.1581,0.07691,0.00481,0.99997,-0.00117,-0.007,-0.00066,0.99051,-0.0222,-0.13431,0.01888,33.13,34.57,0.0675,0.0778
20:09:23.732,1790255363.7328,2696,-14.244,-2.175,0.661,1.515,0.03356,-0.00649,0.97821,-5e-05,0.00304,-0.00137,0.35676,-0.01598,0.94013,-0.14739,0.07635,0.00484,0.99996,-0.00144,-0.00823,-0.00067,0.99044,-0.023,-0.13471,0.01863,33.13,34.57,0.0641,0.0757
20:09:23.753,1790255363.7533,2697,-14.368,-2.109,0.655,1.514,0.00855,-0.01452,0.9774,-0.00103,-0.00013,0.00192,0.33288,-0.00919,0.93807,-0.14836,0.07318,-0.00135,0.99997,-0.00254,-0.00754,-0.00064,0.99039,-0.02355,-0.13505,0.01828,33.13,34.57,0.0632,0.0766
20:09:23.773,1790255363.7737,2698,-14.345,-2.363,0.649,1.512,0.02188,0.01078,0.98801,0.00252,-0.00037,-0.00028,0.35711,-0.01267,0.92798,-0.15932,0.06878,-0.00139,0.99997,-0.00119,-0.00813,-0.00066,0.99031,-0.02441,-0.13551,0.01794,33.13,34.57,0.0712,0.0758
20:09:23.794,1790255363.7942,2699,-14.238,-2.488,0.643,1.51,0.03431,0.00738,0.97001,0.00264,0.00208,0.00115,0.3404,0.00716,0.91674,-0.14595,0.06522,0.00031,0.99996,-0.00061,-0.00917,-0.00065,0.99029,-0.02497,-0.13564,0.01761,33.13,34.57,0.058,0.0634
20:09:23.814,1790255363.8145,2700,-14.129,-2.616,0.638,1.509,0.03748,0.00293,0.98025,0.00103,-0.00094,-0.00202,0.35122,-0.02688,0.92107,-0.14545,0.0685,-0.00275,0.99994,-0.00033,-0.01048,-0.00067,0.99022,-0.02586,-0.13602,0.0173,33.13,34.57,0.0657,0.0696
20:09:23.834,1790255363.8347,2701,-14.253,-2.549,0.632,1.507,0.01135,-0.0106,0.97683,0.00173,-0.0004,-0.00201,0.33407,0.00742,0.93798,-0.15485,0.0695,0.00282,0.99995,-0.00125,-0.00963,-0.00068,0.99019,-0.02621,-0.13621,0.01694,33.13,34.57,0.0627,0.0768
20:09:23.855,1790255363.8551,2702,-14.365,-2.793,0.626,1.506,0.01305,0.01432,0.98277,0.00258,0.00046,0.00075,0.3679,-0.01893,0.92865,-0.14577,0.06446,-0.00214,0.99996,7e-05,-0.00917,-0.00069,0.99009,-0.02696,-0.1368,0.01661,33.13,34.57,0.0672,0.0793
20:09:23.875,1790255363.8754,2703,-14.333,-3.052,0.62,1.504,0.02477,0.01588,0.99714,0.00233,0.00237,0.0017,0.34193,-0.00873,0.91657,-0.15926,0.04834,-0.00387,0.99995,0.00156,-0.00976,-0.00068,0.99003,-0.02773,-0.13716,0.01623,33.13,34.57,0.0782,0.0637
20:09:23.895,1790255363.8958,2704,-14.432,-2.932,0.614,1.502,0.01326,-0.02318,1.0054,0.00317,0.00034,0.00102,0.34776,-0.00906,0.9471,-0.14401,0.05417,0.00312,0.99996,8e-05,-0.00939,-0.00066,0.98996,-0.02821,-0.1376,0.01592,33.13,34.57,0.0757,0.0733
20:09:23.916,1790255363.916,2705,-14.598,-2.874,0.608,1.5,0.01158,-0.00709,0.98315,-0.00043,0.0009,0.00114,0.3411,-0.01187,0.94981,-0.1486,0.04653,0.00421,0.99996,-0.00091,-0.00845,-0.00065,0.98988,-0.02869,-0.13807,0.01561,33.13,34.57,0.0674,0.073
20:09:23.936,1790255363.9364,2706,-14.753,-3.09,0.602,1.499,0.0052,0.01278,0.98926,0.00036,-0.00242,0.00173,0.34632,-0.01526,0.92533,-0.1533,0.04743,0.00127,0.99997,0.00025,-0.00757,-0.00064,0.9898,-0.02936,-0.13859,0.01528,33.13,34.57,0.072,0.0711
20:09:23.956,1790255363.9568,2707,-14.668,-3.168,0.596,1.497,0.02206,0.00207,0.98528,-0.00252,-0.00116,0.00441,0.33423,-0.02246,0.94651,-0.14604,0.03831,0.0028,0.99996,0.00052,-0.00896,-0.0006,0.9897,-0.02982,-0.13924,0.01495,33.13,34.57,0.0691,0.077
20:09:23.977,1790255363.9774,2708,-14.889,-3.307,0.59,1.495,0.01045,0.0049,1.00453,0.00181,0.00142,0.00032,0.33295,-0.01643,0.92743,-0.13832,0.03584,-0.00011,0.99997,0.00125,-0.00754,-0.0006,0.98961,-0.03024,-0.13977,0.01461,33.13,34.57,0.0766,0.0691
20:09:23.997,1790255363.9976,2709,-14.766,-3.385,0.584,1.493,0.01694,0.00307,1.00051,0.00347,-0.00262,-0.00272,0.32997,-0.01823,0.93693,-0.13558,0.04272,-0.00179,0.99996,0.00174,-0.00911,-0.00063,0.98954,-0.0305,-0.14027,0.01424,33.13,34.57,0.0795,0.0751
20:09:24.018,1790255364.0181,2710,-14.849,-3.253,0.578,1.491,0.01875,-0.01481,1.00384,-0.00057,-0.00272,0.00253,0.33864,-0.02869,0.93421,-0.13674,0.03446,0.00327,0.99996,0.00016,-0.00918,-0.00059,0.98942,-0.03099,-0.14101,0.01395,33.13,34.57,0.0769,0.0756
20:09:24.038,1790255364.0383,2711,-14.861,-3.426,0.572,1.489,0.01871,0.00486,0.98374,-0.00318,0.00094,0.00091,0.31682,-0.01335,0.92597,-0.1305,0.02927,-0.0035,0.99995,0.00148,-0.00937,-0.00059,0.98938,-0.03117,-0.14134,0.01357,33.13,34.57,0.0679,0.0641
20:09:24.058,1790255364.0588,2712,-14.777,-3.493,0.566,1.487,0.02591,0.00568,0.98451,0.00019,-0.00109,-0.00096,0.31937,-0.02391,0.94055,-0.13623,0.02541,0.00202,0.99994,0.00197,-0.01069,-0.0006,0.98929,-0.03133,-0.14193,0.01323,33.13,34.57,0.0687,0.0752
20:09:24.079,1790255364.0794,2713,-14.95,-3.35,0.56,1.485,0.01564,-0.00086,0.98904,-0.00175,0.00018,-0.00397,0.31188,-0.00716,0.94583,-0.12853,0.01988,0.00149,0.99995,0.00098,-0.00957,-0.00063,0.98926,-0.0311,-0.14227,0.01285,33.13,34.57,0.0719,0.077
20:09:24.099,1790255364.0998,2714,-15.158,-3.234,0.554,1.483,0.00387,-0.00793,1.00066,0.00047,0.00042,0.00037,0.31753,-0.00708,0.95694,-0.13332,0.0114,0.00142,0.99997,0.0001,-0.00821,-0.00062,0.9892,-0.03099,-0.14268,0.01248,33.13,34.57,0.0795,0.0738
20:09:24.120,1790255364.12,2715,-15.314,-3.297,0.548,1.482,0.01079,0.0038,0.98363,-0.00276,-0.00172,-0.00029,0.31515,0.00446,0.95519,-0.13462,0.01542,0.00212,0.99997,0.00083,-0.00709,-0.00063,0.98918,-0.03078,-0.14294,0.0121,33.13,34.57,0.0678,0.0756
20:09:24.140,1790255364.1406,2716,-15.277,-3.164,0.542,1.48,0.02354,-0.00941,0.98899,0.00121,0.00126,-7e-05,0.30772,-0.02808,0.93501,-0.12709,0.00751,0.00453,0.99997,-0.00029,-0.00806,-0.00062,0.9891,-0.03085,-0.14353,0.0118,33.13,34.57,0.072,0.0686
20:09:24.161,1790255364.1608,2717,-15.246,-2.988,0.535,1.478,0.02552,-0.01873,0.98242,0.00029,0.00074,-0.0052,0.31484,-0.00318,0.96294,-0.12368,0.00356,-0.00027,0.99996,-0.00149,-0.00869,-0.00067,0.98906,-0.03062,-0.14384,0.01144,33.13,34.57,0.0672,0.0702
20:09:24.181,1790255364.1811,2718,-15.328,-3.122,0.529,1.476,0.01538,0.01006,0.98293,-0.00074,-0.00289,0.00233,0.31037,-0.02175,0.94939,-0.13309,0.0035,-0.00355,0.99996,-0.00015,-0.00854,-0.00065,0.98899,-0.03044,-0.14443,0.01101,33.13,34.57,0.0673,0.0793
20:09:24.201,1790255364.2015,2719,-15.275,-3.215,0.523,1.474,0.02132,0.00722,1.02556,-0.00029,-0.00416,0.0004,0.29787,-0.0175,0.94511,-0.13239,0.00764,-0.00012,0.99996,0.00095,-0.00915,-0.00066,0.98897,-0.03018,-0.14459,0.01061,33.13,34.57,0.0606,0.0733
20:09:24.221,1790255364.2217,2720,-15.34,-3.034,0.517,1.473,0.01864,-0.0191,0.98405,-0.00034,0.00115,-0.00026,0.32195,-0.00609,0.96371,-0.125,-0.01199,0.00089,0.99996,-0.00043,-0.00919,-0.00065,0.9889,-0.03007,-0.14514,0.01027,33.13,34.57,0.0683,0.0679
20:09:24.242,1790255364.2419,2721,-15.271,-3.09,0.511,1.471,0.02462,0.00378,0.9844,0.0021,-0.00244,0.0022,0.30837,-0.02737,0.96205,-0.11747,-0.0123,0.00083,0.99995,0.00039,-0.01035,-0.00063,0.98883,-0.02979,-0.14571,0.00992,33.13,34.57,0.0685,0.072
20:09:24.262,1790255364.2621,2722,-15.464,-2.962,0.505,1.469,0.00965,-0.0083,0.98011,0.00024,0.00176,-7e-05,0.32119,-0.01022,0.95526,-0.12114,-0.01083,0.00092,0.99996,-0.00046,-0.00935,-0.00062,0.98874,-0.02956,-0.14635,0.00957,33.13,34.57,0.0651,0.0741
20:09:24.282,1790255364.2823,2723,-15.541,-2.732,0.498,1.468,0.014,-0.00866,1.00656,-0.00164,-0.00289,-0.00249,0.28487,-0.01884,0.95185,-0.11077,-0.01861,-0.00544,0.99996,-0.00177,-0.00857,-0.00064,0.98879,-0.02897,-0.1462,0.00916,33.13,34.57,0.075,0.0753
20:09:24.303,1790255364.3029,2724,-15.749,-2.726,0.492,1.466,-0.01022,0.00448,0.98856,0.00125,0.00035,-0.0013,0.30052,-0.03471,0.9624,-0.1108,-0.01406,0.00066,0.99997,-0.00136,-0.00717,-0.00064,0.98874,-0.0285,-0.14661,0.00881,33.13,34.57,0.0715,0.0734
20:09:24.323,1790255364.3232,2725,-15.593,-2.756,0.486,1.464,0.02134,0.00105,0.98583,-0.00064,0.00077,0.00073,0.29593,-0.01719,0.98009,-0.10983,-0.01704,0.00187,0.99996,-0.00071,-0.00843,-0.00064,0.98877,-0.02817,-0.14651,0.00851,33.13,34.58,0.0695,0.062
20:09:24.343,1790255364.3437,2726,-15.659,-2.834,0.48,1.463,0.01082,0.00811,0.99124,-0.00085,0.00241,-0.00103,0.2809,-0.01683,0.95286,-0.10738,-0.0288,0.00251,0.99997,0.00056,-0.00761,-0.00067,0.98882,-0.02758,-0.14629,0.00819,33.13,34.58,0.0735,0.0752
20:09:24.364,1790255364.3641,2727,-15.544,-2.62,0.473,1.461,0.01537,0.00056,0.98451,0.00213,0.00202,-0.00053,0.28046,-0.01183,0.96438,-0.10905,-0.03105,-0.00565,0.99996,-0.00057,-0.00838,-0.00066,0.98888,-0.02698,-0.14602,0.00779,33.13,34.58,0.0685,0.0767
20:09:24.384,1790255364.3844,2728,-15.698,-2.578,0.467,1.459,0.00812,0.00027,0.98515,0.00423,0.00065,-0.00169,0.2893,-0.02687,0.96666,-0.10275,-0.03114,0.00194,0.99998,-0.0003,-0.00699,-0.00068,0.98891,-0.02637,-0.14598,0.00748,33.13,34.58,0.0689,0.073
20:09:24.405,1790255364.4049,2729,-15.657,-2.725,0.461,1.458,0.01219,0.00921,0.99932,0.00114,-0.00155,-0.00123,0.27137,-0.01788,0.97772,-0.10137,-0.03457,-0.00228,0.99998,0.00132,-0.00672,-0.0007,0.98901,-0.02602,-0.14537,0.00718,33.13,34.58,0.0796,0.0689
20:09:24.425,1790255364.4251,2730,-15.619,-2.481,0.455,1.456,0.01646,-0.02143,0.98213,-0.00081,0.00393,-0.0019,0.27517,-0.00229,0.96801,-0.09554,-0.04336,0.00083,0.99998,-3e-05,-0.00686,-0.00071,0.98906,-0.02535,-0.14515,0.00689,33.13,34.58,0.0669,0.0752
20:09:24.445,1790255364.4454,2731,-15.389,-2.427,0.448,1.455,0.02235,0.0008,1.00982,-0.00069,0.00261,0.00012,0.2592,-0.00941,0.96073,-0.09411,-0.04893,-0.00281,0.99997,0.00011,-0.0083,-0.00071,0.98916,-0.02484,-0.14458,0.00659,33.13,34.58,0.0725,0.0763
20:09:24.466,1790255364.4659,2732,-15.212,-2.372,0.442,1.453,0.04045,0.00642,0.98925,-0.00353,-0.00083,-0.00027,0.27782,-0.02312,0.95309,-0.09234,-0.04863,-0.00256,0.99995,0.00044,-0.00975,-0.00072,0.98919,-0.0241,-0.14448,0.00626,33.13,34.58,0.0726,0.0748
20:09:24.486,1790255364.4863,2733,-15.165,-2.462,0.436,1.452,0.01781,0.00814,0.9837,0.00209,0.00236,0.00116,0.25584,-0.0067,0.95766,-0.08157,-0.03869,-0.00423,0.99995,0.00181,-0.00947,-0.00072,0.98931,-0.02352,-0.14382,0.00598,33.14,34.58,0.0679,0.0735
20:09:24.506,1790255364.5068,2734,-15.198,-2.186,0.43,1.45,0.01548,-0.01774,0.99067,-0.00173,0.0,-0.00013,0.28116,-0.00675,0.97131,-0.08052,-0.04924,-0.00416,0.99996,0.00033,-0.00924,-0.00071,0.98932,-0.02271,-0.14384,0.00565,33.14,34.58,0.0732,0.0716
20:09:24.527,1790255364.5273,2735,-14.976,-2.089,0.424,1.449,0.02519,-0.00098,0.97825,0.00178,0.00044,0.00044,0.26024,-0.01695,0.97069,-0.08226,-0.05913,0.0058,0.99994,3e-05,-0.01053,-0.0007,0.98943,-0.02223,-0.14318,0.00548,33.14,34.58,0.0639,0.0762
20:09:24.547,1790255364.5477,2736,-14.694,-2.102,0.418,1.448,0.02948,0.00231,0.99075,-0.001,-0.00038,0.00199,0.25505,-0.02768,0.97176,-0.07467,-0.05278,-0.00097,0.99993,0.00039,-0.01198,-0.00069,0.98958,-0.02203,-0.14218,0.00532,33.14,34.58,0.0734,0.0762
20:09:24.568,1790255364.5684,2737,-14.72,-2.088,0.413,1.446,-0.00909,-0.0066,0.97062,-0.00122,0.00031,-0.00235,0.22939,-0.03118,0.95723,-0.06928,-0.06053,0.00434,0.99994,0.00011,-0.01081,-0.00071,0.98971,-0.0222,-0.14124,0.00528,33.14,34.58,0.058,0.0686
20:09:24.588,1790255364.5888,2738,-14.796,-2.048,0.407,1.445,0.00565,-0.00112,0.9871,0.00217,-0.00298,0.00292,0.23817,-0.01892,0.94895,-0.06767,-0.05359,-0.00406,0.99996,1e-05,-0.00941,-0.00068,0.98982,-0.02197,-0.14051,0.0051,33.14,34.58,0.0703,0.0639
20:09:24.609,1790255364.6094,2739,-14.894,-1.965,0.401,1.444,-0.00657,0.00182,0.98261,-0.00253,-0.00235,-0.00101,0.24479,-0.00204,0.96098,-0.05922,-0.06345,0.00121,0.99997,8e-05,-0.00806,-0.00069,0.98991,-0.0212,-0.14002,0.00492,33.14,34.58,0.067,0.0738
20:09:24.629,1790255364.6298,2740,-14.691,-2.143,0.395,1.442,0.02093,0.00805,1.00514,0.00076,-0.0001,-0.00095,0.24119,-0.0356,0.96997,-0.07067,-0.0816,0.0031,0.99996,0.00141,-0.00886,-0.0007,0.99004,-0.0214,-0.13907,0.00488,33.14,34.58,0.076,0.0799
20:09:24.650,1790255364.6504,2741,-14.609,-2.298,0.389,1.441,0.01663,0.01112,0.99646,0.00273,0.00025,-0.00066,0.23541,-0.02199,0.97419,-0.06105,-0.07288,-0.00018,0.99996,0.00302,-0.00866,-0.00072,0.99017,-0.02111,-0.13819,0.00476,33.14,34.58,0.0775,0.0781
20:09:24.670,1790255364.6706,2742,-14.384,-2.179,0.384,1.439,0.03051,-0.00843,0.98459,-0.00074,-0.00248,0.00188,0.22435,-0.03121,0.97996,-0.05873,-0.06659,-0.00147,0.99995,0.00199,-0.00964,-0.00069,0.99031,-0.02118,-0.13719,0.00469,33.14,34.58,0.0688,0.0757
20:09:24.691,1790255364.691,2743,-14.452,-2.129,0.378,1.438,-0.00326,0.00767,0.9783,-0.00404,-0.0017,0.00025,0.22615,-0.00673,0.96688,-0.0508,-0.07242,0.00016,0.99996,0.00217,-0.00838,-0.00069,0.99041,-0.02058,-0.13653,0.00455,33.14,34.58,0.0637,0.0747
20:09:24.711,1790255364.7112,2744,-14.432,-1.964,0.372,1.437,0.0079,-0.0112,1.01105,-0.00618,-0.00225,-7e-05,0.23479,-0.03066,0.97662,-0.0555,-0.0766,0.00033,0.99997,0.00085,-0.00768,-0.00069,0.99054,-0.02051,-0.13564,0.00449,33.14,34.58,0.0716,0.0763
20:09:24.731,1790255364.7316,2745,-14.471,-2.006,0.366,1.435,0.00866,0.00865,0.98425,0.00154,-0.00089,-0.00269,0.2386,-0.01901,0.96977,-0.04292,-0.09139,0.00238,0.99998,0.00189,-0.00674,-0.00072,0.99063,-0.01982,-0.13506,0.0044,33.14,34.58,0.0682,0.0792
20:09:24.752,1790255364.7521,2746,-14.346,-2.135,0.361,1.434,0.01711,0.01619,1.00607,-0.00059,-0.00206,-0.00052,0.21301,-0.00853,0.96869,-0.05612,-0.08731,0.00404,0.99997,0.00336,-0.00719,-0.00074,0.99072,-0.01946,-0.13444,0.00433,33.14,34.58,0.0752,0.0739
20:09:24.772,1790255364.7727,2747,-14.25,-1.883,0.355,1.433,0.01727,-0.00503,0.99389,0.00109,0.0004,-0.00259,0.20893,0.00653,0.98946,-0.04135,-0.08961,0.00392,0.99997,0.00186,-0.00757,-0.00075,0.9908,-0.01884,-0.13396,0.00426,33.14,34.58,0.0755,0.0715
20:09:24.793,1790255364.7934,2748,-14.007,-1.781,0.35,1.432,0.02307,0.00045,0.99584,0.00028,-0.00076,0.00153,0.20994,-0.02129,0.99072,-0.03545,-0.09157,0.00032,0.99996,0.00126,-0.00904,-0.00075,0.99089,-0.01861,-0.13331,0.00423,33.14,34.58,0.0771,0.0703
20:09:24.813,1790255364.8138,2749,-14.025,-1.649,0.344,1.43,0.00988,-0.00643,0.9876,0.00108,-0.00237,-0.00191,0.20122,-0.02558,0.98426,-0.0414,-0.09158,-0.00043,0.99997,0.00019,-0.00811,-0.00076,0.991,-0.01855,-0.13252,0.0042,33.14,34.58,0.0708,0.0763
20:09:24.834,1790255364.8343,2750,-13.874,-1.768,0.339,1.429,0.02129,0.01057,0.99197,0.00067,-8e-05,0.00161,0.19341,-0.01685,0.97531,-0.02885,-0.10682,8e-05,0.99996,0.00155,-0.0088,-0.00077,0.99108,-0.01822,-0.13193,0.00417,33.14,34.58,0.0742,0.0758
20:09:24.854,1790255364.8546,2751,-13.858,-1.956,0.333,1.428,0.01057,0.02256,0.99947,-0.00076,-0.00263,0.00193,0.19012,-0.04077,0.99251,-0.02171,-0.10008,0.001,0.99996,0.00306,-0.00828,-0.00076,0.99117,-0.0183,-0.13129,0.00423,33.14,34.58,0.0798,0.0715
20:09:24.875,1790255364.875,2752,-13.917,-1.806,0.328,1.427,-0.00011,-0.00478,0.98549,-0.00214,0.00205,-0.00143,0.20371,-0.01917,0.97983,-0.01727,-0.10252,0.00166,0.99997,0.00226,-0.00708,-0.00077,0.99127,-0.01782,-0.1306,0.00423,33.14,34.58,0.0691,0.0793
20:09:24.895,1790255364.8954,2753,-13.903,-1.603,0.322,1.425,0.01139,-0.00268,0.97466,-0.00153,-0.0016,0.00064,0.17752,-0.00441,0.96938,-0.01615,-0.09815,0.00146,0.99998,0.00107,-0.0067,-0.00076,0.99134,-0.01729,-0.13008,0.00422,33.14,34.58,0.061,0.0691
20:09:24.915,1790255364.9158,2754,-13.969,-1.437,0.317,1.424,0.00145,-0.0081,0.98869,-0.00203,-0.003,-0.00126,0.18217,-0.00711,0.99678,-0.02179,-0.1026,0.00092,0.99998,9e-05,-0.00563,-0.00077,0.99142,-0.01686,-0.12957,0.0042,33.14,34.58,0.0715,0.07
20:09:24.936,1790255364.9363,2755,-13.93,-1.602,0.311,1.423,0.00876,0.0095,0.99794,-0.00198,-0.00273,0.00064,0.16915,-0.03305,0.97592,-0.00587,-0.09829,0.00373,0.99998,0.00162,-0.00525,-0.00077,0.99151,-0.0167,-0.12887,0.0043,33.14,34.58,0.0785,0.0733
20:09:24.956,1790255364.9566,2756,-13.72,-1.433,0.306,1.422,0.01727,-0.00246,0.99191,-0.00031,-0.00112,-0.00402,0.17019,-0.01521,0.98502,-0.00743,-0.10888,-0.00031,0.99998,0.00066,-0.00641,-0.0008,0.99161,-0.01625,-0.1282,0.00431,33.14,34.58,0.0741,0.0798
20:09:24.977,1790255364.9768,2757,-13.526,-1.244,0.301,1.421,0.02562,-0.01092,1.00822,0.00115,0.00151,-0.00069,0.17451,-0.016,0.98392,0.00446,-0.11322,0.00113,0.99997,-0.00038,-0.00748,-0.0008,0.9917,-0.01569,-0.12757,0.00435,33.14,34.58,0.0735,0.0795
20:09:24.997,1790255364.9975,2758,-13.408,-1.002,0.295,1.42,0.01696,-0.00567,1.01211,-0.00315,0.00119,-0.00146,0.17151,-0.00755,0.98913,0.00046,-0.11463,-0.00025,0.99997,-0.00178,-0.00798,-0.0008,0.99178,-0.01506,-0.12702,0.00436,33.14,34.58,0.0708,0.0771
20:09:25.018,1790255365.0179,2759,-13.298,-0.772,0.29,1.419,0.02004,-0.02092,0.98846,0.00051,-0.00222,0.00015,0.16357,-0.01147,0.99216,0.00385,-0.10899,0.00714,0.99996,-0.00321,-0.00835,-0.00079,0.99186,-0.01452,-0.12641,0.00445,33.14,34.58,0.0717,0.0758
20:09:25.038,1790255365.0382,2760,-13.385,-0.744,0.285,1.418,-0.01859,0.0002,0.97772,-0.00116,0.00282,0.00086,0.16667,-0.01451,0.98173,0.00196,-0.11987,0.00235,0.99997,-0.00299,-0.00706,-0.00078,0.99193,-0.01404,-0.12589,0.00451,33.14,34.58,0.0634,0.0769
20:09:25.058,1790255365.0584,2761,-13.361,-0.832,0.28,1.418,0.00896,0.00852,0.97937,0.00126,0.00185,-0.0025,0.1441,-0.01616,0.99054,0.01233,-0.115,-0.00472,0.99998,-0.00174,-0.00663,-0.00081,0.99202,-0.01354,-0.12526,0.00452,33.14,34.58,0.0646,0.0792
20:09:25.079,1790255365.0791,2762,-13.275,-0.933,0.274,1.417,0.01393,0.01222,1.00696,0.0026,0.00069,0.00335,0.13231,-0.00727,0.98975,0.02312,-0.10978,-0.00284,0.99998,-0.00017,-0.00668,-0.00079,0.99212,-0.01283,-0.12458,0.00454,33.14,34.58,0.0747,0.0789
20:09:25.099,1790255365.0997,2763,-13.275,-0.701,0.269,1.416,0.00942,-0.01744,0.98414,0.0018,0.0013,0.00272,0.12854,-0.00305,0.97253,0.01863,-0.11846,0.00513,0.99998,-0.00153,-0.00637,-0.00075,0.99216,-0.01219,-0.12426,0.00464,33.14,34.58,0.0683,0.0657
20:09:25.120,1790255365.1199,2764,-13.359,-0.693,0.264,1.415,0.00195,0.0025,0.97331,0.00446,0.00015,-0.005,0.13243,-0.00138,1.00385,0.02277,-0.12554,0.00192,0.99999,-0.00092,-0.00529,-0.0008,0.99222,-0.0115,-0.12391,0.00471,33.14,34.58,0.06,0.0706
20:09:25.140,1790255365.1403,2765,-13.378,-0.73,0.259,1.414,-0.00036,0.01535,0.97828,0.00108,0.00068,0.0019,0.13415,0.00158,0.98579,0.02674,-0.11888,-0.00723,0.99999,0.00019,-0.0046,-0.00079,0.99229,-0.0107,-0.12341,0.00468,33.14,34.58,0.0638,0.0762
20:09:25.160,1790255365.1607,2766,-13.416,-0.499,0.254,1.414,0.00497,-0.00661,0.99325,-0.0002,0.00367,0.00135,0.14687,-0.0073,0.98409,0.0248,-0.1223,0.00306,0.99999,-0.00113,-0.00378,-0.00077,0.99236,-0.01003,-0.12291,0.00477,33.14,34.58,0.075,0.0763
20:09:25.181,1790255365.1812,2767,-13.414,-0.577,0.248,1.413,0.00218,0.01334,0.98203,-0.0003,0.00049,0.00139,0.12052,-0.00631,1.00395,0.02864,-0.11989,0.00101,0.99999,0.00017,-0.00334,-0.00077,0.99242,-0.00938,-0.12246,0.00485,33.14,34.58,0.0666,0.0716
20:09:25.201,1790255365.2016,2768,-13.168,-0.539,0.243,1.412,0.02402,0.00706,1.00065,9e-05,-0.00234,0.00386,0.11426,0.00433,0.99264,0.03978,-0.11815,-0.0024,0.99999,0.00075,-0.00488,-0.00074,0.9925,-0.00849,-0.12187,0.00489,33.14,34.58,0.0793,0.0794
20:09:25.221,1790255365.2218,2769,-13.123,-0.277,0.238,1.411,0.01107,-0.01751,0.99594,-0.00082,0.00218,-0.00184,0.11186,-0.01502,1.01279,0.04472,-0.12025,-0.00667,0.99999,-0.00081,-0.00497,-0.00075,0.99254,-0.00782,-0.12154,0.00491,33.14,34.58,0.0771,0.0657
20:09:25.242,1790255365.2421,2770,-12.896,-0.259,0.233,1.411,0.02455,0.00455,0.99358,-0.00013,-0.00266,0.00111,0.09952,-0.00917,0.98955,0.04646,-0.11977,0.00431,0.99998,-0.00022,-0.00641,-0.00074,0.99261,-0.00708,-0.12101,0.00505,33.14,34.58,0.0754,0.0759
20:09:25.262,1790255365.2626,2771,-13.021,-0.213,0.228,1.41,-0.00518,0.00332,1.00034,-0.00128,-0.00017,-0.00139,0.12234,-0.01196,0.98375,0.05104,-0.11933,0.00125,0.99999,0.0001,-0.00482,-0.00076,0.99268,-0.00633,-0.12051,0.00516,33.14,34.58,0.0797,0.0736
20:09:25.282,1790255365.2828,2772,-13.118,-0.129,0.223,1.41,-0.00209,-0.001,0.98146,-0.00078,0.00038,0.00202,0.09581,-0.01691,0.99398,0.04277,-0.13031,-0.0018,0.99999,-5e-05,-0.00349,-0.00074,0.99274,-0.00574,-0.12002,0.00524,33.14,34.58,0.0661,0.079
20:09:25.303,1790255365.3034,2773,-13.112,0.13,0.218,1.409,0.00589,-0.00644,1.01062,0.00277,-0.0014,0.00054,0.11693,-0.0064,1.01039,0.0517,-0.12432,0.00123,0.99999,-0.00148,-0.00324,-0.00073,0.99278,-0.00495,-0.1197,0.00535,33.14,34.58,0.072,0.0671
20:09:25.323,1790255365.3237,2774,-12.976,0.395,0.213,1.409,0.01528,-0.02231,1.00425,-0.00179,0.00045,0.0017,0.09394,-0.00061,0.99338,0.05109,-0.12126,-0.00058,0.99999,-0.00292,-0.00388,-0.0007,0.99285,-0.00414,-0.11914,0.00543,33.14,34.58,0.0765,0.0784
20:09:25.344,1790255365.344,2775,-12.828,0.369,0.208,1.408,0.01201,-0.00079,0.97963,0.0013,-0.00037,0.00046,0.09366,-0.01457,1.00556,0.06102,-0.12605,0.00056,0.99999,-0.00194,-0.00475,-0.00071,0.99291,-0.00338,-0.11873,0.00555,33.14,34.58,0.0648,0.0725
20:09:25.364,1790255365.3643,2776,-12.903,0.576,0.203,1.408,0.00504,-0.00735,1.00992,0.00377,-0.00314,-0.00133,0.08859,0.01003,0.99953,0.0574,-0.12565,0.00625,0.99999,-0.00279,-0.00361,-0.00072,0.99297,-0.00243,-0.11823,0.0057,33.14,34.58,0.0725,0.0774
20:09:25.384,1790255365.3846,2777,-12.902,0.833,0.198,1.408,0.0038,-0.01526,0.99465,9e-05,0.00084,0.00081,0.07211,-0.01474,0.99289,0.06472,-0.12139,0.005,0.99999,-0.00425,-0.0031,-0.00071,0.99303,-0.00168,-0.1177,0.00587,33.14,34.58,0.0761,0.0767
20:09:25.405,1790255365.4049,2778,-12.699,0.816,0.193,1.407,0.0115,-0.00294,1.00155,-0.00022,2e-05,0.00333,0.07717,0.00122,0.99714,0.07698,-0.11517,0.0042,0.99999,-0.00309,-0.00421,-0.00069,0.99311,-0.00066,-0.11704,0.00602,33.14,34.58,0.0788,0.0799
20:09:25.425,1790255365.4251,2779,-12.753,0.825,0.188,1.407,-0.01097,0.01028,0.98544,0.0008,0.00074,0.00163,0.06289,-0.0061,0.99277,0.08542,-0.11575,0.00312,0.99999,-0.00219,-0.00314,-0.00069,0.99318,0.00036,-0.11645,0.00618,33.14,34.58,0.0692,0.0761
20:09:25.446,1790255365.4458,2780,-12.873,0.841,0.183,1.407,-0.02205,0.00812,1.0025,-0.00084,-0.00512,0.00256,0.06685,-0.01242,0.97483,0.06895,-0.11139,0.00069,1.0,-0.00155,-0.00172,-0.00066,0.99322,0.00117,-0.11608,0.00631,33.14,34.58,0.0779,0.0629
20:09:25.466,1790255365.4664,2781,-12.692,1.064,0.178,1.407,0.01082,-0.01122,0.99299,-0.00022,-0.00289,-0.00047,0.05528,-0.03006,1.00693,0.07853,-0.11524,-8e-05,0.99999,-0.0027,-0.00279,-0.00066,0.99328,0.00192,-0.11556,0.00645,33.14,34.58,0.0748,0.0733
20:09:25.487,1790255365.4868,2782,-12.522,1.097,0.173,1.407,0.01236,-0.00119,0.96614,0.00142,-0.00267,-0.00206,0.05332,-0.02776,1.01465,0.08793,-0.10809,0.00144,0.99999,-0.00213,-0.00379,-0.00069,0.99333,0.00278,-0.11508,0.00662,33.14,34.58,0.0547,0.0677
20:09:25.507,1790255365.5071,2783,-12.429,1.088,0.169,1.407,0.00994,0.01915,0.95878,0.00054,-0.00243,0.004,0.03575,-0.0143,0.99719,0.08799,-0.11186,-0.0026,0.99999,-0.00113,-0.00393,-0.00065,0.9934,0.00371,-0.11442,0.00673,33.14,34.58,0.0493,0.0785
20:09:25.527,1790255365.5272,2784,-12.502,1.145,0.164,1.407,-0.01463,0.00544,0.98498,0.00276,-0.00288,0.00038,0.02829,-0.00422,1.00554,0.08764,-0.10798,-0.00049,1.0,-0.00066,-0.00264,-0.00065,0.99347,0.0047,-0.11377,0.00685,33.14,34.58,0.0688,0.0755
20:09:25.547,1790255365.5478,2785,-12.549,1.347,0.159,1.407,0.00081,-0.00537,0.98652,0.00133,0.00282,0.00183,0.04361,-0.02618,1.0009,0.08584,-0.10907,-0.00277,1.0,-0.00162,-0.00156,-0.00063,0.99355,0.00549,-0.11309,0.00697,33.14,34.58,0.0699,0.0784
20:09:25.568,1790255365.5681,2786,-12.512,1.305,0.154,1.407,-0.00011,0.00898,0.99654,-0.00378,-0.00143,0.00141,-0.00505,0.00013,0.99874,0.10045,-0.11113,-0.00307,1.0,-0.00014,-0.00118,-0.00061,0.99362,0.00663,-0.11239,0.00707,33.14,34.58,0.0774,0.0791
20:09:25.588,1790255365.5883,2787,-12.554,1.295,0.149,1.406,-0.01006,0.01281,1.00091,-0.00134,-0.00011,0.00072,0.02343,-0.00674,0.99482,0.10564,-0.10217,-9e-05,1.0,0.00102,-8e-05,-0.00062,0.99369,0.00774,-0.11167,0.00721,33.14,34.58,0.0792,0.0763
20:09:25.609,1790255365.6088,2788,-12.54,1.613,0.145,1.407,-0.0039,-0.00979,0.99263,-0.00397,-0.00193,0.00355,0.01283,0.00831,1.00787,0.10786,-0.10906,0.00291,1.0,-0.00047,0.0004,-0.00058,0.99375,0.00899,-0.11105,0.00738,33.14,34.58,0.0745,0.074
20:09:25.629,1790255365.6293,2789,-12.267,1.781,0.14,1.407,0.00812,-0.00282,0.99874,-0.00086,0.00189,0.00216,0.02278,-0.00118,0.99977,0.1015,-0.09975,0.00063,1.0,-0.00081,-0.00116,-0.00056,0.99383,0.01007,-0.11022,0.00752,33.14,34.58,0.0791,0.08
20:09:25.649,1790255365.6496,2790,-12.046,1.788,0.135,1.407,0.01253,0.00624,0.9942,0.00224,-0.00112,0.00053,0.02443,-0.00598,0.98725,0.0999,-0.09411,-0.0007,1.0,0.00014,-0.0024,-0.00056,0.99389,0.0111,-0.10953,0.00764,33.14,34.58,0.0757,0.0707
20:09:25.669,1790255365.6698,2791,-11.897,2.081,0.131,1.407,0.00934,-0.0092,1.00243,0.00116,-0.00225,0.00363,0.02113,-0.00251,0.98812,0.10665,-0.10269,0.00204,0.99999,-0.00127,-0.0031,-0.00052,0.99395,0.01219,-0.10891,0.0078,33.14,34.58,0.0781,0.0713
20:09:25.690,1790255365.6903,2792,-11.773,2.028,0.126,1.407,0.00763,0.00707,1.00418,-0.00362,-9e-05,-0.00125,0.01573,-0.00774,1.00235,0.11147,-0.09433,0.00589,0.99999,0.00025,-0.00333,-0.00053,0.99402,0.01328,-0.10808,0.008,33.14,34.58,0.0768,0.0781
20:09:25.711,1790255365.7109,2793,-11.566,2.073,0.122,1.408,0.01771,0.00879,0.97504,0.00173,-0.0002,0.00413,0.00704,-0.00475,0.99522,0.11632,-0.0972,0.00533,0.99999,0.00102,-0.00435,-0.00049,0.99409,0.01444,-0.10729,0.00821,33.14,34.58,0.0614,0.0764
20:09:25.731,1790255365.7312,2794,-11.536,2.365,0.117,1.408,0.00338,-0.01166,0.98007,0.00302,0.00203,-0.00117,-0.02107,-0.00829,1.00287,0.13387,-0.09956,-0.00223,0.99999,-0.00019,-0.00387,-0.0005,0.99415,0.01575,-0.10652,0.00834,33.15,34.58,0.0651,0.0777
20:09:25.751,1790255365.7518,2795,-11.603,2.427,0.113,1.408,-0.00474,0.0052,0.98463,0.00082,0.00226,0.00195,-0.00768,-0.0075,0.98894,0.11733,-0.09414,-0.00105,1.0,0.00039,-0.00256,-0.00048,0.99421,0.01691,-0.1058,0.00848,33.15,34.58,0.0685,0.0717
20:09:25.772,1790255365.7722,2796,-11.546,2.737,0.109,1.409,0.00408,-0.00441,1.00202,-0.00141,-0.0031,4e-05,-0.00946,-0.00795,0.98913,0.11459,-0.0838,0.00584,1.0,-0.00119,-0.00227,-0.00048,0.99427,0.018,-0.10499,0.00867,33.15,34.58,0.0785,0.0719
20:09:25.792,1790255365.7924,2797,-11.604,2.872,0.104,1.409,-0.00948,-0.00123,0.97158,-0.00254,-0.00068,-0.00156,-0.01082,0.01366,0.98128,0.11683,-0.08812,-0.00342,1.0,-0.00113,-0.0011,-0.00049,0.99432,0.01924,-0.10432,0.00876,33.15,34.58,0.0587,0.0661
20:09:25.812,1790255365.8127,2798,-11.605,3.16,0.1,1.41,-0.00585,-0.01536,0.99511,0.00307,0.00197,0.00033,-0.03179,-0.00118,1.00642,0.12271,-0.0865,-0.0017,1.0,-0.00242,-0.00027,-0.00049,0.99438,0.02044,-0.10347,0.00888,33.15,34.58,0.0764,0.0748
20:09:25.833,1790255365.833,2799,-11.575,3.195,0.095,1.411,-0.00727,0.00831,0.97149,-0.00438,0.00257,-0.00079,-0.02408,0.01509,1.00688,0.12507,-0.08279,-0.00169,1.0,-0.00144,0.00036,-0.00049,0.99445,0.02174,-0.10258,0.00899,33.15,34.58,0.0587,0.0745
20:09:25.853,1790255365.8533,2800,-11.469,3.149,0.091,1.411,-0.00019,0.00511,1.00017,-0.00219,0.00349,0.00216,-0.04068,-0.01302,1.01108,0.13262,-0.07919,0.00138,1.0,0.00015,0.00029,-0.00047,0.9945,0.02296,-0.10175,0.00916,33.15,34.58,0.0799,0.071
20:09:25.874,1790255365.8739,2801,-11.244,3.207,0.087,1.412,0.00808,0.00633,0.97628,-0.00087,-0.00168,-0.00213,-0.0342,0.00111,0.98295,0.12458,-0.06926,-0.00068,1.0,0.00087,-0.00078,-0.00049,0.99456,0.02418,-0.10086,0.00929,33.15,34.58,0.0623,0.0677
20:09:25.894,1790255365.8941,2802,-11.043,3.495,0.082,1.413,0.00712,-0.00805,0.9966,0.00321,0.00056,-0.00034,-0.0127,0.00669,1.00453,0.12275,-0.07322,0.00452,1.0,-0.00046,-0.00155,-0.0005,0.99464,0.02532,-0.09985,0.00946,33.15,34.58,0.0775,0.0765
20:09:25.914,1790255365.9143,2803,-11.09,3.533,0.078,1.414,0.00145,0.00034,0.99324,0.00103,-0.00066,0.00193,-0.0266,0.00158,0.97726,0.13552,-0.06934,0.00081,1.0,0.00047,-0.00037,-0.00048,0.99468,0.02661,-0.09907,0.00961,33.15,34.58,0.0749,0.0632
20:09:25.934,1790255365.9348,2804,-10.931,3.548,0.074,1.414,0.00348,0.00738,0.97279,-0.00179,0.00263,0.00125,-0.02989,-0.01613,1.0187,0.13946,-0.05914,-0.00024,1.0,0.00157,-0.00082,-0.00046,0.99473,0.02785,-0.09815,0.00976,33.15,34.58,0.0596,0.0655
20:09:25.955,1790255365.9553,2805,-10.992,3.685,0.07,1.415,-0.02291,0.00223,0.99074,0.00253,-0.00046,0.0016,-0.04102,-0.01104,0.98986,0.13498,-0.0689,-0.00205,1.0,0.00154,0.00067,-0.00045,0.99479,0.02903,-0.09718,0.00988,33.15,34.58,0.0733,0.0731
20:09:25.975,1790255365.9754,2806,-11.018,3.923,0.066,1.416,-0.00329,0.00184,1.00432,-0.0028,0.00178,-0.00124,-0.06561,0.00125,0.99349,0.1336,-0.06274,0.00193,1.0,0.00067,0.00199,-0.00047,0.99486,0.03024,-0.09607,0.01003,33.15,34.58,0.0768,0.0767
20:09:25.995,1790255365.9958,2807,-10.735,4.148,0.062,1.417,0.0037,-0.00258,0.99782,-0.00096,-0.00012,-0.0018,-0.03551,-0.01247,1.00976,0.14199,-0.05528,0.00242,1.0,-7e-05,0.00056,-0.00048,0.99493,0.03144,-0.095,0.01021,33.15,34.59,0.0784,0.0722
20:09:26.016,1790255366.0163,2808,-10.51,4.166,0.058,1.418,0.00596,0.00905,0.97687,0.00221,-0.00089,-0.0024,-0.06834,-0.01798,1.00354,0.14222,-0.05416,-0.00187,1.0,0.00097,-0.00023,-0.00051,0.995,0.03263,-0.09384,0.01033,33.15,34.59,0.0627,0.0755
20:09:26.036,1790255366.0367,2809,-10.276,4.46,0.054,1.419,0.00827,-0.01136,0.99683,-0.00276,0.00175,0.00129,-0.05739,-0.01144,0.99199,0.13633,-0.04081,0.00058,1.0,-0.00043,-0.00102,-0.00049,0.99508,0.03376,-0.09255,0.01048,33.15,34.59,0.0777,0.0753
20:09:26.057,1790255366.0573,2810,-10.251,4.713,0.05,1.421,-0.00666,-0.01042,0.98899,-2e-05,-0.00185,0.00154,-0.05341,-0.02132,0.99042,0.13982,-0.04431,0.00168,1.0,-0.00153,-5e-05,-0.00048,0.99515,0.03487,-0.09134,0.01064,33.15,34.59,0.0718,0.0741
20:09:26.077,1790255366.0775,2811,-10.257,4.844,0.046,1.422,-0.01224,-0.00259,0.98936,0.0016,-0.00163,6e-05,-0.07335,0.00855,1.00131,0.13716,-0.03497,-0.00412,1.0,-0.00146,0.00139,-0.00047,0.99523,0.03609,-0.08995,0.01072,33.15,34.59,0.0721,0.077
20:09:26.098,1790255366.0982,2812,-10.301,4.947,0.042,1.423,-0.0167,-0.00035,1.00559,-0.00013,0.0024,0.00035,-0.06722,-0.00671,1.01106,0.14091,-0.04231,0.00119,0.99999,-0.00118,0.00295,-0.00047,0.99529,0.0373,-0.08876,0.01087,33.15,34.59,0.0757,0.07
20:09:26.119,1790255366.1188,2813,-10.055,4.959,0.038,1.425,0.00431,0.0145,0.97789,-0.00153,0.00079,0.00061,-0.06712,-0.02517,1.00196,0.15659,-0.02368,-0.00832,1.0,-5e-05,0.00228,-0.00047,0.99538,0.03853,-0.0873,0.01094,33.15,34.59,0.0635,0.0766
20:09:26.139,1790255366.1395,2814,-9.957,4.939,0.035,1.426,-0.00686,0.00608,0.99383,-0.00292,-8e-05,-0.00048,-0.07007,-0.0007,0.98765,0.14917,-0.02711,0.00169,0.99999,0.00137,0.00282,-0.00047,0.99545,0.03981,-0.0859,0.0111,33.15,34.59,0.0754,0.0726
20:09:26.160,1790255366.1599,2815,-9.733,5.226,0.031,1.427,-0.00114,-0.00685,0.98714,0.00041,0.002,-0.00169,-0.0852,-0.00966,0.99961,0.14575,-0.03271,-0.00573,1.0,7e-05,0.00224,-0.00049,0.99552,0.04098,-0.0845,0.01117,33.15,34.59,0.0704,0.0775
20:09:26.180,1790255366.1802,2816,-9.429,5.28,0.027,1.429,0.00043,0.00331,0.99804,0.00305,0.00158,0.00442,-0.07061,-0.00464,0.98339,0.1605,-0.02499,-0.0014,1.0,0.00097,0.00091,-0.00044,0.99557,0.04233,-0.08318,0.01129,33.15,34.59,0.0785,0.0694
20:09:26.200,1790255366.2008,2817,-9.297,5.594,0.024,1.43,-0.00304,-0.00488,0.98707,-0.00063,0.00371,-0.00012,-0.07936,-0.00638,1.0068,0.1561,-0.01552,-0.00495,1.0,-0.00047,0.00121,-0.00044,0.99564,0.04362,-0.0817,0.01138,33.15,34.59,0.0703,0.0725
20:09:26.221,1790255366.221,2818,-9.025,5.874,0.021,1.432,0.00362,-0.00978,0.99825,-0.00054,-0.00047,0.00151,-0.08124,-0.01834,1.00399,0.14787,-0.01162,-0.00512,1.0,-0.00178,0.00031,-0.00045,0.99571,0.04471,-0.08019,0.01146,33.15,34.59,0.0787,0.0744
20:09:26.241,1790255366.2414,2819,-8.928,5.863,0.017,1.434,-0.00337,0.00143,0.99106,-0.00026,0.0019,-0.0014,-0.11552,-0.00033,0.99934,0.14901,-0.01271,0.00102,1.0,-0.00048,0.00106,-0.00046,0.99578,0.04595,-0.07861,0.01159,33.15,34.59,0.0733,0.0755
20:09:26.261,1790255366.2616,2820,-8.809,6.171,0.014,1.435,-0.00605,-0.01066,1.00119,-0.00016,0.00126,-0.00051,-0.12312,-0.00044,0.99806,0.14887,-0.00079,0.00484,1.0,-0.00196,0.00166,-0.00046,0.99585,0.04716,-0.07693,0.01176,33.15,34.59,0.0791,0.0758
20:09:26.282,1790255366.2822,2821,-8.551,6.464,0.011,1.437,0.00435,-0.01697,0.99023,-0.00187,0.00125,0.00128,-0.10176,-0.02069,0.98758,0.15895,-0.01049,0.00042,0.99999,-0.00327,0.00091,-0.00045,0.99591,0.04836,-0.07539,0.01189,33.15,34.59,0.0728,0.0748
20:09:26.302,1790255366.3028,2822,-8.338,6.439,0.008,1.439,0.00013,0.00448,0.97577,-0.00041,0.00063,0.00255,-0.09894,-0.02311,0.99875,0.14936,-0.00405,0.00138,1.0,-0.00202,0.0007,-0.00042,0.99598,0.04941,-0.07375,0.01203,33.15,34.59,0.0618,0.0771
20:09:26.323,1790255366.3233,2823,-8.329,6.544,0.004,1.441,-0.02142,-0.0009,0.99112,-0.00156,-0.00091,-0.00081,-0.1046,0.00834,0.98484,0.14284,-0.0084,0.00232,1.0,-0.00181,0.00217,-0.00043,0.99603,0.05056,-0.07218,0.01216,33.15,34.59,0.0735,0.0728
20:09:26.344,1790255366.3438,2824,-8.199,6.511,0.001,1.443,-0.00786,0.00589,0.99014,0.00406,-0.00132,-0.00199,-0.10739,-0.00998,1.00268,0.15434,-0.00015,0.00043,1.0,-0.00037,0.00268,-0.00045,0.99609,0.05173,-0.07055,0.01228,33.15,34.59,0.0726,0.0737
20:09:26.364,1790255366.3645,2825,-7.86,6.631,-0.002,1.445,0.00845,-0.00022,0.98639,0.00146,-0.00331,0.00215,-0.08672,-0.01413,0.97786,0.14742,0.00355,-0.00106,1.0,-0.00031,0.00121,-0.00042,0.99614,0.05282,-0.06905,0.01238,33.15,34.59,0.0698,0.0664
20:09:26.385,1790255366.3849,2826,-7.78,6.852,-0.004,1.447,-0.00559,-0.00329,0.9885,0.00103,-0.00257,0.00172,-0.11378,-0.02735,0.99442,0.15281,0.01315,-0.00392,1.0,-0.00124,0.0023,-0.00041,0.99621,0.05383,-0.06723,0.01246,33.15,34.59,0.0714,0.079
20:09:26.405,1790255366.4052,2827,-7.568,6.805,-0.007,1.449,-0.00148,0.01732,0.9932,0.0003,0.00127,-0.00066,-0.1091,-0.01372,0.97343,0.14769,0.01839,0.00326,1.0,0.00026,0.00207,-0.0004,0.99625,0.05493,-0.06563,0.01261,33.15,34.59,0.075,0.0647
20:09:26.425,1790255366.4253,2828,-7.346,6.748,-0.01,1.451,-0.00454,0.00705,0.98581,0.00208,-0.00218,0.00288,-0.1217,-0.00788,0.99326,0.14015,0.03029,-1e-05,1.0,0.00168,0.00214,-0.00037,0.99633,0.05585,-0.06362,0.01271,33.15,34.59,0.0694,0.0795
20:09:26.446,1790255366.4458,2829,-7.261,6.991,-0.013,1.453,-0.01334,-0.00428,0.99929,0.00057,-0.0001,0.00062,-0.11827,0.01014,0.99608,0.14635,0.02969,0.00113,0.99999,0.00063,0.00339,-0.00038,0.99639,0.05694,-0.0616,0.01282,33.15,34.59,0.0795,0.0777
20:09:26.466,1790255366.4663,2830,-6.88,7.097,-0.015,1.455,0.00012,0.00188,1.00573,0.00153,0.00252,0.00082,-0.12743,-0.01305,0.97772,0.14654,0.02943,0.00144,1.0,0.00078,0.00187,-0.00037,0.99644,0.05799,-0.05977,0.01294,33.15,34.59,0.0757,0.0696
20:09:26.487,1790255366.4867,2831,-6.507,7.221,-0.018,1.457,0.00698,0.0005,0.97306,0.00284,-1e-05,-0.00372,-0.12819,-0.01914,0.99534,0.14911,0.04046,0.00063,1.0,0.00069,0.00065,-0.0004,0.99651,0.05894,-0.05773,0.01305,33.15,34.59,0.0598,0.0772
20:09:26.507,1790255366.5074,2832,-6.444,7.256,-0.02,1.459,-0.0088,0.00477,0.99576,-0.00048,-0.0005,0.00184,-0.12523,-0.00745,0.99529,0.14838,0.03148,0.00195,1.0,0.00134,0.00209,-0.00039,0.99656,0.05993,-0.05573,0.01317,33.15,34.59,0.0769,0.0776
20:09:26.528,1790255366.5279,2833,-6.094,7.509,-0.022,1.462,0.00435,-0.00703,0.99464,-0.00058,0.00212,-0.0002,-0.14449,-0.01193,0.99161,0.14997,0.03833,-0.00145,1.0,0.00016,0.00108,-0.00039,0.99661,0.06092,-0.05365,0.01324,33.15,34.59,0.076,0.0784
20:09:26.548,1790255366.5482,2834,-5.999,7.519,-0.025,1.464,-0.01719,0.01304,0.98058,0.00107,0.0021,0.00105,-0.15071,-0.0138,1.00467,0.14165,0.03941,0.00245,1.0,0.00102,0.00211,-0.00038,0.99665,0.0619,-0.05178,0.01336,33.15,34.59,0.0656,0.068
20:09:26.568,1790255366.5688,2835,-5.615,7.742,-0.027,1.466,0.00883,-0.01032,0.99934,0.00121,0.0007,-0.00111,-0.14412,-0.02068,0.98745,0.13662,0.05401,0.00185,1.0,-0.0001,0.00093,-0.00038,0.99671,0.06268,-0.04957,0.01347,33.15,34.59,0.0796,0.0786
20:09:26.589,1790255366.5892,2836,-5.437,7.685,-0.029,1.469,-0.0065,0.014,0.99002,0.00049,-0.00028,0.00056,-0.14712,-0.03015,0.98318,0.15179,0.04277,-0.00347,1.0,0.0013,0.00139,-0.00038,0.99675,0.06359,-0.04757,0.01352,33.15,34.59,0.0726,0.0759
20:09:26.609,1790255366.6094,2837,-5.022,7.824,-0.031,1.471,0.00099,0.0018,0.99931,-0.00184,0.00046,-0.00112,-0.14943,-0.01694,0.98122,0.13656,0.05066,-0.00365,1.0,0.00095,-0.00019,-0.00039,0.99679,0.0644,-0.0455,0.01356,33.15,34.59,0.0795,0.0745
20:09:26.630,1790255366.6298,2838,-4.941,7.931,-0.032,1.473,-0.02919,0.00024,0.98556,-0.00087,0.00377,0.00138,-0.14983,-0.00108,0.98885,0.14307,0.04814,0.00092,1.0,0.00086,0.00126,-0.00037,0.99683,0.06527,-0.04333,0.01364,33.15,34.59,0.0695,0.0799
20:09:26.650,1790255366.6505,2839,-4.804,7.9,-0.034,1.476,-0.01501,0.01135,0.98719,0.00367,-2e-05,0.00068,-0.18265,-0.02971,0.98096,0.1271,0.06655,0.00229,1.0,0.00178,0.00241,-0.00037,0.99689,0.06594,-0.04099,0.01373,33.15,34.59,0.0705,0.0787
20:09:26.671,1790255366.6711,2840,-4.407,7.922,-0.036,1.478,0.00107,0.0066,1.00412,-0.00146,0.00081,-6e-05,-0.15544,-0.02979,0.97079,0.14195,0.0602,-0.00457,1.0,0.00251,0.001,-0.00036,0.99691,0.06682,-0.03894,0.01377,33.15,34.59,0.0769,0.0677
20:09:26.691,1790255366.6913,2841,-4.302,8.075,-0.037,1.481,-0.01761,-0.00285,1.00441,0.00116,-0.00024,-0.00276,-0.15224,-0.01385,0.98706,0.13259,0.07298,0.00096,1.0,0.00182,0.00237,-0.0004,0.99695,0.06748,-0.03661,0.01385,33.15,34.59,0.0766,0.0791
20:09:26.712,1790255366.7118,2842,-4.056,8.335,-0.039,1.483,-0.00535,-0.00823,1.00617,-0.00172,0.00154,0.00057,-0.17042,-0.02129,0.99537,0.12836,0.07616,-0.00157,1.0,0.00026,0.00246,-0.00039,0.99699,0.06817,-0.03433,0.0139,33.15,34.59,0.0753,0.0724
20:09:26.732,1790255366.7323,2843,-3.881,8.319,-0.04,1.486,-0.00842,0.00538,0.97631,0.0013,0.00212,-0.00075,-0.15248,0.00783,0.97603,0.1405,0.07603,-0.00195,0.99999,0.0013,0.00324,-0.0004,0.997,0.06907,-0.03202,0.01395,33.15,34.59,0.0623,0.0709
20:09:26.753,1790255366.7533,2844,-3.721,8.267,-0.042,1.488,-0.01735,0.01343,0.98992,-0.00097,-0.00142,0.00228,-0.16821,-0.00154,0.98765,0.12243,0.07307,0.00087,0.99999,0.00236,0.00431,-0.00037,0.99703,0.0697,-0.02957,0.01401,33.15,34.59,0.0726,0.0786
20:09:26.774,1790255366.7741,2845,-3.53,8.513,-0.043,1.491,-0.01412,-0.01245,0.99206,-3e-05,-0.00031,-0.0009,-0.17823,-0.02586,0.96613,0.12269,0.07655,-0.00192,0.99999,0.0009,0.00478,-0.00038,0.99705,0.07037,-0.02737,0.01405,33.15,34.59,0.0742,0.0671
20:09:26.797,1790255366.7954,2846,-3.166,8.433,-0.044,1.493,0.00026,0.02152,0.98713,0.00083,0.00134,0.00161,-0.18733,-0.00981,0.97818,0.12094,0.07924,-0.00192,0.99999,0.00225,0.00413,-0.00036,0.99707,0.07099,-0.02486,0.01407,33.15,34.59,0.0705,0.077
20:09:26.819,1790255366.8196,2847,-3.053,8.58,-0.045,1.496,-0.01097,0.00328,0.99246,0.00225,-0.00054,-0.00072,-0.15092,-0.01909,0.97932,0.12479,0.08127,0.00145,0.99998,0.00157,0.00578,-0.00037,0.99709,0.07161,-0.02219,0.01415,33.15,34.59,0.0744,0.0733
20:09:26.840,1790255366.8401,2848,-2.934,8.739,-0.046,1.499,-0.01888,-0.00176,0.98863,-0.00344,0.00556,-0.00134,-0.17697,-0.00306,0.99694,0.11565,0.08748,-0.00351,0.99997,0.00073,0.00707,-0.00039,0.99709,0.07218,-0.01983,0.01416,33.15,34.59,0.0716,0.0706
20:09:26.860,1790255366.8605,2849,-2.507,8.824,-0.047,1.501,-0.0047,0.00092,0.98499,-0.00161,-0.0005,-0.00074,-0.20239,-0.02275,0.95942,0.11276,0.09439,-0.00106,0.99998,0.00063,0.00565,-0.0004,0.9971,0.07276,-0.01749,0.0142,33.15,34.59,0.0688,0.0656
20:09:26.881,1790255366.8809,2850,-2.394,8.823,-0.048,1.504,-0.02063,0.00358,0.98838,-0.0003,-0.00096,-0.0012,-0.19356,-0.02165,0.97848,0.10958,0.08433,0.00293,0.99997,0.00098,0.00707,-0.0004,0.99711,0.07312,-0.01508,0.01426,33.16,34.59,0.0715,0.0783
20:09:26.901,1790255366.9015,2851,-2.175,9.003,-0.049,1.507,-0.01718,-0.00454,0.98109,0.00137,-0.00145,-0.00238,-0.19964,-0.00905,0.97536,0.10321,0.09566,-0.00118,0.99997,-0.00022,0.00767,-0.00043,0.99712,0.07349,-0.01253,0.01427,33.16,34.59,0.0659,0.0767
20:09:26.922,1790255366.9219,2852,-1.753,9.062,-0.049,1.51,0.0037,0.00084,0.99014,-0.00187,0.00107,-0.00027,-0.20632,-0.02098,0.99532,0.11334,0.08427,-0.00144,0.99998,-0.00014,0.0062,-0.00043,0.9971,0.07401,-0.01029,0.01429,33.16,34.59,0.0726,0.0675
20:09:26.942,1790255366.9421,2853,-1.393,9.257,-0.05,1.513,-0.00134,-0.01177,0.98957,-0.00074,-0.00127,-0.00186,-0.21346,-0.02743,1.00056,0.11515,0.09066,-0.00157,0.99999,-0.0012,0.00519,-0.00046,0.99708,0.07459,-0.00812,0.0143,33.16,34.59,0.0722,0.0624
20:09:26.962,1790255366.9623,2854,-1.207,9.452,-0.05,1.515,-0.01488,-0.01057,1.00475,3e-05,0.00044,0.00285,-0.20267,-0.02398,0.98571,0.10948,0.09674,0.00053,0.99998,-0.00256,0.00593,-0.00044,0.99707,0.07493,-0.0057,0.01433,33.16,34.59,0.0763,0.075
20:09:26.982,1790255366.9825,2855,-0.878,9.352,-0.051,1.518,-0.0078,0.01197,0.97702,0.00063,-0.00039,0.00118,-0.21415,0.00091,0.97518,0.10126,0.0971,0.00117,0.99998,-0.00131,0.00565,-0.00043,0.99706,0.07526,-0.00313,0.01435,33.16,34.59,0.0628,0.0788
20:09:27.002,1790255367.0027,2856,-0.596,9.219,-0.051,1.521,-0.01261,0.01259,1.0061,-0.00328,-0.00117,-0.00116,-0.19819,-0.00464,0.97287,0.10065,0.10647,0.00133,0.99998,0.00017,0.00576,-0.00043,0.99704,0.07555,-0.00059,0.01438,33.16,34.59,0.0753,0.0746
20:09:27.023,1790255367.0233,2857,-0.322,9.443,-0.051,1.524,-0.01176,-0.0156,0.99365,0.00235,0.00092,0.00223,-0.20741,-0.01167,0.99302,0.10621,0.10864,-0.00346,0.99998,-0.00136,0.0058,-0.00042,0.99701,0.07594,0.0019,0.01436,33.16,34.59,0.0754,0.0691
20:09:27.043,1790255367.0436,2858,-0.019,9.275,-0.051,1.527,-0.0111,0.01422,1.00584,-0.00206,0.0007,0.00244,-0.20458,-0.02191,0.97577,0.08409,0.10986,0.00169,0.99998,0.00015,0.00575,-0.00039,0.997,0.07594,0.00447,0.01439,33.16,34.59,0.0755,0.0779
20:09:27.064,1790255367.0638,2859,0.355,9.445,-0.051,1.53,-0.00678,-0.00752,0.99838,-0.00062,0.00119,-0.00104,-0.21588,-0.02228,0.97989,0.0868,0.10264,0.00473,0.99999,-0.00122,0.00493,-0.00039,0.99698,0.076,0.00696,0.01443,33.16,34.59,0.0788,0.0773
20:09:27.084,1790255367.0845,2860,0.837,9.491,-0.051,1.533,0.00428,-0.00456,0.98857,-0.00269,-0.00496,-0.00063,-0.19967,-0.00366,0.98049,0.09007,0.11616,-0.00342,0.99999,-0.00147,0.00342,-0.0004,0.99695,0.07605,0.00968,0.0144,33.16,34.59,0.0714,0.0795
20:09:27.105,1790255367.1049,2861,0.975,9.574,-0.05,1.536,-0.02074,-0.01067,0.98198,0.00015,-0.00045,-0.00235,-0.20927,-0.02615,0.96278,0.08214,0.11032,0.00043,0.99999,-0.00213,0.0046,-0.00043,0.99692,0.07612,0.0121,0.01441,33.16,34.59,0.0667,0.0692
20:09:27.125,1790255367.1252,2862,1.26,9.393,-0.05,1.539,-0.00992,0.00393,0.99235,0.00277,-0.00219,-0.00393,-0.22296,-0.03185,0.97479,0.08163,0.109,-0.00303,0.99999,-0.0006,0.00472,-0.00046,0.99689,0.07603,0.01466,0.01437,33.16,34.59,0.0743,0.0796
20:09:27.145,1790255367.1454,2863,1.513,9.552,-0.049,1.542,-0.01196,-0.0113,0.98104,-0.00094,0.00248,-0.00253,-0.21312,-0.00729,0.97312,0.08798,0.1181,0.00047,0.99999,-0.0019,0.00509,-0.00049,0.99685,0.07608,0.01729,0.01436,33.16,34.59,0.0659,0.0772
20:09:27.166,1790255367.1659,2864,1.799,9.374,-0.048,1.545,-0.01082,0.00504,1.00216,0.00218,0.00033,-0.00192,-0.22296,-0.02193,0.99221,0.07695,0.12622,-0.00179,0.99999,-0.00028,0.0052,-0.0005,0.9968,0.0761,0.01985,0.01435,33.16,34.59,0.0783,0.0671
20:09:27.186,1790255367.1863,2865,1.951,9.467,-0.048,1.548,-0.01712,-0.00585,0.98709,0.00104,0.00185,0.00012,-0.22636,-0.0366,0.9757,0.08643,0.10925,-0.0006,0.99998,-0.00116,0.00634,-0.00051,0.99675,0.07603,0.02235,0.01432,33.16,34.59,0.0704,0.0783
20:09:27.207,1790255367.2069,2866,2.127,9.344,-0.047,1.55,-0.02155,0.00689,0.98596,-0.00045,0.00276,0.00081,-0.23021,-0.0185,0.98209,0.07459,0.11422,-6e-05,0.99997,-0.00015,0.00737,-0.00049,0.9967,0.07596,0.02489,0.0143,33.16,34.59,0.0697,0.0733
20:09:27.227,1790255367.2271,2867,2.222,9.353,-0.046,1.553,-0.02608,-0.001,1.00203,0.00133,-0.0009,0.00366,-0.24552,-0.00926,0.9912,0.06492,0.11453,0.0002,0.99996,-0.00023,0.00894,-0.00046,0.99663,0.07596,0.0273,0.01429,33.16,34.59,0.0782,0.0641
20:09:27.247,1790255367.2473,2868,2.693,9.354,-0.045,1.556,-0.01091,-0.00104,0.9916,0.00034,-0.00231,0.00124,-0.246,-0.0244,0.97019,0.06736,0.11545,-0.00152,0.99997,-0.00036,0.00743,-0.00044,0.99658,0.07574,0.02991,0.01424,33.16,34.59,0.0737,0.0791
20:09:27.267,1790255367.2677,2869,3.151,9.346,-0.044,1.559,0.00576,-0.00161,0.99661,0.00388,-0.00137,0.00119,-0.22732,-0.01605,0.95809,0.05741,0.11501,0.00598,0.99998,-0.00039,0.00584,-0.00043,0.99652,0.07553,0.03233,0.01428,33.16,34.59,0.0775,0.0686
20:09:27.287,1790255367.2878,2870,3.573,9.405,-0.043,1.562,0.00774,-0.01473,0.99176,0.00106,-0.00014,-0.00181,-0.22122,-0.03771,0.97615,0.05938,0.12287,0.00171,0.99999,-0.00125,0.00463,-0.00046,0.99647,0.07508,0.03483,0.01426,33.16,34.59,0.0739,0.0788
20:09:27.308,1790255367.308,2871,3.924,9.517,-0.041,1.565,-0.00278,-0.01244,0.97319,-0.00054,-0.00268,0.00131,-0.24331,-0.02097,0.95276,0.06132,0.11856,0.00309,0.99999,-0.00229,0.00396,-0.00045,0.99639,0.07494,0.03727,0.01427,33.16,34.59,0.06,0.0677
20:09:27.328,1790255367.3283,2872,4.187,9.667,-0.039,1.568,-0.00885,-0.01433,0.9848,-0.00284,-0.00097,-0.00017,-0.25305,-0.02722,0.98112,0.06599,0.12138,-0.00032,0.99998,-0.0037,0.0041,-0.00046,0.99631,0.07478,0.03976,0.01423,33.16,34.59,0.0687,0.0698
20:09:27.349,1790255367.3489,2873,4.566,9.493,-0.038,1.571,0.00524,0.01084,0.97924,-0.00046,-0.00053,-0.00024,-0.23367,-0.01902,0.97214,0.04828,0.10619,-0.00448,0.99999,-0.00263,0.00331,-0.00046,0.99625,0.07425,0.04223,0.01413,33.16,34.59,0.0645,0.08
20:09:27.369,1790255367.3691,2874,4.797,9.289,-0.036,1.573,-0.00731,-0.00291,0.98234,8e-05,-0.00061,-3e-05,-0.22807,-0.02026,0.98245,0.04051,0.12012,0.00366,0.99999,-0.00136,0.00376,-0.00045,0.99618,0.07371,0.04464,0.01413,33.16,34.59,0.0668,0.0734
20:09:27.389,1790255367.3896,2875,5.003,9.347,-0.034,1.576,-0.01308,-0.01043,0.98116,-0.00091,-0.00127,-0.00234,-0.23624,-0.01522,0.96884,0.03563,0.12536,0.00145,0.99999,-0.00246,0.00455,-0.00048,0.99611,0.07307,0.04726,0.0141,33.16,34.59,0.066,0.078
20:09:27.410,1790255367.4099,2876,5.444,9.246,-0.032,1.579,0.00028,-0.00181,0.98829,0.00028,-0.00206,0.00132,-0.24664,-0.02126,0.96102,0.03819,0.11288,-0.00268,0.99999,-0.00201,0.00315,-0.00047,0.99603,0.07253,0.04969,0.01402,33.16,34.59,0.0712,0.0743
20:09:27.430,1790255367.4303,2877,5.685,8.988,-0.03,1.582,-0.0108,0.00809,1.00016,-0.00082,-0.00013,0.00079,-0.2356,-0.00958,0.97597,0.02309,0.12851,0.00029,0.99999,-0.00049,0.00372,-0.00046,0.99595,0.07177,0.05229,0.01398,33.16,34.59,0.0798,0.077
20:09:27.451,1790255367.4509,2878,6.099,8.973,-0.028,1.585,0.00034,-0.00451,1.01985,0.0032,0.00572,-0.00086,-0.23867,-0.03539,0.97204,0.0357,0.11766,-0.00271,1.0,-0.001,0.00255,-0.00047,0.99587,0.07103,0.05473,0.01389,33.16,34.59,0.0651,0.0788
20:09:27.471,1790255367.471,2879,6.224,8.938,-0.026,1.587,-0.02454,-0.00959,0.98382,0.00244,0.00059,0.00107,-0.24646,-0.04005,0.9613,0.02262,0.11955,-0.00051,0.99999,-0.00148,0.00383,-0.00046,0.9958,0.07024,0.05711,0.01383,33.16,34.59,0.0681,0.0749
20:09:27.491,1790255367.4917,2880,6.477,8.689,-0.023,1.59,-0.00995,0.01501,1.00548,0.00111,0.0016,0.00099,-0.23968,-0.01874,0.95826,0.02782,0.11194,0.00237,0.99999,7e-05,0.00402,-0.00045,0.99571,0.06957,0.05944,0.0138,33.16,34.59,0.0758,0.071
20:09:27.512,1790255367.5119,2881,6.788,8.747,-0.021,1.592,-0.0067,-0.00537,0.99128,0.0049,9e-05,0.00284,-0.24113,-0.02744,0.97019,0.01485,0.11913,-0.0015,0.99999,-0.00133,0.00369,-0.00043,0.99563,0.06861,0.06186,0.01372,33.16,34.59,0.0735,0.0799
20:09:27.532,1790255367.5324,2882,6.891,8.771,-0.018,1.595,-0.01974,-0.01402,1.00271,0.0015,0.0027,0.00341,-0.23148,-0.02467,0.98803,0.01154,0.10768,0.00489,0.99999,-0.00239,0.00489,-0.0004,0.99556,0.06773,0.06398,0.01372,33.16,34.59,0.0777,0.0687
20:09:27.553,1790255367.5529,2883,7.018,8.583,-0.016,1.598,-0.03007,0.00558,1.00423,-0.00053,-0.00378,-0.00115,-0.25691,-0.03174,0.96617,0.01703,0.11232,0.00102,0.99998,-0.00168,0.00624,-0.0004,0.99546,0.0668,0.06639,0.01365,33.16,34.59,0.0765,0.0798
20:09:27.573,1790255367.5733,2884,7.244,8.31,-0.013,1.6,-0.01736,0.01312,0.99203,0.00227,-0.00096,0.00021,-0.24034,-0.01494,0.96263,0.00847,0.11538,0.0036,0.99998,-0.00022,0.00667,-0.00039,0.99537,0.06586,0.06872,0.01362,33.16,34.59,0.0742,0.0742
20:09:27.593,1790255367.5937,2885,7.528,8.381,-0.01,1.603,-0.01166,-0.01353,0.99309,-0.00049,-0.00405,-0.00038,-0.25304,-0.02283,0.9807,-0.00086,0.11643,-0.00217,0.99998,-0.00174,0.00644,-0.00041,0.99527,0.06488,0.07101,0.01354,33.16,34.59,0.0749,0.0702
20:09:27.614,1790255367.6142,2886,7.944,8.195,-0.007,1.605,-0.00189,0.00262,0.98569,0.00119,0.00425,-0.00136,-0.25438,-0.02546,0.96135,0.00504,0.11708,-0.00231,0.99999,-0.00104,0.00524,-0.00042,0.99517,0.06386,0.07339,0.01345,33.16,34.59,0.0693,0.0761
20:09:27.634,1790255367.6344,2887,8.041,8.03,-0.004,1.607,-0.03942,0.00523,0.99405,0.001,0.00129,-0.00158,-0.2697,-0.02362,0.97232,-0.00757,0.11145,-0.00346,0.99998,-0.00066,0.00674,-0.00043,0.99506,0.06282,0.07569,0.01335,33.16,34.59,0.0761,0.073
20:09:27.655,1790255367.6549,2888,8.439,8.025,-0.001,1.61,-0.00271,-0.01038,1.0069,-0.00241,0.00082,0.00217,-0.27086,-0.03119,0.96451,-0.0064,0.10594,-0.00654,0.99998,-0.00166,0.00558,-0.00042,0.99496,0.06167,0.078,0.0132,33.16,34.59,0.0748,0.0783
20:09:27.675,1790255367.6753,2889,8.702,7.748,0.002,1.612,-0.01055,-0.00043,0.97834,-0.00081,0.00106,-0.00028,-0.24837,-0.02995,0.95828,-0.00831,0.09897,-0.00388,0.99999,-0.00037,0.00541,-0.00041,0.99487,0.06051,0.08005,0.01308,33.16,34.59,0.0638,0.0728
20:09:27.695,1790255367.6958,2890,8.927,7.789,0.005,1.614,-0.01118,-0.0109,0.98296,-0.00092,0.00217,-0.00212,-0.26536,-0.02206,0.98553,-0.01901,0.10582,-2e-05,0.99998,-0.00175,0.00551,-0.00044,0.99476,0.05943,0.08215,0.01303,33.16,34.59,0.0673,0.0643
20:09:27.716,1790255367.7162,2891,9.244,7.496,0.009,1.616,-0.00612,0.01048,0.98711,-0.00101,0.00067,-0.003,-0.27183,-0.0237,0.96617,-0.01965,0.10038,-0.00035,0.99999,-0.00041,0.00505,-0.00046,0.99465,0.05816,0.08437,0.01294,33.16,34.59,0.0704,0.077
20:09:27.736,1790255367.7366,2892,9.294,7.416,0.012,1.618,-0.02464,-0.00501,0.99729,-0.0021,-0.00161,-0.00027,-0.24029,-0.02071,0.9482,-0.01936,0.10298,-0.00166,0.99998,-0.00087,0.00656,-0.00047,0.99455,0.05702,0.08631,0.01287,33.16,34.59,0.0782,0.0638
20:09:27.757,1790255367.757,2893,9.373,7.349,0.015,1.621,-0.01638,-0.00343,1.00108,0.00092,0.0006,-0.00232,-0.2675,-0.02799,0.96914,-0.02089,0.09927,-0.00229,0.99997,-0.0016,0.008,-0.00049,0.99444,0.05571,0.08843,0.01276,33.16,34.59,0.0791,0.0757
20:09:27.777,1790255367.7773,2894,9.486,7.281,0.019,1.623,-0.03452,-0.02058,0.97948,0.00188,0.00322,0.00248,-0.26572,-0.03189,0.9614,-0.0328,0.08724,0.00281,0.99996,-0.00249,0.009,-0.00048,0.99435,0.05423,0.09041,0.0127,33.16,34.59,0.0652,0.0785
20:09:27.797,1790255367.7978,2895,9.685,7.302,0.022,1.625,-0.01973,-0.02622,1.00965,0.00055,0.001,0.00184,-0.25235,-0.03072,0.94901,-0.03165,0.09508,-0.00209,0.99995,-0.00396,0.00912,-0.00047,0.99425,0.05289,0.0923,0.01261,33.16,34.59,0.0724,0.0669
20:09:27.818,1790255367.8181,2896,10.047,7.007,0.026,1.627,-0.0089,0.00666,1.00072,-0.00204,9e-05,0.00098,-0.2661,0.00064,0.9598,-0.02592,0.09572,-0.00061,0.99996,-0.00262,0.00824,-0.00045,0.99411,0.05159,0.09449,0.01251,33.16,34.59,0.0794,0.077
20:09:27.838,1790255367.8385,2897,10.2,6.68,0.03,1.628,-0.01851,-0.00076,0.99241,0.00054,-0.00061,-0.00066,-0.26696,-0.02381,0.9761,-0.04147,0.08951,-0.00028,0.99996,-0.00125,0.0089,-0.00044,0.994,0.05013,0.09639,0.01243,33.16,34.59,0.0744,0.0708
20:09:27.859,1790255367.859,2898,10.584,6.491,0.034,1.63,-0.01418,-0.00189,1.01843,0.00097,7e-05,0.00114,-0.27707,-0.02903,0.95444,-0.04031,0.083,-0.0007,0.99997,-0.00103,0.00757,-0.00044,0.99389,0.04862,0.09836,0.01233,33.16,34.59,0.0661,0.0757
20:09:27.879,1790255367.8795,2899,10.958,6.369,0.038,1.632,0.0029,-0.00945,0.99692,0.00131,0.00014,-0.00213,-0.25788,-0.01811,0.97692,-0.06221,0.08331,0.00345,0.99998,-0.00162,0.00609,-0.00047,0.99379,0.04687,0.10014,0.0123,33.16,34.59,0.0777,0.0721
20:09:27.899,1790255367.8997,2900,10.984,6.231,0.041,1.634,-0.02005,-0.00573,0.99318,0.00028,0.00097,1e-05,-0.25704,-0.03261,0.95444,-0.05085,0.0764,0.0003,0.99997,-0.00208,0.00754,-0.00047,0.9937,0.04525,0.10178,0.01223,33.16,34.59,0.0751,0.0717
20:09:27.920,1790255367.9201,2901,11.066,6.126,0.045,1.635,-0.02728,-0.01066,0.9871,0.00012,-0.00333,-0.00324,-0.28219,-0.01925,0.94603,-0.06125,0.08143,-0.00361,0.99996,-0.00275,0.00878,-0.0005,0.99357,0.04367,0.10373,0.01213,33.16,34.59,0.0707,0.0706
20:09:27.940,1790255367.9406,2902,11.238,5.794,0.05,1.637,-0.02182,0.00495,0.98991,-0.00103,0.00047,-0.00047,-0.27552,-0.0039,0.95367,-0.04848,0.07852,-0.00335,0.99996,-0.00138,0.00936,-0.00049,0.99343,0.04217,0.10571,0.012,33.16,34.59,0.0726,0.0745
20:09:27.961,1790255367.9611,2903,11.619,5.56,0.054,1.638,-0.00741,-0.00047,1.00755,0.0017,0.00033,0.00115,-0.27577,-0.02708,0.96387,-0.06147,0.07095,-0.00081,0.99997,-0.00108,0.00787,-0.00049,0.99332,0.04036,0.10749,0.0119,33.16,34.59,0.0743,0.0778
20:09:27.981,1790255367.9816,2904,11.646,5.315,0.058,1.64,-0.02213,-0.00087,0.98406,0.0,-0.00018,0.00211,-0.26022,-0.03968,0.95307,-0.06579,0.07282,-0.00199,0.99996,-0.00082,0.00923,-0.00046,0.99322,0.03854,0.10903,0.01181,33.17,34.59,0.0682,0.0716
20:09:28.002,1790255368.0021,2905,11.991,5.167,0.062,1.641,-0.00144,-0.00939,1.01095,0.00054,-0.00164,-0.00048,-0.2661,-0.03974,0.95318,-0.07582,0.07565,-0.00531,0.99997,-0.00143,0.00789,-0.00047,0.99312,0.03658,0.11067,0.01168,33.17,34.59,0.0718,0.0728
20:09:28.022,1790255368.0227,2906,12.131,4.763,0.067,1.642,-0.01676,0.00049,0.99513,-0.00111,0.00136,-0.00017,-0.26979,-0.04171,0.95704,-0.07269,0.06933,-0.00054,0.99996,7e-05,0.00836,-0.00046,0.99301,0.0346,0.11227,0.01159,33.17,34.59,0.0765,0.0764
20:09:28.043,1790255368.0433,2907,12.154,4.467,0.071,1.643,-0.02775,0.00565,0.98829,0.0034,0.00263,-0.00129,-0.27796,-0.02934,0.9797,-0.0808,0.06079,0.00436,0.99995,0.00076,0.00971,-0.00046,0.9929,0.03277,0.11375,0.01158,33.17,34.59,0.0715,0.0659
20:09:28.063,1790255368.0635,2908,12.505,4.291,0.076,1.644,0.00339,-0.0012,1.00371,-0.00015,0.00036,-0.00275,-0.27092,-0.02018,0.94951,-0.07271,0.05404,-0.00124,0.99997,0.00057,0.00816,-0.00049,0.99279,0.03099,0.11523,0.01149,33.17,34.59,0.0772,0.0707
20:09:28.084,1790255368.0842,2909,12.661,3.921,0.08,1.645,-0.02117,0.01743,0.9778,-0.002,-0.00183,-0.00203,-0.28385,-0.02585,0.95473,-0.07848,0.05353,-0.0001,0.99996,0.0018,0.00854,-0.0005,0.99266,0.02904,0.11689,0.01141,33.17,34.59,0.0636,0.0773
20:09:28.104,1790255368.1043,2910,12.917,3.809,0.085,1.646,0.00146,-0.01173,0.99999,-0.00153,0.00267,0.0002,-0.25728,-0.03435,0.97482,-0.08322,0.04099,-7e-05,0.99997,0.00075,0.00732,-0.00051,0.9926,0.02697,0.11789,0.01132,33.17,34.59,0.08,0.0734
20:09:28.125,1790255368.1249,2911,12.908,3.527,0.089,1.646,-0.03032,0.00475,0.97908,-0.00037,0.00015,-0.00017,-0.25827,-0.02413,0.97767,-0.08772,0.05363,-0.00117,0.99996,0.00102,0.00862,-0.00051,0.99251,0.02486,0.11907,0.01124,33.17,34.59,0.0647,0.0714
20:09:28.145,1790255368.1452,2912,13.062,3.45,0.094,1.647,-0.01491,-0.01738,0.98958,-0.00095,-0.0012,-0.00228,-0.26129,-0.03065,0.96872,-0.08506,0.04742,0.00077,0.99996,-0.00046,0.00845,-0.00054,0.99242,0.02269,0.12024,0.01116,33.17,34.59,0.0724,0.0771
20:09:28.165,1790255368.1658,2913,13.154,3.378,0.099,1.648,-0.02037,-0.0133,0.98687,-0.00133,0.00011,-0.0,-0.26935,-0.01004,0.9763,-0.08951,0.03405,0.00022,0.99996,-0.00185,0.00886,-0.00055,0.99232,0.02067,0.12146,0.01109,33.17,34.59,0.0704,0.0704
20:09:28.186,1790255368.1863,2914,13.134,3.197,0.104,1.648,-0.02795,-0.01068,0.98861,-0.00023,-0.00192,-0.00205,-0.26302,-0.03884,0.96648,-0.09873,0.03435,-0.00281,0.99995,-0.00267,0.01006,-0.00058,0.99224,0.01832,0.12246,0.01098,33.17,34.59,0.0718,0.0782
20:09:28.206,1790255368.2065,2915,13.131,2.895,0.108,1.649,-0.02323,-0.00392,0.97286,-0.0018,0.00152,-0.00165,-0.27651,-0.04104,0.96923,-0.10048,0.02879,0.00252,0.99993,-0.00229,0.01121,-0.00059,0.99215,0.01614,0.12354,0.01093,33.17,34.59,0.0599,0.0735
20:09:28.227,1790255368.227,2916,13.437,2.612,0.113,1.649,-0.00264,-0.00036,0.98695,0.00193,0.00131,-0.00224,-0.28499,-0.04432,0.96975,-0.1042,0.03345,0.00752,0.99995,-0.00197,0.00981,-0.00061,0.99203,0.01397,0.12475,0.01096,33.17,34.59,0.0702,0.0712
20:09:28.247,1790255368.2475,2917,13.607,2.197,0.118,1.649,-0.01859,-0.00046,0.99088,0.00189,0.00018,0.00068,-0.26298,-0.02228,0.94399,-0.10549,0.03072,0.00514,0.99996,-0.00051,0.00945,-0.0006,0.99192,0.01187,0.12579,0.01097,33.17,34.59,0.0733,0.0651
20:09:28.267,1790255368.2677,2918,13.735,1.774,0.123,1.649,-0.01876,0.00122,0.98173,-0.00109,-0.00019,-0.00067,-0.27615,-0.02115,0.96233,-0.10935,0.01409,-0.0043,0.99995,0.00082,0.00957,-0.00059,0.9918,0.0096,0.12695,0.01086,33.17,34.59,0.0664,0.079
20:09:28.288,1790255368.2881,2919,13.912,1.665,0.128,1.649,-0.01495,-0.01993,0.98359,0.00274,0.00015,-0.00161,-0.28603,-0.03592,0.96091,-0.11487,0.02528,0.00264,0.99996,-0.00052,0.00933,-0.00062,0.99166,0.00729,0.12824,0.01084,33.17,34.59,0.0679,0.0776
20:09:28.308,1790255368.3083,2920,14.012,1.568,0.133,1.649,-0.02399,-0.01155,0.98341,-0.00353,-0.00129,-0.00212,-0.28535,-0.01733,0.95847,-0.10929,0.01949,-0.00325,0.99995,-0.00176,0.00996,-0.00065,0.99148,0.00521,0.12974,0.01077,33.17,34.59,0.0678,0.0799
20:09:28.328,1790255368.3288,2921,14.307,1.239,0.138,1.649,0.0058,0.00971,1.0062,-0.00181,-0.00098,-0.00044,-0.28084,-0.02164,0.96776,-0.10821,0.0084,0.00126,0.99996,-0.00108,0.00857,-0.00065,0.99134,0.00304,0.13087,0.01073,33.17,34.59,0.0753,0.0741
20:09:28.349,1790255368.3493,2922,14.348,1.102,0.143,1.649,-0.0293,-0.02047,1.01177,0.00164,0.00346,0.00278,-0.29205,-0.04585,0.95846,-0.11768,0.01301,-0.00569,0.99995,-0.00228,0.0094,-0.00063,0.99119,0.00069,0.13205,0.01063,33.17,34.59,0.0707,0.0777
20:09:28.370,1790255368.3698,2923,14.327,0.911,0.148,1.648,-0.02307,-0.00729,0.98346,-0.00125,-0.00039,0.00092,-0.27794,-0.02869,0.9564,-0.11366,0.00075,0.00415,0.99994,-0.003,0.01059,-0.00063,0.99105,-0.00165,0.13303,0.01061,33.17,34.6,0.0678,0.0773
20:09:28.390,1790255368.3904,2924,14.396,0.472,0.153,1.648,-0.01959,0.00846,0.97825,0.00123,-0.00151,0.00268,-0.26551,-0.03055,0.95202,-0.11422,-0.00515,0.0015,0.99994,-0.00168,0.01047,-0.00059,0.99099,-0.00406,0.13345,0.01057,33.17,34.6,0.0639,0.0716
20:09:28.411,1790255368.4109,2925,14.603,0.246,0.159,1.648,0.00101,-0.00958,0.99219,0.00199,0.00086,0.00017,-0.26152,-0.02241,0.94872,-0.11723,9e-05,0.00105,0.99996,-0.0021,0.009,-0.0006,0.99094,-0.00645,0.13377,0.01052,33.17,34.6,0.0742,0.0683
20:09:28.431,1790255368.4313,2926,14.834,-0.17,0.164,1.647,-0.01108,0.00208,0.99626,0.00101,0.00161,0.00328,-0.27528,-0.03765,0.95709,-0.12252,-0.00132,-4e-05,0.99997,-0.00103,0.00786,-0.00056,0.99081,-0.00893,0.13458,0.01047,33.17,34.6,0.0772,0.0775
20:09:28.452,1790255368.4518,2927,14.909,-0.433,0.169,1.646,-0.0129,-0.00186,1.00847,-0.00361,0.00413,-0.00111,-0.25595,-0.02913,0.97224,-0.12425,-0.00386,-0.00225,0.99998,-0.00095,0.00639,-0.00057,0.9909,-0.01112,0.13375,0.01043,33.17,34.6,0.0736,0.0757
20:09:28.472,1790255368.4723,2928,14.927,-0.52,0.174,1.645,0.0062,-0.00562,1.00835,-0.00104,-0.00319,-0.00206,-0.26165,-0.01956,0.97262,-0.12233,-0.01307,-0.0026,0.99999,-0.00125,0.00488,-0.0006,0.99107,-0.01219,0.13239,0.01053,33.17,34.6,0.0737,0.0745
20:09:28.493,1790255368.4929,2929,15.078,-0.65,0.18,1.645,-0.00618,-0.00726,0.98763,-0.00022,-0.00244,0.00068,-0.25874,-0.03206,0.93852,-0.12803,-0.0113,-0.00634,0.99999,-0.00244,0.004,-0.0006,0.99098,-0.01451,0.13283,0.01046,33.17,34.6,0.0708,0.0605
20:09:28.513,1790255368.5133,2930,15.091,-0.855,0.185,1.644,-0.01818,-0.00348,0.98883,-0.00116,-0.00179,0.00038,-0.29093,-0.03466,0.9603,-0.12707,-0.01526,0.00228,0.99998,-0.00226,0.00543,-0.00059,0.99075,-0.01607,0.13434,0.01058,33.17,34.6,0.0718,0.077
20:09:28.534,1790255368.5339,2931,15.007,-1.029,0.191,1.643,-0.00878,0.0131,0.98547,0.00053,-0.00021,-0.00132,-0.26463,-0.02286,0.97793,-0.13321,-0.02495,0.00441,0.99999,-0.00085,0.00527,-0.00058,0.99087,-0.01616,0.13342,0.01092,33.17,34.6,0.0692,0.07
20:09:28.554,1790255368.5544,2932,14.983,-1.211,0.196,1.642,-0.01574,-0.00049,1.00678,0.00135,-0.0006,-0.00365,-0.2669,-0.02805,0.94238,-0.14065,-0.02658,-0.00313,0.99998,-0.00048,0.00675,-0.00061,0.99068,-0.01733,0.13466,0.01108,33.17,34.6,0.0748,0.0649
20:09:28.574,1790255368.5745,2933,14.957,-1.386,0.201,1.641,-0.00784,0.00919,0.99913,0.0011,0.0003,0.00032,-0.26358,-0.02973,0.95522,-0.13441,-0.02664,0.00216,0.99998,0.00092,0.00597,-0.00061,0.99081,-0.01746,0.13363,0.01138,33.17,34.6,0.0794,0.0735
20:09:28.595,1790255368.5951,2934,15.138,-1.353,0.206,1.639,-0.0085,-0.0148,0.9894,-0.00078,-0.00312,-0.00029,-0.27344,-0.03153,0.97791,-0.15484,-0.02992,-0.00406,0.99998,-0.00055,0.00565,-0.00062,0.99062,-0.0187,0.13489,0.01157,33.17,34.6,0.0722,0.0681
20:09:28.615,1790255368.6152,2935,15.35,-1.262,0.212,1.638,0.01261,-0.00973,0.98761,-0.00352,-0.00071,0.00011,-0.26892,-0.02468,0.95231,-0.13368,-0.03405,-0.00034,0.99999,-0.00107,0.0043,-0.00062,0.99055,-0.01854,0.1354,0.01192,33.17,34.6,0.0708,0.0724
20:09:28.635,1790255368.6355,2936,15.476,-1.264,0.217,1.637,-0.00938,-0.01158,0.96778,-0.00292,0.0008,0.00296,-0.27789,-0.03261,0.94842,-0.1445,-0.03876,1e-05,0.99999,-0.00223,0.00443,-0.00059,0.99035,-0.01976,0.13664,0.01212,33.17,34.6,0.0559,0.0716
20:09:28.656,1790255368.6559,2937,15.303,-1.411,0.223,1.636,-0.01472,0.00886,0.981,-4e-05,0.00243,-0.00066,-0.25336,-0.01405,0.95436,-0.13623,-0.03941,-0.00354,0.99999,-0.00101,0.00501,-0.00059,0.99048,-0.01978,0.13568,0.0124,33.17,34.6,0.0659,0.0706
20:09:28.676,1790255368.6765,2938,15.189,-1.453,0.228,1.635,-0.01981,0.00125,0.98771,-0.00336,-0.0006,-6e-05,-0.27407,-0.02824,0.96758,-0.15256,-0.04647,-0.00341,0.99998,-0.00059,0.00639,-0.00059,0.99042,-0.01974,0.13606,0.01276,33.17,34.6,0.0709,0.0755
20:09:28.697,1790255368.697,2939,14.896,-1.646,0.233,1.634,-0.01945,0.00511,0.98905,0.0009,0.00214,-0.00122,-0.2532,-0.02606,0.97802,-0.14305,-0.04549,-0.00318,0.99997,0.00041,0.00749,-0.0006,0.99061,-0.02035,0.13457,0.01297,33.17,34.6,0.0719,0.0721
20:09:28.717,1790255368.7171,2940,14.734,-1.816,0.239,1.633,-0.01681,0.008,0.98867,0.00104,-0.0003,0.00098,-0.26331,-0.02356,0.97655,-0.15199,-0.06504,0.00325,0.99997,0.00181,0.00788,-0.00059,0.99075,-0.02042,0.13351,0.01335,33.17,34.6,0.0716,0.0712
20:09:28.737,1790255368.7376,2941,14.504,-1.73,0.244,1.632,-0.02058,-0.01221,1.00161,-0.00169,1e-05,-0.00112,-0.25633,-0.03211,0.9843,-0.15153,-0.05117,-0.00239,0.99996,0.00025,0.00834,-0.00061,0.99093,-0.02126,0.13202,0.01356,33.17,34.6,0.0786,0.0668
20:09:28.758,1790255368.7578,2942,14.636,-1.925,0.249,1.63,-0.01219,-0.00292,0.97751,0.00063,0.00044,0.00181,-0.26106,-0.04311,0.95105,-0.14355,-0.0644,0.00425,0.99997,-0.00056,0.00736,-0.00062,0.99085,-0.02377,0.13217,0.01362,33.17,34.6,0.0632,0.0704
20:09:28.778,1790255368.7781,2943,14.422,-1.791,0.254,1.629,-0.01708,-0.00786,0.99047,-0.00062,-0.00184,-0.00317,-0.25828,-0.03596,0.97815,-0.14851,-0.05968,-0.00065,0.99997,-0.00196,0.00786,-0.00066,0.99101,-0.02405,0.13085,0.01391,33.17,34.6,0.073,0.0708
20:09:28.798,1790255368.7983,2944,14.202,-1.692,0.259,1.628,-0.02641,-0.00971,1.00091,0.00222,-0.00287,0.00286,-0.2545,-0.01669,0.95079,-0.14482,-0.06922,-0.00104,0.99995,-0.0027,0.00923,-0.00063,0.99108,-0.02394,0.13032,0.01425,33.17,34.6,0.079,0.0683
20:09:28.818,1790255368.8186,2945,14.141,-1.818,0.264,1.627,-0.02021,0.00223,0.98744,-0.00241,0.00064,0.00248,-0.26191,-0.02537,0.96836,-0.14828,-0.06264,0.00185,0.99995,-0.00134,0.0096,-0.00059,0.99111,-0.02368,0.13012,0.01466,33.17,34.6,0.0707,0.0774
20:09:28.839,1790255368.8391,2946,14.076,-1.995,0.269,1.625,-0.00121,0.01554,0.999,0.00055,0.00104,0.00078,-0.23511,-0.02389,0.96805,-0.1563,-0.07873,-0.00069,0.99996,-0.00018,0.00845,-0.00058,0.99132,-0.02408,0.12838,0.01495,33.17,34.6,0.0793,0.0774
20:09:28.859,1790255368.8597,2947,14.176,-1.936,0.274,1.624,-0.00252,-0.00269,0.97113,0.00068,0.00051,0.00275,-0.25898,-0.02881,0.97096,-0.14612,-0.07753,-0.0044,0.99997,-0.00037,0.00727,-0.00056,0.99136,-0.02384,0.12808,0.01529,33.17,34.6,0.0584,0.076
20:09:28.880,1790255368.8802,2948,13.974,-1.758,0.279,1.623,-0.01765,-0.00763,0.97679,-0.00217,-0.00265,0.00119,-0.24613,-0.01881,0.97034,-0.13581,-0.08614,-0.00049,0.99997,-0.00155,0.00782,-0.00055,0.99151,-0.02352,0.12691,0.01564,33.17,34.6,0.0627,0.0791
20:09:28.900,1790255368.9004,2949,13.846,-1.878,0.284,1.622,-0.01636,0.00956,0.97993,-0.00097,0.00037,-0.00021,-0.24675,-0.02199,0.97031,-0.14426,-0.08376,0.00203,0.99997,-0.00024,0.00793,-0.00054,0.99165,-0.02325,0.12587,0.01602,33.17,34.6,0.0651,0.0789
20:09:28.921,1790255368.921,2950,13.541,-1.98,0.288,1.62,-0.02324,0.00478,0.99365,-0.0013,-0.00109,0.00134,-0.23237,-0.01383,0.96391,-0.1433,-0.09053,-0.00246,0.99996,0.00064,0.00919,-0.00052,0.99182,-0.02321,0.12444,0.01632,33.17,34.6,0.0754,0.0737
20:09:28.941,1790255368.9417,2951,13.615,-1.921,0.293,1.619,-0.00842,-0.00028,0.97436,-0.00144,0.00152,0.00313,-0.24919,-0.03568,0.97305,-0.15317,-0.08783,0.00381,0.99997,0.00043,0.00796,-0.00049,0.99189,-0.02301,0.12387,0.01674,33.17,34.6,0.0608,0.0762
20:09:28.962,1790255368.9624,2952,13.628,-2.024,0.298,1.618,-0.00908,0.00807,0.98824,-0.00224,0.00169,-0.00089,-0.24204,-0.02628,0.96208,-0.1534,-0.08596,-0.00393,0.99997,0.00148,0.00698,-0.00049,0.992,-0.02288,0.12297,0.01707,33.17,34.6,0.0712,0.0743
20:09:28.983,1790255368.9829,2953,13.554,-2.098,0.303,1.616,-0.02642,-0.00238,0.99003,-0.0043,0.00227,0.00295,-0.25376,-0.04112,0.97493,-0.14802,-0.09281,0.00086,0.99996,0.00086,0.00838,-0.00047,0.99187,-0.02413,0.12372,0.0173,33.17,34.6,0.0728,0.0738
20:09:29.003,1790255369.0031,2954,13.406,-2.21,0.307,1.615,-0.01759,0.00372,0.98541,0.00169,0.00088,0.00026,-0.24679,-0.0266,0.97043,-0.1489,-0.09418,-0.00607,0.99996,0.00209,0.00903,-0.00046,0.99196,-0.02385,0.12304,0.01762,33.17,34.6,0.0692,0.0787
20:09:29.023,1790255369.0235,2955,13.443,-2.051,0.312,1.614,-0.01331,-0.00249,0.98032,0.00138,0.00113,0.00098,-0.25018,-0.0175,0.96396,-0.15106,-0.09955,-0.00098,0.99997,0.00099,0.00829,-0.00047,0.992,-0.02367,0.12267,0.01799,33.18,34.6,0.0653,0.077
20:09:29.043,1790255369.0438,2956,13.237,-1.925,0.317,1.613,-0.03063,-0.00609,0.99468,0.00209,0.00068,8e-05,-0.25254,-0.00982,0.96967,-0.14137,-0.10407,8e-05,0.99995,0.00022,0.00964,-0.00047,0.99205,-0.02336,0.12225,0.01836,33.18,34.6,0.0764,0.0784
20:09:29.064,1790255369.0645,2957,13.368,-1.923,0.321,1.611,-0.00594,0.00347,0.99292,-0.00261,-0.00154,-0.00027,-0.24821,-0.01766,0.96647,-0.15007,-0.09778,0.00339,0.99997,0.00054,0.00812,-0.00047,0.9921,-0.02312,0.12186,0.01878,33.18,34.6,0.0747,0.0785
20:09:29.085,1790255369.0851,2958,13.35,-1.83,0.326,1.61,0.00212,-0.00578,0.98313,0.00163,0.00034,-0.00093,-0.2302,-0.01291,0.97222,-0.14199,-0.10027,-0.00232,0.99998,4e-05,0.00682,-0.00048,0.99227,-0.02288,0.12044,0.01909,33.18,34.6,0.0674,0.0794
20:09:29.105,1790255369.1053,2959,13.361,-1.838,0.33,1.609,-0.00871,0.0011,0.9961,6e-05,0.0012,0.00125,-0.23169,-0.02048,0.97243,-0.15055,-0.10774,0.00016,0.99999,0.00036,0.00529,-0.00047,0.99244,-0.0227,0.119,0.01944,33.18,34.6,0.0771,0.0799
20:09:29.126,1790255369.1259,2960,13.191,-1.668,0.335,1.608,-0.01038,-0.00953,0.97873,-0.00036,0.00075,0.0001,-0.22812,-0.0166,0.98105,-0.14604,-0.10219,0.00037,0.99999,-0.00096,0.00529,-0.00048,0.99261,-0.0226,0.11758,0.01977,33.18,34.6,0.0641,0.0745
20:09:29.146,1790255369.1462,2961,13.185,-1.86,0.34,1.606,-0.00989,0.00499,0.98991,0.00036,0.00192,-0.00135,-0.24214,-0.01791,0.94797,-0.14825,-0.11452,0.00137,0.99999,0.00051,0.00518,-0.00049,0.99263,-0.0228,0.11735,0.02011,33.18,34.6,0.0725,0.0639
20:09:29.166,1790255369.1667,2962,12.762,-2.016,0.344,1.605,-0.02252,0.00609,0.99418,0.002,0.00264,0.00193,-0.20632,-0.03007,0.984,-0.13772,-0.10586,0.00399,0.99998,0.00113,0.00665,-0.00046,0.99287,-0.02344,0.1151,0.02034,33.18,34.6,0.0758,0.0756
20:09:29.187,1790255369.1871,2963,12.644,-2.191,0.348,1.604,-0.01088,0.00385,0.99852,-0.00261,0.00211,0.00248,-0.21013,-0.03485,0.97489,-0.14441,-0.11572,0.00545,0.99998,0.00199,0.00533,-0.00043,0.99312,-0.02413,0.11272,0.0206,33.18,34.6,0.0789,0.0784
20:09:29.207,1790255369.2075,2964,12.469,-2.316,0.353,1.602,-0.01122,0.00827,0.97766,0.00385,-0.00029,-0.00106,-0.21893,-0.01464,0.98396,-0.13947,-0.11865,0.00154,0.99998,0.0033,0.00556,-0.00044,0.99327,-0.02388,0.11137,0.02093,33.18,34.6,0.0633,0.0739
20:09:29.228,1790255369.2279,2965,12.509,-2.424,0.357,1.601,-0.00969,0.00876,0.97992,-0.00419,0.00225,-0.00242,-0.23189,-0.01764,0.97072,-0.15019,-0.11391,-0.00213,0.99998,0.00443,0.00496,-0.00045,0.9933,-0.02373,0.11108,0.02126,33.18,34.6,0.065,0.0786
20:09:29.248,1790255369.248,2966,12.459,-2.283,0.361,1.6,-0.00575,0.0029,0.9644,-0.00162,-0.00222,0.00011,-0.22051,-0.0047,0.97816,-0.15193,-0.11944,0.00117,0.99998,0.00352,0.00434,-0.00045,0.99341,-0.02348,0.11006,0.02162,33.18,34.6,0.0533,0.078
20:09:29.268,1790255369.2681,2967,12.652,-2.305,0.366,1.598,0.00977,-0.00354,0.99072,-0.00404,-0.00045,0.00062,-0.22948,-0.04118,0.98143,-0.14301,-0.12508,0.00416,0.99999,0.00275,0.00305,-0.00045,0.99334,-0.02454,0.11046,0.02187,33.18,34.6,0.0731,0.0734
20:09:29.288,1790255369.2885,2968,12.282,-2.217,0.37,1.597,-0.02219,-0.00392,0.99006,-0.00235,-0.00272,0.00315,-0.20251,-0.02157,0.9787,-0.13982,-0.11594,-0.00556,0.99999,0.00198,0.00431,-0.00042,0.99355,-0.02449,0.10853,0.02209,33.18,34.6,0.0727,0.0798
20:09:29.309,1790255369.3091,2969,12.225,-1.979,0.374,1.596,-0.00461,-0.01065,0.99472,-0.00078,0.00187,-0.00016,-0.22154,-0.00229,0.97504,-0.13303,-0.1261,0.00369,0.99999,0.00047,0.0039,-0.00043,0.99364,-0.02401,0.1077,0.02246,33.18,34.6,0.0761,0.0799
20:09:29.329,1790255369.3293,2970,12.065,-2.127,0.378,1.594,-0.0038,0.01258,0.98475,0.00059,-0.00311,0.00038,-0.18979,-0.0184,0.97762,-0.12408,-0.10733,-0.00139,0.99999,0.00179,0.00342,-0.00042,0.99384,-0.02396,0.10578,0.02268,33.18,34.6,0.0686,0.077
20:09:29.350,1790255369.3499,2971,11.952,-1.913,0.382,1.593,-0.00756,-0.01495,0.98652,-0.00039,0.0025,0.00159,-0.21553,-0.01283,0.98671,-0.12917,-0.11629,-0.0022,0.99999,0.00035,0.00351,-0.0004,0.99393,-0.02359,0.10495,0.02296,33.18,34.6,0.07,0.0725
20:09:29.370,1790255369.3701,2972,11.9,-1.759,0.386,1.592,-0.00593,-0.01037,0.97412,0.00181,-2e-05,-0.00309,-0.22269,-0.02354,0.99909,-0.12494,-0.12231,-0.00359,0.99999,-0.00086,0.00341,-0.00044,0.99398,-0.02349,0.10445,0.02319,33.18,34.6,0.0606,0.0621
20:09:29.390,1790255369.3902,2973,11.543,-1.638,0.39,1.591,-0.02907,-0.0166,1.00108,-7e-05,0.00238,-0.00215,-0.19722,-0.01958,0.98882,-0.1259,-0.12168,-0.00013,0.99999,-0.00174,0.00475,-0.00046,0.99416,-0.02327,0.10274,0.02344,33.18,34.6,0.0788,0.0736
20:09:29.410,1790255369.4108,2974,11.324,-1.455,0.394,1.59,-0.00712,-0.01631,0.99589,-0.00109,0.00048,0.00122,-0.18945,-0.024,0.99005,-0.12484,-0.12853,-0.00178,0.99998,-0.0033,0.00447,-0.00047,0.99437,-0.02326,0.10062,0.02365,33.18,34.6,0.077,0.0738
20:09:29.431,1790255369.4309,2975,11.168,-1.565,0.398,1.589,-0.01219,0.00608,0.99119,0.00436,0.00086,0.00368,-0.20101,-0.02853,0.98086,-0.12433,-0.12218,-0.00153,0.99999,-0.00183,0.00485,-0.00043,0.99448,-0.02271,0.09959,0.02392,33.18,34.6,0.0735,0.0788
20:09:29.451,1790255369.4515,2976,11.113,-1.674,0.402,1.587,-0.0061,0.00595,0.99616,-0.00164,-0.0015,0.00332,-0.19839,-0.00626,0.98852,-0.11975,-0.12363,0.00418,0.99999,-0.00036,0.00428,-0.00039,0.9946,-0.0222,0.09848,0.02424,33.18,34.6,0.0771,0.0738
20:09:29.472,1790255369.4718,2977,10.984,-1.782,0.406,1.586,-0.0165,0.00487,0.9994,0.00016,0.00021,-0.0018,-0.21408,-0.02225,0.97164,-0.11591,-0.1216,-0.0049,0.99998,0.00057,0.00561,-0.00038,0.99458,-0.02215,0.09864,0.02443,33.18,34.6,0.0797,0.0764
20:09:29.492,1790255369.4923,2978,10.757,-1.608,0.409,1.585,-0.01183,-0.01,0.9789,0.00016,0.00107,-0.00174,-0.1786,-0.01526,0.97356,-0.11941,-0.11856,-0.00288,0.99998,-0.00074,0.00571,-0.00039,0.99475,-0.02195,0.09683,0.02463,33.18,34.6,0.0643,0.0724
20:09:29.513,1790255369.5129,2979,10.447,-1.473,0.413,1.584,-0.0263,-0.01106,0.97917,-0.0012,0.0012,0.00072,-0.18323,-0.00679,0.98946,-0.11376,-0.1227,0.00135,0.99998,-0.00146,0.00683,-0.00039,0.99491,-0.02144,0.09531,0.02489,33.18,34.6,0.0647,0.0753
20:09:29.533,1790255369.5332,2980,10.074,-1.394,0.416,1.583,-0.01797,-0.0048,0.97464,-0.00155,0.00058,0.00103,-0.17377,-0.01861,0.9888,-0.10882,-0.12805,-0.00296,0.99997,-0.00195,0.00798,-0.00038,0.9951,-0.02117,0.09323,0.02506,33.18,34.6,0.0611,0.0769
20:09:29.553,1790255369.5535,2981,10.013,-1.27,0.42,1.582,0.00426,-0.01353,0.97177,-0.00277,0.00171,-0.00031,-0.17885,-0.01491,0.99589,-0.10436,-0.12123,-0.00256,0.99997,-0.00251,0.00692,-0.00039,0.99525,-0.02069,0.09169,0.02525,33.18,34.6,0.0589,0.071
20:09:29.574,1790255369.5738,2982,9.922,-1.359,0.423,1.581,-0.00517,-0.0027,0.99276,-0.00214,-0.0006,0.00189,-0.16768,-0.03224,0.97129,-0.10589,-0.11797,0.00219,0.99998,-0.00214,0.00545,-0.00038,0.99545,-0.02113,0.0894,0.02538,33.18,34.6,0.0746,0.0696
20:09:29.594,1790255369.5942,2983,9.62,-1.214,0.426,1.58,-0.01571,-0.00694,0.98779,0.00107,-0.0021,0.00175,-0.1701,0.00959,0.99037,-0.10766,-0.12702,-0.00109,0.99997,-0.00283,0.00669,-0.00036,0.99557,-0.02048,0.08807,0.02561,33.18,34.6,0.071,0.0763
20:09:29.614,1790255369.6147,2984,9.661,-1.271,0.429,1.579,0.00453,0.01363,0.98297,-0.00373,-0.00115,-0.00177,-0.17943,-0.01061,0.96882,-0.11228,-0.11771,-0.00211,0.99998,-0.00185,0.00574,-0.00037,0.99563,-0.02004,0.08744,0.02582,33.18,34.6,0.0673,0.069
20:09:29.635,1790255369.6351,2985,9.316,-1.119,0.433,1.578,-0.01846,-0.0129,0.99941,-0.00107,-0.00023,0.00263,-0.14987,-0.01743,0.97363,-0.09759,-0.10962,0.00044,0.99997,-0.00316,0.00672,-0.00035,0.9958,-0.01995,0.08548,0.02597,33.18,34.6,0.0797,0.0689
20:09:29.655,1790255369.6557,2986,9.398,-0.988,0.436,1.577,-0.00272,-0.00946,0.99575,-0.00683,-0.00146,0.00068,-0.17733,0.00565,0.9989,-0.10873,-0.11318,0.00328,0.99998,-0.00368,0.00519,-0.00035,0.99587,-0.01943,0.08471,0.02622,33.18,34.6,0.0769,0.0691
20:09:29.676,1790255369.6759,2987,9.486,-1.108,0.439,1.576,-0.00706,0.0022,0.98722,0.00056,-0.00553,0.00288,-0.19258,-0.01402,0.99011,-0.09225,-0.11346,0.00121,0.99999,-0.00233,0.00468,-0.00032,0.99586,-0.01916,0.0849,0.02642,33.18,34.6,0.0704,0.0734
20:09:29.696,1790255369.6962,2988,9.514,-1.13,0.442,1.575,0.00095,0.00732,1.00736,-0.00169,-0.00075,0.00117,-0.17049,-0.01175,0.98797,-0.08926,-0.1041,-0.00205,0.99999,-0.0012,0.00368,-0.0003,0.99593,-0.01827,0.08411,0.02661,33.18,34.6,0.0745,0.078
20:09:29.716,1790255369.7167,2989,9.106,-1.109,0.445,1.574,-0.01666,-0.00962,0.99856,0.0001,-0.00416,-0.00048,-0.13866,-0.03295,0.97777,-0.08638,-0.10617,-0.00194,0.99999,-0.0022,0.00491,-0.00031,0.99611,-0.01897,0.08183,0.02664,33.18,34.6,0.0791,0.0711
20:09:29.737,1790255369.7374,2990,9.158,-1.094,0.448,1.573,0.0006,0.00181,0.98085,-0.0015,-0.0018,-0.00113,-0.1625,-0.01106,0.97404,-0.08969,-0.10265,-0.0012,0.99999,-0.00152,0.00373,-0.00032,0.99618,-0.01822,0.08108,0.02682,33.18,34.6,0.0656,0.0707
20:09:29.758,1790255369.7578,2991,8.907,-1.155,0.451,1.572,-0.01587,0.01252,0.98261,0.00036,-0.00124,-0.00223,-0.14705,-0.00443,0.98523,-0.08465,-0.10862,0.00035,0.99999,-0.00031,0.00437,-0.00034,0.99632,-0.01747,0.0795,0.02699,33.18,34.6,0.0671,0.0771
20:09:29.778,1790255369.7782,2992,8.773,-0.882,0.454,1.571,-0.0093,-0.00372,0.98744,0.00387,0.00056,0.00118,-0.15879,-0.001,0.98275,-0.07482,-0.10368,-0.00248,0.99999,-0.00168,0.00468,-0.00033,0.99639,-0.01646,0.07873,0.02715,33.18,34.6,0.0706,0.0766
20:09:29.798,1790255369.7985,2993,8.906,-1.047,0.457,1.57,0.00203,0.01499,0.98083,-0.00023,0.00292,0.00045,-0.16892,-0.02741,1.00358,-0.07753,-0.11077,-0.00111,0.99999,-0.00055,0.00401,-0.00032,0.99635,-0.01681,0.07916,0.02724,33.18,34.6,0.0657,0.0664
20:09:29.819,1790255369.819,2994,8.749,-0.75,0.46,1.57,-0.00971,-0.01221,0.98387,-0.0032,0.00504,0.00154,-0.15582,-0.00215,0.98774,-0.06461,-0.10727,0.00045,0.99999,-0.00197,0.00429,-0.00031,0.99644,-0.01562,0.07817,0.02743,33.18,34.6,0.068,0.08
20:09:29.839,1790255369.8394,2995,8.717,-0.621,0.463,1.569,-0.00115,-0.00536,0.99937,-0.00343,0.00193,0.00216,-0.14109,-0.01036,0.99557,-0.06072,-0.09807,0.0,0.99999,-0.00231,0.00271,-0.0003,0.99659,-0.01491,0.07637,0.02754,33.18,34.6,0.0795,0.0758
20:09:29.859,1790255369.8598,2996,8.47,-0.531,0.466,1.568,-0.02021,-0.00384,0.99459,-0.00063,-0.00539,0.00215,-0.15632,-0.01054,1.00678,-0.05903,-0.094,-0.00099,0.99999,-0.00224,0.0042,-0.00027,0.99665,-0.01396,0.07572,0.02768,33.18,34.6,0.0761,0.0658
20:09:29.880,1790255369.8799,2997,8.4,-0.297,0.469,1.567,0.00472,-0.01692,0.99001,-0.00191,0.00189,0.00021,-0.1377,-0.00092,0.98791,-0.06114,-0.10228,0.00364,0.99999,-0.00327,0.00316,-0.00027,0.99677,-0.01301,0.07416,0.02785,33.18,34.6,0.0726,0.0781
20:09:29.900,1790255369.9002,2998,8.353,-0.266,0.471,1.567,0.00162,-0.00158,0.97645,0.00409,0.0001,0.00154,-0.13846,-0.00603,0.98761,-0.06057,-0.09272,-0.00677,0.99999,-0.00257,0.00208,-0.00026,0.99689,-0.01206,0.07267,0.02792,33.18,34.6,0.0623,0.078
20:09:29.920,1790255369.9205,2999,8.019,-0.352,0.474,1.566,-0.00866,-0.00123,1.0012,0.0005,0.0026,0.00031,-0.12753,-0.00804,0.973,-0.06057,-0.09173,0.00414,0.99999,-0.00151,0.00332,-0.00025,0.99702,-0.01163,0.07094,0.02805,33.18,34.6,0.0791,0.066
20:09:29.941,1790255369.9411,3000,8.091,-0.212,0.477,1.566,0.00211,-0.00245,0.99064,-0.00078,0.00072,0.00368,-0.14146,-0.01276,0.99236,-0.05741,-0.0848,-4e-05,1.0,-0.00143,0.00183,-0.00022,0.99709,-0.01041,0.07011,0.02819,33.18,34.6,0.073,0.0781
20:09:29.961,1790255369.9617,3001,7.751,-0.387,0.479,1.565,-0.00959,-0.00331,1.00936,-0.00046,0.00148,-0.00034,-0.13981,-0.0172,0.98771,-0.03602,-0.0829,-0.00245,0.99999,-0.00154,0.00332,-0.00021,0.99718,-0.01189,0.0686,0.02809,33.18,34.6,0.0729,0.0783
20:09:29.982,1790255369.982,3002,7.487,-0.227,0.482,1.564,-0.01772,-0.00636,0.97235,0.00542,0.00151,-0.00015,-0.12876,0.00642,1.00167,-0.03984,-0.0836,-0.00367,0.99999,-0.00183,0.00449,-0.00022,0.99726,-0.01071,0.06752,0.02816,33.18,34.6,0.0594,0.0726
20:09:30.002,1790255370.0026,3003,7.151,-0.207,0.484,1.564,-0.01551,-0.00081,0.97985,0.00105,-0.00015,-0.00032,-0.11574,0.00097,1.00319,-0.04129,-0.0843,-0.00225,0.99998,-0.00132,0.00573,-0.00021,0.99738,-0.0099,0.06582,0.02822,33.18,34.6,0.065,0.0726
20:09:30.023,1790255370.0228,3004,7.09,-0.233,0.486,1.563,0.00956,-0.01518,0.98941,-0.00098,0.00215,0.00349,-0.11774,-0.0278,1.00385,-0.03898,-0.0798,-0.00515,0.99999,-0.00208,0.00449,-0.00018,0.99749,-0.01091,0.06408,0.02813,33.18,34.6,0.0722,0.0717
20:09:30.043,1790255370.0433,3005,7.175,-0.474,0.489,1.562,0.03489,0.01228,0.98643,-0.00182,-0.00278,-0.00073,-0.12761,-0.04567,0.99736,-0.03318,-0.08114,-0.00277,0.99999,-0.0016,0.00311,-0.00019,0.99752,-0.01257,0.06336,0.02802,33.19,34.6,0.0703,0.0751
20:09:30.064,1790255370.0639,3006,6.877,-0.746,0.491,1.561,-0.00866,-0.00018,0.99442,0.00085,0.00292,-0.00325,-0.11064,-0.03737,1.00807,-0.03672,-0.08007,-0.0002,0.99999,-0.00039,0.00413,-0.00022,0.99761,-0.01361,0.06169,0.02797,33.19,34.6,0.0758,0.0689
20:09:30.084,1790255370.0845,3007,6.64,-0.488,0.493,1.561,-0.0084,-0.01137,0.99641,0.00072,0.00314,0.00137,-0.11321,-0.01847,0.9914,-0.025,-0.0721,-0.0024,0.99999,-0.00198,0.00419,-0.00021,0.99774,-0.01291,0.05979,0.02798,33.19,34.6,0.0774,0.0785
20:09:30.105,1790255370.1048,3008,6.682,-0.377,0.495,1.56,0.01659,0.00414,0.99295,0.00112,-0.00324,0.00284,-0.10678,0.0047,0.99944,-0.02153,-0.06761,0.00127,1.0,-0.0015,0.00271,-0.00018,0.99781,-0.01153,0.05869,0.02808,33.19,34.6,0.0748,0.0761
20:09:30.125,1790255370.1251,3009,6.557,-0.265,0.497,1.559,-0.01073,-0.00198,0.97755,-0.00046,-0.00126,-0.00255,-0.12165,-0.0029,0.97331,-0.0182,-0.05687,-0.00208,0.99999,-0.00128,0.00396,-0.00021,0.99782,-0.01028,0.05887,0.02814,33.19,34.6,0.0632,0.0657
20:09:30.145,1790255370.1455,3010,6.36,-0.39,0.499,1.559,-0.00775,0.00901,1.00453,-0.0033,-0.00109,-0.00138,-0.08039,-0.00723,0.99589,-0.01642,-0.05314,-0.00082,0.99999,0.00024,0.00392,-0.00021,0.99793,-0.00979,0.05704,0.02815,33.19,34.6,0.0765,0.0794
20:09:30.166,1790255370.1662,3011,6.232,-0.454,0.501,1.558,-0.00807,0.0049,1.00302,-0.00108,0.00143,0.00137,-0.10322,-0.00412,0.97509,-0.02211,-0.05531,-0.00554,0.99999,0.00183,0.00401,-0.00019,0.998,-0.00872,0.05594,0.02815,33.19,34.6,0.0777,0.0654
20:09:30.187,1790255370.1869,3012,5.955,-0.457,0.503,1.557,-0.016,-0.00445,0.99675,-0.00245,-0.00333,-0.0003,-0.10646,-0.02041,0.98482,-0.01132,-0.05863,0.00061,0.99999,0.00066,0.0051,-0.0002,0.99806,-0.00981,0.05466,0.02809,33.19,34.6,0.0777,0.0731
20:09:30.207,1790255370.2074,3013,5.903,-0.519,0.505,1.557,-0.00137,0.0074,0.99492,0.00221,0.00175,-0.00455,-0.04551,-0.00969,1.0082,-0.00543,-0.0535,3e-05,0.99999,0.00158,0.00383,-0.00025,0.99816,-0.00946,0.05289,0.02808,33.19,34.6,0.0762,0.073
20:09:30.227,1790255370.2277,3014,5.549,-0.517,0.507,1.556,-0.0167,0.0,0.98943,0.00322,-0.00194,-0.00241,-0.08741,-0.02311,0.99263,0.00266,-0.04916,0.00123,0.99999,0.00114,0.00519,-0.00027,0.99825,-0.00976,0.05119,0.02805,33.19,34.6,0.0722,0.0776
20:09:30.248,1790255370.2479,3015,5.395,-0.318,0.509,1.555,-0.00347,-0.01873,0.97896,-0.00122,-0.00054,0.00072,-0.08237,-0.01268,0.98882,-0.00039,-0.04498,0.00136,0.99999,-0.0001,0.00479,-0.00028,0.99834,-0.00924,0.04953,0.02806,33.19,34.6,0.0644,0.0742
20:09:30.268,1790255370.2681,3016,5.307,-0.328,0.51,1.555,0.00016,0.01414,0.9778,0.00107,-0.0027,-0.0001,-0.08058,-0.00492,0.98789,0.00031,-0.05415,0.00086,0.99999,0.00097,0.00406,-0.00028,0.99842,-0.00825,0.048,0.02809,33.19,34.6,0.0634,0.0734
20:09:30.288,1790255370.2883,3017,5.271,-0.258,0.512,1.554,0.02219,-0.00722,0.98519,-0.00316,0.00015,0.00293,-0.06912,-0.01989,1.00631,0.02022,-0.04254,0.00158,1.0,0.00053,0.00272,-0.00025,0.9985,-0.00811,0.04638,0.02807,33.19,34.6,0.0691,0.0733
20:09:30.308,1790255370.3084,3018,5.046,0.029,0.513,1.553,-0.01278,-0.0102,0.99535,0.00066,0.00065,0.00063,-0.08748,-0.00679,1.01055,0.0068,-0.03162,-0.00082,0.99999,-0.00076,0.00356,-0.00025,0.99855,-0.00684,0.04537,0.02809,33.19,34.6,0.0766,0.0692
20:09:30.328,1790255370.3287,3019,4.737,-0.011,0.515,1.553,-0.02327,0.00433,0.97277,0.00033,0.00269,0.00238,-0.05855,-0.01326,0.98896,0.00414,-0.03334,0.00193,0.99999,-0.00035,0.00473,-0.00022,0.99862,-0.00666,0.04382,0.02809,33.19,34.6,0.0598,0.0731
20:09:30.349,1790255370.3492,3020,4.482,-0.171,0.516,1.552,-0.02222,0.00505,0.97574,-0.00063,-0.00052,-0.00444,-0.07683,-0.02298,0.99354,0.01637,-0.02947,0.00132,0.99998,0.00015,0.00588,-0.00027,0.99867,-0.00745,0.0427,0.02803,33.19,34.6,0.062,0.0776
20:09:30.369,1790255370.3698,3021,4.19,-0.202,0.518,1.552,-0.02061,0.00582,0.97162,0.00115,-0.00121,0.00339,-0.05082,-0.01448,1.00353,0.03039,-0.0248,-0.00151,0.99998,0.00079,0.00691,-0.00023,0.99874,-0.00698,0.04115,0.02799,33.19,34.6,0.0589,0.0763
20:09:30.390,1790255370.3903,3022,4.195,-0.012,0.519,1.551,0.00766,-0.00432,0.99138,-0.00263,0.00141,0.00157,-0.06515,-0.00545,0.99996,0.04014,-0.01126,0.00087,0.99998,0.00036,0.00546,-0.00021,0.9988,-0.0058,0.0398,0.02799,33.19,34.6,0.0736,0.0784
20:09:30.411,1790255370.411,3023,4.206,0.1,0.52,1.551,0.02031,0.0066,0.99574,0.00476,0.0034,0.00199,-0.04649,0.00446,1.00003,0.03952,-0.01907,0.00249,0.99999,0.0007,0.00393,-0.00019,0.99886,-0.00453,0.03839,0.02801,33.19,34.6,0.077,0.0792
20:09:30.431,1790255370.4313,3024,4.231,0.127,0.521,1.55,0.00073,0.00292,0.99818,-0.00069,0.00046,0.00231,-0.06456,-0.00837,1.00375,0.03809,-0.00961,0.00142,1.0,0.00097,0.00236,-0.00017,0.99891,-0.00408,0.03704,0.02799,33.19,34.6,0.0786,0.0756
20:09:30.451,1790255370.4514,3025,4.203,-0.022,0.523,1.55,-0.0024,0.00507,0.99501,0.00011,0.00034,-0.00225,-0.05883,-0.01299,1.00183,0.03192,-0.00511,-0.0028,1.0,0.00221,0.00146,-0.00019,0.99896,-0.00416,0.03582,0.02792,33.19,34.6,0.0763,0.0773
20:09:30.472,1790255370.4719,3026,4.173,0.131,0.524,1.549,0.01076,-0.00175,0.97073,0.0021,-0.00147,-0.00145,-0.03873,-0.00244,0.99564,0.04145,-0.00268,-0.00368,1.0,0.00174,0.00035,-0.0002,0.99901,-0.00332,0.0345,0.02787,33.19,34.6,0.0581,0.0773
20:09:30.492,1790255370.4921,3027,3.921,0.315,0.525,1.549,-0.00455,-0.0013,0.98097,-0.00167,0.00068,0.00439,-0.05407,-0.00438,1.00337,0.03773,-0.00018,0.00037,1.0,0.0007,0.0012,-0.00016,0.99906,-0.00267,0.03323,0.02785,33.19,34.6,0.0657,0.0764
20:09:30.512,1790255370.5123,3028,3.617,0.406,0.526,1.548,-0.01422,-7e-05,0.98883,0.00462,-0.00391,0.00242,-0.0438,-0.00368,0.99947,0.05618,0.01035,0.00112,1.0,0.00057,0.00259,-0.00013,0.9991,-0.00189,0.032,0.02784,33.19,34.6,0.0717,0.0797
20:09:30.532,1790255370.5327,3029,3.66,0.474,0.527,1.548,0.01177,0.00217,0.99178,0.00093,-0.00237,0.00013,-0.01186,-0.00804,1.00913,0.05603,0.00628,1e-05,1.0,0.00067,0.00106,-0.00013,0.99914,-0.00126,0.03085,0.02781,33.19,34.6,0.0739,0.0731
20:09:30.553,1790255370.5535,3030,3.55,0.31,0.528,1.547,-0.00241,0.0146,1.00063,-0.00062,-0.0028,-0.00041,-0.03811,-0.01029,0.99291,0.05842,0.01228,-0.00211,1.0,0.00231,0.00107,-0.00013,0.99917,-0.00101,0.0298,0.02774,33.19,34.6,0.0794,0.0753
20:09:30.573,1790255370.5738,3031,3.485,0.247,0.529,1.547,0.00171,0.01271,0.99342,-0.00055,0.00335,0.00331,-0.00479,-0.00097,1.00181,0.05993,0.00837,0.00565,0.99999,0.00368,0.00045,-0.0001,0.99921,-0.00019,0.02857,0.02778,33.19,34.6,0.0751,0.0786
20:09:30.594,1790255370.5942,3032,3.26,0.448,0.53,1.547,-0.01326,-0.00936,0.98302,-0.00034,-0.00141,-0.00091,0.00103,-0.00211,1.00868,0.05844,0.01522,-0.00241,1.0,0.00258,0.00127,-0.0001,0.99924,0.00054,0.02751,0.02774,33.19,34.6,0.0674,0.0735
20:09:30.614,1790255370.6146,3033,3.273,0.721,0.531,1.546,0.02005,-0.01145,1.00059,-0.00209,0.00023,-0.00141,-0.02937,0.00961,0.99871,0.06859,0.01742,-0.00711,1.0,0.0016,-4e-05,-0.00011,0.99927,0.0019,0.02642,0.02766,33.19,34.6,0.0794,0.0794
20:09:30.635,1790255370.6351,3034,3.22,0.961,0.532,1.546,0.00444,-0.00972,0.99397,-0.00014,0.00208,0.00048,-0.00978,-0.0045,1.00691,0.07277,0.03506,-0.0028,1.0,0.00013,-0.00053,-0.00011,0.99929,0.00252,0.02555,0.0276,33.19,34.6,0.0755,0.0748
20:09:30.655,1790255370.6554,3035,2.972,0.967,0.533,1.546,-0.0177,0.00392,0.97838,0.00072,0.00061,0.00142,-0.01229,-0.00519,0.99618,0.06223,0.03426,0.00085,1.0,0.00038,0.00074,-0.00011,0.99931,0.00292,0.02466,0.02759,33.19,34.6,0.0639,0.0772
20:09:30.675,1790255370.6758,3036,3.007,0.989,0.534,1.546,0.00474,0.00639,0.9879,-0.00083,-0.00222,0.00071,-0.00949,0.01013,1.01446,0.07816,0.0298,-0.00255,1.0,0.00134,-0.00035,-0.0001,0.99933,0.00403,0.02385,0.02755,33.19,34.6,0.0709,0.0691
20:09:30.696,1790255370.696,3037,2.815,0.974,0.535,1.546,-0.00607,0.00463,0.97121,0.00074,-0.00502,0.00027,-0.01121,-0.01147,0.98764,0.07976,0.03712,-0.00081,1.0,0.00169,0.00073,-0.0001,0.99934,0.00433,0.02325,0.02751,33.19,34.6,0.0584,0.0708
20:09:30.716,1790255370.7165,3038,2.736,1.192,0.536,1.545,0.00039,-0.0108,0.97738,0.00362,-0.00058,-0.0016,-0.00654,-0.00179,0.98988,0.08553,0.03614,-0.00179,1.0,0.00044,0.00056,-0.00012,0.99936,0.005,0.02247,0.02747,33.19,34.6,0.0631,0.0724
20:09:30.737,1790255370.7369,3039,2.624,1.442,0.536,1.545,-0.00057,-0.01554,0.99833,-0.00163,0.00336,-0.00358,-0.00052,-0.0029,1.00446,0.08182,0.03198,-0.0041,1.0,-0.00119,0.00054,-0.00016,0.99938,0.00558,0.02158,0.02741,33.19,34.6,0.0788,0.0767
20:09:30.757,1790255370.7571,3040,2.709,1.432,0.537,1.545,0.00514,-0.00034,0.98761,0.0027,0.00403,-0.00332,-0.00078,-0.01143,0.9904,0.08247,0.04233,0.00615,1.0,-0.00072,-0.00078,-0.00019,0.99939,0.0059,0.02099,0.02745,33.19,34.6,0.0707,0.0729
20:09:30.777,1790255370.7773,3041,2.525,1.497,0.538,1.545,-0.00829,0.0082,0.99626,-0.00093,-0.0011,-0.00059,-0.01219,0.02553,0.98438,0.09548,0.04561,-9e-05,1.0,0.00037,0.00033,-0.00019,0.99938,0.00764,0.02048,0.02745,33.19,34.6,0.0772,0.0686
20:09:30.797,1790255370.7976,3042,2.418,1.781,0.538,1.545,-0.00276,-0.0151,1.0047,-0.00038,0.00131,-0.00251,0.00108,0.01231,0.98611,0.08785,0.05166,-0.00233,1.0,-0.00117,0.00055,-0.00022,0.99939,0.00861,0.01988,0.02743,33.19,34.6,0.0764,0.0696
20:09:30.818,1790255370.8181,3043,2.303,1.686,0.539,1.545,-0.00585,0.00619,0.98613,-0.00021,0.00012,0.00159,0.00421,-0.00934,1.01147,0.10087,0.0584,0.00188,1.0,7e-05,0.00125,-0.00022,0.99939,0.00906,0.01951,0.02743,33.19,34.6,0.0696,0.0714
20:09:30.838,1790255370.8382,3044,2.07,1.802,0.539,1.546,-0.01249,0.0012,0.98455,0.00092,0.0011,0.00481,0.00348,0.02222,1.00721,0.09373,0.05765,0.00268,1.0,0.00022,0.00263,-0.00017,0.99939,0.01032,0.01888,0.02746,33.19,34.6,0.0685,0.0744
20:09:30.859,1790255370.8589,3045,2.178,1.736,0.54,1.546,0.01355,0.01636,1.0031,0.00289,0.0002,-0.00042,-0.00631,0.0024,1.00955,0.09811,0.06547,-0.00387,1.0,0.00128,0.0014,-0.00017,0.99939,0.01075,0.01855,0.02741,33.19,34.6,0.0775,0.0728
20:09:30.879,1790255370.8792,3046,2.285,1.853,0.541,1.546,0.00462,0.0029,1.00794,0.00094,0.00263,-0.00171,-0.0129,0.01905,0.99111,0.10074,0.06725,-0.00196,1.0,0.00135,-7e-05,-0.00019,0.99939,0.01177,0.01804,0.02739,33.19,34.6,0.074,0.0735
20:09:30.899,1790255370.8995,3047,2.191,2.14,0.541,1.546,-0.00115,-0.01124,0.98516,-0.00175,0.00361,-0.0031,0.00912,0.01979,1.00699,0.1052,0.06674,0.0038,1.0,-6e-05,9e-05,-0.00022,0.99939,0.01289,0.01749,0.02744,33.19,34.6,0.0689,0.0746
20:09:30.920,1790255370.9199,3048,2.27,2.418,0.542,1.546,0.01282,-0.00695,0.99159,-0.00141,0.00353,0.00084,0.00893,0.03591,1.00612,0.11137,0.06663,-0.0003,1.0,-0.00077,-0.00121,-0.00021,0.99937,0.01454,0.01698,0.02745,33.19,34.6,0.0738,0.0749
20:09:30.940,1790255370.94,3049,2.334,2.451,0.542,1.547,0.01194,0.00981,0.98908,-0.00139,9e-05,-0.00137,0.01316,0.02932,1.00782,0.11477,0.07896,-0.00096,1.0,0.00032,-0.00214,-0.00023,0.99936,0.01587,0.01657,0.02746,33.19,34.6,0.0719,0.0737
20:09:30.960,1790255370.9605,3050,2.141,2.724,0.543,1.547,-0.00173,-0.00337,0.99077,0.00129,-1e-05,-0.00111,0.01019,0.04009,1.01274,0.11608,0.07539,-7e-05,1.0,-0.00052,-0.00089,-0.00022,0.99934,0.0175,0.01623,0.02749,33.19,34.6,0.0731,0.0698
20:09:30.981,1790255370.9811,3051,2.276,2.919,0.544,1.547,0.0092,-0.0019,0.99854,0.00046,-0.00039,0.00151,0.00885,0.03707,1.00918,0.1158,0.07864,-0.00562,1.0,-0.00071,-0.0025,-0.00023,0.99932,0.01893,0.01585,0.02746,33.19,34.6,0.0789,0.0726
20:09:31.001,1790255371.0015,3052,2.057,3.137,0.544,1.548,-0.00325,-0.00477,1.00014,-0.00127,-0.00136,0.00103,0.00413,0.03914,1.00973,0.11437,0.08246,0.00097,1.0,-0.00134,-0.00101,-0.00021,0.9993,0.02031,0.01551,0.0275,33.19,34.6,0.0799,0.0721
20:09:31.021,1790255371.0217,3053,1.937,3.286,0.545,1.549,-0.012,0.01151,0.99185,-0.00242,-0.00178,-0.00294,-0.00465,0.05894,0.99924,0.12716,0.09798,0.00097,1.0,-0.0003,2e-05,-0.00024,0.99924,0.0227,0.0155,0.02755,33.19,34.6,0.074,0.0793
20:09:31.042,1790255371.0423,3054,1.845,3.664,0.545,1.549,-0.00358,-0.01203,0.98933,0.00077,0.00343,0.00421,-0.01403,0.05134,0.99067,0.11689,0.0909,0.00197,1.0,-0.00171,0.0005,-0.0002,0.9992,0.02461,0.01531,0.02763,33.19,34.6,0.0721,0.0741
20:09:31.062,1790255371.0627,3055,1.956,3.841,0.546,1.55,0.00287,-0.0047,0.9842,0.00233,0.00335,3e-05,-0.001,0.04056,0.99193,0.12917,0.08888,-0.00236,1.0,-0.00215,-0.00078,-0.0002,0.99918,0.02566,0.01505,0.02764,33.2,34.6,0.0682,0.0746
20:09:31.082,1790255371.0828,3056,1.816,3.829,0.546,1.551,-0.00654,-0.00057,0.99271,-0.0013,0.00096,0.00074,-0.00301,0.03148,0.98364,0.12423,0.09337,0.00106,1.0,-0.00152,0.00058,-0.0002,0.99916,0.02625,0.01518,0.02768,33.2,34.6,0.0746,0.0681
20:09:31.103,1790255371.103,3057,1.647,3.83,0.546,1.552,-0.0129,0.00505,0.99645,-0.00025,-0.00015,0.00243,0.00629,0.04063,1.00374,0.12854,0.09501,0.00291,1.0,-0.00064,0.00187,-0.00017,0.99913,0.02722,0.01497,0.02775,33.2,34.6,0.0774,0.0766
20:09:31.123,1790255371.1235,3058,1.735,3.874,0.547,1.552,0.00636,0.01967,0.9945,-0.00023,0.00032,0.00231,-0.01198,0.05694,0.97467,0.12744,0.09851,0.00145,1.0,0.00076,0.00119,-0.00015,0.99908,0.02897,0.01502,0.02782,33.2,34.6,0.076,0.0623
20:09:31.143,1790255371.1438,3059,1.874,4.012,0.547,1.553,0.00328,0.00236,0.99228,0.00337,0.00036,-0.00011,0.0093,0.05607,1.00521,0.12882,0.09666,-0.00803,1.0,0.00102,-0.00029,-0.00015,0.99904,0.03035,0.01479,0.0278,33.2,34.6,0.0742,0.0749
20:09:31.164,1790255371.1641,3060,1.769,4.048,0.548,1.554,-0.00148,0.00669,0.99592,-0.00232,4e-05,0.00341,0.00792,0.06489,0.99401,0.13722,0.09241,0.00015,1.0,0.00242,0.00034,-0.00011,0.99899,0.03211,0.01447,0.02787,33.2,34.6,0.077,0.0771
20:09:31.184,1790255371.1843,3061,1.951,4.044,0.548,1.555,0.01935,0.01437,0.99013,-0.00107,0.00185,-0.00193,0.00347,0.03354,0.99282,0.13716,0.10493,0.00519,0.99999,0.00304,-0.00097,-0.00013,0.99897,0.0326,0.01473,0.02796,33.2,34.6,0.0728,0.075
20:09:31.204,1790255371.2045,3062,2.048,4.319,0.549,1.556,0.00602,0.00333,0.97611,0.00075,0.00106,-0.00203,0.01799,0.06759,0.99383,0.1392,0.11364,0.00279,1.0,0.00237,-0.00202,-0.00014,0.99891,0.03427,0.01462,0.02807,33.2,34.6,0.0621,0.0772
20:09:31.225,1790255371.2251,3063,1.862,4.485,0.549,1.557,-0.00864,0.00395,0.98798,0.00408,-0.00141,0.00268,0.01268,0.06529,0.99073,0.13892,0.1061,0.00196,1.0,0.00233,-0.00058,-0.00012,0.99886,0.03577,0.01447,0.02817,33.2,34.6,0.071,0.0747
20:09:31.245,1790255371.2456,3064,1.849,4.835,0.55,1.558,0.00119,-0.00694,1.01906,0.0014,0.00051,-0.00102,0.00874,0.07289,0.98363,0.14088,0.1124,0.00172,1.0,0.00098,-0.00058,-0.00012,0.99879,0.03747,0.0145,0.02827,33.2,34.6,0.0657,0.0698
20:09:31.266,1790255371.2658,3065,1.784,4.853,0.55,1.559,-0.00022,0.0054,0.99497,0.0005,-0.00131,-0.00249,0.02857,0.07346,0.98541,0.14408,0.10837,-0.00104,1.0,0.00242,-3e-05,-0.00015,0.99873,0.03909,0.01445,0.02834,33.2,34.6,0.0762,0.0714
20:09:31.286,1790255371.2861,3066,1.746,5.251,0.55,1.56,-0.00077,-0.00508,0.98467,0.0021,-0.00201,0.00091,0.0056,0.08864,0.99705,0.14465,0.112,0.00216,1.0,0.00105,7e-05,-0.00014,0.99864,0.04121,0.01436,0.02846,33.2,34.6,0.0685,0.0793
20:09:31.306,1790255371.3064,3067,1.826,5.544,0.551,1.562,0.01374,-0.01409,0.97962,-0.00202,0.00026,-0.0001,0.01421,0.07841,0.98998,0.14129,0.11486,-0.00455,1.0,3e-05,-0.00079,-0.00014,0.99858,0.04269,0.01431,0.02852,33.2,34.6,0.0649,0.0749
20:09:31.326,1790255371.3267,3068,1.957,5.862,0.551,1.563,0.00544,-0.00208,0.99394,-0.00233,-0.00138,-0.00317,0.01169,0.09398,1.00284,0.14206,0.10613,0.00228,1.0,-0.00074,-0.00215,-0.00017,0.99849,0.04461,0.01421,0.02865,33.2,34.6,0.0755,0.0745
20:09:31.347,1790255371.347,3069,1.773,6.144,0.552,1.565,-0.00536,-0.00709,0.99278,0.00295,-0.00042,0.00029,0.01523,0.09285,0.99407,0.14665,0.10809,0.00075,1.0,-0.00148,-0.00085,-0.00016,0.99841,0.04642,0.01401,0.02877,33.2,34.6,0.0746,0.0789
20:09:31.367,1790255371.3674,3070,1.661,6.165,0.552,1.566,-0.00152,-0.00224,0.97603,0.00069,-0.0001,-0.00427,0.00823,0.05944,0.99826,0.14488,0.11048,-0.00296,1.0,-0.00122,0.00039,-0.00021,0.99838,0.04693,0.01427,0.02882,33.2,34.6,0.062,0.08
20:09:31.388,1790255371.3881,3071,1.65,6.09,0.552,1.568,-0.0041,0.00275,0.98256,-0.00072,0.0017,0.00248,-0.0083,0.07224,0.9862,0.14433,0.12265,-0.00415,1.0,-7e-05,0.00116,-0.00018,0.99835,0.04745,0.01488,0.02886,33.2,34.6,0.0669,0.0717
20:09:31.408,1790255371.4082,3072,1.509,6.103,0.553,1.57,-0.00691,0.00212,0.99189,0.00245,-0.00206,-0.00012,0.00791,0.07408,0.99804,0.15052,0.11498,0.00092,1.0,0.00061,0.00248,-0.00018,0.9983,0.04832,0.01496,0.02897,33.2,34.6,0.0739,0.0794
20:09:31.428,1790255371.4288,3073,1.534,6.133,0.553,1.571,-0.00239,0.02171,1.00714,0.00181,0.00175,-0.00028,0.01598,0.09622,0.97926,0.15219,0.1071,0.00194,1.0,0.00214,0.0023,-0.00018,0.99821,0.05009,0.01497,0.0291,33.2,34.6,0.0745,0.0681
20:09:31.449,1790255371.4491,3074,1.692,6.341,0.553,1.573,0.01165,-0.00221,0.98715,0.00139,-0.00254,0.00318,-0.00033,0.09461,1.00578,0.13841,0.12141,-0.0004,1.0,0.00163,0.00094,-0.00015,0.99814,0.0513,0.01507,0.02921,33.2,34.6,0.0704,0.0723
20:09:31.469,1790255371.4695,3075,1.793,6.369,0.554,1.574,0.01248,0.02088,0.98146,0.0037,-9e-05,0.00169,0.01402,0.08977,1.00079,0.15501,0.11573,-0.00093,1.0,0.00272,9e-05,-0.00013,0.99807,0.05258,0.01507,0.02933,33.2,34.6,0.0663,0.0763
20:09:31.489,1790255371.4897,3076,1.917,6.641,0.554,1.576,0.01117,-0.00299,0.98971,-1e-05,0.00095,-0.00034,0.02002,0.097,0.98817,0.14869,0.11889,-0.00534,1.0,0.00185,-0.00109,-0.00012,0.99799,0.05401,0.01508,0.0294,33.2,34.6,0.0723,0.0748
20:09:31.510,1790255371.51,3077,2.002,6.767,0.555,1.578,0.01701,0.02736,0.97847,-0.00137,-0.0034,0.00111,0.02889,0.1187,0.98844,0.1622,0.12302,4e-05,0.99999,0.00294,-0.00182,-0.00011,0.99787,0.05614,0.01511,0.02955,33.2,34.6,0.0643,0.077
20:09:31.530,1790255371.5303,3078,1.991,6.746,0.555,1.58,0.00038,0.02499,0.9933,0.00221,-0.00053,-0.00124,0.02083,0.10066,1.00086,0.15411,0.1258,-0.00192,0.99999,0.00447,-0.00157,-0.00013,0.99779,0.05749,0.01521,0.02967,33.2,34.6,0.0752,0.0754
20:09:31.550,1790255371.5506,3079,1.841,6.811,0.556,1.581,-0.00719,0.01043,0.99069,0.0004,0.00143,0.0018,0.0087,0.08963,0.98933,0.15448,0.11302,-0.00131,0.99999,0.00469,-9e-05,-0.00012,0.99773,0.05837,0.0154,0.02977,33.2,34.6,0.0731,0.0751
20:09:31.571,1790255371.5711,3080,1.768,7.168,0.556,1.583,-0.00491,-0.00953,0.99458,-0.00177,0.00122,0.00241,0.02898,0.11169,0.99236,0.15511,0.12154,-0.00372,0.99999,0.00317,0.00033,-9e-05,0.99763,0.05999,0.01533,0.02989,33.2,34.6,0.076,0.0793
20:09:31.591,1790255371.5912,3081,1.75,7.47,0.557,1.585,-0.00214,-0.00983,0.99178,0.00029,-0.00367,0.00125,0.01297,0.10308,0.99255,0.15837,0.12243,-0.00381,1.0,0.00169,0.00043,-8e-05,0.99756,0.06115,0.01541,0.03,33.2,34.6,0.0739,0.0785
20:09:31.611,1790255371.6114,3082,1.696,7.772,0.557,1.587,-0.00222,-0.00013,0.9807,-0.00031,-0.00182,-0.00106,0.02607,0.11011,0.97879,0.15081,0.11926,0.00239,1.0,0.00046,0.0009,-9e-05,0.99746,0.06257,0.01554,0.03017,33.2,34.6,0.0655,0.069
20:09:31.632,1790255371.6319,3083,1.663,7.835,0.557,1.59,-0.00402,0.01476,0.99343,-3e-05,0.0004,0.00203,0.01358,0.1334,0.99088,0.15383,0.12101,0.00185,1.0,0.00198,0.00115,-7e-05,0.99733,0.06465,0.01549,0.03037,33.2,34.6,0.0752,0.0799
20:09:31.652,1790255371.6524,3084,1.834,7.895,0.558,1.592,0.00023,0.00564,1.00598,0.00081,0.00042,0.00074,0.02471,0.11302,0.98861,0.15215,0.13607,-0.00085,1.0,0.00282,-0.00015,-7e-05,0.99723,0.06592,0.01569,0.03053,33.2,34.6,0.0755,0.0765
20:09:31.672,1790255371.6726,3085,1.695,8.125,0.558,1.594,-0.00698,0.00033,0.99961,-0.00141,-0.00158,-8e-05,0.0216,0.11263,1.00519,0.14805,0.11981,-0.0002,1.0,0.00185,0.00114,-7e-05,0.99715,0.06703,0.01587,0.03068,33.2,34.6,0.0797,0.0712
20:09:31.693,1790255371.6928,3086,1.606,8.183,0.559,1.596,-0.00752,0.00754,0.96639,0.00088,0.00096,-0.00053,0.00574,0.12431,1.0025,0.14992,0.11887,-0.00374,0.99999,0.00251,0.00202,-7e-05,0.99706,0.06825,0.01598,0.03081,33.2,34.6,0.0548,0.0724
20:09:31.713,1790255371.7131,3087,1.536,8.468,0.559,1.599,-0.00822,-0.00252,0.98683,-0.00221,0.001,-0.00231,0.03315,0.1155,0.97949,0.14989,0.12635,-0.00129,1.0,0.00125,0.00273,-0.0001,0.99697,0.06951,0.01621,0.03096,33.2,34.6,0.0702,0.0701
20:09:31.733,1790255371.7336,3088,1.685,8.481,0.559,1.601,0.02285,0.02517,0.99379,-0.00199,0.00147,-0.0017,0.00984,0.12067,0.99582,0.14687,0.11857,0.00216,1.0,0.0022,0.00153,-0.00012,0.99689,0.07048,0.0163,0.03115,33.2,34.6,0.0758,0.0776
20:09:31.754,1790255371.754,3089,1.584,8.729,0.56,1.603,-0.01466,-0.00698,1.00021,-0.00208,0.00293,2e-05,0.02898,0.11163,1.02442,0.14411,0.11162,0.00138,1.0,0.00104,0.00272,-0.00012,0.99681,0.07155,0.01673,0.0313,33.2,34.6,0.0797,0.0568
20:09:31.774,1790255371.7746,3090,1.692,9.011,0.56,1.606,0.00434,-0.0101,1.00163,0.00042,-0.00135,-0.00454,0.01448,0.12303,0.98444,0.15183,0.11067,-0.00036,1.0,-0.00023,0.00169,-0.00017,0.99672,0.07267,0.01677,0.03147,33.2,34.6,0.0787,0.0742
20:09:31.795,1790255371.7952,3091,1.845,9.032,0.56,1.608,-0.00054,0.00208,0.99311,-0.00244,-0.00022,0.00245,0.01045,0.13348,1.01016,0.13501,0.11045,-0.00416,1.0,0.00078,0.00054,-0.00014,0.99663,0.07377,0.01694,0.03159,33.2,34.6,0.0748,0.0658
20:09:31.815,1790255371.8157,3092,1.954,9.01,0.561,1.611,0.00236,0.0058,0.98688,0.00066,-0.00057,-0.00115,0.01587,0.12201,0.99067,0.14288,0.11016,0.00359,1.0,0.0019,-0.00036,-0.00014,0.99656,0.07462,0.01696,0.03179,33.2,34.6,0.0702,0.0787
20:09:31.836,1790255371.8359,3093,2.094,9.229,0.561,1.613,0.00992,-0.00248,0.99202,-0.00253,-0.00347,0.00465,0.01355,0.1292,0.99754,0.14315,0.11212,0.00055,1.0,0.00103,-0.00164,-9e-05,0.99648,0.07557,0.01702,0.03197,33.2,34.6,0.0741,0.0755
20:09:31.856,1790255371.8566,3094,2.066,9.173,0.562,1.616,-0.00513,0.02624,0.99353,-0.00154,-0.00326,-0.00139,0.01225,0.12829,0.97531,0.13917,0.10849,-0.00507,1.0,0.00249,-0.00116,-0.00011,0.9964,0.07656,0.01719,0.03209,33.2,34.6,0.0754,0.0678
20:09:31.878,1790255371.8781,3095,1.88,9.503,0.562,1.619,-0.01657,-0.00615,0.99144,-0.00058,-0.00053,0.00222,0.0155,0.16065,0.98414,0.15503,0.1124,0.00514,1.0,0.00167,0.0002,-9e-05,0.99623,0.07871,0.01708,0.03236,33.2,34.6,0.0737,0.078
20:09:31.898,1790255371.8985,3096,1.693,9.62,0.563,1.621,-0.00363,0.00326,1.00411,-0.00127,0.00075,0.00281,0.01599,0.1417,0.97734,0.12864,0.10568,2e-05,1.0,0.00161,0.00177,-6e-05,0.99614,0.07978,0.01708,0.03254,33.2,34.6,0.0769,0.0708
20:09:31.919,1790255371.9191,3097,1.528,9.64,0.563,1.624,-0.01204,0.00825,0.98893,-0.00075,-0.00161,-0.00265,0.03203,0.1346,0.98693,0.13701,0.09596,0.0,0.99999,0.00236,0.00303,-9e-05,0.99605,0.08078,0.01689,0.03273,33.2,34.6,0.0718,0.0774
20:09:31.941,1790255371.9416,3098,1.703,9.831,0.563,1.627,0.02112,0.00259,1.00052,-0.00327,-0.00089,0.00013,0.01967,0.14631,0.97443,0.13947,0.08603,-0.00508,1.0,0.00218,0.00123,-8e-05,0.99594,0.08215,0.01669,0.03286,33.2,34.6,0.0794,0.0692
20:09:31.962,1790255371.9619,3099,1.852,9.948,0.564,1.63,0.03516,0.01277,0.99421,-2e-05,0.00126,0.00144,0.03643,0.14787,0.98032,0.13886,0.09702,-0.0035,1.0,0.00252,-0.00028,-8e-05,0.99583,0.0834,0.01651,0.03302,33.2,34.6,0.0762,0.0741
20:09:31.982,1790255371.9821,3100,1.693,10.13,0.564,1.633,-0.00707,0.0006,0.98252,-0.00244,-0.0007,-0.0009,0.02787,0.14623,0.9963,0.1324,0.09748,-0.00105,1.0,0.00182,0.00089,-9e-05,0.99575,0.08437,0.01639,0.03321,33.2,34.6,0.0669,0.0745
20:09:32.002,1790255372.0025,3101,1.825,10.309,0.565,1.636,0.00582,0.00146,0.99871,-0.00322,-0.00065,0.00165,0.04813,0.14455,0.98652,0.12437,0.08831,-0.00492,1.0,0.00134,-0.00067,-7e-05,0.99566,0.08535,0.01606,0.03336,33.2,34.6,0.079,0.0787
20:09:32.023,1790255372.0231,3102,1.827,10.242,0.565,1.638,0.00323,0.01555,0.99932,-0.00077,0.00094,0.00279,0.03863,0.14768,0.98644,0.13058,0.09394,0.00374,1.0,0.00295,-0.0009,-5e-05,0.99557,0.08636,0.0158,0.0336,33.2,34.6,0.0796,0.0786
20:09:32.043,1790255372.0435,3103,1.96,10.3,0.566,1.641,0.01767,0.00763,0.97728,0.00231,0.00029,-0.00324,0.01686,0.14566,0.99252,0.12299,0.09252,-0.00083,0.99999,0.00312,-0.00218,-8e-05,0.99552,0.08694,0.0157,0.03378,33.21,34.6,0.0631,0.0775
20:09:32.063,1790255372.0637,3104,1.799,10.478,0.566,1.644,-0.00689,-0.00426,0.99263,-0.00243,-0.00197,0.00019,0.03667,0.13733,0.99287,0.11824,0.08479,0.00294,1.0,0.00206,-0.0011,-7e-05,0.99546,0.08753,0.01549,0.034,33.21,34.6,0.0745,0.0778
20:09:32.084,1790255372.084,3105,1.85,10.725,0.566,1.647,0.006,-0.00109,1.00003,-0.00138,1e-05,-0.00065,0.02298,0.1535,0.99368,0.12087,0.07313,0.00549,1.0,0.00075,-0.00206,-7e-05,0.99539,0.0883,0.01513,0.03424,33.21,34.6,0.08,0.0757
20:09:32.104,1790255372.1046,3106,1.971,10.85,0.567,1.651,0.0161,-0.00665,0.98507,0.00082,0.00175,-0.00076,0.00449,0.14678,0.99112,0.1152,0.07611,-0.00277,0.99999,-4e-05,-0.00323,-7e-05,0.99537,0.08851,0.01509,0.03437,33.21,34.6,0.0689,0.0785
20:09:32.125,1790255372.1252,3107,1.859,10.759,0.567,1.654,-0.00222,0.01672,0.99939,-0.00243,0.00054,0.00156,0.01842,0.15952,0.99774,0.10773,0.07361,-0.00457,1.0,0.00138,-0.00248,-6e-05,0.99531,0.0892,0.01479,0.03451,33.21,34.6,0.0796,0.0721
20:09:32.145,1790255372.1455,3108,1.902,10.716,0.568,1.657,0.00719,0.00659,1.00307,0.00084,0.00096,0.00309,0.01922,0.16811,0.99021,0.1125,0.07502,0.00154,0.99999,0.00276,-0.00327,-3e-05,0.99522,0.09015,0.01434,0.03473,33.21,34.6,0.0777,0.0766
20:09:32.166,1790255372.1659,3109,1.91,10.625,0.568,1.66,0.00873,0.01355,0.99818,0.00327,-0.00113,-0.00255,0.03861,0.15447,0.98374,0.11355,0.07068,-0.00213,0.99998,0.00434,-0.00371,-6e-05,0.99515,0.09091,0.01389,0.03491,33.21,34.6,0.0787,0.0774
20:09:32.186,1790255372.1866,3110,1.757,10.87,0.569,1.663,-0.00638,-0.00618,0.96729,3e-05,-0.00024,-9e-05,0.02777,0.17968,0.97134,0.11209,0.07145,-0.00212,0.99999,0.0035,-0.00292,-6e-05,0.99502,0.09228,0.01347,0.03509,33.21,34.6,0.0555,0.0712
20:09:32.207,1790255372.2071,3111,1.825,11.066,0.569,1.666,0.02277,-0.00288,1.0087,-7e-05,-4e-05,-0.00351,0.02889,0.17211,0.97878,0.0979,0.06152,0.00414,0.99999,0.00273,-0.00422,-9e-05,0.99494,0.09315,0.01288,0.03534,33.21,34.6,0.0733,0.0757
20:09:32.227,1790255372.2275,3112,1.631,11.167,0.569,1.669,-0.01161,0.00333,0.99123,-0.00088,0.00161,-0.00197,0.02544,0.16335,0.94978,0.09864,0.05738,-0.00126,0.99999,0.00256,-0.00272,-0.00011,0.99486,0.09397,0.01274,0.03549,33.21,34.6,0.0735,0.053
20:09:32.247,1790255372.2477,3113,1.423,11.264,0.57,1.672,-0.02094,0.00131,0.987,0.00086,-0.00093,0.003,0.03214,0.17356,1.00527,0.09923,0.05823,0.00429,1.0,0.00237,-0.00132,-8e-05,0.99478,0.09474,0.01238,0.03571,33.21,34.6,0.0704,0.0645
20:09:32.268,1790255372.268,3114,1.254,11.221,0.57,1.676,-0.0056,0.01595,0.98548,-0.00121,-0.0031,-0.00273,0.02893,0.17884,0.98734,0.09605,0.05105,0.00121,0.99999,0.00349,-0.00053,-0.00012,0.99471,0.09556,0.01166,0.03592,33.21,34.6,0.0692,0.0771
20:09:32.288,1790255372.2883,3115,1.338,11.352,0.57,1.679,0.01504,0.00814,0.98471,-0.00124,-0.00291,0.00097,0.03887,0.18777,0.9717,0.09651,0.05411,-0.00056,0.99999,0.0036,-0.00195,-0.0001,0.99459,0.09672,0.01103,0.03613,33.21,34.6,0.0686,0.0728
20:09:32.309,1790255372.3088,3116,1.17,11.346,0.57,1.682,-0.00695,0.01773,0.97244,-0.00065,-0.00023,0.00116,0.04541,0.18112,0.9737,0.09085,0.05698,0.00053,0.99999,0.00447,-0.00108,-0.00011,0.99451,0.09762,0.01042,0.03635,33.21,34.6,0.0595,0.0736
20:09:32.329,1790255372.329,3117,1.047,11.598,0.571,1.686,-0.00016,-0.00076,0.99254,-0.00059,0.00182,-0.00061,0.03917,0.17947,0.96267,0.0843,0.04296,0.00129,1.0,0.00301,-0.00073,-0.00011,0.99443,0.0984,0.00985,0.03654,33.21,34.6,0.0744,0.065
20:09:32.349,1790255372.3495,3118,1.144,11.609,0.571,1.689,0.00987,0.00787,0.99627,0.00243,-0.00171,0.00212,0.05154,0.16642,0.99418,0.07983,0.03354,-0.00014,0.99999,0.00337,-0.00229,-8e-05,0.99439,0.09877,0.00914,0.03672,33.21,34.6,0.0773,0.073
20:09:32.370,1790255372.3699,3119,0.97,11.609,0.571,1.692,-0.00569,0.02006,0.96747,-0.00282,0.00038,0.00014,0.03683,0.19307,0.97385,0.07988,0.03821,-0.00073,0.99999,0.00425,-0.00161,-8e-05,0.9943,0.09973,0.00829,0.03692,33.21,34.6,0.0558,0.0751
20:09:32.390,1790255372.3904,3120,1.087,11.467,0.571,1.696,0.0176,0.02365,0.99889,0.00038,-0.00179,-0.0002,0.01669,0.16598,1.00237,0.07587,0.03498,0.00075,0.99998,0.00544,-0.00273,-8e-05,0.99431,0.09959,0.0081,0.03706,33.21,34.6,0.0795,0.0679
20:09:32.411,1790255372.411,3121,0.949,11.661,0.571,1.699,-0.00172,-0.00848,1.00052,-0.00117,0.00031,-0.00127,0.01592,0.17818,0.96621,0.07713,0.03419,-0.00238,0.99999,0.0039,-0.00216,-8e-05,0.99428,0.09981,0.00761,0.03721,33.21,34.6,0.0796,0.067
20:09:32.431,1790255372.4313,3122,1.027,11.634,0.571,1.702,0.00789,0.00921,0.99254,0.00138,-0.00014,0.00012,0.03327,0.1763,0.97681,0.07245,0.03311,0.00074,0.99998,0.00447,-0.00357,-8e-05,0.99425,0.10006,0.00687,0.0374,33.21,34.6,0.0745,0.0749
20:09:32.451,1790255372.4516,3123,0.811,11.739,0.571,1.706,0.00241,0.00456,0.98922,-0.00077,0.0021,0.00019,0.01668,0.18209,0.97647,0.06845,0.02572,-0.00154,0.99999,0.00347,-0.00247,-7e-05,0.99425,0.10009,0.00616,0.03756,33.21,34.6,0.0719,0.0751
20:09:32.471,1790255372.4718,3124,0.85,11.687,0.572,1.709,0.01104,0.01358,1.00384,-0.0009,-0.00064,-0.00219,0.0335,0.19443,0.99964,0.06915,0.02453,-0.0009,0.99998,0.00461,-0.00353,-0.0001,0.99419,0.10071,0.00539,0.03772,33.21,34.6,0.077,0.0658
20:09:32.492,1790255372.492,3125,0.587,11.669,0.572,1.712,-0.01032,0.00987,1.01132,0.00027,0.00245,-0.00065,0.01701,0.1894,0.99277,0.06084,0.01168,-0.00017,0.99999,0.00465,-0.00207,-0.00011,0.99418,0.10074,0.00457,0.03788,33.21,34.6,0.0714,0.0719
20:09:32.512,1790255372.5123,3126,0.503,11.809,0.572,1.716,0.00574,0.00184,1.01327,-0.00031,0.00111,-0.00112,0.01755,0.18739,0.9824,0.05425,0.01506,-0.00131,0.99999,0.00326,-0.00235,-0.00011,0.99419,0.10059,0.00367,0.03804,33.21,34.6,0.07,0.0798
20:09:32.532,1790255372.5326,3127,0.559,11.668,0.572,1.719,0.01019,0.01072,0.9733,-0.00175,0.00217,-0.00458,0.01423,0.18131,0.98822,0.0482,0.01155,0.00315,0.99999,0.00399,-0.00329,-0.00015,0.99425,0.10003,0.00315,0.0382,33.21,34.6,0.0601,0.0764
20:09:32.553,1790255372.5529,3128,0.296,11.559,0.571,1.722,-0.01735,0.01917,0.99778,0.00362,0.00017,0.00249,0.00919,0.19293,0.9769,0.05632,0.01219,0.00291,0.99999,0.0047,-0.00185,-0.00013,0.99425,0.09994,0.00225,0.0384,33.21,34.6,0.0786,0.0769
20:09:32.573,1790255372.5735,3129,0.277,11.665,0.571,1.726,0.00624,0.0056,0.99143,0.00509,0.00109,-0.00379,0.02877,0.17684,0.98487,0.0517,0.00306,-0.00314,0.99999,0.00351,-0.0027,-0.00017,0.99428,0.09964,0.00132,0.03852,33.21,34.6,0.0736,0.0792
20:09:32.593,1790255372.5938,3130,0.258,11.501,0.571,1.729,0.01386,0.02099,0.98461,-2e-05,0.00067,-0.00175,0.01472,0.19163,0.98662,0.04634,-0.00257,0.00346,0.99998,0.0047,-0.00342,-0.00017,0.9943,0.09938,0.00035,0.03871,33.21,34.6,0.0687,0.0761
20:09:32.614,1790255372.6142,3131,0.004,11.379,0.571,1.732,-0.01634,0.03615,0.98633,-0.00058,0.00161,0.00119,0.03903,0.18568,0.9784,0.04125,-0.01169,-0.00443,0.99998,0.00578,-0.00247,-0.00016,0.99428,0.09952,-0.00099,0.03883,33.21,34.6,0.0703,0.0775
20:09:32.634,1790255372.6346,3132,-0.065,11.531,0.571,1.735,0.01173,0.00143,0.98236,0.00374,7e-05,-0.0016,0.0448,0.18748,0.98522,0.04602,-0.00528,-0.00269,0.99998,0.0047,-0.00325,-0.00017,0.99425,0.09976,-0.00227,0.03898,33.21,34.6,0.0668,0.0771
20:09:32.655,1790255372.6551,3133,-0.215,11.357,0.571,1.739,0.00592,0.01279,0.97065,0.0012,0.00031,-0.00391,0.03218,0.18527,0.97847,0.03037,-0.01788,0.00201,0.99998,0.00589,-0.00312,-0.00022,0.99426,0.09949,-0.00355,0.03915,33.21,34.6,0.0581,0.0773
20:09:32.675,1790255372.6757,3134,-0.538,11.391,0.57,1.742,-0.00642,0.01464,0.98905,0.00203,-0.00245,0.00156,0.03526,0.20214,0.98617,0.03156,-0.01779,0.00362,0.99998,0.00625,-0.00171,-0.00021,0.99417,0.1003,-0.00495,0.03934,33.21,34.6,0.0719,0.0745
20:09:32.695,1790255372.6958,3135,-0.5,11.408,0.57,1.745,0.00833,0.00345,0.98115,2e-05,-0.00386,0.00089,0.02207,0.17785,0.987,0.02482,-0.02167,0.00207,0.99998,0.00509,-0.00241,-0.0002,0.99427,0.09925,-0.00525,0.03942,33.21,34.6,0.0659,0.0776
20:09:32.716,1790255372.716,3136,-0.628,11.556,0.569,1.748,0.00579,0.00573,0.98966,0.00029,0.00036,0.00015,0.04278,0.18518,0.97394,0.02284,-0.02009,0.0017,0.99999,0.00367,-0.00274,-0.00019,0.99426,0.09915,-0.00658,0.03959,33.21,34.6,0.0723,0.0742
20:09:32.736,1790255372.7365,3137,-0.946,11.675,0.569,1.752,-0.01262,0.00702,1.01629,0.00175,-0.00231,0.00161,0.04119,0.20459,0.97039,0.02723,-0.02947,0.0006,0.99999,0.00365,-0.00138,-0.00018,0.99413,0.10033,-0.00795,0.03972,33.21,34.6,0.0677,0.0744
20:09:32.756,1790255372.7567,3138,-0.978,11.742,0.568,1.755,0.00391,0.02209,0.97628,0.00202,0.00372,-0.0003,0.02859,0.21607,0.98413,0.02457,-0.02878,-0.00022,0.99999,0.00493,-0.00145,-0.00018,0.99394,0.10218,-0.00832,0.03974,33.21,34.6,0.0624,0.074
20:09:32.777,1790255372.777,3139,-0.985,11.463,0.568,1.758,0.00217,0.02119,0.99277,0.00143,-0.00188,3e-05,0.02409,0.18907,0.95833,0.01415,-0.03615,0.00209,0.99998,0.00645,-0.00138,-0.00019,0.99403,0.10128,-0.00847,0.03977,33.21,34.6,0.0747,0.0628
20:09:32.797,1790255372.7971,3140,-1.14,11.747,0.567,1.762,0.0042,0.00121,0.97994,-3e-05,-0.00083,-0.0002,0.05203,0.21822,0.97168,0.01007,-0.03771,0.00288,0.99999,0.00515,-0.00155,-0.00018,0.99388,0.1025,-0.00983,0.0399,33.21,34.6,0.065,0.0779
20:09:32.817,1790255372.8177,3141,-1.073,11.924,0.567,1.765,-0.00099,0.0029,1.00144,0.0012,0.00207,0.0022,0.01597,0.20424,0.9839,-0.00262,-0.03276,-0.00078,0.99999,0.00374,-0.00074,-0.00016,0.99389,0.10265,-0.00834,0.03973,33.21,34.6,0.0789,0.0763
20:09:32.838,1790255372.838,3142,-1.137,11.826,0.566,1.768,-0.00014,0.00731,0.98698,0.00031,-6e-05,0.00242,0.01721,0.19666,0.98764,0.00886,-0.03915,-0.00029,0.99999,0.00368,0.00067,-0.00014,0.99399,0.10181,-0.00751,0.03963,33.21,34.6,0.0703,0.0746
20:09:32.858,1790255372.8582,3143,-1.376,11.788,0.566,1.772,-0.00649,0.0038,0.9684,-0.00396,-0.00154,-0.00144,0.03281,0.19314,0.9955,-0.00225,-0.04791,-0.00072,0.99999,0.00302,0.00162,-0.00016,0.99406,0.10095,-0.00864,0.03971,33.21,34.6,0.0563,0.0691
20:09:32.878,1790255372.8785,3144,-1.709,11.859,0.565,1.775,-0.01001,0.00549,0.97351,0.00205,-0.00041,0.00174,0.03767,0.20474,0.98148,-0.00427,-0.04832,-0.00589,0.99999,0.00297,0.00283,-0.00015,0.99397,0.10166,-0.01032,0.03977,33.21,34.6,0.0602,0.0775
20:09:32.899,1790255372.8988,3145,-1.72,12.109,0.564,1.779,0.00586,-0.0011,1.00112,0.00362,-0.00199,0.00178,0.03712,0.21111,0.97603,-0.01427,-0.06487,0.00084,1.0,0.00217,0.00144,-0.00013,0.99382,0.10298,-0.01169,0.03982,33.21,34.6,0.0791,0.0795
20:09:32.919,1790255372.919,3146,-1.724,11.878,0.563,1.782,0.00516,0.0104,0.98826,8e-05,0.00029,-0.00042,0.03383,0.19978,0.97642,-0.01597,-0.05811,0.00171,1.0,0.00304,0.00029,-0.00012,0.99392,0.1018,-0.01297,0.03992,33.21,34.6,0.0712,0.0779
20:09:32.939,1790255372.9394,3147,-1.814,11.857,0.563,1.785,-0.00071,0.01726,0.99288,-0.00052,0.00018,-0.00243,0.03873,0.21385,0.98692,-0.0194,-0.05848,0.00071,0.99999,0.00456,0.00031,-0.00015,0.99377,0.10315,-0.01382,0.03992,33.21,34.6,0.0748,0.0721
20:09:32.959,1790255372.9597,3148,-1.627,11.992,0.562,1.789,0.00868,0.01158,0.9942,0.00059,0.00054,0.00381,0.03279,0.21252,0.98042,-0.01649,-0.06857,-0.00406,0.99999,0.00496,-0.00117,-0.0001,0.99363,0.10461,-0.01366,0.03975,33.21,34.6,0.0757,0.0772
20:09:32.980,1790255372.98,3149,-1.847,11.745,0.561,1.792,-0.00245,0.02472,0.99388,-0.0033,0.00021,0.00164,0.04826,0.19452,0.96175,-0.01588,-0.0665,0.00511,0.99998,0.00639,-0.0007,-9e-05,0.99366,0.10397,-0.01523,0.03989,33.21,34.6,0.0756,0.0668
20:09:33.000,1790255373.0002,3150,-1.768,11.981,0.56,1.795,0.0176,0.00516,1.01218,0.00321,-0.00196,-0.00142,0.04006,0.22246,0.97898,-0.03376,-0.06972,0.0032,0.99998,0.0058,-0.00201,-0.0001,0.99351,0.10535,-0.01576,0.03985,33.21,34.6,0.0707,0.0764
20:09:33.020,1790255373.0208,3151,-1.965,11.689,0.559,1.799,-0.01185,0.0251,0.98124,-0.00195,-0.00194,0.00126,0.04088,0.20071,0.97193,-0.0314,-0.06741,0.00385,0.99998,0.00667,-0.00101,-9e-05,0.99366,0.10378,-0.0166,0.03991,33.21,34.6,0.0662,0.075
20:09:33.041,1790255373.0413,3152,-2.015,12.021,0.559,1.802,0.00158,0.00518,1.00135,0.00016,-0.00282,0.0008,0.037,0.22489,0.96954,-0.04096,-0.0783,0.00542,0.99999,0.00506,-0.00095,-8e-05,0.99352,0.10508,-0.01682,0.03984,33.21,34.6,0.079,0.077
20:09:33.061,1790255373.0616,3153,-2.332,12.087,0.558,1.806,-0.0034,0.00136,0.99738,0.00172,0.00054,-0.00272,0.05727,0.1984,0.9658,-0.0352,-0.07661,-0.0013,0.99999,0.00372,-0.00013,-0.00011,0.99355,0.10445,-0.01868,0.03992,33.22,34.6,0.078,0.0707
20:09:33.082,1790255373.082,3154,-2.108,12.115,0.557,1.809,0.01542,-0.00723,1.00548,0.00069,-0.00233,-9e-05,0.03911,0.20367,0.98226,-0.03974,-0.07363,-0.0005,1.0,0.00265,-0.00127,-0.00011,0.99367,0.10351,-0.01783,0.03974,33.22,34.6,0.0758,0.0771
20:09:33.102,1790255373.1026,3155,-2.062,12.046,0.556,1.812,0.00199,0.031,1.00272,-0.00107,0.00196,0.00069,0.03409,0.21537,0.97189,-0.04536,-0.08967,-0.0055,0.99999,0.00423,-0.00121,-0.00011,0.99359,0.10447,-0.01749,0.03948,33.22,34.6,0.0776,0.077
20:09:33.123,1790255373.123,3156,-2.136,12.006,0.555,1.816,-0.0155,0.00926,0.98956,-0.00022,-0.00251,0.00019,0.03229,0.20992,0.9907,-0.04715,-0.0876,0.00151,0.99999,0.0043,0.00023,-0.00011,0.99363,0.10427,-0.01672,0.03928,33.22,34.6,0.0723,0.0701
20:09:33.143,1790255373.1432,3157,-2.329,12.087,0.554,1.819,-0.01308,0.01223,0.9943,0.00126,-0.00134,0.0016,0.03913,0.21936,0.97976,-0.04231,-0.08241,-0.00291,0.99999,0.00474,0.00169,-0.0001,0.9935,0.10553,-0.01696,0.03912,33.22,34.6,0.0758,0.0764
20:09:33.163,1790255373.1637,3158,-2.342,12.108,0.553,1.823,-0.00326,0.00661,0.99937,0.00054,0.00103,-0.00062,0.03738,0.19688,0.95494,-0.05443,-0.08923,-0.0015,0.99999,0.00311,0.00162,-0.0001,0.99366,0.1041,-0.01708,0.03899,33.22,34.6,0.0795,0.0618
20:09:33.184,1790255373.1839,3159,-2.684,12.132,0.552,1.826,-0.01749,0.00771,0.97834,0.00118,0.00073,-0.00057,0.0497,0.21418,0.99214,-0.05885,-0.09288,-0.00607,0.99999,0.00326,0.0029,-0.00011,0.99357,0.1046,-0.0188,0.03894,33.22,34.6,0.0639,0.0678
20:09:33.204,1790255373.204,3160,-2.65,11.967,0.551,1.829,-0.01089,0.0219,1.00772,0.00023,-0.00019,-0.00096,0.02603,0.20977,0.96372,-0.06173,-0.09408,0.00506,0.99998,0.00467,0.00337,-0.0001,0.99359,0.10458,-0.01817,0.03876,33.22,34.6,0.074,0.07
20:09:33.224,1790255373.2242,3161,-2.578,12.15,0.55,1.833,-0.00429,-0.02244,0.99271,0.00017,-0.00104,-0.00078,0.01375,0.22229,0.9913,-0.06282,-0.08828,0.00465,0.99999,0.00317,0.00325,-0.00011,0.99361,0.10464,-0.01754,0.03859,33.22,34.6,0.0747,0.068
20:09:33.244,1790255373.2448,3162,-2.344,12.198,0.549,1.836,0.0034,0.00222,0.98571,0.0018,-0.00347,-0.00194,0.02852,0.21202,0.98741,-0.07097,-0.09856,-0.00611,0.99999,0.00264,0.0019,-0.00013,0.99365,0.10441,-0.01686,0.03829,33.22,34.6,0.0693,0.0723
20:09:33.265,1790255373.2652,3163,-2.199,11.951,0.548,1.84,0.01231,0.00959,0.99513,-0.00332,0.00035,0.00216,0.03302,0.18262,0.97797,-0.06429,-0.10313,0.00078,1.0,0.00301,0.00039,-0.0001,0.99385,0.10253,-0.01721,0.03819,33.22,34.6,0.0764,0.0766
20:09:33.286,1790255373.2858,3164,-2.036,11.795,0.547,1.843,0.00486,0.01958,0.99269,-0.00108,-0.00188,0.00016,0.03727,0.20399,0.97676,-0.07651,-0.10366,0.00375,0.99999,0.00442,-0.00022,-0.0001,0.99387,0.1025,-0.01651,0.03797,33.22,34.6,0.0747,0.0789
20:09:33.306,1790255373.3062,3165,-2.202,11.712,0.546,1.846,-0.0018,0.01456,0.99778,-0.00065,0.00172,0.00524,0.04256,0.22316,0.98523,-0.08081,-0.10867,0.00348,0.99998,0.0059,0.00038,-5e-05,0.99377,0.10333,-0.01746,0.03788,33.22,34.6,0.0784,0.0717
20:09:33.326,1790255373.3265,3166,-2.158,11.665,0.545,1.85,0.00712,0.02001,0.99085,0.00166,0.00323,0.00282,0.0414,0.22459,0.94836,-0.08121,-0.09552,-0.00387,0.99998,0.007,-0.00062,-1e-05,0.9937,0.10395,-0.01814,0.03773,33.22,34.6,0.0733,0.0616
20:09:33.346,1790255373.3467,3167,-2.205,11.843,0.544,1.853,0.00484,0.01092,0.98981,-0.00111,-0.00027,0.00016,0.05484,0.22877,0.98705,-0.08655,-0.11273,0.00081,0.99998,0.00607,-0.00175,-0.0,0.99361,0.10455,-0.01961,0.03766,33.22,34.6,0.0724,0.069
20:09:33.367,1790255373.3673,3168,-2.004,11.777,0.544,1.856,0.01327,0.01878,1.00574,0.00149,-0.00037,0.00045,0.03794,0.21006,0.96621,-0.08457,-0.10492,-0.00253,0.99997,0.00694,-0.00304,0.0,0.99361,0.10472,-0.01923,0.03739,33.22,34.6,0.0755,0.0721
20:09:33.387,1790255373.3876,3169,-2.1,11.734,0.543,1.859,-0.00404,0.00749,0.98333,-0.00043,0.00151,-0.00327,0.03146,0.20735,0.99756,-0.09068,-0.11583,-0.00269,0.99998,0.00622,-0.00186,-3e-05,0.99374,0.1037,-0.01889,0.03713,33.22,34.6,0.0675,0.0655
20:09:33.408,1790255373.4082,3170,-2.096,11.88,0.542,1.863,0.02827,0.00202,0.98933,0.00183,0.00475,0.00205,0.04811,0.21436,0.98728,-0.09329,-0.10656,-0.00252,0.99998,0.00566,-0.00319,-0.0,0.99365,0.10436,-0.02014,0.03701,33.22,34.6,0.0723,0.0714
20:09:33.429,1790255373.4289,3171,-2.177,12.009,0.541,1.866,-0.00027,0.00416,0.97504,-0.00064,0.00059,0.00502,0.0405,0.21441,0.98325,-0.09606,-0.11347,-0.00365,0.99999,0.00473,-0.00232,5e-05,0.99364,0.10461,-0.01993,0.03672,33.22,34.6,0.0613,0.0746
20:09:33.449,1790255373.4491,3172,-2.242,11.914,0.54,1.869,0.00553,-0.01615,0.98132,0.00134,0.00067,-0.00225,0.04623,0.2022,0.96411,-0.10198,-0.11651,-0.00013,0.99999,0.0034,-0.00236,3e-05,0.99385,0.10248,-0.02055,0.0366,33.22,34.6,0.0661,0.0696
20:09:33.469,1790255373.4698,3173,-2.307,11.903,0.539,1.873,0.00134,0.00487,0.97885,-0.00118,0.00245,-0.0001,0.03248,0.20377,0.97721,-0.1012,-0.11948,0.00262,1.0,0.00276,-0.00118,2e-05,0.99394,0.1018,-0.01993,0.03635,33.22,34.6,0.0641,0.0791
20:09:33.490,1790255373.4901,3174,-2.386,11.781,0.538,1.876,-0.0109,0.01101,0.98255,0.00184,0.00268,-0.00063,0.03774,0.20188,0.96936,-0.1056,-0.11148,0.00278,0.99999,0.0033,0.0001,1e-05,0.994,0.10135,-0.01942,0.03612,33.22,34.6,0.067,0.0732
20:09:33.510,1790255373.5106,3175,-2.381,11.733,0.537,1.879,0.00052,-0.01329,0.99511,-0.00224,0.00089,0.00149,0.04291,0.19628,0.97478,-0.10671,-0.11913,0.00221,1.0,0.00171,5e-05,3e-05,0.99421,0.09935,-0.01939,0.03595,33.22,34.6,0.0764,0.0764
20:09:33.531,1790255373.5309,3176,-2.382,11.328,0.536,1.882,0.01273,0.02821,1.0087,0.00115,-0.00255,0.00054,0.04442,0.18289,0.96658,-0.1073,-0.11383,0.0028,1.0,0.00304,-0.00066,3e-05,0.99442,0.09713,-0.02029,0.0359,33.22,34.6,0.0731,0.0685
20:09:33.551,1790255373.5515,3177,-2.52,11.318,0.535,1.885,-0.02012,0.00505,0.97736,-0.00245,-0.00095,0.00064,0.03002,0.20849,0.99229,-0.11283,-0.12696,-0.00225,1.0,0.00296,0.00063,4e-05,0.99444,0.09705,-0.02023,0.03563,33.22,34.6,0.0632,0.0692
20:09:33.572,1790255373.5719,3178,-2.587,11.184,0.534,1.889,-0.01317,0.01568,0.98664,-0.00392,-0.00015,-0.00342,0.01068,0.21064,0.98223,-0.11123,-0.11917,-0.00043,0.99999,0.00383,0.00173,-0.0,0.99448,0.0968,-0.01981,0.03536,33.22,34.6,0.0701,0.0765
20:09:33.592,1790255373.5921,3179,-2.473,11.022,0.533,1.892,-0.00013,0.01439,0.97906,0.00051,-0.0035,-0.00221,0.01976,0.20476,0.97272,-0.12172,-0.12606,0.00227,0.99999,0.00501,0.00114,-2e-05,0.99452,0.09651,-0.01953,0.03512,33.22,34.6,0.0644,0.0757
20:09:33.612,1790255373.6123,3180,-2.602,11.081,0.532,1.895,-0.02993,-0.0001,0.98365,0.00118,-0.00103,0.001,0.03484,0.20162,0.98164,-0.11447,-0.11699,0.00236,0.99999,0.00454,0.00243,-3e-05,0.99452,0.09664,-0.01934,0.0349,33.22,34.6,0.0681,0.0779
20:09:33.633,1790255373.633,3181,-2.561,11.068,0.531,1.898,0.00415,0.01271,1.00329,-0.00037,-0.00265,-0.00041,0.04598,0.19859,0.97301,-0.1315,-0.12493,0.00369,0.99999,0.00513,0.00092,-2e-05,0.99446,0.09704,-0.02054,0.0348,33.22,34.6,0.0775,0.0756
20:09:33.653,1790255373.6535,3182,-2.443,11.194,0.53,1.901,0.00093,0.00451,0.9897,-0.00112,0.00189,-0.00293,0.03502,0.19766,0.98125,-0.11477,-0.12377,-0.00659,0.99999,0.00377,0.00029,-5e-05,0.99451,0.09673,-0.02009,0.03445,33.22,34.6,0.0723,0.0788
20:09:33.674,1790255373.6739,3183,-2.546,11.174,0.529,1.904,-0.00745,0.00482,0.99717,-0.00231,-0.0023,0.00304,0.03676,0.19434,0.98568,-0.12033,-0.11688,0.00311,0.99999,0.00317,0.00173,-3e-05,0.9946,0.09603,-0.01955,0.03422,33.22,34.6,0.0779,0.076
20:09:33.694,1790255373.6945,3184,-2.492,11.112,0.528,1.907,0.01214,0.01775,0.99938,0.00148,0.00071,0.00098,0.0452,0.21188,0.96764,-0.13158,-0.11449,-0.00102,0.99999,0.00414,0.0004,-2e-05,0.99455,0.09639,-0.02047,0.03406,33.22,34.6,0.0797,0.0737
20:09:33.714,1790255373.7147,3185,-2.324,10.882,0.527,1.91,0.01343,0.02247,0.98394,-0.00308,0.00079,0.00035,0.02252,0.18722,0.96816,-0.12759,-0.12241,0.00084,0.99999,0.00509,-0.00056,-1e-05,0.99468,0.09526,-0.02009,0.03382,33.22,34.6,0.0682,0.0698
20:09:33.735,1790255373.7351,3186,-2.557,10.52,0.526,1.913,-0.01034,0.01462,0.99834,0.00186,-0.00039,0.00083,0.04365,0.17599,1.0002,-0.13315,-0.11189,-0.00027,0.99998,0.00567,0.00094,-2e-05,0.9949,0.0928,-0.02075,0.03372,33.22,34.6,0.0789,0.0676
20:09:33.755,1790255373.7556,3187,-2.691,10.727,0.525,1.915,-0.00324,0.00625,0.98652,-0.00215,0.00077,0.00239,0.0439,0.20356,0.97699,-0.1308,-0.12068,-0.00241,0.99999,0.00427,0.00133,0.0,0.99485,0.09326,-0.02145,0.03352,33.22,34.6,0.0699,0.0792
20:09:33.775,1790255373.7758,3188,-2.675,10.866,0.524,1.918,0.00845,0.00216,1.00499,0.00053,-0.00054,-0.00289,0.05041,0.20081,0.98306,-0.13569,-0.12972,-0.00229,0.99999,0.0035,-2e-05,-2e-05,0.99479,0.09363,-0.02262,0.03334,33.22,34.6,0.0762,0.0765
20:09:33.796,1790255373.7961,3189,-2.473,10.823,0.523,1.921,0.02082,0.00078,0.99083,0.00103,0.00107,7e-05,0.01947,0.18914,0.9684,-0.13732,-0.12781,-0.00228,0.99999,0.00308,-0.00144,-2e-05,0.99489,0.09274,-0.0223,0.03306,33.22,34.6,0.0733,0.0702
20:09:33.816,1790255373.8165,3190,-2.465,10.396,0.522,1.924,3e-05,0.01677,0.99113,-0.00384,-0.00088,-0.00238,0.04465,0.17795,0.98114,-0.1445,-0.11024,-0.00301,0.99999,0.00448,-0.00107,-5e-05,0.99512,0.09044,-0.02204,0.03284,33.22,34.6,0.0735,0.0786
20:09:33.836,1790255373.8368,3191,-2.541,10.24,0.521,1.927,8e-05,0.00804,0.98311,0.00187,-0.0002,-0.00294,0.02888,0.17265,0.98854,-0.14626,-0.1094,0.00171,0.99999,0.00401,0.0002,-8e-05,0.99529,0.08867,-0.02147,0.03264,33.22,34.6,0.0674,0.0771
20:09:33.857,1790255373.8571,3192,-2.32,10.1,0.52,1.93,0.00948,0.01338,0.99493,-0.00111,-0.00056,-6e-05,0.0274,0.18674,0.98453,-0.14781,-0.1126,0.00015,0.99999,0.00475,-0.00116,-8e-05,0.99536,0.08809,-0.02099,0.03239,33.22,34.6,0.0763,0.0782
20:09:33.877,1790255373.8774,3193,-2.34,10.269,0.519,1.932,0.00205,0.00296,0.99866,0.00011,-0.00018,-0.00049,0.03195,0.19785,0.99331,-0.14355,-0.10989,0.00149,0.99999,0.00315,-0.00109,-7e-05,0.99538,0.08797,-0.02102,0.0322,33.22,34.6,0.079,0.07
20:09:33.897,1790255373.8976,3194,-2.455,10.205,0.518,1.935,-0.00251,0.00873,0.97387,-0.00244,0.00124,0.00086,0.02941,0.19943,0.97793,-0.14133,-0.1118,-0.00456,0.99999,0.00372,-1e-05,-7e-05,0.99538,0.08804,-0.021,0.03194,33.22,34.6,0.0604,0.0789
20:09:33.918,1790255373.918,3195,-2.52,10.229,0.517,1.938,-0.00695,-9e-05,0.996,-0.00142,0.00057,-0.00095,0.02588,0.17864,0.9765,-0.1456,-0.11407,0.00278,1.0,0.00258,0.00105,-7e-05,0.99548,0.08716,-0.02047,0.03173,33.22,34.6,0.077,0.0748
20:09:33.938,1790255373.9383,3196,-2.49,10.416,0.516,1.941,0.00234,-0.00542,0.9936,0.00045,-0.00146,-0.00067,0.03581,0.19946,0.97974,-0.1484,-0.10601,0.00561,1.0,0.00117,0.00046,-7e-05,0.99546,0.08735,-0.02073,0.0316,33.22,34.6,0.0752,0.0796
20:09:33.958,1790255373.9586,3197,-2.332,10.195,0.515,1.943,0.00278,0.00773,1.00422,-5e-05,-0.00043,-0.00316,0.01581,0.18616,0.96838,-0.15445,-0.10732,0.00425,1.0,0.00245,-0.00043,-0.0001,0.99554,0.08663,-0.02035,0.03142,33.22,34.6,0.0768,0.0697
20:09:33.979,1790255373.9789,3198,-2.327,10.228,0.514,1.946,-0.0021,-0.00404,0.99126,0.00221,0.00052,-0.00206,0.02032,0.17454,0.97202,-0.15503,-0.1061,-0.00292,1.0,0.00105,4e-05,-0.00013,0.99565,0.08555,-0.01981,0.03117,33.22,34.6,0.0735,0.0708
20:09:33.999,1790255373.9994,3199,-2.408,9.96,0.513,1.949,-0.00863,0.00644,0.9987,0.0041,0.00098,0.00336,0.01622,0.16684,0.99482,-0.14369,-0.10243,0.0023,1.0,0.00183,0.0015,-9e-05,0.9958,0.08405,-0.01916,0.03098,33.22,34.6,0.0791,0.0734
20:09:34.020,1790255374.0198,3200,-2.289,9.994,0.512,1.951,0.02482,-0.0009,0.9811,0.00083,-0.0022,0.00204,0.0393,0.18218,0.99616,-0.15111,-0.10059,-0.00457,1.0,0.00162,0.00014,-7e-05,0.99579,0.08406,-0.01949,0.03077,33.22,34.6,0.0661,0.0699
20:09:34.040,1790255374.0401,3201,-2.376,9.967,0.511,1.954,-0.0199,-0.0085,1.0014,0.00295,0.0009,-0.00151,0.0148,0.17129,0.97452,-0.14582,-0.1006,0.00455,1.0,0.00082,0.00152,-9e-05,0.99589,0.0831,-0.01887,0.03061,33.22,34.6,0.0788,0.0722
20:09:34.060,1790255374.0607,3202,-2.307,9.948,0.511,1.956,0.01147,0.00568,0.99214,0.002,-0.00469,-0.00125,0.04797,0.19356,0.98972,-0.14405,-0.09345,-0.00454,1.0,0.00125,-0.0,-0.0001,0.99586,0.0833,-0.01982,0.03046,33.22,34.6,0.0742,0.0728
20:09:34.081,1790255374.0809,3203,-2.076,9.761,0.51,1.959,0.01993,0.01342,0.98496,0.00032,0.00082,-0.00061,0.04036,0.16702,0.99339,-0.15329,-0.09446,-0.00043,1.0,0.00192,-0.00122,-0.0001,0.99597,0.08224,-0.0191,0.03025,33.23,34.6,0.0689,0.0739
20:09:34.101,1790255374.1014,3204,-2.167,9.633,0.509,1.962,0.00686,0.02294,0.97075,0.0002,0.00191,-0.00245,0.0499,0.18511,0.9945,-0.14875,-0.09409,0.00171,0.99999,0.00309,-0.00148,-0.00012,0.99594,0.08231,-0.02023,0.03018,33.23,34.6,0.0583,0.0704
20:09:34.122,1790255374.122,3205,-2.248,9.611,0.508,1.964,-0.00393,0.00225,0.98851,-0.0001,-0.00017,-0.00063,0.03574,0.16878,0.99786,-0.15307,-0.09803,-0.0024,1.0,0.00237,-0.0002,-0.00013,0.99603,0.08145,-0.01966,0.02995,33.23,34.6,0.0714,0.0705
20:09:34.142,1790255374.1425,3206,-2.177,9.413,0.507,1.966,0.00077,0.00756,0.99462,-8e-05,-0.00203,-0.0027,0.03199,0.17318,0.96975,-0.14826,-0.08178,-0.00683,0.99999,0.00391,-0.00042,-0.00015,0.99606,0.08124,-0.01938,0.02971,33.23,34.6,0.076,0.0692
20:09:34.162,1790255374.1627,3207,-1.933,9.394,0.506,1.969,0.01003,0.00541,0.98042,-0.00019,-0.0001,0.0001,0.01647,0.17514,0.98235,-0.14984,-0.07798,-0.00177,0.99999,0.00359,-0.00171,-0.00015,0.99613,0.08066,-0.01855,0.0295,33.23,34.6,0.0654,0.0785
20:09:34.183,1790255374.183,3208,-1.879,9.172,0.505,1.971,0.00448,0.03485,1.00352,-0.00029,-0.002,0.00361,0.02399,0.17519,0.95978,-0.15157,-0.07508,0.0036,0.99999,0.00515,-0.00179,-0.00011,0.99617,0.08027,-0.01827,0.02938,33.23,34.6,0.0769,0.0619
20:09:34.203,1790255374.2033,3209,-1.634,9.017,0.505,1.974,0.00825,0.01046,0.99154,-0.00268,0.00113,0.00176,0.02725,0.16199,1.00781,-0.15393,-0.08898,0.00341,0.99998,0.0052,-0.00327,-9e-05,0.9963,0.07887,-0.01766,0.02924,33.23,34.6,0.0737,0.0642
20:09:34.224,1790255374.2238,3210,-1.755,8.928,0.504,1.976,-0.01221,0.01666,0.9862,-0.00282,-0.00073,-0.0016,0.01555,0.18127,0.95896,-0.1424,-0.07728,-0.00313,0.99998,0.00563,-0.00193,-0.00011,0.99633,0.07859,-0.01742,0.02906,33.23,34.6,0.0698,0.0621
20:09:34.244,1790255374.244,3211,-1.78,8.78,0.503,1.978,0.001,0.01508,0.97502,-3e-05,-0.00213,0.00053,0.01449,0.18584,0.99312,-0.15011,-0.0805,0.00135,0.99998,0.00666,-0.00126,-0.00012,0.99636,0.07835,-0.01704,0.02891,33.23,34.6,0.0613,0.0722
20:09:34.264,1790255374.2644,3212,-1.789,8.854,0.503,1.98,-0.01038,-0.00434,0.99007,-0.00052,-0.0014,0.00098,0.0321,0.1609,0.99573,-0.14784,-0.06493,0.00012,0.99999,0.00546,-0.0004,-0.00011,0.99642,0.07783,-0.01622,0.02875,33.23,34.6,0.0726,0.0731
20:09:34.285,1790255374.285,3213,-1.725,8.943,0.502,1.983,-0.00043,0.0044,0.9772,-0.0015,0.00037,-0.0031,0.03532,0.15555,0.9894,-0.15599,-0.07012,-0.00054,0.99999,0.00417,-0.00015,-0.00014,0.99648,0.07731,-0.01537,0.02857,33.23,34.6,0.0629,0.0784
20:09:34.305,1790255374.3055,3214,-1.522,8.81,0.501,1.985,0.01193,-0.00464,0.97683,-0.00161,-0.00284,0.00108,0.02501,0.14595,0.98111,-0.15305,-0.05912,0.00065,0.99999,0.0032,-0.00105,-0.00013,0.99666,0.07511,-0.01451,0.02845,33.23,34.6,0.0627,0.0742
20:09:34.326,1790255374.3259,3215,-1.808,8.494,0.5,1.987,-0.00547,0.01535,0.97078,-0.00273,-0.00278,-0.00037,0.04138,0.14759,0.99736,-0.15214,-0.06563,2e-05,0.99999,0.00409,-0.00033,-0.00014,0.99677,0.07334,-0.01638,0.02851,33.23,34.6,0.0582,0.0732
20:09:34.346,1790255374.3463,3216,-1.668,8.645,0.5,1.989,0.00473,-0.00097,0.99496,0.00315,-0.00151,-0.00197,0.03337,0.15099,0.99607,-0.14484,-0.05598,-0.00532,1.0,0.00269,-0.00098,-0.00015,0.99679,0.0732,-0.01575,0.02832,33.23,34.6,0.0762,0.074
20:09:34.367,1790255374.367,3217,-1.821,8.41,0.499,1.991,0.00247,0.0085,0.99078,0.00488,0.0029,-0.00065,0.04853,0.15318,0.99202,-0.14702,-0.05307,0.00226,0.99999,0.00423,-0.0012,-0.00016,0.9968,0.07272,-0.01741,0.02838,33.23,34.6,0.0731,0.0763
20:09:34.387,1790255374.3873,3218,-1.604,8.483,0.498,1.993,0.00464,0.00386,0.99819,0.00071,-0.00111,-0.00109,0.01794,0.15031,0.98673,-0.14831,-0.04923,0.00244,0.99999,0.0028,-0.0019,-0.00016,0.99688,0.07186,-0.01616,0.02825,33.23,34.6,0.0787,0.0787
20:09:34.407,1790255374.4077,3219,-1.464,8.29,0.498,1.995,0.00804,0.01916,0.98221,-0.00269,-0.00175,-0.00297,0.02826,0.14422,0.96476,-0.13658,-0.0536,0.00052,0.99999,0.00407,-0.00233,-0.00019,0.99693,0.0714,-0.01546,0.02813,33.23,34.6,0.0668,0.0619
20:09:34.428,1790255374.428,3220,-1.587,8.262,0.497,1.997,-0.01234,0.01243,0.98542,0.00072,5e-05,0.00534,0.0269,0.16123,0.97855,-0.13892,-0.04915,-0.00051,0.99999,0.00443,-0.00097,-0.00014,0.99692,0.07158,-0.01519,0.02803,33.23,34.6,0.0692,0.0741
20:09:34.448,1790255374.4483,3221,-1.507,8.246,0.496,1.999,-0.00333,-0.00537,0.9934,-0.00196,0.00063,-0.00029,0.02477,0.14048,0.99308,-0.14271,-0.04809,0.00143,1.0,0.00297,-0.00044,-0.00014,0.99706,0.06999,-0.01393,0.02791,33.23,34.6,0.0751,0.0775
20:09:34.468,1790255374.4685,3222,-1.661,8.144,0.496,2.001,-0.01641,0.0234,0.99891,0.00072,-0.00093,-0.00199,0.03259,0.1606,0.98267,-0.14125,-0.04778,-0.00582,0.99999,0.00412,0.00068,-0.00017,0.99704,0.07031,-0.01422,0.02779,33.23,34.6,0.0795,0.0772
20:09:34.489,1790255374.4889,3223,-1.655,7.977,0.495,2.003,-0.00273,0.01207,0.99719,0.00185,0.00215,0.00229,0.02606,0.15541,1.00148,-0.1355,-0.03315,-0.00467,0.99998,0.00564,0.00123,-0.00015,0.99704,0.07039,-0.01371,0.02766,33.23,34.6,0.0779,0.0696
20:09:34.509,1790255374.5095,3224,-1.791,7.624,0.494,2.005,-0.0157,0.01575,0.99692,-0.00124,0.00105,-0.00251,0.02983,0.13397,1.00727,-0.13203,-0.02554,0.00264,0.99998,0.00614,0.00276,-0.00018,0.99722,0.06789,-0.01346,0.02767,33.23,34.6,0.0779,0.0676
20:09:34.530,1790255374.53,3225,-1.541,7.674,0.493,2.007,0.01144,0.00126,0.97395,-0.00086,-0.00086,-0.00222,0.01983,0.14074,0.97972,-0.13295,-0.03016,-0.00381,0.99998,0.00546,0.0017,-0.0002,0.99726,0.06756,-0.01232,0.02752,33.23,34.6,0.0605,0.0725
20:09:34.550,1790255374.5505,3226,-1.269,7.643,0.493,2.009,0.00959,0.01454,0.98393,0.00105,0.00054,-0.00065,0.02311,0.1403,0.98834,-0.13741,-0.02493,-0.00291,0.99998,0.00585,0.00035,-0.00019,0.99727,0.06758,-0.01132,0.02739,33.23,34.6,0.0681,0.0789
20:09:34.571,1790255374.5712,3227,-1.283,7.468,0.492,2.011,-0.00458,0.00701,0.98824,0.00063,0.00065,-0.00076,0.01257,0.11286,0.99628,-0.13962,-0.02073,0.00283,0.99999,0.00473,0.00131,-0.0002,0.99746,0.06497,-0.0105,0.02738,33.23,34.6,0.0712,0.078
20:09:34.592,1790255374.5918,3228,-1.166,7.629,0.492,2.012,-0.00265,-0.01061,0.99229,-0.00094,-0.00038,0.00089,0.01655,0.13568,0.97906,-0.13518,-0.01444,-0.00338,0.99999,0.0032,0.00131,-0.0002,0.99748,0.06482,-0.00939,0.02726,33.23,34.6,0.0743,0.0714
20:09:34.612,1790255374.6124,3229,-1.202,7.567,0.491,2.014,0.00234,0.00121,0.99102,-8e-05,0.00548,-0.00159,0.02634,0.12872,1.00208,-0.13155,-0.01142,-0.00291,1.0,0.00211,0.00032,-0.00021,0.99757,0.06317,-0.01068,0.02732,33.23,34.6,0.0733,0.072
20:09:34.633,1790255374.6331,3230,-0.9,7.609,0.491,2.016,0.0239,-0.00635,0.98986,-0.00043,0.0002,0.00104,0.00796,0.13848,1.00665,-0.12113,-0.01241,0.00969,1.0,0.00152,-0.00106,-0.00021,0.9976,0.06284,-0.0094,0.02734,33.23,34.6,0.0726,0.0679
20:09:34.653,1790255374.6536,3231,-1.137,7.27,0.49,2.018,-0.0073,0.00585,0.99323,0.00514,-0.00098,-0.0005,0.0284,0.11619,0.99698,-0.12403,-0.00192,-0.00253,1.0,0.00201,0.0004,-0.00022,0.99774,0.06048,-0.01009,0.02739,33.23,34.6,0.075,0.0769
20:09:34.674,1790255374.674,3232,-1.363,7.383,0.49,2.02,-0.01035,-0.00385,0.99595,0.00112,-0.00292,0.00022,0.03719,0.13535,0.9808,-0.12407,-0.00353,-0.00052,1.0,0.00102,0.00158,-0.00022,0.99773,0.06056,-0.01083,0.02743,33.23,34.6,0.077,0.0731
20:09:34.694,1790255374.6946,3233,-1.058,7.151,0.489,2.021,0.01025,0.0246,0.98843,0.00022,-0.00011,-0.00393,0.01774,0.12248,0.99829,-0.12725,0.00725,0.00594,1.0,0.00229,0.00083,-0.00026,0.9978,0.05971,-0.009,0.0274,33.23,34.6,0.0716,0.0755
20:09:34.714,1790255374.7148,3234,-1.16,6.967,0.489,2.023,0.00188,0.01879,0.97626,0.00175,-0.00095,0.00226,0.02999,0.12272,0.99397,-0.12073,-0.00808,-0.00568,0.99999,0.00353,0.00052,-0.00023,0.99781,0.05936,-0.01029,0.02742,33.23,34.6,0.0623,0.0785
20:09:34.735,1790255374.735,3235,-1.237,7.115,0.488,2.024,0.00405,-0.02499,1.00285,0.00139,0.00017,-0.00032,0.0341,0.12539,1.00887,-0.11229,0.01,-0.00261,1.0,0.00197,0.00027,-0.00023,0.99781,0.0591,-0.01112,0.02747,33.23,34.59,0.0776,0.0671
20:09:34.755,1790255374.7555,3236,-1.358,6.886,0.487,2.026,-0.00095,0.00759,0.99672,0.00074,-8e-05,-0.00128,0.0297,0.11852,0.98628,-0.1189,0.01842,0.0023,0.99999,0.00355,0.00045,-0.00023,0.99782,0.05873,-0.0121,0.02758,33.23,34.59,0.0776,0.0754
20:09:34.776,1790255374.776,3237,-1.281,6.686,0.487,2.028,-0.00717,0.0104,0.98922,0.00215,0.00095,-0.00171,0.00809,0.1162,1.0019,-0.10211,0.01816,0.00095,0.99999,0.00427,0.00176,-0.00025,0.9979,0.05772,-0.01019,0.02753,33.23,34.59,0.072,0.0735
20:09:34.796,1790255374.7964,3238,-1.0,6.745,0.486,2.029,0.00011,-0.00168,0.98807,-0.00106,0.00056,0.0018,0.01156,0.11545,0.99728,-0.11038,0.02289,-0.0011,0.99999,0.00289,0.00128,-0.00023,0.99798,0.05678,-0.00816,0.02745,33.23,34.59,0.0711,0.077
20:09:34.817,1790255374.8169,3239,-0.832,6.731,0.486,2.031,-0.00219,-0.00443,1.00403,0.00212,-0.00127,0.0006,0.01389,0.11019,1.01155,-0.09981,0.01516,-0.00486,1.0,0.00133,0.0012,-0.00023,0.99809,0.05506,-0.00673,0.02736,33.23,34.59,0.077,0.0668
20:09:34.837,1790255374.8375,3240,-1.009,6.626,0.485,2.032,-0.00399,0.0045,0.97824,-0.00098,-0.00287,-0.00033,0.03516,0.12382,0.98723,-0.10379,0.01978,0.00345,1.0,0.00231,0.00202,-0.00023,0.99807,0.05519,-0.0075,0.02748,33.23,34.59,0.0637,0.0767
20:09:34.858,1790255374.8579,3241,-0.775,6.359,0.485,2.033,0.00169,0.00421,0.98547,-0.00139,-0.00069,-0.00082,0.01737,0.09918,0.99757,-0.11034,0.02709,-0.00467,1.0,0.00221,0.00061,-0.00024,0.99821,0.05266,-0.00694,0.02746,33.23,34.59,0.0691,0.078
20:09:34.878,1790255374.8783,3242,-0.557,6.535,0.485,2.035,0.00074,-0.01173,0.98784,-0.00029,-0.00125,0.00277,0.00329,0.11629,1.0041,-0.09725,0.03849,0.00349,1.0,0.00077,0.00042,-0.00021,0.99822,0.05271,-0.00514,0.02746,33.23,34.59,0.0709,0.0719
20:09:34.898,1790255374.8987,3243,-0.18,6.337,0.485,2.036,0.00593,0.00461,0.98055,0.00093,-0.00023,-0.00549,0.00467,0.10139,0.98499,-0.09746,0.03576,-0.00235,1.0,0.00134,-0.0008,-0.00027,0.9983,0.05142,-0.00313,0.0274,33.23,34.59,0.0654,0.0727
20:09:34.919,1790255374.9191,3244,-0.287,6.117,0.484,2.038,-0.00498,0.00038,0.9791,0.00024,-0.00342,0.00081,0.0137,0.08484,1.00418,-0.09911,0.04016,0.00402,1.0,0.00091,0.0004,-0.00026,0.99841,0.04914,-0.00289,0.0275,33.23,34.59,0.0643,0.0741
20:09:34.939,1790255374.9394,3245,-0.474,6.202,0.484,2.039,-0.00976,-0.00581,0.98027,0.00284,0.00188,-0.00076,0.02711,0.10982,1.01138,-0.08614,0.037,0.00151,1.0,8e-05,0.00143,-0.00027,0.99841,0.04913,-0.00345,0.02759,33.23,34.59,0.0652,0.0667
20:09:34.959,1790255374.9596,3246,-0.367,6.188,0.484,2.04,-0.00359,-0.00086,0.99793,-0.00029,-0.00032,0.00123,0.00465,0.09321,0.976,-0.08679,0.05392,-0.00056,1.0,-0.0012,0.00236,-0.00027,0.99848,0.04773,-0.00155,0.02758,33.23,34.59,0.0785,0.0653
20:09:34.980,1790255374.98,3247,-0.194,5.932,0.483,2.042,0.02204,0.00652,0.99469,-0.00214,-0.00097,0.00113,0.01276,0.08542,1.01146,-0.08417,0.04681,-0.00254,1.0,-0.00074,0.00087,-0.00026,0.99856,0.04588,-0.0016,0.02762,33.23,34.59,0.0762,0.0686
20:09:35.000,1790255375.0005,3248,0.027,5.936,0.483,2.043,0.0105,0.01284,0.97882,-0.00118,-8e-05,-0.00178,0.00475,0.1002,0.99764,-0.07822,0.05655,-0.00042,1.0,0.00025,1e-05,-0.00028,0.99852,0.04682,-0.00056,0.02764,33.23,34.59,0.0642,0.078
20:09:35.021,1790255375.021,3249,0.079,5.712,0.483,2.044,0.00323,0.00429,0.99216,0.00162,-0.00109,0.00307,0.02318,0.08945,0.99089,-0.07415,0.06567,-0.00111,1.0,0.00142,-0.00099,-0.00025,0.99856,0.04599,-0.00119,0.02775,33.23,34.59,0.0741,0.0764
20:09:35.041,1790255375.0416,3250,0.217,5.398,0.483,2.045,0.0088,0.00921,0.98417,-0.00545,-0.0017,0.00128,0.01903,0.06572,0.99028,-0.07376,0.05784,-0.00301,1.0,0.00232,-0.00204,-0.00023,0.99864,0.04409,-0.00113,0.0278,33.23,34.59,0.0682,0.0745
20:09:35.061,1790255375.0618,3251,0.158,5.438,0.483,2.046,0.00626,-0.00504,0.97181,0.00052,0.00474,-0.00174,0.02177,0.08299,0.99056,-0.061,0.05465,0.00119,1.0,0.00117,-0.00227,-0.00025,0.99867,0.0433,-0.00183,0.02791,33.23,34.59,0.0589,0.0757
20:09:35.082,1790255375.0824,3252,0.161,5.688,0.483,2.047,0.00301,-0.00982,0.98111,0.00017,-0.00039,-0.00157,0.00942,0.09203,0.98917,-0.06853,0.07229,-0.00053,1.0,-0.00017,-0.00211,-0.00024,0.99863,0.04414,-0.00154,0.02797,33.23,34.59,0.0659,0.0751
20:09:35.102,1790255375.1027,3253,0.069,5.401,0.483,2.048,-0.0214,0.01059,0.98034,0.00166,0.00115,-0.0,0.01681,0.05776,1.00562,-0.06793,0.06414,-0.00013,1.0,0.00035,-0.00089,-0.00025,0.99871,0.04222,-0.00121,0.02804,33.23,34.59,0.0655,0.0744
20:09:35.123,1790255375.1233,3254,0.225,5.243,0.483,2.049,0.02244,0.00369,0.98577,0.00132,-0.0027,0.00097,0.03102,0.06666,1.01725,-0.06285,0.07098,-0.00286,1.0,0.00057,-0.00234,-0.00024,0.99876,0.04097,-0.00133,0.0281,33.24,34.59,0.0695,0.0651
20:09:35.143,1790255375.1437,3255,0.312,5.203,0.483,2.05,0.02067,-0.00226,0.97831,0.00075,0.00096,-0.00403,0.02869,0.07615,1.00103,-0.04919,0.07634,0.00137,0.99999,0.0003,-0.00361,-0.00028,0.99879,0.0403,-0.00183,0.02822,33.24,34.59,0.0639,0.0767
20:09:35.164,1790255375.1639,3256,0.447,5.193,0.483,2.051,0.02032,0.00264,1.00427,0.00206,1e-05,-0.00013,0.0253,0.08624,0.98973,-0.05964,0.08267,-0.00221,0.99999,0.00054,-0.00513,-0.00028,0.99878,0.04038,-0.00219,0.0283,33.24,34.59,0.0766,0.0754
20:09:35.184,1790255375.1844,3257,0.493,4.874,0.483,2.052,0.01308,0.01741,0.98525,0.00022,0.00135,0.00193,0.0208,0.06481,1.00218,-0.04118,0.08331,-0.00393,0.99998,0.00194,-0.00537,-0.00026,0.99884,0.03897,-0.00215,0.02835,33.24,34.59,0.0691,0.0766
20:09:35.205,1790255375.2049,3258,0.706,4.649,0.483,2.053,0.00131,0.01906,0.98224,0.00245,0.00088,5e-05,-0.01021,0.07407,1.01072,-0.05236,0.08481,-0.00282,0.99998,0.00313,-0.00466,-0.00027,0.99887,0.03817,0.00033,0.02831,33.24,34.59,0.0668,0.0699
20:09:35.225,1790255375.2254,3259,0.667,4.513,0.483,2.054,-0.01408,-0.00741,0.98101,-0.00431,0.00047,0.00324,0.00675,0.04752,1.00487,-0.05082,0.08794,0.00584,0.99999,0.00241,-0.00349,-0.00024,0.99894,0.0363,0.00116,0.02843,33.24,34.59,0.0659,0.0755
20:09:35.245,1790255375.2458,3260,1.019,4.322,0.483,2.055,0.01146,0.0082,0.96213,-0.00103,-0.00062,-0.00042,-0.01248,0.06072,0.98656,-0.03053,0.08514,0.00036,0.99999,0.00304,-0.00433,-0.00024,0.99897,0.03515,0.00332,0.02844,33.24,34.59,0.0517,0.0714
20:09:35.266,1790255375.2664,3261,1.029,4.349,0.483,2.055,0.00883,-0.01347,0.98442,-0.00348,-0.0001,-0.00271,0.0236,0.04486,0.98967,-0.04051,0.10005,0.00344,0.99999,0.00159,-0.00435,-0.00026,0.99901,0.03393,0.00344,0.02855,33.24,34.59,0.0684,0.0732
20:09:35.287,1790255375.2869,3262,1.227,4.29,0.483,2.056,0.01773,-0.00729,0.99671,0.00146,0.00408,-0.0002,0.00042,0.04875,0.99543,-0.04225,0.09442,0.00128,0.99999,0.0004,-0.00536,-0.00026,0.99906,0.03215,0.00419,0.02862,33.24,34.59,0.0777,0.0775
20:09:35.307,1790255375.307,3263,1.232,3.969,0.484,2.057,-0.00418,0.015,0.98985,-0.00109,-0.00353,0.00307,-0.00463,0.0514,0.99809,-0.03568,0.09778,0.00277,0.99999,0.00139,-0.00434,-0.00023,0.99911,0.03037,0.00514,0.02869,33.24,34.59,0.0725,0.0796
20:09:35.327,1790255375.3273,3264,1.1,4.012,0.484,2.057,-0.00155,-0.00588,0.99553,5e-05,-0.00225,0.0002,0.01534,0.04721,0.98111,-0.01123,0.09908,0.00228,0.99999,0.00039,-0.00319,-0.00023,0.99913,0.02981,0.00519,0.02879,33.24,34.59,0.0767,0.0668
20:09:35.348,1790255375.3481,3265,0.984,4.114,0.484,2.058,-0.00262,-0.01557,0.9835,-0.00087,-0.00283,-0.0016,0.01046,0.05564,0.99574,-0.01802,0.1001,0.00017,1.0,-0.00086,-0.00254,-0.00024,0.99914,0.02949,0.00489,0.02888,33.24,34.59,0.0677,0.078
20:09:35.369,1790255375.3689,3266,0.911,4.099,0.484,2.059,-0.00482,-0.0131,0.98673,0.00241,-0.00232,-0.00279,0.00404,0.04477,0.99016,-0.01927,0.10472,0.00039,1.0,-0.00194,-0.00162,-0.00026,0.99917,0.02834,0.00521,0.02895,33.24,34.59,0.0701,0.0734
20:09:35.389,1790255375.3893,3267,0.799,3.857,0.484,2.059,-0.01272,0.00721,0.99966,0.00032,0.00467,-0.00192,0.00951,0.03458,0.99114,-0.0139,0.10414,0.00023,1.0,-0.00101,-0.00024,-0.00028,0.99919,0.02722,0.00553,0.02901,33.24,34.59,0.0798,0.0738
20:09:35.409,1790255375.4096,3268,0.655,3.974,0.484,2.06,-0.00553,-0.00871,0.99027,-0.00025,-0.0032,0.00287,0.02194,0.05151,1.00286,-0.00461,0.10447,0.00023,1.0,-0.00212,0.00072,-0.00025,0.99919,0.02721,0.00529,0.02909,33.24,34.59,0.0727,0.0767
20:09:35.430,1790255375.4301,3269,0.597,3.737,0.484,2.06,-0.0051,0.0026,0.98131,0.00191,0.00164,0.00082,0.01657,0.03557,0.99904,-0.00533,0.11072,0.00113,1.0,-0.00092,0.00138,-0.00024,0.99921,0.02637,0.00535,0.02917,33.24,34.59,0.066,0.0799
20:09:35.450,1790255375.4503,3270,0.598,3.439,0.484,2.061,-0.0206,0.03258,1.00684,0.00055,0.00067,0.00275,0.00479,0.02703,0.99789,-0.00145,0.11153,-0.00062,1.0,0.00042,0.00208,-0.00021,0.99924,0.02513,0.00594,0.02921,33.24,34.59,0.0743,0.0787
20:09:35.470,1790255375.4706,3271,0.826,3.381,0.484,2.061,0.00353,-0.00121,0.98881,0.00173,-0.00117,0.00163,0.00056,0.03483,0.98411,-0.00182,0.11504,0.00045,1.0,6e-05,0.00066,-0.0002,0.99926,0.02417,0.00651,0.02927,33.24,34.59,0.0716,0.0685
20:09:35.491,1790255375.4909,3272,0.762,3.22,0.484,2.062,-0.00507,0.00669,0.98116,0.00045,-0.00348,-0.00453,0.01549,0.04223,1.01188,-0.00365,0.11133,-0.00024,1.0,0.00123,0.00129,-0.00024,0.99926,0.02397,0.00651,0.02933,33.24,34.59,0.0659,0.0703
20:09:35.511,1790255375.5111,3273,0.96,3.148,0.485,2.062,0.01044,0.00219,1.00623,0.00379,0.00194,-0.00132,0.01007,0.02989,0.99276,0.00545,0.11237,-0.00589,1.0,0.00123,-0.00021,-0.00025,0.99928,0.02324,0.00672,0.02933,33.24,34.59,0.0753,0.0749
20:09:35.531,1790255375.5315,3274,0.883,2.989,0.485,2.062,-0.01093,0.009,0.9855,0.00485,0.00154,-0.00106,0.02118,0.01713,1.02274,0.01052,0.11844,0.00141,1.0,0.00199,0.00103,-0.00026,0.99928,0.02266,0.00722,0.02939,33.24,34.59,0.0692,0.0627
20:09:35.552,1790255375.5521,3275,0.877,2.904,0.485,2.063,-0.01356,-0.00033,0.97948,0.00159,0.00235,-0.00191,-0.01,0.02467,1.01202,0.01359,0.11715,-0.00101,1.0,0.00154,0.00231,-0.00029,0.9993,0.02152,0.00843,0.02941,33.24,34.59,0.0647,0.0707
20:09:35.572,1790255375.5727,3276,1.175,2.812,0.485,2.063,0.00014,0.00247,0.99567,0.00214,-0.00195,-0.0,-0.00386,0.00728,1.0099,0.01381,0.11974,-0.00169,1.0,0.00136,0.00072,-0.00029,0.99931,0.02042,0.00943,0.02942,33.24,34.59,0.0768,0.0726
20:09:35.593,1790255375.5929,3277,1.155,2.618,0.485,2.063,-0.0062,0.0186,0.99775,0.00371,0.00083,-0.0,0.00607,0.02949,0.98579,0.02938,0.11941,-0.00116,1.0,0.00292,0.00118,-0.00029,0.99931,0.02029,0.00962,0.02945,33.24,34.59,0.0785,0.0697
20:09:35.613,1790255375.6135,3278,1.145,2.661,0.486,2.063,-0.00867,-0.00664,0.98546,-0.0005,0.00042,0.00216,0.00261,0.00747,0.99999,0.03408,0.12127,0.00255,1.0,0.00164,0.00183,-0.00027,0.99932,0.01942,0.01024,0.02951,33.24,34.59,0.0691,0.08
20:09:35.633,1790255375.6338,3279,1.296,2.414,0.486,2.063,0.00144,0.01937,1.00392,-0.00068,-0.00191,0.00223,-0.00271,0.01056,0.98467,0.02878,0.11658,-0.00134,0.99999,0.00311,0.00134,-0.00024,0.99933,0.01868,0.01095,0.02952,33.24,34.59,0.0769,0.0685
20:09:35.654,1790255375.6543,3280,1.443,2.217,0.486,2.063,0.00353,0.014,0.98196,0.00357,-0.00109,-0.00046,0.00943,0.00544,0.99999,0.03247,0.11921,0.00464,0.99999,0.00422,0.00049,-0.00024,0.99934,0.018,0.01129,0.0296,33.24,34.59,0.0665,0.08
20:09:35.675,1790255375.6749,3281,1.517,2.296,0.486,2.063,-0.00182,-0.00108,0.99483,0.00112,0.00133,0.00029,-0.00478,-0.00674,0.99868,0.04432,0.11766,0.00226,1.0,0.00266,0.00063,-0.00024,0.99934,0.01711,0.01215,0.02964,33.24,34.59,0.0761,0.079
20:09:35.695,1790255375.6953,3282,1.586,2.342,0.487,2.064,-0.00469,-0.01135,0.97819,0.0017,0.0013,0.0019,-0.01051,0.00248,0.99146,0.03629,0.1227,-0.00246,1.0,0.0014,0.0009,-0.00023,0.99934,0.01625,0.01309,0.02963,33.24,34.59,0.0637,0.0736
20:09:35.715,1790255375.7155,3283,1.888,2.339,0.487,2.064,0.00675,-0.0025,0.9938,0.00125,-0.00072,-0.00319,-0.02255,-0.01118,0.99313,0.04131,0.12024,-0.00695,1.0,0.00061,-0.0004,-0.00026,0.99934,0.01531,0.01444,0.02956,33.24,34.59,0.0754,0.0751
20:09:35.735,1790255375.7357,3284,1.772,2.311,0.488,2.064,-0.01245,-0.0005,0.99095,0.00064,0.0017,-0.00455,0.02271,-0.01718,1.01589,0.04116,0.12107,0.00192,1.0,0.00043,0.00109,-0.0003,0.99934,0.01495,0.01492,0.02959,33.24,34.59,0.0733,0.0678
20:09:35.756,1790255375.756,3285,1.813,2.417,0.488,2.064,-0.00232,-0.00381,0.99807,-0.0018,-0.00147,0.00271,0.00218,-0.01393,0.99929,0.04469,0.11412,0.00056,1.0,-0.00118,0.00112,-0.00028,0.99934,0.01427,0.01538,0.02961,33.24,34.59,0.0786,0.0795
20:09:35.776,1790255375.7763,3286,1.964,2.249,0.489,2.064,0.00644,0.00954,0.98455,0.00142,0.00023,-0.0025,0.00431,-0.00971,1.00605,0.05697,0.11656,0.00105,1.0,-4e-05,0.0003,-0.0003,0.99934,0.01387,0.0158,0.02962,33.24,34.59,0.0685,0.0754
20:09:35.796,1790255375.7967,3287,1.966,2.03,0.489,2.064,-0.00586,0.01497,0.99264,-0.00046,0.00292,-0.00094,-0.00023,-0.0071,1.00304,0.05411,0.12119,0.00019,1.0,0.00139,0.00083,-0.00031,0.99934,0.0134,0.01625,0.02963,33.24,34.59,0.0746,0.0777
20:09:35.817,1790255375.8169,3288,2.185,2.071,0.49,2.064,0.01934,-0.0104,0.99701,-0.00162,0.00063,-0.00154,0.0021,-0.02511,0.99835,0.05704,0.12311,0.00122,1.0,0.00053,-0.0005,-0.00033,0.99934,0.01281,0.01687,0.02964,33.24,34.59,0.0779,0.079
20:09:35.837,1790255375.8375,3289,2.257,2.211,0.49,2.064,0.00311,-0.01257,0.99298,0.00084,0.00338,-0.00159,0.00198,-0.01723,0.99021,0.06511,0.11587,0.00164,1.0,-0.00098,-0.0007,-0.00034,0.99933,0.01249,0.01738,0.02966,33.24,34.59,0.0748,0.0728
20:09:35.858,1790255375.8579,3290,2.122,2.223,0.491,2.064,-0.00066,-0.00257,0.98702,0.00248,-0.00021,0.00107,0.00439,-0.0101,1.00192,0.06765,0.11057,-0.00253,1.0,-0.00138,0.00067,-0.00033,0.99933,0.01228,0.01759,0.02963,33.24,34.59,0.0703,0.0785
20:09:35.878,1790255375.8786,3291,2.338,2.113,0.491,2.064,0.00806,0.00446,0.99352,0.00012,6e-05,0.00222,-0.001,-0.01896,0.97832,0.07415,0.10945,-0.00136,1.0,-0.00044,-0.00056,-0.00031,0.99932,0.01216,0.01818,0.02961,33.24,34.59,0.0752,0.0639
20:09:35.899,1790255375.899,3292,2.368,2.256,0.492,2.064,-0.00058,-0.01477,0.99923,0.00258,-0.00116,-0.00122,0.00644,-0.04162,1.00324,0.07911,0.1101,0.00033,1.0,-0.00203,-0.00038,-0.00032,0.99932,0.01182,0.01872,0.0296,33.24,34.59,0.0795,0.0769
20:09:35.919,1790255375.9194,3293,2.445,2.412,0.492,2.064,0.00417,-0.01224,0.98834,-0.00206,-0.00025,0.00246,0.00454,-0.0093,1.0034,0.07503,0.11289,-0.00042,0.99999,-0.0034,-0.00094,-0.0003,0.99931,0.01178,0.0189,0.0296,33.24,34.59,0.0713,0.0774
20:09:35.939,1790255375.9396,3294,2.4,2.409,0.493,2.064,-0.00434,-0.00885,0.96826,0.00291,0.00158,0.00148,-0.01188,-0.02151,0.98975,0.07617,0.11424,0.00233,0.99999,-0.00376,0.00014,-0.00028,0.9993,0.01143,0.0196,0.0296,33.24,34.59,0.0562,0.0725
20:09:35.960,1790255375.96,3295,2.597,2.288,0.494,2.064,0.0166,0.00708,0.99266,-0.00354,0.00198,0.00111,-0.00725,-0.0185,0.9929,0.08408,0.11535,-0.00305,1.0,-0.00281,-0.001,-0.00027,0.9993,0.01124,0.02013,0.02956,33.24,34.59,0.0746,0.0748
20:09:35.980,1790255375.9802,3296,2.795,2.166,0.494,2.064,0.02032,0.0091,0.9892,0.0022,-0.00121,-0.00254,-0.00635,-0.02529,1.00355,0.08749,0.11348,0.00187,1.0,-0.00188,-0.00215,-0.0003,0.99929,0.01101,0.02064,0.02956,33.24,34.59,0.0721,0.0771
20:09:36.000,1790255376.0007,3297,2.707,2.136,0.495,2.064,-0.01098,-0.00226,0.98622,-0.00016,-0.00251,0.00289,-0.00876,-0.02443,1.01742,0.08776,0.10955,-0.00643,1.0,-0.00175,-0.00075,-0.00027,0.99928,0.01096,0.02125,0.02947,33.24,34.59,0.0697,0.0667
20:09:36.021,1790255376.0212,3298,2.607,2.023,0.496,2.064,-0.0051,0.00114,1.00331,0.00134,0.00359,0.00044,0.0004,-0.03013,0.99173,0.09819,0.106,0.00298,1.0,-0.00082,0.00058,-0.00026,0.99927,0.01096,0.02165,0.02948,33.24,34.59,0.0775,0.0741
20:09:36.041,1790255376.0416,3299,2.647,1.859,0.497,2.064,-0.0074,0.02389,0.98986,0.00426,0.00059,-0.00039,0.01319,-0.04319,1.02301,0.08245,0.11574,-0.00014,1.0,0.00066,0.00094,-0.00026,0.99926,0.01101,0.02227,0.02946,33.24,34.59,0.0726,0.062
20:09:36.062,1790255376.0621,3300,2.779,1.984,0.497,2.064,0.00497,-0.02023,1.01902,0.00302,-0.00226,-0.00472,-0.01738,-0.04663,1.00823,0.09868,0.1043,-0.00446,1.0,-0.0006,0.0005,-0.00031,0.99924,0.0108,0.02306,0.02938,33.24,34.59,0.0656,0.0729
20:09:36.082,1790255376.0827,3301,2.883,1.868,0.498,2.064,0.00425,0.01604,0.98187,-0.00087,0.00074,0.00067,0.0027,-0.03061,0.98156,0.10663,0.10449,0.00324,1.0,0.00071,0.0001,-0.00031,0.99923,0.01106,0.02349,0.02939,33.24,34.59,0.0665,0.0665
20:09:36.103,1790255376.103,3302,2.947,1.683,0.499,2.064,-0.002,0.01111,1.00912,0.00126,0.00022,-0.00065,-0.01981,-0.03692,0.99217,0.10365,0.10715,-0.00414,1.0,0.00217,0.00037,-0.00031,0.99922,0.0109,0.02422,0.0293,33.24,34.59,0.0731,0.0748
20:09:36.123,1790255376.1232,3303,2.869,1.577,0.5,2.064,-0.01659,0.02045,0.98121,0.0021,0.00321,0.00299,0.01042,-0.03789,1.00474,0.10153,0.10231,0.00272,0.99999,0.00314,0.00134,-0.00029,0.99921,0.011,0.02445,0.0293,33.24,34.59,0.0662,0.0759
20:09:36.143,1790255376.1436,3304,3.086,1.545,0.5,2.064,0.0129,0.01155,0.99868,0.00036,-0.00105,-0.00614,0.00972,-0.05099,1.01182,0.10498,0.09364,0.00292,0.99999,0.00366,-0.0002,-0.00034,0.9992,0.01113,0.02478,0.0293,33.24,34.59,0.0791,0.0701
20:09:36.164,1790255376.1639,3305,3.17,1.716,0.501,2.064,0.00435,-0.00715,0.97972,-0.00098,-0.00109,0.00123,0.00806,-0.05936,1.00882,0.11776,0.10051,-0.00017,1.0,0.00238,-0.00057,-0.00033,0.99919,0.01131,0.02523,0.02926,33.24,34.59,0.0648,0.0721
20:09:36.184,1790255376.1842,3306,3.076,1.842,0.502,2.064,-0.01102,-0.00611,1.00722,-0.00068,-0.00369,0.00334,0.00413,-0.05332,1.00776,0.11542,0.09082,-0.00093,1.0,0.00136,0.00052,-0.0003,0.99918,0.01145,0.02556,0.02921,33.24,34.59,0.0745,0.0731
20:09:36.204,1790255376.2047,3307,3.127,2.016,0.503,2.064,3e-05,-0.01637,0.98294,0.00072,-0.00148,-0.00263,0.00455,-0.05339,1.01295,0.10697,0.09784,-0.00219,1.0,-1e-05,0.00043,-0.00032,0.99917,0.01157,0.026,0.02916,33.24,34.59,0.0673,0.0692
20:09:36.225,1790255376.225,3308,3.008,1.941,0.504,2.064,-0.00265,0.00067,0.9975,0.00073,-0.00197,0.00083,-0.01262,-0.04996,1.00021,0.12251,0.08561,-0.00252,1.0,0.00057,0.00189,-0.00032,0.99916,0.01158,0.02639,0.02908,33.25,34.59,0.0781,0.0788
20:09:36.245,1790255376.2453,3309,3.08,2.092,0.504,2.064,-0.00012,-0.03034,0.98614,0.00136,3e-05,0.00064,-0.01699,-0.06105,1.00279,0.11284,0.08789,-0.00094,1.0,-0.00084,0.00173,-0.00032,0.99915,0.01147,0.02694,0.02902,33.25,34.59,0.07,0.0764
20:09:36.265,1790255376.2655,3310,3.052,2.249,0.505,2.064,-0.01352,-0.02105,0.99237,0.0014,-0.00027,-0.00336,-0.01439,-0.06892,1.00186,0.13117,0.08601,0.00658,0.99999,-0.00216,0.00242,-0.00035,0.99913,0.01155,0.02746,0.02903,33.25,34.59,0.0745,0.0768
20:09:36.286,1790255376.2859,3311,3.276,2.288,0.506,2.064,0.00606,-0.00263,0.99007,0.00227,-0.00218,0.00247,0.00412,-0.05754,1.02806,0.12186,0.08673,0.00124,1.0,-0.00192,0.00093,-0.00033,0.99912,0.01202,0.02793,0.029,33.25,34.59,0.0726,0.0577
20:09:36.306,1790255376.3061,3312,3.448,2.412,0.507,2.064,0.00403,-0.00778,0.98458,-0.00168,-0.00213,0.00235,-0.00648,-0.06674,0.98571,0.12784,0.0789,-0.0035,1.0,-0.00272,-0.00024,-0.00031,0.99911,0.01222,0.02832,0.02891,33.25,34.59,0.0685,0.071
20:09:36.326,1790255376.3268,3313,3.501,2.248,0.508,2.064,-0.00044,0.00363,0.98753,0.0049,-0.00096,-0.0005,-0.01729,-0.07378,0.98757,0.12425,0.07534,-0.00091,1.0,-0.00122,-0.0001,-0.00032,0.99909,0.01228,0.02882,0.02884,33.25,34.59,0.0707,0.0729
20:09:36.347,1790255376.3471,3314,3.572,2.432,0.509,2.064,0.00607,-0.0193,0.97447,9e-05,0.00147,0.00092,-0.00789,-0.06461,0.98183,0.14161,0.06714,-0.00092,1.0,-0.00239,-0.00051,-0.00032,0.99908,0.01269,0.02912,0.02877,33.25,34.59,0.061,0.068
20:09:36.367,1790255376.3674,3315,3.574,2.57,0.51,2.064,-0.00762,-0.02633,0.9692,0.0001,-0.00044,-0.00028,-0.01908,-0.06698,0.98614,0.12891,0.07847,0.00056,0.99999,-0.00346,-8e-05,-0.00031,0.99907,0.01283,0.02964,0.02872,33.25,34.59,0.0572,0.0714
20:09:36.388,1790255376.3878,3316,3.408,2.611,0.511,2.064,-0.00702,-0.00811,0.99656,-0.00101,0.00114,0.00013,-0.008,-0.05848,0.99593,0.13381,0.06667,0.0048,0.99999,-0.00373,0.00148,-0.00031,0.99906,0.01302,0.02977,0.02871,33.25,34.59,0.0775,0.0783
20:09:36.408,1790255376.4082,3317,3.357,2.489,0.512,2.064,-0.01612,0.0117,0.99106,-0.00169,-0.00167,-0.00152,-0.00762,-0.08587,0.99483,0.14398,0.06994,0.00258,0.99999,-0.00251,0.00231,-0.00032,0.99905,0.0132,0.03008,0.02866,33.25,34.59,0.0734,0.0789
20:09:36.428,1790255376.4284,3318,3.353,2.681,0.513,2.065,-0.00503,-0.00881,0.98539,-0.0005,0.0,0.00295,-0.00883,-0.0699,0.98723,0.13843,0.06144,0.00313,0.99999,-0.00391,0.00248,-0.00029,0.99904,0.01349,0.0303,0.02863,33.25,34.59,0.0691,0.0723
20:09:36.448,1790255376.4488,3319,3.496,2.768,0.514,2.065,-0.00012,-0.00874,0.96457,-0.0016,-0.00018,-0.0014,-0.00515,-0.07647,1.01404,0.13995,0.05783,-0.00306,0.99999,-0.0042,0.00142,-0.00031,0.99903,0.01389,0.03052,0.02854,33.25,34.59,0.0535,0.0673
20:09:36.469,1790255376.4693,3320,3.514,2.643,0.515,2.065,-0.00296,0.01019,0.97162,0.00092,0.00069,0.00104,-0.0142,-0.07297,0.99205,0.13102,0.04616,0.00041,0.99999,-0.003,0.00143,-0.00031,0.99903,0.01401,0.03062,0.02847,33.25,34.59,0.0588,0.0761
20:09:36.489,1790255376.4897,3321,3.66,2.64,0.516,2.065,0.00233,-0.00476,0.9793,0.00012,0.00346,0.00238,-0.00671,-0.08003,0.99693,0.1406,0.04569,0.00329,1.0,-0.00272,0.00018,-0.00029,0.99903,0.01417,0.03063,0.02844,33.25,34.59,0.0645,0.0799
20:09:36.510,1790255376.5099,3322,3.618,2.847,0.516,2.065,-0.00626,-0.03622,1.00529,-8e-05,0.00056,0.00127,0.00835,-0.0946,1.00147,0.14556,0.04837,-0.00063,0.99999,-0.00422,0.00047,-0.00029,0.99902,0.0145,0.03064,0.02836,33.25,34.59,0.0755,0.0755
20:09:36.530,1790255376.5303,3323,3.63,3.044,0.517,2.066,-0.00041,-0.01589,0.98953,0.00051,-0.00029,-0.00094,-0.01217,-0.09697,1.00125,0.14574,0.03871,0.00567,0.99998,-0.00568,0.00037,-0.00029,0.99902,0.01474,0.03075,0.02835,33.25,34.59,0.0722,0.0755
20:09:36.551,1790255376.5509,3324,3.611,2.894,0.518,2.066,-0.00495,0.00555,1.00299,-0.00288,-0.00106,-0.00107,-0.00704,-0.09471,0.99079,0.14487,0.04496,-0.003,0.99999,-0.00416,0.00074,-0.0003,0.99901,0.01498,0.03087,0.02824,33.25,34.59,0.0777,0.0765
20:09:36.571,1790255376.5711,3325,3.651,2.766,0.519,2.066,-0.00121,-0.00685,0.9903,0.00162,0.0001,-0.0022,-0.0053,-0.08807,1.00658,0.14477,0.03463,-0.00442,1.0,-0.0027,0.00047,-0.00032,0.99901,0.01531,0.03087,0.02813,33.25,34.59,0.0727,0.0722
20:09:36.591,1790255376.5914,3326,3.652,2.646,0.52,2.066,-0.00134,0.00426,0.98927,-0.00015,-0.00178,0.00133,-0.0036,-0.09582,1.00909,0.14877,0.02874,0.00124,1.0,-0.00124,0.00052,-0.00031,0.99901,0.01573,0.03084,0.02807,33.25,34.59,0.072,0.0698
20:09:36.611,1790255376.6118,3327,3.799,2.553,0.521,2.067,0.01287,0.01136,0.9948,0.00081,0.00222,0.00053,-0.01824,-0.11579,0.98908,0.15059,0.03003,-0.00148,1.0,-0.00014,-0.00056,-0.0003,0.999,0.01595,0.03098,0.02797,33.25,34.59,0.0762,0.077
20:09:36.632,1790255376.6324,3328,3.7,2.429,0.522,2.067,-0.00702,0.0127,0.99838,-0.00329,-0.0016,0.00374,-0.00536,-0.09458,0.99084,0.15196,0.02629,0.00138,1.0,0.0012,0.00028,-0.00026,0.999,0.01627,0.0309,0.02791,33.25,34.59,0.0789,0.0765
20:09:36.652,1790255376.6526,3329,3.651,2.604,0.523,2.067,-0.008,-0.02725,0.98646,-0.00119,0.00221,0.0013,-0.02107,-0.10812,0.99733,0.14573,0.01779,0.00189,1.0,-0.00019,0.00065,-0.00025,0.999,0.01643,0.03091,0.02785,33.25,34.59,0.0702,0.0775
20:09:36.673,1790255376.6731,3330,3.471,2.711,0.524,2.067,-0.00572,-0.00222,0.9992,0.00161,-0.00146,-0.00134,-0.01004,-0.09861,1.00838,0.15226,0.02081,-0.00047,1.0,-0.0008,0.00214,-0.00027,0.999,0.01685,0.03088,0.02777,33.25,34.59,0.0794,0.0701
20:09:36.693,1790255376.6933,3331,3.539,2.911,0.525,2.067,0.00209,-0.01424,0.99923,-0.00178,0.00164,0.00079,-0.02034,-0.09602,0.98445,0.14353,0.01313,-0.00429,1.0,-0.00226,0.00143,-0.00026,0.999,0.0171,0.03085,0.02765,33.25,34.59,0.0795,0.072
20:09:36.714,1790255376.7138,3332,3.452,2.799,0.526,2.068,-0.00492,0.00099,0.9815,0.00109,0.00223,-0.00047,-0.0091,-0.08698,0.99973,0.15446,0.00342,0.00415,1.0,-0.00098,0.00194,-0.00026,0.999,0.01743,0.03054,0.02761,33.25,34.59,0.0661,0.0773
20:09:36.734,1790255376.7344,3333,3.347,2.989,0.527,2.068,-0.01522,-0.02213,0.99261,0.00073,0.00142,0.0014,-0.01692,-0.09675,0.98416,0.15246,0.0106,0.00655,0.99999,-0.00233,0.0027,-0.00027,0.999,0.01779,0.03046,0.0276,33.25,34.59,0.0747,0.0718
20:09:36.755,1790255376.755,3334,3.513,2.891,0.528,2.068,0.00665,0.00492,1.00033,0.00337,-0.00222,0.00046,-0.03802,-0.0995,0.99231,0.14751,0.00728,0.00071,1.0,-0.00127,0.00139,-0.00026,0.99899,0.01791,0.03055,0.02752,33.25,34.59,0.0797,0.0785
20:09:36.775,1790255376.7753,3335,3.629,2.971,0.529,2.068,0.01469,-0.00912,0.97622,0.00018,0.00146,0.00361,-0.01226,-0.11868,0.99523,0.14899,0.00685,-0.00558,1.0,-0.00172,0.00022,-0.00023,0.999,0.0181,0.03042,0.02738,33.25,34.59,0.0623,0.0782
20:09:36.795,1790255376.7957,3336,3.764,2.899,0.53,2.069,0.00664,0.00153,0.98471,-0.00064,-0.00015,-0.0032,-0.03344,-0.10885,0.99568,0.14413,0.00092,0.00058,1.0,-0.00094,-0.00093,-0.00026,0.999,0.0182,0.0304,0.0273,33.25,34.59,0.0685,0.0784
20:09:36.816,1790255376.8161,3337,3.787,3.079,0.531,2.069,0.01034,-0.01832,0.98652,0.0011,0.00312,0.0015,0.00158,-0.13216,0.99816,0.14787,-0.00841,0.00095,1.0,-0.0022,-0.00156,-0.00025,0.99901,0.01848,0.03006,0.02723,33.25,34.59,0.0701,0.0748
20:09:36.836,1790255376.8364,3338,3.603,3.123,0.532,2.069,-0.01487,-0.00738,0.97822,-0.0002,-0.00087,-0.00341,-0.00681,-0.09706,0.99247,0.14978,-0.00287,0.00106,1.0,-0.00242,-0.00029,-0.00028,0.99901,0.01873,0.02973,0.02717,33.25,34.59,0.0638,0.0779
20:09:36.857,1790255376.857,3339,3.52,2.987,0.533,2.07,-0.00153,0.00285,0.98941,0.00327,0.00167,0.0054,-0.00837,-0.10437,1.00237,0.15022,-0.01517,0.00176,1.0,-0.00096,0.00012,-0.00022,0.99902,0.01904,0.02933,0.02711,33.25,34.59,0.0721,0.0741
20:09:36.877,1790255376.8776,3340,3.618,3.121,0.534,2.07,0.009,-0.00875,0.99422,0.00064,0.00159,0.00273,-0.01409,-0.10912,1.00099,0.14076,-0.01509,0.0023,1.0,-0.00188,-0.00112,-0.00019,0.99903,0.01922,0.02901,0.02705,33.25,34.59,0.0757,0.0747
20:09:36.898,1790255376.8978,3341,3.438,3.128,0.535,2.07,-0.01244,-0.00142,0.98902,-0.00276,-0.002,-0.00128,-0.02988,-0.13275,0.97727,0.15333,-0.02058,-0.0006,1.0,-0.00169,0.00029,-0.0002,0.99903,0.01957,0.02885,0.02696,33.25,34.59,0.0718,0.07
20:09:36.918,1790255376.9183,3342,3.283,3.212,0.536,2.071,-0.02254,-0.01742,0.96601,-0.00063,-0.00484,0.00074,-0.01001,-0.11907,0.99735,0.14406,-0.02487,-0.00359,1.0,-0.0023,0.00118,-0.0002,0.99904,0.01975,0.02842,0.02685,33.25,34.59,0.0548,0.0766
20:09:36.939,1790255376.9389,3343,3.389,3.322,0.537,2.071,0.01182,-0.0107,0.99094,-0.00159,0.00076,-0.00073,-0.01947,-0.13878,0.99314,0.15889,-0.03558,0.00321,1.0,-0.00292,-0.0002,-0.00021,0.99905,0.02003,0.02801,0.02679,33.25,34.59,0.0733,0.0778
20:09:36.959,1790255376.9591,3344,3.164,3.27,0.537,2.071,-0.01165,0.00056,1.00049,-0.00416,0.00251,-0.00063,-0.01184,-0.11435,0.98142,0.15231,-0.04406,-0.00249,1.0,-0.00221,0.00125,-0.00021,0.99906,0.02039,0.02745,0.02669,33.25,34.59,0.0796,0.0711
20:09:36.979,1790255376.9797,3345,3.269,3.277,0.538,2.072,0.00601,-0.00337,0.98335,0.00311,0.0012,0.00215,-0.01115,-0.12108,0.99427,0.14983,-0.02989,0.00324,1.0,-0.00202,-0.00013,-0.00019,0.99907,0.02058,0.027,0.02664,33.25,34.59,0.0675,0.0787
20:09:37.000,1790255376.9999,3346,3.364,3.211,0.539,2.072,0.00271,-0.0024,0.98685,-0.00199,-0.00105,-0.0033,-0.021,-0.14547,0.99437,0.14171,-0.04186,-0.00117,1.0,-0.00127,-0.00133,-0.00023,0.99908,0.0207,0.02657,0.02655,33.25,34.59,0.0701,0.0761
20:09:37.020,1790255377.0201,3347,3.33,3.399,0.54,2.073,0.00504,-0.01484,0.98985,0.00043,-0.00109,-0.00165,-0.00953,-0.11018,0.98892,0.14615,-0.03486,0.00025,0.99999,-0.00271,-0.00162,-0.00024,0.99909,0.0209,0.02607,0.02648,33.25,34.59,0.0725,0.0763
20:09:37.040,1790255377.0407,3348,3.315,3.587,0.541,2.073,0.00563,-0.01359,1.00237,0.0015,0.00388,-0.00292,-0.01847,-0.12353,0.98619,0.1385,-0.04137,-0.00289,0.99999,-0.00424,-0.00203,-0.00027,0.9991,0.02101,0.02561,0.02638,33.25,34.59,0.0781,0.0756
20:09:37.061,1790255377.0611,3349,3.42,3.536,0.542,2.073,0.01007,-0.006,1.00002,0.00133,0.00275,0.0009,-0.00673,-0.13093,0.97935,0.1289,-0.05054,0.00327,0.99999,-0.0036,-0.00352,-0.00027,0.99912,0.02113,0.02501,0.02634,33.25,34.59,0.0799,0.0711
20:09:37.081,1790255377.0815,3350,3.286,3.408,0.543,2.074,-0.00304,0.00932,0.98224,-0.0007,-9e-05,-0.00071,-0.01621,-0.12271,0.98775,0.14024,-0.04785,0.00145,0.99999,-0.00244,-0.00281,-0.00027,0.99913,0.02124,0.02448,0.02628,33.25,34.59,0.0667,0.0766
20:09:37.102,1790255377.102,3351,3.226,3.557,0.543,2.074,0.00539,-0.02049,0.9776,-0.00018,-0.0002,0.0015,-0.03039,-0.13058,0.991,0.14086,-0.05263,-0.00096,0.99999,-0.00373,-0.0028,-0.00027,0.99914,0.02126,0.02404,0.02619,33.25,34.58,0.0634,0.08
20:09:37.122,1790255377.1223,3352,2.966,3.564,0.544,2.075,-0.01139,-0.00859,1.00136,-0.00058,-0.0008,-0.00139,-0.00846,-0.12971,0.99322,0.13904,-0.05714,-0.00146,0.99999,-0.00384,-0.0012,-0.00026,0.99916,0.02132,0.02337,0.02611,33.25,34.58,0.0789,0.0787
20:09:37.142,1790255377.1425,3353,2.742,3.633,0.545,2.075,-0.01604,-0.01214,1.01415,-0.00201,-0.00222,0.00151,-0.01572,-0.13749,0.96846,0.14046,-0.06537,-0.00079,0.99999,-0.00418,0.00013,-0.00024,0.99917,0.02168,0.02277,0.02603,33.25,34.58,0.0692,0.0637
20:09:37.163,1790255377.163,3354,2.472,3.617,0.546,2.076,-0.01035,-0.00757,1.00982,0.00048,0.0003,-0.00307,-0.00326,-0.12365,0.99641,0.13806,-0.07457,-0.00017,0.99999,-0.00405,0.00162,-0.00027,0.99919,0.02178,0.02189,0.02596,33.25,34.58,0.0726,0.077
20:09:37.183,1790255377.1835,3355,2.57,3.63,0.546,2.076,0.00773,-0.00787,0.99481,-6e-05,0.00102,0.00127,-0.01804,-0.13649,0.9951,0.13736,-0.0735,0.00483,0.99999,-0.00402,6e-05,-0.00027,0.9992,0.02185,0.02119,0.02594,33.25,34.58,0.0761,0.0766
20:09:37.203,1790255377.2038,3356,2.348,3.523,0.547,2.077,-0.00413,-0.00454,0.99975,0.00039,0.00155,0.00144,-0.00428,-0.14578,0.97957,0.14327,-0.07456,0.00477,0.99999,-0.00296,0.00128,-0.00027,0.99921,0.02207,0.02041,0.02592,33.25,34.58,0.0798,0.0728
20:09:37.224,1790255377.224,3357,2.139,3.481,0.547,2.077,-0.01315,-0.00311,0.96777,0.00298,-0.00239,0.00276,-0.01597,-0.13329,0.98842,0.13412,-0.08147,-0.00089,0.99999,-0.00266,0.00235,-0.00024,0.99923,0.02208,0.01964,0.02585,33.25,34.58,0.0559,0.0781
20:09:37.244,1790255377.2444,3358,2.169,3.355,0.548,2.078,0.00977,0.00951,0.99127,8e-05,0.0006,-0.00025,-0.00242,-0.14946,0.98578,0.12672,-0.08021,-0.0051,1.0,-0.00159,0.0013,-0.00024,0.99925,0.02203,0.01879,0.02573,33.25,34.58,0.0735,0.0778
20:09:37.264,1790255377.2647,3359,2.168,3.227,0.548,2.078,0.00264,0.00406,0.98396,-0.0013,0.00078,-0.00348,-0.00735,-0.12985,0.98272,0.11967,-0.08738,-0.00187,1.0,-0.00049,0.0005,-0.00027,0.99927,0.02199,0.01792,0.02565,33.25,34.58,0.068,0.0735
20:09:37.285,1790255377.2852,3360,1.91,3.155,0.549,2.078,-0.0167,0.00772,0.99471,-0.00347,7e-05,-0.00206,-0.00063,-0.13501,1.01088,0.12451,-0.0915,0.00194,1.0,0.00023,0.00186,-0.00029,0.99928,0.02218,0.01699,0.02562,33.25,34.58,0.0762,0.0651
20:09:37.306,1790255377.3059,3361,1.73,3.042,0.549,2.079,-0.01771,0.01578,0.97136,-0.00119,-0.00332,-0.00147,-0.00391,-0.13377,0.98152,0.11937,-0.0825,0.00013,1.0,0.00111,0.00265,-0.0003,0.9993,0.02214,0.01616,0.02557,33.25,34.58,0.0587,0.073
20:09:37.326,1790255377.3265,3362,1.664,3.181,0.549,2.079,0.00199,-0.01895,0.98029,0.00088,-0.00217,-0.00353,-0.00091,-0.15999,0.98016,0.12116,-0.09713,-0.00277,1.0,-0.00015,0.00219,-0.00034,0.99932,0.02209,0.01519,0.02548,33.25,34.58,0.0654,0.0749
20:09:37.347,1790255377.3471,3363,1.602,3.353,0.55,2.079,-0.00322,-0.01307,1.00794,0.00051,0.0006,0.00272,-0.02907,-0.15144,1.00006,0.12141,-0.08406,-0.00546,1.0,-0.00167,0.00205,-0.00032,0.99933,0.02209,0.01458,0.02537,33.25,34.58,0.074,0.0711
20:09:37.367,1790255377.3676,3364,1.371,3.357,0.55,2.08,-0.00924,-0.00301,0.98309,-0.0002,0.00031,0.00153,-0.02505,-0.1358,0.96671,0.12293,-0.08621,-0.00019,0.99999,-0.0016,0.00343,-0.00032,0.99933,0.02228,0.01395,0.02532,33.26,34.58,0.0674,0.0624
20:09:37.388,1790255377.388,3365,1.305,3.512,0.55,2.08,-0.00306,-0.0204,0.98618,0.00226,-0.00141,0.00226,-0.0124,-0.15337,1.00328,0.11479,-0.09582,-0.00471,0.99999,-0.00297,0.00312,-0.0003,0.99935,0.02227,0.01312,0.02523,33.26,34.58,0.0698,0.0687
20:09:37.408,1790255377.4085,3366,1.248,3.326,0.55,2.081,-0.00314,0.01536,0.9854,-0.00026,0.00085,0.00231,-0.01658,-0.16139,0.97868,0.1061,-0.09436,-0.00074,0.99999,-0.00157,0.00292,-0.00027,0.99936,0.02206,0.01235,0.02517,33.26,34.58,0.0691,0.074
20:09:37.429,1790255377.429,3367,1.201,3.424,0.551,2.081,-0.0032,-0.01061,0.97147,-0.00129,0.00206,0.00175,-0.02542,-0.13869,0.98416,0.1012,-0.09531,-0.00041,0.99999,-0.00273,0.00257,-0.00026,0.99938,0.02177,0.01164,0.02512,33.26,34.58,0.0587,0.0757
20:09:37.449,1790255377.4495,3368,1.261,3.332,0.551,2.081,0.01087,-0.00023,0.9998,-0.00076,-0.00045,-0.00196,0.00169,-0.15045,0.99244,0.09594,-0.11029,-0.00307,1.0,-0.00223,0.001,-0.00028,0.9994,0.0214,0.01056,0.02505,33.26,34.58,0.0799,0.0772
20:09:37.470,1790255377.4699,3369,1.127,3.489,0.551,2.082,-0.00503,-0.02024,1.00109,-0.00072,-0.00336,-0.00177,-0.00613,-0.15805,0.97414,0.10055,-0.09546,0.00479,0.99999,-0.00382,0.00127,-0.0003,0.99941,0.02122,0.00974,0.02506,33.26,34.58,0.079,0.0702
20:09:37.490,1790255377.4903,3370,1.199,3.343,0.551,2.082,0.00941,0.00299,1.00066,0.0007,-0.00295,0.00274,-0.02159,-0.18186,0.96779,0.09211,-0.09329,0.00796,1.0,-0.00274,3e-05,-0.00028,0.99942,0.02097,0.00906,0.0251,33.26,34.58,0.0795,0.0687
20:09:37.510,1790255377.5105,3371,1.167,3.466,0.551,2.083,0.00807,-0.02019,0.98836,-0.00056,-0.00191,-0.00273,-0.0065,-0.15409,0.97438,0.0976,-0.10939,-0.00083,0.99999,-0.00401,-0.00069,-0.0003,0.99944,0.02077,0.00813,0.02506,33.26,34.58,0.0714,0.0699
20:09:37.530,1790255377.5307,3372,0.976,3.579,0.552,2.083,-0.00952,-0.02975,0.99519,0.00126,-0.00251,0.00466,-0.00501,-0.16134,0.99012,0.10126,-0.11001,-0.00341,0.99999,-0.00538,-2e-05,-0.00025,0.99945,0.02044,0.00718,0.02499,33.26,34.58,0.0768,0.0776
20:09:37.551,1790255377.551,3373,1.011,3.566,0.552,2.084,0.00851,-0.01249,0.97556,-0.00026,0.00118,0.00134,-0.01547,-0.14578,0.99043,0.09339,-0.11539,-0.00252,0.99998,-0.00567,-0.00124,-0.00026,0.99947,0.02,0.00627,0.02493,33.26,34.58,0.0618,0.0791
20:09:37.571,1790255377.5713,3374,1.047,3.399,0.552,2.084,0.00592,-0.00772,0.99116,-0.00183,-0.0006,3e-05,-0.01318,-0.1552,0.99097,0.08927,-0.10489,-0.00289,0.99999,-0.00463,-0.00229,-0.00027,0.99948,0.01955,0.00546,0.02487,33.26,34.58,0.0734,0.0776
