real_time,timestamp_s,seq,rel_pitch_deg,rel_roll_deg
12:50:35.427,2285.6721,113991,0.108,0.053
12:50:35.427,2285.6921,113992,-0.065,0.035
12:50:35.454,2285.7121,113993,-0.188,0.156
12:50:35.465,2285.7321,113994,-0.109,0.068
12:50:35.498,2285.7521,113995,0.005,0.067
12:50:35.515,2285.7721,113996,0.071,0.175
12:50:35.526,2285.7921,113997,0.113,0.057
12:50:35.542,2285.8121,113998,-0.054,0.009
12:50:35.573,2285.8321,113999,-0.174,0.131
12:50:35.589,2285.8521,114000,-0.355,0.138
12:50:35.616,2285.8721,114001,-0.248,0.187
12:50:35.632,2285.8921,114002,-0.153,0.12
12:50:35.648,2285.9121,114003,-0.327,0.173
12:50:35.664,2285.9321,114004,-0.288,0.045
12:50:35.690,2285.9521,114005,-0.461,-0.004
12:50:35.738,2285.9721,114006,-0.468,0.145
12:50:35.738,2285.9921,114007,-0.366,0.094
12:50:35.754,2286.0121,114008,-0.448,0.233
12:50:35.765,2286.0321,114009,-0.435,0.097
12:50:35.781,2286.0521,114010,-0.525,-0.033
12:50:35.830,2286.0721,114011,-0.418,0.005
12:50:35.830,2286.0921,114012,-0.599,-0.019
12:50:35.857,2286.1121,114013,-0.551,0.107
12:50:35.874,2286.1321,114014,-0.593,0.26
12:50:35.885,2286.1521,114015,-0.649,0.121
12:50:35.901,2286.1721,114016,-0.815,0.186
12:50:35.933,2286.1921,114017,-0.795,0.327
12:50:35.975,2286.2121,114018,-0.933,0.437
12:50:35.981,2286.2321,114019,-0.917,0.301
12:50:35.991,2286.2521,114020,-0.961,0.159
12:50:36.007,2286.2721,114021,-0.845,0.141
12:50:36.023,2286.2921,114022,-0.912,0.001
12:50:36.055,2286.3121,114023,-1.0,0.142
12:50:36.082,2286.3321,114024,-0.906,0.079
12:50:36.082,2286.3521,114025,-0.914,0.23
12:50:36.115,2286.3721,114026,-1.088,0.192
12:50:36.142,2286.3921,114027,-1.255,0.136
12:50:36.142,2286.4121,114028,-1.17,0.227
12:50:36.173,2286.4321,114029,-1.055,0.204
12:50:36.189,2286.4521,114030,-1.198,0.304
12:50:36.216,2286.4721,114031,-1.142,0.196
12:50:36.232,2286.4923,114032,-1.023,0.211
12:50:36.265,2286.5121,114033,-1.199,0.191
12:50:36.265,2286.5321,114034,-1.273,0.338
12:50:36.292,2286.5521,114035,-1.454,0.358
12:50:36.351,2286.5721,114036,-1.367,0.286
12:50:36.352,2286.5921,114037,-1.435,0.153
12:50:36.357,2286.6121,114038,-1.431,0.302
12:50:36.368,2286.6321,114039,-1.323,0.357
12:50:36.384,2286.6521,114040,-1.492,0.315
12:50:36.411,2286.6721,114041,-1.528,0.165
12:50:36.443,2286.6921,114042,-1.48,0.292
12:50:36.443,2286.7121,114043,-1.377,0.242
12:50:36.470,2286.7321,114044,-1.519,0.344
12:50:36.486,2286.7521,114045,-1.451,0.457
12:50:36.502,2286.7721,114046,-1.613,0.406
12:50:36.561,2286.7921,114047,-1.694,0.546
12:50:36.566,2286.8121,114048,-1.826,0.442
12:50:36.566,2286.8321,114049,-1.774,0.328
12:50:36.593,2286.8521,114050,-1.687,0.247
12:50:36.609,2286.8721,114051,-1.742,0.393
12:50:36.625,2286.8921,114052,-1.817,0.254
12:50:36.652,2286.9121,114053,-1.711,0.295
12:50:36.668,2286.9321,114054,-1.864,0.382
12:50:36.684,2286.9521,114055,-2.018,0.299
12:50:36.710,2286.9721,114056,-1.93,0.393
12:50:36.726,2286.9921,114057,-2.085,0.317
12:50:36.742,2287.0121,114058,-1.993,0.4
12:50:36.774,2287.0321,114059,-1.939,0.294
12:50:36.801,2287.0521,114060,-2.059,0.414
12:50:36.817,2287.0721,114061,-2.24,0.441
12:50:36.833,2287.0921,114062,-2.169,0.34
12:50:36.848,2287.1121,114063,-2.101,0.459
12:50:36.865,2287.1321,114064,-2.035,0.576
12:50:36.923,2287.1521,114065,-2.138,0.456
12:50:36.923,2287.1721,114066,-2.313,0.454
12:50:36.923,2287.1921,114067,-2.413,0.592
12:50:36.955,2287.2121,114068,-2.337,0.505
12:50:36.966,2287.2321,114069,-2.351,0.365
12:50:36.982,2287.2521,114070,-2.233,0.404
12:50:37.025,2287.2721,114071,-2.389,0.501
12:50:37.031,2287.2921,114072,-2.573,0.489
12:50:37.042,2287.3121,114073,-2.5,0.394
12:50:37.089,2287.3321,114074,-2.531,0.547
12:50:37.089,2287.3521,114075,-2.709,0.526
12:50:37.105,2287.3721,114076,-2.612,0.459
12:50:37.132,2287.3921,114077,-2.498,0.438
12:50:37.164,2287.4121,114078,-2.671,0.497
12:50:37.191,2287.4321,114079,-2.839,0.466
12:50:37.196,2287.4521,114080,-2.892,0.62
12:50:37.207,2287.4721,114081,-2.836,0.508
12:50:37.223,2287.4921,114082,-2.829,0.659
12:50:37.296,2287.5121,114083,-2.826,0.528
12:50:37.296,2287.5321,114084,-2.844,0.677
12:50:37.302,2287.5521,114085,-3.017,0.636
12:50:37.302,2287.5721,114086,-3.145,0.755
12:50:37.329,2287.5921,114087,-3.119,0.625
12:50:37.345,2287.6121,114088,-3.003,0.635
12:50:37.387,2287.6321,114089,-3.094,0.51
12:50:37.387,2287.6521,114090,-3.068,0.378
12:50:37.404,2287.6721,114091,-3.158,0.515
12:50:37.430,2287.6921,114092,-3.177,0.668
12:50:37.447,2287.7121,114093,-3.024,0.751
12:50:37.463,2287.7321,114094,-3.127,0.633
12:50:37.505,2287.7521,114095,-3.087,0.508
12:50:37.511,2287.7721,114096,-3.26,0.468
12:50:37.522,2287.7921,114097,-3.396,0.581
12:50:37.554,2287.8121,114098,-3.284,0.628
12:50:37.565,2287.8321,114099,-3.282,0.493
12:50:37.582,2287.8521,114100,-3.293,0.641
12:50:37.625,2287.8721,114101,-3.174,0.623
12:50:37.631,2287.8921,114102,-3.318,0.552
12:50:37.642,2287.9121,114103,-3.477,0.624
12:50:37.674,2287.9321,114104,-3.357,0.672
12:50:37.685,2287.9521,114105,-3.294,0.543
12:50:37.717,2287.9721,114106,-3.402,0.473
12:50:37.749,2287.9921,114107,-3.544,0.504
12:50:37.749,2288.0121,114108,-3.424,0.511
12:50:37.764,2288.0321,114109,-3.408,0.649
12:50:37.791,2288.0521,114110,-3.414,0.785
12:50:37.823,2288.0721,114111,-3.401,0.653
12:50:37.823,2288.0921,114112,-3.576,0.636
12:50:37.866,2288.1121,114113,-3.57,0.477
12:50:37.866,2288.1321,114114,-3.461,0.565
12:50:37.882,2288.1521,114115,-3.401,0.677
12:50:37.930,2288.1721,114116,-3.372,0.541
12:50:37.930,2288.1921,114117,-3.474,0.625
12:50:37.941,2288.2121,114118,-3.623,0.72
12:50:38.005,2288.2321,114119,-3.464,0.789
12:50:38.005,2288.2521,114120,-3.344,0.704
12:50:38.005,2288.2721,114121,-3.387,0.574
12:50:38.033,2288.2921,114122,-3.565,0.585
12:50:38.049,2288.3121,114123,-3.493,0.698
12:50:38.065,2288.3321,114124,-3.522,0.831
12:50:38.108,2288.3521,114125,-3.636,0.712
12:50:38.108,2288.3721,114126,-3.569,0.569
12:50:38.124,2288.3921,114127,-3.736,0.543
12:50:38.151,2288.4121,114128,-3.612,0.61
12:50:38.167,2288.4321,114129,-3.542,0.714
12:50:38.183,2288.4521,114130,-3.602,0.833
12:50:38.240,2288.4721,114131,-3.631,0.689
12:50:38.246,2288.4921,114132,-3.801,0.717
12:50:38.246,2288.5121,114133,-3.689,0.659
12:50:38.273,2288.5321,114134,-3.616,0.517
12:50:38.289,2288.5521,114135,-3.586,0.662
12:50:38.305,2288.5721,114136,-3.676,0.541
12:50:38.332,2288.5921,114137,-3.718,0.69
12:50:38.348,2288.6121,114138,-3.609,0.747
12:50:38.364,2288.6321,114139,-3.485,0.75
12:50:38.391,2288.6521,114140,-3.422,0.61
12:50:38.407,2288.6721,114141,-3.573,0.689
12:50:38.423,2288.6921,114142,-3.621,0.544
12:50:38.455,2288.7121,114143,-3.51,0.649
12:50:38.466,2288.7321,114144,-3.606,0.728
12:50:38.482,2288.7521,114145,-3.6,0.579
12:50:38.514,2288.7721,114146,-3.484,0.567
12:50:38.525,2288.7921,114147,-3.603,0.633
12:50:38.541,2288.8121,114148,-3.706,0.684
12:50:38.572,2288.8321,114149,-3.715,0.821
12:50:38.588,2288.8521,114150,-3.652,0.676
12:50:38.604,2288.8721,114151,-3.543,0.623
12:50:38.631,2288.8921,114152,-3.631,0.715
12:50:38.663,2288.9121,114153,-3.578,0.841
12:50:38.663,2288.9321,114154,-3.464,0.727
12:50:38.695,2288.9521,114155,-3.631,0.782
12:50:38.706,2288.9721,114156,-3.737,0.659
12:50:38.721,2288.9921,114157,-3.623,0.656
12:50:38.753,2289.0121,114158,-3.507,0.77
12:50:38.769,2289.0321,114159,-3.615,0.726
12:50:38.811,2289.0521,114160,-3.611,0.584
12:50:38.811,2289.0721,114161,-3.756,0.548
12:50:38.828,2289.0921,114162,-3.621,0.65
12:50:38.844,2289.1121,114163,-3.564,0.764
12:50:38.871,2289.1321,114164,-3.668,0.642
12:50:38.887,2289.1521,114165,-3.75,0.508
12:50:38.919,2289.1721,114166,-3.574,0.456
12:50:38.935,2289.1921,114167,-3.674,0.564
12:50:38.945,2289.2121,114168,-3.527,0.646
12:50:38.961,2289.2321,114169,-3.519,0.502
12:50:38.993,2289.2521,114170,-3.511,0.642
12:50:39.009,2289.2721,114171,-3.625,0.617
12:50:39.020,2289.2921,114172,-3.45,0.639
12:50:39.052,2289.3121,114173,-3.4,0.777
12:50:39.084,2289.3321,114174,-3.529,0.69
12:50:39.084,2289.3521,114175,-3.481,0.564
12:50:39.115,2289.3721,114176,-3.549,0.445
12:50:39.125,2289.3921,114177,-3.503,0.586
12:50:39.205,2289.4121,114178,-3.547,0.455
12:50:39.205,2289.4321,114179,-3.7,0.397
12:50:39.205,2289.4521,114180,-3.833,0.369
12:50:39.205,2289.4721,114181,-3.691,0.437
12:50:39.232,2289.4921,114182,-3.549,0.453
12:50:39.248,2289.5121,114183,-3.438,0.559
12:50:39.291,2289.5321,114184,-3.438,0.705
12:50:39.296,2289.5521,114185,-3.456,0.556
12:50:39.307,2289.5721,114186,-3.565,0.609
12:50:39.323,2289.5921,114187,-3.582,0.464
12:50:39.355,2289.6121,114188,-3.513,0.584
12:50:39.366,2289.6321,114189,-3.647,0.684
12:50:39.382,2289.6521,114190,-3.504,0.589
12:50:39.415,2289.6721,114191,-3.65,0.624
12:50:39.426,2289.6921,114192,-3.489,0.62
12:50:39.443,2289.7121,114193,-3.601,0.662
12:50:39.475,2289.7321,114194,-3.577,0.52
12:50:39.486,2289.7521,114195,-3.692,0.638
12:50:39.518,2289.7721,114196,-3.594,0.541
12:50:39.534,2289.7921,114197,-3.509,0.672
12:50:39.545,2289.8121,114198,-3.458,0.556
12:50:39.562,2289.8321,114199,-3.391,0.672
12:50:39.594,2289.8521,114200,-3.505,0.701
12:50:39.610,2289.8721,114201,-3.556,0.58
12:50:39.637,2289.8921,114202,-3.58,0.437
12:50:39.653,2289.9121,114203,-3.638,0.554
12:50:39.670,2289.9321,114204,-3.566,0.667
12:50:39.697,2289.9521,114205,-3.499,0.783
12:50:39.713,2289.9721,114206,-3.572,0.659
12:50:39.755,2289.9921,114207,-3.679,0.54
12:50:39.761,2290.0121,114208,-3.787,0.656
12:50:39.772,2290.0321,114209,-3.642,0.56
12:50:39.803,2290.0521,114210,-3.681,0.429
12:50:39.804,2290.0721,114211,-3.649,0.571
12:50:39.835,2290.0921,114212,-3.738,0.703
12:50:39.878,2290.1121,114213,-3.847,0.831
12:50:39.878,2290.1321,114214,-3.691,0.777
12:50:39.910,2290.1521,114215,-3.818,0.674
12:50:39.910,2290.1721,114216,-3.815,0.814
12:50:39.921,2290.1921,114217,-3.657,0.739
12:50:39.952,2290.2121,114218,-3.486,0.68
12:50:39.999,2290.2321,114219,-3.469,0.818
12:50:39.999,2290.2521,114220,-3.515,0.69
12:50:40.015,2290.2721,114221,-3.631,0.688
12:50:40.026,2290.2921,114222,-3.516,0.606
12:50:40.042,2290.3121,114223,-3.451,0.724
12:50:40.074,2290.3321,114224,-3.367,0.826
12:50:40.116,2290.3521,114225,-3.451,0.732
12:50:40.122,2290.3721,114226,-3.39,0.593
12:50:40.133,2290.3921,114227,-3.443,0.705
12:50:40.148,2290.4121,114228,-3.618,0.668
12:50:40.164,2290.4321,114229,-3.557,0.561
12:50:40.191,2290.4521,114230,-3.723,0.514
12:50:40.223,2290.4721,114231,-3.55,0.559
12:50:40.223,2290.4921,114232,-3.584,0.71
12:50:40.255,2290.5121,114233,-3.578,0.568
12:50:40.266,2290.5321,114234,-3.483,0.697
12:50:40.282,2290.5521,114235,-3.569,0.614
12:50:40.315,2290.5721,114236,-3.502,0.511
12:50:40.326,2290.5921,114237,-3.353,0.569
12:50:40.342,2290.6121,114238,-3.463,0.688
12:50:40.390,2290.6321,114239,-3.437,0.554
12:50:40.390,2290.6521,114240,-3.567,0.613
12:50:40.400,2290.6721,114241,-3.659,0.49
12:50:40.432,2290.6921,114242,-3.56,0.599
12:50:40.463,2290.7121,114243,-3.483,0.508
12:50:40.463,2290.7321,114244,-3.66,0.541
12:50:40.494,2290.7521,114245,-3.589,0.65
12:50:40.505,2290.7721,114246,-3.761,0.645
12:50:40.521,2290.7921,114247,-3.63,0.747
12:50:40.553,2290.8121,114248,-3.777,0.73
12:50:40.585,2290.8321,114249,-3.626,0.792
12:50:40.585,2290.8521,114250,-3.644,0.649
12:50:40.612,2290.8721,114251,-3.548,0.514
12:50:40.628,2290.8921,114252,-3.574,0.642
12:50:40.659,2290.9121,114253,-3.478,0.556
12:50:40.702,2290.9321,114254,-3.646,0.522
12:50:40.702,2290.9521,114255,-3.628,0.665
12:50:40.707,2290.9721,114256,-3.749,0.778
12:50:40.734,2290.9921,114257,-3.734,0.642
12:50:40.761,2291.0121,114258,-3.564,0.601
12:50:40.766,2291.0321,114259,-3.559,0.453
12:50:40.809,2291.0521,114260,-3.524,0.588
12:50:40.809,2291.0721,114261,-3.587,0.698
12:50:40.820,2291.0921,114262,-3.577,0.548
12:50:40.852,2291.1121,114263,-3.468,0.638
12:50:40.868,2291.1321,114264,-3.589,0.592
12:50:40.885,2291.1521,114265,-3.459,0.684
12:50:40.912,2291.1721,114266,-3.36,0.584
12:50:40.943,2291.1921,114267,-3.238,0.692
12:50:40.943,2291.2121,114268,-3.392,0.779
12:50:40.975,2291.2321,114269,-3.482,0.695
12:50:40.986,2291.2521,114270,-3.327,0.754
12:50:41.002,2291.2721,114271,-3.313,0.603
12:50:41.060,2291.2921,114272,-3.399,0.718
12:50:41.066,2291.3121,114273,-3.564,0.668
12:50:41.076,2291.3321,114274,-3.469,0.597
12:50:41.093,2291.3521,114275,-3.644,0.638
12:50:41.109,2291.3721,114276,-3.647,0.498
12:50:41.125,2291.3921,114277,-3.593,0.619
12:50:41.168,2291.4121,114278,-3.702,0.519
12:50:41.168,2291.4321,114279,-3.535,0.568
12:50:41.184,2291.4521,114280,-3.583,0.689
12:50:41.215,2291.4721,114281,-3.544,0.818
12:50:41.226,2291.4921,114282,-3.629,0.725
12:50:41.242,2291.5121,114283,-3.587,0.588
12:50:41.305,2291.5321,114284,-3.415,0.574
12:50:41.305,2291.5521,114285,-3.583,0.53
12:50:41.305,2291.5721,114286,-3.444,0.464
12:50:41.332,2291.5921,114287,-3.492,0.586
12:50:41.348,2291.6121,114288,-3.503,0.74
12:50:41.364,2291.6321,114289,-3.438,0.595
12:50:41.406,2291.6521,114290,-3.6,0.675
12:50:41.406,2291.6721,114291,-3.445,0.745
12:50:41.422,2291.6921,114292,-3.423,0.597
12:50:41.454,2291.7121,114293,-3.56,0.708
12:50:41.470,2291.7321,114294,-3.4,0.643
12:50:41.481,2291.7521,114295,-3.571,0.604
12:50:41.528,2291.7721,114296,-3.458,0.537
12:50:41.528,2291.7921,114297,-3.619,0.612
12:50:41.544,2291.8121,114298,-3.522,0.505
12:50:41.570,2291.8321,114299,-3.603,0.638
12:50:41.587,2291.8521,114300,-3.711,0.527
12:50:41.619,2291.8721,114301,-3.566,0.616
12:50:41.650,2291.8921,114302,-3.387,0.643
12:50:41.650,2291.9121,114303,-3.489,0.772
12:50:41.661,2291.9321,114304,-3.621,0.673
12:50:41.693,2291.9521,114305,-3.595,0.537
12:50:41.710,2291.9721,114306,-3.488,0.644
12:50:41.721,2291.9921,114307,-3.619,0.688
12:50:41.753,2292.0121,114308,-3.73,0.568
12:50:41.769,2292.0321,114309,-3.899,0.553
12:50:41.785,2292.0521,114310,-3.749,0.505
12:50:41.812,2292.0721,114311,-3.694,0.643
12:50:41.828,2292.0921,114312,-3.534,0.573
12:50:41.844,2292.1121,114313,-3.535,0.425
12:50:41.886,2292.1321,114314,-3.71,0.469
12:50:41.886,2292.1521,114315,-3.538,0.508
12:50:41.903,2292.1721,114316,-3.556,0.649
12:50:41.934,2292.1921,114317,-3.659,0.698
12:50:41.946,2292.2121,114318,-3.589,0.594
12:50:41.961,2292.2321,114319,-3.507,0.692
12:50:42.009,2292.2521,114320,-3.465,0.831
12:50:42.009,2292.2721,114321,-3.539,0.718
12:50:42.040,2292.2921,114322,-3.584,0.579
12:50:42.050,2292.3121,114323,-3.757,0.611
12:50:42.067,2292.3321,114324,-3.602,0.671
12:50:42.082,2292.3521,114325,-3.655,0.545
12:50:42.115,2292.3721,114326,-3.563,0.664
12:50:42.125,2292.3921,114327,-3.735,0.702
12:50:42.142,2292.4121,114328,-3.642,0.625
12:50:42.174,2292.4321,114329,-3.465,0.641
12:50:42.185,2292.4521,114330,-3.624,0.608
12:50:42.201,2292.4721,114331,-3.634,0.747
12:50:42.233,2292.4921,114332,-3.59,0.609
12:50:42.249,2292.5121,114333,-3.755,0.645
12:50:42.265,2292.5321,114334,-3.589,0.701
12:50:42.292,2292.5521,114335,-3.533,0.59
12:50:42.307,2292.5721,114336,-3.508,0.727
12:50:42.323,2292.5921,114337,-3.67,0.79
12:50:42.355,2292.6121,114338,-3.674,0.645
12:50:42.366,2292.6321,114339,-3.541,0.582
12:50:42.382,2292.6521,114340,-3.374,0.582
12:50:42.414,2292.6721,114341,-3.536,0.657
12:50:42.425,2292.6921,114342,-3.4,0.718
12:50:42.472,2292.7121,114343,-3.482,0.615
12:50:42.472,2292.7321,114344,-3.615,0.524
12:50:42.489,2292.7521,114345,-3.65,0.635
12:50:42.505,2292.7721,114346,-3.817,0.652
12:50:42.532,2292.7921,114347,-3.678,0.62
12:50:42.564,2292.8121,114348,-3.644,0.473
12:50:42.564,2292.8321,114349,-3.575,0.607
12:50:42.591,2292.8521,114350,-3.445,0.714
12:50:42.607,2292.8721,114351,-3.402,0.596
12:50:42.623,2292.8921,114352,-3.499,0.499
12:50:42.666,2292.9121,114353,-3.497,0.637
12:50:42.667,2292.9321,114354,-3.614,0.613
12:50:42.714,2292.9521,114355,-3.6,0.485
12:50:42.714,2292.9721,114356,-3.654,0.597
12:50:42.730,2292.9921,114357,-3.615,0.717
12:50:42.740,2293.0121,114358,-3.458,0.681
12:50:42.772,2293.0321,114359,-3.532,0.529
12:50:42.788,2293.0521,114360,-3.599,0.368
12:50:42.830,2293.0721,114361,-3.604,0.495
12:50:42.836,2293.0921,114362,-3.508,0.621
12:50:42.847,2293.1121,114363,-3.478,0.475
12:50:42.863,2293.1321,114364,-3.399,0.366
12:50:42.894,2293.1521,114365,-3.429,0.512
12:50:42.910,2293.1721,114366,-3.491,0.642
12:50:42.953,2293.1921,114367,-3.664,0.635
12:50:42.953,2293.2121,114368,-3.658,0.488
12:50:42.969,2293.2321,114369,-3.657,0.622
12:50:42.985,2293.2521,114370,-3.499,0.677
12:50:43.011,2293.2721,114371,-3.409,0.546
12:50:43.027,2293.2921,114372,-3.468,0.419
12:50:43.060,2293.3121,114373,-3.481,0.567
12:50:43.071,2293.3321,114374,-3.452,0.706
12:50:43.087,2293.3521,114375,-3.312,0.608
12:50:43.103,2293.3721,114376,-3.42,0.488
12:50:43.135,2293.3921,114377,-3.405,0.337
12:50:43.146,2293.4121,114378,-3.464,0.481
12:50:43.178,2293.4321,114379,-3.515,0.634
12:50:43.194,2293.4521,114380,-3.512,0.491
12:50:43.205,2293.4721,114381,-3.688,0.474
12:50:43.221,2293.4921,114382,-3.701,0.627
12:50:43.254,2293.5121,114383,-3.566,0.511
12:50:43.270,2293.5321,114384,-3.495,0.617
12:50:43.280,2293.5521,114385,-3.338,0.677
12:50:43.312,2293.5721,114386,-3.476,0.617
12:50:43.328,2293.5921,114387,-3.522,0.492
12:50:43.345,2293.6121,114388,-3.66,0.599
12:50:43.371,2293.6321,114389,-3.534,0.63
12:50:43.387,2293.6521,114390,-3.678,0.733
12:50:43.419,2293.6721,114391,-3.77,0.619
12:50:43.435,2293.6921,114392,-3.598,0.582
12:50:43.446,2293.7121,114393,-3.544,0.475
12:50:43.461,2293.7321,114394,-3.572,0.333
12:50:43.509,2293.7521,114395,-3.571,0.469
12:50:43.509,2293.7721,114396,-3.538,0.609
12:50:43.535,2293.7921,114397,-3.561,0.474
12:50:43.551,2293.8121,114398,-3.558,0.611
12:50:43.567,2293.8321,114399,-3.545,0.759
12:50:43.583,2293.8521,114400,-3.5,0.635
12:50:43.615,2293.8721,114401,-3.607,0.721
12:50:43.642,2293.8921,114402,-3.586,0.569
12:50:43.642,2293.9121,114403,-3.475,0.443
12:50:43.674,2293.9321,114404,-3.509,0.594
12:50:43.685,2293.9521,114405,-3.495,0.737
12:50:43.701,2293.9721,114406,-3.672,0.739
12:50:43.733,2293.9921,114407,-3.751,0.619
12:50:43.749,2294.0121,114408,-3.626,0.63
12:50:43.776,2294.0321,114409,-3.53,0.698
12:50:43.793,2294.0521,114410,-3.635,0.661
12:50:43.809,2294.0721,114411,-3.771,0.681
12:50:43.825,2294.0921,114412,-3.623,0.72
12:50:43.853,2294.1121,114413,-3.616,0.585
12:50:43.896,2294.1321,114414,-3.722,0.517
12:50:43.901,2294.1521,114415,-3.841,0.523
12:50:43.912,2294.1721,114416,-3.76,0.617
12:50:43.928,2294.1921,114417,-3.608,0.608
12:50:43.943,2294.2121,114418,-3.651,0.48
12:50:43.971,2294.2321,114419,-3.532,0.584
12:50:44.019,2294.2521,114420,-3.707,0.621
12:50:44.019,2294.2721,114421,-3.604,0.549
12:50:44.031,2294.2921,114422,-3.626,0.407
12:50:44.046,2294.3121,114423,-3.566,0.29
12:50:44.062,2294.3321,114424,-3.63,0.398
12:50:44.094,2294.3521,114425,-3.75,0.518
12:50:44.105,2294.3721,114426,-3.58,0.561
12:50:44.121,2294.3921,114427,-3.734,0.541
12:50:44.153,2294.4121,114428,-3.561,0.513
12:50:44.169,2294.4321,114429,-3.531,0.651
12:50:44.181,2294.4521,114430,-3.512,0.501
12:50:44.243,2294.4721,114431,-3.413,0.449
12:50:44.243,2294.4921,114432,-3.559,0.548
12:50:44.244,2294.5121,114433,-3.407,0.634
12:50:44.276,2294.5321,114434,-3.513,0.513
12:50:44.286,2294.5521,114435,-3.621,0.394
12:50:44.303,2294.5721,114436,-3.61,0.536
12:50:44.334,2294.5921,114437,-3.594,0.679
12:50:44.361,2294.6121,114438,-3.539,0.567
12:50:44.362,2294.6321,114439,-3.455,0.664
12:50:44.393,2294.6521,114440,-3.419,0.511
12:50:44.410,2294.6721,114441,-3.592,0.573
12:50:44.437,2294.6921,114442,-3.714,0.552
12:50:44.480,2294.7121,114443,-3.758,0.408
12:50:44.486,2294.7321,114444,-3.589,0.473
12:50:44.486,2294.7521,114445,-3.728,0.569
12:50:44.513,2294.7721,114446,-3.686,0.706
12:50:44.529,2294.7921,114447,-3.641,0.552
12:50:44.545,2294.8121,114448,-3.592,0.698
12:50:44.604,2294.8321,114449,-3.443,0.782
12:50:44.604,2294.8521,114450,-3.544,0.661
12:50:44.604,2294.8721,114451,-3.701,0.61
12:50:44.647,2294.8921,114452,-3.666,0.744
12:50:44.647,2294.9121,114453,-3.627,0.592
12:50:44.663,2294.9321,114454,-3.797,0.649
12:50:44.722,2294.9521,114455,-3.621,0.621
12:50:44.722,2294.9721,114456,-3.461,0.598
12:50:44.727,2294.9921,114457,-3.48,0.73
12:50:44.755,2295.0121,114458,-3.514,0.593
12:50:44.765,2295.0321,114459,-3.602,0.492
12:50:44.782,2295.0521,114460,-3.485,0.538
12:50:44.841,2295.0721,114461,-3.595,0.548
12:50:44.846,2295.0921,114462,-3.652,0.419
12:50:44.846,2295.1121,114463,-3.544,0.535
12:50:44.872,2295.1321,114464,-3.661,0.42
12:50:44.904,2295.1521,114465,-3.563,0.54
12:50:44.905,2295.1721,114466,-3.669,0.656
12:50:44.947,2295.1921,114467,-3.494,0.683
12:50:44.947,2295.2121,114468,-3.388,0.635
12:50:44.964,2295.2321,114469,-3.558,0.594
12:50:44.991,2295.2521,114470,-3.421,0.498
12:50:45.007,2295.2721,114471,-3.566,0.597
12:50:45.023,2295.2921,114472,-3.442,0.603
12:50:45.055,2295.3121,114473,-3.525,0.695
12:50:45.066,2295.3321,114474,-3.536,0.553
12:50:45.082,2295.3521,114475,-3.556,0.41
12:50:45.115,2295.3721,114476,-3.692,0.524
12:50:45.126,2295.3921,114477,-3.595,0.618
12:50:45.143,2295.4121,114478,-3.585,0.761
12:50:45.190,2295.4321,114479,-3.634,0.638
12:50:45.190,2295.4521,114480,-3.463,0.698
12:50:45.201,2295.4721,114481,-3.631,0.641
12:50:45.232,2295.4921,114482,-3.72,0.513
12:50:45.248,2295.5121,114483,-3.835,0.635
12:50:45.265,2295.5321,114484,-3.671,0.565
12:50:45.307,2295.5521,114485,-3.564,0.449
12:50:45.307,2295.5721,114486,-3.733,0.499
12:50:45.324,2295.5921,114487,-3.85,0.443
12:50:45.351,2295.6121,114488,-3.825,0.291
12:50:45.430,2295.6321,114489,-3.769,0.406
12:50:45.430,2295.6521,114490,-3.62,0.502
12:50:45.430,2295.6721,114491,-3.52,0.62
12:50:45.431,2295.6921,114492,-3.698,0.653
12:50:45.441,2295.7121,114493,-3.581,0.66
12:50:45.473,2295.7321,114494,-3.449,0.549
12:50:45.488,2295.7521,114495,-3.53,0.431
12:50:45.504,2295.7721,114496,-3.65,0.32
12:50:45.547,2295.7921,114497,-3.596,0.448
12:50:45.547,2295.8121,114498,-3.746,0.538
12:50:45.564,2295.8321,114499,-3.574,0.555
12:50:45.591,2295.8521,114500,-3.695,0.583
12:50:45.607,2295.8721,114501,-3.618,0.72
12:50:45.624,2295.8921,114502,-3.773,0.64
12:50:45.666,2295.9121,114503,-3.598,0.673
12:50:45.671,2295.9321,114504,-3.637,0.531
12:50:45.682,2295.9521,114505,-3.722,0.397
12:50:45.715,2295.9721,114506,-3.681,0.534
12:50:45.726,2295.9921,114507,-3.648,0.672
12:50:45.742,2296.0121,114508,-3.532,0.697
12:50:45.790,2296.0321,114509,-3.694,0.717
12:50:45.800,2296.0521,114510,-3.61,0.632
12:50:45.806,2296.0721,114511,-3.733,0.746
12:50:45.832,2296.0921,114512,-3.58,0.658
12:50:45.849,2296.1121,114513,-3.676,0.58
12:50:45.865,2296.1321,114514,-3.585,0.505
12:50:45.891,2296.1521,114515,-3.695,0.533
12:50:45.908,2296.1721,114516,-3.657,0.385
12:50:45.924,2296.1921,114517,-3.551,0.508
12:50:45.956,2296.2121,114518,-3.473,0.619
12:50:45.966,2296.2321,114519,-3.583,0.568
12:50:45.982,2296.2521,114520,-3.757,0.605
12:50:46.014,2296.2721,114521,-3.695,0.745
12:50:46.025,2296.2921,114522,-3.679,0.592
12:50:46.041,2296.3121,114523,-3.854,0.587
12:50:46.073,2296.3321,114524,-3.724,0.69
12:50:46.116,2296.3521,114525,-3.582,0.618
12:50:46.121,2296.3721,114526,-3.519,0.751
12:50:46.132,2296.3921,114527,-3.586,0.614
12:50:46.149,2296.4121,114528,-3.411,0.637
12:50:46.165,2296.4321,114529,-3.487,0.528
12:50:46.192,2296.4521,114530,-3.655,0.579
12:50:46.224,2296.4721,114531,-3.548,0.505
12:50:46.224,2296.4921,114532,-3.556,0.653
12:50:46.255,2296.5121,114533,-3.401,0.598
12:50:46.266,2296.5321,114534,-3.534,0.525
12:50:46.282,2296.5521,114535,-3.425,0.648
12:50:46.325,2296.5721,114536,-3.602,0.668
12:50:46.331,2296.5921,114537,-3.683,0.57
12:50:46.373,2296.6121,114538,-3.578,0.635
12:50:46.373,2296.6321,114539,-3.543,0.484
12:50:46.389,2296.6521,114540,-3.414,0.412
12:50:46.401,2296.6721,114541,-3.474,0.559
12:50:46.432,2296.6921,114542,-3.443,0.415
12:50:46.448,2296.7121,114543,-3.488,0.565
12:50:46.491,2296.7321,114544,-3.565,0.677
12:50:46.491,2296.7521,114545,-3.74,0.636
12:50:46.508,2296.7721,114546,-3.771,0.787
12:50:46.539,2296.7921,114547,-3.693,0.684
12:50:46.555,2296.8121,114548,-3.701,0.536
12:50:46.567,2296.8321,114549,-3.533,0.497
12:50:46.614,2296.8521,114550,-3.599,0.37
12:50:46.615,2296.8721,114551,-3.563,0.512
12:50:46.642,2296.8921,114552,-3.607,0.655
12:50:46.642,2296.9121,114553,-3.488,0.643
12:50:46.673,2296.9321,114554,-3.62,0.738
12:50:46.689,2296.9521,114555,-3.738,0.846
12:50:46.749,2296.9721,114556,-3.586,0.761
12:50:46.749,2296.9921,114557,-3.592,0.615
12:50:46.750,2297.0121,114558,-3.455,0.509
12:50:46.761,2297.0321,114559,-3.327,0.577
12:50:46.793,2297.0521,114560,-3.498,0.564
12:50:46.809,2297.0721,114561,-3.514,0.696
12:50:46.852,2297.0921,114562,-3.638,0.589
12:50:46.853,2297.1121,114563,-3.687,0.708
12:50:46.869,2297.1321,114564,-3.541,0.791
12:50:46.885,2297.1521,114565,-3.524,0.653
12:50:46.912,2297.1721,114566,-3.684,0.602
12:50:46.928,2297.1921,114567,-3.523,0.589
12:50:46.955,2297.2121,114568,-3.564,0.741
12:50:46.971,2297.2321,114569,-3.447,0.642
12:50:46.987,2297.2521,114570,-3.27,0.637
12:50:47.003,2297.2721,114571,-3.408,0.741
12:50:47.035,2297.2921,114572,-3.537,0.632
12:50:47.046,2297.3121,114573,-3.431,0.506
12:50:47.078,2297.3321,114574,-3.477,0.378
12:50:47.094,2297.3521,114575,-3.588,0.324
12:50:47.109,2297.3721,114576,-3.498,0.407
12:50:47.125,2297.3921,114577,-3.579,0.543
12:50:47.152,2297.4121,114578,-3.685,0.583
12:50:47.169,2297.4321,114579,-3.819,0.482
12:50:47.195,2297.4521,114580,-3.74,0.582
12:50:47.211,2297.4721,114581,-3.611,0.647
12:50:47.227,2297.4921,114582,-3.724,0.674
12:50:47.244,2297.5121,114583,-3.577,0.604
12:50:47.271,2297.5321,114584,-3.555,0.75
12:50:47.319,2297.5521,114585,-3.579,0.607
12:50:47.319,2297.5721,114586,-3.699,0.552
12:50:47.335,2297.5922,114587,-3.522,0.574
12:50:47.345,2297.6121,114588,-3.435,0.664
12:50:47.377,2297.6321,114589,-3.596,0.599
12:50:47.393,2297.6521,114590,-3.517,0.7
12:50:47.425,2297.6721,114591,-3.4,0.637
12:50:47.425,2297.6921,114592,-3.463,0.517
12:50:47.452,2297.7121,114593,-3.583,0.526
12:50:47.468,2297.7321,114594,-3.452,0.422
12:50:47.484,2297.7521,114595,-3.507,0.565
12:50:47.511,2297.7721,114596,-3.393,0.582
12:50:47.528,2297.7921,114597,-3.567,0.618
12:50:47.560,2297.8121,114598,-3.662,0.686
12:50:47.587,2297.8322,114599,-3.642,0.531
12:50:47.587,2297.8521,114600,-3.519,0.591
12:50:47.603,2297.8721,114601,-3.583,0.453
12:50:47.635,2297.8921,114602,-3.535,0.591
12:50:47.678,2297.9121,114603,-3.698,0.669
12:50:47.678,2297.9321,114604,-3.514,0.665
12:50:47.695,2297.9522,114605,-3.625,0.633
12:50:47.705,2297.9721,114606,-3.551,0.488
12:50:47.722,2297.9921,114607,-3.568,0.623
12:50:47.754,2298.0121,114608,-3.584,0.483
12:50:47.786,2298.0321,114609,-3.473,0.605
12:50:47.786,2298.0521,114610,-3.363,0.724
12:50:47.813,2298.0721,114611,-3.415,0.586
12:50:47.829,2298.0921,114612,-3.528,0.527
12:50:47.845,2298.1121,114613,-3.608,0.413
12:50:47.903,2298.1321,114614,-3.573,0.547
12:50:47.903,2298.1521,114615,-3.544,0.683
12:50:47.904,2298.1721,114616,-3.443,0.55
12:50:47.931,2298.1921,114617,-3.319,0.437
12:50:47.947,2298.2121,114618,-3.461,0.534
12:50:47.963,2298.2321,114619,-3.284,0.491
12:50:47.996,2298.2521,114620,-3.386,0.408
12:50:48.022,2298.2721,114621,-3.311,0.517
12:50:48.022,2298.2921,114622,-3.437,0.507
12:50:48.055,2298.3121,114623,-3.516,0.37
12:50:48.066,2298.3321,114624,-3.502,0.521
12:50:48.082,2298.3521,114625,-3.477,0.366
12:50:48.114,2298.3721,114626,-3.432,0.496
12:50:48.141,2298.3921,114627,-3.404,0.644
12:50:48.147,2298.4121,114628,-3.579,0.62
12:50:48.173,2298.4321,114629,-3.629,0.754
12:50:48.190,2298.4521,114630,-3.597,0.627
12:50:48.201,2298.4721,114631,-3.472,0.576
12:50:48.264,2298.4921,114632,-3.587,0.603
12:50:48.264,2298.5121,114633,-3.564,0.748
12:50:48.264,2298.5321,114634,-3.645,0.652
12:50:48.291,2298.5521,114635,-3.617,0.523
12:50:48.322,2298.5721,114636,-3.67,0.663
12:50:48.322,2298.5921,114637,-3.501,0.716
12:50:48.366,2298.6121,114638,-3.498,0.573
12:50:48.371,2298.6321,114639,-3.547,0.721
12:50:48.382,2298.6521,114640,-3.509,0.567
12:50:48.425,2298.6721,114641,-3.457,0.692
12:50:48.431,2298.6921,114642,-3.481,0.55
12:50:48.441,2298.7121,114643,-3.536,0.416
12:50:48.473,2298.7321,114644,-3.492,0.552
12:50:48.501,2298.7521,114645,-3.424,0.441
12:50:48.506,2298.7721,114646,-3.496,0.541
12:50:48.533,2298.7921,114647,-3.36,0.431
12:50:48.549,2298.8121,114648,-3.516,0.475
12:50:48.565,2298.8321,114649,-3.353,0.466
12:50:48.624,2298.8521,114650,-3.377,0.598
12:50:48.624,2298.8721,114651,-3.538,0.571
12:50:48.624,2298.8921,114652,-3.662,0.464
12:50:48.655,2298.9121,114653,-3.501,0.509
12:50:48.666,2298.9321,114654,-3.382,0.524
12:50:48.682,2298.9521,114655,-3.491,0.453
12:50:48.725,2298.9721,114656,-3.648,0.46
12:50:48.731,2298.9921,114657,-3.506,0.553
12:50:48.741,2299.0121,114658,-3.681,0.536
12:50:48.773,2299.0321,114659,-3.533,0.457
12:50:48.788,2299.0521,114660,-3.359,0.495
12:50:48.805,2299.0721,114661,-3.433,0.622
12:50:48.832,2299.0921,114662,-3.561,0.737
12:50:48.848,2299.1121,114663,-3.48,0.652
12:50:48.864,2299.1321,114664,-3.559,0.534
12:50:48.891,2299.1521,114665,-3.45,0.568
12:50:48.907,2299.1721,114666,-3.588,0.497
12:50:48.923,2299.1921,114667,-3.749,0.465
12:50:48.966,2299.2121,114668,-3.648,0.535
12:50:48.972,2299.2321,114669,-3.691,0.683
12:50:48.982,2299.2521,114670,-3.584,0.549
12:50:49.014,2299.2721,114671,-3.687,0.488
12:50:49.030,2299.2921,114672,-3.62,0.589
12:50:49.042,2299.3121,114673,-3.784,0.569
12:50:49.085,2299.3321,114674,-3.68,0.52
12:50:49.091,2299.3521,114675,-3.514,0.569
12:50:49.101,2299.3721,114676,-3.578,0.678
12:50:49.133,2299.3921,114677,-3.65,0.567
12:50:49.149,2299.4121,114678,-3.531,0.676
12:50:49.161,2299.4321,114679,-3.458,0.563
12:50:49.209,2299.4521,114680,-3.576,0.568
12:50:49.209,2299.4721,114681,-3.629,0.685
12:50:49.226,2299.4921,114682,-3.575,0.563
12:50:49.252,2299.5121,114683,-3.428,0.462
12:50:49.268,2299.5321,114684,-3.424,0.598
12:50:49.284,2299.5521,114685,-3.313,0.555
12:50:49.327,2299.5721,114686,-3.434,0.567
12:50:49.327,2299.5921,114687,-3.322,0.509
12:50:49.344,2299.6121,114688,-3.484,0.497
12:50:49.376,2299.6321,114689,-3.307,0.509
12:50:49.386,2299.6521,114690,-3.453,0.582
12:50:49.403,2299.6721,114691,-3.493,0.73
12:50:49.445,2299.6921,114692,-3.537,0.6
12:50:49.451,2299.7121,114693,-3.457,0.503
12:50:49.461,2299.7321,114694,-3.322,0.507
12:50:49.493,2299.7521,114695,-3.415,0.577
12:50:49.510,2299.7721,114696,-3.521,0.514
12:50:49.521,2299.7921,114697,-3.452,0.625
12:50:49.569,2299.8121,114698,-3.618,0.579
12:50:49.569,2299.8321,114699,-3.475,0.497
12:50:49.585,2299.8521,114700,-3.453,0.638
12:50:49.612,2299.8721,114701,-3.545,0.513
12:50:49.628,2299.8921,114702,-3.651,0.571
12:50:49.644,2299.9121,114703,-3.587,0.465
12:50:49.671,2299.9321,114704,-3.472,0.479
12:50:49.687,2299.9521,114705,-3.564,0.388
12:50:49.703,2299.9721,114706,-3.445,0.472
12:50:49.735,2299.9921,114707,-3.622,0.494
12:50:49.746,2300.0121,114708,-3.743,0.386
12:50:49.762,2300.0321,114709,-3.714,0.527
12:50:49.794,2300.0521,114710,-3.602,0.405
12:50:49.810,2300.0721,114711,-3.498,0.491
12:50:49.826,2300.0921,114712,-3.594,0.406
12:50:49.852,2300.1121,114713,-3.472,0.291
12:50:49.869,2300.1321,114714,-3.421,0.433
12:50:49.885,2300.1521,114715,-3.427,0.579
12:50:49.912,2300.1721,114716,-3.546,0.701
12:50:49.928,2300.1921,114717,-3.528,0.565
12:50:49.944,2300.2121,114718,-3.677,0.49
12:50:49.987,2300.2321,114719,-3.576,0.616
12:50:49.987,2300.2521,114720,-3.578,0.476
12:50:50.003,2300.2721,114721,-3.639,0.583
12:50:50.036,2300.2921,114722,-3.73,0.492
12:50:50.047,2300.3121,114723,-3.627,0.57
12:50:50.063,2300.3321,114724,-3.565,0.687
12:50:50.094,2300.3521,114725,-3.71,0.588
12:50:50.105,2300.3721,114726,-3.762,0.735
12:50:50.153,2300.3921,114727,-3.687,0.591
12:50:50.153,2300.4121,114728,-3.651,0.455
12:50:50.169,2300.4321,114729,-3.632,0.594
12:50:50.186,2300.4521,114730,-3.79,0.653
12:50:50.212,2300.4721,114731,-3.618,0.613
12:50:50.228,2300.4921,114732,-3.445,0.604
12:50:50.270,2300.5121,114733,-3.556,0.641
12:50:50.276,2300.5321,114734,-3.668,0.525
12:50:50.286,2300.5521,114735,-3.547,0.602
12:50:50.303,2300.5721,114736,-3.518,0.465
12:50:50.334,2300.5921,114737,-3.577,0.577
12:50:50.345,2300.6121,114738,-3.502,0.429
12:50:50.393,2300.6321,114739,-3.553,0.583
12:50:50.393,2300.6521,114740,-3.543,0.426
12:50:50.409,2300.6721,114741,-3.449,0.288
12:50:50.425,2300.6921,114742,-3.555,0.421
12:50:50.451,2300.7121,114743,-3.482,0.541
12:50:50.468,2300.7321,114744,-3.375,0.657
12:50:50.515,2300.7521,114745,-3.434,0.537
12:50:50.515,2300.7721,114746,-3.59,0.473
12:50:50.526,2300.7921,114747,-3.446,0.524
12:50:50.542,2300.8121,114748,-3.478,0.652
12:50:50.573,2300.8321,114749,-3.426,0.561
12:50:50.589,2300.8521,114750,-3.583,0.473
12:50:50.616,2300.8721,114751,-3.503,0.593
12:50:50.632,2300.8923,114752,-3.574,0.463
12:50:50.648,2300.9121,114753,-3.704,0.548
12:50:50.665,2300.9321,114754,-3.541,0.524
12:50:50.691,2300.9521,114755,-3.584,0.362
12:50:50.738,2300.9721,114756,-3.712,0.245
12:50:50.738,2300.9921,114757,-3.549,0.294
12:50:50.755,2301.0123,114758,-3.578,0.42
12:50:50.765,2301.0321,114759,-3.729,0.489
12:50:50.782,2301.0521,114760,-3.598,0.537
12:50:50.813,2301.0721,114761,-3.663,0.415
12:50:50.829,2301.0921,114762,-3.566,0.345
12:50:50.856,2301.1121,114763,-3.599,0.49
12:50:50.872,2301.1323,114764,-3.781,0.531
12:50:50.887,2301.1521,114765,-3.707,0.646
12:50:50.904,2301.1721,114766,-3.52,0.643
12:50:50.936,2301.1921,114767,-3.505,0.509
12:50:50.977,2301.2121,114768,-3.681,0.464
12:50:50.977,2301.2321,114769,-3.483,0.484
12:50:50.993,2301.2523,114770,-3.431,0.399
12:50:51.009,2301.2721,114771,-3.488,0.375
12:50:51.036,2301.2921,114772,-3.468,0.397
12:50:51.052,2301.3123,114773,-3.381,0.562
12:50:51.095,2301.3321,114774,-3.548,0.523
12:50:51.101,2301.3521,114775,-3.56,0.373
12:50:51.112,2301.3723,114776,-3.427,0.471
12:50:51.144,2301.3921,114777,-3.38,0.616
12:50:51.144,2301.4121,114778,-3.544,0.51
12:50:51.171,2301.4321,114779,-3.444,0.62
12:50:51.203,2301.4521,114780,-3.509,0.485
12:50:51.219,2301.4721,114781,-3.662,0.482
12:50:51.245,2301.4922,114782,-3.519,0.582
12:50:51.251,2301.5121,114783,-3.413,0.595
12:50:51.262,2301.5321,114784,-3.488,0.451
12:50:51.293,2301.5521,114785,-3.41,0.584
12:50:51.309,2301.5721,114786,-3.534,0.489
12:50:51.352,2301.5921,114787,-3.466,0.618
12:50:51.352,2301.6121,114788,-3.286,0.597
12:50:51.369,2301.6321,114789,-3.396,0.475
12:50:51.385,2301.6521,114790,-3.475,0.616
12:50:51.412,2301.6721,114791,-3.402,0.745
12:50:51.460,2301.6921,114792,-3.473,0.613
12:50:51.460,2301.7121,114793,-3.647,0.592
12:50:51.476,2301.7323,114794,-3.57,0.729
12:50:51.487,2301.7521,114795,-3.539,0.581
12:50:51.503,2301.7721,114796,-3.565,0.435
12:50:51.534,2301.7921,114797,-3.484,0.567
12:50:51.561,2301.8121,114798,-3.553,0.46
12:50:51.566,2301.8321,114799,-3.575,0.614
12:50:51.594,2301.8521,114800,-3.62,0.481
12:50:51.610,2301.8721,114801,-3.625,0.626
12:50:51.626,2301.8921,114802,-3.71,0.516
12:50:51.684,2301.9121,114803,-3.552,0.463
12:50:51.684,2301.9321,114804,-3.493,0.594
12:50:51.684,2301.9521,114805,-3.558,0.697
12:50:51.711,2301.9721,114806,-3.416,0.767
12:50:51.727,2301.9921,114807,-3.54,0.716
12:50:51.743,2302.0121,114808,-3.442,0.636
12:50:51.775,2302.0321,114809,-3.453,0.498
12:50:51.802,2302.0521,114810,-3.547,0.411
12:50:51.802,2302.0721,114811,-3.553,0.561
12:50:51.834,2302.0921,114812,-3.7,0.601
12:50:51.845,2302.1121,114813,-3.77,0.464
12:50:51.861,2302.1321,114814,-3.754,0.309
12:50:51.892,2302.1521,114815,-3.607,0.256
12:50:51.924,2302.1721,114816,-3.505,0.34
12:50:51.924,2302.1921,114817,-3.477,0.488
12:50:51.951,2302.2121,114818,-3.313,0.566
12:50:51.967,2302.2321,114819,-3.398,0.45
12:50:51.983,2302.2521,114820,-3.517,0.37
12:50:52.041,2302.2721,114821,-3.497,0.504
12:50:52.047,2302.2921,114822,-3.494,0.646
12:50:52.047,2302.3121,114823,-3.404,0.566
12:50:52.073,2302.3321,114824,-3.511,0.45
12:50:52.089,2302.3521,114825,-3.627,0.487
12:50:52.104,2302.3721,114826,-3.467,0.547
12:50:52.146,2302.3921,114827,-3.319,0.643
12:50:52.151,2302.4121,114828,-3.311,0.493
12:50:52.162,2302.4321,114829,-3.211,0.415
12:50:52.194,2302.4521,114830,-3.222,0.562
12:50:52.210,2302.4721,114831,-3.381,0.499
12:50:52.221,2302.4921,114832,-3.361,0.642
12:50:52.252,2302.5121,114833,-3.294,0.524
12:50:52.284,2302.5321,114834,-3.459,0.546
12:50:52.284,2302.5521,114835,-3.491,0.394
12:50:52.316,2302.5721,114836,-3.597,0.523
12:50:52.327,2302.5921,114837,-3.46,0.606
12:50:52.343,2302.6121,114838,-3.309,0.681
12:50:52.401,2302.6321,114839,-3.356,0.542
12:50:52.407,2302.6521,114840,-3.284,0.678
12:50:52.407,2302.6721,114841,-3.38,0.594
12:50:52.434,2302.6921,114842,-3.424,0.463
12:50:52.445,2302.7121,114843,-3.52,0.591
12:50:52.462,2302.7321,114844,-3.399,0.472
12:50:52.510,2302.7521,114845,-3.3,0.545
12:50:52.510,2302.7721,114846,-3.424,0.637
12:50:52.521,2302.7921,114847,-3.588,0.578
12:50:52.553,2302.8121,114848,-3.437,0.578
12:50:52.568,2302.8321,114849,-3.341,0.441
12:50:52.600,2302.8521,114850,-3.293,0.317
12:50:52.627,2302.8723,114851,-3.368,0.407
12:50:52.627,2302.8921,114852,-3.349,0.546
12:50:52.643,2302.9121,114853,-3.231,0.514
12:50:52.675,2302.9321,114854,-3.398,0.509
12:50:52.701,2302.9521,114855,-3.401,0.667
12:50:52.702,2302.9721,114856,-3.469,0.53
12:50:52.750,2302.9921,114857,-3.353,0.478
12:50:52.750,2303.0121,114858,-3.469,0.364
12:50:52.761,2303.0321,114859,-3.473,0.512
12:50:52.793,2303.0521,114860,-3.587,0.532
12:50:52.809,2303.0721,114861,-3.691,0.449
12:50:52.825,2303.0921,114862,-3.587,0.469
12:50:52.868,2303.1121,114863,-3.463,0.37
12:50:52.868,2303.1321,114864,-3.465,0.52
12:50:52.884,2303.1521,114865,-3.359,0.471
12:50:52.911,2303.1721,114866,-3.501,0.471
12:50:52.926,2303.1921,114867,-3.62,0.488
12:50:52.943,2303.2121,114868,-3.506,0.501
12:50:52.985,2303.2321,114869,-3.617,0.523
12:50:52.991,2303.2521,114870,-3.51,0.579
12:50:53.017,2303.2721,114871,-3.578,0.68
12:50:53.033,2303.2923,114872,-3.473,0.546
12:50:53.049,2303.3121,114873,-3.404,0.657
12:50:53.065,2303.3321,114874,-3.571,0.709
12:50:53.107,2303.3521,114875,-3.643,0.579
12:50:53.107,2303.3721,114876,-3.479,0.632
12:50:53.123,2303.3921,114877,-3.656,0.617
12:50:53.154,2303.4121,114878,-3.629,0.482
12:50:53.170,2303.4321,114879,-3.545,0.391
12:50:53.181,2303.4521,114880,-3.593,0.516
12:50:53.229,2303.4721,114881,-3.462,0.607
12:50:53.229,2303.4921,114882,-3.618,0.532
12:50:53.245,2303.5121,114883,-3.507,0.593
12:50:53.273,2303.5321,114884,-3.451,0.735
12:50:53.288,2303.5521,114885,-3.533,0.629
12:50:53.304,2303.5721,114886,-3.688,0.558
12:50:53.336,2303.5921,114887,-3.613,0.427
12:50:53.347,2303.6121,114888,-3.752,0.531
12:50:53.363,2303.6321,114889,-3.735,0.676
12:50:53.410,2303.6521,114890,-3.6,0.571
12:50:53.410,2303.6721,114891,-3.43,0.609
12:50:53.421,2303.6921,114892,-3.606,0.632
12:50:53.453,2303.7121,114893,-3.562,0.492
12:50:53.469,2303.7321,114894,-3.388,0.46
12:50:53.485,2303.7521,114895,-3.466,0.341
12:50:53.512,2303.7721,114896,-3.425,0.474
12:50:53.528,2303.7921,114897,-3.598,0.429
12:50:53.544,2303.8121,114898,-3.52,0.564
12:50:53.571,2303.8321,114899,-3.655,0.673
12:50:53.587,2303.8521,114900,-3.534,0.553
12:50:53.619,2303.8721,114901,-3.648,0.673
12:50:53.634,2303.8921,114902,-3.516,0.758
12:50:53.651,2303.9121,114903,-3.537,0.615
12:50:53.662,2303.9321,114904,-3.652,0.613
12:50:53.694,2303.9521,114905,-3.611,0.497
12:50:53.705,2303.9721,114906,-3.67,0.634
12:50:53.721,2303.9921,114907,-3.497,0.58
12:50:53.769,2304.0121,114908,-3.568,0.469
12:50:53.769,2304.0321,114909,-3.716,0.384
12:50:53.785,2304.0521,114910,-3.578,0.449
12:50:53.812,2304.0721,114911,-3.63,0.597
12:50:53.828,2304.0921,114912,-3.481,0.534
12:50:53.844,2304.1121,114913,-3.468,0.678
12:50:53.871,2304.1321,114914,-3.529,0.54
12:50:53.886,2304.1521,114915,-3.394,0.439
12:50:53.934,2304.1721,114916,-3.568,0.405
12:50:53.934,2304.1921,114917,-3.432,0.495
12:50:53.950,2304.2121,114918,-3.582,0.555
12:50:53.961,2304.2321,114919,-3.454,0.658
12:50:53.992,2304.2521,114920,-3.56,0.597
12:50:54.008,2304.2721,114921,-3.634,0.488
12:50:54.040,2304.2921,114922,-3.705,0.634
12:50:54.051,2304.3121,114923,-3.567,0.527
12:50:54.067,2304.3321,114924,-3.46,0.48
12:50:54.083,2304.3521,114925,-3.606,0.479
12:50:54.111,2304.3721,114926,-3.599,0.622
12:50:54.127,2304.3921,114927,-3.439,0.54
12:50:54.144,2304.4121,114928,-3.522,0.409
12:50:54.175,2304.4321,114929,-3.529,0.549
12:50:54.185,2304.4521,114930,-3.611,0.451
12:50:54.201,2304.4721,114931,-3.536,0.59
12:50:54.233,2304.4921,114932,-3.54,0.44
12:50:54.249,2304.5121,114933,-3.376,0.432
12:50:54.276,2304.5321,114934,-3.51,0.543
12:50:54.292,2304.5521,114935,-3.34,0.594
12:50:54.308,2304.5721,114936,-3.478,0.694
12:50:54.324,2304.5921,114937,-3.395,0.606
12:50:54.351,2304.6121,114938,-3.351,0.748
12:50:54.367,2304.6321,114939,-3.443,0.616
12:50:54.400,2304.6521,114940,-3.463,0.474
12:50:54.411,2304.6721,114941,-3.603,0.574
12:50:54.427,2304.6921,114942,-3.504,0.654
12:50:54.444,2304.7121,114943,-3.501,0.516
12:50:54.471,2304.7321,114944,-3.671,0.526
12:50:54.518,2304.7521,114945,-3.587,0.388
12:50:54.518,2304.7721,114946,-3.424,0.465
12:50:54.534,2304.7921,114947,-3.439,0.61
12:50:54.550,2304.8121,114948,-3.43,0.463
12:50:54.566,2304.8321,114949,-3.587,0.468
12:50:54.609,2304.8521,114950,-3.421,0.511
12:50:54.609,2304.8721,114951,-3.31,0.622
12:50:54.636,2304.8921,114952,-3.483,0.613
12:50:54.652,2304.9121,114953,-3.48,0.757
12:50:54.668,2304.9321,114954,-3.546,0.621
12:50:54.684,2304.9521,114955,-3.523,0.762
12:50:54.711,2304.9721,114956,-3.52,0.615
12:50:54.726,2304.9921,114957,-3.494,0.484
12:50:54.758,2305.0121,114958,-3.527,0.343
12:50:54.774,2305.0321,114959,-3.695,0.378
12:50:54.790,2305.0521,114960,-3.662,0.519
12:50:54.816,2305.0721,114961,-3.589,0.653
12:50:54.832,2305.0921,114962,-3.6,0.504
12:50:54.880,2305.1121,114963,-3.482,0.513
12:50:54.880,2305.1321,114964,-3.558,0.621
12:50:54.896,2305.1521,114965,-3.666,0.496
12:50:54.923,2305.1721,114966,-3.513,0.422
12:50:54.923,2305.1921,114967,-3.566,0.574
12:50:54.955,2305.2121,114968,-3.638,0.681
12:50:54.997,2305.2321,114969,-3.553,0.576
12:50:54.997,2305.2521,114970,-3.51,0.719
12:50:55.029,2305.2721,114971,-3.654,0.787
12:50:55.029,2305.2921,114972,-3.684,0.647
12:50:55.045,2305.3121,114973,-3.729,0.505
12:50:55.072,2305.3321,114974,-3.585,0.599
12:50:55.131,2305.3521,114975,-3.601,0.452
12:50:55.137,2305.3721,114976,-3.745,0.556
12:50:55.137,2305.3921,114977,-3.608,0.447
12:50:55.148,2305.4121,114978,-3.548,0.588
12:50:55.164,2305.4321,114979,-3.438,0.67
12:50:55.191,2305.4521,114980,-3.598,0.633
12:50:55.223,2305.4721,114981,-3.581,0.476
12:50:55.223,2305.4921,114982,-3.492,0.569
12:50:55.254,2305.5121,114983,-3.6,0.485
12:50:55.265,2305.5321,114984,-3.443,0.407
12:50:55.281,2305.5521,114985,-3.531,0.536
12:50:55.314,2305.5721,114986,-3.543,0.392
12:50:55.330,2305.5921,114987,-3.624,0.536
12:50:55.345,2305.6121,114988,-3.685,0.689
12:50:55.372,2305.6321,114989,-3.676,0.548
12:50:55.388,2305.6521,114990,-3.796,0.651
12:50:55.404,2305.6721,114991,-3.63,0.598
12:50:55.462,2305.6921,114992,-3.775,0.521
12:50:55.462,2305.7121,114993,-3.606,0.47
12:50:55.468,2305.7321,114994,-3.706,0.524
12:50:55.494,2305.7521,114995,-3.594,0.518
12:50:55.510,2305.7721,114996,-3.556,0.658
12:50:55.521,2305.7921,114997,-3.694,0.646
12:50:55.554,2305.8121,114998,-3.593,0.716
12:50:55.585,2305.8321,114999,-3.496,0.575
12:50:55.586,2305.8521,115000,-3.652,0.537
12:50:55.612,2305.8721,115001,-3.6,0.663
12:50:55.644,2305.8921,115002,-3.712,0.637
12:50:55.644,2305.9121,115003,-3.631,0.546
12:50:55.671,2305.9321,115004,-3.793,0.534
12:50:55.703,2305.9521,115005,-3.649,0.457
12:50:55.703,2305.9721,115006,-3.774,0.35
12:50:55.747,2305.9921,115007,-3.677,0.47
12:50:55.747,2306.0121,115008,-3.802,0.441
12:50:55.764,2306.0321,115009,-3.684,0.429
12:50:55.822,2306.0521,115010,-3.551,0.476
12:50:55.822,2306.0721,115011,-3.437,0.377
12:50:55.827,2306.0921,115012,-3.389,0.508
12:50:55.854,2306.1121,115013,-3.499,0.386
12:50:55.870,2306.1321,115014,-3.603,0.348
12:50:55.886,2306.1521,115015,-3.65,0.489
12:50:55.944,2306.1721,115016,-3.704,0.615
12:50:55.944,2306.1921,115017,-3.538,0.545
12:50:55.944,2306.2121,115018,-3.439,0.486
12:50:55.975,2306.2321,115019,-3.448,0.617
12:50:55.986,2306.2521,115020,-3.568,0.513
12:50:56.002,2306.2721,115021,-3.711,0.608
12:50:56.061,2306.2921,115022,-3.552,0.572
12:50:56.066,2306.3121,115023,-3.521,0.431
12:50:56.066,2306.3321,115024,-3.584,0.579
12:50:56.093,2306.3521,115025,-3.685,0.654
12:50:56.109,2306.3721,115026,-3.663,0.518
12:50:56.125,2306.3921,115027,-3.693,0.651
12:50:56.184,2306.4121,115028,-3.587,0.772
12:50:56.184,2306.4321,115029,-3.667,0.666
12:50:56.184,2306.4521,115030,-3.548,0.551
12:50:56.211,2306.4721,115031,-3.532,0.69
12:50:56.227,2306.4921,115032,-3.614,0.552
12:50:56.244,2306.5121,115033,-3.655,0.407
12:50:56.287,2306.5321,115034,-3.487,0.46
12:50:56.287,2306.5521,115035,-3.52,0.597
12:50:56.303,2306.5721,115036,-3.394,0.552
12:50:56.335,2306.5921,115037,-3.491,0.612
12:50:56.346,2306.6121,115038,-3.384,0.573
12:50:56.378,2306.6321,115039,-3.43,0.447
12:50:56.410,2306.6521,115040,-3.402,0.317
12:50:56.410,2306.6721,115041,-3.463,0.474
12:50:56.421,2306.6921,115042,-3.338,0.414
12:50:56.469,2306.7121,115043,-3.345,0.555
12:50:56.469,2306.7321,115044,-3.522,0.559
12:50:56.486,2306.7521,115045,-3.422,0.684
12:50:56.528,2306.7721,115046,-3.533,0.632
12:50:56.528,2306.7921,115047,-3.493,0.499
12:50:56.544,2306.8121,115048,-3.488,0.354
12:50:56.571,2306.8321,115049,-3.455,0.5
12:50:56.588,2306.8521,115050,-3.512,0.609
12:50:56.604,2306.8721,115051,-3.429,0.464
12:50:56.646,2306.8921,115052,-3.325,0.553
12:50:56.646,2306.9121,115053,-3.496,0.517
12:50:56.679,2306.9321,115054,-3.518,0.667
12:50:56.695,2306.9521,115055,-3.582,0.527
12:50:56.706,2306.9721,115056,-3.572,0.672
12:50:56.721,2306.9921,115057,-3.666,0.592
12:50:56.785,2307.0121,115058,-3.52,0.55
12:50:56.785,2307.0321,115059,-3.417,0.492
12:50:56.785,2307.0521,115060,-3.517,0.37
12:50:56.812,2307.0721,115061,-3.587,0.474
12:50:56.828,2307.0921,115062,-3.476,0.523
12:50:56.844,2307.1121,115063,-3.499,0.376
12:50:56.886,2307.1321,115064,-3.472,0.512
12:50:56.891,2307.1521,115065,-3.628,0.581
12:50:56.902,2307.1721,115066,-3.555,0.473
12:50:56.934,2307.1921,115067,-3.671,0.415
12:50:56.950,2307.2121,115068,-3.635,0.545
12:50:56.961,2307.2321,115069,-3.814,0.521
12:50:57.008,2307.2521,115070,-3.917,0.65
12:50:57.009,2307.2721,115071,-3.759,0.587
12:50:57.025,2307.2921,115072,-3.774,0.45
12:50:57.051,2307.3121,115073,-3.635,0.534
12:50:57.067,2307.3321,115074,-3.796,0.597
12:50:57.130,2307.3521,115075,-3.691,0.473
12:50:57.130,2307.3721,115076,-3.622,0.618
12:50:57.130,2307.3921,115077,-3.694,0.721
12:50:57.141,2307.4121,115078,-3.801,0.669
12:50:57.172,2307.4321,115079,-3.655,0.634
12:50:57.188,2307.4521,115080,-3.629,0.777
12:50:57.204,2307.4721,115081,-3.556,0.636
12:50:57.231,2307.4921,115082,-3.381,0.587
12:50:57.247,2307.5121,115083,-3.483,0.512
12:50:57.263,2307.5321,115084,-3.486,0.655
12:50:57.306,2307.5521,115085,-3.662,0.641
12:50:57.311,2307.5721,115086,-3.555,0.623
12:50:57.322,2307.5921,115087,-3.527,0.47
12:50:57.354,2307.6121,115088,-3.389,0.556
12:50:57.369,2307.6321,115089,-3.38,0.421
12:50:57.385,2307.6521,115090,-3.485,0.493
12:50:57.412,2307.6721,115091,-3.423,0.611
12:50:57.428,2307.6921,115092,-3.417,0.457
12:50:57.445,2307.7121,115093,-3.313,0.408
12:50:57.472,2307.7321,115094,-3.248,0.551
12:50:57.488,2307.7521,115095,-3.385,0.589
12:50:57.519,2307.7721,115096,-3.457,0.465
12:50:57.535,2307.7921,115097,-3.314,0.551
12:50:57.546,2307.8121,115098,-3.363,0.695
12:50:57.563,2307.8321,115099,-3.441,0.589
12:50:57.595,2307.8521,115100,-3.324,0.566
12:50:57.621,2307.8721,115101,-3.264,0.412
12:50:57.626,2307.8921,115102,-3.408,0.381
12:50:57.653,2307.9121,115103,-3.344,0.5
12:50:57.669,2307.9321,115104,-3.435,0.581
12:50:57.728,2307.9521,115105,-3.464,0.734
12:50:57.728,2307.9721,115106,-3.639,0.684
12:50:57.728,2307.9921,115107,-3.581,0.568
12:50:57.744,2308.0121,115108,-3.468,0.554
12:50:57.771,2308.0321,115109,-3.561,0.472
12:50:57.787,2308.0521,115110,-3.712,0.564
12:50:57.819,2308.0721,115111,-3.598,0.486
12:50:57.835,2308.0921,115112,-3.48,0.554
12:50:57.846,2308.1121,115113,-3.545,0.437
12:50:57.862,2308.1321,115114,-3.513,0.575
12:50:57.894,2308.1521,115115,-3.687,0.562
12:50:57.910,2308.1721,115116,-3.516,0.595
12:50:57.952,2308.1921,115117,-3.53,0.727
12:50:57.957,2308.2121,115118,-3.504,0.576
12:50:57.968,2308.2321,115119,-3.621,0.481
12:50:57.984,2308.2521,115120,-3.586,0.627
12:50:58.011,2308.2721,115121,-3.47,0.601
12:50:58.074,2308.2921,115122,-3.34,0.501
12:50:58.074,2308.3121,115123,-3.211,0.604
12:50:58.075,2308.3321,115124,-3.344,0.508
12:50:58.090,2308.3521,115125,-3.355,0.644
12:50:58.106,2308.3721,115126,-3.536,0.618
12:50:58.148,2308.3921,115127,-3.454,0.516
12:50:58.148,2308.4121,115128,-3.341,0.55
12:50:58.179,2308.4321,115129,-3.434,0.68
12:50:58.196,2308.4521,115130,-3.53,0.551
12:50:58.206,2308.4721,115131,-3.704,0.577
12:50:58.222,2308.4921,115132,-3.74,0.73
12:50:58.254,2308.5121,115133,-3.73,0.578
12:50:58.270,2308.5321,115134,-3.556,0.557
12:50:58.297,2308.5521,115135,-3.573,0.708
12:50:58.314,2308.5721,115136,-3.7,0.593
12:50:58.330,2308.5921,115137,-3.591,0.546
12:50:58.341,2308.6121,115138,-3.748,0.565
12:50:58.373,2308.6321,115139,-3.614,0.478
12:50:58.389,2308.6521,115140,-3.735,0.52
12:50:58.416,2308.6721,115141,-3.594,0.611
12:50:58.432,2308.6921,115142,-3.429,0.612
12:50:58.448,2308.7121,115143,-3.346,0.466
12:50:58.464,2308.7321,115144,-3.502,0.545
12:50:58.491,2308.7521,115145,-3.656,0.475
12:50:58.508,2308.7721,115146,-3.682,0.601
12:50:58.540,2308.7921,115147,-3.573,0.564
12:50:58.567,2308.8121,115148,-3.73,0.543
12:50:58.567,2308.8321,115149,-3.688,0.691
12:50:58.583,2308.8521,115150,-3.629,0.813
12:50:58.614,2308.8721,115151,-3.57,0.664
12:50:58.671,2308.8921,115152,-3.581,0.517
12:50:58.677,2308.9121,115153,-3.436,0.61
12:50:58.677,2308.9321,115154,-3.548,0.662
12:50:58.687,2308.9521,115155,-3.537,0.528
12:50:58.703,2308.9721,115156,-3.678,0.629
12:50:58.777,2308.9921,115157,-3.587,0.717
12:50:58.777,2309.0121,115158,-3.616,0.578
12:50:58.783,2309.0321,115159,-3.753,0.594
12:50:58.783,2309.0521,115160,-3.691,0.481
12:50:58.809,2309.0721,115161,-3.53,0.545
12:50:58.826,2309.0921,115162,-3.671,0.629
12:50:58.852,2309.1121,115163,-3.509,0.657
12:50:58.900,2309.1321,115164,-3.556,0.52
12:50:58.900,2309.1521,115165,-3.603,0.675
12:50:58.916,2309.1721,115166,-3.472,0.663
12:50:58.927,2309.1921,115167,-3.618,0.586
12:50:58.943,2309.2121,115168,-3.447,0.608
12:50:58.975,2309.2321,115169,-3.559,0.549
12:50:59.018,2309.2521,115170,-3.53,0.686
12:50:59.018,2309.2721,115171,-3.666,0.603
12:50:59.035,2309.2921,115172,-3.599,0.502
12:50:59.050,2309.3121,115173,-3.469,0.606
12:50:59.061,2309.3321,115174,-3.286,0.57
12:50:59.093,2309.3521,115175,-3.405,0.551
12:50:59.125,2309.3721,115176,-3.574,0.598
12:50:59.125,2309.3921,115177,-3.435,0.641
12:50:59.152,2309.4121,115178,-3.391,0.777
12:50:59.168,2309.4321,115179,-3.444,0.646
12:50:59.200,2309.4521,115180,-3.538,0.565
12:50:59.216,2309.4721,115181,-3.502,0.709
12:50:59.242,2309.4921,115182,-3.579,0.857
12:50:59.242,2309.5121,115183,-3.515,0.711
12:50:59.274,2309.5321,115184,-3.35,0.656
12:50:59.305,2309.5521,115185,-3.511,0.62
12:50:59.305,2309.5725,115186,-3.333,0.577
12:50:59.332,2309.5921,115187,-3.317,0.43
12:50:59.364,2309.6121,115188,-3.211,0.49
12:50:59.364,2309.6321,115189,-3.386,0.514
12:50:59.391,2309.6521,115190,-3.48,0.582
12:50:59.407,2309.6721,115191,-3.637,0.658
12:50:59.423,2309.6921,115192,-3.472,0.676
12:50:59.454,2309.7121,115193,-3.486,0.829
12:50:59.481,2309.7321,115194,-3.554,0.694
12:50:59.486,2309.7521,115195,-3.553,0.547
12:50:59.513,2309.7721,115196,-3.479,0.405
12:50:59.529,2309.7921,115197,-3.543,0.52
12:50:59.545,2309.8121,115198,-3.712,0.557
12:50:59.603,2309.8321,115199,-3.573,0.564
12:50:59.603,2309.8521,115200,-3.466,0.504
12:50:59.608,2309.8721,115201,-3.405,0.645
12:50:59.635,2309.8921,115202,-3.579,0.611
12:50:59.646,2309.9121,115203,-3.403,0.59
12:50:59.662,2309.9321,115204,-3.357,0.448
12:50:59.722,2309.9521,115205,-3.522,0.481
12:50:59.722,2309.9721,115206,-3.569,0.601
12:50:59.727,2309.9921,115207,-3.42,0.568
12:50:59.753,2310.0121,115208,-3.33,0.429
12:50:59.769,2310.0321,115209,-3.324,0.57
12:50:59.785,2310.0521,115210,-3.213,0.64
12:50:59.827,2310.0721,115211,-3.268,0.512
12:50:59.827,2310.0921,115212,-3.381,0.398
12:50:59.843,2310.1121,115213,-3.493,0.535
12:50:59.875,2310.1321,115214,-3.646,0.63
12:50:59.885,2310.1521,115215,-3.696,0.507
12:50:59.902,2310.1721,115216,-3.575,0.53
12:50:59.965,2310.1921,115217,-3.535,0.38
12:50:59.965,2310.2121,115218,-3.385,0.427
12:50:59.965,2310.2321,115219,-3.302,0.534
12:50:59.992,2310.2521,115220,-3.415,0.505
12:51:00.008,2310.2721,115221,-3.547,0.403
12:51:00.025,2310.2921,115222,-3.524,0.536
12:51:00.068,2310.3121,115223,-3.577,0.413
12:51:00.068,2310.3321,115224,-3.544,0.555
12:51:00.084,2310.3521,115225,-3.446,0.49
12:51:00.116,2310.3721,115226,-3.559,0.523
12:51:00.127,2310.3921,115227,-3.383,0.493
12:51:00.143,2310.4121,115228,-3.468,0.638
12:51:00.185,2310.4321,115229,-3.462,0.493
12:51:00.191,2310.4521,115230,-3.349,0.512
12:51:00.202,2310.4721,115231,-3.397,0.63
12:51:00.234,2310.4921,115232,-3.459,0.511
12:51:00.250,2310.5121,115233,-3.609,0.571
12:51:00.261,2310.5321,115234,-3.507,0.623
12:51:00.309,2310.5521,115235,-3.394,0.491
12:51:00.309,2310.5721,115236,-3.316,0.62
12:51:00.325,2310.5921,115237,-3.424,0.562
12:51:00.351,2310.6121,115238,-3.45,0.426
12:51:00.368,2310.6321,115239,-3.398,0.554
12:51:00.384,2310.6521,115240,-3.491,0.692
12:51:00.426,2310.6721,115241,-3.425,0.584
12:51:00.432,2310.6921,115242,-3.599,0.583
12:51:00.443,2310.7121,115243,-3.533,0.475
12:51:00.475,2310.7321,115244,-3.704,0.444
12:51:00.486,2310.7521,115245,-3.679,0.587
12:51:00.503,2310.7721,115246,-3.508,0.538
12:51:00.550,2310.7921,115247,-3.476,0.409
12:51:00.550,2310.8121,115248,-3.559,0.552
12:51:00.561,2310.8321,115249,-3.554,0.409
12:51:00.592,2310.8521,115250,-3.476,0.534
12:51:00.608,2310.8721,115251,-3.545,0.684
12:51:00.625,2310.8921,115252,-3.643,0.602
12:51:00.651,2310.9121,115253,-3.803,0.642
12:51:00.668,2310.9321,115254,-3.649,0.648
12:51:00.683,2310.9521,115255,-3.741,0.781
12:51:00.715,2310.9721,115256,-3.599,0.679
12:51:00.726,2310.9921,115257,-3.601,0.533
12:51:00.743,2311.0121,115258,-3.466,0.624
12:51:00.790,2311.0321,115259,-3.579,0.621
12:51:00.790,2311.0521,115260,-3.465,0.587
12:51:00.802,2311.0721,115261,-3.552,0.685
12:51:00.834,2311.0921,115262,-3.453,0.546
12:51:00.850,2311.1121,115263,-3.532,0.689
12:51:00.866,2311.1321,115264,-3.598,0.551
12:51:00.908,2311.1521,115265,-3.695,0.631
12:51:00.908,2311.1721,115266,-3.598,0.533
12:51:00.924,2311.1921,115267,-3.658,0.646
12:51:00.956,2311.2121,115268,-3.523,0.544
12:51:00.967,2311.2321,115269,-3.61,0.679
12:51:00.983,2311.2521,115270,-3.52,0.608
12:51:01.015,2311.2721,115271,-3.396,0.714
12:51:01.026,2311.2921,115272,-3.572,0.682
12:51:01.042,2311.3121,115273,-3.546,0.549
12:51:01.074,2311.3321,115274,-3.438,0.512
12:51:01.090,2311.3521,115275,-3.542,0.56
12:51:01.101,2311.3721,115276,-3.521,0.425
12:51:01.132,2311.3921,115277,-3.358,0.434
12:51:01.148,2311.4121,115278,-3.478,0.457
12:51:01.165,2311.4321,115279,-3.55,0.6
12:51:01.192,2311.4521,115280,-3.482,0.452
12:51:01.208,2311.4721,115281,-3.597,0.562
12:51:01.225,2311.4921,115282,-3.555,0.419
12:51:01.252,2311.5121,115283,-3.734,0.448
12:51:01.299,2311.5321,115284,-3.601,0.54
12:51:01.299,2311.5521,115285,-3.47,0.589
12:51:01.316,2311.5735,115286,-3.639,0.649
12:51:01.326,2311.5921,115287,-3.48,0.604
12:51:01.343,2311.6121,115288,-3.372,0.49
12:51:01.374,2311.6321,115289,-3.479,0.527
12:51:01.389,2311.6521,115290,-3.539,0.386
12:51:01.405,2311.6721,115291,-3.479,0.526
12:51:01.431,2311.6921,115292,-3.373,0.6
12:51:01.447,2311.7121,115293,-3.541,0.612
12:51:01.494,2311.7321,115294,-3.629,0.523
12:51:01.494,2311.7521,115295,-3.615,0.666
12:51:01.505,2311.7721,115296,-3.577,0.803
12:51:01.522,2311.7921,115297,-3.538,0.667
12:51:01.554,2311.8121,115298,-3.537,0.528
12:51:01.570,2311.8321,115299,-3.605,0.412
12:51:01.613,2311.8521,115300,-3.614,0.556
12:51:01.613,2311.8721,115301,-3.667,0.681
12:51:01.630,2311.8921,115302,-3.557,0.642
12:51:01.646,2311.9121,115303,-3.714,0.727
12:51:01.673,2311.9321,115304,-3.638,0.639
12:51:01.689,2311.9521,115305,-3.577,0.528
12:51:01.731,2311.9721,115306,-3.684,0.571
12:51:01.737,2311.9921,115307,-3.513,0.615
12:51:01.748,2312.0121,115308,-3.646,0.715
12:51:01.763,2312.0321,115309,-3.646,0.572
12:51:01.796,2312.0521,115310,-3.475,0.611
12:51:01.807,2312.0721,115311,-3.328,0.518
12:51:01.854,2312.0921,115312,-3.479,0.544
12:51:01.854,2312.1121,115313,-3.657,0.542
12:51:01.870,2312.1321,115314,-3.543,0.417
12:51:01.886,2312.1521,115315,-3.628,0.55
12:51:01.930,2312.1721,115316,-3.634,0.697
12:51:01.930,2312.1921,115317,-3.674,0.563
12:51:01.957,2312.2121,115318,-3.611,0.7
12:51:01.973,2312.2321,115319,-3.432,0.689
12:51:01.989,2312.2521,115320,-3.541,0.647
12:51:02.005,2312.2721,115321,-3.543,0.5
12:51:02.031,2312.2921,115322,-3.681,0.602
12:51:02.047,2312.3121,115323,-3.69,0.752
12:51:02.079,2312.3321,115324,-3.709,0.608
12:51:02.096,2312.3521,115325,-3.576,0.608
12:51:02.122,2312.3721,115326,-3.486,0.522
12:51:02.122,2312.3921,115327,-3.604,0.54
12:51:02.154,2312.4121,115328,-3.449,0.616
12:51:02.171,2312.4321,115329,-3.568,0.601
12:51:02.197,2312.4521,115330,-3.573,0.458
12:51:02.229,2312.4721,115331,-3.689,0.423
12:51:02.229,2312.4921,115332,-3.528,0.414
12:51:02.246,2312.5121,115333,-3.443,0.539
12:51:02.273,2312.5321,115334,-3.462,0.692
12:51:02.289,2312.5521,115335,-3.618,0.656
12:51:02.316,2312.5721,115336,-3.706,0.523
12:51:02.332,2312.5921,115337,-3.557,0.511
12:51:02.348,2312.6121,115338,-3.393,0.552
12:51:02.364,2312.6321,115339,-3.245,0.632
12:51:02.396,2312.6521,115340,-3.407,0.586
12:51:02.423,2312.6721,115341,-3.55,0.559
12:51:02.423,2312.6921,115342,-3.475,0.663
12:51:02.454,2312.7121,115343,-3.61,0.564
12:51:02.470,2312.7321,115344,-3.634,0.711
12:51:02.481,2312.7521,115345,-3.6,0.587
12:51:02.514,2312.7721,115346,-3.72,0.578
12:51:02.530,2312.7921,115347,-3.575,0.656
12:51:02.557,2312.8121,115348,-3.63,0.769
12:51:02.573,2312.8321,115349,-3.544,0.629
12:51:02.588,2312.8521,115350,-3.673,0.631
12:51:02.604,2312.8721,115351,-3.52,0.549
12:51:02.631,2312.8921,115352,-3.463,0.398
12:51:02.678,2312.9121,115353,-3.473,0.532
12:51:02.679,2312.9321,115354,-3.504,0.688
12:51:02.695,2312.9521,115355,-3.491,0.538
12:51:02.721,2312.9721,115356,-3.315,0.516
12:51:02.727,2312.9921,115357,-3.428,0.407
12:51:02.753,2313.0121,115358,-3.336,0.54
12:51:02.800,2313.0321,115359,-3.285,0.679
12:51:02.800,2313.0521,115360,-3.229,0.807
12:51:02.816,2313.0721,115361,-3.282,0.672
12:51:02.827,2313.0921,115362,-3.381,0.592
12:51:02.858,2313.1121,115363,-3.379,0.441
12:51:02.875,2313.1321,115364,-3.313,0.585
12:51:02.901,2313.1521,115365,-3.382,0.448
12:51:02.906,2313.1721,115366,-3.322,0.328
12:51:02.932,2313.1921,115367,-3.353,0.223
12:51:02.948,2313.2121,115368,-3.381,0.364
12:51:02.964,2313.2321,115369,-3.464,0.236
12:51:02.991,2313.2521,115370,-3.51,0.358
12:51:03.022,2313.2721,115371,-3.339,0.309
12:51:03.022,2313.2921,115372,-3.161,0.306
12:51:03.070,2313.3121,115373,-3.206,0.459
12:51:03.070,2313.3321,115374,-3.331,0.572
12:51:03.081,2313.3521,115375,-3.472,0.478
12:51:03.113,2313.3721,115376,-3.613,0.482
12:51:03.145,2313.3921,115377,-3.521,0.393
12:51:03.145,2313.4121,115378,-3.447,0.51
12:51:03.172,2313.4321,115379,-3.572,0.415
12:51:03.188,2313.4521,115380,-3.743,0.443
12:51:03.204,2313.4721,115381,-3.595,0.464
12:51:03.235,2313.4921,115382,-3.652,0.575
12:51:03.262,2313.5121,115383,-3.511,0.467
12:51:03.263,2313.5321,115384,-3.489,0.614
12:51:03.295,2313.5521,115385,-3.56,0.493
12:51:03.306,2313.5745,115386,-3.599,0.332
12:51:03.322,2313.5921,115387,-3.539,0.432
12:51:03.385,2313.6121,115388,-3.572,0.289
12:51:03.386,2313.6321,115389,-3.528,0.427
12:51:03.386,2313.6521,115390,-3.469,0.56
12:51:03.413,2313.6721,115391,-3.478,0.704
12:51:03.429,2313.6921,115392,-3.59,0.589
12:51:03.446,2313.7121,115393,-3.534,0.438
12:51:03.504,2313.7321,115394,-3.672,0.543
12:51:03.504,2313.7521,115395,-3.542,0.545
12:51:03.504,2313.7721,115396,-3.463,0.411
12:51:03.531,2313.7921,115397,-3.549,0.552
12:51:03.547,2313.8121,115398,-3.453,0.651
12:51:03.564,2313.8321,115399,-3.565,0.605
12:51:03.638,2313.8521,115400,-3.595,0.465
12:51:03.638,2313.8721,115401,-3.566,0.316
12:51:03.638,2313.8921,115402,-3.598,0.445
12:51:03.644,2313.9121,115403,-3.489,0.406
12:51:03.666,2313.9321,115404,-3.558,0.542
12:51:03.682,2313.9521,115405,-3.539,0.683
12:51:03.745,2313.9721,115406,-3.367,0.628
12:51:03.746,2313.9921,115407,-3.505,0.728
12:51:03.746,2314.0121,115408,-3.555,0.594
12:51:03.773,2314.0321,115409,-3.489,0.712
12:51:03.789,2314.0521,115410,-3.557,0.598
12:51:03.805,2314.0721,115411,-3.575,0.452
12:51:03.847,2314.0921,115412,-3.641,0.605
12:51:03.847,2314.1121,115413,-3.519,0.709
12:51:03.863,2314.1321,115414,-3.683,0.653
12:51:03.894,2314.1521,115415,-3.602,0.553
12:51:03.910,2314.1721,115416,-3.64,0.425
12:51:03.921,2314.1921,115417,-3.477,0.501
12:51:03.970,2314.2121,115418,-3.645,0.474
12:51:03.970,2314.2321,115419,-3.575,0.592
12:51:03.981,2314.2521,115420,-3.593,0.452
12:51:04.013,2314.2721,115421,-3.489,0.511
12:51:04.045,2314.2921,115422,-3.556,0.635
12:51:04.045,2314.3121,115423,-3.56,0.488
12:51:04.088,2314.3321,115424,-3.569,0.345
12:51:04.088,2314.3521,115425,-3.486,0.472
12:51:04.120,2314.3721,115426,-3.67,0.496
12:51:04.136,2314.3921,115427,-3.531,0.574
12:51:04.147,2314.4121,115428,-3.592,0.46
12:51:04.163,2314.4321,115429,-3.577,0.307
12:51:04.225,2314.4521,115430,-3.549,0.451
12:51:04.225,2314.4721,115431,-3.497,0.578
12:51:04.225,2314.4921,115432,-3.654,0.52
12:51:04.251,2314.5121,115433,-3.554,0.463
12:51:04.268,2314.5321,115434,-3.543,0.599
12:51:04.284,2314.5521,115435,-3.517,0.738
12:51:04.326,2314.5721,115436,-3.503,0.591
12:51:04.332,2314.5921,115437,-3.34,0.635
12:51:04.343,2314.6121,115438,-3.466,0.556
12:51:04.376,2314.6321,115439,-3.609,0.651
12:51:04.387,2314.6521,115440,-3.496,0.533
12:51:04.403,2314.6721,115441,-3.43,0.38
12:51:04.450,2314.6921,115442,-3.467,0.509
12:51:04.450,2314.7121,115443,-3.336,0.521
12:51:04.462,2314.7321,115444,-3.449,0.536
12:51:04.493,2314.7521,115445,-3.565,0.431
12:51:04.509,2314.7721,115446,-3.479,0.523
12:51:04.568,2314.7921,115447,-3.613,0.634
12:51:04.568,2314.8121,115448,-3.496,0.505
12:51:04.574,2314.8321,115449,-3.607,0.541
12:51:04.584,2314.8521,115450,-3.5,0.585
12:51:04.611,2314.8721,115451,-3.524,0.438
12:51:04.643,2314.8921,115452,-3.405,0.553
12:51:04.643,2314.9121,115453,-3.515,0.553
12:51:04.686,2314.9321,115454,-3.471,0.676
12:51:04.691,2314.9521,115455,-3.468,0.537
12:51:04.702,2314.9721,115456,-3.525,0.677
12:51:04.750,2314.9921,115457,-3.46,0.53
12:51:04.750,2315.0121,115458,-3.549,0.445
12:51:04.761,2315.0321,115459,-3.406,0.511
12:51:04.793,2315.0521,115460,-3.266,0.604
12:51:04.809,2315.0721,115461,-3.399,0.534
12:51:04.825,2315.0921,115462,-3.361,0.671
12:51:04.852,2315.1121,115463,-3.445,0.547
12:51:04.868,2315.1321,115464,-3.416,0.416
12:51:04.883,2315.1521,115465,-3.299,0.495
12:51:04.916,2315.1721,115466,-3.441,0.59
12:51:04.927,2315.1921,115467,-3.325,0.571
12:51:04.958,2315.2121,115468,-3.496,0.605
12:51:04.974,2315.2321,115469,-3.596,0.74
12:51:04.985,2315.2521,115470,-3.678,0.635
12:51:05.002,2315.2721,115471,-3.604,0.742
12:51:05.034,2315.2921,115472,-3.691,0.628
12:51:05.066,2315.3121,115473,-3.526,0.691
12:51:05.066,2315.3321,115474,-3.531,0.549
12:51:05.093,2315.3521,115475,-3.633,0.669
12:51:05.110,2315.3721,115476,-3.531,0.528
12:51:05.121,2315.3921,115477,-3.401,0.639
12:51:05.153,2315.4121,115478,-3.536,0.685
12:51:05.169,2315.4321,115479,-3.511,0.825
12:51:05.184,2315.4521,115480,-3.54,0.678
12:51:05.211,2315.4721,115481,-3.575,0.534
12:51:05.227,2315.4921,115482,-3.669,0.623
12:51:05.275,2315.5121,115483,-3.497,0.667
12:51:05.275,2315.5321,115484,-3.59,0.539
12:51:05.302,2315.5521,115485,-3.653,0.422
12:51:05.319,2315.5755,115486,-3.47,0.512
12:51:05.335,2315.5921,115487,-3.524,0.635
12:51:05.346,2315.6121,115488,-3.669,0.727
12:51:05.362,2315.6321,115489,-3.645,0.592
12:51:05.393,2315.6521,115490,-3.689,0.45
12:51:05.409,2315.6721,115491,-3.61,0.549
12:51:05.426,2315.6921,115492,-3.538,0.665
12:51:05.453,2315.7121,115493,-3.718,0.656
12:51:05.515,2315.7321,115494,-3.657,0.506
12:51:05.515,2315.7521,115495,-3.75,0.623
12:51:05.515,2315.7721,115496,-3.583,0.677
12:51:05.526,2315.7921,115497,-3.462,0.552
12:51:05.543,2315.8121,115498,-3.579,0.569
12:51:05.574,2315.8321,115499,-3.586,0.43
12:51:05.590,2315.8521,115500,-3.539,0.556
12:51:05.632,2315.8721,115501,-3.644,0.634
12:51:05.632,2315.8921,115502,-3.663,0.496
12:51:05.648,2315.9121,115503,-3.535,0.387
12:51:05.664,2315.9321,115504,-3.599,0.496
12:51:05.691,2315.9521,115505,-3.661,0.639
12:51:05.707,2315.9721,115506,-3.632,0.782
12:51:05.739,2315.9921,115507,-3.62,0.642
12:51:05.755,2316.0121,115508,-3.517,0.525
12:51:05.766,2316.0321,115509,-3.526,0.659
12:51:05.782,2316.0521,115510,-3.381,0.557
12:51:05.814,2316.0721,115511,-3.555,0.549
12:51:05.830,2316.0921,115512,-3.388,0.612
12:51:05.856,2316.1121,115513,-3.558,0.603
12:51:05.872,2316.1321,115514,-3.434,0.575
12:51:05.888,2316.1521,115515,-3.544,0.703
12:51:05.904,2316.1721,115516,-3.567,0.554
12:51:05.931,2316.1921,115517,-3.499,0.4
12:51:05.947,2316.2121,115518,-3.402,0.525
12:51:05.979,2316.2321,115519,-3.566,0.606
12:51:05.995,2316.2521,115520,-3.566,0.742
12:51:06.006,2316.2721,115521,-3.416,0.646
12:51:06.021,2316.2921,115522,-3.365,0.501
12:51:06.054,2316.3121,115523,-3.524,0.564
12:51:06.070,2316.3321,115524,-3.423,0.504
12:51:06.097,2316.3521,115525,-3.512,0.583
12:51:06.114,2316.3721,115526,-3.618,0.715
12:51:06.130,2316.3921,115527,-3.53,0.575
12:51:06.146,2316.4121,115528,-3.634,0.661
12:51:06.173,2316.4321,115529,-3.494,0.565
12:51:06.217,2316.4521,115530,-3.399,0.464
12:51:06.217,2316.4721,115531,-3.419,0.612
12:51:06.233,2316.4921,115532,-3.492,0.721
12:51:06.249,2316.5121,115533,-3.442,0.576
12:51:06.265,2316.5321,115534,-3.431,0.423
12:51:06.339,2316.5521,115535,-3.422,0.565
12:51:06.339,2316.5721,115536,-3.432,0.713
12:51:06.340,2316.5921,115537,-3.526,0.593
12:51:06.345,2316.6121,115538,-3.576,0.708
12:51:06.366,2316.6321,115539,-3.651,0.579
12:51:06.382,2316.6521,115540,-3.63,0.456
12:51:06.413,2316.6721,115541,-3.517,0.577
12:51:06.456,2316.6921,115542,-3.513,0.716
12:51:06.462,2316.7121,115543,-3.512,0.577
12:51:06.472,2316.7321,115544,-3.584,0.439
12:51:06.488,2316.7521,115545,-3.476,0.556
12:51:06.520,2316.7721,115546,-3.647,0.52
12:51:06.531,2316.7921,115547,-3.707,0.665
12:51:06.563,2316.8121,115548,-3.643,0.55
12:51:06.563,2316.8321,115549,-3.53,0.434
12:51:06.595,2316.8521,115550,-3.483,0.578
12:51:06.622,2316.8721,115551,-3.489,0.431
12:51:06.627,2316.8921,115552,-3.529,0.578
12:51:06.653,2316.9121,115553,-3.369,0.598
12:51:06.685,2316.9321,115554,-3.385,0.455
12:51:06.685,2316.9521,115555,-3.542,0.392
12:51:06.728,2316.9721,115556,-3.599,0.541
12:51:06.728,2316.9921,115557,-3.574,0.688
12:51:06.744,2317.0121,115558,-3.492,0.545
12:51:06.776,2317.0321,115559,-3.634,0.644
12:51:06.803,2317.0521,115560,-3.569,0.502
12:51:06.803,2317.0721,115561,-3.743,0.471
12:51:06.834,2317.0921,115562,-3.633,0.591
12:51:06.846,2317.1121,115563,-3.543,0.684
12:51:06.862,2317.1321,115564,-3.546,0.542
12:51:06.893,2317.1521,115565,-3.645,0.604
12:51:06.925,2317.1721,115566,-3.556,0.51
12:51:06.925,2317.1921,115567,-3.515,0.386
12:51:06.951,2317.2121,115568,-3.56,0.532
12:51:06.967,2317.2321,115569,-3.589,0.665
12:51:06.984,2317.2521,115570,-3.537,0.516
12:51:07.015,2317.2721,115571,-3.609,0.621
12:51:07.042,2317.2921,115572,-3.45,0.554
12:51:07.042,2317.3121,115573,-3.474,0.687
12:51:07.075,2317.3321,115574,-3.345,0.579
12:51:07.085,2317.3521,115575,-3.468,0.668
12:51:07.101,2317.3721,115576,-3.49,0.526
12:51:07.133,2317.3921,115577,-3.377,0.525
12:51:07.165,2317.4121,115578,-3.497,0.491
12:51:07.165,2317.4321,115579,-3.573,0.588
12:51:07.191,2317.4521,115580,-3.674,0.462
12:51:07.208,2317.4721,115581,-3.523,0.533
12:51:07.223,2317.4921,115582,-3.356,0.592
12:51:07.298,2317.5121,115583,-3.414,0.453
12:51:07.298,2317.5321,115584,-3.378,0.594
12:51:07.303,2317.5521,115585,-3.48,0.636
12:51:07.314,2317.5765,115586,-3.361,0.57
12:51:07.330,2317.5921,115587,-3.441,0.612
12:51:07.346,2317.6121,115588,-3.576,0.721
12:51:07.404,2317.6321,115589,-3.46,0.746
12:51:07.404,2317.6521,115590,-3.483,0.598
12:51:07.404,2317.6721,115591,-3.53,0.747
12:51:07.435,2317.6921,115592,-3.431,0.615
12:51:07.451,2317.7121,115593,-3.614,0.61
12:51:07.478,2317.7321,115594,-3.593,0.472
12:51:07.521,2317.7521,115595,-3.637,0.597
12:51:07.526,2317.7721,115596,-3.526,0.631
12:51:07.526,2317.7921,115597,-3.547,0.483
12:51:07.553,2317.8121,115598,-3.58,0.617
12:51:07.569,2317.8321,115599,-3.639,0.486
12:51:07.585,2317.8521,115600,-3.592,0.634
12:51:07.626,2317.8721,115601,-3.769,0.625
12:51:07.632,2317.8921,115602,-3.646,0.512
12:51:07.659,2317.9121,115603,-3.473,0.458
12:51:07.675,2317.9321,115604,-3.539,0.573
12:51:07.687,2317.9521,115605,-3.455,0.705
12:51:07.703,2317.9721,115606,-3.314,0.732
12:51:07.746,2317.9921,115607,-3.479,0.683
12:51:07.752,2318.0121,115608,-3.556,0.55
12:51:07.763,2318.0321,115609,-3.561,0.702
12:51:07.795,2318.0521,115610,-3.512,0.547
12:51:07.806,2318.0721,115611,-3.442,0.653
12:51:07.822,2318.0921,115612,-3.301,0.645
12:51:07.854,2318.1121,115613,-3.465,0.661
12:51:07.870,2318.1321,115614,-3.633,0.69
12:51:07.881,2318.1521,115615,-3.66,0.544
12:51:07.913,2318.1721,115616,-3.745,0.642
12:51:07.929,2318.1921,115617,-3.63,0.512
12:51:07.961,2318.2121,115618,-3.545,0.566
12:51:07.988,2318.2321,115619,-3.584,0.438
12:51:07.988,2318.2521,115620,-3.538,0.583
12:51:08.004,2318.2721,115621,-3.652,0.469
12:51:08.031,2318.2921,115622,-3.501,0.505
12:51:08.063,2318.3121,115623,-3.597,0.433
12:51:08.064,2318.3321,115624,-3.76,0.497
12:51:08.106,2318.3521,115625,-3.655,0.577
12:51:08.112,2318.3721,115626,-3.51,0.665
12:51:08.122,2318.3921,115627,-3.655,0.574
12:51:08.171,2318.4121,115628,-3.548,0.521
12:51:08.171,2318.4321,115629,-3.674,0.458
12:51:08.181,2318.4521,115630,-3.778,0.584
12:51:08.228,2318.4721,115631,-3.623,0.665
12:51:08.228,2318.4921,115632,-3.779,0.595
12:51:08.244,2318.5121,115633,-3.864,0.477
12:51:08.271,2318.5321,115634,-3.713,0.562
12:51:08.287,2318.5521,115635,-3.798,0.436
12:51:08.304,2318.5721,115636,-3.652,0.493
12:51:08.350,2318.5921,115637,-3.509,0.568
12:51:08.350,2318.6121,115638,-3.69,0.579
12:51:08.377,2318.6321,115639,-3.715,0.716
12:51:08.393,2318.6521,115640,-3.834,0.727
12:51:08.409,2318.6721,115641,-3.801,0.593
12:51:08.426,2318.6921,115642,-3.676,0.651
12:51:08.484,2318.7121,115643,-3.832,0.636
12:51:08.484,2318.7321,115644,-3.715,0.54
12:51:08.484,2318.7521,115645,-3.594,0.65
12:51:08.515,2318.7721,115646,-3.675,0.537
12:51:08.531,2318.7921,115647,-3.58,0.659
12:51:08.542,2318.8121,115648,-3.456,0.581
12:51:08.574,2318.8321,115649,-3.592,0.479
12:51:08.590,2318.8521,115650,-3.727,0.575
12:51:08.606,2318.8721,115651,-3.577,0.624
12:51:08.632,2318.8921,115652,-3.725,0.669
12:51:08.649,2318.9121,115653,-3.691,0.545
12:51:08.665,2318.9321,115654,-3.746,0.422
12:51:08.696,2318.9521,115655,-3.765,0.574
12:51:08.707,2318.9721,115656,-3.623,0.474
12:51:08.723,2318.9921,115657,-3.753,0.593
12:51:08.755,2319.0121,115658,-3.618,0.598
12:51:08.766,2319.0321,115659,-3.72,0.483
12:51:08.782,2319.0521,115660,-3.544,0.453
12:51:08.814,2319.0721,115661,-3.685,0.378
12:51:08.826,2319.0921,115662,-3.643,0.519
12:51:08.842,2319.1121,115663,-3.52,0.601
12:51:08.873,2319.1321,115664,-3.637,0.601
12:51:08.889,2319.1521,115665,-3.478,0.66
12:51:08.905,2319.1721,115666,-3.562,0.518
12:51:08.932,2319.1921,115667,-3.681,0.532
12:51:08.948,2319.2121,115668,-3.534,0.585
12:51:08.964,2319.2321,115669,-3.68,0.682
12:51:08.996,2319.2521,115670,-3.615,0.545
12:51:09.007,2319.2721,115671,-3.599,0.687
12:51:09.066,2319.2921,115672,-3.583,0.526
12:51:09.072,2319.3121,115673,-3.559,0.667
12:51:09.072,2319.3321,115674,-3.725,0.624
12:51:09.083,2319.3521,115675,-3.595,0.506
12:51:09.114,2319.3721,115676,-3.572,0.646
12:51:09.130,2319.3921,115677,-3.462,0.516
12:51:09.157,2319.4121,115678,-3.457,0.661
12:51:09.173,2319.4321,115679,-3.569,0.557
12:51:09.190,2319.4521,115680,-3.638,0.658
12:51:09.205,2319.4721,115681,-3.775,0.763
12:51:09.232,2319.4921,115682,-3.709,0.615
12:51:09.248,2319.5121,115683,-3.676,0.757
12:51:09.265,2319.5321,115684,-3.735,0.634
12:51:09.292,2319.5521,115685,-3.583,0.615
12:51:09.308,2319.5721,115686,-3.416,0.553
12:51:09.324,2319.5921,115687,-3.593,0.548
12:51:09.355,2319.6121,115688,-3.469,0.659
12:51:09.366,2319.6321,115689,-3.31,0.575
12:51:09.428,2319.6521,115690,-3.443,0.682
12:51:09.428,2319.6721,115691,-3.559,0.712
12:51:09.434,2319.6921,115692,-3.413,0.654
12:51:09.444,2319.7121,115693,-3.439,0.514
12:51:09.471,2319.7321,115694,-3.368,0.628
12:51:09.488,2319.7521,115695,-3.301,0.753
12:51:09.535,2319.7721,115696,-3.336,0.622
12:51:09.535,2319.7921,115697,-3.513,0.643
12:51:09.546,2319.8121,115698,-3.567,0.505
12:51:09.562,2319.8321,115699,-3.737,0.48
12:51:09.594,2319.8521,115700,-3.56,0.497
12:51:09.606,2319.8721,115701,-3.673,0.393
12:51:09.638,2319.8921,115702,-3.728,0.537
12:51:09.654,2319.9121,115703,-3.618,0.65
12:51:09.670,2319.9321,115704,-3.531,0.57
12:51:09.681,2319.9521,115705,-3.647,0.556
12:51:09.759,2319.9721,115706,-3.484,0.509
12:51:09.760,2319.9921,115707,-3.636,0.559
12:51:09.760,2320.0121,115708,-3.476,0.613
12:51:09.765,2320.0321,115709,-3.528,0.466
12:51:09.787,2320.0521,115710,-3.515,0.629
12:51:09.803,2320.0721,115711,-3.575,0.502
12:51:09.834,2320.0921,115712,-3.581,0.636
12:51:09.851,2320.1121,115713,-3.471,0.744
12:51:09.877,2320.1321,115714,-3.647,0.724
12:51:09.893,2320.1521,115715,-3.652,0.576
12:51:09.909,2320.1721,115716,-3.755,0.461
12:51:09.925,2320.1921,115717,-3.64,0.574
12:51:09.952,2320.2121,115718,-3.522,0.562
12:51:09.996,2320.2321,115719,-3.599,0.47
12:51:10.001,2320.2521,115720,-3.493,0.422
12:51:10.012,2320.2721,115721,-3.599,0.52
12:51:10.028,2320.2921,115722,-3.437,0.492
12:51:10.061,2320.3121,115723,-3.585,0.591
12:51:10.071,2320.3321,115724,-3.763,0.607
12:51:10.103,2320.3521,115725,-3.81,0.727
12:51:10.104,2320.3721,115726,-3.709,0.677
12:51:10.135,2320.3921,115727,-3.594,0.652
12:51:10.162,2320.4121,115728,-3.521,0.558
12:51:10.162,2320.4321,115729,-3.504,0.411
12:51:10.194,2320.4521,115730,-3.457,0.546
12:51:10.210,2320.4721,115731,-3.563,0.49
12:51:10.237,2320.4921,115732,-3.606,0.636
12:51:10.268,2320.5121,115733,-3.749,0.561
12:51:10.268,2320.5321,115734,-3.855,0.701
12:51:10.285,2320.5521,115735,-3.674,0.688
12:51:10.311,2320.5721,115736,-3.538,0.604
12:51:10.386,2320.5921,115737,-3.553,0.451
12:51:10.392,2320.6121,115738,-3.476,0.586
12:51:10.392,2320.6321,115739,-3.541,0.476
12:51:10.392,2320.6521,115740,-3.694,0.485
12:51:10.402,2320.6721,115741,-3.622,0.591
12:51:10.434,2320.6921,115742,-3.537,0.677
12:51:10.461,2320.7121,115743,-3.705,0.669
12:51:10.467,2320.7321,115744,-3.587,0.587
12:51:10.493,2320.7521,115745,-3.698,0.555
12:51:10.509,2320.7721,115746,-3.688,0.404
12:51:10.525,2320.7921,115747,-3.59,0.498
12:51:10.552,2320.8121,115748,-3.462,0.598
12:51:10.583,2320.8321,115749,-3.597,0.692
12:51:10.583,2320.8521,115750,-3.708,0.57
12:51:10.615,2320.8721,115751,-3.534,0.559
12:51:10.626,2320.8921,115752,-3.549,0.711
12:51:10.642,2320.9121,115753,-3.606,0.558
12:51:10.674,2320.9321,115754,-3.707,0.6
12:51:10.690,2320.9521,115755,-3.559,0.568
12:51:10.701,2320.9721,115756,-3.642,0.651
12:51:10.733,2320.9921,115757,-3.552,0.742
12:51:10.749,2321.0121,115758,-3.662,0.849
12:51:10.765,2321.0321,115759,-3.613,0.696
12:51:10.792,2321.0521,115760,-3.518,0.604
12:51:10.823,2321.0721,115761,-3.688,0.564
12:51:10.823,2321.0921,115762,-3.868,0.602
12:51:10.855,2321.1121,115763,-3.757,0.573
12:51:10.866,2321.1321,115764,-3.671,0.43
12:51:10.882,2321.1521,115765,-3.724,0.555
12:51:10.946,2321.1721,115766,-3.61,0.432
12:51:10.946,2321.1921,115767,-3.777,0.484
12:51:10.946,2321.2121,115768,-3.669,0.525
12:51:10.973,2321.2321,115769,-3.737,0.656
12:51:10.989,2321.2521,115770,-3.594,0.548
12:51:11.020,2321.2721,115771,-3.594,0.696
12:51:11.047,2321.2921,115772,-3.433,0.625
12:51:11.052,2321.3121,115773,-3.547,0.709
12:51:11.063,2321.3321,115774,-3.655,0.676
12:51:11.095,2321.3521,115775,-3.833,0.659
12:51:11.106,2321.3721,115776,-3.843,0.517
12:51:11.123,2321.3921,115777,-3.695,0.593
12:51:11.155,2321.4121,115778,-3.611,0.675
12:51:11.182,2321.4321,115779,-3.455,0.593
12:51:11.187,2321.4521,115780,-3.572,0.695
12:51:11.214,2321.4721,115781,-3.643,0.579
12:51:11.230,2321.4921,115782,-3.637,0.426
12:51:11.241,2321.5121,115783,-3.658,0.576
12:51:11.305,2321.5321,115784,-3.606,0.423
12:51:11.305,2321.5521,115785,-3.626,0.575
12:51:11.305,2321.5721,115786,-3.531,0.455
12:51:11.332,2321.5921,115787,-3.592,0.604
12:51:11.348,2321.6121,115788,-3.725,0.696
12:51:11.364,2321.6321,115789,-3.592,0.589
12:51:11.407,2321.6521,115790,-3.584,0.45
12:51:11.412,2321.6721,115791,-3.611,0.578
12:51:11.439,2321.6921,115792,-3.497,0.597
12:51:11.455,2321.7121,115793,-3.573,0.485
12:51:11.466,2321.7321,115794,-3.475,0.603
12:51:11.482,2321.7521,115795,-3.649,0.603
12:51:11.530,2321.7721,115796,-3.804,0.658
12:51:11.530,2321.7921,115797,-3.674,0.583
12:51:11.546,2321.8121,115798,-3.549,0.467
12:51:11.573,2321.8321,115799,-3.522,0.601
12:51:11.589,2321.8521,115800,-3.355,0.603
12:51:11.605,2321.8721,115801,-3.47,0.496
12:51:11.631,2321.8921,115802,-3.578,0.443
12:51:11.648,2321.9121,115803,-3.492,0.558
12:51:11.664,2321.9321,115804,-3.662,0.626
12:51:11.691,2321.9521,115805,-3.81,0.597
12:51:11.739,2321.9721,115806,-3.773,0.47
12:51:11.739,2321.9921,115807,-3.622,0.563
12:51:11.766,2322.0121,115808,-3.522,0.592
12:51:11.772,2322.0321,115809,-3.355,0.578
12:51:11.783,2322.0521,115810,-3.473,0.594
12:51:11.830,2322.0721,115811,-3.297,0.624
12:51:11.831,2322.0921,115812,-3.457,0.694
12:51:11.846,2322.1121,115813,-3.558,0.629
12:51:11.889,2322.1321,115814,-3.391,0.577
12:51:11.889,2322.1521,115815,-3.574,0.595
12:51:11.905,2322.1721,115816,-3.44,0.582
12:51:11.949,2322.1921,115817,-3.545,0.458
12:51:11.949,2322.2121,115818,-3.638,0.533
12:51:11.992,2322.2321,115819,-3.814,0.522
12:51:11.997,2322.2521,115820,-3.646,0.492
12:51:12.008,2322.2721,115821,-3.756,0.593
12:51:12.024,2322.2921,115822,-3.72,0.736
12:51:12.051,2322.3121,115823,-3.57,0.636
12:51:12.067,2322.3321,115824,-3.453,0.634
12:51:12.082,2322.3521,115825,-3.628,0.616
12:51:12.126,2322.3721,115826,-3.614,0.464
12:51:12.131,2322.3921,115827,-3.474,0.523
12:51:12.157,2322.4121,115828,-3.366,0.39
12:51:12.174,2322.4321,115829,-3.498,0.482
12:51:12.189,2322.4521,115830,-3.52,0.337
12:51:12.205,2322.4721,115831,-3.612,0.428
12:51:12.264,2322.4921,115832,-3.552,0.556
12:51:12.264,2322.5121,115833,-3.395,0.51
12:51:12.264,2322.5321,115834,-3.55,0.572
12:51:12.296,2322.5521,115835,-3.398,0.57
12:51:12.306,2322.5721,115836,-3.295,0.439
12:51:12.323,2322.5921,115837,-3.433,0.511
12:51:12.354,2322.6121,115838,-3.588,0.607
12:51:12.370,2322.6321,115839,-3.447,0.593
12:51:12.381,2322.6521,115840,-3.481,0.712
12:51:12.413,2322.6721,115841,-3.378,0.578
12:51:12.429,2322.6921,115842,-3.224,0.604
12:51:12.446,2322.7121,115843,-3.318,0.505
12:51:12.472,2322.7321,115844,-3.448,0.607
12:51:12.489,2322.7521,115845,-3.395,0.486
12:51:12.506,2322.7721,115846,-3.525,0.538
12:51:12.532,2322.7921,115847,-3.407,0.602
12:51:12.548,2322.8121,115848,-3.383,0.739
12:51:12.595,2322.8321,115849,-3.359,0.608
12:51:12.595,2322.8521,115850,-3.466,0.658
12:51:12.606,2322.8721,115851,-3.42,0.508
12:51:12.622,2322.8921,115852,-3.545,0.415
12:51:12.653,2322.9121,115853,-3.712,0.47
12:51:12.686,2322.9321,115854,-3.702,0.324
12:51:12.686,2322.9521,115855,-3.53,0.367
12:51:12.713,2322.9721,115856,-3.462,0.482
12:51:12.728,2322.9921,115857,-3.422,0.617
12:51:12.745,2323.0121,115858,-3.488,0.474
12:51:12.787,2323.0321,115859,-3.629,0.561
12:51:12.787,2323.0521,115860,-3.481,0.647
12:51:12.835,2323.0721,115861,-3.451,0.786
12:51:12.835,2323.0921,115862,-3.384,0.642
12:51:12.846,2323.1121,115863,-3.303,0.538
12:51:12.862,2323.1321,115864,-3.343,0.677
12:51:12.893,2323.1521,115865,-3.519,0.658
12:51:12.909,2323.1721,115866,-3.665,0.581
12:51:12.937,2323.1921,115867,-3.54,0.57
12:51:12.953,2323.2121,115868,-3.445,0.699
12:51:12.968,2323.2321,115869,-3.535,0.568
12:51:12.985,2323.2521,115870,-3.633,0.476
12:51:13.016,2323.2721,115871,-3.655,0.608
12:51:13.027,2323.2921,115872,-3.515,0.698
12:51:13.043,2323.3121,115873,-3.409,0.665
12:51:13.075,2323.3321,115874,-3.403,0.521
12:51:13.086,2323.3521,115875,-3.576,0.5
12:51:13.102,2323.3721,115876,-3.51,0.609
12:51:13.134,2323.3921,115877,-3.535,0.74
12:51:13.150,2323.4121,115878,-3.488,0.623
12:51:13.193,2323.4321,115879,-3.309,0.624
12:51:13.193,2323.4521,115880,-3.436,0.563
12:51:13.209,2323.4721,115881,-3.307,0.447
12:51:13.225,2323.4921,115882,-3.431,0.558
12:51:13.252,2323.5121,115883,-3.549,0.446
12:51:13.268,2323.5321,115884,-3.401,0.53
12:51:13.301,2323.5521,115885,-3.38,0.671
12:51:13.312,2323.5721,115886,-3.48,0.585
12:51:13.328,2323.5921,115887,-3.618,0.563
12:51:13.344,2323.6121,115888,-3.493,0.662
12:51:13.371,2323.6321,115889,-3.334,0.666
12:51:13.387,2323.6521,115890,-3.46,0.559
12:51:13.403,2323.6721,115891,-3.292,0.517
12:51:13.435,2323.6921,115892,-3.253,0.646
12:51:13.446,2323.7121,115893,-3.379,0.617
12:51:13.462,2323.7321,115894,-3.507,0.65
12:51:13.494,2323.7521,115895,-3.478,0.515
12:51:13.536,2323.7721,115896,-3.362,0.547
12:51:13.542,2323.7921,115897,-3.474,0.599
12:51:13.569,2323.8121,115898,-3.404,0.714
12:51:13.569,2323.8321,115899,-3.583,0.689
12:51:13.585,2323.8521,115900,-3.406,0.645
12:51:13.627,2323.8721,115901,-3.523,0.643
12:51:13.633,2323.8921,115902,-3.701,0.624
12:51:13.660,2323.9121,115903,-3.577,0.597
12:51:13.676,2323.9321,115904,-3.407,0.596
12:51:13.687,2323.9521,115905,-3.541,0.565
12:51:13.703,2323.9721,115906,-3.533,0.714
12:51:13.734,2323.9921,115907,-3.649,0.596
12:51:13.777,2324.0121,115908,-3.704,0.746
12:51:13.777,2324.0321,115909,-3.574,0.661
12:51:13.793,2324.0521,115910,-3.746,0.629
12:51:13.809,2324.0721,115911,-3.563,0.603
12:51:13.826,2324.0921,115912,-3.465,0.696
12:51:13.851,2324.1121,115913,-3.634,0.667
12:51:13.884,2324.1321,115914,-3.569,0.804
12:51:13.884,2324.1521,115915,-3.413,0.721
12:51:13.916,2324.1721,115916,-3.569,0.718
12:51:13.926,2324.1921,115917,-3.399,0.708
12:51:13.943,2324.2121,115918,-3.569,0.763
12:51:13.974,2324.2321,115919,-3.706,0.675
12:51:13.990,2324.2521,115920,-3.613,0.781
12:51:14.017,2324.2721,115921,-3.754,0.783
12:51:14.033,2324.2921,115922,-3.589,0.707
12:51:14.049,2324.3121,115923,-3.701,0.588
12:51:14.065,2324.3321,115924,-3.661,0.433
12:51:14.091,2324.3521,115925,-3.608,0.556
12:51:14.139,2324.3721,115926,-3.455,0.602
12:51:14.139,2324.3921,115927,-3.579,0.486
12:51:14.155,2324.4121,115928,-3.505,0.596
12:51:14.166,2324.4321,115929,-3.573,0.691
12:51:14.182,2324.4521,115930,-3.612,0.562
12:51:14.241,2324.4721,115931,-3.597,0.705
12:51:14.247,2324.4921,115932,-3.701,0.59
12:51:14.247,2324.5121,115933,-3.844,0.542
12:51:14.273,2324.5321,115934,-3.68,0.569
12:51:14.289,2324.5521,115935,-3.58,0.493
12:51:14.305,2324.5721,115936,-3.742,0.471
12:51:14.332,2324.5921,115937,-3.713,0.614
12:51:14.365,2324.6121,115938,-3.804,0.534
12:51:14.365,2324.6321,115939,-3.712,0.615
12:51:14.392,2324.6521,115940,-3.576,0.515
12:51:14.408,2324.6721,115941,-3.525,0.378
12:51:14.424,2324.6921,115942,-3.538,0.529
12:51:14.456,2324.7121,115943,-3.503,0.672
12:51:14.484,2324.7321,115944,-3.678,0.659
12:51:14.484,2324.7521,115945,-3.533,0.563
12:51:14.516,2324.7721,115946,-3.64,0.598
12:51:14.527,2324.7921,115947,-3.541,0.545
12:51:14.543,2324.8121,115948,-3.656,0.542
12:51:14.575,2324.8321,115949,-3.538,0.638
12:51:14.601,2324.8521,115950,-3.512,0.502
12:51:14.606,2324.8721,115951,-3.679,0.542
12:51:14.633,2324.8921,115952,-3.506,0.494
12:51:14.649,2324.9121,115953,-3.688,0.537
12:51:14.676,2324.9321,115954,-3.697,0.684
12:51:14.724,2324.9521,115955,-3.662,0.545
12:51:14.724,2324.9721,115956,-3.507,0.608
12:51:14.724,2324.9921,115957,-3.529,0.756
12:51:14.756,2325.0121,115958,-3.617,0.648
12:51:14.766,2325.0321,115959,-3.572,0.786
12:51:14.783,2325.0521,115960,-3.675,0.66
12:51:14.842,2325.0721,115961,-3.632,0.535
12:51:14.847,2325.0921,115962,-3.482,0.615
12:51:14.847,2325.1121,115963,-3.62,0.628
12:51:14.874,2325.1321,115964,-3.542,0.486
12:51:14.890,2325.1521,115965,-3.487,0.626
12:51:14.906,2325.1721,115966,-3.604,0.514
12:51:14.964,2325.1921,115967,-3.646,0.664
12:51:14.964,2325.2121,115968,-3.691,0.523
12:51:14.964,2325.2321,115969,-3.516,0.548
12:51:14.991,2325.2521,115970,-3.555,0.694
12:51:15.007,2325.2721,115971,-3.613,0.559
12:51:15.023,2325.2921,115972,-3.726,0.678
12:51:15.082,2325.3121,115973,-3.613,0.647
12:51:15.082,2325.3321,115974,-3.568,0.774
12:51:15.099,2325.3521,115975,-3.678,0.729
12:51:15.115,2325.3721,115976,-3.763,0.597
12:51:15.126,2325.3921,115977,-3.822,0.741
12:51:15.142,2325.4121,115978,-3.817,0.889
12:51:15.186,2325.4321,115979,-3.698,0.766
12:51:15.191,2325.4521,115980,-3.667,0.625
12:51:15.218,2325.4721,115981,-3.555,0.743
12:51:15.234,2325.4921,115982,-3.545,0.593
12:51:15.250,2325.5121,115983,-3.705,0.656
12:51:15.266,2325.5321,115984,-3.656,0.502
12:51:15.309,2325.5521,115985,-3.629,0.64
12:51:15.309,2325.5721,115986,-3.693,0.499
12:51:15.326,2325.5921,115987,-3.565,0.607
12:51:15.352,2325.6121,115988,-3.637,0.497
12:51:15.368,2325.6321,115989,-3.699,0.382
12:51:15.384,2325.6521,115990,-3.664,0.523
12:51:15.416,2325.6721,115991,-3.774,0.63
12:51:15.427,2325.6921,115992,-3.654,0.7
12:51:15.443,2325.7121,115993,-3.697,0.828
12:51:15.475,2325.7321,115994,-3.768,0.689
12:51:15.486,2325.7521,115995,-3.763,0.554
12:51:15.502,2325.7721,115996,-3.593,0.576
12:51:15.546,2325.7921,115997,-3.705,0.543
12:51:15.551,2325.8121,115998,-3.595,0.474
12:51:15.562,2325.8321,115999,-3.431,0.487
12:51:15.594,2325.8521,116000,-3.548,0.61
12:51:15.610,2325.8721,116001,-3.477,0.462
12:51:15.637,2325.8921,116002,-3.623,0.51
12:51:15.670,2325.9121,116003,-3.69,0.371
12:51:15.670,2325.9321,116004,-3.651,0.503
12:51:15.681,2325.9521,116005,-3.541,0.383
12:51:15.714,2325.9721,116006,-3.525,0.525
12:51:15.730,2325.9921,116007,-3.589,0.636
12:51:15.745,2326.0121,116008,-3.467,0.744
12:51:15.804,2326.0321,116009,-3.592,0.737
12:51:15.804,2326.0521,116010,-3.643,0.607
12:51:15.804,2326.0721,116011,-3.536,0.5
12:51:15.847,2326.0921,116012,-3.609,0.611
12:51:15.852,2326.1121,116013,-3.496,0.587
12:51:15.863,2326.1321,116014,-3.547,0.462
12:51:15.906,2326.1521,116015,-3.435,0.427
12:51:15.911,2326.1721,116016,-3.611,0.438
12:51:15.922,2326.1921,116017,-3.612,0.585
12:51:15.954,2326.2121,116018,-3.673,0.454
12:51:15.971,2326.2321,116019,-3.545,0.546
12:51:15.982,2326.2521,116020,-3.592,0.412
12:51:16.029,2326.2721,116021,-3.686,0.549
12:51:16.029,2326.2921,116022,-3.668,0.695
12:51:16.061,2326.3121,116023,-3.571,0.776
12:51:16.072,2326.3321,116024,-3.579,0.634
12:51:16.088,2326.3521,116025,-3.63,0.5
12:51:16.104,2326.3721,116026,-3.743,0.418
12:51:16.136,2326.3921,116027,-3.912,0.402
12:51:16.162,2326.4121,116028,-3.739,0.451
12:51:16.162,2326.4321,116029,-3.642,0.528
12:51:16.194,2326.4521,116030,-3.715,0.668
12:51:16.210,2326.4721,116031,-3.54,0.637
12:51:16.221,2326.4921,116032,-3.654,0.619
12:51:16.254,2326.5121,116033,-3.771,0.574
12:51:16.269,2326.5321,116034,-3.599,0.589
12:51:16.286,2326.5521,116035,-3.572,0.729
12:51:16.312,2326.5721,116036,-3.531,0.575
12:51:16.329,2326.5921,116037,-3.404,0.471
12:51:16.345,2326.6121,116038,-3.471,0.616
12:51:16.376,2326.6321,116039,-3.336,0.6
12:51:16.387,2326.6521,116040,-3.503,0.643
12:51:16.403,2326.6721,116041,-3.524,0.498
12:51:16.434,2326.6921,116042,-3.369,0.565
12:51:16.451,2326.7121,116043,-3.511,0.546
12:51:16.462,2326.7321,116044,-3.58,0.698
12:51:16.494,2326.7521,116045,-3.469,0.644
12:51:16.510,2326.7721,116046,-3.364,0.698
12:51:16.526,2326.7921,116047,-3.481,0.679
12:51:16.552,2326.8121,116048,-3.662,0.69
12:51:16.568,2326.8321,116049,-3.485,0.652
12:51:16.584,2326.8521,116050,-3.461,0.793
12:51:16.612,2326.8721,116051,-3.395,0.638
12:51:16.627,2326.8921,116052,-3.495,0.702
12:51:16.643,2326.9121,116053,-3.581,0.572
12:51:16.674,2326.9321,116054,-3.61,0.704
12:51:16.690,2326.9521,116055,-3.499,0.642
12:51:16.733,2326.9721,116056,-3.611,0.773
12:51:16.733,2326.9921,116057,-3.68,0.634
12:51:16.749,2327.0121,116058,-3.575,0.666
12:51:16.765,2327.0321,116059,-3.446,0.549
12:51:16.791,2327.0521,116060,-3.334,0.598
12:51:16.807,2327.0721,116061,-3.486,0.627
12:51:16.855,2327.0921,116062,-3.493,0.482
12:51:16.855,2327.1121,116063,-3.466,0.624
12:51:16.871,2327.1321,116064,-3.573,0.679
12:51:16.898,2327.1521,116065,-3.63,0.56
12:51:16.914,2327.1721,116066,-3.463,0.611
12:51:16.931,2327.1921,116067,-3.356,0.708
12:51:16.974,2327.2121,116068,-3.523,0.668
12:51:16.974,2327.2321,116069,-3.505,0.512
12:51:17.006,2327.2521,116070,-3.416,0.603
12:51:17.006,2327.2721,116071,-3.329,0.701
12:51:17.033,2327.2921,116072,-3.416,0.598
12:51:17.049,2327.3121,116073,-3.565,0.682
12:51:17.081,2327.3321,116074,-3.464,0.556
12:51:17.092,2327.3521,116075,-3.535,0.709
12:51:17.108,2327.3721,116076,-3.66,0.664
12:51:17.124,2327.3921,116077,-3.65,0.81
12:51:17.151,2327.4121,116078,-3.579,0.667
12:51:17.167,2327.4321,116079,-3.449,0.549
12:51:17.199,2327.4521,116080,-3.355,0.482
12:51:17.215,2327.4721,116081,-3.525,0.555
12:51:17.226,2327.4921,116082,-3.616,0.663
12:51:17.242,2327.5121,116083,-3.5,0.537
12:51:17.274,2327.5321,116084,-3.34,0.541
12:51:17.291,2327.5521,116085,-3.515,0.575
12:51:17.316,2327.5721,116086,-3.571,0.689
12:51:17.332,2327.5921,116087,-3.449,0.697
12:51:17.348,2327.6121,116088,-3.616,0.644
12:51:17.365,2327.6321,116089,-3.519,0.522
12:51:17.392,2327.6521,116090,-3.342,0.544
12:51:17.407,2327.6721,116091,-3.527,0.533
12:51:17.440,2327.6921,116092,-3.351,0.557
12:51:17.455,2327.7121,116093,-3.442,0.676
12:51:17.466,2327.7321,116094,-3.357,0.591
12:51:17.482,2327.7521,116095,-3.453,0.453
12:51:17.514,2327.7721,116096,-3.647,0.431
12:51:17.530,2327.7921,116097,-3.745,0.565
12:51:17.557,2327.8121,116098,-3.634,0.541
12:51:17.573,2327.8321,116099,-3.756,0.575
12:51:17.589,2327.8521,116100,-3.652,0.627
12:51:17.605,2327.8721,116101,-3.702,0.489
12:51:17.678,2327.8921,116102,-3.546,0.558
12:51:17.678,2327.9121,116103,-3.581,0.689
12:51:17.683,2327.9321,116104,-3.738,0.667
12:51:17.683,2327.9521,116105,-3.641,0.527
12:51:17.710,2327.9721,116106,-3.556,0.392
12:51:17.721,2327.9921,116107,-3.469,0.521
12:51:17.753,2328.0121,116108,-3.387,0.66
12:51:17.796,2328.0321,116109,-3.56,0.721
12:51:17.802,2328.0521,116110,-3.389,0.665
12:51:17.813,2328.0721,116111,-3.451,0.522
12:51:17.845,2328.0921,116112,-3.532,0.659
12:51:17.845,2328.1121,116113,-3.649,0.634
12:51:17.872,2328.1321,116114,-3.535,0.707
12:51:17.921,2328.1521,116115,-3.657,0.635
12:51:17.921,2328.1721,116116,-3.56,0.747
12:51:17.948,2328.1921,116117,-3.489,0.607
12:51:17.948,2328.2121,116118,-3.625,0.512
12:51:17.964,2328.2321,116119,-3.511,0.633
12:51:17.992,2328.2521,116120,-3.597,0.778
12:51:18.024,2328.2721,116121,-3.488,0.762
12:51:18.024,2328.2921,116122,-3.512,0.903
12:51:18.056,2328.3121,116123,-3.498,0.752
12:51:18.066,2328.3321,116124,-3.621,0.663
12:51:18.083,2328.3521,116125,-3.479,0.656
12:51:18.115,2328.3721,116126,-3.648,0.604
12:51:18.158,2328.3921,116127,-3.559,0.741
12:51:18.158,2328.4121,116128,-3.452,0.692
12:51:18.190,2328.4321,116129,-3.572,0.619
12:51:18.190,2328.4521,116130,-3.642,0.731
12:51:18.206,2328.4721,116131,-3.625,0.592
12:51:18.232,2328.4921,116132,-3.508,0.71
12:51:18.265,2328.5121,116133,-3.338,0.718
12:51:18.265,2328.5321,116134,-3.429,0.588
12:51:18.292,2328.5521,116135,-3.57,0.645
12:51:18.308,2328.5721,116136,-3.55,0.785
12:51:18.323,2328.5921,116137,-3.52,0.634
12:51:18.356,2328.6121,116138,-3.354,0.676
12:51:18.383,2328.6321,116139,-3.352,0.523
12:51:18.383,2328.6521,116140,-3.433,0.61
12:51:18.415,2328.6721,116141,-3.35,0.524
12:51:18.426,2328.6921,116142,-3.523,0.563
12:51:18.443,2328.7121,116143,-3.521,0.71
12:51:18.475,2328.7321,116144,-3.426,0.85
12:51:18.502,2328.7521,116145,-3.345,0.704
12:51:18.507,2328.7721,116146,-3.521,0.659
12:51:18.534,2328.7921,116147,-3.624,0.544
12:51:18.550,2328.8121,116148,-3.508,0.569
12:51:18.577,2328.8321,116149,-3.576,0.678
12:51:18.624,2328.8521,116150,-3.401,0.631
12:51:18.624,2328.8721,116151,-3.499,0.506
12:51:18.624,2328.8921,116152,-3.667,0.544
12:51:18.652,2328.9121,116153,-3.689,0.695
12:51:18.668,2328.9321,116154,-3.679,0.549
12:51:18.684,2328.9521,116155,-3.61,0.416
12:51:18.742,2328.9721,116156,-3.531,0.55
12:51:18.742,2328.9921,116157,-3.591,0.42
12:51:18.748,2329.0121,116158,-3.53,0.303
12:51:18.790,2329.0321,116159,-3.392,0.398
12:51:18.790,2329.0521,116160,-3.415,0.536
12:51:18.805,2329.0721,116161,-3.446,0.673
12:51:18.864,2329.0921,116162,-3.575,0.565
12:51:18.864,2329.1121,116163,-3.686,0.451
12:51:18.864,2329.1321,116164,-3.523,0.475
12:51:18.891,2329.1521,116165,-3.482,0.617
12:51:18.907,2329.1721,116166,-3.497,0.471
12:51:18.923,2329.1921,116167,-3.623,0.434
12:51:18.970,2329.2121,116168,-3.696,0.58
12:51:18.971,2329.2321,116169,-3.565,0.592
12:51:18.986,2329.2521,116170,-3.438,0.48
12:51:19.013,2329.2721,116171,-3.544,0.605
12:51:19.029,2329.2921,116172,-3.56,0.765
12:51:19.045,2329.3121,116173,-3.553,0.617
12:51:19.102,2329.3321,116174,-3.563,0.476
12:51:19.102,2329.3521,116175,-3.565,0.613
12:51:19.108,2329.3721,116176,-3.724,0.625
12:51:19.135,2329.3921,116177,-3.733,0.767
12:51:19.146,2329.4121,116178,-3.614,0.833
12:51:19.162,2329.4321,116179,-3.687,0.716
12:51:19.210,2329.4521,116180,-3.625,0.594
12:51:19.210,2329.4721,116181,-3.531,0.506
12:51:19.221,2329.4921,116182,-3.374,0.585
12:51:19.254,2329.5121,116183,-3.55,0.576
12:51:19.270,2329.5321,116184,-3.718,0.561
12:51:19.286,2329.5521,116185,-3.615,0.664
12:51:19.329,2329.5721,116186,-3.561,0.515
12:51:19.329,2329.5921,116187,-3.419,0.6
12:51:19.345,2329.6121,116188,-3.352,0.736
12:51:19.372,2329.6321,116189,-3.504,0.656
12:51:19.388,2329.6521,116190,-3.379,0.684
12:51:19.404,2329.6721,116191,-3.513,0.75
12:51:19.447,2329.6921,116192,-3.461,0.892
12:51:19.447,2329.7121,116193,-3.595,0.804
12:51:19.464,2329.7321,116194,-3.68,0.67
12:51:19.496,2329.7521,116195,-3.8,0.613
12:51:19.507,2329.7721,116196,-3.632,0.589
12:51:19.523,2329.7921,116197,-3.499,0.687
12:51:19.554,2329.8121,116198,-3.587,0.591
12:51:19.570,2329.8321,116199,-3.474,0.591
12:51:19.586,2329.8521,116200,-3.651,0.635
12:51:19.613,2329.8721,116201,-3.704,0.782
12:51:19.629,2329.8921,116202,-3.699,0.644
12:51:19.645,2329.9121,116203,-3.635,0.784
12:51:19.687,2329.9321,116204,-3.587,0.665
12:51:19.693,2329.9521,116205,-3.664,0.554
12:51:19.703,2329.9721,116206,-3.49,0.591
12:51:19.735,2329.9921,116207,-3.476,0.738
12:51:19.746,2330.0121,116208,-3.538,0.59
12:51:19.762,2330.0321,116209,-3.567,0.743
12:51:19.809,2330.0521,116210,-3.53,0.615
12:51:19.809,2330.0721,116211,-3.529,0.758
12:51:19.825,2330.0921,116212,-3.567,0.62
12:51:19.851,2330.1121,116213,-3.661,0.49
12:51:19.868,2330.1321,116214,-3.6,0.608
12:51:19.884,2330.1521,116215,-3.555,0.46
12:51:19.916,2330.1721,116216,-3.509,0.6
12:51:19.927,2330.1921,116217,-3.613,0.507
12:51:19.943,2330.2121,116218,-3.455,0.576
12:51:19.975,2330.2321,116219,-3.636,0.621
12:51:19.986,2330.2521,116220,-3.53,0.489
12:51:20.002,2330.2721,116221,-3.553,0.639
12:51:20.049,2330.2921,116222,-3.68,0.541
12:51:20.050,2330.3121,116223,-3.844,0.489
12:51:20.066,2330.3321,116224,-3.688,0.522
12:51:20.093,2330.3521,116225,-3.787,0.651
12:51:20.109,2330.3721,116226,-3.88,0.784
12:51:20.126,2330.3921,116227,-3.749,0.725
12:51:20.152,2330.4121,116228,-3.773,0.582
12:51:20.169,2330.4321,116229,-3.824,0.709
12:51:20.185,2330.4521,116230,-3.762,0.831
12:51:20.212,2330.4721,116231,-3.859,0.703
12:51:20.228,2330.4921,116232,-3.749,0.586
12:51:20.244,2330.5121,116233,-3.867,0.671
12:51:20.276,2330.5321,116234,-3.716,0.674
12:51:20.286,2330.5521,116235,-3.562,0.742
12:51:20.303,2330.5721,116236,-3.59,0.593
12:51:20.351,2330.5921,116237,-3.678,0.73
12:51:20.351,2330.6121,116238,-3.579,0.602
12:51:20.392,2330.6321,116239,-3.633,0.723
12:51:20.392,2330.6521,116240,-3.513,0.604
12:51:20.408,2330.6721,116241,-3.341,0.652
12:51:20.424,2330.6921,116242,-3.428,0.724
12:51:20.456,2330.7121,116243,-3.602,0.727
12:51:20.467,2330.7321,116244,-3.506,0.64
12:51:20.500,2330.7521,116245,-3.604,0.584
12:51:20.515,2330.7721,116246,-3.716,0.706
12:51:20.527,2330.7921,116247,-3.606,0.814
12:51:20.543,2330.8121,116248,-3.568,0.695
12:51:20.575,2330.8321,116249,-3.635,0.563
12:51:20.586,2330.8521,116250,-3.499,0.546
12:51:20.602,2330.8721,116251,-3.607,0.632
12:51:20.635,2330.8921,116252,-3.735,0.647
12:51:20.650,2330.9121,116253,-3.633,0.584
12:51:20.662,2330.9321,116254,-3.744,0.467
12:51:20.694,2330.9521,116255,-3.598,0.536
12:51:20.710,2330.9721,116256,-3.702,0.607
12:51:20.737,2330.9921,116257,-3.717,0.456
12:51:20.754,2331.0121,116258,-3.687,0.592
12:51:20.770,2331.0321,116259,-3.616,0.727
12:51:20.786,2331.0521,116260,-3.486,0.622
12:51:20.812,2331.0721,116261,-3.603,0.605
12:51:20.829,2331.0921,116262,-3.712,0.732
12:51:20.845,2331.1121,116263,-3.602,0.694
12:51:20.871,2331.1321,116264,-3.51,0.802
12:51:20.888,2331.1521,116265,-3.552,0.664
12:51:20.904,2331.1721,116266,-3.417,0.566
12:51:20.936,2331.1921,116267,-3.592,0.635
12:51:20.946,2331.2121,116268,-3.663,0.785
12:51:20.978,2331.2321,116269,-3.593,0.676
12:51:20.994,2331.2521,116270,-3.613,0.537
12:51:21.010,2331.2721,116271,-3.548,0.676
12:51:21.026,2331.2921,116272,-3.658,0.644
12:51:21.052,2331.3121,116273,-3.668,0.785
12:51:21.068,2331.3321,116274,-3.631,0.666
12:51:21.101,2331.3521,116275,-3.756,0.631
12:51:21.112,2331.3721,116276,-3.862,0.509
12:51:21.128,2331.3921,116277,-3.829,0.644
12:51:21.160,2331.4121,116278,-3.655,0.594
12:51:21.176,2331.4321,116279,-3.814,0.564
12:51:21.187,2331.4521,116280,-3.742,0.701
12:51:21.220,2331.4721,116281,-3.667,0.567
12:51:21.262,2331.4921,116282,-3.783,0.518
12:51:21.262,2331.5121,116283,-3.659,0.491
12:51:21.268,2331.5321,116284,-3.545,0.555
12:51:21.295,2331.5521,116285,-3.494,0.411
12:51:21.337,2331.5721,116286,-3.632,0.498
12:51:21.338,2331.5921,116287,-3.603,0.342
12:51:21.370,2331.6121,116288,-3.588,0.48
12:51:21.370,2331.6321,116289,-3.701,0.412
12:51:21.386,2331.6521,116290,-3.808,0.458
12:51:21.412,2331.6721,116291,-3.636,0.47
12:51:21.459,2331.6921,116292,-3.75,0.592
12:51:21.459,2331.7121,116293,-3.577,0.667
12:51:21.475,2331.7321,116294,-3.397,0.686
12:51:21.491,2331.7521,116295,-3.552,0.635
12:51:21.502,2331.7721,116296,-3.434,0.54
12:51:21.535,2331.7921,116297,-3.57,0.609
12:51:21.561,2331.8121,116298,-3.438,0.642
12:51:21.567,2331.8321,116299,-3.317,0.722
12:51:21.594,2331.8521,116300,-3.199,0.624
12:51:21.610,2331.8721,116301,-3.308,0.624
12:51:21.626,2331.8921,116302,-3.417,0.681
12:51:21.654,2331.9121,116303,-3.467,0.542
12:51:21.696,2331.9321,116304,-3.554,0.685
12:51:21.701,2331.9521,116305,-3.398,0.716
12:51:21.712,2331.9721,116306,-3.503,0.696
12:51:21.728,2331.9921,116307,-3.612,0.649
12:51:21.744,2332.0121,116308,-3.55,0.791
12:51:21.776,2332.0321,116309,-3.688,0.881
12:51:21.803,2332.0521,116310,-3.592,0.83
12:51:21.803,2332.0721,116311,-3.548,0.677
12:51:21.834,2332.0921,116312,-3.495,0.565
12:51:21.846,2332.1121,116313,-3.574,0.66
12:51:21.862,2332.1321,116314,-3.473,0.745
12:51:21.894,2332.1521,116315,-3.499,0.604
12:51:21.937,2332.1721,116316,-3.62,0.61
12:51:21.937,2332.1921,116317,-3.748,0.617
12:51:21.953,2332.2121,116318,-3.658,0.707
12:51:21.969,2332.2321,116319,-3.553,0.793
12:51:21.985,2332.2521,116320,-3.695,0.679
12:51:22.016,2332.2721,116321,-3.597,0.793
12:51:22.043,2332.2921,116322,-3.63,0.922
12:51:22.043,2332.3121,116323,-3.586,0.801
12:51:22.075,2332.3321,116324,-3.667,0.687
12:51:22.090,2332.3521,116325,-3.517,0.77
12:51:22.106,2332.3721,116326,-3.4,0.836
12:51:22.133,2332.3921,116327,-3.385,0.702
12:51:22.164,2332.4121,116328,-3.446,0.574
12:51:22.164,2332.4321,116329,-3.275,0.55
12:51:22.192,2332.4521,116330,-3.453,0.564
12:51:22.209,2332.4721,116331,-3.614,0.53
12:51:22.225,2332.4921,116332,-3.585,0.37
12:51:22.285,2332.5121,116333,-3.613,0.525
12:51:22.285,2332.5321,116334,-3.513,0.64
12:51:22.285,2332.5521,116335,-3.59,0.52
12:51:22.311,2332.5721,116336,-3.519,0.403
12:51:22.328,2332.5921,116337,-3.406,0.521
12:51:22.344,2332.6121,116338,-3.507,0.652
12:51:22.402,2332.6321,116339,-3.64,0.772
12:51:22.403,2332.6521,116340,-3.557,0.638
12:51:22.408,2332.6721,116341,-3.642,0.514
12:51:22.435,2332.6921,116342,-3.573,0.653
12:51:22.446,2332.7121,116343,-3.587,0.803
12:51:22.461,2332.7321,116344,-3.61,0.645
12:51:22.509,2332.7521,116345,-3.736,0.549
12:51:22.509,2332.7721,116346,-3.834,0.623
12:51:22.525,2332.7921,116347,-3.716,0.656
12:51:22.552,2332.8121,116348,-3.71,0.797
12:51:22.568,2332.8321,116349,-3.667,0.677
12:51:22.584,2332.8521,116350,-3.787,0.64
12:51:22.643,2332.8721,116351,-3.617,0.613
12:51:22.643,2332.8921,116352,-3.626,0.75
12:51:22.648,2332.9121,116353,-3.565,0.597
12:51:22.676,2332.9321,116354,-3.656,0.512
12:51:22.687,2332.9521,116355,-3.502,0.601
12:51:22.719,2332.9721,116356,-3.598,0.51
12:51:22.746,2332.9921,116357,-3.493,0.612
12:51:22.751,2333.0121,116358,-3.311,0.626
12:51:22.762,2333.0321,116359,-3.198,0.641
12:51:22.794,2333.0521,116360,-3.324,0.627
12:51:22.826,2333.0721,116361,-3.498,0.647
12:51:22.826,2333.0921,116362,-3.68,0.64
12:51:22.869,2333.1121,116363,-3.499,0.619
12:51:22.869,2333.1321,116364,-3.615,0.606
12:51:22.885,2333.1521,116365,-3.502,0.619
12:51:22.927,2333.1721,116366,-3.647,0.742
12:51:22.928,2333.1921,116367,-3.541,0.609
12:51:22.943,2333.2121,116368,-3.624,0.512
12:51:22.991,2333.2321,116369,-3.5,0.609
12:51:22.991,2333.2521,116370,-3.441,0.747
12:51:23.002,2333.2721,116371,-3.378,0.865
12:51:23.034,2333.2921,116372,-3.513,0.733
12:51:23.050,2333.3121,116373,-3.544,0.589
12:51:23.067,2333.3321,116374,-3.613,0.699
12:51:23.110,2333.3521,116375,-3.522,0.796
12:51:23.110,2333.3721,116376,-3.548,0.655
12:51:23.136,2333.3921,116377,-3.579,0.492
12:51:23.152,2333.4121,116378,-3.465,0.398
12:51:23.169,2333.4321,116379,-3.427,0.533
12:51:23.184,2333.4521,116380,-3.527,0.598
12:51:23.226,2333.4721,116381,-3.449,0.706
12:51:23.232,2333.4921,116382,-3.382,0.548
12:51:23.242,2333.5121,116383,-3.363,0.672
12:51:23.274,2333.5321,116384,-3.278,0.532
12:51:23.290,2333.5521,116385,-3.413,0.554
12:51:23.306,2333.5721,116386,-3.62,0.561
12:51:23.365,2333.5921,116387,-3.738,0.564
12:51:23.365,2333.6121,116388,-3.613,0.528
12:51:23.365,2333.6321,116389,-3.437,0.567
12:51:23.392,2333.6521,116390,-3.495,0.691
12:51:23.408,2333.6721,116391,-3.432,0.584
12:51:23.425,2333.6921,116392,-3.326,0.552
12:51:23.467,2333.7121,116393,-3.419,0.619
12:51:23.467,2333.7321,116394,-3.569,0.538
12:51:23.484,2333.7521,116395,-3.59,0.684
12:51:23.515,2333.7721,116396,-3.506,0.808
12:51:23.526,2333.7921,116397,-3.595,0.703
12:51:23.542,2333.8121,116398,-3.585,0.572
12:51:23.590,2333.8321,116399,-3.7,0.462
12:51:23.590,2333.8521,116400,-3.665,0.61
12:51:23.606,2333.8721,116401,-3.548,0.674
12:51:23.632,2333.8921,116402,-3.654,0.563
12:51:23.664,2333.9121,116403,-3.493,0.608
12:51:23.664,2333.9321,116404,-3.359,0.701
12:51:23.696,2333.9521,116405,-3.489,0.572
12:51:23.707,2333.9721,116406,-3.587,0.628
12:51:23.723,2333.9921,116407,-3.579,0.77
12:51:23.754,2334.0121,116408,-3.759,0.726
12:51:23.770,2334.0321,116409,-3.581,0.718
12:51:23.781,2334.0521,116410,-3.765,0.739
12:51:23.813,2334.0721,116411,-3.711,0.621
12:51:23.829,2334.0921,116412,-3.563,0.531
12:51:23.846,2334.1121,116413,-3.66,0.61
12:51:23.873,2334.1321,116414,-3.685,0.765
12:51:23.888,2334.1521,116415,-3.697,0.618
12:51:23.904,2334.1721,116416,-3.609,0.523
12:51:23.931,2334.1921,116417,-3.587,0.667
12:51:23.948,2334.2121,116418,-3.419,0.623
12:51:23.965,2334.2321,116419,-3.443,0.755
12:51:23.997,2334.2521,116420,-3.456,0.612
12:51:24.024,2334.2721,116421,-3.325,0.615
12:51:24.024,2334.2921,116422,-3.417,0.54
12:51:24.056,2334.3121,116423,-3.579,0.617
12:51:24.067,2334.3321,116424,-3.466,0.55
12:51:24.083,2334.3521,116425,-3.594,0.658
12:51:24.116,2334.3721,116426,-3.6,0.513
12:51:24.127,2334.3921,116427,-3.551,0.656
12:51:24.174,2334.4121,116428,-3.536,0.804
12:51:24.174,2334.4321,116429,-3.542,0.659
12:51:24.191,2334.4521,116430,-3.661,0.712
12:51:24.201,2334.4721,116431,-3.574,0.839
12:51:24.234,2334.4921,116432,-3.507,0.696
12:51:24.250,2334.5121,116433,-3.635,0.613
12:51:24.266,2334.5321,116434,-3.676,0.469
12:51:24.293,2334.5521,116435,-3.724,0.584
12:51:24.310,2334.5721,116436,-3.568,0.557
12:51:24.326,2334.5921,116437,-3.444,0.634
12:51:24.352,2334.6121,116438,-3.628,0.647
12:51:24.415,2334.6321,116439,-3.476,0.648
12:51:24.415,2334.6521,116440,-3.372,0.696
12:51:24.416,2334.6721,116441,-3.354,0.559
12:51:24.427,2334.6921,116442,-3.454,0.493
12:51:24.443,2334.7121,116443,-3.473,0.641
12:51:24.490,2334.7321,116444,-3.569,0.557
12:51:24.490,2334.7521,116445,-3.75,0.584
12:51:24.532,2334.7721,116446,-3.737,0.737
12:51:24.537,2334.7921,116447,-3.746,0.583
12:51:24.564,2334.8121,116448,-3.626,0.46
12:51:24.564,2334.8321,116449,-3.526,0.5
12:51:24.597,2334.8521,116450,-3.493,0.636
12:51:24.607,2334.8721,116451,-3.502,0.761
12:51:24.640,2334.8921,116452,-3.629,0.819
12:51:24.656,2334.9121,116453,-3.669,0.689
12:51:24.666,2334.9321,116454,-3.683,0.535
12:51:24.683,2334.9521,116455,-3.609,0.417
12:51:24.715,2334.9721,116456,-3.479,0.49
12:51:24.726,2334.9921,116457,-3.392,0.605
12:51:24.758,2335.0121,116458,-3.572,0.619
12:51:24.774,2335.0321,116459,-3.508,0.734
12:51:24.806,2335.0521,116460,-3.469,0.607
12:51:24.806,2335.0721,116461,-3.478,0.448
12:51:24.833,2335.0921,116462,-3.508,0.587
12:51:24.849,2335.1121,116463,-3.602,0.497
12:51:24.876,2335.1321,116464,-3.493,0.592
12:51:24.908,2335.1521,116465,-3.606,0.691
12:51:24.908,2335.1721,116466,-3.477,0.79
12:51:24.924,2335.1921,116467,-3.476,0.639
12:51:24.956,2335.2121,116468,-3.561,0.513
12:51:24.967,2335.2321,116469,-3.408,0.556
12:51:25.015,2335.2521,116470,-3.405,0.703
12:51:25.015,2335.2721,116471,-3.531,0.664
12:51:25.026,2335.2921,116472,-3.375,0.562
12:51:25.042,2335.3121,116473,-3.553,0.561
12:51:25.074,2335.3321,116474,-3.687,0.468
12:51:25.116,2335.3521,116475,-3.518,0.534
12:51:25.122,2335.3721,116476,-3.407,0.517
12:51:25.132,2335.3921,116477,-3.462,0.663
12:51:25.148,2335.4121,116478,-3.332,0.671
12:51:25.164,2335.4321,116479,-3.507,0.648
12:51:25.238,2335.4521,116480,-3.633,0.607
12:51:25.239,2335.4721,116481,-3.525,0.699
12:51:25.244,2335.4921,116482,-3.373,0.623
12:51:25.244,2335.5121,116483,-3.455,0.708
12:51:25.271,2335.5321,116484,-3.632,0.705
12:51:25.281,2335.5521,116485,-3.464,0.662
12:51:25.313,2335.5721,116486,-3.399,0.563
12:51:25.356,2335.5921,116487,-3.307,0.683
12:51:25.362,2335.6121,116488,-3.307,0.538
12:51:25.372,2335.6321,116489,-3.405,0.596
12:51:25.388,2335.6521,116490,-3.473,0.711
12:51:25.404,2335.6721,116491,-3.411,0.602
12:51:25.431,2335.6921,116492,-3.26,0.568
12:51:25.479,2335.7121,116493,-3.439,0.567
12:51:25.479,2335.7321,116494,-3.596,0.526
12:51:25.496,2335.7521,116495,-3.429,0.478
12:51:25.506,2335.7721,116496,-3.41,0.629
12:51:25.522,2335.7921,116497,-3.463,0.499
12:51:25.554,2335.8121,116498,-3.494,0.638
12:51:25.586,2335.8321,116499,-3.585,0.539
12:51:25.586,2335.8521,116500,-3.703,0.483
12:51:25.612,2335.8721,116501,-3.579,0.586
12:51:25.629,2335.8921,116502,-3.596,0.718
12:51:25.646,2335.9121,116503,-3.708,0.61
12:51:25.672,2335.9321,116504,-3.756,0.475
12:51:25.704,2335.9521,116505,-3.573,0.465
12:51:25.704,2335.9721,116506,-3.753,0.485
12:51:25.748,2335.9921,116507,-3.683,0.618
12:51:25.748,2336.0121,116508,-3.509,0.625
12:51:25.763,2336.0321,116509,-3.62,0.57
12:51:25.795,2336.0521,116510,-3.713,0.709
12:51:25.821,2336.0721,116511,-3.582,0.767
12:51:25.827,2336.0921,116512,-3.477,0.63
12:51:25.853,2336.1121,116513,-3.596,0.667
12:51:25.869,2336.1321,116514,-3.469,0.538
12:51:25.885,2336.1521,116515,-3.569,0.463
12:51:25.912,2336.1721,116516,-3.458,0.436
12:51:25.945,2336.1921,116517,-3.572,0.355
12:51:25.945,2336.2121,116518,-3.59,0.495
12:51:25.976,2336.2321,116519,-3.493,0.612
12:51:25.987,2336.2521,116520,-3.362,0.519
12:51:26.004,2336.2721,116521,-3.448,0.382
12:51:26.063,2336.2921,116522,-3.52,0.52
12:51:26.063,2336.3121,116523,-3.446,0.646
12:51:26.069,2336.3321,116524,-3.319,0.6
12:51:26.095,2336.3521,116525,-3.466,0.526
12:51:26.106,2336.3721,116526,-3.415,0.668
12:51:26.122,2336.3921,116527,-3.59,0.645
12:51:26.185,2336.4121,116528,-3.604,0.5
12:51:26.185,2336.4321,116529,-3.57,0.64
12:51:26.185,2336.4521,116530,-3.688,0.542
12:51:26.212,2336.4721,116531,-3.586,0.666
12:51:26.228,2336.4921,116532,-3.495,0.517
12:51:26.244,2336.5121,116533,-3.635,0.422
12:51:26.302,2336.5321,116534,-3.473,0.442
12:51:26.302,2336.5521,116535,-3.378,0.528
12:51:26.308,2336.5721,116536,-3.48,0.449
12:51:26.334,2336.5921,116537,-3.524,0.601
12:51:26.351,2336.6121,116538,-3.351,0.648
12:51:26.362,2336.6321,116539,-3.2,0.712
12:51:26.426,2336.6521,116540,-3.33,0.608
12:51:26.426,2336.6721,116541,-3.439,0.504
12:51:26.426,2336.6921,116542,-3.549,0.469
12:51:26.453,2336.7121,116543,-3.641,0.592
12:51:26.468,2336.7321,116544,-3.528,0.601
12:51:26.485,2336.7521,116545,-3.569,0.467
12:51:26.527,2336.7721,116546,-3.664,0.333
12:51:26.527,2336.7921,116547,-3.517,0.412
12:51:26.543,2336.8121,116548,-3.7,0.412
12:51:26.576,2336.8321,116549,-3.566,0.506
12:51:26.587,2336.8521,116550,-3.428,0.543
12:51:26.603,2336.8721,116551,-3.248,0.542
12:51:26.650,2336.8921,116552,-3.371,0.583
12:51:26.650,2336.9121,116553,-3.536,0.582
12:51:26.667,2336.9321,116554,-3.68,0.511
12:51:26.710,2336.9521,116555,-3.539,0.43
12:51:26.710,2336.9721,116556,-3.549,0.521
12:51:26.726,2336.9921,116557,-3.433,0.545
12:51:26.768,2337.0121,116558,-3.274,0.539
12:51:26.769,2337.0321,116559,-3.451,0.506
12:51:26.785,2337.0521,116560,-3.555,0.622
12:51:26.812,2337.0721,116561,-3.695,0.725
12:51:26.828,2337.0921,116562,-3.558,0.608
12:51:26.844,2337.1121,116563,-3.421,0.713
12:51:26.886,2337.1321,116564,-3.56,0.612
12:51:26.892,2337.1521,116565,-3.66,0.483
12:51:26.918,2337.1721,116566,-3.713,0.618
12:51:26.934,2337.1921,116567,-3.59,0.693
12:51:26.950,2337.2121,116568,-3.606,0.55
12:51:26.966,2337.2321,116569,-3.593,0.687
12:51:27.024,2337.2521,116570,-3.61,0.537
12:51:27.024,2337.2721,116571,-3.525,0.633
12:51:27.024,2337.2921,116572,-3.596,0.521
12:51:27.056,2337.3121,116573,-3.527,0.389
12:51:27.067,2337.3321,116574,-3.537,0.528
12:51:27.083,2337.3521,116575,-3.638,0.613
12:51:27.131,2337.3721,116576,-3.792,0.711
12:51:27.131,2337.3921,116577,-3.676,0.659
12:51:27.142,2337.4121,116578,-3.605,0.538
12:51:27.174,2337.4321,116579,-3.711,0.662
12:51:27.189,2337.4521,116580,-3.874,0.57
12:51:27.205,2337.4721,116581,-3.774,0.612
12:51:27.248,2337.4921,116582,-3.741,0.479
12:51:27.248,2337.5121,116583,-3.688,0.623
12:51:27.264,2337.5321,116584,-3.799,0.706
12:51:27.296,2337.5521,116585,-3.623,0.676
12:51:27.306,2337.5721,116586,-3.525,0.599
12:51:27.322,2337.5921,116587,-3.629,0.645
12:51:27.369,2337.6121,116588,-3.573,0.789
12:51:27.370,2337.6321,116589,-3.523,0.642
12:51:27.386,2337.6521,116590,-3.503,0.495
12:51:27.412,2337.6721,116591,-3.499,0.642
12:51:27.428,2337.6921,116592,-3.668,0.577
12:51:27.444,2337.7121,116593,-3.556,0.609
12:51:27.476,2337.7321,116594,-3.716,0.635
12:51:27.486,2337.7521,116595,-3.643,0.527
12:51:27.503,2337.7721,116596,-3.678,0.659
12:51:27.534,2337.7921,116597,-3.801,0.544
12:51:27.550,2337.8121,116598,-3.664,0.632
12:51:27.566,2337.8321,116599,-3.5,0.61
12:51:27.593,2337.8521,116600,-3.577,0.481
12:51:27.610,2337.8721,116601,-3.421,0.457
12:51:27.626,2337.8921,116602,-3.308,0.546
12:51:27.652,2337.9121,116603,-3.432,0.485
12:51:27.667,2337.9321,116604,-3.43,0.64
12:51:27.683,2337.9521,116605,-3.598,0.59
12:51:27.715,2337.9721,116606,-3.497,0.54
12:51:27.726,2337.9921,116607,-3.326,0.545
12:51:27.759,2338.0121,116608,-3.492,0.531
12:51:27.775,2338.0321,116609,-3.603,0.587
12:51:27.791,2338.0521,116610,-3.643,0.453
12:51:27.801,2338.0721,116611,-3.487,0.456
12:51:27.833,2338.0921,116612,-3.356,0.554
12:51:27.865,2338.1121,116613,-3.52,0.549
12:51:27.865,2338.1321,116614,-3.416,0.638
12:51:27.892,2338.1521,116615,-3.474,0.74
12:51:27.908,2338.1721,116616,-3.413,0.584
12:51:27.971,2338.1921,116617,-3.555,0.687
12:51:27.971,2338.2121,116618,-3.627,0.57
12:51:27.971,2338.2321,116619,-3.751,0.548
12:51:27.982,2338.2521,116620,-3.619,0.642
12:51:28.013,2338.2721,116621,-3.774,0.652
12:51:28.029,2338.2921,116622,-3.884,0.526
12:51:28.071,2338.3121,116623,-3.767,0.566
12:51:28.077,2338.3321,116624,-3.691,0.476
12:51:28.088,2338.3521,116625,-3.598,0.569
12:51:28.104,2338.3721,116626,-3.44,0.599
12:51:28.136,2338.3921,116627,-3.327,0.571
12:51:28.147,2338.4121,116628,-3.458,0.599
12:51:28.193,2338.4321,116629,-3.508,0.471
12:51:28.193,2338.4521,116630,-3.436,0.599
12:51:28.209,2338.4721,116631,-3.328,0.685
12:51:28.225,2338.4921,116632,-3.52,0.642
12:51:28.256,2338.5121,116633,-3.673,0.568
12:51:28.315,2338.5321,116634,-3.673,0.7
12:51:28.315,2338.5521,116635,-3.518,0.718
12:51:28.315,2338.5721,116636,-3.41,0.782
12:51:28.331,2338.5921,116637,-3.267,0.692
12:51:28.342,2338.6121,116638,-3.104,0.663
12:51:28.374,2338.6321,116639,-3.101,0.509
12:51:28.390,2338.6521,116640,-3.22,0.609
12:51:28.417,2338.6721,116641,-3.258,0.476
12:51:28.449,2338.6921,116642,-3.128,0.369
12:51:28.449,2338.7121,116643,-3.249,0.493
12:51:28.466,2338.7321,116644,-3.354,0.617
12:51:28.493,2338.7521,116645,-3.369,0.467
12:51:28.509,2338.7721,116646,-3.469,0.536
12:51:28.536,2338.7921,116647,-3.55,0.42
12:51:28.553,2338.8121,116648,-3.373,0.443
12:51:28.569,2338.8321,116649,-3.26,0.477
12:51:28.585,2338.8521,116650,-3.379,0.434
12:51:28.612,2338.8721,116651,-3.5,0.414
12:51:28.628,2338.8921,116652,-3.365,0.498
12:51:28.660,2338.9121,116653,-3.5,0.583
12:51:28.676,2338.9321,116654,-3.51,0.724
12:51:28.703,2338.9521,116655,-3.583,0.593
12:51:28.703,2338.9721,116656,-3.42,0.641
12:51:28.736,2338.9921,116657,-3.479,0.51
12:51:28.747,2339.0121,116658,-3.543,0.57
12:51:28.778,2339.0321,116659,-3.698,0.614
12:51:28.811,2339.0521,116660,-3.54,0.646
12:51:28.811,2339.0721,116661,-3.592,0.511
12:51:28.826,2339.0921,116662,-3.493,0.379
12:51:28.853,2339.1121,116663,-3.381,0.416
12:51:28.901,2339.1321,116664,-3.346,0.555
12:51:28.901,2339.1521,116665,-3.325,0.696
12:51:28.901,2339.1721,116666,-3.456,0.591
12:51:28.928,2339.1921,116667,-3.537,0.463
12:51:28.944,2339.2121,116668,-3.395,0.401
12:51:28.975,2339.2321,116669,-3.435,0.533
12:51:29.017,2339.2521,116670,-3.562,0.652
12:51:29.023,2339.2721,116671,-3.433,0.536
12:51:29.023,2339.2921,116672,-3.367,0.406
12:51:29.050,2339.3121,116673,-3.228,0.415
12:51:29.066,2339.3321,116674,-3.319,0.496
12:51:29.092,2339.3521,116675,-3.436,0.482
12:51:29.109,2339.3721,116676,-3.539,0.378
12:51:29.136,2339.3921,116677,-3.399,0.444
12:51:29.152,2339.4121,116678,-3.467,0.583
12:51:29.168,2339.4321,116679,-3.371,0.703
12:51:29.184,2339.4521,116680,-3.438,0.568
12:51:29.259,2339.4721,116681,-3.571,0.514
12:51:29.259,2339.4921,116682,-3.473,0.557
12:51:29.259,2339.5121,116683,-3.68,0.595
12:51:29.264,2339.5321,116684,-3.588,0.496
12:51:29.286,2339.5521,116685,-3.431,0.433
12:51:29.302,2339.5721,116686,-3.353,0.299
12:51:29.334,2339.5921,116687,-3.526,0.36
12:51:29.366,2339.6121,116688,-3.52,0.505
12:51:29.366,2339.6321,116689,-3.599,0.369
12:51:29.393,2339.6521,116690,-3.697,0.504
12:51:29.409,2339.6721,116691,-3.532,0.51
12:51:29.452,2339.6921,116692,-3.606,0.374
12:51:29.457,2339.7121,116693,-3.551,0.51
12:51:29.484,2339.7321,116694,-3.457,0.64
12:51:29.485,2339.7521,116695,-3.613,0.612
12:51:29.516,2339.7721,116696,-3.5,0.537
12:51:29.543,2339.7921,116697,-3.682,0.533
12:51:29.543,2339.8121,116698,-3.865,0.556
12:51:29.575,2339.8321,116699,-3.731,0.475
12:51:29.602,2339.8521,116700,-3.838,0.536
12:51:29.602,2339.8721,116701,-3.794,0.667
12:51:29.650,2339.8921,116702,-3.676,0.615
12:51:29.650,2339.9121,116703,-3.571,0.523
12:51:29.667,2339.9321,116704,-3.453,0.419
12:51:29.694,2339.9521,116705,-3.603,0.363
12:51:29.726,2339.9721,116706,-3.627,0.501
12:51:29.726,2339.9921,116707,-3.679,0.619
12:51:29.753,2340.0121,116708,-3.644,0.487
12:51:29.769,2340.0321,116709,-3.546,0.561
12:51:29.785,2340.0521,116710,-3.702,0.643
12:51:29.859,2340.0721,116711,-3.689,0.786
12:51:29.859,2340.0921,116712,-3.569,0.699
12:51:29.865,2340.1121,116713,-3.596,0.563
12:51:29.865,2340.1321,116714,-3.561,0.438
12:51:29.887,2340.1521,116715,-3.682,0.318
12:51:29.904,2340.1721,116716,-3.755,0.467
12:51:29.963,2340.1921,116717,-3.703,0.611
12:51:29.963,2340.2121,116718,-3.705,0.752
12:51:29.968,2340.2321,116719,-3.586,0.625
12:51:29.995,2340.2521,116720,-3.534,0.478
12:51:30.006,2340.2721,116721,-3.552,0.628
12:51:30.022,2340.2921,116722,-3.527,0.476
12:51:30.086,2340.3121,116723,-3.404,0.434
12:51:30.086,2340.3321,116724,-3.447,0.572
12:51:30.086,2340.3521,116725,-3.458,0.422
12:51:30.112,2340.3721,116726,-3.586,0.535
12:51:30.128,2340.3921,116727,-3.408,0.488
12:51:30.145,2340.4121,116728,-3.435,0.349
12:51:30.204,2340.4321,116729,-3.439,0.487
12:51:30.204,2340.4521,116730,-3.563,0.608
12:51:30.204,2340.4721,116731,-3.492,0.455
12:51:30.236,2340.4921,116732,-3.614,0.45
12:51:30.247,2340.5121,116733,-3.626,0.567
12:51:30.263,2340.5321,116734,-3.457,0.576
12:51:30.306,2340.5521,116735,-3.378,0.437
12:51:30.312,2340.5721,116736,-3.506,0.467
12:51:30.323,2340.5921,116737,-3.392,0.509
12:51:30.354,2340.6121,116738,-3.491,0.548
12:51:30.370,2340.6321,116739,-3.562,0.644
12:51:30.386,2340.6521,116740,-3.455,0.587
12:51:30.428,2340.6721,116741,-3.56,0.638
12:51:30.428,2340.6921,116742,-3.483,0.501
12:51:30.444,2340.7121,116743,-3.343,0.478
12:51:30.477,2340.7321,116744,-3.526,0.546
12:51:30.488,2340.7521,116745,-3.641,0.642
12:51:30.503,2340.7721,116746,-3.468,0.55
12:51:30.546,2340.7921,116747,-3.427,0.41
12:51:30.551,2340.8121,116748,-3.489,0.518
12:51:30.578,2340.8321,116749,-3.567,0.613
12:51:30.594,2340.8521,116750,-3.526,0.74
12:51:30.610,2340.8721,116751,-3.582,0.615
12:51:30.626,2340.8921,116752,-3.708,0.686
12:51:30.685,2340.9121,116753,-3.548,0.629
12:51:30.685,2340.9321,116754,-3.431,0.658
12:51:30.685,2340.9521,116755,-3.495,0.493
12:51:30.712,2340.9721,116756,-3.565,0.596
12:51:30.728,2340.9921,116757,-3.482,0.455
12:51:30.744,2341.0121,116758,-3.369,0.5
12:51:30.786,2341.0321,116759,-3.308,0.617
12:51:30.791,2341.0521,116760,-3.416,0.729
12:51:30.802,2341.0721,116761,-3.49,0.614
12:51:30.833,2341.0921,116762,-3.667,0.601
12:51:30.850,2341.1121,116763,-3.541,0.511
12:51:30.866,2341.1321,116764,-3.583,0.648
12:51:30.910,2341.1521,116765,-3.724,0.749
12:51:30.910,2341.1721,116766,-3.583,0.679
12:51:30.936,2341.1921,116767,-3.678,0.738
12:51:30.952,2341.2121,116768,-3.516,0.7
12:51:30.968,2341.2321,116769,-3.637,0.745
12:51:31.027,2341.2521,116770,-3.629,0.584
12:51:31.032,2341.2721,116771,-3.481,0.637
12:51:31.033,2341.2921,116772,-3.647,0.66
12:51:31.043,2341.3121,116773,-3.482,0.705
12:51:31.075,2341.3321,116774,-3.621,0.608
12:51:31.102,2341.3521,116775,-3.561,0.497
12:51:31.108,2341.3721,116776,-3.464,0.554
12:51:31.150,2341.3921,116777,-3.546,0.665
12:51:31.150,2341.4121,116778,-3.647,0.728
12:51:31.166,2341.4321,116779,-3.566,0.579
12:51:31.193,2341.4521,116780,-3.395,0.586
12:51:31.209,2341.4721,116781,-3.471,0.707
12:51:31.225,2341.4921,116782,-3.4,0.586
12:51:31.252,2341.5121,116783,-3.547,0.616
12:51:31.268,2341.5321,116784,-3.739,0.625
12:51:31.284,2341.5521,116785,-3.818,0.775
12:51:31.316,2341.5721,116786,-3.717,0.698
12:51:31.327,2341.5921,116787,-3.66,0.581
12:51:31.343,2341.6121,116788,-3.839,0.614
12:51:31.375,2341.6321,116789,-3.742,0.585
12:51:31.390,2341.6521,116790,-3.622,0.682
12:51:31.416,2341.6721,116791,-3.711,0.749
12:51:31.433,2341.6921,116792,-3.657,0.896
12:51:31.448,2341.7121,116793,-3.634,0.752
12:51:31.465,2341.7321,116794,-3.591,0.596
12:51:31.497,2341.7521,116795,-3.496,0.457
12:51:31.523,2341.7721,116796,-3.553,0.593
12:51:31.523,2341.7921,116797,-3.369,0.573
12:51:31.571,2341.8121,116798,-3.552,0.605
12:51:31.571,2341.8321,116799,-3.397,0.672
12:51:31.582,2341.8521,116800,-3.475,0.77
12:51:31.631,2341.8721,116801,-3.345,0.843
12:51:31.631,2341.8921,116802,-3.461,0.747
12:51:31.642,2341.9121,116803,-3.404,0.624
12:51:31.674,2341.9321,116804,-3.351,0.465
12:51:31.689,2341.9521,116805,-3.517,0.525
12:51:31.732,2341.9721,116806,-3.479,0.654
12:51:31.732,2341.9921,116807,-3.562,0.55
12:51:31.748,2342.0121,116808,-3.467,0.642
12:51:31.764,2342.0321,116809,-3.376,0.503
12:51:31.796,2342.0521,116810,-3.422,0.368
12:51:31.806,2342.0721,116811,-3.504,0.484
12:51:31.854,2342.0921,116812,-3.613,0.591
12:51:31.854,2342.1121,116813,-3.615,0.727
12:51:31.870,2342.1321,116814,-3.54,0.594
12:51:31.882,2342.1521,116815,-3.705,0.558
12:51:31.913,2342.1721,116816,-3.786,0.473
12:51:31.977,2342.1921,116817,-3.646,0.544
12:51:31.977,2342.2121,116818,-3.592,0.678
12:51:31.977,2342.2321,116819,-3.631,0.545
12:51:31.988,2342.2521,116820,-3.535,0.411
12:51:32.004,2342.2721,116821,-3.552,0.532
12:51:32.046,2342.2921,116822,-3.521,0.365
12:51:32.052,2342.3121,116823,-3.578,0.487
12:51:32.095,2342.3321,116824,-3.519,0.631
12:51:32.095,2342.3521,116825,-3.484,0.502
12:51:32.110,2342.3721,116826,-3.399,0.381
12:51:32.121,2342.3921,116827,-3.559,0.473
12:51:32.154,2342.4121,116828,-3.559,0.624
12:51:32.170,2342.4321,116829,-3.655,0.682
12:51:32.201,2342.4521,116830,-3.544,0.643
12:51:32.212,2342.4721,116831,-3.516,0.497
12:51:32.228,2342.4921,116832,-3.504,0.636
12:51:32.260,2342.5121,116833,-3.443,0.516
12:51:32.275,2342.5321,116834,-3.615,0.529
12:51:32.286,2342.5521,116835,-3.51,0.376
12:51:32.318,2342.5721,116836,-3.64,0.475
12:51:32.335,2342.5921,116837,-3.761,0.473
12:51:32.361,2342.6121,116838,-3.795,0.603
12:51:32.367,2342.6321,116839,-3.591,0.599
12:51:32.393,2342.6521,116840,-3.487,0.461
12:51:32.409,2342.6721,116841,-3.595,0.37
12:51:32.441,2342.6921,116842,-3.532,0.492
12:51:32.467,2342.7121,116843,-3.478,0.622
12:51:32.467,2342.7321,116844,-3.638,0.561
12:51:32.483,2342.7521,116845,-3.565,0.42
12:51:32.516,2342.7721,116846,-3.675,0.495
12:51:32.527,2342.7921,116847,-3.589,0.596
12:51:32.560,2342.8121,116848,-3.657,0.449
12:51:32.577,2342.8321,116849,-3.783,0.521
12:51:32.587,2342.8521,116850,-3.671,0.457
12:51:32.603,2342.8721,116851,-3.531,0.546
12:51:32.636,2342.8921,116852,-3.671,0.549
12:51:32.662,2342.9121,116853,-3.66,0.633
12:51:32.668,2342.9321,116854,-3.759,0.655
12:51:32.694,2342.9521,116855,-3.675,0.553
12:51:32.710,2342.9721,116856,-3.557,0.479
12:51:32.726,2342.9921,116857,-3.431,0.435
12:51:32.752,2343.0121,116858,-3.485,0.573
12:51:32.768,2343.0321,116859,-3.338,0.664
12:51:32.801,2343.0521,116860,-3.476,0.611
12:51:32.812,2343.0721,116861,-3.646,0.648
12:51:32.828,2343.0921,116862,-3.523,0.731
12:51:32.844,2343.1121,116863,-3.472,0.877
12:51:32.876,2343.1321,116864,-3.474,0.73
12:51:32.919,2343.1521,116865,-3.438,0.592
12:51:32.919,2343.1721,116866,-3.567,0.501
12:51:32.919,2343.1921,116867,-3.399,0.456
12:51:32.946,2343.2121,116868,-3.547,0.392
12:51:32.978,2343.2321,116869,-3.678,0.302
12:51:32.994,2343.2521,116870,-3.648,0.437
12:51:33.037,2343.2721,116871,-3.688,0.298
12:51:33.042,2343.2921,116872,-3.758,0.446
12:51:33.042,2343.3121,116873,-3.823,0.56
12:51:33.084,2343.3321,116874,-3.706,0.55
12:51:33.084,2343.3521,116875,-3.559,0.636
12:51:33.117,2343.3721,116876,-3.64,0.676
12:51:33.143,2343.3921,116877,-3.618,0.528
12:51:33.143,2343.4121,116878,-3.694,0.372
12:51:33.175,2343.4321,116879,-3.641,0.525
12:51:33.192,2343.4521,116880,-3.513,0.42
12:51:33.203,2343.4721,116881,-3.423,0.334
12:51:33.234,2343.4921,116882,-3.589,0.373
12:51:33.262,2343.5121,116883,-3.613,0.503
12:51:33.267,2343.5321,116884,-3.63,0.362
12:51:33.310,2343.5521,116885,-3.642,0.506
12:51:33.310,2343.5721,116886,-3.539,0.616
12:51:33.327,2343.5921,116887,-3.646,0.674
12:51:33.354,2343.6121,116888,-3.593,0.554
12:51:33.386,2343.6321,116889,-3.651,0.43
12:51:33.386,2343.6521,116890,-3.642,0.576
12:51:33.412,2343.6721,116891,-3.479,0.538
12:51:33.428,2343.6921,116892,-3.606,0.524
12:51:33.445,2343.7121,116893,-3.424,0.493
12:51:33.477,2343.7321,116894,-3.515,0.406
12:51:33.504,2343.7521,116895,-3.405,0.467
12:51:33.504,2343.7721,116896,-3.481,0.558
12:51:33.536,2343.7921,116897,-3.353,0.518
12:51:33.547,2343.8121,116898,-3.393,0.664
12:51:33.563,2343.8321,116899,-3.374,0.52
12:51:33.623,2343.8521,116900,-3.426,0.648
12:51:33.623,2343.8721,116901,-3.471,0.513
12:51:33.628,2343.8921,116902,-3.357,0.535
12:51:33.655,2343.9121,116903,-3.533,0.542
12:51:33.670,2343.9321,116904,-3.571,0.404
12:51:33.682,2343.9521,116905,-3.465,0.274
12:51:33.745,2343.9721,116906,-3.518,0.391
12:51:33.745,2343.9921,116907,-3.415,0.497
12:51:33.745,2344.0121,116908,-3.479,0.385
12:51:33.772,2344.0321,116909,-3.47,0.526
12:51:33.787,2344.0521,116910,-3.441,0.388
12:51:33.818,2344.0721,116911,-3.617,0.419
12:51:33.866,2344.0921,116912,-3.555,0.537
12:51:33.866,2344.1121,116913,-3.579,0.69
12:51:33.866,2344.1321,116914,-3.483,0.621
12:51:33.925,2344.1521,116915,-3.566,0.487
12:51:33.925,2344.1721,116916,-3.742,0.508
12:51:33.925,2344.1921,116917,-3.848,0.549
12:51:33.982,2344.2121,116918,-3.712,0.652
12:51:33.982,2344.2321,116919,-3.675,0.496
12:51:33.988,2344.2521,116920,-3.596,0.38
12:51:34.030,2344.2721,116921,-3.486,0.341
12:51:34.031,2344.2921,116922,-3.552,0.487
12:51:34.042,2344.3121,116923,-3.523,0.357
12:51:34.089,2344.3321,116924,-3.561,0.509
12:51:34.089,2344.3521,116925,-3.68,0.481
12:51:34.132,2344.3721,116926,-3.54,0.57
12:51:34.137,2344.3921,116927,-3.682,0.659
12:51:34.148,2344.4121,116928,-3.648,0.528
12:51:34.164,2344.4321,116929,-3.759,0.591
12:51:34.206,2344.4521,116930,-3.642,0.614
12:51:34.212,2344.4721,116931,-3.76,0.638
12:51:34.239,2344.4921,116932,-3.655,0.571
12:51:34.255,2344.5121,116933,-3.677,0.54
12:51:34.271,2344.5321,116934,-3.598,0.527
12:51:34.282,2344.5521,116935,-3.701,0.556
12:51:34.331,2344.5721,116936,-3.52,0.614
12:51:34.331,2344.5921,116937,-3.503,0.762
12:51:34.347,2344.6121,116938,-3.575,0.626
12:51:34.373,2344.6321,116939,-3.655,0.499
12:51:34.390,2344.6521,116940,-3.518,0.397
12:51:34.406,2344.6721,116941,-3.656,0.467
12:51:34.447,2344.6921,116942,-3.776,0.477
12:51:34.452,2344.7121,116943,-3.623,0.563
12:51:34.463,2344.7321,116944,-3.514,0.435
12:51:34.495,2344.7521,116945,-3.682,0.385
12:51:34.506,2344.7721,116946,-3.583,0.506
12:51:34.522,2344.7921,116947,-3.466,0.381
12:51:34.569,2344.8121,116948,-3.595,0.494
12:51:34.569,2344.8321,116949,-3.51,0.591
12:51:34.586,2344.8521,116950,-3.543,0.721
12:51:34.613,2344.8721,116951,-3.599,0.592
12:51:34.629,2344.8921,116952,-3.66,0.464
12:51:34.688,2344.9121,116953,-3.534,0.571
12:51:34.688,2344.9321,116954,-3.554,0.706
12:51:34.693,2344.9521,116955,-3.679,0.597
12:51:34.704,2344.9721,116956,-3.831,0.635
12:51:34.735,2344.9921,116957,-3.711,0.596
12:51:34.762,2345.0121,116958,-3.64,0.453
12:51:34.763,2345.0321,116959,-3.525,0.503
12:51:34.810,2345.0521,116960,-3.665,0.592
12:51:34.810,2345.0721,116961,-3.84,0.578
12:51:34.826,2345.0921,116962,-3.658,0.581
12:51:34.869,2345.1121,116963,-3.493,0.628
12:51:34.869,2345.1321,116964,-3.584,0.513
12:51:34.885,2345.1521,116965,-3.44,0.524
12:51:34.928,2345.1721,116966,-3.592,0.597
12:51:34.928,2345.1921,116967,-3.464,0.486
12:51:34.944,2345.2121,116968,-3.594,0.617
12:51:34.975,2345.2321,116969,-3.439,0.633
12:51:34.986,2345.2521,116970,-3.601,0.563
12:51:35.002,2345.2721,116971,-3.623,0.692
12:51:35.034,2345.2921,116972,-3.457,0.657
12:51:35.050,2345.3121,116973,-3.491,0.526
12:51:35.077,2345.3321,116974,-3.632,0.431
12:51:35.094,2345.3521,116975,-3.521,0.538
12:51:35.110,2345.3721,116976,-3.647,0.486
12:51:35.126,2345.3921,116977,-3.528,0.43
12:51:35.152,2345.4121,116978,-3.474,0.572
12:51:35.184,2345.4321,116979,-3.619,0.671
12:51:35.184,2345.4521,116980,-3.535,0.528
12:51:35.216,2345.4721,116981,-3.389,0.452
12:51:35.227,2345.4921,116982,-3.542,0.537
12:51:35.244,2345.5121,116983,-3.498,0.676
12:51:35.286,2345.5321,116984,-3.395,0.546
12:51:35.292,2345.5521,116985,-3.546,0.469
12:51:35.303,2345.5721,116986,-3.515,0.604
12:51:35.335,2345.5921,116987,-3.516,0.739
12:51:35.351,2345.6121,116988,-3.634,0.624
12:51:35.362,2345.6321,116989,-3.496,0.57
12:51:35.394,2345.6521,116990,-3.51,0.71
12:51:35.410,2345.6721,116991,-3.635,0.698
12:51:35.426,2345.6921,116992,-3.517,0.699
12:51:35.453,2345.7121,116993,-3.455,0.572
12:51:35.469,2345.7321,116994,-3.548,0.499
12:51:35.486,2345.7521,116995,-3.442,0.544
12:51:35.513,2345.7721,116996,-3.553,0.487
12:51:35.529,2345.7921,116997,-3.394,0.564
12:51:35.545,2345.8121,116998,-3.515,0.691
12:51:35.587,2345.8321,116999,-3.618,0.622
12:51:35.593,2345.8521,117000,-3.468,0.578
12:51:35.634,2345.8721,117001,-3.589,0.7
12:51:35.635,2345.8921,117002,-3.495,0.592
12:51:35.661,2345.9121,117003,-3.612,0.71
12:51:35.667,2345.9321,117004,-3.437,0.699
12:51:35.693,2345.9521,117005,-3.353,0.563
12:51:35.709,2345.9721,117006,-3.46,0.511
12:51:35.752,2345.9921,117007,-3.34,0.567
12:51:35.758,2346.0121,117008,-3.447,0.445
12:51:35.768,2346.0321,117009,-3.48,0.6
12:51:35.800,2346.0521,117010,-3.365,0.718
12:51:35.812,2346.0721,117011,-3.528,0.756
12:51:35.828,2346.0921,117012,-3.444,0.658
12:51:35.875,2346.1121,117013,-3.619,0.623
12:51:35.875,2346.1321,117014,-3.772,0.657
12:51:35.902,2346.1521,117015,-3.615,0.575
12:51:35.902,2346.1721,117016,-3.601,0.439
12:51:35.933,2346.1921,117017,-3.54,0.566
12:51:35.950,2346.2121,117018,-3.478,0.7
12:51:35.981,2346.2321,117019,-3.606,0.603
12:51:35.992,2346.2521,117020,-3.583,0.454
12:51:36.008,2346.2721,117021,-3.457,0.558
12:51:36.024,2346.2921,117022,-3.545,0.642
12:51:36.056,2346.3121,117023,-3.516,0.507
12:51:36.067,2346.3321,117024,-3.376,0.437
12:51:36.099,2346.3521,117025,-3.501,0.335
12:51:36.115,2346.3721,117026,-3.489,0.482
12:51:36.131,2346.3921,117027,-3.493,0.339
12:51:36.142,2346.4121,117028,-3.445,0.484
12:51:36.174,2346.4321,117029,-3.352,0.382
12:51:36.190,2346.4521,117030,-3.437,0.487
12:51:36.221,2346.4721,117031,-3.394,0.616
12:51:36.232,2346.4921,117032,-3.554,0.574
12:51:36.248,2346.5121,117033,-3.68,0.516
12:51:36.264,2346.5321,117034,-3.736,0.662
12:51:36.296,2346.5521,117035,-3.631,0.545
12:51:36.307,2346.5721,117036,-3.569,0.689
12:51:36.323,2346.5921,117037,-3.461,0.735
12:51:36.355,2346.6121,117038,-3.367,0.649
12:51:36.371,2346.6321,117039,-3.483,0.616
12:51:36.387,2346.6521,117040,-3.418,0.742
12:51:36.429,2346.6721,117041,-3.421,0.591
12:51:36.429,2346.6921,117042,-3.55,0.705
12:51:36.461,2346.7121,117043,-3.536,0.558
12:51:36.472,2346.7321,117044,-3.652,0.535
12:51:36.488,2346.7521,117045,-3.829,0.58
12:51:36.504,2346.7721,117046,-3.724,0.654
12:51:36.535,2346.7921,117047,-3.8,0.76
12:51:36.579,2346.8121,117048,-3.749,0.618
12:51:36.579,2346.8321,117049,-3.795,0.771
12:51:36.584,2346.8521,117050,-3.691,0.71
12:51:36.606,2346.8721,117051,-3.697,0.564
12:51:36.622,2346.8921,117052,-3.583,0.521
12:51:36.654,2346.9121,117053,-3.493,0.633
12:51:36.697,2346.9321,117054,-3.581,0.711
12:51:36.703,2346.9521,117055,-3.584,0.562
12:51:36.703,2346.9721,117056,-3.407,0.554
12:51:36.730,2346.9921,117057,-3.525,0.549
12:51:36.746,2347.0121,117058,-3.517,0.699
12:51:36.773,2347.0321,117059,-3.606,0.601
12:51:36.820,2347.0521,117060,-3.633,0.751
12:51:36.820,2347.0721,117061,-3.51,0.629
12:51:36.820,2347.0921,117062,-3.624,0.632
12:51:36.847,2347.1121,117063,-3.447,0.635
12:51:36.863,2347.1321,117064,-3.444,0.488
12:51:36.895,2347.1521,117065,-3.544,0.414
12:51:36.922,2347.1721,117066,-3.439,0.282
12:51:36.928,2347.1921,117067,-3.444,0.419
12:51:36.954,2347.2121,117068,-3.608,0.472
12:51:36.971,2347.2321,117069,-3.531,0.602
12:51:36.987,2347.2521,117070,-3.419,0.646
12:51:37.014,2347.2721,117071,-3.427,0.798
12:51:37.046,2347.2921,117072,-3.336,0.663
12:51:37.046,2347.3121,117073,-3.345,0.53
12:51:37.072,2347.3321,117074,-3.397,0.646
12:51:37.088,2347.3521,117075,-3.417,0.505
12:51:37.105,2347.3721,117076,-3.56,0.507
12:51:37.164,2347.3921,117077,-3.585,0.657
12:51:37.164,2347.4121,117078,-3.436,0.637
12:51:37.169,2347.4321,117079,-3.521,0.721
12:51:37.196,2347.4521,117080,-3.437,0.572
12:51:37.206,2347.4721,117081,-3.586,0.66
12:51:37.223,2347.4921,117082,-3.443,0.745
12:51:37.255,2347.5121,117083,-3.293,0.658
12:51:37.282,2347.5321,117084,-3.399,0.7
12:51:37.282,2347.5521,117085,-3.419,0.544
12:51:37.314,2347.5721,117086,-3.455,0.689
12:51:37.330,2347.5925,117087,-3.467,0.531
12:51:37.346,2347.6121,117088,-3.36,0.551
12:51:37.405,2347.6321,117089,-3.503,0.584
12:51:37.405,2347.6521,117090,-3.381,0.687
12:51:37.405,2347.6721,117091,-3.469,0.561
12:51:37.437,2347.6921,117092,-3.581,0.46
12:51:37.448,2347.7121,117093,-3.52,0.603
12:51:37.464,2347.7321,117094,-3.494,0.746
12:51:37.507,2347.7521,117095,-3.423,0.605
12:51:37.513,2347.7721,117096,-3.315,0.656
12:51:37.523,2347.7921,117097,-3.396,0.801
12:51:37.554,2347.8121,117098,-3.274,0.745
12:51:37.571,2347.8321,117099,-3.399,0.637
12:51:37.587,2347.8521,117100,-3.264,0.532
12:51:37.614,2347.8721,117101,-3.413,0.587
12:51:37.646,2347.8921,117102,-3.374,0.722
12:51:37.646,2347.9121,117103,-3.2,0.69
12:51:37.672,2347.9321,117104,-3.281,0.558
12:51:37.689,2347.9521,117105,-3.404,0.682
12:51:37.704,2347.9721,117106,-3.525,0.783
12:51:37.763,2347.9921,117107,-3.476,0.662
12:51:37.763,2348.0121,117108,-3.565,0.532
12:51:37.769,2348.0321,117109,-3.675,0.66
12:51:37.796,2348.0521,117110,-3.499,0.694
12:51:37.806,2348.0721,117111,-3.47,0.83
12:51:37.823,2348.0921,117112,-3.486,0.684
12:51:37.871,2348.1121,117113,-3.584,0.56
12:51:37.871,2348.1321,117114,-3.414,0.506
12:51:37.887,2348.1521,117115,-3.578,0.561
12:51:37.913,2348.1721,117116,-3.645,0.453
12:51:37.930,2348.1921,117117,-3.587,0.575
12:51:37.946,2348.2121,117118,-3.575,0.431
12:51:37.989,2348.2321,117119,-3.522,0.569
12:51:37.989,2348.2521,117120,-3.678,0.618
12:51:38.021,2348.2721,117121,-3.561,0.629
12:51:38.033,2348.2921,117122,-3.574,0.772
12:51:38.049,2348.3121,117123,-3.465,0.638
12:51:38.081,2348.3321,117124,-3.6,0.535
12:51:38.107,2348.3521,117125,-3.679,0.404
12:51:38.107,2348.3721,117126,-3.662,0.543
12:51:38.123,2348.3921,117127,-3.713,0.662
12:51:38.155,2348.4121,117128,-3.555,0.613
12:51:38.171,2348.4321,117129,-3.388,0.59
12:51:38.182,2348.4521,117130,-3.566,0.575
12:51:38.229,2348.4721,117131,-3.609,0.692
12:51:38.230,2348.4921,117132,-3.433,0.652
12:51:38.246,2348.5121,117133,-3.402,0.506
12:51:38.273,2348.5321,117134,-3.567,0.578
12:51:38.289,2348.5521,117135,-3.504,0.711
12:51:38.348,2348.5721,117136,-3.604,0.601
12:51:38.348,2348.5921,117137,-3.499,0.469
12:51:38.353,2348.6121,117138,-3.455,0.611
12:51:38.364,2348.6321,117139,-3.63,0.661
12:51:38.396,2348.6521,117140,-3.521,0.616
12:51:38.407,2348.6721,117141,-3.617,0.508
12:51:38.423,2348.6921,117142,-3.497,0.499
12:51:38.471,2348.7121,117143,-3.656,0.567
12:51:38.471,2348.7321,117144,-3.658,0.71
12:51:38.482,2348.7521,117145,-3.76,0.769
12:51:38.513,2348.7721,117146,-3.617,0.669
12:51:38.529,2348.7921,117147,-3.564,0.519
12:51:38.545,2348.8121,117148,-3.485,0.632
12:51:38.603,2348.8321,117149,-3.631,0.548
12:51:38.603,2348.8521,117150,-3.641,0.687
12:51:38.609,2348.8721,117151,-3.754,0.705
12:51:38.636,2348.8921,117152,-3.638,0.823
12:51:38.647,2348.9121,117153,-3.661,0.679
12:51:38.663,2348.9321,117154,-3.535,0.586
12:51:38.706,2348.9521,117155,-3.517,0.451
12:51:38.712,2348.9721,117156,-3.609,0.551
12:51:38.722,2348.9921,117157,-3.534,0.663
12:51:38.754,2349.0121,117158,-3.648,0.601
12:51:38.770,2349.0321,117159,-3.557,0.731
12:51:38.786,2349.0521,117160,-3.445,0.781
12:51:38.812,2349.0721,117161,-3.539,0.662
12:51:38.828,2349.0921,117162,-3.465,0.552
12:51:38.844,2349.1121,117163,-3.617,0.473
12:51:38.877,2349.1321,117164,-3.589,0.328
12:51:38.888,2349.1521,117165,-3.694,0.351
12:51:38.904,2349.1721,117166,-3.646,0.487
12:51:38.936,2349.1921,117167,-3.65,0.625
12:51:38.947,2349.2121,117168,-3.778,0.735
12:51:38.963,2349.2321,117169,-3.63,0.642
12:51:38.995,2349.2521,117170,-3.724,0.518
12:51:39.006,2349.2721,117171,-3.629,0.611
12:51:39.022,2349.2921,117172,-3.749,0.496
12:51:39.053,2349.3121,117173,-3.72,0.641
12:51:39.069,2349.3321,117174,-3.561,0.586
12:51:39.086,2349.3521,117175,-3.449,0.707
12:51:39.113,2349.3721,117176,-3.41,0.584
12:51:39.144,2349.3921,117177,-3.557,0.682
12:51:39.145,2349.4121,117178,-3.544,0.539
12:51:39.172,2349.4321,117179,-3.695,0.455
12:51:39.188,2349.4521,117180,-3.589,0.561
12:51:39.204,2349.4721,117181,-3.703,0.541
12:51:39.247,2349.4921,117182,-3.872,0.537
12:51:39.252,2349.5121,117183,-3.798,0.388
12:51:39.295,2349.5321,117184,-3.636,0.405
12:51:39.295,2349.5521,117185,-3.603,0.548
12:51:39.306,2349.5721,117186,-3.575,0.406
12:51:39.322,2349.5935,117187,-3.459,0.486
12:51:39.354,2349.6121,117188,-3.47,0.619
12:51:39.370,2349.6321,117189,-3.581,0.588
12:51:39.397,2349.6521,117190,-3.457,0.612
12:51:39.412,2349.6721,117191,-3.582,0.679
12:51:39.429,2349.6921,117192,-3.563,0.529
12:51:39.460,2349.7121,117193,-3.414,0.613
12:51:39.476,2349.7321,117194,-3.404,0.457
12:51:39.487,2349.7521,117195,-3.39,0.6
12:51:39.502,2349.7721,117196,-3.509,0.671
12:51:39.534,2349.7921,117197,-3.679,0.617
12:51:39.551,2349.8121,117198,-3.499,0.629
12:51:39.566,2349.8321,117199,-3.519,0.774
12:51:39.593,2349.8521,117200,-3.695,0.799
12:51:39.652,2349.8721,117201,-3.623,0.658
12:51:39.657,2349.8921,117202,-3.457,0.636
12:51:39.657,2349.9121,117203,-3.363,0.557
12:51:39.668,2349.9321,117204,-3.504,0.474
12:51:39.684,2349.9521,117205,-3.452,0.618
12:51:39.716,2349.9721,117206,-3.33,0.652
12:51:39.726,2349.9921,117207,-3.227,0.781
12:51:39.758,2350.0121,117208,-3.334,0.72
12:51:39.774,2350.0321,117209,-3.198,0.613
12:51:39.790,2350.0521,117210,-3.349,0.673
12:51:39.806,2350.0721,117211,-3.521,0.649
12:51:39.833,2350.0921,117212,-3.501,0.788
12:51:39.849,2350.1121,117213,-3.479,0.657
12:51:39.881,2350.1321,117214,-3.457,0.524
12:51:39.892,2350.1521,117215,-3.497,0.641
12:51:39.908,2350.1721,117216,-3.449,0.511
12:51:39.924,2350.1921,117217,-3.512,0.623
12:51:39.966,2350.2121,117218,-3.369,0.549
12:51:39.972,2350.2321,117219,-3.535,0.497
12:51:39.999,2350.2521,117220,-3.615,0.611
12:51:40.015,2350.2721,117221,-3.707,0.753
12:51:40.026,2350.2921,117222,-3.566,0.668
12:51:40.042,2350.3121,117223,-3.416,0.575
12:51:40.074,2350.3321,117224,-3.332,0.71
12:51:40.090,2350.3521,117225,-3.407,0.578
12:51:40.117,2350.3721,117226,-3.544,0.679
12:51:40.133,2350.3921,117227,-3.484,0.531
12:51:40.149,2350.4121,117228,-3.641,0.62
12:51:40.181,2350.4321,117229,-3.534,0.663
12:51:40.197,2350.4521,117230,-3.396,0.576
12:51:40.238,2350.4721,117231,-3.301,0.494
12:51:40.239,2350.4921,117232,-3.477,0.522
12:51:40.244,2350.5121,117233,-3.468,0.658
12:51:40.282,2350.5321,117234,-3.589,0.655
12:51:40.287,2350.5521,117235,-3.536,0.516
12:51:40.314,2350.5721,117236,-3.427,0.478
12:51:40.346,2350.5921,117237,-3.513,0.349
12:51:40.347,2350.6121,117238,-3.631,0.347
12:51:40.389,2350.6321,117239,-3.675,0.498
12:51:40.389,2350.6521,117240,-3.568,0.619
12:51:40.405,2350.6721,117241,-3.391,0.585
12:51:40.432,2350.6921,117242,-3.532,0.491
12:51:40.448,2350.7121,117243,-3.457,0.601
12:51:40.497,2350.7321,117244,-3.54,0.694
12:51:40.497,2350.7521,117245,-3.59,0.554
12:51:40.508,2350.7721,117246,-3.65,0.692
12:51:40.524,2350.7921,117247,-3.72,0.581
12:51:40.556,2350.8121,117248,-3.629,0.503
12:51:40.598,2350.8321,117249,-3.564,0.648
12:51:40.598,2350.8521,117250,-3.601,0.512
12:51:40.604,2350.8721,117251,-3.612,0.657
12:51:40.631,2350.8921,117252,-3.51,0.724
12:51:40.646,2350.9121,117253,-3.612,0.777
12:51:40.705,2350.9321,117254,-3.437,0.734
12:51:40.705,2350.9521,117255,-3.595,0.689
12:51:40.705,2350.9721,117256,-3.766,0.637
12:51:40.732,2350.9921,117257,-3.718,0.762
12:51:40.748,2351.0121,117258,-3.578,0.663
12:51:40.764,2351.0321,117259,-3.581,0.519
12:51:40.822,2351.0521,117260,-3.453,0.558
12:51:40.822,2351.0721,117261,-3.569,0.513
12:51:40.828,2351.0921,117262,-3.614,0.667
12:51:40.854,2351.1121,117263,-3.588,0.515
12:51:40.871,2351.1321,117264,-3.473,0.627
12:51:40.887,2351.1521,117265,-3.652,0.62
12:51:40.913,2351.1721,117266,-3.538,0.6
12:51:40.944,2351.1921,117267,-3.637,0.526
12:51:40.944,2351.2121,117268,-3.458,0.515
12:51:40.976,2351.2321,117269,-3.571,0.539
12:51:41.003,2351.2521,117270,-3.445,0.528
12:51:41.003,2351.2721,117271,-3.617,0.532
12:51:41.035,2351.2921,117272,-3.656,0.656
12:51:41.061,2351.3121,117273,-3.572,0.572
12:51:41.067,2351.3321,117274,-3.686,0.588
12:51:41.093,2351.3521,117275,-3.59,0.698
12:51:41.109,2351.3721,117276,-3.529,0.558
12:51:41.125,2351.3921,117277,-3.414,0.496
12:51:41.183,2351.4121,117278,-3.565,0.589
12:51:41.184,2351.4321,117279,-3.441,0.507
12:51:41.189,2351.4521,117280,-3.622,0.472
12:51:41.215,2351.4721,117281,-3.679,0.603
12:51:41.226,2351.4921,117282,-3.57,0.714
12:51:41.242,2351.5121,117283,-3.512,0.837
12:51:41.290,2351.5321,117284,-3.659,0.746
12:51:41.290,2351.5521,117285,-3.559,0.871
12:51:41.306,2351.5721,117286,-3.549,0.734
12:51:41.333,2351.5945,117287,-3.617,0.597
12:51:41.350,2351.6121,117288,-3.7,0.69
12:51:41.366,2351.6321,117289,-3.527,0.651
12:51:41.393,2351.6521,117290,-3.352,0.677
12:51:41.425,2351.6721,117291,-3.403,0.539
12:51:41.425,2351.6921,117292,-3.375,0.678
12:51:41.456,2351.7121,117293,-3.545,0.635
12:51:41.467,2351.7321,117294,-3.472,0.525
12:51:41.483,2351.7521,117295,-3.614,0.628
12:51:41.526,2351.7721,117296,-3.497,0.643
12:51:41.532,2351.7921,117297,-3.606,0.515
12:51:41.543,2351.8121,117298,-3.708,0.463
12:51:41.575,2351.8321,117299,-3.649,0.594
12:51:41.591,2351.8521,117300,-3.787,0.653
12:51:41.607,2351.8721,117301,-3.681,0.714
12:51:41.649,2351.8921,117302,-3.636,0.858
12:51:41.649,2351.9121,117303,-3.564,0.709
12:51:41.666,2351.9321,117304,-3.661,0.622
12:51:41.692,2351.9521,117305,-3.772,0.75
12:51:41.708,2351.9721,117306,-3.598,0.695
12:51:41.724,2351.9921,117307,-3.73,0.808
12:51:41.767,2352.0121,117308,-3.685,0.693
12:51:41.772,2352.0321,117309,-3.643,0.575
12:51:41.783,2352.0521,117310,-3.777,0.674
12:51:41.815,2352.0721,117311,-3.716,0.529
12:51:41.831,2352.0921,117312,-3.577,0.621
12:51:41.857,2352.1121,117313,-3.613,0.48
12:51:41.889,2352.1321,117314,-3.472,0.375
12:51:41.889,2352.1521,117315,-3.373,0.508
12:51:41.905,2352.1721,117316,-3.472,0.568
12:51:41.936,2352.1921,117317,-3.584,0.7
12:51:41.963,2352.2121,117318,-3.544,0.553
12:51:41.963,2352.2321,117319,-3.696,0.573
12:51:42.006,2352.2521,117320,-3.522,0.593
12:51:42.012,2352.2721,117321,-3.433,0.676
12:51:42.023,2352.2921,117322,-3.416,0.539
12:51:42.071,2352.3121,117323,-3.533,0.647
12:51:42.071,2352.3321,117324,-3.567,0.796
12:51:42.082,2352.3521,117325,-3.502,0.685
12:51:42.130,2352.3721,117326,-3.516,0.541
12:51:42.131,2352.3921,117327,-3.691,0.537
12:51:42.146,2352.4121,117328,-3.68,0.678
12:51:42.173,2352.4321,117329,-3.532,0.725
12:51:42.189,2352.4521,117330,-3.636,0.602
12:51:42.205,2352.4721,117331,-3.67,0.468
12:51:42.236,2352.4921,117332,-3.688,0.621
12:51:42.247,2352.5121,117333,-3.817,0.727
12:51:42.279,2352.5321,117334,-3.844,0.587
12:51:42.295,2352.5521,117335,-3.766,0.445
12:51:42.311,2352.5721,117336,-3.815,0.581
12:51:42.327,2352.5921,117337,-3.725,0.496
12:51:42.385,2352.6121,117338,-3.736,0.631
12:51:42.385,2352.6321,117339,-3.872,0.676
12:51:42.385,2352.6521,117340,-3.74,0.774
12:51:42.412,2352.6721,117341,-3.67,0.634
12:51:42.428,2352.6921,117342,-3.617,0.765
12:51:42.444,2352.7121,117343,-3.436,0.724
12:51:42.487,2352.7321,117344,-3.386,0.601
12:51:42.493,2352.7521,117345,-3.56,0.59
12:51:42.504,2352.7721,117346,-3.731,0.551
12:51:42.536,2352.7921,117347,-3.671,0.691
12:51:42.551,2352.8121,117348,-3.547,0.573
12:51:42.562,2352.8321,117349,-3.574,0.704
12:51:42.594,2352.8521,117350,-3.679,0.63
12:51:42.610,2352.8721,117351,-3.544,0.726
12:51:42.626,2352.8921,117352,-3.567,0.578
12:51:42.652,2352.9122,117353,-3.566,0.722
12:51:42.668,2352.9321,117354,-3.726,0.768
12:51:42.717,2352.9521,117355,-3.607,0.65
12:51:42.717,2352.9721,117356,-3.507,0.521
12:51:42.728,2352.9921,117357,-3.542,0.648
12:51:42.743,2353.0121,117358,-3.375,0.626
12:51:42.775,2353.0322,117359,-3.377,0.476
12:51:42.791,2353.0521,117360,-3.545,0.512
12:51:42.802,2353.0721,117361,-3.55,0.661
12:51:42.834,2353.0921,117362,-3.441,0.624
12:51:42.850,2353.1121,117363,-3.566,0.628
12:51:42.866,2353.1321,117364,-3.65,0.498
12:51:42.909,2353.1522,117365,-3.615,0.632
12:51:42.910,2353.1721,117366,-3.47,0.71
12:51:42.925,2353.1921,117367,-3.585,0.665
12:51:42.952,2353.2121,117368,-3.422,0.697
12:51:42.968,2353.2321,117369,-3.59,0.655
12:51:42.984,2353.2521,117370,-3.464,0.579
12:51:43.016,2353.2722,117371,-3.57,0.687
12:51:43.027,2353.2921,117372,-3.651,0.584
12:51:43.076,2353.3121,117373,-3.583,0.435
12:51:43.076,2353.3321,117374,-3.504,0.536
12:51:43.121,2353.3521,117375,-3.431,0.432
12:51:43.121,2353.3721,117376,-3.52,0.549
12:51:43.121,2353.3922,117377,-3.538,0.405
12:51:43.147,2353.4121,117378,-3.553,0.539
12:51:43.178,2353.4321,117379,-3.415,0.52
12:51:43.195,2353.4522,117380,-3.533,0.567
12:51:43.211,2353.4721,117381,-3.664,0.689
12:51:43.223,2353.4921,117382,-3.569,0.552
12:51:43.254,2353.5122,117383,-3.527,0.687
12:51:43.270,2353.5321,117384,-3.346,0.686
12:51:43.287,2353.5521,117385,-3.445,0.617
12:51:43.313,2353.5721,117386,-3.579,0.517
12:51:43.329,2353.5955,117387,-3.53,0.684
12:51:43.346,2353.6121,117388,-3.663,0.629
12:51:43.373,2353.6321,117389,-3.589,0.527
12:51:43.389,2353.6521,117390,-3.489,0.605
12:51:43.436,2353.6721,117391,-3.539,0.465
12:51:43.436,2353.6921,117392,-3.55,0.613
12:51:43.452,2353.7121,117393,-3.669,0.586
12:51:43.463,2353.7321,117394,-3.69,0.441
12:51:43.495,2353.7521,117395,-3.605,0.303
12:51:43.511,2353.7721,117396,-3.469,0.398
12:51:43.538,2353.7921,117397,-3.564,0.482
12:51:43.555,2353.8121,117398,-3.518,0.605
12:51:43.571,2353.8321,117399,-3.672,0.523
12:51:43.582,2353.8521,117400,-3.524,0.605
12:51:43.615,2353.8721,117401,-3.362,0.531
12:51:43.626,2353.8921,117402,-3.381,0.687
12:51:43.658,2353.9121,117403,-3.505,0.803
12:51:43.674,2353.9321,117404,-3.492,0.661
12:51:43.690,2353.9521,117405,-3.409,0.523
12:51:43.706,2353.9721,117406,-3.514,0.415
12:51:43.733,2353.9921,117407,-3.586,0.555
12:51:43.749,2354.0121,117408,-3.439,0.624
12:51:43.777,2354.0321,117409,-3.29,0.715
12:51:43.793,2354.0521,117410,-3.394,0.636
12:51:43.808,2354.0721,117411,-3.505,0.518
12:51:43.824,2354.0921,117412,-3.673,0.576
12:51:43.867,2354.1121,117413,-3.731,0.432
12:51:43.873,2354.1321,117414,-3.62,0.409
12:51:43.899,2354.1521,117415,-3.634,0.548
12:51:43.916,2354.1721,117416,-3.461,0.604
12:51:43.927,2354.1921,117417,-3.536,0.704
12:51:43.943,2354.2121,117418,-3.407,0.757
12:51:43.974,2354.2321,117419,-3.574,0.843
12:51:44.021,2354.2521,117420,-3.466,0.706
12:51:44.021,2354.2721,117421,-3.58,0.72
12:51:44.021,2354.2921,117422,-3.439,0.625
12:51:44.048,2354.3121,117423,-3.338,0.74
12:51:44.064,2354.3321,117424,-3.398,0.596
12:51:44.096,2354.3521,117425,-3.249,0.582
12:51:44.123,2354.3721,117426,-3.398,0.534
12:51:44.123,2354.3921,117427,-3.376,0.687
12:51:44.155,2354.4121,117428,-3.262,0.704
12:51:44.171,2354.4321,117429,-3.419,0.638
12:51:44.187,2354.4521,117430,-3.548,0.685
12:51:44.230,2354.4721,117431,-3.636,0.768
12:51:44.230,2354.4921,117432,-3.55,0.626
12:51:44.273,2354.5121,117433,-3.477,0.504
12:51:44.273,2354.5321,117434,-3.637,0.564
12:51:44.290,2354.5521,117435,-3.515,0.445
12:51:44.305,2354.5721,117436,-3.46,0.571
12:51:44.333,2354.5921,117437,-3.467,0.722
12:51:44.365,2354.6121,117438,-3.579,0.689
12:51:44.376,2354.6321,117439,-3.606,0.836
12:51:44.392,2354.6521,117440,-3.616,0.691
12:51:44.408,2354.6721,117441,-3.728,0.569
12:51:44.424,2354.6921,117442,-3.608,0.522
12:51:44.456,2354.7121,117443,-3.564,0.662
12:51:44.482,2354.7321,117444,-3.669,0.584
12:51:44.488,2354.7521,117445,-3.537,0.528
12:51:44.515,2354.7721,117446,-3.449,0.657
12:51:44.531,2354.7921,117447,-3.629,0.655
12:51:44.542,2354.8121,117448,-3.683,0.51
12:51:44.574,2354.8321,117449,-3.556,0.606
12:51:44.589,2354.8521,117450,-3.372,0.595
12:51:44.606,2354.8721,117451,-3.541,0.539
12:51:44.633,2354.8921,117452,-3.65,0.667
12:51:44.648,2354.9121,117453,-3.739,0.749
12:51:44.664,2354.9321,117454,-3.583,0.716
12:51:44.696,2354.9521,117455,-3.406,0.733
12:51:44.723,2354.9721,117456,-3.582,0.728
12:51:44.728,2354.9921,117457,-3.6,0.582
12:51:44.755,2355.0121,117458,-3.722,0.609
12:51:44.771,2355.0321,117459,-3.595,0.641
12:51:44.798,2355.0521,117460,-3.44,0.717
12:51:44.815,2355.0721,117461,-3.445,0.569
12:51:44.846,2355.0921,117462,-3.601,0.49
12:51:44.846,2355.1121,117463,-3.651,0.62
12:51:44.873,2355.1321,117464,-3.501,0.672
12:51:44.889,2355.1521,117465,-3.555,0.532
12:51:44.905,2355.1721,117466,-3.383,0.475
12:51:44.963,2355.1921,117467,-3.474,0.617
12:51:44.963,2355.2121,117468,-3.422,0.472
12:51:44.968,2355.2321,117469,-3.534,0.582
12:51:45.011,2355.2521,117470,-3.458,0.717
12:51:45.011,2355.2721,117471,-3.364,0.807
12:51:45.022,2355.2921,117472,-3.361,0.653
12:51:45.086,2355.3121,117473,-3.438,0.761
12:51:45.086,2355.3321,117474,-3.545,0.671
12:51:45.086,2355.3521,117475,-3.617,0.534
12:51:45.113,2355.3721,117476,-3.514,0.614
12:51:45.129,2355.3921,117477,-3.412,0.676
12:51:45.145,2355.4121,117478,-3.561,0.596
12:51:45.203,2355.4321,117479,-3.533,0.733
12:51:45.203,2355.4521,117480,-3.643,0.7
12:51:45.209,2355.4721,117481,-3.601,0.844
12:51:45.236,2355.4921,117482,-3.507,0.706
12:51:45.246,2355.5121,117483,-3.435,0.586
12:51:45.262,2355.5321,117484,-3.577,0.495
12:51:45.310,2355.5521,117485,-3.458,0.509
12:51:45.310,2355.5721,117486,-3.57,0.563
12:51:45.337,2355.5965,117487,-3.393,0.673
12:51:45.353,2355.6121,117488,-3.475,0.722
12:51:45.369,2355.6321,117489,-3.558,0.617
12:51:45.386,2355.6521,117490,-3.383,0.64
12:51:45.429,2355.6721,117491,-3.296,0.728
12:51:45.429,2355.6921,117492,-3.4,0.644
12:51:45.445,2355.7121,117493,-3.27,0.738
12:51:45.477,2355.7321,117494,-3.319,0.597
12:51:45.487,2355.7521,117495,-3.479,0.534
12:51:45.503,2355.7721,117496,-3.422,0.665
12:51:45.550,2355.7921,117497,-3.458,0.521
12:51:45.550,2355.8121,117498,-3.547,0.393
12:51:45.577,2355.8321,117499,-3.616,0.547
12:51:45.594,2355.8521,117500,-3.529,0.638
12:51:45.610,2355.8721,117501,-3.667,0.644
12:51:45.637,2355.8921,117502,-3.54,0.682
12:51:45.670,2355.9121,117503,-3.594,0.788
12:51:45.670,2355.9321,117504,-3.561,0.64
12:51:45.686,2355.9521,117505,-3.45,0.594
12:51:45.713,2355.9721,117506,-3.563,0.707
12:51:45.745,2355.9921,117507,-3.686,0.701
12:51:45.746,2356.0121,117508,-3.67,0.548
12:51:45.787,2356.0321,117509,-3.535,0.644
12:51:45.793,2356.0521,117510,-3.358,0.61
12:51:45.804,2356.0721,117511,-3.533,0.598
12:51:45.846,2356.0921,117512,-3.657,0.574
12:51:45.852,2356.1121,117513,-3.544,0.601
12:51:45.863,2356.1321,117514,-3.685,0.515
12:51:45.910,2356.1521,117515,-3.574,0.57
12:51:45.911,2356.1721,117516,-3.437,0.457
12:51:45.926,2356.1921,117517,-3.457,0.603
12:51:45.954,2356.2121,117518,-3.382,0.716
12:51:45.969,2356.2321,117519,-3.477,0.635
12:51:45.986,2356.2521,117520,-3.603,0.62
12:51:46.013,2356.2721,117521,-3.432,0.626
12:51:46.029,2356.2921,117522,-3.609,0.614
12:51:46.045,2356.3121,117523,-3.782,0.575
12:51:46.072,2356.3321,117524,-3.751,0.72
12:51:46.088,2356.3521,117525,-3.584,0.724
12:51:46.104,2356.3721,117526,-3.529,0.608
12:51:46.147,2356.3921,117527,-3.543,0.466
12:51:46.153,2356.4121,117528,-3.556,0.619
12:51:46.164,2356.4321,117529,-3.443,0.582
12:51:46.195,2356.4521,117530,-3.423,0.427
12:51:46.211,2356.4721,117531,-3.372,0.561
12:51:46.222,2356.4921,117532,-3.404,0.706
12:51:46.255,2356.5121,117533,-3.484,0.588
12:51:46.271,2356.5321,117534,-3.448,0.453
12:51:46.287,2356.5521,117535,-3.471,0.598
12:51:46.314,2356.5721,117536,-3.401,0.733
12:51:46.330,2356.5921,117537,-3.461,0.606
12:51:46.347,2356.6121,117538,-3.35,0.581
12:51:46.374,2356.6321,117539,-3.338,0.723
12:51:46.390,2356.6521,117540,-3.444,0.657
12:51:46.406,2356.6721,117541,-3.54,0.735
12:51:46.434,2356.6921,117542,-3.594,0.601
12:51:46.449,2356.7121,117543,-3.744,0.508
12:51:46.465,2356.7321,117544,-3.644,0.629
12:51:46.492,2356.7521,117545,-3.481,0.682
12:51:46.508,2356.7721,117546,-3.607,0.593
12:51:46.524,2356.7921,117547,-3.593,0.441
12:51:46.557,2356.8121,117548,-3.768,0.451
12:51:46.567,2356.8321,117549,-3.8,0.588
12:51:46.584,2356.8521,117550,-3.732,0.469
12:51:46.616,2356.8721,117551,-3.624,0.546
12:51:46.627,2356.8921,117552,-3.49,0.644
12:51:46.643,2356.9121,117553,-3.597,0.772
12:51:46.675,2356.9321,117554,-3.706,0.712
12:51:46.691,2356.9521,117555,-3.601,0.794
12:51:46.702,2356.9721,117556,-3.548,0.649
12:51:46.734,2356.9921,117557,-3.694,0.67
12:51:46.750,2357.0121,117558,-3.593,0.577
12:51:46.767,2357.0321,117559,-3.638,0.438
12:51:46.793,2357.0521,117560,-3.742,0.569
12:51:46.809,2357.0721,117561,-3.631,0.63
12:51:46.852,2357.0921,117562,-3.723,0.697
12:51:46.857,2357.1121,117563,-3.638,0.58
12:51:46.868,2357.1321,117564,-3.652,0.436
12:51:46.884,2357.1521,117565,-3.665,0.59
12:51:46.916,2357.1721,117566,-3.626,0.441
12:51:46.927,2357.1921,117567,-3.475,0.513
12:51:46.975,2357.2121,117568,-3.597,0.534
12:51:46.975,2357.2321,117569,-3.457,0.63
12:51:47.002,2357.2521,117570,-3.335,0.505
12:51:47.008,2357.2721,117571,-3.512,0.532
12:51:47.035,2357.2921,117572,-3.451,0.39
12:51:47.051,2357.3121,117573,-3.414,0.524
12:51:47.093,2357.3321,117574,-3.414,0.662
12:51:47.093,2357.3521,117575,-3.498,0.531
12:51:47.109,2357.3721,117576,-3.332,0.577
12:51:47.125,2357.3921,117577,-3.247,0.708
12:51:47.152,2357.4121,117578,-3.428,0.705
12:51:47.168,2357.4321,117579,-3.431,0.57
12:51:47.199,2357.4521,117580,-3.597,0.536
12:51:47.215,2357.4721,117581,-3.438,0.46
12:51:47.231,2357.4921,117582,-3.597,0.545
12:51:47.242,2357.5121,117583,-3.426,0.583
12:51:47.302,2357.5321,117584,-3.373,0.464
12:51:47.307,2357.5521,117585,-3.475,0.579
12:51:47.307,2357.5721,117586,-3.627,0.582
12:51:47.334,2357.5921,117587,-3.469,0.606
12:51:47.350,2357.6121,117588,-3.652,0.616
12:51:47.366,2357.6321,117589,-3.564,0.711
12:51:47.393,2357.6521,117590,-3.683,0.836
12:51:47.436,2357.6721,117591,-3.718,0.702
12:51:47.442,2357.6921,117592,-3.586,0.603
12:51:47.442,2357.7121,117593,-3.497,0.466
12:51:47.468,2357.7321,117594,-3.679,0.514
12:51:47.485,2357.7521,117595,-3.579,0.594
12:51:47.527,2357.7721,117596,-3.52,0.708
12:51:47.532,2357.7921,117597,-3.371,0.784
12:51:47.559,2357.8121,117598,-3.531,0.752
12:51:47.575,2357.8321,117599,-3.45,0.852
12:51:47.586,2357.8521,117600,-3.508,0.726
12:51:47.603,2357.8721,117601,-3.636,0.635
12:51:47.635,2357.8921,117602,-3.632,0.776
12:51:47.651,2357.9121,117603,-3.528,0.716
12:51:47.678,2357.9321,117604,-3.637,0.653
12:51:47.694,2357.9521,117605,-3.733,0.715
12:51:47.710,2357.9721,117606,-3.585,0.626
12:51:47.726,2357.9921,117607,-3.497,0.715
12:51:47.753,2358.0121,117608,-3.467,0.573
12:51:47.817,2358.0321,117609,-3.535,0.689
12:51:47.828,2358.0521,117610,-3.477,0.58
12:51:47.828,2358.0721,117611,-3.585,0.656
12:51:47.834,2358.0921,117612,-3.764,0.658
12:51:47.844,2358.1121,117613,-3.596,0.63
12:51:47.876,2358.1321,117614,-3.44,0.555
12:51:47.934,2358.1521,117615,-3.428,0.7
12:51:47.934,2358.1721,117616,-3.562,0.604
12:51:47.934,2358.1921,117617,-3.596,0.463
12:51:47.950,2358.2121,117618,-3.562,0.313
12:51:47.966,2358.2321,117619,-3.573,0.45
12:51:47.993,2358.2521,117620,-3.456,0.565
12:51:48.040,2358.2721,117621,-3.566,0.592
12:51:48.040,2358.2921,117622,-3.539,0.46
12:51:48.040,2358.3121,117623,-3.535,0.321
12:51:48.071,2358.3321,117624,-3.478,0.469
12:51:48.087,2358.3521,117625,-3.599,0.585
12:51:48.113,2358.3721,117626,-3.518,0.707
12:51:48.156,2358.3921,117627,-3.523,0.557
12:51:48.162,2358.4121,117628,-3.692,0.575
12:51:48.162,2358.4321,117629,-3.577,0.699
12:51:48.188,2358.4521,117630,-3.433,0.604
12:51:48.205,2358.4721,117631,-3.537,0.651
12:51:48.237,2358.4921,117632,-3.404,0.694
12:51:48.263,2358.5121,117633,-3.393,0.565
12:51:48.263,2358.5321,117634,-3.548,0.589
12:51:48.295,2358.5521,117635,-3.593,0.713
12:51:48.306,2358.5721,117636,-3.46,0.731
12:51:48.323,2358.5921,117637,-3.598,0.703
12:51:48.355,2358.6121,117638,-3.676,0.596
12:51:48.386,2358.6321,117639,-3.504,0.548
12:51:48.386,2358.6521,117640,-3.666,0.598
12:51:48.412,2358.6721,117641,-3.561,0.556
12:51:48.428,2358.6921,117642,-3.454,0.422
12:51:48.444,2358.7121,117643,-3.334,0.536
12:51:48.476,2358.7321,117644,-3.314,0.683
12:51:48.503,2358.7521,117645,-3.43,0.572
12:51:48.503,2358.7721,117646,-3.342,0.682
12:51:48.534,2358.7921,117647,-3.424,0.549
12:51:48.550,2358.8121,117648,-3.391,0.691
12:51:48.566,2358.8321,117649,-3.397,0.542
12:51:48.593,2358.8521,117650,-3.32,0.452
12:51:48.624,2358.8721,117651,-3.29,0.605
12:51:48.624,2358.8921,117652,-3.439,0.701
12:51:48.656,2358.9121,117653,-3.439,0.842
12:51:48.667,2358.9321,117654,-3.431,0.699
12:51:48.683,2358.9521,117655,-3.445,0.558
12:51:48.746,2358.9721,117656,-3.384,0.682
12:51:48.746,2358.9921,117657,-3.452,0.548
12:51:48.746,2359.0121,117658,-3.516,0.652
12:51:48.772,2359.0321,117659,-3.517,0.51
12:51:48.789,2359.0521,117660,-3.62,0.389
12:51:48.804,2359.0721,117661,-3.562,0.512
12:51:48.863,2359.0921,117662,-3.663,0.389
12:51:48.863,2359.1121,117663,-3.684,0.542
12:51:48.868,2359.1321,117664,-3.513,0.565
12:51:48.895,2359.1521,117665,-3.338,0.51
12:51:48.906,2359.1721,117666,-3.487,0.462
12:51:48.923,2359.1921,117667,-3.507,0.608
12:51:48.971,2359.2121,117668,-3.687,0.604
12:51:48.971,2359.2321,117669,-3.566,0.663
12:51:48.982,2359.2521,117670,-3.604,0.522
12:51:49.015,2359.2721,117671,-3.431,0.573
12:51:49.031,2359.2921,117672,-3.516,0.662
12:51:49.042,2359.3121,117673,-3.374,0.754
12:51:49.106,2359.3321,117674,-3.485,0.638
12:51:49.106,2359.3521,117675,-3.549,0.517
12:51:49.106,2359.3721,117676,-3.584,0.645
12:51:49.133,2359.3921,117677,-3.473,0.583
12:51:49.149,2359.4121,117678,-3.369,0.444
12:51:49.165,2359.4321,117679,-3.458,0.575
12:51:49.208,2359.4521,117680,-3.621,0.535
12:51:49.208,2359.4721,117681,-3.524,0.456
12:51:49.224,2359.4921,117682,-3.634,0.591
12:51:49.256,2359.5121,117683,-3.461,0.568
12:51:49.267,2359.5321,117684,-3.626,0.543
12:51:49.283,2359.5521,117685,-3.811,0.543
12:51:49.331,2359.5721,117686,-3.962,0.517
12:51:49.331,2359.5921,117687,-3.835,0.591
12:51:49.347,2359.6121,117688,-3.702,0.65
12:51:49.374,2359.6321,117689,-3.631,0.515
12:51:49.391,2359.6521,117690,-3.458,0.505
12:51:49.407,2359.6721,117691,-3.628,0.553
12:51:49.449,2359.6921,117692,-3.574,0.436
12:51:49.449,2359.7121,117693,-3.621,0.591
12:51:49.466,2359.7321,117694,-3.743,0.591
12:51:49.492,2359.7521,117695,-3.566,0.564
12:51:49.508,2359.7721,117696,-3.547,0.705
12:51:49.524,2359.7921,117697,-3.555,0.557
12:51:49.572,2359.8121,117698,-3.619,0.668
12:51:49.572,2359.8321,117699,-3.529,0.793
12:51:49.582,2359.8521,117700,-3.55,0.65
12:51:49.614,2359.8721,117701,-3.442,0.522
12:51:49.630,2359.8921,117702,-3.583,0.626
12:51:49.647,2359.9121,117703,-3.469,0.502
12:51:49.689,2359.9321,117704,-3.493,0.636
12:51:49.689,2359.9521,117705,-3.666,0.632
12:51:49.705,2359.9721,117706,-3.571,0.568
12:51:49.737,2359.9921,117707,-3.631,0.686
12:51:49.747,2360.0121,117708,-3.625,0.545
12:51:49.764,2360.0321,117709,-3.776,0.629
12:51:49.822,2360.0521,117710,-3.657,0.624
12:51:49.827,2360.0721,117711,-3.727,0.514
12:51:49.827,2360.0921,117712,-3.555,0.551
12:51:49.853,2360.1121,117713,-3.646,0.467
12:51:49.870,2360.1321,117714,-3.611,0.611
12:51:49.886,2360.1521,117715,-3.451,0.547
12:51:49.929,2360.1721,117716,-3.493,0.668
12:51:49.929,2360.1921,117717,-3.369,0.675
12:51:49.945,2360.2121,117718,-3.233,0.678
12:51:49.972,2360.2321,117719,-3.35,0.637
12:51:49.988,2360.2521,117720,-3.524,0.688
12:51:50.047,2360.2721,117721,-3.569,0.842
12:51:50.052,2360.2921,117722,-3.607,0.697
12:51:50.052,2360.3121,117723,-3.493,0.678
12:51:50.063,2360.3321,117724,-3.596,0.808
12:51:50.095,2360.3521,117725,-3.503,0.721
12:51:50.122,2360.3721,117726,-3.543,0.576
12:51:50.127,2360.3921,117727,-3.506,0.428
12:51:50.154,2360.4121,117728,-3.573,0.531
12:51:50.170,2360.4321,117729,-3.491,0.44
12:51:50.186,2360.4521,117730,-3.589,0.497
12:51:50.229,2360.4721,117731,-3.75,0.564
12:51:50.229,2360.4921,117732,-3.596,0.634
12:51:50.245,2360.5121,117733,-3.567,0.487
12:51:50.272,2360.5321,117734,-3.509,0.617
12:51:50.288,2360.5521,117735,-3.337,0.569
12:51:50.305,2360.5721,117736,-3.48,0.59
12:51:50.336,2360.5921,117737,-3.418,0.714
12:51:50.347,2360.6121,117738,-3.521,0.647
12:51:50.363,2360.6321,117739,-3.42,0.532
12:51:50.395,2360.6521,117740,-3.599,0.545
12:51:50.410,2360.6721,117741,-3.588,0.69
12:51:50.437,2360.6921,117742,-3.67,0.552
12:51:50.468,2360.7121,117743,-3.49,0.529
12:51:50.469,2360.7321,117744,-3.536,0.392
12:51:50.484,2360.7521,117745,-3.702,0.447
12:51:50.512,2360.7721,117746,-3.582,0.556
12:51:50.544,2360.7921,117747,-3.5,0.65
12:51:50.544,2360.8121,117748,-3.609,0.53
12:51:50.576,2360.8321,117749,-3.52,0.653
12:51:50.587,2360.8521,117750,-3.62,0.725
12:51:50.651,2360.8721,117751,-3.623,0.579
12:51:50.651,2360.8921,117752,-3.714,0.662
12:51:50.651,2360.9121,117753,-3.811,0.593
12:51:50.667,2360.9321,117754,-3.63,0.597
12:51:50.693,2360.9521,117755,-3.499,0.693
12:51:50.710,2360.9721,117756,-3.487,0.56
12:51:50.752,2360.9921,117757,-3.526,0.421
12:51:50.757,2361.0121,117758,-3.464,0.556
12:51:50.768,2361.0321,117759,-3.462,0.7
12:51:50.784,2361.0521,117760,-3.473,0.557
12:51:50.816,2361.0721,117761,-3.33,0.56
12:51:50.827,2361.0921,117762,-3.461,0.647
12:51:50.875,2361.1121,117763,-3.564,0.546
12:51:50.875,2361.1321,117764,-3.676,0.515
12:51:50.891,2361.1521,117765,-3.575,0.452
12:51:50.907,2361.1721,117766,-3.486,0.575
12:51:50.934,2361.1921,117767,-3.612,0.46
12:51:50.992,2361.2121,117768,-3.645,0.588
12:51:50.997,2361.2321,117769,-3.527,0.633
12:51:50.998,2361.2521,117770,-3.642,0.589
12:51:51.009,2361.2722,117771,-3.477,0.629
12:51:51.025,2361.2921,117772,-3.347,0.532
12:51:51.069,2361.3121,117773,-3.49,0.573
12:51:51.069,2361.3321,117774,-3.401,0.69
12:51:51.101,2361.3521,117775,-3.502,0.616
12:51:51.117,2361.3721,117776,-3.384,0.602
12:51:51.127,2361.3921,117777,-3.499,0.695
12:51:51.144,2361.4121,117778,-3.526,0.555
12:51:51.176,2361.4321,117779,-3.399,0.575
12:51:51.186,2361.4521,117780,-3.546,0.658
12:51:51.218,2361.4721,117781,-3.601,0.517
12:51:51.234,2361.4921,117782,-3.598,0.658
12:51:51.250,2361.5121,117783,-3.443,0.726
12:51:51.277,2361.5321,117784,-3.562,0.62
12:51:51.293,2361.5521,117785,-3.398,0.546
12:51:51.309,2361.5721,117786,-3.567,0.59
12:51:51.340,2361.5921,117787,-3.461,0.686
12:51:51.357,2361.6121,117788,-3.416,0.548
12:51:51.367,2361.6321,117789,-3.514,0.681
12:51:51.383,2361.6521,117790,-3.371,0.773
12:51:51.415,2361.6721,117791,-3.426,0.635
12:51:51.432,2361.6921,117792,-3.392,0.507
12:51:51.459,2361.7121,117793,-3.452,0.642
12:51:51.491,2361.7321,117794,-3.35,0.557
12:51:51.491,2361.7521,117795,-3.462,0.572
12:51:51.507,2361.7721,117796,-3.546,0.665
12:51:51.534,2361.7921,117797,-3.432,0.57
12:51:51.592,2361.8121,117798,-3.549,0.474
12:51:51.598,2361.8321,117799,-3.552,0.63
12:51:51.598,2361.8521,117800,-3.508,0.503
12:51:51.609,2361.8722,117801,-3.407,0.624
12:51:51.625,2361.8921,117802,-3.587,0.629
12:51:51.657,2361.9121,117803,-3.43,0.577
12:51:51.700,2361.9321,117804,-3.505,0.675
12:51:51.700,2361.9521,117805,-3.543,0.533
12:51:51.700,2361.9721,117806,-3.491,0.675
12:51:51.731,2361.9921,117807,-3.49,0.532
12:51:51.758,2362.0121,117808,-3.511,0.387
12:51:51.774,2362.0321,117809,-3.395,0.494
12:51:51.790,2362.0521,117810,-3.41,0.642
12:51:51.817,2362.0721,117811,-3.555,0.572
12:51:51.833,2362.0921,117812,-3.453,0.696
12:51:51.849,2362.1121,117813,-3.393,0.591
12:51:51.865,2362.1321,117814,-3.285,0.538
12:51:51.938,2362.1521,117815,-3.391,0.556
12:51:51.938,2362.1721,117816,-3.556,0.594
12:51:51.944,2362.1921,117817,-3.468,0.722
12:51:51.944,2362.2121,117818,-3.518,0.59
12:51:51.970,2362.2321,117819,-3.496,0.734
12:51:51.986,2362.2521,117820,-3.569,0.6
12:51:52.013,2362.2721,117821,-3.746,0.615
12:51:52.046,2362.2921,117822,-3.584,0.558
12:51:52.046,2362.3121,117823,-3.535,0.696
12:51:52.073,2362.3321,117824,-3.513,0.54
12:51:52.089,2362.3521,117825,-3.393,0.433
12:51:52.120,2362.3721,117826,-3.544,0.517
12:51:52.136,2362.3921,117827,-3.704,0.564
12:51:52.162,2362.4121,117828,-3.586,0.608
12:51:52.168,2362.4321,117829,-3.751,0.559
12:51:52.195,2362.4521,117830,-3.63,0.562
12:51:52.226,2362.4721,117831,-3.649,0.695
12:51:52.226,2362.4921,117832,-3.545,0.562
12:51:52.252,2362.5121,117833,-3.651,0.485
12:51:52.285,2362.5321,117834,-3.646,0.623
12:51:52.285,2362.5521,117835,-3.485,0.546
12:51:52.328,2362.5721,117836,-3.546,0.695
12:51:52.333,2362.5921,117837,-3.719,0.719
12:51:52.344,2362.6121,117838,-3.632,0.637
12:51:52.377,2362.6321,117839,-3.741,0.521
12:51:52.403,2362.6521,117840,-3.563,0.524
12:51:52.403,2362.6721,117841,-3.461,0.646
12:51:52.435,2362.6921,117842,-3.542,0.743
12:51:52.447,2362.7121,117843,-3.395,0.809
12:51:52.463,2362.7321,117844,-3.481,0.707
12:51:52.527,2362.7521,117845,-3.575,0.579
12:51:52.527,2362.7721,117846,-3.552,0.718
12:51:52.527,2362.7921,117847,-3.438,0.663
12:51:52.554,2362.8121,117848,-3.293,0.572
12:51:52.586,2362.8321,117849,-3.408,0.699
12:51:52.586,2362.8521,117850,-3.356,0.552
12:51:52.644,2362.8721,117851,-3.443,0.692
12:51:52.644,2362.8921,117852,-3.538,0.557
12:51:52.644,2362.9121,117853,-3.524,0.421
12:51:52.676,2362.9321,117854,-3.442,0.548
12:51:52.687,2362.9521,117855,-3.613,0.501
12:51:52.703,2362.9721,117856,-3.732,0.454
12:51:52.766,2362.9921,117857,-3.715,0.597
12:51:52.766,2363.0121,117858,-3.69,0.453
12:51:52.766,2363.0321,117859,-3.552,0.5
12:51:52.793,2363.0521,117860,-3.662,0.534
12:51:52.809,2363.0721,117861,-3.52,0.618
12:51:52.840,2363.0921,117862,-3.497,0.472
12:51:52.882,2363.1121,117863,-3.604,0.541
12:51:52.888,2363.1321,117864,-3.5,0.662
12:51:52.888,2363.1521,117865,-3.463,0.795
12:51:52.915,2363.1721,117866,-3.558,0.693
12:51:52.932,2363.1921,117867,-3.427,0.668
12:51:52.943,2363.2121,117868,-3.5,0.555
12:51:53.006,2363.2321,117869,-3.594,0.622
12:51:53.006,2363.2521,117870,-3.58,0.479
12:51:53.006,2363.2721,117871,-3.441,0.385
12:51:53.033,2363.2921,117872,-3.429,0.53
12:51:53.049,2363.3121,117873,-3.551,0.417
12:51:53.065,2363.3321,117874,-3.612,0.558
12:51:53.107,2363.3521,117875,-3.766,0.501
12:51:53.112,2363.3721,117876,-3.598,0.543
12:51:53.123,2363.3921,117877,-3.71,0.425
12:51:53.155,2363.4121,117878,-3.583,0.425
12:51:53.171,2363.4321,117879,-3.567,0.572
12:51:53.186,2363.4521,117880,-3.729,0.656
12:51:53.229,2363.4721,117881,-3.568,0.596
12:51:53.229,2363.4921,117882,-3.661,0.513
12:51:53.245,2363.5121,117883,-3.581,0.425
12:51:53.272,2363.5321,117884,-3.478,0.537
12:51:53.289,2363.5521,117885,-3.455,0.682
12:51:53.305,2363.5721,117886,-3.585,0.662
12:51:53.348,2363.5921,117887,-3.577,0.524
12:51:53.353,2363.6121,117888,-3.447,0.567
12:51:53.364,2363.6321,117889,-3.598,0.517
12:51:53.396,2363.6521,117890,-3.596,0.664
12:51:53.407,2363.6721,117891,-3.561,0.803
12:51:53.422,2363.6921,117892,-3.503,0.676
12:51:53.470,2363.7121,117893,-3.661,0.618
12:51:53.470,2363.7321,117894,-3.633,0.464
12:51:53.486,2363.7521,117895,-3.782,0.548
12:51:53.512,2363.7721,117896,-3.757,0.693
12:51:53.528,2363.7921,117897,-3.609,0.601
12:51:53.591,2363.8121,117898,-3.677,0.741
12:51:53.591,2363.8321,117899,-3.744,0.603
12:51:53.591,2363.8521,117900,-3.748,0.745
12:51:53.602,2363.8721,117901,-3.6,0.658
12:51:53.634,2363.8921,117902,-3.751,0.603
12:51:53.662,2363.9121,117903,-3.819,0.707
12:51:53.667,2363.9321,117904,-3.677,0.619
12:51:53.710,2363.9521,117905,-3.835,0.697
12:51:53.710,2363.9721,117906,-3.66,0.671
12:51:53.726,2363.9921,117907,-3.545,0.722
12:51:53.768,2364.0121,117908,-3.52,0.569
12:51:53.768,2364.0321,117909,-3.639,0.573
12:51:53.783,2364.0521,117910,-3.526,0.446
12:51:53.831,2364.0721,117911,-3.552,0.597
12:51:53.831,2364.0921,117912,-3.678,0.492
12:51:53.847,2364.1121,117913,-3.62,0.63
12:51:53.873,2364.1321,117914,-3.647,0.49
12:51:53.889,2364.1521,117915,-3.739,0.627
12:51:53.905,2364.1721,117916,-3.732,0.771
12:51:53.937,2364.1921,117917,-3.738,0.637
12:51:53.948,2364.2121,117918,-3.865,0.631
12:51:53.980,2364.2321,117919,-3.727,0.715
12:51:53.997,2364.2521,117920,-3.642,0.625
12:51:54.023,2364.2721,117921,-3.813,0.673
12:51:54.023,2364.2921,117922,-3.656,0.743
12:51:54.055,2364.3121,117923,-3.814,0.715
12:51:54.071,2364.3321,117924,-3.687,0.827
12:51:54.082,2364.3521,117925,-3.565,0.708
12:51:54.113,2364.3721,117926,-3.551,0.57
12:51:54.129,2364.3921,117927,-3.729,0.545
12:51:54.145,2364.4121,117928,-3.607,0.656
12:51:54.177,2364.4321,117929,-3.712,0.707
12:51:54.188,2364.4521,117930,-3.596,0.602
12:51:54.205,2364.4721,117931,-3.416,0.614
12:51:54.236,2364.4921,117932,-3.301,0.72
12:51:54.247,2364.5121,117933,-3.475,0.691
12:51:54.296,2364.5321,117934,-3.616,0.612
12:51:54.296,2364.5521,117935,-3.461,0.536
12:51:54.307,2364.5721,117936,-3.521,0.392
12:51:54.323,2364.5921,117937,-3.582,0.531
12:51:54.355,2364.6121,117938,-3.657,0.417
12:51:54.382,2364.6321,117939,-3.626,0.561
12:51:54.387,2364.6521,117940,-3.544,0.667
12:51:54.413,2364.6721,117941,-3.459,0.524
12:51:54.429,2364.6921,117942,-3.564,0.648
12:51:54.446,2364.7121,117943,-3.481,0.782
12:51:54.488,2364.7321,117944,-3.647,0.745
12:51:54.488,2364.7521,117945,-3.764,0.732
12:51:54.536,2364.7721,117946,-3.606,0.658
12:51:54.536,2364.7921,117947,-3.489,0.546
12:51:54.552,2364.8121,117948,-3.616,0.441
12:51:54.563,2364.8321,117949,-3.564,0.562
12:51:54.595,2364.8521,117950,-3.667,0.443
12:51:54.611,2364.8721,117951,-3.552,0.335
12:51:54.653,2364.8921,117952,-3.516,0.473
12:51:54.653,2364.9121,117953,-3.687,0.434
12:51:54.669,2364.9321,117954,-3.669,0.575
12:51:54.685,2364.9521,117955,-3.705,0.437
12:51:54.713,2364.9721,117956,-3.581,0.552
12:51:54.729,2364.9921,117957,-3.473,0.664
12:51:54.777,2365.0121,117958,-3.595,0.569
12:51:54.777,2365.0321,117959,-3.496,0.424
12:51:54.804,2365.0521,117960,-3.54,0.564
12:51:54.804,2365.0721,117961,-3.652,0.688
12:51:54.836,2365.0921,117962,-3.733,0.586
12:51:54.847,2365.1121,117963,-3.574,0.53
12:51:54.879,2365.1321,117964,-3.522,0.649
12:51:54.911,2365.1521,117965,-3.622,0.549
12:51:54.911,2365.1721,117966,-3.753,0.624
12:51:54.926,2365.1921,117967,-3.638,0.59
12:51:54.952,2365.2121,117968,-3.812,0.585
12:51:54.969,2365.2321,117969,-3.658,0.496
12:51:55.000,2365.2521,117970,-3.639,0.348
12:51:55.016,2365.2721,117971,-3.508,0.411
12:51:55.027,2365.2921,117972,-3.367,0.502
12:51:55.042,2365.3121,117973,-3.472,0.564
12:51:55.074,2365.3321,117974,-3.557,0.65
12:51:55.091,2365.3521,117975,-3.591,0.506
12:51:55.118,2365.3721,117976,-3.536,0.65
12:51:55.134,2365.3921,117977,-3.441,0.554
12:51:55.150,2365.4121,117978,-3.611,0.597
12:51:55.165,2365.4321,117979,-3.464,0.68
12:51:55.197,2365.4521,117980,-3.561,0.556
12:51:55.240,2365.4721,117981,-3.619,0.412
12:51:55.240,2365.4921,117982,-3.576,0.265
12:51:55.240,2365.5121,117983,-3.552,0.407
12:51:55.267,2365.5321,117984,-3.737,0.394
12:51:55.283,2365.5521,117985,-3.699,0.529
12:51:55.331,2365.5721,117986,-3.787,0.67
12:51:55.331,2365.5921,117987,-3.656,0.697
12:51:55.358,2365.6121,117988,-3.636,0.564
12:51:55.374,2365.6321,117989,-3.557,0.699
12:51:55.390,2365.6521,117990,-3.675,0.58
12:51:55.406,2365.6721,117991,-3.562,0.536
12:51:55.433,2365.6921,117992,-3.665,0.656
12:51:55.481,2365.7121,117993,-3.652,0.5
12:51:55.481,2365.7321,117994,-3.542,0.619
12:51:55.481,2365.7521,117995,-3.59,0.493
12:51:55.507,2365.7721,117996,-3.741,0.515
12:51:55.539,2365.7921,117997,-3.621,0.462
12:51:55.555,2365.8121,117998,-3.623,0.608
12:51:55.597,2365.8321,117999,-3.481,0.52
12:51:55.602,2365.8521,118000,-3.589,0.641
12:51:55.602,2365.8721,118001,-3.74,0.733
12:51:55.629,2365.8921,118002,-3.708,0.597
12:51:55.645,2365.9121,118003,-3.752,0.753
12:51:55.676,2365.9321,118004,-3.722,0.603
12:51:55.718,2365.9521,118005,-3.58,0.509
12:51:55.718,2365.9721,118006,-3.484,0.631
12:51:55.724,2365.9921,118007,-3.603,0.633
12:51:55.750,2366.0121,118008,-3.656,0.507
12:51:55.766,2366.0321,118009,-3.575,0.638
12:51:55.793,2366.0521,118010,-3.664,0.511
12:51:55.824,2366.0721,118011,-3.644,0.652
12:51:55.824,2366.0921,118012,-3.548,0.513
12:51:55.856,2366.1121,118013,-3.528,0.653
12:51:55.868,2366.1321,118014,-3.366,0.684
12:51:55.884,2366.1521,118015,-3.484,0.622
12:51:55.916,2366.1721,118016,-3.628,0.533
12:51:55.942,2366.1921,118017,-3.674,0.681
12:51:55.947,2366.2121,118018,-3.774,0.609
12:51:55.975,2366.2321,118019,-3.734,0.75
12:51:55.990,2366.2521,118020,-3.56,0.781
12:51:56.006,2366.2721,118021,-3.482,0.668
12:51:56.033,2366.2921,118022,-3.582,0.581
12:51:56.066,2366.3121,118023,-3.496,0.446
12:51:56.066,2366.3321,118024,-3.492,0.593
12:51:56.093,2366.3521,118025,-3.499,0.449
12:51:56.125,2366.3721,118026,-3.488,0.595
12:51:56.126,2366.3921,118027,-3.452,0.447
12:51:56.152,2366.4121,118028,-3.585,0.347
12:51:56.168,2366.4321,118029,-3.566,0.49
12:51:56.200,2366.4521,118030,-3.474,0.622
12:51:56.216,2366.4721,118031,-3.585,0.536
12:51:56.227,2366.4921,118032,-3.442,0.564
12:51:56.244,2366.5121,118033,-3.559,0.629
12:51:56.307,2366.5321,118034,-3.734,0.659
12:51:56.307,2366.5521,118035,-3.822,0.522
12:51:56.307,2366.5721,118036,-3.7,0.521
12:51:56.334,2366.5921,118037,-3.82,0.62
12:51:56.350,2366.6121,118038,-3.966,0.748
12:51:56.382,2366.6321,118039,-3.82,0.635
12:51:56.424,2366.6521,118040,-3.651,0.625
12:51:56.425,2366.6721,118041,-3.51,0.528
12:51:56.425,2366.6921,118042,-3.48,0.674
12:51:56.457,2366.7121,118043,-3.63,0.692
12:51:56.484,2366.7321,118044,-3.456,0.694
12:51:56.484,2366.7521,118045,-3.599,0.796
12:51:56.547,2366.7721,118046,-3.683,0.664
12:51:56.547,2366.7921,118047,-3.644,0.537
12:51:56.547,2366.8121,118048,-3.682,0.681
12:51:56.590,2366.8321,118049,-3.541,0.593
12:51:56.590,2366.8521,118050,-3.442,0.718
12:51:56.606,2366.8721,118051,-3.62,0.684
12:51:56.666,2366.8921,118052,-3.638,0.539
12:51:56.666,2366.9121,118053,-3.668,0.689
12:51:56.666,2366.9321,118054,-3.669,0.837
12:51:56.692,2366.9521,118055,-3.478,0.807
12:51:56.708,2366.9721,118056,-3.511,0.64
12:51:56.724,2366.9921,118057,-3.346,0.625
12:51:56.767,2367.0121,118058,-3.541,0.64
12:51:56.772,2367.0321,118059,-3.721,0.582
12:51:56.799,2367.0521,118060,-3.559,0.616
12:51:56.815,2367.0721,118061,-3.69,0.511
12:51:56.831,2367.0921,118062,-3.605,0.645
12:51:56.842,2367.1121,118063,-3.579,0.778
12:51:56.890,2367.1321,118064,-3.669,0.662
12:51:56.890,2367.1521,118065,-3.526,0.753
12:51:56.906,2367.1721,118066,-3.359,0.744
12:51:56.933,2367.1921,118067,-3.484,0.64
12:51:56.949,2367.2121,118068,-3.643,0.58
12:51:56.966,2367.2321,118069,-3.743,0.517
12:51:56.992,2367.2521,118070,-3.794,0.667
12:51:57.009,2367.2721,118071,-3.681,0.775
12:51:57.025,2367.2921,118072,-3.518,0.815
12:51:57.057,2367.3121,118073,-3.605,0.684
12:51:57.068,2367.3321,118074,-3.737,0.667
12:51:57.085,2367.3521,118075,-3.823,0.808
12:51:57.127,2367.3721,118076,-3.844,0.668
12:51:57.132,2367.3921,118077,-3.726,0.671
12:51:57.144,2367.4121,118078,-3.568,0.742
12:51:57.175,2367.4321,118079,-3.619,0.614
12:51:57.187,2367.4521,118080,-3.697,0.477
12:51:57.203,2367.4721,118081,-3.549,0.506
12:51:57.250,2367.4921,118082,-3.705,0.593
12:51:57.250,2367.5121,118083,-3.582,0.52
12:51:57.266,2367.5321,118084,-3.747,0.494
12:51:57.308,2367.5521,118085,-3.641,0.562
12:51:57.308,2367.5721,118086,-3.505,0.458
12:51:57.324,2367.5921,118087,-3.584,0.556
12:51:57.356,2367.6121,118088,-3.459,0.651
12:51:57.367,2367.6321,118089,-3.554,0.57
12:51:57.383,2367.6521,118090,-3.631,0.463
12:51:57.415,2367.6721,118091,-3.595,0.603
12:51:57.432,2367.6921,118092,-3.446,0.663
12:51:57.443,2367.7121,118093,-3.32,0.607
12:51:57.490,2367.7321,118094,-3.49,0.609
12:51:57.490,2367.7521,118095,-3.655,0.554
12:51:57.522,2367.7721,118096,-3.489,0.509
12:51:57.533,2367.7921,118097,-3.55,0.659
12:51:57.548,2367.8121,118098,-3.628,0.545
12:51:57.564,2367.8321,118099,-3.52,0.66
12:51:57.623,2367.8521,118100,-3.34,0.666
12:51:57.623,2367.8721,118101,-3.311,0.513
12:51:57.628,2367.8921,118102,-3.392,0.659
12:51:57.655,2367.9121,118103,-3.566,0.62
12:51:57.672,2367.9321,118104,-3.454,0.722
12:51:57.683,2367.9521,118105,-3.397,0.579
12:51:57.714,2367.9721,118106,-3.488,0.459
12:51:57.730,2367.9921,118107,-3.498,0.609
12:51:57.746,2368.0121,118108,-3.325,0.623
12:51:57.777,2368.0321,118109,-3.418,0.541
12:51:57.788,2368.0521,118110,-3.32,0.674
12:51:57.804,2368.0721,118111,-3.439,0.561
12:51:57.835,2368.0921,118112,-3.608,0.624
12:51:57.851,2368.1121,118113,-3.568,0.496
12:51:57.867,2368.1321,118114,-3.526,0.371
12:51:57.894,2368.1521,118115,-3.522,0.509
12:51:57.911,2368.1721,118116,-3.462,0.652
12:51:57.953,2368.1921,118117,-3.472,0.509
12:51:57.958,2368.2121,118118,-3.398,0.617
12:51:57.969,2368.2321,118119,-3.445,0.485
12:51:57.985,2368.2521,118120,-3.356,0.6
12:51:58.016,2368.2721,118121,-3.39,0.757
12:51:58.027,2368.2921,118122,-3.527,0.661
12:51:58.043,2368.3121,118123,-3.476,0.809
12:51:58.076,2368.3321,118124,-3.397,0.672
12:51:58.102,2368.3521,118125,-3.496,0.548
12:51:58.108,2368.3721,118126,-3.347,0.631
12:51:58.151,2368.3921,118127,-3.499,0.553
12:51:58.151,2368.4121,118128,-3.392,0.504
12:51:58.193,2368.4321,118129,-3.469,0.398
12:51:58.193,2368.4521,118130,-3.512,0.229
12:51:58.210,2368.4721,118131,-3.472,0.342
12:51:58.226,2368.4921,118132,-3.422,0.47
12:51:58.252,2368.5121,118133,-3.534,0.376
12:51:58.268,2368.5321,118134,-3.455,0.488
12:51:58.315,2368.5521,118135,-3.592,0.586
12:51:58.315,2368.5721,118136,-3.565,0.728
12:51:58.331,2368.5921,118137,-3.405,0.662
12:51:58.342,2368.6121,118138,-3.513,0.541
12:51:58.375,2368.6321,118139,-3.647,0.655
12:51:58.391,2368.6521,118140,-3.705,0.798
12:51:58.432,2368.6721,118141,-3.665,0.668
12:51:58.438,2368.6921,118142,-3.587,0.526
12:51:58.449,2368.7121,118143,-3.465,0.626
12:51:58.465,2368.7321,118144,-3.375,0.719
12:51:58.497,2368.7521,118145,-3.495,0.722
12:51:58.508,2368.7721,118146,-3.529,0.582
12:51:58.555,2368.7921,118147,-3.42,0.704
12:51:58.555,2368.8121,118148,-3.453,0.843
12:51:58.571,2368.8321,118149,-3.485,0.702
12:51:58.587,2368.8521,118150,-3.562,0.581
12:51:58.614,2368.8721,118151,-3.423,0.661
12:51:58.658,2368.8921,118152,-3.272,0.688
12:51:58.663,2368.9121,118153,-3.417,0.621
12:51:58.663,2368.9321,118154,-3.313,0.723
12:51:58.690,2368.9521,118155,-3.463,0.653
12:51:58.706,2368.9721,118156,-3.544,0.521
12:51:58.733,2368.9921,118157,-3.39,0.577
12:51:58.749,2369.0121,118158,-3.485,0.448
12:51:58.780,2369.0321,118159,-3.404,0.549
12:51:58.796,2369.0521,118160,-3.458,0.696
12:51:58.808,2369.0721,118161,-3.63,0.671
12:51:58.824,2369.0921,118162,-3.529,0.595
12:51:58.867,2369.1121,118163,-3.43,0.456
12:51:58.872,2369.1321,118164,-3.487,0.568
12:51:58.899,2369.1521,118165,-3.593,0.525
12:51:58.915,2369.1721,118166,-3.519,0.653
12:51:58.931,2369.1921,118167,-3.398,0.709
12:51:58.947,2369.2121,118168,-3.499,0.577
12:51:58.973,2369.2321,118169,-3.651,0.49
12:51:58.990,2369.2521,118170,-3.634,0.641
12:51:59.022,2369.2721,118171,-3.476,0.642
12:51:59.033,2369.2921,118172,-3.482,0.773
12:51:59.049,2369.3121,118173,-3.577,0.853
12:51:59.065,2369.3321,118174,-3.65,0.722
12:51:59.092,2369.3521,118175,-3.565,0.824
12:51:59.140,2369.3721,118176,-3.592,0.677
12:51:59.140,2369.3921,118177,-3.455,0.703
12:51:59.140,2369.4121,118178,-3.409,0.554
12:51:59.171,2369.4321,118179,-3.261,0.462
12:51:59.182,2369.4521,118180,-3.385,0.532
12:51:59.214,2369.4721,118181,-3.502,0.541
12:51:59.257,2369.4921,118182,-3.559,0.689
12:51:59.263,2369.5121,118183,-3.511,0.538
12:51:59.263,2369.5321,118184,-3.411,0.615
12:51:59.290,2369.5521,118185,-3.323,0.748
12:51:59.306,2369.5721,118186,-3.379,0.606
12:51:59.333,2369.5921,118187,-3.461,0.499
12:51:59.381,2369.6121,118188,-3.483,0.632
12:51:59.381,2369.6321,118189,-3.497,0.761
12:51:59.381,2369.6521,118190,-3.559,0.625
12:51:59.407,2369.6721,118191,-3.49,0.506
12:51:59.423,2369.6921,118192,-3.399,0.588
12:51:59.454,2369.7121,118193,-3.557,0.528
12:51:59.502,2369.7321,118194,-3.632,0.679
12:51:59.502,2369.7521,118195,-3.564,0.532
12:51:59.502,2369.7721,118196,-3.693,0.437
12:51:59.528,2369.7921,118197,-3.585,0.551
12:51:59.543,2369.8121,118198,-3.519,0.686
12:51:59.575,2369.8321,118199,-3.47,0.537
12:51:59.606,2369.8521,118200,-3.326,0.485
12:51:59.607,2369.8721,118201,-3.454,0.577
12:51:59.633,2369.8921,118202,-3.592,0.663
12:51:59.649,2369.9121,118203,-3.72,0.574
12:51:59.665,2369.9321,118204,-3.654,0.459
12:51:59.692,2369.9521,118205,-3.564,0.585
12:51:59.724,2369.9721,118206,-3.56,0.734
12:51:59.724,2369.9921,118207,-3.622,0.597
12:51:59.756,2370.0121,118208,-3.494,0.668
12:51:59.767,2370.0321,118209,-3.478,0.529
12:51:59.799,2370.0521,118210,-3.494,0.669
12:51:59.816,2370.0721,118211,-3.32,0.706
12:51:59.842,2370.0921,118212,-3.443,0.646
12:51:59.848,2370.1121,118213,-3.565,0.616
12:51:59.875,2370.1321,118214,-3.558,0.479
12:51:59.907,2370.1521,118215,-3.512,0.618
12:51:59.907,2370.1721,118216,-3.618,0.515
12:51:59.933,2370.1921,118217,-3.58,0.661
12:52:00.011,2370.2121,118218,-3.686,0.588
12:52:00.011,2370.2321,118219,-3.569,0.584
12:52:00.012,2370.2521,118220,-3.405,0.526
12:52:00.012,2370.2721,118221,-3.387,0.67
12:52:00.023,2370.2921,118222,-3.521,0.589
12:52:00.086,2370.3121,118223,-3.423,0.52
12:52:00.086,2370.3321,118224,-3.544,0.636
12:52:00.086,2370.3521,118225,-3.635,0.73
12:52:00.113,2370.3721,118226,-3.77,0.636
12:52:00.129,2370.3921,118227,-3.614,0.57
12:52:00.145,2370.4121,118228,-3.538,0.703
12:52:00.221,2370.4321,118229,-3.461,0.595
12:52:00.221,2370.4521,118230,-3.549,0.502
12:52:00.221,2370.4721,118231,-3.585,0.637
12:52:00.227,2370.4921,118232,-3.482,0.723
12:52:00.247,2370.5121,118233,-3.341,0.629
12:52:00.263,2370.5321,118234,-3.516,0.604
12:52:00.322,2370.5521,118235,-3.377,0.504
12:52:00.328,2370.5721,118236,-3.559,0.491
12:52:00.328,2370.5921,118237,-3.635,0.634
12:52:00.354,2370.6121,118238,-3.569,0.526
12:52:00.370,2370.6321,118239,-3.559,0.665
12:52:00.386,2370.6521,118240,-3.666,0.741
12:52:00.413,2370.6721,118241,-3.552,0.708
12:52:00.445,2370.6921,118242,-3.416,0.651
12:52:00.445,2370.7121,118243,-3.583,0.701
12:52:00.476,2370.7321,118244,-3.494,0.817
12:52:00.487,2370.7521,118245,-3.537,0.968
12:52:00.504,2370.7721,118246,-3.526,0.831
12:52:00.550,2370.7921,118247,-3.669,0.76
12:52:00.550,2370.8121,118248,-3.74,0.632
12:52:00.567,2370.8321,118249,-3.628,0.675
12:52:00.593,2370.8521,118250,-3.715,0.583
12:52:00.609,2370.8721,118251,-3.729,0.438
12:52:00.641,2370.8921,118252,-3.592,0.527
12:52:00.668,2370.9121,118253,-3.619,0.672
12:52:00.673,2370.9321,118254,-3.51,0.543
12:52:00.684,2370.9521,118255,-3.628,0.461
12:52:00.715,2370.9721,118256,-3.599,0.602
12:52:00.743,2370.9921,118257,-3.522,0.461
12:52:00.748,2371.0121,118258,-3.393,0.563
12:52:00.790,2371.0321,118259,-3.576,0.581
12:52:00.790,2371.0521,118260,-3.689,0.556
12:52:00.807,2371.0721,118261,-3.525,0.598
12:52:00.833,2371.0921,118262,-3.614,0.469
12:52:00.850,2371.1121,118263,-3.521,0.549
12:52:00.866,2371.1321,118264,-3.405,0.571
12:52:00.909,2371.1521,118265,-3.584,0.598
12:52:00.909,2371.1721,118266,-3.483,0.459
12:52:00.925,2371.1921,118267,-3.652,0.499
12:52:00.956,2371.2121,118268,-3.766,0.628
12:52:00.967,2371.2321,118269,-3.593,0.6
12:52:00.984,2371.2521,118270,-3.664,0.697
12:52:01.027,2371.2721,118271,-3.552,0.67
12:52:01.032,2371.2921,118272,-3.47,0.526
12:52:01.059,2371.3121,118273,-3.317,0.541
12:52:01.075,2371.3321,118274,-3.378,0.67
12:52:01.091,2371.3521,118275,-3.514,0.681
12:52:01.102,2371.3721,118276,-3.592,0.549
12:52:01.150,2371.3921,118277,-3.489,0.642
12:52:01.150,2371.4121,118278,-3.56,0.535
12:52:01.166,2371.4321,118279,-3.542,0.386
12:52:01.209,2371.4521,118280,-3.569,0.545
12:52:01.209,2371.4721,118281,-3.398,0.561
12:52:01.225,2371.4921,118282,-3.518,0.54
12:52:01.257,2371.5121,118283,-3.366,0.617
12:52:01.268,2371.5321,118284,-3.386,0.473
12:52:01.284,2371.5521,118285,-3.487,0.61
12:52:01.316,2371.5721,118286,-3.437,0.487
12:52:01.327,2371.5921,118287,-3.52,0.581
12:52:01.344,2371.6121,118288,-3.501,0.725
12:52:01.387,2371.6321,118289,-3.609,0.6
12:52:01.392,2371.6521,118290,-3.54,0.474
12:52:01.404,2371.6721,118291,-3.601,0.6
12:52:01.436,2371.6921,118292,-3.568,0.472
12:52:01.451,2371.7121,118293,-3.593,0.612
12:52:01.494,2371.7321,118294,-3.637,0.477
12:52:01.494,2371.7521,118295,-3.515,0.586
12:52:01.510,2371.7721,118296,-3.679,0.654
12:52:01.526,2371.7921,118297,-3.53,0.562
12:52:01.553,2371.8121,118298,-3.407,0.579
12:52:01.569,2371.8321,118299,-3.57,0.532
12:52:01.585,2371.8521,118300,-3.559,0.393
12:52:01.613,2371.8721,118301,-3.519,0.528
12:52:01.629,2371.8921,118302,-3.346,0.571
12:52:01.645,2371.9121,118303,-3.52,0.622
12:52:01.687,2371.9321,118304,-3.558,0.745
12:52:01.692,2371.9521,118305,-3.626,0.856
12:52:01.703,2371.9721,118306,-3.512,0.73
12:52:01.735,2371.9921,118307,-3.405,0.653
12:52:01.751,2372.0121,118308,-3.281,0.761
12:52:01.762,2372.0321,118309,-3.383,0.7
12:52:01.793,2372.0521,118310,-3.301,0.607
12:52:01.809,2372.0721,118311,-3.439,0.677
12:52:01.826,2372.0921,118312,-3.567,0.645
12:52:01.853,2372.1121,118313,-3.574,0.786
12:52:01.869,2372.1321,118314,-3.531,0.66
12:52:01.901,2372.1521,118315,-3.601,0.539
12:52:01.917,2372.1721,118316,-3.448,0.58
12:52:01.928,2372.1921,118317,-3.535,0.716
12:52:01.975,2372.2121,118318,-3.377,0.66
12:52:01.975,2372.2321,118319,-3.282,0.525
12:52:02.002,2372.2521,118320,-3.434,0.489
12:52:02.008,2372.2721,118321,-3.468,0.642
12:52:02.035,2372.2921,118322,-3.346,0.515
12:52:02.051,2372.3121,118323,-3.531,0.551
12:52:02.082,2372.3321,118324,-3.463,0.686
12:52:02.109,2372.3521,118325,-3.62,0.607
12:52:02.109,2372.3721,118326,-3.507,0.618
12:52:02.125,2372.3921,118327,-3.595,0.48
12:52:02.157,2372.4121,118328,-3.597,0.629
12:52:02.168,2372.4321,118329,-3.45,0.712
12:52:02.216,2372.4521,118330,-3.517,0.595
12:52:02.216,2372.4721,118331,-3.439,0.475
12:52:02.227,2372.4921,118332,-3.509,0.593
12:52:02.243,2372.5121,118333,-3.583,0.455
12:52:02.275,2372.5321,118334,-3.434,0.535
12:52:02.291,2372.5521,118335,-3.541,0.425
12:52:02.334,2372.5721,118336,-3.477,0.567
12:52:02.334,2372.5921,118337,-3.594,0.452
12:52:02.350,2372.6121,118338,-3.557,0.593
12:52:02.366,2372.6321,118339,-3.436,0.624
12:52:02.392,2372.6521,118340,-3.539,0.541
12:52:02.409,2372.6721,118341,-3.424,0.55
12:52:02.441,2372.6921,118342,-3.422,0.408
12:52:02.457,2372.7121,118343,-3.431,0.546
12:52:02.468,2372.7321,118344,-3.61,0.539
12:52:02.484,2372.7521,118345,-3.581,0.679
12:52:02.516,2372.7721,118346,-3.558,0.528
12:52:02.527,2372.7921,118347,-3.485,0.638
12:52:02.559,2372.8121,118348,-3.576,0.71
12:52:02.576,2372.8321,118349,-3.442,0.595
12:52:02.587,2372.8521,118350,-3.27,0.569
12:52:02.603,2372.8721,118351,-3.398,0.524
12:52:02.634,2372.8921,118352,-3.462,0.642
12:52:02.651,2372.9121,118353,-3.502,0.793
12:52:02.682,2372.9321,118354,-3.397,0.662
12:52:02.692,2372.9521,118355,-3.462,0.808
12:52:02.709,2372.9721,118356,-3.578,0.689
12:52:02.725,2372.9921,118357,-3.628,0.55
12:52:02.772,2373.0121,118358,-3.55,0.652
12:52:02.772,2373.0321,118359,-3.633,0.75
12:52:02.798,2373.0521,118360,-3.553,0.653
12:52:02.814,2373.0721,118361,-3.661,0.536
12:52:02.831,2373.0921,118362,-3.675,0.669
12:52:02.847,2373.1121,118363,-3.661,0.519
12:52:02.874,2373.1321,118364,-3.646,0.657
12:52:02.922,2373.1521,118365,-3.506,0.565
12:52:02.922,2373.1721,118366,-3.444,0.704
12:52:02.922,2373.1921,118367,-3.474,0.571
12:52:02.949,2373.2121,118368,-3.455,0.708
12:52:02.965,2373.2321,118369,-3.53,0.569
12:52:02.997,2373.2521,118370,-3.658,0.682
12:52:03.056,2373.2721,118371,-3.495,0.625
12:52:03.056,2373.2921,118372,-3.364,0.707
12:52:03.056,2373.3121,118373,-3.454,0.574
12:52:03.067,2373.3321,118374,-3.609,0.628
12:52:03.083,2373.3521,118375,-3.457,0.61
12:52:03.115,2373.3721,118376,-3.472,0.466
12:52:03.158,2373.3921,118377,-3.585,0.492
12:52:03.158,2373.4121,118378,-3.534,0.617
12:52:03.163,2373.4321,118379,-3.663,0.533
12:52:03.190,2373.4521,118380,-3.806,0.518
12:52:03.206,2373.4721,118381,-3.634,0.473
12:52:03.233,2373.4921,118382,-3.547,0.57
12:52:03.281,2373.5121,118383,-3.727,0.552
12:52:03.282,2373.5321,118384,-3.645,0.656
12:52:03.282,2373.5521,118385,-3.469,0.65
12:52:03.309,2373.5721,118386,-3.477,0.501
12:52:03.325,2373.5921,118387,-3.464,0.643
12:52:03.383,2373.6121,118388,-3.424,0.774
12:52:03.384,2373.6321,118389,-3.525,0.661
12:52:03.389,2373.6521,118390,-3.462,0.518
12:52:03.431,2373.6721,118391,-3.483,0.375
12:52:03.431,2373.6921,118392,-3.512,0.524
12:52:03.447,2373.7121,118393,-3.57,0.672
12:52:03.475,2373.7321,118394,-3.627,0.81
12:52:03.507,2373.7521,118395,-3.528,0.731
12:52:03.507,2373.7721,118396,-3.644,0.641
12:52:03.533,2373.7921,118397,-3.608,0.515
12:52:03.550,2373.8121,118398,-3.73,0.406
12:52:03.566,2373.8321,118399,-3.672,0.528
12:52:03.592,2373.8521,118400,-3.8,0.562
12:52:03.625,2373.8721,118401,-3.675,0.532
12:52:03.625,2373.8921,118402,-3.507,0.591
12:52:03.657,2373.9121,118403,-3.622,0.633
12:52:03.668,2373.9321,118404,-3.476,0.539
12:52:03.684,2373.9521,118405,-3.415,0.668
12:52:03.747,2373.9721,118406,-3.591,0.632
12:52:03.747,2373.9921,118407,-3.489,0.713
12:52:03.747,2374.0121,118408,-3.669,0.681
12:52:03.774,2374.0321,118409,-3.76,0.546
12:52:03.790,2374.0521,118410,-3.638,0.656
12:52:03.806,2374.0721,118411,-3.712,0.788
12:52:03.863,2374.0921,118412,-3.54,0.764
12:52:03.868,2374.1121,118413,-3.416,0.876
12:52:03.868,2374.1321,118414,-3.473,0.754
12:52:03.895,2374.1521,118415,-3.515,0.608
12:52:03.911,2374.1721,118416,-3.675,0.556
12:52:03.927,2374.1921,118417,-3.785,0.516
12:52:03.971,2374.2121,118418,-3.617,0.574
12:52:03.971,2374.2321,118419,-3.498,0.668
12:52:03.987,2374.2521,118420,-3.638,0.601
12:52:04.013,2374.2721,118421,-3.463,0.628
12:52:04.029,2374.2921,118422,-3.546,0.536
12:52:04.045,2374.3121,118423,-3.605,0.687
12:52:04.072,2374.3321,118424,-3.462,0.653
12:52:04.104,2374.3521,118425,-3.582,0.596
12:52:04.104,2374.3721,118426,-3.447,0.686
12:52:04.137,2374.3921,118427,-3.288,0.632
12:52:04.148,2374.4121,118428,-3.46,0.616
12:52:04.164,2374.4321,118429,-3.347,0.711
12:52:04.223,2374.4521,118430,-3.297,0.589
12:52:04.224,2374.4721,118431,-3.417,0.576
12:52:04.229,2374.4921,118432,-3.577,0.644
12:52:04.255,2374.5121,118433,-3.463,0.669
12:52:04.271,2374.5321,118434,-3.514,0.523
12:52:04.283,2374.5521,118435,-3.413,0.486
12:52:04.330,2374.5721,118436,-3.48,0.608
12:52:04.330,2374.5921,118437,-3.569,0.685
12:52:04.346,2374.6121,118438,-3.486,0.785
12:52:04.373,2374.6321,118439,-3.376,0.654
12:52:04.389,2374.6521,118440,-3.469,0.565
12:52:04.421,2374.6721,118441,-3.59,0.684
12:52:04.449,2374.6921,118442,-3.424,0.666
12:52:04.449,2374.7121,118443,-3.539,0.648
12:52:04.465,2374.7321,118444,-3.46,0.556
12:52:04.497,2374.7521,118445,-3.621,0.515
12:52:04.524,2374.7721,118446,-3.522,0.596
12:52:04.524,2374.7921,118447,-3.64,0.608
12:52:04.571,2374.8121,118448,-3.476,0.66
12:52:04.572,2374.8321,118449,-3.581,0.536
12:52:04.583,2374.8521,118450,-3.687,0.652
12:52:04.615,2374.8721,118451,-3.522,0.686
12:52:04.631,2374.8921,118452,-3.461,0.566
12:52:04.646,2374.9121,118453,-3.487,0.698
12:52:04.689,2374.9321,118454,-3.375,0.654
12:52:04.689,2374.9521,118455,-3.537,0.592
12:52:04.705,2374.9721,118456,-3.363,0.63
12:52:04.733,2374.9921,118457,-3.477,0.587
12:52:04.749,2375.0121,118458,-3.602,0.473
12:52:04.765,2375.0321,118459,-3.451,0.544
12:52:04.808,2375.0521,118460,-3.567,0.597
12:52:04.813,2375.0721,118461,-3.622,0.746
12:52:04.839,2375.0921,118462,-3.465,0.813
12:52:04.856,2375.1121,118463,-3.353,0.682
12:52:04.887,2375.1321,118464,-3.476,0.673
12:52:04.887,2375.1521,118465,-3.39,0.591
12:52:04.944,2375.1721,118466,-3.564,0.583
12:52:04.944,2375.1921,118467,-3.411,0.661
12:52:04.950,2375.2121,118468,-3.509,0.534
12:52:04.977,2375.2321,118469,-3.674,0.618
12:52:04.988,2375.2521,118470,-3.545,0.583
12:52:05.004,2375.2721,118471,-3.524,0.727
12:52:05.047,2375.2921,118472,-3.586,0.59
12:52:05.052,2375.3121,118473,-3.591,0.738
12:52:05.063,2375.3321,118474,-3.477,0.808
12:52:05.095,2375.3521,118475,-3.487,0.669
12:52:05.111,2375.3721,118476,-3.601,0.586
12:52:05.122,2375.3921,118477,-3.774,0.544
12:52:05.170,2375.4121,118478,-3.642,0.621
12:52:05.171,2375.4321,118479,-3.603,0.762
12:52:05.187,2375.4521,118480,-3.561,0.895
12:52:05.214,2375.4721,118481,-3.652,0.771
12:52:05.230,2375.4921,118482,-3.556,0.881
12:52:05.273,2375.5121,118483,-3.644,0.768
12:52:05.278,2375.5321,118484,-3.651,0.625
12:52:05.289,2375.5521,118485,-3.523,0.728
12:52:05.305,2375.5721,118486,-3.639,0.62
12:52:05.337,2375.5921,118487,-3.811,0.568
12:52:05.363,2375.6121,118488,-3.805,0.714
12:52:05.364,2375.6321,118489,-3.643,0.767
12:52:05.396,2375.6521,118490,-3.563,0.627
12:52:05.423,2375.6721,118491,-3.664,0.737
12:52:05.423,2375.6921,118492,-3.5,0.695
12:52:05.471,2375.7121,118493,-3.414,0.613
12:52:05.471,2375.7321,118494,-3.555,0.714
12:52:05.515,2375.7521,118495,-3.556,0.564
12:52:05.515,2375.7721,118496,-3.576,0.692
12:52:05.530,2375.7921,118497,-3.585,0.543
12:52:05.547,2375.8121,118498,-3.494,0.632
12:52:05.573,2375.8321,118499,-3.652,0.696
12:52:05.589,2375.8521,118500,-3.509,0.621
12:52:05.605,2375.8721,118501,-3.662,0.55
12:52:05.636,2375.8921,118502,-3.614,0.688
12:52:05.647,2375.9121,118503,-3.595,0.83
12:52:05.663,2375.9321,118504,-3.621,0.685
12:52:05.695,2375.9521,118505,-3.51,0.678
12:52:05.711,2375.9721,118506,-3.625,0.707
12:52:05.753,2375.9921,118507,-3.58,0.585
12:52:05.754,2376.0121,118508,-3.747,0.539
12:52:05.769,2376.0321,118509,-3.568,0.555
12:52:05.785,2376.0521,118510,-3.428,0.532
12:52:05.817,2376.0721,118511,-3.543,0.659
12:52:05.828,2376.0921,118512,-3.675,0.647
12:52:05.875,2376.1121,118513,-3.651,0.504
12:52:05.875,2376.1321,118514,-3.623,0.649
12:52:05.892,2376.1521,118515,-3.699,0.538
12:52:05.902,2376.1721,118516,-3.596,0.654
12:52:05.933,2376.1921,118517,-3.542,0.528
12:52:05.950,2376.2121,118518,-3.689,0.519
12:52:05.992,2376.2321,118519,-3.524,0.563
12:52:05.998,2376.2521,118520,-3.505,0.712
12:52:06.009,2376.2721,118521,-3.68,0.732
12:52:06.025,2376.2921,118522,-3.532,0.651
12:52:06.057,2376.3121,118523,-3.631,0.581
12:52:06.068,2376.3321,118524,-3.776,0.492
12:52:06.115,2376.3521,118525,-3.678,0.608
12:52:06.115,2376.3721,118526,-3.581,0.544
12:52:06.132,2376.3921,118527,-3.648,0.698
12:52:06.143,2376.4121,118528,-3.662,0.832
12:52:06.174,2376.4321,118529,-3.51,0.757
12:52:06.218,2376.4521,118530,-3.554,0.619
12:52:06.223,2376.4721,118531,-3.599,0.482
12:52:06.223,2376.4921,118532,-3.581,0.626
12:52:06.250,2376.5121,118533,-3.438,0.719
12:52:06.267,2376.5321,118534,-3.52,0.616
12:52:06.292,2376.5521,118535,-3.691,0.645
12:52:06.309,2376.5721,118536,-3.528,0.62
12:52:06.340,2376.5921,118537,-3.648,0.593
12:52:06.357,2376.6121,118538,-3.555,0.515
12:52:06.367,2376.6321,118539,-3.488,0.365
12:52:06.384,2376.6521,118540,-3.554,0.513
12:52:06.416,2376.6721,118541,-3.685,0.626
12:52:06.427,2376.6921,118542,-3.744,0.774
12:52:06.459,2376.7121,118543,-3.663,0.642
12:52:06.476,2376.7321,118544,-3.603,0.788
12:52:06.492,2376.7521,118545,-3.589,0.634
12:52:06.502,2376.7721,118546,-3.506,0.533
12:52:06.535,2376.7921,118547,-3.399,0.397
12:52:06.551,2376.8121,118548,-3.51,0.436
12:52:06.578,2376.8321,118549,-3.682,0.444
12:52:06.610,2376.8521,118550,-3.571,0.558
12:52:06.610,2376.8721,118551,-3.509,0.426
12:52:06.626,2376.8921,118552,-3.481,0.568
12:52:06.653,2376.9121,118553,-3.347,0.496
12:52:06.702,2376.9321,118554,-3.419,0.607
12:52:06.702,2376.9521,118555,-3.266,0.542
12:52:06.702,2376.9721,118556,-3.386,0.621
12:52:06.728,2376.9921,118557,-3.436,0.492
12:52:06.744,2377.0121,118558,-3.447,0.643
12:52:06.776,2377.0321,118559,-3.338,0.73
12:52:06.819,2377.0521,118560,-3.331,0.589
12:52:06.819,2377.0721,118561,-3.447,0.607
12:52:06.825,2377.0921,118562,-3.513,0.752
12:52:06.851,2377.1121,118563,-3.63,0.663
12:52:06.867,2377.1321,118564,-3.46,0.666
12:52:06.893,2377.1521,118565,-3.528,0.537
12:52:06.942,2377.1721,118566,-3.582,0.687
12:52:06.942,2377.1921,118567,-3.622,0.806
12:52:06.942,2377.2121,118568,-3.611,0.67
12:52:06.969,2377.2321,118569,-3.569,0.51
12:52:06.985,2377.2521,118570,-3.437,0.59
12:52:07.059,2377.2721,118571,-3.514,0.713
12:52:07.059,2377.2921,118572,-3.625,0.788
12:52:07.064,2377.3121,118573,-3.447,0.766
12:52:07.064,2377.3321,118574,-3.409,0.903
12:52:07.091,2377.3521,118575,-3.493,0.776
12:52:07.107,2377.3721,118576,-3.594,0.687
12:52:07.133,2377.3921,118577,-3.581,0.542
12:52:07.165,2377.4121,118578,-3.475,0.592
12:52:07.166,2377.4321,118579,-3.517,0.454
12:52:07.209,2377.4521,118580,-3.606,0.555
12:52:07.209,2377.4721,118581,-3.497,0.485
12:52:07.225,2377.4921,118582,-3.631,0.519
12:52:07.257,2377.5121,118583,-3.476,0.576
12:52:07.284,2377.5321,118584,-3.502,0.71
12:52:07.284,2377.5521,118585,-3.466,0.562
12:52:07.316,2377.5721,118586,-3.332,0.472
12:52:07.327,2377.5921,118587,-3.415,0.34
12:52:07.343,2377.6121,118588,-3.586,0.364
12:52:07.375,2377.6321,118589,-3.512,0.489
12:52:07.402,2377.6521,118590,-3.538,0.636
12:52:07.407,2377.6721,118591,-3.659,0.519
12:52:07.435,2377.6921,118592,-3.556,0.631
12:52:07.451,2377.7121,118593,-3.63,0.733
12:52:07.467,2377.7321,118594,-3.552,0.842
12:52:07.493,2377.7521,118595,-3.519,0.69
12:52:07.525,2377.7721,118596,-3.412,0.653
12:52:07.525,2377.7921,118597,-3.514,0.531
12:52:07.557,2377.8121,118598,-3.377,0.626
12:52:07.567,2377.8321,118599,-3.551,0.675
12:52:07.589,2377.8521,118600,-3.669,0.575
12:52:07.646,2377.8721,118601,-3.565,0.668
12:52:07.646,2377.8921,118602,-3.592,0.522
12:52:07.646,2377.9121,118603,-3.764,0.585
12:52:07.673,2377.9321,118604,-3.59,0.612
12:52:07.689,2377.9521,118605,-3.508,0.471
12:52:07.705,2377.9721,118606,-3.582,0.618
12:52:07.763,2377.9921,118607,-3.558,0.766
12:52:07.763,2378.0121,118608,-3.507,0.612
12:52:07.768,2378.0321,118609,-3.623,0.57
12:52:07.794,2378.0521,118610,-3.447,0.579
12:52:07.811,2378.0721,118611,-3.393,0.715
12:52:07.827,2378.0921,118612,-3.46,0.602
12:52:07.885,2378.1121,118613,-3.311,0.606
12:52:07.885,2378.1321,118614,-3.479,0.563
12:52:07.885,2378.1521,118615,-3.571,0.687
12:52:07.917,2378.1721,118616,-3.722,0.757
12:52:07.928,2378.1921,118617,-3.723,0.609
12:52:07.943,2378.2121,118618,-3.581,0.612
12:52:08.003,2378.2321,118619,-3.547,0.748
12:52:08.004,2378.2521,118620,-3.707,0.739
12:52:08.009,2378.2721,118621,-3.548,0.794
12:52:08.036,2378.2921,118622,-3.603,0.663
12:52:08.047,2378.3121,118623,-3.444,0.694
12:52:08.079,2378.3321,118624,-3.35,0.816
12:52:08.110,2378.3521,118625,-3.483,0.721
12:52:08.111,2378.3721,118626,-3.306,0.746
12:52:08.127,2378.3921,118627,-3.228,0.848
12:52:08.153,2378.4121,118628,-3.394,0.787
12:52:08.169,2378.4321,118629,-3.216,0.823
12:52:08.184,2378.4521,118630,-3.284,0.693
12:52:08.227,2378.4721,118631,-3.199,0.615
12:52:08.232,2378.4921,118632,-3.258,0.733
12:52:08.243,2378.5121,118633,-3.385,0.674
12:52:08.274,2378.5321,118634,-3.495,0.725
12:52:08.290,2378.5521,118635,-3.585,0.623
12:52:08.306,2378.5721,118636,-3.685,0.491
12:52:08.348,2378.5921,118637,-3.593,0.575
12:52:08.349,2378.6121,118638,-3.494,0.497
12:52:08.365,2378.6321,118639,-3.628,0.434
12:52:08.396,2378.6521,118640,-3.657,0.583
12:52:08.407,2378.6721,118641,-3.529,0.689
12:52:08.439,2378.6921,118642,-3.515,0.54
12:52:08.471,2378.7121,118643,-3.397,0.587
12:52:08.471,2378.7321,118644,-3.572,0.624
12:52:08.483,2378.7521,118645,-3.495,0.759
12:52:08.515,2378.7721,118646,-3.436,0.612
12:52:08.530,2378.7921,118647,-3.519,0.512
12:52:08.547,2378.8121,118648,-3.433,0.643
12:52:08.589,2378.8321,118649,-3.543,0.714
12:52:08.589,2378.8521,118650,-3.493,0.589
12:52:08.605,2378.8721,118651,-3.488,0.44
12:52:08.636,2378.8921,118652,-3.533,0.587
12:52:08.652,2378.9121,118653,-3.42,0.645
12:52:08.667,2378.9321,118654,-3.512,0.533
12:52:08.709,2378.9521,118655,-3.333,0.539
12:52:08.709,2378.9721,118656,-3.471,0.646
12:52:08.724,2378.9921,118657,-3.538,0.511
12:52:08.756,2379.0121,118658,-3.367,0.54
12:52:08.767,2379.0321,118659,-3.449,0.64
12:52:08.783,2379.0521,118660,-3.509,0.493
12:52:08.831,2379.0721,118661,-3.401,0.468
12:52:08.831,2379.0921,118662,-3.3,0.539
12:52:08.847,2379.1121,118663,-3.42,0.564
12:52:08.874,2379.1321,118664,-3.505,0.648
12:52:08.890,2379.1521,118665,-3.621,0.686
12:52:08.907,2379.1721,118666,-3.544,0.544
12:52:08.950,2379.1921,118667,-3.466,0.645
12:52:08.950,2379.2121,118668,-3.505,0.507
12:52:08.966,2379.2321,118669,-3.324,0.512
12:52:08.992,2379.2521,118670,-3.455,0.621
12:52:09.009,2379.2721,118671,-3.362,0.695
12:52:09.025,2379.2921,118672,-3.35,0.839
12:52:09.057,2379.3121,118673,-3.502,0.757
12:52:09.068,2379.3321,118674,-3.59,0.654
12:52:09.084,2379.3521,118675,-3.504,0.568
12:52:09.116,2379.3721,118676,-3.431,0.422
12:52:09.132,2379.3921,118677,-3.459,0.57
12:52:09.143,2379.4121,118678,-3.608,0.489
12:52:09.174,2379.4321,118679,-3.495,0.535
12:52:09.191,2379.4521,118680,-3.628,0.65
12:52:09.208,2379.4721,118681,-3.481,0.602
12:52:09.235,2379.4921,118682,-3.591,0.604
12:52:09.251,2379.5121,118683,-3.622,0.729
12:52:09.266,2379.5321,118684,-3.467,0.651
12:52:09.293,2379.5521,118685,-3.579,0.541
12:52:09.309,2379.5721,118686,-3.542,0.688
12:52:09.325,2379.5921,118687,-3.363,0.706
12:52:09.353,2379.6121,118688,-3.254,0.585
12:52:09.369,2379.6321,118689,-3.304,0.735
12:52:09.385,2379.6521,118690,-3.463,0.675
12:52:09.428,2379.6721,118691,-3.314,0.752
12:52:09.428,2379.6921,118692,-3.462,0.672
12:52:09.444,2379.7121,118693,-3.437,0.527
12:52:09.476,2379.7321,118694,-3.4,0.668
12:52:09.492,2379.7521,118695,-3.45,0.523
12:52:09.534,2379.7721,118696,-3.633,0.544
12:52:09.535,2379.7921,118697,-3.485,0.616
12:52:09.551,2379.8121,118698,-3.662,0.575
12:52:09.567,2379.8321,118699,-3.489,0.612
12:52:09.593,2379.8521,118700,-3.439,0.489
12:52:09.609,2379.8721,118701,-3.614,0.514
12:52:09.652,2379.8921,118702,-3.538,0.653
12:52:09.658,2379.9121,118703,-3.498,0.502
12:52:09.669,2379.9321,118704,-3.673,0.556
12:52:09.685,2379.9521,118705,-3.526,0.58
12:52:09.717,2379.9721,118706,-3.434,0.447
12:52:09.728,2379.9921,118707,-3.276,0.473
12:52:09.774,2380.0121,118708,-3.388,0.58
12:52:09.774,2380.0321,118709,-3.521,0.6
12:52:09.790,2380.0521,118710,-3.478,0.737
12:52:09.806,2380.0721,118711,-3.578,0.608
12:52:09.833,2380.0921,118712,-3.614,0.764
12:52:09.850,2380.1121,118713,-3.471,0.682
12:52:09.908,2380.1321,118714,-3.62,0.647
12:52:09.913,2380.1521,118715,-3.533,0.741
12:52:09.913,2380.1721,118716,-3.363,0.719
12:52:09.924,2380.1921,118717,-3.531,0.668
12:52:09.956,2380.2121,118718,-3.53,0.516
12:52:09.972,2380.2321,118719,-3.667,0.623
12:52:09.999,2380.2521,118720,-3.785,0.607
12:52:10.015,2380.2721,118721,-3.61,0.574
12:52:10.031,2380.2921,118722,-3.465,0.666
12:52:10.047,2380.3121,118723,-3.497,0.524
12:52:10.073,2380.3321,118724,-3.634,0.427
12:52:10.090,2380.3521,118725,-3.592,0.56
12:52:10.117,2380.3721,118726,-3.565,0.7
12:52:10.134,2380.3921,118727,-3.584,0.549
12:52:10.150,2380.4121,118728,-3.536,0.693
12:52:10.167,2380.4321,118729,-3.491,0.57
12:52:10.194,2380.4521,118730,-3.321,0.514
12:52:10.211,2380.4721,118731,-3.464,0.476
12:52:10.238,2380.4921,118732,-3.554,0.618
12:52:10.254,2380.5121,118733,-3.492,0.735
12:52:10.270,2380.5321,118734,-3.341,0.719
12:52:10.286,2380.5521,118735,-3.492,0.641
12:52:10.317,2380.5721,118736,-3.52,0.775
12:52:10.328,2380.5921,118737,-3.434,0.632
12:52:10.360,2380.6121,118738,-3.566,0.547
12:52:10.376,2380.6321,118739,-3.439,0.448
12:52:10.392,2380.6521,118740,-3.499,0.562
12:52:10.404,2380.6721,118741,-3.529,0.71
12:52:10.435,2380.6921,118742,-3.412,0.739
12:52:10.478,2380.7121,118743,-3.522,0.611
12:52:10.478,2380.7321,118744,-3.657,0.596
12:52:10.484,2380.7521,118745,-3.491,0.649
12:52:10.510,2380.7721,118746,-3.379,0.765
12:52:10.527,2380.7921,118747,-3.507,0.665
12:52:10.553,2380.8121,118748,-3.484,0.527
12:52:10.601,2380.8321,118749,-3.608,0.642
12:52:10.601,2380.8521,118750,-3.459,0.653
12:52:10.601,2380.8721,118751,-3.405,0.793
12:52:10.628,2380.8921,118752,-3.448,0.657
12:52:10.644,2380.9121,118753,-3.529,0.55
12:52:10.676,2380.9321,118754,-3.504,0.694
12:52:10.719,2380.9521,118755,-3.605,0.578
12:52:10.719,2380.9721,118756,-3.602,0.432
12:52:10.725,2380.9921,118757,-3.609,0.579
12:52:10.747,2381.0121,118758,-3.779,0.62
12:52:10.763,2381.0321,118759,-3.673,0.665
12:52:10.795,2381.0521,118760,-3.718,0.531
12:52:10.837,2381.0721,118761,-3.686,0.393
12:52:10.842,2381.0921,118762,-3.603,0.525
12:52:10.843,2381.1121,118763,-3.426,0.545
12:52:10.869,2381.1321,118764,-3.546,0.67
12:52:10.886,2381.1521,118765,-3.442,0.739
12:52:10.913,2381.1721,118766,-3.475,0.605
12:52:10.944,2381.1921,118767,-3.53,0.716
12:52:10.944,2381.2121,118768,-3.692,0.68
12:52:10.976,2381.2321,118769,-3.619,0.583
12:52:10.992,2381.2521,118770,-3.587,0.454
12:52:11.003,2381.2721,118771,-3.572,0.596
12:52:11.067,2381.2921,118772,-3.495,0.504
12:52:11.067,2381.3121,118773,-3.535,0.622
12:52:11.067,2381.3321,118774,-3.555,0.778
12:52:11.094,2381.3521,118775,-3.549,0.624
12:52:11.110,2381.3721,118776,-3.619,0.484
12:52:11.127,2381.3921,118777,-3.521,0.608
12:52:11.153,2381.4121,118778,-3.456,0.737
12:52:11.185,2381.4321,118779,-3.6,0.657
12:52:11.185,2381.4521,118780,-3.506,0.53
12:52:11.227,2381.4721,118781,-3.597,0.61
12:52:11.233,2381.4921,118782,-3.61,0.46
12:52:11.243,2381.5121,118783,-3.527,0.551
12:52:11.275,2381.5321,118784,-3.455,0.678
12:52:11.302,2381.5521,118785,-3.556,0.589
12:52:11.308,2381.5721,118786,-3.432,0.51
12:52:11.335,2381.5921,118787,-3.385,0.654
12:52:11.351,2381.6121,118788,-3.544,0.591
12:52:11.368,2381.6321,118789,-3.559,0.743
12:52:11.441,2381.6521,118790,-3.432,0.627
12:52:11.441,2381.6721,118791,-3.403,0.771
12:52:11.441,2381.6921,118792,-3.443,0.634
12:52:11.441,2381.7121,118793,-3.476,0.763
12:52:11.469,2381.7321,118794,-3.531,0.637
12:52:11.485,2381.7521,118795,-3.378,0.553
12:52:11.528,2381.7721,118796,-3.532,0.486
12:52:11.529,2381.7921,118797,-3.589,0.636
12:52:11.545,2381.8121,118798,-3.479,0.511
12:52:11.573,2381.8321,118799,-3.412,0.628
12:52:11.589,2381.8521,118800,-3.583,0.587
12:52:11.605,2381.8721,118801,-3.597,0.736
12:52:11.664,2381.8921,118802,-3.558,0.587
12:52:11.664,2381.9121,118803,-3.661,0.72
12:52:11.670,2381.9321,118804,-3.77,0.768
12:52:11.697,2381.9521,118805,-3.596,0.733
12:52:11.708,2381.9721,118806,-3.469,0.696
12:52:11.724,2381.9921,118807,-3.327,0.613
12:52:11.798,2382.0121,118808,-3.429,0.665
12:52:11.798,2382.0321,118809,-3.585,0.713
12:52:11.804,2382.0521,118810,-3.647,0.584
12:52:11.804,2382.0721,118811,-3.605,0.429
12:52:11.831,2382.0921,118812,-3.556,0.559
12:52:11.858,2382.1121,118813,-3.572,0.426
12:52:11.863,2382.1321,118814,-3.461,0.468
12:52:11.889,2382.1521,118815,-3.559,0.59
12:52:11.906,2382.1721,118816,-3.645,0.685
12:52:11.933,2382.1921,118817,-3.467,0.683
12:52:11.965,2382.2121,118818,-3.583,0.572
12:52:11.965,2382.2321,118819,-3.487,0.499
12:52:12.013,2382.2521,118820,-3.468,0.64
12:52:12.014,2382.2721,118821,-3.612,0.657
12:52:12.024,2382.2921,118822,-3.632,0.515
12:52:12.056,2382.3121,118823,-3.535,0.627
12:52:12.067,2382.3321,118824,-3.682,0.692
12:52:12.084,2382.3521,118825,-3.655,0.542
12:52:12.131,2382.3721,118826,-3.733,0.65
12:52:12.131,2382.3921,118827,-3.564,0.585
12:52:12.147,2382.4121,118828,-3.475,0.498
12:52:12.173,2382.4321,118829,-3.394,0.354
12:52:12.189,2382.4521,118830,-3.511,0.47
12:52:12.205,2382.4721,118831,-3.403,0.527
12:52:12.252,2382.4921,118832,-3.456,0.676
12:52:12.252,2382.5121,118833,-3.613,0.607
12:52:12.279,2382.5321,118834,-3.502,0.727
12:52:12.279,2382.5521,118835,-3.648,0.641
12:52:12.311,2382.5721,118836,-3.782,0.723
12:52:12.327,2382.5921,118837,-3.636,0.723
12:52:12.370,2382.6121,118838,-3.544,0.854
12:52:12.370,2382.6321,118839,-3.496,0.708
12:52:12.386,2382.6521,118840,-3.588,0.603
12:52:12.413,2382.6721,118841,-3.469,0.478
12:52:12.429,2382.6921,118842,-3.642,0.479
12:52:12.445,2382.7121,118843,-3.498,0.394
12:52:12.488,2382.7321,118844,-3.468,0.531
12:52:12.488,2382.7521,118845,-3.527,0.684
12:52:12.505,2382.7721,118846,-3.625,0.815
12:52:12.536,2382.7921,118847,-3.701,0.692
12:52:12.548,2382.8121,118848,-3.642,0.579
12:52:12.610,2382.8321,118849,-3.549,0.699
12:52:12.611,2382.8521,118850,-3.687,0.616
12:52:12.611,2382.8721,118851,-3.552,0.618
12:52:12.627,2382.8921,118852,-3.673,0.616
12:52:12.654,2382.9121,118853,-3.831,0.696
12:52:12.686,2382.9321,118854,-3.653,0.653
12:52:12.686,2382.9521,118855,-3.539,0.53
12:52:12.729,2382.9721,118856,-3.384,0.594
12:52:12.729,2382.9921,118857,-3.461,0.698
12:52:12.745,2383.0121,118858,-3.55,0.608
12:52:12.777,2383.0321,118859,-3.535,0.476
12:52:12.788,2383.0521,118860,-3.484,0.604
12:52:12.804,2383.0721,118861,-3.371,0.684
12:52:12.836,2383.0921,118862,-3.498,0.582
12:52:12.852,2383.1121,118863,-3.581,0.689
12:52:12.863,2383.1321,118864,-3.504,0.564
12:52:12.895,2383.1521,118865,-3.535,0.429
12:52:12.911,2383.1721,118866,-3.494,0.559
12:52:12.922,2383.1921,118867,-3.528,0.685
12:52:12.954,2383.2121,118868,-3.671,0.693
12:52:12.970,2383.2321,118869,-3.579,0.558
12:52:12.997,2383.2521,118870,-3.436,0.622
12:52:13.003,2383.2721,118871,-3.535,0.501
12:52:13.030,2383.2921,118872,-3.416,0.597
12:52:13.046,2383.3121,118873,-3.579,0.661
12:52:13.072,2383.3321,118874,-3.694,0.786
12:52:13.105,2383.3521,118875,-3.585,0.667
12:52:13.105,2383.3721,118876,-3.475,0.681
12:52:13.136,2383.3921,118877,-3.649,0.707
12:52:13.152,2383.4121,118878,-3.578,0.84
12:52:13.163,2383.4321,118879,-3.608,0.698
12:52:13.195,2383.4521,118880,-3.639,0.559
12:52:13.211,2383.4721,118881,-3.691,0.675
12:52:13.227,2383.4921,118882,-3.594,0.751
12:52:13.254,2383.5121,118883,-3.654,0.863
12:52:13.270,2383.5321,118884,-3.605,0.732
12:52:13.313,2383.5521,118885,-3.677,0.616
12:52:13.318,2383.5721,118886,-3.65,0.483
12:52:13.329,2383.5921,118887,-3.665,0.624
12:52:13.345,2383.6121,118888,-3.7,0.484
12:52:13.376,2383.6321,118889,-3.606,0.614
12:52:13.387,2383.6521,118890,-3.472,0.651
12:52:13.435,2383.6721,118891,-3.65,0.654
12:52:13.435,2383.6921,118892,-3.604,0.535
12:52:13.452,2383.7121,118893,-3.662,0.651
12:52:13.467,2383.7321,118894,-3.548,0.708
12:52:13.494,2383.7521,118895,-3.467,0.564
12:52:13.510,2383.7721,118896,-3.579,0.528
12:52:13.553,2383.7921,118897,-3.587,0.679
12:52:13.554,2383.8121,118898,-3.592,0.532
12:52:13.570,2383.8321,118899,-3.562,0.673
12:52:13.586,2383.8521,118900,-3.434,0.551
12:52:13.617,2383.8721,118901,-3.541,0.598
12:52:13.628,2383.8921,118902,-3.445,0.518
12:52:13.676,2383.9121,118903,-3.563,0.544
12:52:13.676,2383.9321,118904,-3.532,0.687
12:52:13.687,2383.9521,118905,-3.618,0.567
12:52:13.704,2383.9721,118906,-3.787,0.562
12:52:13.736,2383.9921,118907,-3.644,0.607
12:52:13.752,2384.0121,118908,-3.474,0.669
12:52:13.777,2384.0321,118909,-3.519,0.525
12:52:13.783,2384.0521,118910,-3.644,0.636
12:52:13.809,2384.0721,118911,-3.755,0.519
12:52:13.826,2384.0921,118912,-3.781,0.643
12:52:13.858,2384.1121,118913,-3.674,0.701
12:52:13.868,2384.1321,118914,-3.797,0.59
12:52:13.900,2384.1521,118915,-3.715,0.497
12:52:13.901,2384.1721,118916,-3.558,0.565
12:52:13.944,2384.1921,118917,-3.593,0.429
12:52:13.944,2384.2121,118918,-3.664,0.579
12:52:13.975,2384.2321,118919,-3.494,0.565
12:52:13.991,2384.2521,118920,-3.669,0.622
12:52:14.018,2384.2721,118921,-3.586,0.474
12:52:14.023,2384.2921,118922,-3.418,0.506
12:52:14.050,2384.3121,118923,-3.557,0.519
12:52:14.067,2384.3321,118924,-3.569,0.649
12:52:14.094,2384.3521,118925,-3.393,0.627
12:52:14.110,2384.3721,118926,-3.51,0.639
12:52:14.142,2384.3921,118927,-3.362,0.547
12:52:14.142,2384.4121,118928,-3.46,0.61
12:52:14.169,2384.4321,118929,-3.384,0.714
12:52:14.185,2384.4521,118930,-3.486,0.598
12:52:14.213,2384.4721,118931,-3.348,0.692
12:52:14.245,2384.4921,118932,-3.446,0.591
12:52:14.245,2384.5121,118933,-3.548,0.474
12:52:14.277,2384.5321,118934,-3.45,0.583
12:52:14.287,2384.5521,118935,-3.435,0.725
12:52:14.304,2384.5721,118936,-3.517,0.618
12:52:14.337,2384.5921,118937,-3.475,0.488
12:52:14.379,2384.6121,118938,-3.563,0.574
12:52:14.379,2384.6321,118939,-3.48,0.474
12:52:14.385,2384.6521,118940,-3.631,0.411
12:52:14.412,2384.6721,118941,-3.463,0.47
12:52:14.423,2384.6921,118942,-3.459,0.611
12:52:14.497,2384.7121,118943,-3.307,0.572
12:52:14.503,2384.7321,118944,-3.48,0.63
12:52:14.503,2384.7521,118945,-3.397,0.731
12:52:14.503,2384.7721,118946,-3.275,0.626
12:52:14.529,2384.7921,118947,-3.397,0.661
12:52:14.545,2384.8121,118948,-3.374,0.526
12:52:14.572,2384.8321,118949,-3.494,0.417
12:52:14.621,2384.8521,118950,-3.612,0.45
12:52:14.621,2384.8721,118951,-3.497,0.523
12:52:14.621,2384.8921,118952,-3.383,0.5
12:52:14.652,2384.9121,118953,-3.439,0.643
12:52:14.663,2384.9321,118954,-3.366,0.502
12:52:14.695,2384.9521,118955,-3.473,0.39
12:52:14.722,2384.9721,118956,-3.634,0.356
12:52:14.728,2384.9921,118957,-3.757,0.301
12:52:14.754,2385.0121,118958,-3.643,0.408
12:52:14.770,2385.0321,118959,-3.63,0.551
12:52:14.786,2385.0521,118960,-3.504,0.636
12:52:14.813,2385.0721,118961,-3.388,0.564
12:52:14.846,2385.0921,118962,-3.51,0.646
12:52:14.846,2385.1121,118963,-3.5,0.497
12:52:14.873,2385.1321,118964,-3.609,0.536
12:52:14.889,2385.1521,118965,-3.579,0.396
12:52:14.905,2385.1721,118966,-3.552,0.54
12:52:14.937,2385.1921,118967,-3.671,0.55
12:52:14.964,2385.2121,118968,-3.56,0.519
12:52:14.964,2385.2321,118969,-3.644,0.626
12:52:14.996,2385.2521,118970,-3.55,0.565
12:52:15.012,2385.2721,118971,-3.607,0.716
12:52:15.038,2385.2921,118972,-3.462,0.614
12:52:15.038,2385.3121,118973,-3.378,0.712
12:52:15.086,2385.3321,118974,-3.508,0.67
12:52:15.086,2385.3521,118975,-3.662,0.744
12:52:15.113,2385.3721,118976,-3.624,0.617
12:52:15.144,2385.3921,118977,-3.777,0.707
12:52:15.144,2385.4121,118978,-3.708,0.599
12:52:15.207,2385.4321,118979,-3.613,0.497
12:52:15.208,2385.4521,118980,-3.441,0.547
12:52:15.208,2385.4721,118981,-3.585,0.599
12:52:15.251,2385.4921,118982,-3.714,0.502
12:52:15.251,2385.5121,118983,-3.75,0.63
12:52:15.267,2385.5321,118984,-3.617,0.648
12:52:15.326,2385.5521,118985,-3.474,0.563
12:52:15.326,2385.5721,118986,-3.546,0.432
12:52:15.326,2385.5921,118987,-3.458,0.562
12:52:15.353,2385.6125,118988,-3.637,0.562
12:52:15.369,2385.6321,118989,-3.678,0.701
12:52:15.386,2385.6521,118990,-3.533,0.659
12:52:15.446,2385.6721,118991,-3.616,0.557
12:52:15.446,2385.6921,118992,-3.549,0.672
12:52:15.446,2385.7121,118993,-3.664,0.568
12:52:15.477,2385.7321,118994,-3.801,0.579
12:52:15.488,2385.7521,118995,-3.62,0.588
12:52:15.505,2385.7721,118996,-3.767,0.634
12:52:15.563,2385.7921,118997,-3.636,0.522
12:52:15.568,2385.8121,118998,-3.507,0.528
12:52:15.568,2385.8321,118999,-3.415,0.609
12:52:15.611,2385.8521,119000,-3.529,0.596
12:52:15.611,2385.8721,119001,-3.688,0.604
12:52:15.626,2385.8921,119002,-3.512,0.629
12:52:15.670,2385.9121,119003,-3.553,0.493
12:52:15.670,2385.9321,119004,-3.476,0.6
12:52:15.686,2385.9521,119005,-3.592,0.72
12:52:15.712,2385.9721,119006,-3.592,0.582
12:52:15.729,2385.9921,119007,-3.535,0.697
12:52:15.745,2386.0121,119008,-3.683,0.785
12:52:15.776,2386.0321,119009,-3.669,0.634
12:52:15.792,2386.0521,119010,-3.501,0.684
12:52:15.803,2386.0721,119011,-3.671,0.644
12:52:15.835,2386.0921,119012,-3.733,0.764
12:52:15.851,2386.1121,119013,-3.585,0.7
12:52:15.867,2386.1321,119014,-3.534,0.55
12:52:15.910,2386.1521,119015,-3.494,0.418
12:52:15.910,2386.1721,119016,-3.598,0.536
12:52:15.926,2386.1921,119017,-3.419,0.516
12:52:15.953,2386.2121,119018,-3.547,0.576
12:52:15.985,2386.2321,119019,-3.708,0.657
12:52:15.985,2386.2521,119020,-3.576,0.544
12:52:16.027,2386.2721,119021,-3.534,0.677
12:52:16.033,2386.2921,119022,-3.639,0.81
12:52:16.044,2386.3121,119023,-3.674,0.668
12:52:16.087,2386.3321,119024,-3.795,0.575
12:52:16.093,2386.3521,119025,-3.616,0.579
12:52:16.103,2386.3721,119026,-3.571,0.71
12:52:16.151,2386.3921,119027,-3.639,0.581
12:52:16.151,2386.4121,119028,-3.52,0.536
12:52:16.167,2386.4321,119029,-3.53,0.401
12:52:16.194,2386.4521,119030,-3.598,0.539
12:52:16.210,2386.4721,119031,-3.459,0.636
12:52:16.226,2386.4921,119032,-3.518,0.752
12:52:16.284,2386.5121,119033,-3.63,0.71
12:52:16.284,2386.5321,119034,-3.449,0.671
12:52:16.289,2386.5521,119035,-3.561,0.719
12:52:16.317,2386.5721,119036,-3.516,0.607
12:52:16.328,2386.5921,119037,-3.403,0.556
12:52:16.343,2386.6121,119038,-3.51,0.487
12:52:16.391,2386.6321,119039,-3.535,0.616
12:52:16.391,2386.6521,119040,-3.405,0.503
12:52:16.408,2386.6721,119041,-3.455,0.654
12:52:16.435,2386.6921,119042,-3.63,0.637
12:52:16.450,2386.7121,119043,-3.5,0.525
12:52:16.467,2386.7321,119044,-3.645,0.445
12:52:16.508,2386.7521,119045,-3.508,0.444
12:52:16.508,2386.7721,119046,-3.535,0.596
12:52:16.524,2386.7921,119047,-3.611,0.487
12:52:16.556,2386.8121,119048,-3.434,0.515
12:52:16.567,2386.8321,119049,-3.6,0.468
12:52:16.584,2386.8521,119050,-3.615,0.623
12:52:16.616,2386.8721,119051,-3.436,0.613
12:52:16.631,2386.8921,119052,-3.601,0.54
12:52:16.647,2386.9121,119053,-3.706,0.433
12:52:16.674,2386.9322,119054,-3.651,0.556
12:52:16.691,2386.9521,119055,-3.474,0.547
12:52:16.707,2386.9721,119056,-3.52,0.666
12:52:16.734,2386.9922,119057,-3.543,0.523
12:52:16.751,2387.0121,119058,-3.407,0.495
12:52:16.767,2387.0321,119059,-3.545,0.6
12:52:16.794,2387.0522,119060,-3.449,0.699
12:52:16.825,2387.0721,119061,-3.589,0.607
12:52:16.825,2387.0921,119062,-3.486,0.477
12:52:16.856,2387.1122,119063,-3.608,0.602
12:52:16.867,2387.1321,119064,-3.605,0.739
12:52:16.883,2387.1521,119065,-3.476,0.635
12:52:16.915,2387.1722,119066,-3.614,0.582
12:52:16.947,2387.1921,119067,-3.633,0.733
12:52:16.947,2387.2121,119068,-3.478,0.81
12:52:16.973,2387.2322,119069,-3.626,0.729
12:52:16.989,2387.2521,119070,-3.566,0.578
12:52:17.005,2387.2721,119071,-3.599,0.432
12:52:17.037,2387.2922,119072,-3.716,0.524
12:52:17.048,2387.3121,119073,-3.81,0.623
12:52:17.095,2387.3321,119074,-3.632,0.656
12:52:17.095,2387.3522,119075,-3.677,0.52
12:52:17.111,2387.3721,119076,-3.573,0.628
12:52:17.127,2387.3921,119077,-3.741,0.597
12:52:17.154,2387.4122,119078,-3.623,0.642
12:52:17.170,2387.4321,119079,-3.447,0.674
12:52:17.218,2387.4521,119080,-3.601,0.628
12:52:17.218,2387.4722,119081,-3.703,0.691
12:52:17.245,2387.4921,119082,-3.567,0.783
12:52:17.245,2387.5121,119083,-3.71,0.683
12:52:17.276,2387.5322,119084,-3.738,0.538
12:52:17.288,2387.5521,119085,-3.58,0.589
12:52:17.350,2387.5721,119086,-3.43,0.511
12:52:17.350,2387.5922,119087,-3.288,0.406
12:52:17.351,2387.6135,119088,-3.375,0.282
12:52:17.366,2387.6321,119089,-3.43,0.417
12:52:17.393,2387.6521,119090,-3.391,0.562
12:52:17.408,2387.6721,119091,-3.556,0.605
12:52:17.440,2387.6921,119092,-3.499,0.734
12:52:17.440,2387.7122,119093,-3.623,0.703
12:52:17.472,2387.7321,119094,-3.448,0.656
12:52:17.488,2387.7521,119095,-3.609,0.629
12:52:17.514,2387.7721,119096,-3.529,0.488
12:52:17.531,2387.7921,119097,-3.42,0.546
12:52:17.557,2387.8121,119098,-3.462,0.695
12:52:17.562,2387.8322,119099,-3.618,0.71
12:52:17.589,2387.8521,119100,-3.543,0.564
12:52:17.605,2387.8721,119101,-3.554,0.71
12:52:17.637,2387.8921,119102,-3.414,0.624
12:52:17.680,2387.9121,119103,-3.377,0.484
12:52:17.680,2387.9321,119104,-3.437,0.635
12:52:17.680,2387.9522,119105,-3.561,0.751
12:52:17.712,2387.9721,119106,-3.619,0.626
12:52:17.723,2387.9921,119107,-3.532,0.759
12:52:17.770,2388.0121,119108,-3.51,0.603
12:52:17.770,2388.0321,119109,-3.522,0.73
12:52:17.797,2388.0521,119110,-3.414,0.704
12:52:17.802,2388.0721,119111,-3.476,0.565
12:52:17.829,2388.0921,119112,-3.613,0.656
12:52:17.845,2388.1121,119113,-3.454,0.686
12:52:17.877,2388.1321,119114,-3.619,0.625
12:52:17.888,2388.1521,119115,-3.491,0.559
12:52:17.919,2388.1721,119116,-3.453,0.428
12:52:17.919,2388.1921,119117,-3.59,0.489
12:52:17.951,2388.2121,119118,-3.422,0.533
12:52:17.977,2388.2321,119119,-3.551,0.622
12:52:17.983,2388.2521,119120,-3.404,0.53
12:52:18.041,2388.2721,119121,-3.573,0.524
12:52:18.042,2388.2921,119122,-3.704,0.573
12:52:18.042,2388.3121,119123,-3.567,0.619
12:52:18.084,2388.3321,119124,-3.603,0.478
12:52:18.084,2388.3521,119125,-3.718,0.607
12:52:18.115,2388.3721,119126,-3.61,0.727
12:52:18.147,2388.3921,119127,-3.569,0.593
12:52:18.148,2388.4121,119128,-3.631,0.456
12:52:18.189,2388.4321,119129,-3.733,0.59
12:52:18.206,2388.4521,119130,-3.632,0.718
12:52:18.206,2388.4721,119131,-3.451,0.721
12:52:18.237,2388.4921,119132,-3.505,0.578
12:52:18.249,2388.5121,119133,-3.672,0.646
12:52:18.281,2388.5321,119134,-3.774,0.705
12:52:18.281,2388.5521,119135,-3.688,0.568
12:52:18.307,2388.5721,119136,-3.621,0.44
12:52:18.324,2388.5921,119137,-3.787,0.493
12:52:18.356,2388.6121,119138,-3.628,0.567
12:52:18.398,2388.6321,119139,-3.798,0.572
12:52:18.403,2388.6521,119140,-3.635,0.527
12:52:18.403,2388.6721,119141,-3.535,0.637
12:52:18.430,2388.6921,119142,-3.681,0.608
12:52:18.446,2388.7121,119143,-3.791,0.572
12:52:18.473,2388.7321,119144,-3.656,0.551
12:52:18.505,2388.7521,119145,-3.676,0.412
12:52:18.505,2388.7721,119146,-3.524,0.492
12:52:18.537,2388.7921,119147,-3.476,0.633
12:52:18.548,2388.8121,119148,-3.655,0.632
12:52:18.564,2388.8321,119149,-3.726,0.514
12:52:18.595,2388.8521,119150,-3.617,0.494
12:52:18.627,2388.8721,119151,-3.547,0.624
12:52:18.627,2388.8921,119152,-3.551,0.479
12:52:18.653,2388.9121,119153,-3.72,0.437
12:52:18.669,2388.9321,119154,-3.789,0.57
12:52:18.685,2388.9521,119155,-3.647,0.66
12:52:18.717,2388.9721,119156,-3.526,0.533
12:52:18.744,2388.9921,119157,-3.473,0.67
12:52:18.744,2389.0121,119158,-3.619,0.746
12:52:18.776,2389.0321,119159,-3.643,0.601
12:52:18.793,2389.0521,119160,-3.749,0.554
12:52:18.804,2389.0721,119161,-3.586,0.601
12:52:18.835,2389.0921,119162,-3.469,0.684
12:52:18.867,2389.1121,119163,-3.623,0.607
12:52:18.867,2389.1321,119164,-3.495,0.491
12:52:18.893,2389.1521,119165,-3.576,0.585
12:52:18.909,2389.1721,119166,-3.449,0.461
12:52:18.925,2389.1921,119167,-3.449,0.603
12:52:18.983,2389.2121,119168,-3.305,0.594
12:52:18.989,2389.2321,119169,-3.255,0.724
12:52:18.989,2389.2521,119170,-3.398,0.631
12:52:19.016,2389.2721,119171,-3.517,0.646
12:52:19.027,2389.2921,119172,-3.399,0.659
12:52:19.043,2389.3121,119173,-3.489,0.56
12:52:19.092,2389.3321,119174,-3.658,0.515
12:52:19.092,2389.3521,119175,-3.481,0.526
12:52:19.103,2389.3721,119176,-3.615,0.641
12:52:19.134,2389.3921,119177,-3.722,0.747
12:52:19.150,2389.4121,119178,-3.656,0.635
12:52:19.166,2389.4321,119179,-3.541,0.68
12:52:19.193,2389.4521,119180,-3.585,0.553
12:52:19.225,2389.4721,119181,-3.465,0.597
12:52:19.226,2389.4921,119182,-3.562,0.727
12:52:19.258,2389.5121,119183,-3.67,0.612
12:52:19.269,2389.5321,119184,-3.523,0.593
12:52:19.285,2389.5521,119185,-3.459,0.743
12:52:19.327,2389.5721,119186,-3.573,0.749
12:52:19.332,2389.5921,119187,-3.634,0.609
12:52:19.343,2389.6145,119188,-3.694,0.469
12:52:19.374,2389.6321,119189,-3.598,0.567
12:52:19.391,2389.6521,119190,-3.721,0.46
12:52:19.406,2389.6721,119191,-3.784,0.581
12:52:19.447,2389.6921,119192,-3.674,0.656
12:52:19.453,2389.7121,119193,-3.596,0.508
12:52:19.464,2389.7321,119194,-3.44,0.558
12:52:19.496,2389.7521,119195,-3.398,0.702
12:52:19.507,2389.7721,119196,-3.549,0.654
12:52:19.523,2389.7921,119197,-3.529,0.504
12:52:19.571,2389.8121,119198,-3.611,0.637
12:52:19.571,2389.8321,119199,-3.522,0.555
12:52:19.587,2389.8521,119200,-3.642,0.504
12:52:19.614,2389.8721,119201,-3.495,0.464
12:52:19.629,2389.8921,119202,-3.575,0.61
12:52:19.645,2389.9121,119203,-3.459,0.484
12:52:19.688,2389.9321,119204,-3.636,0.504
12:52:19.693,2389.9521,119205,-3.493,0.598
12:52:19.704,2389.9721,119206,-3.37,0.682
12:52:19.735,2389.9921,119207,-3.479,0.6
12:52:19.751,2390.0121,119208,-3.462,0.74
12:52:19.768,2390.0321,119209,-3.423,0.595
12:52:19.811,2390.0521,119210,-3.561,0.591
12:52:19.811,2390.0721,119211,-3.453,0.627
12:52:19.827,2390.0921,119212,-3.55,0.709
12:52:19.853,2390.1121,119213,-3.494,0.598
12:52:19.869,2390.1321,119214,-3.613,0.575
12:52:19.885,2390.1521,119215,-3.605,0.732
12:52:19.928,2390.1721,119216,-3.429,0.771
12:52:19.933,2390.1921,119217,-3.286,0.712
12:52:19.944,2390.2121,119218,-3.437,0.631
12:52:19.992,2390.2321,119219,-3.478,0.781
12:52:19.992,2390.2521,119220,-3.443,0.627
12:52:20.008,2390.2721,119221,-3.491,0.483
12:52:20.034,2390.2921,119222,-3.396,0.611
12:52:20.051,2390.3121,119223,-3.397,0.461
12:52:20.067,2390.3321,119224,-3.449,0.583
12:52:20.094,2390.3521,119225,-3.586,0.494
12:52:20.109,2390.3721,119226,-3.488,0.626
12:52:20.125,2390.3921,119227,-3.535,0.782
12:52:20.168,2390.4121,119228,-3.607,0.652
12:52:20.174,2390.4321,119229,-3.499,0.627
12:52:20.184,2390.4521,119230,-3.668,0.609
12:52:20.216,2390.4721,119231,-3.561,0.498
12:52:20.232,2390.4921,119232,-3.492,0.615
12:52:20.243,2390.5121,119233,-3.584,0.534
12:52:20.291,2390.5321,119234,-3.47,0.631
12:52:20.291,2390.5521,119235,-3.494,0.485
12:52:20.307,2390.5721,119236,-3.531,0.631
12:52:20.334,2390.5921,119237,-3.641,0.758
12:52:20.350,2390.6121,119238,-3.78,0.661
12:52:20.367,2390.6321,119239,-3.606,0.607
12:52:20.393,2390.6521,119240,-3.425,0.585
12:52:20.409,2390.6721,119241,-3.542,0.51
12:52:20.441,2390.6921,119242,-3.542,0.663
12:52:20.441,2390.7121,119243,-3.404,0.584
12:52:20.467,2390.7321,119244,-3.574,0.606
12:52:20.483,2390.7521,119245,-3.716,0.52
12:52:20.515,2390.7721,119246,-3.719,0.67
12:52:20.531,2390.7921,119247,-3.554,0.67
12:52:20.547,2390.8121,119248,-3.402,0.574
12:52:20.574,2390.8321,119249,-3.568,0.629
12:52:20.590,2390.8521,119250,-3.638,0.513
12:52:20.606,2390.8721,119251,-3.799,0.599
12:52:20.638,2390.8921,119252,-3.645,0.518
12:52:20.648,2390.9121,119253,-3.516,0.629
12:52:20.664,2390.9321,119254,-3.626,0.557
12:52:20.696,2390.9521,119255,-3.766,0.47
12:52:20.707,2390.9721,119256,-3.599,0.485
12:52:20.723,2390.9921,119257,-3.685,0.349
12:52:20.756,2391.0121,119258,-3.704,0.492
12:52:20.772,2391.0321,119259,-3.69,0.638
12:52:20.783,2391.0521,119260,-3.538,0.574
12:52:20.814,2391.0721,119261,-3.447,0.433
12:52:20.831,2391.0921,119262,-3.44,0.571
12:52:20.873,2391.1121,119263,-3.464,0.426
12:52:20.878,2391.1321,119264,-3.644,0.436
12:52:20.905,2391.1521,119265,-3.475,0.474
12:52:20.905,2391.1721,119266,-3.404,0.607
12:52:20.937,2391.1921,119267,-3.544,0.685
12:52:20.947,2391.2121,119268,-3.497,0.539
12:52:21.011,2391.2321,119269,-3.497,0.394
12:52:21.011,2391.2521,119270,-3.382,0.372
12:52:21.011,2391.2721,119271,-3.357,0.513
12:52:21.027,2391.2921,119272,-3.252,0.447
12:52:21.054,2391.3121,119273,-3.374,0.483
12:52:21.071,2391.3321,119274,-3.528,0.515
12:52:21.113,2391.3521,119275,-3.574,0.666
12:52:21.113,2391.3721,119276,-3.435,0.673
12:52:21.129,2391.3921,119277,-3.51,0.562
12:52:21.145,2391.4121,119278,-3.423,0.658
12:52:21.176,2391.4321,119279,-3.536,0.69
12:52:21.187,2391.4521,119280,-3.566,0.551
12:52:21.235,2391.4721,119281,-3.588,0.405
12:52:21.235,2391.4921,119282,-3.458,0.334
12:52:21.251,2391.5121,119283,-3.533,0.429
12:52:21.267,2391.5321,119284,-3.431,0.479
12:52:21.294,2391.5521,119285,-3.537,0.606
12:52:21.309,2391.5721,119286,-3.489,0.479
12:52:21.325,2391.5921,119287,-3.401,0.608
12:52:21.357,2391.6155,119288,-3.606,0.594
12:52:21.368,2391.6321,119289,-3.493,0.591
12:52:21.384,2391.6521,119290,-3.384,0.557
12:52:21.416,2391.6721,119291,-3.5,0.52
12:52:21.427,2391.6921,119292,-3.49,0.386
12:52:21.459,2391.7121,119293,-3.474,0.526
12:52:21.459,2391.7321,119294,-3.581,0.399
12:52:21.491,2391.7521,119295,-3.581,0.54
12:52:21.503,2391.7721,119296,-3.427,0.597
12:52:21.549,2391.7921,119297,-3.393,0.447
12:52:21.549,2391.8121,119298,-3.387,0.592
12:52:21.582,2391.8321,119299,-3.413,0.728
12:52:21.582,2391.8521,119300,-3.433,0.583
12:52:21.608,2391.8721,119301,-3.576,0.498
12:52:21.624,2391.8921,119302,-3.688,0.599
12:52:21.656,2391.9121,119303,-3.63,0.494
12:52:21.667,2391.9321,119304,-3.514,0.6
12:52:21.699,2391.9521,119305,-3.636,0.568
12:52:21.700,2391.9721,119306,-3.586,0.449
12:52:21.730,2391.9921,119307,-3.502,0.578
12:52:21.746,2392.0121,119308,-3.571,0.445
12:52:21.773,2392.0321,119309,-3.598,0.592
12:52:21.821,2392.0521,119310,-3.496,0.658
12:52:21.821,2392.0721,119311,-3.618,0.549
12:52:21.821,2392.0921,119312,-3.56,0.656
12:52:21.848,2392.1121,119313,-3.635,0.555
12:52:21.865,2392.1321,119314,-3.762,0.451
12:52:21.896,2392.1521,119315,-3.888,0.568
12:52:21.938,2392.1721,119316,-3.861,0.429
12:52:21.944,2392.1921,119317,-3.73,0.529
12:52:21.944,2392.2121,119318,-3.597,0.601
12:52:21.970,2392.2321,119319,-3.557,0.742
12:52:21.986,2392.2521,119320,-3.656,0.654
12:52:22.013,2392.2721,119321,-3.521,0.549
12:52:22.044,2392.2921,119322,-3.608,0.687
12:52:22.044,2392.3121,119323,-3.55,0.571
12:52:22.076,2392.3321,119324,-3.719,0.641
12:52:22.087,2392.3521,119325,-3.608,0.549
12:52:22.103,2392.3721,119326,-3.508,0.499
12:52:22.136,2392.3921,119327,-3.627,0.506
12:52:22.178,2392.4121,119328,-3.532,0.638
12:52:22.179,2392.4321,119329,-3.702,0.621
12:52:22.184,2392.4521,119330,-3.576,0.511
12:52:22.211,2392.4721,119331,-3.677,0.432
12:52:22.227,2392.4921,119332,-3.602,0.572
12:52:22.254,2392.5121,119333,-3.543,0.689
12:52:22.286,2392.5321,119334,-3.463,0.584
12:52:22.286,2392.5521,119335,-3.515,0.45
12:52:22.318,2392.5721,119336,-3.457,0.589
12:52:22.328,2392.5921,119337,-3.494,0.737
12:52:22.344,2392.6121,119338,-3.589,0.612
12:52:22.376,2392.6321,119339,-3.578,0.463
12:52:22.404,2392.6521,119340,-3.485,0.59
12:52:22.409,2392.6721,119341,-3.431,0.467
12:52:22.436,2392.6921,119342,-3.404,0.613
12:52:22.452,2392.7121,119343,-3.57,0.556
12:52:22.463,2392.7321,119344,-3.712,0.657
12:52:22.494,2392.7521,119345,-3.663,0.801
12:52:22.526,2392.7721,119346,-3.569,0.656
12:52:22.526,2392.7921,119347,-3.536,0.793
12:52:22.553,2392.8121,119348,-3.6,0.672
12:52:22.570,2392.8321,119349,-3.656,0.536
12:52:22.585,2392.8521,119350,-3.499,0.584
12:52:22.618,2392.8721,119351,-3.603,0.65
12:52:22.645,2392.8921,119352,-3.435,0.626
12:52:22.645,2392.9121,119353,-3.609,0.653
12:52:22.677,2392.9321,119354,-3.434,0.63
12:52:22.688,2392.9521,119355,-3.407,0.498
12:52:22.703,2392.9721,119356,-3.371,0.642
12:52:22.766,2392.9921,119357,-3.487,0.524
12:52:22.767,2393.0121,119358,-3.611,0.438
12:52:22.767,2393.0321,119359,-3.441,0.488
12:52:22.794,2393.0521,119360,-3.614,0.542
12:52:22.810,2393.0721,119361,-3.559,0.674
12:52:22.826,2393.0921,119362,-3.703,0.592
12:52:22.884,2393.1121,119363,-3.544,0.652
12:52:22.884,2393.1321,119364,-3.667,0.619
12:52:22.890,2393.1521,119365,-3.5,0.538
12:52:22.916,2393.1721,119366,-3.562,0.394
12:52:22.927,2393.1921,119367,-3.529,0.53
12:52:22.943,2393.2121,119368,-3.641,0.659
12:52:23.006,2393.2321,119369,-3.654,0.512
12:52:23.006,2393.2521,119370,-3.527,0.616
12:52:23.006,2393.2721,119371,-3.36,0.622
12:52:23.033,2393.2921,119372,-3.531,0.58
12:52:23.049,2393.3121,119373,-3.701,0.55
12:52:23.065,2393.3321,119374,-3.534,0.562
12:52:23.124,2393.3521,119375,-3.67,0.649
12:52:23.124,2393.3721,119376,-3.684,0.506
12:52:23.129,2393.3921,119377,-3.524,0.571
12:52:23.155,2393.4121,119378,-3.346,0.56
12:52:23.172,2393.4321,119379,-3.526,0.562
12:52:23.199,2393.4521,119380,-3.485,0.699
12:52:23.199,2393.4721,119381,-3.653,0.662
12:52:23.230,2393.4921,119382,-3.638,0.505
12:52:23.247,2393.5121,119383,-3.571,0.624
12:52:23.289,2393.5321,119384,-3.54,0.767
12:52:23.289,2393.5521,119385,-3.43,0.638
12:52:23.305,2393.5721,119386,-3.436,0.498
12:52:23.347,2393.5921,119387,-3.418,0.642
12:52:23.353,2393.6165,119388,-3.633,0.609
12:52:23.363,2393.6321,119389,-3.678,0.515
12:52:23.410,2393.6521,119390,-3.544,0.448
12:52:23.410,2393.6721,119391,-3.45,0.58
12:52:23.427,2393.6921,119392,-3.401,0.711
12:52:23.468,2393.7121,119393,-3.472,0.573
12:52:23.473,2393.7321,119394,-3.536,0.435
12:52:23.484,2393.7521,119395,-3.616,0.58
12:52:23.515,2393.7721,119396,-3.535,0.715
12:52:23.531,2393.7921,119397,-3.668,0.77
12:52:23.546,2393.8121,119398,-3.598,0.671
12:52:23.589,2393.8321,119399,-3.773,0.656
12:52:23.589,2393.8521,119400,-3.738,0.513
12:52:23.620,2393.8721,119401,-3.686,0.64
12:52:23.621,2393.8921,119402,-3.588,0.729
12:52:23.647,2393.9121,119403,-3.696,0.845
12:52:23.664,2393.9321,119404,-3.74,0.704
12:52:23.711,2393.9521,119405,-3.843,0.632
12:52:23.711,2393.9721,119406,-3.694,0.568
12:52:23.727,2393.9921,119407,-3.6,0.694
12:52:23.754,2394.0121,119408,-3.684,0.787
12:52:23.770,2394.0321,119409,-3.71,0.64
12:52:23.786,2394.0521,119410,-3.747,0.498
12:52:23.829,2394.0721,119411,-3.771,0.647
12:52:23.829,2394.0921,119412,-3.734,0.797
12:52:23.845,2394.1121,119413,-3.665,0.651
12:52:23.878,2394.1321,119414,-3.537,0.733
12:52:23.888,2394.1521,119415,-3.571,0.593
12:52:23.904,2394.1721,119416,-3.646,0.692
12:52:23.947,2394.1921,119417,-3.712,0.564
12:52:23.953,2394.2121,119418,-3.592,0.554
12:52:23.964,2394.2321,119419,-3.698,0.613
12:52:23.995,2394.2521,119420,-3.862,0.646
12:52:24.011,2394.2721,119421,-3.741,0.647
12:52:24.027,2394.2921,119422,-3.603,0.724
12:52:24.071,2394.3121,119423,-3.671,0.609
12:52:24.071,2394.3321,119424,-3.564,0.661
12:52:24.087,2394.3521,119425,-3.654,0.568
12:52:24.113,2394.3721,119426,-3.688,0.428
12:52:24.129,2394.3921,119427,-3.566,0.371
12:52:24.145,2394.4121,119428,-3.648,0.468
12:52:24.177,2394.4321,119429,-3.637,0.6
12:52:24.188,2394.4521,119430,-3.524,0.716
12:52:24.204,2394.4721,119431,-3.561,0.578
12:52:24.235,2394.4921,119432,-3.388,0.605
12:52:24.252,2394.5121,119433,-3.554,0.544
12:52:24.294,2394.5321,119434,-3.448,0.67
12:52:24.294,2394.5521,119435,-3.468,0.806
12:52:24.309,2394.5721,119436,-3.514,0.677
12:52:24.341,2394.5921,119437,-3.537,0.534
12:52:24.341,2394.6121,119438,-3.473,0.676
12:52:24.367,2394.6321,119439,-3.601,0.567
12:52:24.383,2394.6521,119440,-3.555,0.438
12:52:24.415,2394.6721,119441,-3.558,0.587
12:52:24.432,2394.6921,119442,-3.57,0.726
12:52:24.443,2394.7121,119443,-3.582,0.585
12:52:24.475,2394.7321,119444,-3.532,0.714
12:52:24.491,2394.7521,119445,-3.465,0.564
12:52:24.507,2394.7721,119446,-3.451,0.704
12:52:24.534,2394.7921,119447,-3.57,0.589
12:52:24.549,2394.8121,119448,-3.404,0.519
12:52:24.565,2394.8321,119449,-3.58,0.483
12:52:24.597,2394.8521,119450,-3.433,0.566
12:52:24.608,2394.8721,119451,-3.556,0.456
12:52:24.656,2394.8921,119452,-3.448,0.416
12:52:24.656,2394.9121,119453,-3.464,0.554
12:52:24.672,2394.9321,119454,-3.424,0.683
12:52:24.687,2394.9521,119455,-3.45,0.535
12:52:24.715,2394.9721,119456,-3.572,0.656
12:52:24.773,2394.9921,119457,-3.402,0.595
12:52:24.779,2395.0121,119458,-3.502,0.487
12:52:24.779,2395.0321,119459,-3.554,0.632
12:52:24.789,2395.0521,119460,-3.557,0.778
12:52:24.805,2395.0721,119461,-3.639,0.677
12:52:24.848,2395.0921,119462,-3.52,0.686
12:52:24.854,2395.1121,119463,-3.607,0.591
12:52:24.896,2395.1321,119464,-3.783,0.635
12:52:24.896,2395.1521,119465,-3.641,0.574
12:52:24.912,2395.1721,119466,-3.693,0.73
12:52:24.923,2395.1921,119467,-3.716,0.58
12:52:24.955,2395.2121,119468,-3.611,0.702
12:52:24.971,2395.2321,119469,-3.435,0.727
12:52:25.014,2395.2521,119470,-3.572,0.647
12:52:25.014,2395.2721,119471,-3.451,0.734
12:52:25.029,2395.2921,119472,-3.514,0.604
12:52:25.060,2395.3121,119473,-3.336,0.623
12:52:25.060,2395.3321,119474,-3.446,0.667
12:52:25.087,2395.3521,119475,-3.613,0.642
12:52:25.120,2395.3721,119476,-3.668,0.76
12:52:25.120,2395.3921,119477,-3.594,0.615
12:52:25.163,2395.4121,119478,-3.502,0.741
12:52:25.168,2395.4321,119479,-3.363,0.828
12:52:25.195,2395.4521,119480,-3.515,0.745
12:52:25.211,2395.4721,119481,-3.548,0.6
12:52:25.238,2395.4921,119482,-3.381,0.55
12:52:25.244,2395.5121,119483,-3.412,0.699
12:52:25.270,2395.5321,119484,-3.576,0.774
12:52:25.301,2395.5521,119485,-3.529,0.63
12:52:25.302,2395.5721,119486,-3.485,0.481
12:52:25.328,2395.5921,119487,-3.337,0.556
12:52:25.360,2395.6121,119488,-3.463,0.643
12:52:25.360,2395.6321,119489,-3.445,0.516
12:52:25.392,2395.6521,119490,-3.571,0.496
12:52:25.408,2395.6721,119491,-3.503,0.603
12:52:25.434,2395.6921,119492,-3.52,0.753
12:52:25.450,2395.7121,119493,-3.659,0.708
12:52:25.477,2395.7321,119494,-3.49,0.653
12:52:25.483,2395.7521,119495,-3.649,0.625
12:52:25.509,2395.7721,119496,-3.682,0.487
12:52:25.526,2395.7921,119497,-3.581,0.569
12:52:25.557,2395.8121,119498,-3.627,0.433
12:52:25.600,2395.8321,119499,-3.664,0.589
12:52:25.600,2395.8521,119500,-3.591,0.714
12:52:25.605,2395.8721,119501,-3.446,0.626
12:52:25.632,2395.8921,119502,-3.536,0.526
12:52:25.647,2395.9121,119503,-3.38,0.559
12:52:25.722,2395.9321,119504,-3.272,0.511
12:52:25.722,2395.9521,119505,-3.337,0.616
12:52:25.722,2395.9721,119506,-3.347,0.761
12:52:25.722,2395.9921,119507,-3.378,0.63
12:52:25.748,2396.0121,119508,-3.313,0.75
12:52:25.764,2396.0321,119509,-3.411,0.626
12:52:25.795,2396.0521,119510,-3.541,0.547
12:52:25.838,2396.0721,119511,-3.434,0.612
12:52:25.844,2396.0921,119512,-3.606,0.594
12:52:25.844,2396.1121,119513,-3.683,0.688
12:52:25.871,2396.1321,119514,-3.523,0.609
12:52:25.887,2396.1521,119515,-3.417,0.673
12:52:25.914,2396.1721,119516,-3.598,0.664
12:52:25.962,2396.1921,119517,-3.735,0.602
12:52:25.962,2396.2121,119518,-3.572,0.538
12:52:25.962,2396.2321,119519,-3.662,0.409
12:52:25.989,2396.2521,119520,-3.542,0.417
12:52:26.005,2396.2721,119521,-3.578,0.539
12:52:26.033,2396.2921,119522,-3.627,0.693
12:52:26.064,2396.3121,119523,-3.55,0.55
12:52:26.064,2396.3321,119524,-3.651,0.627
12:52:26.096,2396.3521,119525,-3.574,0.762
12:52:26.112,2396.3721,119526,-3.666,0.63
12:52:26.123,2396.3921,119527,-3.57,0.708
12:52:26.154,2396.4121,119528,-3.599,0.567
12:52:26.186,2396.4321,119529,-3.697,0.464
12:52:26.186,2396.4521,119530,-3.607,0.592
12:52:26.213,2396.4721,119531,-3.636,0.725
12:52:26.229,2396.4921,119532,-3.55,0.641
12:52:26.244,2396.5121,119533,-3.679,0.652
12:52:26.277,2396.5321,119534,-3.646,0.52
12:52:26.303,2396.5521,119535,-3.723,0.657
12:52:26.309,2396.5721,119536,-3.603,0.731
12:52:26.336,2396.5921,119537,-3.731,0.845
12:52:26.352,2396.6121,119538,-3.708,0.702
12:52:26.363,2396.6321,119539,-3.679,0.553
12:52:26.395,2396.6521,119540,-3.567,0.428
12:52:26.427,2396.6721,119541,-3.64,0.532
12:52:26.427,2396.6921,119542,-3.576,0.642
12:52:26.453,2396.7121,119543,-3.688,0.597
12:52:26.470,2396.7321,119544,-3.792,0.651
12:52:26.485,2396.7521,119545,-3.708,0.551
12:52:26.518,2396.7721,119546,-3.562,0.58
12:52:26.544,2396.7921,119547,-3.552,0.726
12:52:26.544,2396.8121,119548,-3.512,0.572
12:52:26.576,2396.8321,119549,-3.394,0.689
12:52:26.592,2396.8521,119550,-3.368,0.535
12:52:26.618,2396.8721,119551,-3.401,0.682
12:52:26.624,2396.8921,119552,-3.329,0.539
12:52:26.666,2396.9121,119553,-3.395,0.398
12:52:26.666,2396.9321,119554,-3.452,0.514
12:52:26.693,2396.9521,119555,-3.355,0.592
12:52:26.740,2396.9721,119556,-3.52,0.665
12:52:26.740,2396.9921,119557,-3.548,0.522
12:52:26.740,2397.0121,119558,-3.388,0.59
12:52:26.783,2397.0321,119559,-3.555,0.536
12:52:26.788,2397.0521,119560,-3.558,0.682
12:52:26.815,2397.0721,119561,-3.546,0.83
12:52:26.831,2397.0921,119562,-3.623,0.694
12:52:26.848,2397.1121,119563,-3.472,0.603
12:52:26.906,2397.1321,119564,-3.403,0.496
12:52:26.907,2397.1521,119565,-3.295,0.433
12:52:26.907,2397.1721,119566,-3.394,0.573
12:52:26.933,2397.1921,119567,-3.467,0.672
12:52:26.950,2397.2121,119568,-3.632,0.632
12:52:26.966,2397.2321,119569,-3.756,0.595
12:52:27.008,2397.2521,119570,-3.587,0.54
12:52:27.014,2397.2721,119571,-3.592,0.388
12:52:27.040,2397.2921,119572,-3.51,0.492
12:52:27.040,2397.3121,119573,-3.479,0.338
12:52:27.072,2397.3321,119574,-3.486,0.484
12:52:27.088,2397.3521,119575,-3.605,0.522
12:52:27.130,2397.3721,119576,-3.491,0.487
12:52:27.130,2397.3921,119577,-3.422,0.627
12:52:27.146,2397.4121,119578,-3.536,0.654
12:52:27.173,2397.4321,119579,-3.408,0.702
12:52:27.189,2397.4521,119580,-3.473,0.562
12:52:27.205,2397.4721,119581,-3.412,0.419
12:52:27.248,2397.4921,119582,-3.561,0.49
12:52:27.253,2397.5121,119583,-3.627,0.627
12:52:27.264,2397.5321,119584,-3.565,0.761
12:52:27.295,2397.5521,119585,-3.46,0.843
12:52:27.312,2397.5721,119586,-3.494,0.699
12:52:27.328,2397.5921,119587,-3.586,0.563
12:52:27.371,2397.6121,119588,-3.495,0.68
12:52:27.371,2397.6321,119589,-3.65,0.615
12:52:27.387,2397.6521,119590,-3.787,0.69
12:52:27.414,2397.6721,119591,-3.621,0.741
12:52:27.431,2397.6921,119592,-3.735,0.632
12:52:27.462,2397.7121,119593,-3.875,0.735
12:52:27.463,2397.7321,119594,-3.727,0.823
12:52:27.489,2397.7521,119595,-3.709,0.687
12:52:27.505,2397.7721,119596,-3.531,0.646
12:52:27.563,2397.7921,119597,-3.65,0.588
12:52:27.568,2397.8121,119598,-3.58,0.487
12:52:27.568,2397.8321,119599,-3.538,0.627
12:52:27.611,2397.8521,119600,-3.669,0.722
12:52:27.612,2397.8721,119601,-3.632,0.599
12:52:27.628,2397.8921,119602,-3.562,0.728
12:52:27.654,2397.9121,119603,-3.608,0.6
12:52:27.671,2397.9321,119604,-3.733,0.49
12:52:27.687,2397.9521,119605,-3.671,0.61
12:52:27.729,2397.9721,119606,-3.564,0.668
12:52:27.729,2397.9921,119607,-3.66,0.579
12:52:27.745,2398.0121,119608,-3.816,0.65
12:52:27.777,2398.0321,119609,-3.665,0.727
12:52:27.788,2398.0521,119610,-3.593,0.861
12:52:27.803,2398.0721,119611,-3.647,0.718
12:52:27.851,2398.0921,119612,-3.515,0.609
12:52:27.851,2398.1121,119613,-3.619,0.488
12:52:27.878,2398.1321,119614,-3.536,0.348
12:52:27.883,2398.1521,119615,-3.52,0.486
12:52:27.910,2398.1721,119616,-3.549,0.625
12:52:27.927,2398.1921,119617,-3.659,0.765
12:52:27.954,2398.2121,119618,-3.641,0.616
12:52:27.986,2398.2321,119619,-3.699,0.475
12:52:27.986,2398.2521,119620,-3.678,0.615
12:52:28.017,2398.2721,119621,-3.507,0.666
12:52:28.028,2398.2921,119622,-3.653,0.728
12:52:28.044,2398.3121,119623,-3.477,0.727
12:52:28.091,2398.3321,119624,-3.432,0.579
12:52:28.091,2398.3521,119625,-3.443,0.727
12:52:28.108,2398.3721,119626,-3.589,0.656
12:52:28.135,2398.3921,119627,-3.641,0.512
12:52:28.152,2398.4121,119628,-3.506,0.492
12:52:28.167,2398.4321,119629,-3.543,0.637
12:52:28.195,2398.4521,119630,-3.693,0.719
12:52:28.226,2398.4721,119631,-3.549,0.647
12:52:28.226,2398.4921,119632,-3.408,0.548
12:52:28.253,2398.5121,119633,-3.526,0.544
12:52:28.269,2398.5321,119634,-3.469,0.674
12:52:28.316,2398.5521,119635,-3.323,0.584
12:52:28.316,2398.5721,119636,-3.338,0.436
12:52:28.332,2398.5921,119637,-3.448,0.33
12:52:28.343,2398.6121,119638,-3.461,0.466
12:52:28.374,2398.6321,119639,-3.609,0.557
12:52:28.389,2398.6521,119640,-3.564,0.412
12:52:28.437,2398.6721,119641,-3.491,0.536
12:52:28.437,2398.6921,119642,-3.587,0.622
12:52:28.448,2398.7121,119643,-3.482,0.697
12:52:28.465,2398.7321,119644,-3.553,0.556
12:52:28.507,2398.7521,119645,-3.435,0.443
12:52:28.513,2398.7721,119646,-3.57,0.346
12:52:28.555,2398.7921,119647,-3.537,0.49
12:52:28.555,2398.8121,119648,-3.449,0.622
12:52:28.571,2398.8321,119649,-3.365,0.715
12:52:28.588,2398.8521,119650,-3.419,0.583
12:52:28.615,2398.8721,119651,-3.595,0.613
12:52:28.631,2398.8921,119652,-3.509,0.732
12:52:28.674,2398.9121,119653,-3.467,0.583
12:52:28.674,2398.9321,119654,-3.483,0.436
12:52:28.690,2398.9521,119655,-3.637,0.518
12:52:28.706,2398.9721,119656,-3.712,0.615
12:52:28.738,2398.9921,119657,-3.557,0.634
12:52:28.749,2399.0121,119658,-3.381,0.663
12:52:28.796,2399.0321,119659,-3.436,0.781
12:52:28.796,2399.0521,119660,-3.527,0.649
12:52:28.808,2399.0721,119661,-3.368,0.707
12:52:28.823,2399.0921,119662,-3.519,0.705
12:52:28.871,2399.1121,119663,-3.584,0.564
12:52:28.871,2399.1321,119664,-3.4,0.562
12:52:28.897,2399.1521,119665,-3.463,0.446
12:52:28.903,2399.1721,119666,-3.352,0.46
12:52:28.929,2399.1921,119667,-3.348,0.602
12:52:28.946,2399.2121,119668,-3.474,0.489
12:52:28.977,2399.2321,119669,-3.368,0.569
12:52:28.988,2399.2521,119670,-3.417,0.688
12:52:29.020,2399.2721,119671,-3.486,0.55
12:52:29.020,2399.2921,119672,-3.306,0.519
12:52:29.051,2399.3121,119673,-3.443,0.422
12:52:29.067,2399.3321,119674,-3.621,0.419
12:52:29.094,2399.3521,119675,-3.548,0.552
12:52:29.111,2399.3721,119676,-3.592,0.419
12:52:29.127,2399.3921,119677,-3.494,0.524
12:52:29.153,2399.4121,119678,-3.364,0.617
12:52:29.169,2399.4321,119679,-3.536,0.583
12:52:29.185,2399.4521,119680,-3.459,0.485
12:52:29.232,2399.4721,119681,-3.553,0.619
12:52:29.232,2399.4921,119682,-3.701,0.699
12:52:29.259,2399.5121,119683,-3.583,0.678
12:52:29.259,2399.5321,119684,-3.407,0.645
12:52:29.291,2399.5521,119685,-3.592,0.621
12:52:29.307,2399.5721,119686,-3.414,0.6
12:52:29.334,2399.5921,119687,-3.273,0.705
12:52:29.377,2399.6121,119688,-3.433,0.634
12:52:29.383,2399.6321,119689,-3.529,0.508
12:52:29.383,2399.6521,119690,-3.639,0.546
12:52:29.410,2399.6721,119691,-3.498,0.56
12:52:29.426,2399.6921,119692,-3.386,0.655
12:52:29.454,2399.7121,119693,-3.314,0.761
12:52:29.486,2399.7321,119694,-3.419,0.702
12:52:29.486,2399.7521,119695,-3.499,0.594
12:52:29.518,2399.7721,119696,-3.324,0.569
12:52:29.544,2399.7921,119697,-3.423,0.493
12:52:29.544,2399.8121,119698,-3.245,0.498
12:52:29.587,2399.8321,119699,-3.379,0.569
12:52:29.593,2399.8521,119700,-3.357,0.418
12:52:29.620,2399.8721,119701,-3.286,0.538
12:52:29.620,2399.8921,119702,-3.386,0.65
12:52:29.652,2399.9121,119703,-3.446,0.508
12:52:29.663,2399.9321,119704,-3.268,0.476
12:52:29.695,2399.9521,119705,-3.367,0.606
12:52:29.752,2399.9721,119706,-3.547,0.626
12:52:29.758,2399.9921,119707,-3.417,0.622
12:52:29.758,2400.0121,119708,-3.283,0.729
12:52:29.769,2400.0321,119709,-3.442,0.667
12:52:29.785,2400.0521,119710,-3.521,0.562
12:52:29.816,2400.0721,119711,-3.471,0.707
12:52:29.843,2400.0921,119712,-3.417,0.577
12:52:29.849,2400.1121,119713,-3.549,0.52
12:52:29.876,2400.1321,119714,-3.46,0.619
12:52:29.892,2400.1521,119715,-3.418,0.754
12:52:29.903,2400.1721,119716,-3.509,0.644
12:52:29.935,2400.1921,119717,-3.486,0.499
12:52:29.966,2400.2121,119718,-3.432,0.373
12:52:29.967,2400.2321,119719,-3.571,0.479
12:52:29.993,2400.2521,119720,-3.425,0.467
12:52:30.009,2400.2721,119721,-3.524,0.548
12:52:30.026,2400.2921,119722,-3.697,0.515
12:52:30.084,2400.3121,119723,-3.711,0.646
12:52:30.084,2400.3321,119724,-3.566,0.547
12:52:30.089,2400.3521,119725,-3.664,0.678
12:52:30.116,2400.3721,119726,-3.547,0.588
12:52:30.127,2400.3921,119727,-3.485,0.728
12:52:30.143,2400.4121,119728,-3.373,0.707
12:52:30.174,2400.4321,119729,-3.443,0.593
12:52:30.206,2400.4521,119730,-3.56,0.537
12:52:30.207,2400.4721,119731,-3.717,0.603
12:52:30.234,2400.4921,119732,-3.639,0.71
12:52:30.249,2400.5121,119733,-3.751,0.73
12:52:30.265,2400.5321,119734,-3.584,0.678
12:52:30.324,2400.5521,119735,-3.664,0.542
12:52:30.324,2400.5721,119736,-3.504,0.572
12:52:30.330,2400.5921,119737,-3.618,0.69
12:52:30.356,2400.6121,119738,-3.586,0.561
12:52:30.372,2400.6321,119739,-3.423,0.585
12:52:30.399,2400.6521,119740,-3.522,0.461
12:52:30.399,2400.6721,119741,-3.63,0.55
12:52:30.446,2400.6921,119742,-3.523,0.636
12:52:30.447,2400.7121,119743,-3.544,0.493
12:52:30.473,2400.7321,119744,-3.583,0.622
12:52:30.489,2400.7521,119745,-3.562,0.77
12:52:30.505,2400.7721,119746,-3.646,0.638
12:52:30.563,2400.7921,119747,-3.558,0.51
12:52:30.568,2400.8121,119748,-3.645,0.413
12:52:30.568,2400.8321,119749,-3.565,0.521
12:52:30.595,2400.8521,119750,-3.51,0.404
12:52:30.611,2400.8721,119751,-3.566,0.551
12:52:30.628,2400.8921,119752,-3.582,0.701
12:52:30.687,2400.9121,119753,-3.629,0.568
12:52:30.687,2400.9321,119754,-3.714,0.459
12:52:30.687,2400.9521,119755,-3.563,0.539
12:52:30.714,2400.9721,119756,-3.542,0.409
12:52:30.731,2400.9921,119757,-3.663,0.417
12:52:30.747,2401.0121,119758,-3.694,0.542
12:52:30.789,2401.0321,119759,-3.585,0.421
12:52:30.789,2401.0521,119760,-3.643,0.542
12:52:30.805,2401.0721,119761,-3.537,0.623
12:52:30.848,2401.0921,119762,-3.585,0.479
12:52:30.853,2401.1121,119763,-3.41,0.443
12:52:30.864,2401.1321,119764,-3.543,0.557
12:52:30.895,2401.1521,119765,-3.702,0.63
12:52:30.911,2401.1721,119766,-3.529,0.655
12:52:30.927,2401.1921,119767,-3.487,0.533
12:52:30.954,2401.2121,119768,-3.454,0.68
12:52:30.970,2401.2321,119769,-3.499,0.551
12:52:30.986,2401.2521,119770,-3.594,0.694
12:52:31.028,2401.2721,119771,-3.595,0.554
12:52:31.034,2401.2921,119772,-3.485,0.431
12:52:31.044,2401.3121,119773,-3.369,0.543
12:52:31.076,2401.3321,119774,-3.435,0.668
12:52:31.092,2401.3521,119775,-3.392,0.538
12:52:31.103,2401.3721,119776,-3.475,0.43
12:52:31.151,2401.3921,119777,-3.47,0.291
12:52:31.151,2401.4121,119778,-3.483,0.432
12:52:31.167,2401.4321,119779,-3.535,0.58
12:52:31.194,2401.4521,119780,-3.661,0.553
12:52:31.210,2401.4721,119781,-3.691,0.417
12:52:31.227,2401.4921,119782,-3.528,0.482
12:52:31.270,2401.5121,119783,-3.493,0.619
12:52:31.270,2401.5321,119784,-3.448,0.751
12:52:31.286,2401.5521,119785,-3.454,0.603
12:52:31.318,2401.5721,119786,-3.521,0.467
12:52:31.329,2401.5921,119787,-3.38,0.576
12:52:31.345,2401.6121,119788,-3.285,0.658
12:52:31.387,2401.6321,119789,-3.373,0.54
12:52:31.393,2401.6521,119790,-3.546,0.525
12:52:31.403,2401.6721,119791,-3.585,0.67
12:52:31.435,2401.6921,119792,-3.467,0.621
12:52:31.451,2401.7121,119793,-3.439,0.488
12:52:31.468,2401.7321,119794,-3.343,0.342
12:52:31.526,2401.7521,119795,-3.508,0.399
12:52:31.527,2401.7721,119796,-3.555,0.548
12:52:31.527,2401.7921,119797,-3.645,0.429
12:52:31.553,2401.8121,119798,-3.82,0.462
12:52:31.569,2401.8321,119799,-3.664,0.472
12:52:31.585,2401.8521,119800,-3.552,0.583
12:52:31.628,2401.8721,119801,-3.69,0.59
12:52:31.633,2401.8921,119802,-3.63,0.456
12:52:31.644,2401.9121,119803,-3.683,0.311
12:52:31.676,2401.9321,119804,-3.557,0.422
12:52:31.692,2401.9521,119805,-3.652,0.499
12:52:31.733,2401.9721,119806,-3.709,0.356
12:52:31.739,2401.9921,119807,-3.578,0.445
12:52:31.750,2402.0121,119808,-3.69,0.486
12:52:31.766,2402.0321,119809,-3.851,0.551
12:52:31.797,2402.0521,119810,-3.692,0.601
12:52:31.808,2402.0721,119811,-3.679,0.466
12:52:31.823,2402.0921,119812,-3.522,0.541
12:52:31.856,2402.1121,119813,-3.423,0.666
12:52:31.872,2402.1321,119814,-3.496,0.545
12:52:31.883,2402.1521,119815,-3.335,0.457
12:52:31.914,2402.1721,119816,-3.471,0.566
12:52:31.930,2402.1921,119817,-3.654,0.547
12:52:31.972,2402.2121,119818,-3.518,0.513
12:52:31.978,2402.2321,119819,-3.423,0.412
12:52:31.989,2402.2521,119820,-3.49,0.519
12:52:32.005,2402.2721,119821,-3.425,0.644
12:52:32.037,2402.2921,119822,-3.317,0.674
12:52:32.064,2402.3121,119823,-3.389,0.543
12:52:32.069,2402.3321,119824,-3.47,0.442
12:52:32.096,2402.3521,119825,-3.484,0.594
12:52:32.107,2402.3721,119826,-3.507,0.455
12:52:32.123,2402.3921,119827,-3.563,0.606
12:52:32.171,2402.4121,119828,-3.592,0.463
12:52:32.171,2402.4321,119829,-3.502,0.587
12:52:32.214,2402.4521,119830,-3.53,0.718
12:52:32.214,2402.4721,119831,-3.581,0.574
12:52:32.230,2402.4921,119832,-3.532,0.455
12:52:32.247,2402.5121,119833,-3.707,0.459
12:52:32.273,2402.5321,119834,-3.708,0.604
12:52:32.289,2402.5521,119835,-3.538,0.641
12:52:32.336,2402.5721,119836,-3.601,0.533
12:52:32.336,2402.5921,119837,-3.436,0.582
12:52:32.352,2402.6121,119838,-3.559,0.608
12:52:32.363,2402.6321,119839,-3.618,0.469
12:52:32.395,2402.6521,119840,-3.556,0.603
12:52:32.411,2402.6721,119841,-3.387,0.548
12:52:32.453,2402.6921,119842,-3.499,0.48
12:52:32.459,2402.7121,119843,-3.366,0.577
12:52:32.485,2402.7321,119844,-3.256,0.613
12:52:32.485,2402.7521,119845,-3.336,0.521
12:52:32.518,2402.7721,119846,-3.512,0.546
12:52:32.528,2402.7921,119847,-3.401,0.602
12:52:32.576,2402.8121,119848,-3.393,0.454
12:52:32.587,2402.8321,119849,-3.492,0.355
12:52:32.593,2402.8521,119850,-3.479,0.505
12:52:32.604,2402.8721,119851,-3.58,0.632
12:52:32.636,2402.8921,119852,-3.394,0.635
12:52:32.652,2402.9121,119853,-3.496,0.558
12:52:32.694,2402.9321,119854,-3.578,0.465
12:52:32.694,2402.9521,119855,-3.483,0.555
12:52:32.710,2402.9721,119856,-3.573,0.424
12:52:32.726,2402.9921,119857,-3.524,0.555
12:52:32.753,2403.0121,119858,-3.397,0.615
12:52:32.769,2403.0321,119859,-3.558,0.577
12:52:32.801,2403.0521,119860,-3.463,0.446
12:52:32.801,2403.0721,119861,-3.455,0.308
12:52:32.832,2403.0921,119862,-3.4,0.45
12:52:32.843,2403.1121,119863,-3.579,0.486
12:52:32.875,2403.1321,119864,-3.446,0.448
12:52:32.891,2403.1521,119865,-3.338,0.549
12:52:32.907,2403.1721,119866,-3.501,0.507
12:52:32.933,2403.1921,119867,-3.605,0.57
12:52:32.950,2403.2121,119868,-3.603,0.721
12:52:32.966,2403.2321,119869,-3.567,0.579
12:52:32.993,2403.2521,119870,-3.458,0.64
12:52:33.008,2403.2721,119871,-3.493,0.503
12:52:33.041,2403.2921,119872,-3.566,0.651
12:52:33.041,2403.3121,119873,-3.423,0.55
12:52:33.068,2403.3321,119874,-3.577,0.511
12:52:33.083,2403.3521,119875,-3.633,0.647
12:52:33.115,2403.3721,119876,-3.538,0.725
12:52:33.157,2403.3921,119877,-3.553,0.578
12:52:33.163,2403.4121,119878,-3.474,0.686
12:52:33.163,2403.4321,119879,-3.407,0.534
12:52:33.190,2403.4521,119880,-3.563,0.625
12:52:33.206,2403.4721,119881,-3.611,0.492
12:52:33.234,2403.4921,119882,-3.548,0.383
12:52:33.265,2403.5121,119883,-3.502,0.529
12:52:33.265,2403.5321,119884,-3.521,0.668
12:52:33.297,2403.5521,119885,-3.589,0.55
12:52:33.308,2403.5721,119886,-3.67,0.432
12:52:33.324,2403.5921,119887,-3.543,0.477
12:52:33.355,2403.6121,119888,-3.438,0.596
12:52:33.371,2403.6321,119889,-3.285,0.642
12:52:33.397,2403.6521,119890,-3.422,0.524
12:52:33.403,2403.6721,119891,-3.509,0.455
12:52:33.430,2403.6921,119892,-3.425,0.574
12:52:33.446,2403.7121,119893,-3.566,0.465
12:52:33.473,2403.7321,119894,-3.561,0.308
12:52:33.536,2403.7521,119895,-3.437,0.424
12:52:33.537,2403.7721,119896,-3.492,0.57
12:52:33.537,2403.7921,119897,-3.329,0.624
12:52:33.552,2403.8121,119898,-3.268,0.477
12:52:33.563,2403.8321,119899,-3.442,0.489
12:52:33.594,2403.8521,119900,-3.606,0.543
12:52:33.626,2403.8721,119901,-3.462,0.508
12:52:33.626,2403.8921,119902,-3.576,0.486
12:52:33.653,2403.9121,119903,-3.458,0.561
12:52:33.669,2403.9321,119904,-3.541,0.699
12:52:33.685,2403.9521,119905,-3.424,0.779
12:52:33.717,2403.9721,119906,-3.397,0.636
12:52:33.728,2403.9921,119907,-3.482,0.516
12:52:33.744,2404.0121,119908,-3.651,0.567
12:52:33.776,2404.0321,119909,-3.543,0.691
12:52:33.792,2404.0521,119910,-3.371,0.661
12:52:33.808,2404.0721,119911,-3.513,0.619
12:52:33.835,2404.0921,119912,-3.637,0.638
12:52:33.867,2404.1121,119913,-3.533,0.57
12:52:33.867,2404.1321,119914,-3.699,0.507
12:52:33.893,2404.1521,119915,-3.647,0.383
12:52:33.910,2404.1721,119916,-3.52,0.483
12:52:33.926,2404.1921,119917,-3.578,0.604
12:52:33.957,2404.2121,119918,-3.682,0.734
12:52:33.999,2404.2321,119919,-3.656,0.592
12:52:33.999,2404.2521,119920,-3.702,0.45
12:52:34.004,2404.2721,119921,-3.593,0.415
12:52:34.043,2404.2921,119922,-3.532,0.549
12:52:34.049,2404.3121,119923,-3.496,0.401
12:52:34.102,2404.3321,119924,-3.407,0.318
12:52:34.108,2404.3521,119925,-3.46,0.437
12:52:34.108,2404.3721,119926,-3.524,0.56
12:52:34.135,2404.3921,119927,-3.459,0.44
12:52:34.151,2404.4121,119928,-3.404,0.571
12:52:34.168,2404.4321,119929,-3.524,0.585
12:52:34.210,2404.4521,119930,-3.558,0.716
12:52:34.210,2404.4721,119931,-3.612,0.585
12:52:34.226,2404.4921,119932,-3.594,0.428
12:52:34.258,2404.5121,119933,-3.488,0.487
12:52:34.268,2404.5321,119934,-3.429,0.607
12:52:34.284,2404.5521,119935,-3.447,0.744
12:52:34.316,2404.5721,119936,-3.447,0.596
12:52:34.342,2404.5921,119937,-3.334,0.568
12:52:34.348,2404.6121,119938,-3.483,0.655
12:52:34.374,2404.6321,119939,-3.667,0.661
12:52:34.390,2404.6521,119940,-3.543,0.541
12:52:34.406,2404.6721,119941,-3.709,0.481
12:52:34.448,2404.6921,119942,-3.555,0.521
12:52:34.454,2404.7121,119943,-3.414,0.601
12:52:34.465,2404.7321,119944,-3.407,0.453
12:52:34.498,2404.7521,119945,-3.306,0.316
12:52:34.508,2404.7721,119946,-3.315,0.463
12:52:34.524,2404.7921,119947,-3.366,0.613
12:52:34.556,2404.8121,119948,-3.219,0.669
12:52:34.572,2404.8321,119949,-3.368,0.591
12:52:34.583,2404.8521,119950,-3.5,0.493
12:52:34.614,2404.8721,119951,-3.353,0.519
12:52:34.631,2404.8921,119952,-3.252,0.623
12:52:34.647,2404.9121,119953,-3.387,0.567
12:52:34.690,2404.9321,119954,-3.522,0.478
12:52:34.690,2404.9521,119955,-3.402,0.483
12:52:34.706,2404.9721,119956,-3.514,0.438
12:52:34.737,2404.9921,119957,-3.69,0.425
12:52:34.749,2405.0121,119958,-3.627,0.56
12:52:34.764,2405.0321,119959,-3.568,0.69
12:52:34.811,2405.0521,119960,-3.499,0.542
12:52:34.812,2405.0721,119961,-3.512,0.402
12:52:34.827,2405.0921,119962,-3.336,0.422
12:52:34.855,2405.1121,119963,-3.41,0.557
12:52:34.871,2405.1321,119964,-3.544,0.467
12:52:34.888,2405.1521,119965,-3.384,0.515
12:52:34.931,2405.1721,119966,-3.418,0.372
12:52:34.932,2405.1921,119967,-3.601,0.389
12:52:34.947,2405.2121,119968,-3.489,0.504
12:52:34.973,2405.2321,119969,-3.346,0.555
12:52:34.990,2405.2521,119970,-3.505,0.591
12:52:35.006,2405.2721,119971,-3.434,0.729
12:52:35.048,2405.2921,119972,-3.512,0.604
12:52:35.054,2405.3121,119973,-3.627,0.486
12:52:35.064,2405.3321,119974,-3.516,0.458
12:52:35.096,2405.3521,119975,-3.502,0.6
12:52:35.112,2405.3721,119976,-3.443,0.479
12:52:35.127,2405.3921,119977,-3.343,0.396
12:52:35.154,2405.4121,119978,-3.51,0.352
12:52:35.170,2405.4321,119979,-3.633,0.472
12:52:35.186,2405.4521,119980,-3.469,0.521
12:52:35.213,2405.4721,119981,-3.627,0.584
12:52:35.229,2405.4921,119982,-3.527,0.501
12:52:35.245,2405.5121,119983,-3.545,0.637
12:52:35.287,2405.5321,119984,-3.629,0.528
12:52:35.293,2405.5521,119985,-3.719,0.665
12:52:35.304,2405.5721,119986,-3.591,0.549
12:52:35.335,2405.5921,119987,-3.501,0.413
12:52:35.352,2405.6121,119988,-3.585,0.557
12:52:35.368,2405.6321,119989,-3.55,0.405
12:52:35.394,2405.6521,119990,-3.383,0.458
12:52:35.410,2405.6721,119991,-3.541,0.49
12:52:35.426,2405.6921,119992,-3.449,0.618
12:52:35.453,2405.7121,119993,-3.559,0.495
12:52:35.469,2405.7321,119994,-3.712,0.462
12:52:35.485,2405.7521,119995,-3.565,0.543
12:52:35.517,2405.7721,119996,-3.481,0.667
12:52:35.533,2405.7921,119997,-3.608,0.552
12:52:35.559,2405.8121,119998,-3.716,0.577
12:52:35.559,2405.8321,119999,-3.831,0.516
12:52:35.606,2405.8521,120000,-3.715,0.601
12:52:35.606,2405.8721,120001,-3.553,0.605
12:52:35.633,2405.8921,120002,-3.721,0.556
12:52:35.650,2405.9121,120003,-3.609,0.673
12:52:35.666,2405.9321,120004,-3.585,0.524
12:52:35.725,2405.9521,120005,-3.495,0.61
12:52:35.725,2405.9721,120006,-3.614,0.496
12:52:35.731,2405.9921,120007,-3.612,0.353
12:52:35.757,2406.0121,120008,-3.719,0.398
12:52:35.784,2406.0321,120009,-3.65,0.526
12:52:35.784,2406.0521,120010,-3.542,0.472
12:52:35.816,2406.0721,120011,-3.513,0.617
12:52:35.832,2406.0921,120012,-3.657,0.725
12:52:35.848,2406.1121,120013,-3.51,0.811
12:52:35.874,2406.1321,120014,-3.376,0.702
12:52:35.890,2406.1521,120015,-3.397,0.553
12:52:35.905,2406.1721,120016,-3.381,0.697
12:52:35.937,2406.1921,120017,-3.201,0.681
12:52:35.948,2406.2121,120018,-3.348,0.633
12:52:36.027,2406.2321,120019,-3.331,0.486
12:52:36.027,2406.2521,120020,-3.317,0.632
12:52:36.027,2406.2721,120021,-3.168,0.626
12:52:36.032,2406.2921,120022,-3.335,0.654
12:52:36.054,2406.3121,120023,-3.388,0.504
12:52:36.070,2406.3321,120024,-3.22,0.55
12:52:36.113,2406.3521,120025,-3.381,0.52
12:52:36.118,2406.3721,120026,-3.441,0.675
12:52:36.129,2406.3921,120027,-3.488,0.531
12:52:36.145,2406.4121,120028,-3.598,0.424
12:52:36.177,2406.4321,120029,-3.464,0.53
12:52:36.189,2406.4521,120030,-3.573,0.574
12:52:36.220,2406.4721,120031,-3.466,0.681
12:52:36.220,2406.4921,120032,-3.515,0.544
12:52:36.252,2406.5121,120033,-3.353,0.489
12:52:36.279,2406.5321,120034,-3.528,0.538
12:52:36.279,2406.5521,120035,-3.438,0.625
12:52:36.312,2406.5721,120036,-3.554,0.75
12:52:36.355,2406.5921,120037,-3.446,0.632
12:52:36.355,2406.6121,120038,-3.503,0.494
12:52:36.371,2406.6321,120039,-3.395,0.549
12:52:36.387,2406.6521,120040,-3.246,0.625
12:52:36.414,2406.6721,120041,-3.416,0.619
12:52:36.430,2406.6921,120042,-3.54,0.712
12:52:36.461,2406.7121,120043,-3.528,0.582
12:52:36.461,2406.7321,120044,-3.421,0.447
12:52:36.488,2406.7521,120045,-3.506,0.537
12:52:36.504,2406.7721,120046,-3.334,0.521
12:52:36.552,2406.7921,120047,-3.423,0.391
12:52:36.552,2406.8121,120048,-3.456,0.527
12:52:36.579,2406.8321,120049,-3.398,0.374
12:52:36.579,2406.8521,120050,-3.529,0.286
12:52:36.611,2406.8721,120051,-3.584,0.422
12:52:36.627,2406.8921,120052,-3.556,0.563
12:52:36.653,2406.9121,120053,-3.406,0.481
12:52:36.669,2406.9321,120054,-3.566,0.572
12:52:36.701,2406.9521,120055,-3.412,0.492
12:52:36.701,2406.9721,120056,-3.467,0.608
12:52:36.732,2406.9921,120057,-3.363,0.667
12:52:36.743,2407.0121,120058,-3.49,0.573
12:52:36.775,2407.0321,120059,-3.6,0.459
12:52:36.791,2407.0521,120060,-3.424,0.458
12:52:36.818,2407.0721,120061,-3.473,0.608
12:52:36.823,2407.0921,120062,-3.598,0.503
12:52:36.850,2407.1121,120063,-3.441,0.422
12:52:36.865,2407.1321,120064,-3.397,0.559
12:52:36.898,2407.1521,120065,-3.544,0.65
12:52:36.940,2407.1721,120066,-3.467,0.558
12:52:36.940,2407.1921,120067,-3.374,0.419
12:52:36.940,2407.2121,120068,-3.43,0.534
12:52:36.972,2407.2321,120069,-3.552,0.547
12:52:36.983,2407.2521,120070,-3.651,0.466
12:52:37.014,2407.2721,120071,-3.532,0.496
12:52:37.062,2407.2921,120072,-3.406,0.504
12:52:37.062,2407.3121,120073,-3.452,0.369
12:52:37.062,2407.3321,120074,-3.471,0.52
12:52:37.089,2407.3521,120075,-3.415,0.669
12:52:37.105,2407.3721,120076,-3.523,0.548
12:52:37.136,2407.3921,120077,-3.461,0.659
12:52:37.178,2407.4121,120078,-3.635,0.631
12:52:37.184,2407.4321,120079,-3.787,0.66
12:52:37.184,2407.4521,120080,-3.671,0.53
12:52:37.211,2407.4721,120081,-3.554,0.644
12:52:37.227,2407.4921,120082,-3.628,0.51
12:52:37.253,2407.5121,120083,-3.476,0.448
12:52:37.301,2407.5321,120084,-3.636,0.418
12:52:37.301,2407.5521,120085,-3.803,0.474
12:52:37.301,2407.5721,120086,-3.978,0.52
12:52:37.328,2407.5921,120087,-3.832,0.605
12:52:37.344,2407.6121,120088,-3.717,0.635
12:52:37.376,2407.6321,120089,-3.828,0.564
12:52:37.392,2407.6521,120090,-3.866,0.426
12:52:37.408,2407.6721,120091,-3.704,0.477
12:52:37.435,2407.6921,120092,-3.65,0.61
12:52:37.451,2407.7121,120093,-3.74,0.491
12:52:37.468,2407.7321,120094,-3.616,0.406
12:52:37.494,2407.7521,120095,-3.493,0.288
12:52:37.526,2407.7721,120096,-3.652,0.374
12:52:37.526,2407.7921,120097,-3.635,0.518
12:52:37.557,2407.8121,120098,-3.733,0.602
12:52:37.568,2407.8321,120099,-3.558,0.631
12:52:37.584,2407.8521,120100,-3.712,0.562
12:52:37.616,2407.8721,120101,-3.637,0.443
12:52:37.643,2407.8921,120102,-3.539,0.566
12:52:37.648,2407.9121,120103,-3.654,0.455
12:52:37.675,2407.9321,120104,-3.807,0.379
12:52:37.691,2407.9521,120105,-3.717,0.494
12:52:37.707,2407.9721,120106,-3.607,0.607
12:52:37.734,2407.9921,120107,-3.449,0.546
12:52:37.765,2408.0121,120108,-3.624,0.582
12:52:37.765,2408.0321,120109,-3.613,0.73
12:52:37.793,2408.0521,120110,-3.672,0.601
12:52:37.809,2408.0721,120111,-3.513,0.56
12:52:37.826,2408.0921,120112,-3.601,0.668
12:52:37.883,2408.1121,120113,-3.491,0.731
12:52:37.889,2408.1321,120114,-3.48,0.587
12:52:37.889,2408.1521,120115,-3.644,0.665
12:52:37.915,2408.1721,120116,-3.68,0.801
12:52:37.932,2408.1921,120117,-3.609,0.68
12:52:37.943,2408.2121,120118,-3.467,0.764
12:52:37.991,2408.2321,120119,-3.556,0.673
12:52:37.991,2408.2521,120120,-3.567,0.532
12:52:38.007,2408.2721,120121,-3.72,0.444
12:52:38.033,2408.2921,120122,-3.609,0.505
12:52:38.050,2408.3121,120123,-3.458,0.592
12:52:38.066,2408.3321,120124,-3.639,0.578
12:52:38.093,2408.3521,120125,-3.578,0.716
12:52:38.124,2408.3721,120126,-3.42,0.781
12:52:38.124,2408.3921,120127,-3.565,0.701
12:52:38.156,2408.4121,120128,-3.56,0.545
12:52:38.172,2408.4321,120129,-3.68,0.663
12:52:38.183,2408.4521,120130,-3.537,0.591
12:52:38.245,2408.4721,120131,-3.394,0.679
12:52:38.246,2408.4921,120132,-3.293,0.62
12:52:38.246,2408.5121,120133,-3.443,0.564
12:52:38.273,2408.5321,120134,-3.51,0.679
12:52:38.289,2408.5521,120135,-3.61,0.824
12:52:38.305,2408.5721,120136,-3.528,0.702
12:52:38.352,2408.5921,120137,-3.61,0.615
12:52:38.353,2408.6121,120138,-3.484,0.599
12:52:38.363,2408.6321,120139,-3.423,0.735
12:52:38.395,2408.6521,120140,-3.531,0.618
12:52:38.411,2408.6721,120141,-3.702,0.659
12:52:38.438,2408.6921,120142,-3.658,0.511
12:52:38.444,2408.7121,120143,-3.657,0.373
12:52:38.470,2408.7321,120144,-3.651,0.517
12:52:38.486,2408.7521,120145,-3.725,0.665
12:52:38.528,2408.7721,120146,-3.591,0.576
12:52:38.534,2408.7921,120147,-3.571,0.44
12:52:38.544,2408.8121,120148,-3.624,0.587
12:52:38.592,2408.8321,120149,-3.57,0.717
12:52:38.592,2408.8521,120150,-3.609,0.58
12:52:38.603,2408.8721,120151,-3.728,0.577
12:52:38.652,2408.8921,120152,-3.684,0.702
12:52:38.652,2408.9121,120153,-3.813,0.624
12:52:38.663,2408.9321,120154,-3.648,0.7
12:52:38.711,2408.9521,120155,-3.538,0.824
12:52:38.711,2408.9721,120156,-3.425,0.787
12:52:38.727,2408.9921,120157,-3.422,0.646
12:52:38.754,2409.0121,120158,-3.516,0.722
12:52:38.770,2409.0321,120159,-3.566,0.584
12:52:38.786,2409.0521,120160,-3.394,0.614
12:52:38.828,2409.0721,120161,-3.528,0.509
12:52:38.834,2409.0921,120162,-3.691,0.589
12:52:38.861,2409.1121,120163,-3.669,0.736
12:52:38.861,2409.1321,120164,-3.736,0.598
12:52:38.888,2409.1521,120165,-3.624,0.689
12:52:38.904,2409.1721,120166,-3.67,0.555
12:52:38.951,2409.1921,120167,-3.69,0.407
12:52:38.951,2409.2121,120168,-3.598,0.536
12:52:38.967,2409.2321,120169,-3.641,0.675
12:52:38.993,2409.2521,120170,-3.578,0.795
12:52:39.009,2409.2721,120171,-3.52,0.642
12:52:39.025,2409.2921,120172,-3.478,0.518
12:52:39.057,2409.3121,120173,-3.369,0.586
12:52:39.068,2409.3321,120174,-3.509,0.589
12:52:39.084,2409.3521,120175,-3.623,0.556
12:52:39.116,2409.3721,120176,-3.504,0.67
12:52:39.132,2409.3921,120177,-3.521,0.522
12:52:39.148,2409.4121,120178,-3.699,0.515
12:52:39.190,2409.4321,120179,-3.578,0.629
12:52:39.190,2409.4521,120180,-3.675,0.502
12:52:39.207,2409.4721,120181,-3.661,0.648
12:52:39.234,2409.4921,120182,-3.597,0.766
12:52:39.250,2409.5121,120183,-3.696,0.641
12:52:39.267,2409.5321,120184,-3.644,0.779
12:52:39.293,2409.5521,120185,-3.575,0.666
12:52:39.308,2409.5721,120186,-3.708,0.581
12:52:39.324,2409.5921,120187,-3.551,0.646
12:52:39.356,2409.6121,120188,-3.703,0.738
12:52:39.383,2409.6321,120189,-3.594,0.611
12:52:39.388,2409.6521,120190,-3.704,0.565
12:52:39.415,2409.6721,120191,-3.536,0.621
12:52:39.431,2409.6921,120192,-3.678,0.697
12:52:39.447,2409.7121,120193,-3.563,0.701
12:52:39.489,2409.7321,120194,-3.492,0.553
12:52:39.489,2409.7521,120195,-3.519,0.41
12:52:39.505,2409.7721,120196,-3.694,0.434
12:52:39.537,2409.7921,120197,-3.705,0.585
12:52:39.548,2409.8121,120198,-3.573,0.645
12:52:39.564,2409.8321,120199,-3.432,0.541
12:52:39.595,2409.8521,120200,-3.494,0.653
12:52:39.612,2409.8721,120201,-3.661,0.604
12:52:39.627,2409.8921,120202,-3.494,0.557
12:52:39.654,2409.9121,120203,-3.593,0.652
12:52:39.670,2409.9321,120204,-3.603,0.507
12:52:39.686,2409.9521,120205,-3.431,0.456
12:52:39.718,2409.9721,120206,-3.578,0.541
12:52:39.728,2409.9921,120207,-3.508,0.673
12:52:39.776,2410.0121,120208,-3.338,0.726
12:52:39.776,2410.0321,120209,-3.43,0.628
12:52:39.792,2410.0522,120210,-3.376,0.481
12:52:39.803,2410.0721,120211,-3.368,0.629
12:52:39.834,2410.0921,120212,-3.514,0.724
12:52:39.850,2410.1121,120213,-3.584,0.599
12:52:39.908,2410.1321,120214,-3.447,0.492
12:52:39.914,2410.1521,120215,-3.343,0.541
12:52:39.914,2410.1721,120216,-3.462,0.602
12:52:39.925,2410.1921,120217,-3.353,0.537
12:52:39.956,2410.2121,120218,-3.475,0.492
12:52:39.972,2410.2321,120219,-3.614,0.589
12:52:40.014,2410.2521,120220,-3.437,0.563
12:52:40.014,2410.2721,120221,-3.554,0.521
12:52:40.030,2410.2922,120222,-3.435,0.495
12:52:40.046,2410.3121,120223,-3.294,0.57
12:52:40.078,2410.3321,120224,-3.398,0.449
12:52:40.089,2410.3521,120225,-3.411,0.299
12:52:40.105,2410.3721,120226,-3.334,0.432
12:52:40.137,2410.3921,120227,-3.509,0.461
12:52:40.153,2410.4121,120228,-3.362,0.553
12:52:40.164,2410.4321,120229,-3.478,0.559
12:52:40.196,2410.4521,120230,-3.563,0.431
12:52:40.239,2410.4721,120231,-3.461,0.509
12:52:40.244,2410.4921,120232,-3.48,0.656
12:52:40.244,2410.5121,120233,-3.495,0.807
12:52:40.271,2410.5321,120234,-3.45,0.652
12:52:40.287,2410.5521,120235,-3.571,0.612
12:52:40.313,2410.5721,120236,-3.499,0.726
12:52:40.329,2410.5921,120237,-3.48,0.58
12:52:40.360,2410.6121,120238,-3.486,0.438
12:52:40.360,2410.6321,120239,-3.621,0.476
12:52:40.403,2410.6521,120240,-3.624,0.619
12:52:40.408,2410.6721,120241,-3.448,0.615
12:52:40.435,2410.6921,120242,-3.626,0.645
12:52:40.450,2410.7121,120243,-3.751,0.664
12:52:40.478,2410.7321,120244,-3.639,0.654
12:52:40.483,2410.7521,120245,-3.605,0.514
12:52:40.510,2410.7721,120246,-3.582,0.361
12:52:40.526,2410.7921,120247,-3.592,0.501
12:52:40.557,2410.8121,120248,-3.704,0.418
12:52:40.568,2410.8321,120249,-3.595,0.532
12:52:40.599,2410.8521,120250,-3.484,0.485
12:52:40.599,2410.8721,120251,-3.487,0.633
12:52:40.631,2410.8921,120252,-3.531,0.762
12:52:40.648,2410.9121,120253,-3.498,0.608
12:52:40.674,2410.9321,120254,-3.488,0.458
12:52:40.722,2410.9521,120255,-3.606,0.512
12:52:40.722,2410.9721,120256,-3.473,0.616
12:52:40.722,2410.9921,120257,-3.496,0.47
12:52:40.749,2411.0121,120258,-3.531,0.617
12:52:40.765,2411.0321,120259,-3.412,0.569
12:52:40.796,2411.0521,120260,-3.506,0.434
12:52:40.838,2411.0721,120261,-3.416,0.528
12:52:40.844,2411.0921,120262,-3.344,0.388
12:52:40.844,2411.1121,120263,-3.453,0.432
12:52:40.870,2411.1321,120264,-3.535,0.572
12:52:40.886,2411.1521,120265,-3.672,0.531
12:52:40.918,2411.1721,120266,-3.571,0.466
12:52:40.944,2411.1921,120267,-3.466,0.412
12:52:40.944,2411.2121,120268,-3.539,0.554
12:52:40.977,2411.2321,120269,-3.64,0.626
12:52:40.988,2411.2521,120270,-3.71,0.726
12:52:41.004,2411.2721,120271,-3.683,0.573
12:52:41.078,2411.2921,120272,-3.577,0.538
12:52:41.083,2411.3121,120273,-3.711,0.5
12:52:41.084,2411.3321,120274,-3.602,0.537
12:52:41.084,2411.3521,120275,-3.453,0.448
12:52:41.110,2411.3721,120276,-3.597,0.5
12:52:41.127,2411.3921,120277,-3.483,0.538
12:52:41.153,2411.4121,120278,-3.542,0.663
12:52:41.186,2411.4321,120279,-3.683,0.574
12:52:41.186,2411.4521,120280,-3.639,0.702
12:52:41.217,2411.4721,120281,-3.748,0.649
12:52:41.228,2411.4921,120282,-3.779,0.502
12:52:41.244,2411.5121,120283,-3.665,0.557
12:52:41.276,2411.5321,120284,-3.49,0.567
12:52:41.307,2411.5521,120285,-3.503,0.707
12:52:41.307,2411.5721,120286,-3.61,0.583
12:52:41.334,2411.5921,120287,-3.496,0.605
12:52:41.367,2411.6121,120288,-3.557,0.482
12:52:41.367,2411.6321,120289,-3.664,0.419
12:52:41.393,2411.6521,120290,-3.559,0.491
12:52:41.425,2411.6721,120291,-3.388,0.431
12:52:41.425,2411.6921,120292,-3.371,0.574
12:52:41.472,2411.7121,120293,-3.502,0.472
12:52:41.472,2411.7321,120294,-3.566,0.613
12:52:41.488,2411.7521,120295,-3.399,0.669
12:52:41.514,2411.7721,120296,-3.481,0.561
12:52:41.546,2411.7921,120297,-3.612,0.682
12:52:41.546,2411.8121,120298,-3.729,0.618
12:52:41.578,2411.8321,120299,-3.592,0.511
12:52:41.588,2411.8521,120300,-3.689,0.652
12:52:41.604,2411.8721,120301,-3.616,0.553
12:52:41.678,2411.8921,120302,-3.45,0.487
12:52:41.684,2411.9121,120303,-3.617,0.449
12:52:41.684,2411.9321,120304,-3.487,0.338
12:52:41.684,2411.9521,120305,-3.582,0.413
12:52:41.711,2411.9721,120306,-3.554,0.558
12:52:41.727,2411.9921,120307,-3.455,0.684
12:52:41.769,2412.0121,120308,-3.483,0.54
12:52:41.769,2412.0321,120309,-3.581,0.635
12:52:41.785,2412.0521,120310,-3.607,0.788
12:52:41.817,2412.0721,120311,-3.615,0.636
12:52:41.828,2412.0921,120312,-3.483,0.703
12:52:41.844,2412.1121,120313,-3.541,0.563
12:52:41.906,2412.1321,120314,-3.396,0.65
12:52:41.906,2412.1521,120315,-3.5,0.578
12:52:41.906,2412.1721,120316,-3.49,0.728
12:52:41.933,2412.1921,120317,-3.376,0.595
12:52:41.949,2412.2121,120318,-3.543,0.559
12:52:41.966,2412.2321,120319,-3.45,0.442
12:52:42.024,2412.2521,120320,-3.393,0.577
12:52:42.024,2412.2721,120321,-3.285,0.64
12:52:42.030,2412.2921,120322,-3.435,0.555
12:52:42.056,2412.3121,120323,-3.533,0.472
12:52:42.088,2412.3321,120324,-3.499,0.336
12:52:42.088,2412.3521,120325,-3.398,0.458
12:52:42.131,2412.3721,120326,-3.378,0.321
12:52:42.131,2412.3921,120327,-3.407,0.469
12:52:42.147,2412.4121,120328,-3.401,0.618
12:52:42.189,2412.4321,120329,-3.518,0.609
12:52:42.189,2412.4521,120330,-3.452,0.728
12:52:42.205,2412.4721,120331,-3.619,0.721
12:52:42.248,2412.4921,120332,-3.469,0.639
12:52:42.253,2412.5121,120333,-3.446,0.497
12:52:42.264,2412.5321,120334,-3.496,0.633
12:52:42.296,2412.5521,120335,-3.576,0.514
12:52:42.312,2412.5721,120336,-3.462,0.567
12:52:42.323,2412.5921,120337,-3.546,0.647
12:52:42.371,2412.6121,120338,-3.379,0.58
12:52:42.371,2412.6321,120339,-3.434,0.735
12:52:42.398,2412.6521,120340,-3.537,0.609
12:52:42.403,2412.6721,120341,-3.411,0.707
12:52:42.430,2412.6921,120342,-3.448,0.565
12:52:42.446,2412.7121,120343,-3.329,0.679
12:52:42.489,2412.7321,120344,-3.341,0.534
12:52:42.494,2412.7521,120345,-3.459,0.524
12:52:42.520,2412.7721,120346,-3.384,0.423
12:52:42.520,2412.7921,120347,-3.502,0.356
12:52:42.552,2412.8121,120348,-3.443,0.495
12:52:42.568,2412.8321,120349,-3.627,0.491
12:52:42.611,2412.8521,120350,-3.474,0.522
12:52:42.611,2412.8721,120351,-3.567,0.662
12:52:42.626,2412.8921,120352,-3.565,0.523
12:52:42.657,2412.9121,120353,-3.676,0.569
12:52:42.668,2412.9321,120354,-3.558,0.566
12:52:42.684,2412.9521,120355,-3.593,0.428
12:52:42.731,2412.9721,120356,-3.5,0.556
12:52:42.731,2412.9921,120357,-3.412,0.656
12:52:42.748,2413.0121,120358,-3.422,0.809
12:52:42.773,2413.0321,120359,-3.447,0.666
12:52:42.790,2413.0521,120360,-3.581,0.78
12:52:42.806,2413.0721,120361,-3.722,0.688
12:52:42.849,2413.0921,120362,-3.849,0.607
12:52:42.854,2413.1121,120363,-3.971,0.52
12:52:42.865,2413.1321,120364,-3.857,0.568
12:52:42.896,2413.1521,120365,-3.68,0.564
12:52:42.927,2413.1721,120366,-3.81,0.456
12:52:42.928,2413.1921,120367,-3.728,0.57
12:52:42.970,2413.2121,120368,-3.602,0.453
12:52:42.970,2413.2321,120369,-3.661,0.317
12:52:42.986,2413.2521,120370,-3.565,0.445
12:52:43.029,2413.2721,120371,-3.681,0.563
12:52:43.029,2413.2921,120372,-3.599,0.479
12:52:43.045,2413.3121,120373,-3.672,0.37
12:52:43.076,2413.3321,120374,-3.555,0.353
12:52:43.092,2413.3521,120375,-3.536,0.491
12:52:43.103,2413.3721,120376,-3.584,0.362
12:52:43.134,2413.3921,120377,-3.745,0.433
12:52:43.150,2413.4121,120378,-3.631,0.446
12:52:43.166,2413.4321,120379,-3.767,0.54
12:52:43.193,2413.4521,120380,-3.783,0.689
12:52:43.209,2413.4721,120381,-3.689,0.611
12:52:43.241,2413.4921,120382,-3.734,0.735
12:52:43.241,2413.5121,120383,-3.895,0.69
12:52:43.272,2413.5321,120384,-3.832,0.54
12:52:43.288,2413.5521,120385,-3.715,0.658
12:52:43.314,2413.5721,120386,-3.659,0.509
12:52:43.330,2413.5921,120387,-3.504,0.558
12:52:43.346,2413.6121,120388,-3.594,0.638
12:52:43.378,2413.6321,120389,-3.616,0.491
12:52:43.389,2413.6521,120390,-3.726,0.544
12:52:43.405,2413.6721,120391,-3.569,0.491
12:52:43.436,2413.6921,120392,-3.699,0.449
12:52:43.453,2413.7121,120393,-3.587,0.536
12:52:43.463,2413.7321,120394,-3.554,0.392
12:52:43.495,2413.7521,120395,-3.386,0.344
12:52:43.511,2413.7721,120396,-3.56,0.348
12:52:43.555,2413.7921,120397,-3.675,0.477
12:52:43.555,2413.8121,120398,-3.71,0.607
12:52:43.571,2413.8321,120399,-3.539,0.551
12:52:43.588,2413.8521,120400,-3.708,0.604
12:52:43.614,2413.8721,120401,-3.616,0.47
12:52:43.631,2413.8921,120402,-3.581,0.605
12:52:43.673,2413.9121,120403,-3.598,0.462
12:52:43.679,2413.9321,120404,-3.424,0.43
12:52:43.689,2413.9521,120405,-3.519,0.341
12:52:43.705,2413.9721,120406,-3.643,0.461
12:52:43.736,2413.9921,120407,-3.495,0.543
12:52:43.752,2414.0121,120408,-3.521,0.677
12:52:43.794,2414.0321,120409,-3.523,0.539
12:52:43.799,2414.0521,120410,-3.577,0.415
12:52:43.810,2414.0721,120411,-3.649,0.563
12:52:43.826,2414.0921,120412,-3.558,0.487
12:52:43.858,2414.1121,120413,-3.493,0.595
12:52:43.869,2414.1321,120414,-3.567,0.482
12:52:43.916,2414.1521,120415,-3.519,0.615
12:52:43.916,2414.1721,120416,-3.526,0.469
12:52:43.932,2414.1921,120417,-3.588,0.619
12:52:43.943,2414.2121,120418,-3.614,0.478
12:52:43.975,2414.2321,120419,-3.674,0.619
12:52:43.990,2414.2521,120420,-3.594,0.471
12:52:44.022,2414.2721,120421,-3.691,0.543
12:52:44.022,2414.2921,120422,-3.579,0.597
12:52:44.065,2414.3121,120423,-3.694,0.543
12:52:44.065,2414.3321,120424,-3.54,0.528
12:52:44.096,2414.3521,120425,-3.5,0.674
12:52:44.112,2414.3721,120426,-3.673,0.639
12:52:44.138,2414.3921,120427,-3.52,0.718
12:52:44.143,2414.4121,120428,-3.557,0.576
12:52:44.169,2414.4321,120429,-3.7,0.558
12:52:44.185,2414.4521,120430,-3.692,0.703
12:52:44.217,2414.4721,120431,-3.575,0.579
12:52:44.228,2414.4921,120432,-3.618,0.447
12:52:44.276,2414.5121,120433,-3.61,0.303
12:52:44.276,2414.5321,120434,-3.583,0.441
12:52:44.292,2414.5521,120435,-3.544,0.576
12:52:44.308,2414.5721,120436,-3.625,0.663
12:52:44.334,2414.5921,120437,-3.744,0.73
12:52:44.351,2414.6121,120438,-3.698,0.607
12:52:44.382,2414.6321,120439,-3.614,0.507
12:52:44.382,2414.6521,120440,-3.728,0.449
12:52:44.409,2414.6721,120441,-3.626,0.571
12:52:44.425,2414.6921,120442,-3.521,0.676
12:52:44.453,2414.7121,120443,-3.445,0.534
12:52:44.500,2414.7321,120444,-3.576,0.507
12:52:44.501,2414.7521,120445,-3.429,0.596
12:52:44.501,2414.7721,120446,-3.308,0.703
12:52:44.533,2414.7921,120447,-3.309,0.556
12:52:44.543,2414.8121,120448,-3.413,0.692
12:52:44.622,2414.8321,120449,-3.423,0.543
12:52:44.622,2414.8521,120450,-3.304,0.481
12:52:44.622,2414.8721,120451,-3.315,0.632
12:52:44.622,2414.8921,120452,-3.435,0.707
12:52:44.649,2414.9121,120453,-3.329,0.643
12:52:44.665,2414.9321,120454,-3.457,0.56
12:52:44.696,2414.9521,120455,-3.543,0.438
12:52:44.739,2414.9721,120456,-3.465,0.55
12:52:44.740,2414.9921,120457,-3.423,0.693
12:52:44.745,2415.0121,120458,-3.497,0.553
12:52:44.771,2415.0321,120459,-3.594,0.689
12:52:44.798,2415.0521,120460,-3.694,0.797
12:52:44.804,2415.0721,120461,-3.53,0.739
12:52:44.862,2415.0921,120462,-3.469,0.613
12:52:44.862,2415.1121,120463,-3.56,0.528
12:52:44.862,2415.1321,120464,-3.483,0.624
12:52:44.905,2415.1521,120465,-3.443,0.473
12:52:44.905,2415.1721,120466,-3.584,0.577
12:52:44.937,2415.1921,120467,-3.537,0.456
12:52:44.963,2415.2121,120468,-3.615,0.607
12:52:44.969,2415.2321,120469,-3.643,0.47
12:52:45.011,2415.2521,120470,-3.489,0.552
12:52:45.011,2415.2721,120471,-3.666,0.541
12:52:45.027,2415.2921,120472,-3.599,0.676
12:52:45.054,2415.3121,120473,-3.53,0.571
12:52:45.086,2415.3321,120474,-3.354,0.562
12:52:45.087,2415.3521,120475,-3.522,0.524
12:52:45.113,2415.3721,120476,-3.516,0.666
12:52:45.130,2415.3921,120477,-3.551,0.52
12:52:45.146,2415.4121,120478,-3.632,0.666
12:52:45.177,2415.4321,120479,-3.633,0.525
12:52:45.204,2415.4521,120480,-3.629,0.665
12:52:45.204,2415.4721,120481,-3.553,0.541
12:52:45.235,2415.4921,120482,-3.504,0.393
12:52:45.252,2415.5121,120483,-3.54,0.526
12:52:45.279,2415.5321,120484,-3.448,0.641
12:52:45.279,2415.5521,120485,-3.303,0.664
12:52:45.311,2415.5721,120486,-3.429,0.609
12:52:45.327,2415.5921,120487,-3.544,0.584
12:52:45.354,2415.6121,120488,-3.681,0.694
12:52:45.370,2415.6321,120489,-3.624,0.57
12:52:45.385,2415.6521,120490,-3.455,0.549
12:52:45.443,2415.6721,120491,-3.383,0.409
12:52:45.449,2415.6921,120492,-3.411,0.543
12:52:45.449,2415.7121,120493,-3.555,0.455
12:52:45.475,2415.7321,120494,-3.52,0.599
12:52:45.491,2415.7521,120495,-3.443,0.45
12:52:45.507,2415.7721,120496,-3.423,0.598
12:52:45.566,2415.7921,120497,-3.433,0.461
12:52:45.566,2415.8121,120498,-3.443,0.605
12:52:45.566,2415.8321,120499,-3.476,0.458
12:52:45.598,2415.8521,120500,-3.571,0.363
12:52:45.609,2415.8721,120501,-3.551,0.505
12:52:45.625,2415.8921,120502,-3.45,0.611
12:52:45.683,2415.9121,120503,-3.54,0.486
12:52:45.689,2415.9321,120504,-3.693,0.572
12:52:45.689,2415.9521,120505,-3.652,0.705
12:52:45.732,2415.9721,120506,-3.641,0.554
12:52:45.732,2415.9921,120507,-3.527,0.664
12:52:45.743,2416.0121,120508,-3.573,0.535
12:52:45.807,2416.0321,120509,-3.469,0.405
12:52:45.807,2416.0521,120510,-3.404,0.543
12:52:45.807,2416.0721,120511,-3.524,0.513
12:52:45.834,2416.0921,120512,-3.444,0.628
12:52:45.850,2416.1121,120513,-3.297,0.56
12:52:45.866,2416.1321,120514,-3.202,0.646
12:52:45.908,2416.1521,120515,-3.32,0.533
12:52:45.914,2416.1721,120516,-3.397,0.423
12:52:45.940,2416.1921,120517,-3.519,0.54
12:52:45.940,2416.2121,120518,-3.634,0.527
12:52:45.972,2416.2321,120519,-3.453,0.548
12:52:45.988,2416.2521,120520,-3.351,0.493
12:52:46.046,2416.2721,120521,-3.466,0.508
12:52:46.046,2416.2921,120522,-3.313,0.594
12:52:46.046,2416.3121,120523,-3.436,0.71
12:52:46.078,2416.3321,120524,-3.466,0.569
12:52:46.089,2416.3521,120525,-3.37,0.454
12:52:46.105,2416.3721,120526,-3.382,0.309
12:52:46.137,2416.3921,120527,-3.353,0.453
12:52:46.148,2416.4121,120528,-3.439,0.602
12:52:46.164,2416.4321,120529,-3.43,0.457
12:52:46.196,2416.4521,120530,-3.547,0.434
12:52:46.212,2416.4721,120531,-3.438,0.357
12:52:46.228,2416.4921,120532,-3.609,0.412
12:52:46.270,2416.5121,120533,-3.625,0.272
12:52:46.270,2416.5321,120534,-3.505,0.372
12:52:46.286,2416.5521,120535,-3.45,0.513
12:52:46.317,2416.5721,120536,-3.524,0.626
12:52:46.328,2416.5921,120537,-3.687,0.692
12:52:46.360,2416.6121,120538,-3.567,0.679
12:52:46.360,2416.6321,120539,-3.677,0.808
12:52:46.392,2416.6521,120540,-3.642,0.678
12:52:46.408,2416.6721,120541,-3.536,0.547
12:52:46.435,2416.6921,120542,-3.446,0.639
12:52:46.467,2416.7121,120543,-3.58,0.576
12:52:46.467,2416.7321,120544,-3.573,0.435
12:52:46.493,2416.7521,120545,-3.704,0.443
12:52:46.509,2416.7721,120546,-3.552,0.499
12:52:46.525,2416.7921,120547,-3.487,0.637
12:52:46.557,2416.8121,120548,-3.511,0.492
12:52:46.568,2416.8321,120549,-3.471,0.367
12:52:46.584,2416.8521,120550,-3.504,0.494
12:52:46.628,2416.8721,120551,-3.548,0.36
12:52:46.633,2416.8921,120552,-3.469,0.495
12:52:46.644,2416.9121,120553,-3.331,0.597
12:52:46.676,2416.9321,120554,-3.514,0.613
12:52:46.703,2416.9521,120555,-3.654,0.542
12:52:46.708,2416.9721,120556,-3.48,0.573
12:52:46.751,2416.9921,120557,-3.66,0.574
12:52:46.751,2417.0121,120558,-3.82,0.572
12:52:46.767,2417.0321,120559,-3.653,0.573
12:52:46.793,2417.0521,120560,-3.703,0.43
12:52:46.809,2417.0721,120561,-3.542,0.492
12:52:46.825,2417.0921,120562,-3.425,0.515
12:52:46.857,2417.1121,120563,-3.601,0.547
12:52:46.873,2417.1321,120564,-3.467,0.639
12:52:46.884,2417.1521,120565,-3.388,0.548
12:52:46.915,2417.1721,120566,-3.536,0.547
12:52:46.931,2417.1921,120567,-3.703,0.537
12:52:46.947,2417.2121,120568,-3.541,0.52
12:52:46.974,2417.2321,120569,-3.429,0.418
12:52:46.989,2417.2521,120570,-3.586,0.508
12:52:47.005,2417.2721,120571,-3.488,0.631
12:52:47.038,2417.2921,120572,-3.617,0.524
12:52:47.048,2417.3121,120573,-3.576,0.392
12:52:47.065,2417.3321,120574,-3.559,0.543
12:52:47.096,2417.3521,120575,-3.426,0.643
12:52:47.112,2417.3721,120576,-3.469,0.791
12:52:47.127,2417.3921,120577,-3.584,0.747
12:52:47.154,2417.4121,120578,-3.649,0.638
12:52:47.169,2417.4321,120579,-3.532,0.519
12:52:47.186,2417.4521,120580,-3.368,0.58
12:52:47.213,2417.4721,120581,-3.366,0.434
12:52:47.228,2417.4921,120582,-3.402,0.582
12:52:47.245,2417.5121,120583,-3.235,0.563
12:52:47.277,2417.5321,120584,-3.357,0.686
12:52:47.293,2417.5521,120585,-3.467,0.568
12:52:47.336,2417.5721,120586,-3.645,0.602
12:52:47.336,2417.5921,120587,-3.537,0.49
12:52:47.352,2417.6121,120588,-3.682,0.58
12:52:47.368,2417.6321,120589,-3.806,0.648
12:52:47.395,2417.6521,120590,-3.623,0.646
12:52:47.411,2417.6721,120591,-3.573,0.788
12:52:47.438,2417.6921,120592,-3.516,0.666
12:52:47.443,2417.7121,120593,-3.522,0.531
12:52:47.471,2417.7321,120594,-3.577,0.685
12:52:47.487,2417.7521,120595,-3.391,0.655
12:52:47.513,2417.7721,120596,-3.366,0.798
12:52:47.529,2417.7921,120597,-3.397,0.649
12:52:47.546,2417.8121,120598,-3.356,0.794
12:52:47.577,2417.8321,120599,-3.441,0.67
12:52:47.588,2417.8521,120600,-3.383,0.561
12:52:47.604,2417.8721,120601,-3.493,0.667
12:52:47.635,2417.8921,120602,-3.578,0.756
12:52:47.651,2417.9121,120603,-3.409,0.795
12:52:47.694,2417.9321,120604,-3.455,0.656
12:52:47.699,2417.9521,120605,-3.382,0.528
12:52:47.710,2417.9721,120606,-3.381,0.679
12:52:47.727,2417.9921,120607,-3.449,0.813
12:52:47.753,2418.0121,120608,-3.617,0.766
12:52:47.770,2418.0321,120609,-3.546,0.62
12:52:47.801,2418.0521,120610,-3.482,0.74
12:52:47.801,2418.0721,120611,-3.408,0.849
12:52:47.828,2418.0921,120612,-3.483,0.734
12:52:47.844,2418.1121,120613,-3.381,0.61
12:52:47.876,2418.1321,120614,-3.478,0.488
12:52:47.892,2418.1521,120615,-3.589,0.61
12:52:47.919,2418.1721,120616,-3.529,0.755
12:52:47.919,2418.1921,120617,-3.427,0.634
12:52:47.951,2418.2121,120618,-3.368,0.526
12:52:47.967,2418.2321,120619,-3.376,0.675
12:52:47.994,2418.2521,120620,-3.543,0.612
12:52:48.009,2418.2721,120621,-3.399,0.582
12:52:48.041,2418.2921,120622,-3.436,0.735
12:52:48.041,2418.3121,120623,-3.529,0.811
12:52:48.068,2418.3321,120624,-3.649,0.752
12:52:48.084,2418.3521,120625,-3.698,0.612
12:52:48.131,2418.3721,120626,-3.514,0.599
12:52:48.132,2418.3921,120627,-3.56,0.713
12:52:48.159,2418.4121,120628,-3.535,0.567
12:52:48.160,2418.4321,120629,-3.49,0.439
12:52:48.191,2418.4521,120630,-3.524,0.572
12:52:48.218,2418.4721,120631,-3.42,0.642
12:52:48.224,2418.4921,120632,-3.295,0.759
12:52:48.282,2418.5121,120633,-3.434,0.664
12:52:48.282,2418.5321,120634,-3.341,0.525
12:52:48.282,2418.5521,120635,-3.254,0.654
12:52:48.325,2418.5721,120636,-3.289,0.517
12:52:48.325,2418.5921,120637,-3.315,0.672
12:52:48.358,2418.6121,120638,-3.357,0.817
12:52:48.384,2418.6321,120639,-3.478,0.716
12:52:48.390,2418.6521,120640,-3.466,0.567
12:52:48.416,2418.6721,120641,-3.354,0.58
12:52:48.433,2418.6921,120642,-3.435,0.667
12:52:48.444,2418.7121,120643,-3.283,0.581
12:52:48.491,2418.7321,120644,-3.241,0.715
12:52:48.491,2418.7521,120645,-3.396,0.637
12:52:48.533,2418.7721,120646,-3.39,0.495
12:52:48.538,2418.7921,120647,-3.52,0.608
12:52:48.549,2418.8121,120648,-3.443,0.744
12:52:48.565,2418.8321,120649,-3.489,0.606
12:52:48.639,2418.8521,120650,-3.656,0.682
12:52:48.639,2418.8721,120651,-3.526,0.571
12:52:48.645,2418.8921,120652,-3.61,0.656
12:52:48.645,2418.9121,120653,-3.52,0.525
12:52:48.671,2418.9321,120654,-3.615,0.621
12:52:48.687,2418.9521,120655,-3.503,0.701
12:52:48.714,2418.9721,120656,-3.397,0.626
12:52:48.746,2418.9921,120657,-3.442,0.49
12:52:48.746,2419.0121,120658,-3.289,0.558
12:52:48.778,2419.0321,120659,-3.304,0.695
12:52:48.788,2419.0521,120660,-3.404,0.761
12:52:48.804,2419.0721,120661,-3.472,0.645
12:52:48.836,2419.0921,120662,-3.573,0.783
12:52:48.868,2419.1121,120663,-3.48,0.696
12:52:48.868,2419.1321,120664,-3.491,0.83
12:52:48.895,2419.1521,120665,-3.538,0.69
12:52:48.911,2419.1721,120666,-3.51,0.831
12:52:48.927,2419.1921,120667,-3.506,0.678
12:52:48.986,2419.2121,120668,-3.607,0.547
12:52:48.986,2419.2321,120669,-3.505,0.478
12:52:48.986,2419.2521,120670,-3.41,0.574
12:52:49.018,2419.2721,120671,-3.583,0.633
12:52:49.029,2419.2921,120672,-3.428,0.696
12:52:49.061,2419.3121,120673,-3.551,0.793
12:52:49.061,2419.3321,120674,-3.628,0.891
12:52:49.104,2419.3521,120675,-3.606,0.754
12:52:49.104,2419.3721,120676,-3.602,0.61
12:52:49.136,2419.3921,120677,-3.689,0.511
12:52:49.152,2419.4121,120678,-3.827,0.609
12:52:49.168,2419.4321,120679,-3.711,0.593
12:52:49.227,2419.4521,120680,-3.778,0.697
12:52:49.227,2419.4721,120681,-3.793,0.555
12:52:49.227,2419.4921,120682,-3.682,0.638
12:52:49.269,2419.5121,120683,-3.542,0.716
12:52:49.269,2419.5321,120684,-3.563,0.571
12:52:49.302,2419.5521,120685,-3.481,0.675
12:52:49.302,2419.5721,120686,-3.644,0.632
12:52:49.328,2419.5921,120687,-3.725,0.773
12:52:49.344,2419.6121,120688,-3.673,0.62
12:52:49.376,2419.6321,120689,-3.527,0.513
12:52:49.392,2419.6521,120690,-3.666,0.563
12:52:49.408,2419.6721,120691,-3.75,0.706
12:52:49.435,2419.6921,120692,-3.643,0.662
12:52:49.467,2419.7121,120693,-3.497,0.753
12:52:49.467,2419.7321,120694,-3.666,0.765
12:52:49.494,2419.7521,120695,-3.55,0.776
12:52:49.510,2419.7721,120696,-3.597,0.643
12:52:49.527,2419.7921,120697,-3.761,0.711
12:52:49.600,2419.8121,120698,-3.599,0.776
12:52:49.601,2419.8321,120699,-3.733,0.698
12:52:49.601,2419.8521,120700,-3.781,0.572
12:52:49.606,2419.8721,120701,-3.603,0.575
12:52:49.633,2419.8921,120702,-3.484,0.692
12:52:49.643,2419.9121,120703,-3.581,0.765
12:52:49.676,2419.9321,120704,-3.568,0.625
12:52:49.691,2419.9521,120705,-3.45,0.667
12:52:49.708,2419.9721,120706,-3.599,0.597
12:52:49.735,2419.9921,120707,-3.508,0.726
12:52:49.751,2420.0121,120708,-3.623,0.679
12:52:49.767,2420.0321,120709,-3.562,0.568
12:52:49.809,2420.0521,120710,-3.44,0.679
12:52:49.809,2420.0721,120711,-3.545,0.578
12:52:49.825,2420.0921,120712,-3.548,0.727
12:52:49.858,2420.1121,120713,-3.436,0.844
12:52:49.869,2420.1321,120714,-3.393,0.72
12:52:49.885,2420.1521,120715,-3.525,0.639
12:52:49.932,2420.1721,120716,-3.532,0.779
12:52:49.933,2420.1921,120717,-3.507,0.626
12:52:49.944,2420.2121,120718,-3.518,0.752
12:52:49.976,2420.2321,120719,-3.545,0.601
12:52:49.992,2420.2521,120720,-3.429,0.655
12:52:50.003,2420.2721,120721,-3.571,0.598
12:52:50.051,2420.2921,120722,-3.625,0.467
12:52:50.051,2420.3121,120723,-3.526,0.59
12:52:50.067,2420.3321,120724,-3.43,0.684
12:52:50.094,2420.3521,120725,-3.473,0.547
12:52:50.110,2420.3721,120726,-3.357,0.625
12:52:50.126,2420.3921,120727,-3.463,0.727
12:52:50.170,2420.4121,120728,-3.586,0.627
12:52:50.170,2420.4321,120729,-3.665,0.509
12:52:50.186,2420.4521,120730,-3.597,0.639
12:52:50.213,2420.4721,120731,-3.583,0.787
12:52:50.229,2420.4921,120732,-3.46,0.7
12:52:50.245,2420.5121,120733,-3.314,0.652
12:52:50.277,2420.5321,120734,-3.432,0.623
12:52:50.304,2420.5521,120735,-3.351,0.54
12:52:50.309,2420.5721,120736,-3.398,0.655
12:52:50.336,2420.5921,120737,-3.476,0.544
12:52:50.352,2420.6121,120738,-3.354,0.561
12:52:50.363,2420.6321,120739,-3.413,0.419
12:52:50.411,2420.6521,120740,-3.494,0.552
12:52:50.411,2420.6721,120741,-3.442,0.697
12:52:50.427,2420.6921,120742,-3.553,0.63
12:52:50.454,2420.7121,120743,-3.407,0.718
12:52:50.471,2420.7321,120744,-3.573,0.692
12:52:50.487,2420.7521,120745,-3.455,0.693
12:52:50.529,2420.7721,120746,-3.596,0.695
12:52:50.530,2420.7921,120747,-3.477,0.701
12:52:50.545,2420.8121,120748,-3.53,0.565
12:52:50.577,2420.8321,120749,-3.624,0.704
12:52:50.588,2420.8521,120750,-3.513,0.736
12:52:50.604,2420.8721,120751,-3.477,0.875
12:52:50.636,2420.8921,120752,-3.581,0.763
12:52:50.652,2420.9121,120753,-3.508,0.665
12:52:50.663,2420.9321,120754,-3.608,0.718
12:52:50.696,2420.9521,120755,-3.737,0.641
12:52:50.712,2420.9721,120756,-3.609,0.752
12:52:50.728,2420.9921,120757,-3.571,0.614
12:52:50.755,2421.0121,120758,-3.616,0.472
12:52:50.770,2421.0321,120759,-3.508,0.544
12:52:50.786,2421.0521,120760,-3.606,0.615
12:52:50.813,2421.0721,120761,-3.641,0.476
12:52:50.829,2421.0921,120762,-3.536,0.54
12:52:50.845,2421.1121,120763,-3.588,0.666
12:52:50.876,2421.1321,120764,-3.478,0.675
12:52:50.892,2421.1521,120765,-3.649,0.643
12:52:50.903,2421.1721,120766,-3.617,0.508
12:52:50.934,2421.1921,120767,-3.578,0.651
12:52:50.950,2421.2121,120768,-3.486,0.779
12:52:50.966,2421.2321,120769,-3.559,0.663
12:52:50.993,2421.2521,120770,-3.442,0.739
12:52:51.009,2421.2721,120771,-3.558,0.681
12:52:51.025,2421.2921,120772,-3.401,0.713
12:52:51.058,2421.3121,120773,-3.275,0.651
12:52:51.069,2421.3321,120774,-3.392,0.643
12:52:51.115,2421.3521,120775,-3.556,0.699
12:52:51.115,2421.3721,120776,-3.458,0.806
12:52:51.131,2421.3921,120777,-3.471,0.653
12:52:51.158,2421.4121,120778,-3.631,0.603
12:52:51.163,2421.4321,120779,-3.626,0.449
12:52:51.190,2421.4521,120780,-3.547,0.558
12:52:51.248,2421.4721,120781,-3.724,0.573
12:52:51.253,2421.4921,120782,-3.578,0.645
12:52:51.254,2421.5121,120783,-3.463,0.671
12:52:51.264,2421.5321,120784,-3.584,0.63
12:52:51.296,2421.5521,120785,-3.443,0.643
12:52:51.312,2421.5721,120786,-3.421,0.513
12:52:51.339,2421.5921,120787,-3.475,0.638
12:52:51.344,2421.6121,120788,-3.484,0.779
12:52:51.371,2421.6321,120789,-3.519,0.641
12:52:51.386,2421.6521,120790,-3.652,0.747
12:52:51.413,2421.6721,120791,-3.56,0.67
12:52:51.429,2421.6921,120792,-3.657,0.542
12:52:51.476,2421.7121,120793,-3.779,0.638
12:52:51.476,2421.7321,120794,-3.614,0.659
12:52:51.492,2421.7521,120795,-3.507,0.528
12:52:51.503,2421.7721,120796,-3.682,0.484
12:52:51.536,2421.7921,120797,-3.849,0.538
12:52:51.578,2421.8121,120798,-3.819,0.399
12:52:51.584,2421.8321,120799,-3.706,0.47
12:52:51.584,2421.8521,120800,-3.594,0.583
12:52:51.610,2421.8721,120801,-3.463,0.559
12:52:51.626,2421.8921,120802,-3.62,0.483
12:52:51.669,2421.9121,120803,-3.522,0.611
12:52:51.669,2421.9321,120804,-3.585,0.72
12:52:51.701,2421.9521,120805,-3.709,0.616
12:52:51.701,2421.9721,120806,-3.573,0.61
12:52:51.733,2421.9921,120807,-3.564,0.757
12:52:51.743,2422.0121,120808,-3.617,0.615
12:52:51.774,2422.0321,120809,-3.721,0.53
12:52:51.791,2422.0521,120810,-3.754,0.686
12:52:51.822,2422.0721,120811,-3.582,0.632
12:52:51.822,2422.0921,120812,-3.621,0.492
12:52:51.849,2422.1121,120813,-3.731,0.522
12:52:51.865,2422.1321,120814,-3.774,0.64
12:52:51.908,2422.1521,120815,-3.601,0.656
12:52:51.913,2422.1721,120816,-3.736,0.594
12:52:51.940,2422.1921,120817,-3.841,0.651
12:52:51.940,2422.2121,120818,-3.713,0.759
12:52:51.972,2422.2321,120819,-3.638,0.89
12:52:51.988,2422.2521,120820,-3.509,0.792
12:52:52.015,2422.2721,120821,-3.63,0.688
12:52:52.061,2422.2921,120822,-3.644,0.536
12:52:52.062,2422.3121,120823,-3.771,0.437
12:52:52.062,2422.3321,120824,-3.679,0.533
12:52:52.093,2422.3521,120825,-3.613,0.644
12:52:52.104,2422.3721,120826,-3.683,0.741
12:52:52.136,2422.3921,120827,-3.71,0.595
12:52:52.183,2422.4121,120828,-3.537,0.611
12:52:52.183,2422.4321,120829,-3.526,0.756
12:52:52.183,2422.4521,120830,-3.704,0.772
12:52:52.210,2422.4721,120831,-3.656,0.622
12:52:52.226,2422.4921,120832,-3.767,0.5
12:52:52.258,2422.5121,120833,-3.653,0.452
12:52:52.284,2422.5321,120834,-3.71,0.572
12:52:52.285,2422.5521,120835,-3.61,0.696
12:52:52.317,2422.5721,120836,-3.438,0.705
12:52:52.328,2422.5921,120837,-3.438,0.557
12:52:52.344,2422.6121,120838,-3.525,0.641
12:52:52.376,2422.6321,120839,-3.366,0.616
12:52:52.392,2422.6521,120840,-3.524,0.577
12:52:52.418,2422.6721,120841,-3.4,0.664
12:52:52.424,2422.6921,120842,-3.483,0.76
12:52:52.450,2422.7121,120843,-3.331,0.712
12:52:52.466,2422.7321,120844,-3.48,0.63
12:52:52.494,2422.7521,120845,-3.656,0.659
12:52:52.526,2422.7721,120846,-3.566,0.764
12:52:52.527,2422.7921,120847,-3.53,0.62
12:52:52.554,2422.8121,120848,-3.703,0.59
12:52:52.570,2422.8321,120849,-3.67,0.723
12:52:52.586,2422.8521,120850,-3.772,0.651
12:52:52.613,2422.8721,120851,-3.615,0.687
12:52:52.645,2422.8921,120852,-3.443,0.633
12:52:52.645,2422.9121,120853,-3.611,0.621
12:52:52.678,2422.9321,120854,-3.659,0.764
12:52:52.688,2422.9521,120855,-3.616,0.625
12:52:52.720,2422.9721,120856,-3.514,0.574
12:52:52.720,2422.9921,120857,-3.533,0.717
12:52:52.768,2423.0121,120858,-3.55,0.572
12:52:52.768,2423.0321,120859,-3.671,0.537
12:52:52.795,2423.0521,120860,-3.546,0.642
12:52:52.827,2423.0721,120861,-3.437,0.744
12:52:52.827,2423.0921,120862,-3.403,0.586
12:52:52.853,2423.1121,120863,-3.3,0.706
12:52:52.885,2423.1321,120864,-3.381,0.583
12:52:52.885,2423.1521,120865,-3.562,0.567
12:52:52.932,2423.1721,120866,-3.578,0.717
12:52:52.932,2423.1921,120867,-3.528,0.847
12:52:52.943,2423.2121,120868,-3.44,0.706
12:52:53.006,2423.2321,120869,-3.618,0.675
12:52:53.007,2423.2521,120870,-3.562,0.787
12:52:53.007,2423.2721,120871,-3.616,0.655
12:52:53.033,2423.2921,120872,-3.455,0.722
12:52:53.049,2423.3121,120873,-3.56,0.789
12:52:53.065,2423.3321,120874,-3.476,0.697
12:52:53.108,2423.3521,120875,-3.537,0.575
12:52:53.113,2423.3721,120876,-3.439,0.646
12:52:53.140,2423.3921,120877,-3.495,0.8
12:52:53.140,2423.4121,120878,-3.412,0.704
12:52:53.171,2423.4321,120879,-3.585,0.741
12:52:53.187,2423.4521,120880,-3.565,0.598
12:52:53.213,2423.4721,120881,-3.726,0.652
12:52:53.244,2423.4921,120882,-3.778,0.771
12:52:53.244,2423.5121,120883,-3.741,0.902
12:52:53.276,2423.5321,120884,-3.621,0.803
12:52:53.293,2423.5521,120885,-3.537,0.675
12:52:53.304,2423.5721,120886,-3.609,0.798
12:52:53.368,2423.5921,120887,-3.54,0.927
12:52:53.368,2423.6121,120888,-3.576,0.786
12:52:53.368,2423.6325,120889,-3.584,0.635
12:52:53.395,2423.6521,120890,-3.554,0.779
12:52:53.410,2423.6721,120891,-3.675,0.889
12:52:53.427,2423.6921,120892,-3.645,0.76
12:52:53.469,2423.7121,120893,-3.582,0.608
12:52:53.474,2423.7321,120894,-3.62,0.729
12:52:53.485,2423.7521,120895,-3.799,0.713
12:52:53.513,2423.7721,120896,-3.738,0.61
12:52:53.529,2423.7921,120897,-3.568,0.571
12:52:53.544,2423.8121,120898,-3.746,0.558
12:52:53.592,2423.8321,120899,-3.633,0.629
12:52:53.592,2423.8521,120900,-3.622,0.776
12:52:53.603,2423.8721,120901,-3.686,0.655
12:52:53.635,2423.8921,120902,-3.785,0.57
12:52:53.651,2423.9121,120903,-3.849,0.68
12:52:53.667,2423.9321,120904,-3.755,0.768
12:52:53.710,2423.9521,120905,-3.578,0.75
12:52:53.710,2423.9721,120906,-3.725,0.669
12:52:53.726,2423.9921,120907,-3.711,0.518
12:52:53.758,2424.0121,120908,-3.643,0.633
12:52:53.769,2424.0321,120909,-3.617,0.48
12:52:53.785,2424.0521,120910,-3.653,0.628
12:52:53.832,2424.0721,120911,-3.763,0.647
12:52:53.833,2424.0921,120912,-3.655,0.745
12:52:53.859,2424.1121,120913,-3.604,0.627
12:52:53.859,2424.1321,120914,-3.776,0.655
12:52:53.891,2424.1521,120915,-3.738,0.797
12:52:53.907,2424.1721,120916,-3.725,0.641
12:52:53.949,2424.1921,120917,-3.894,0.687
12:52:53.954,2424.2121,120918,-3.723,0.739
12:52:53.965,2424.2321,120919,-3.553,0.79
12:52:53.997,2424.2521,120920,-3.685,0.692
12:52:54.013,2424.2721,120921,-3.692,0.546
12:52:54.024,2424.2921,120922,-3.652,0.676
12:52:54.055,2424.3121,120923,-3.526,0.69
12:52:54.072,2424.3321,120924,-3.682,0.761
12:52:54.088,2424.3521,120925,-3.848,0.714
12:52:54.114,2424.3721,120926,-3.67,0.7
12:52:54.131,2424.3921,120927,-3.595,0.831
12:52:54.147,2424.4121,120928,-3.608,0.684
12:52:54.189,2424.4321,120929,-3.594,0.547
12:52:54.189,2424.4521,120930,-3.642,0.427
12:52:54.206,2424.4721,120931,-3.538,0.552
12:52:54.238,2424.4921,120932,-3.709,0.53
12:52:54.249,2424.5121,120933,-3.616,0.65
12:52:54.312,2424.5321,120934,-3.481,0.692
12:52:54.312,2424.5521,120935,-3.625,0.612
12:52:54.312,2424.5721,120936,-3.701,0.514
12:52:54.328,2424.5921,120937,-3.556,0.538
12:52:54.354,2424.6121,120938,-3.657,0.679
12:52:54.386,2424.6321,120939,-3.475,0.682
12:52:54.386,2424.6521,120940,-3.398,0.566
12:52:54.428,2424.6721,120941,-3.537,0.469
12:52:54.434,2424.6921,120942,-3.522,0.613
12:52:54.445,2424.7121,120943,-3.436,0.742
12:52:54.492,2424.7321,120944,-3.534,0.619
12:52:54.493,2424.7521,120945,-3.574,0.751
12:52:54.504,2424.7721,120946,-3.61,0.611
12:52:54.535,2424.7921,120947,-3.748,0.72
12:52:54.551,2424.8121,120948,-3.566,0.719
12:52:54.567,2424.8321,120949,-3.468,0.626
12:52:54.595,2424.8521,120950,-3.596,0.72
12:52:54.611,2424.8721,120951,-3.536,0.842
12:52:54.627,2424.8921,120952,-3.409,0.788
12:52:54.658,2424.9121,120953,-3.561,0.697
12:52:54.669,2424.9321,120954,-3.479,0.562
12:52:54.685,2424.9521,120955,-3.458,0.704
12:52:54.716,2424.9721,120956,-3.625,0.649
12:52:54.732,2424.9921,120957,-3.467,0.638
12:52:54.748,2425.0121,120958,-3.623,0.57
12:52:54.775,2425.0321,120959,-3.741,0.603
12:52:54.792,2425.0521,120960,-3.562,0.622
12:52:54.808,2425.0721,120961,-3.738,0.601
12:52:54.834,2425.0921,120962,-3.575,0.535
12:52:54.850,2425.1121,120963,-3.412,0.588
12:52:54.893,2425.1321,120964,-3.529,0.558
12:52:54.898,2425.1521,120965,-3.42,0.676
12:52:54.909,2425.1721,120966,-3.265,0.702
12:52:54.925,2425.1921,120967,-3.407,0.641
12:52:54.957,2425.2121,120968,-3.467,0.503
12:52:54.973,2425.2321,120969,-3.555,0.601
12:52:55.015,2425.2521,120970,-3.714,0.688
12:52:55.015,2425.2721,120971,-3.604,0.737
12:52:55.031,2425.2921,120972,-3.566,0.596
12:52:55.048,2425.3121,120973,-3.465,0.524
12:52:55.074,2425.3321,120974,-3.633,0.486
12:52:55.090,2425.3521,120975,-3.551,0.621
12:52:55.134,2425.3721,120976,-3.683,0.566
12:52:55.134,2425.3921,120977,-3.742,0.433
12:52:55.151,2425.4121,120978,-3.647,0.556
12:52:55.167,2425.4321,120979,-3.561,0.686
12:52:55.194,2425.4521,120980,-3.63,0.549
12:52:55.211,2425.4721,120981,-3.613,0.693
12:52:55.268,2425.4921,120982,-3.454,0.617
12:52:55.273,2425.5121,120983,-3.496,0.741
12:52:55.273,2425.5321,120984,-3.447,0.63
12:52:55.285,2425.5521,120985,-3.456,0.481
12:52:55.333,2425.5721,120986,-3.399,0.608
12:52:55.333,2425.5921,120987,-3.346,0.75
12:52:55.359,2425.6121,120988,-3.468,0.664
12:52:55.375,2425.6335,120989,-3.577,0.73
12:52:55.392,2425.6521,120990,-3.476,0.681
12:52:55.403,2425.6721,120991,-3.64,0.645
12:52:55.452,2425.6921,120992,-3.475,0.67
12:52:55.452,2425.7121,120993,-3.603,0.631
12:52:55.479,2425.7321,120994,-3.624,0.49
12:52:55.479,2425.7521,120995,-3.54,0.591
12:52:55.511,2425.7721,120996,-3.671,0.588
12:52:55.543,2425.7921,120997,-3.584,0.684
12:52:55.543,2425.8121,120998,-3.475,0.737
12:52:55.570,2425.8321,120999,-3.549,0.834
12:52:55.601,2425.8521,121000,-3.433,0.806
12:52:55.601,2425.8721,121001,-3.478,0.671
12:52:55.628,2425.8921,121002,-3.573,0.548
12:52:55.644,2425.9121,121003,-3.471,0.67
12:52:55.675,2425.9321,121004,-3.514,0.823
12:52:55.691,2425.9521,121005,-3.413,0.689
12:52:55.723,2425.9721,121006,-3.477,0.837
12:52:55.723,2425.9921,121007,-3.571,0.716
12:52:55.750,2426.0121,121008,-3.744,0.676
12:52:55.766,2426.0321,121009,-3.573,0.708
12:52:55.793,2426.0521,121010,-3.547,0.559
12:52:55.841,2426.0721,121011,-3.662,0.55
12:52:55.841,2426.0921,121012,-3.58,0.646
12:52:55.841,2426.1121,121013,-3.471,0.61
12:52:55.868,2426.1321,121014,-3.59,0.63
12:52:55.884,2426.1521,121015,-3.438,0.575
12:52:55.916,2426.1721,121016,-3.528,0.687
12:52:55.959,2426.1921,121017,-3.688,0.688
12:52:55.959,2426.2121,121018,-3.588,0.626
12:52:55.965,2426.2321,121019,-3.57,0.492
12:52:55.991,2426.2521,121020,-3.69,0.614
12:52:56.007,2426.2721,121021,-3.783,0.706
12:52:56.034,2426.2921,121022,-3.687,0.633
12:52:56.065,2426.3121,121023,-3.541,0.731
12:52:56.065,2426.3321,121024,-3.505,0.602
12:52:56.097,2426.3521,121025,-3.592,0.526
12:52:56.108,2426.3721,121026,-3.704,0.537
12:52:56.124,2426.3921,121027,-3.666,0.675
12:52:56.171,2426.4121,121028,-3.553,0.734
12:52:56.172,2426.4321,121029,-3.697,0.648
12:52:56.199,2426.4521,121030,-3.777,0.734
12:52:56.199,2426.4721,121031,-3.733,0.596
12:52:56.231,2426.4921,121032,-3.789,0.746
12:52:56.248,2426.5121,121033,-3.772,0.592
12:52:56.274,2426.5321,121034,-3.657,0.463
12:52:56.306,2426.5521,121035,-3.738,0.359
12:52:56.306,2426.5721,121036,-3.6,0.449
12:52:56.333,2426.5921,121037,-3.511,0.577
12:52:56.349,2426.6121,121038,-3.641,0.625
12:52:56.382,2426.6321,121039,-3.627,0.482
12:52:56.382,2426.6521,121040,-3.637,0.633
12:52:56.424,2426.6721,121041,-3.692,0.758
12:52:56.424,2426.6921,121042,-3.616,0.627
12:52:56.456,2426.7121,121043,-3.542,0.746
12:52:56.472,2426.7321,121044,-3.666,0.725
12:52:56.488,2426.7521,121045,-3.598,0.843
12:52:56.514,2426.7721,121046,-3.625,0.706
12:52:56.546,2426.7921,121047,-3.559,0.558
12:52:56.546,2426.8121,121048,-3.67,0.503
12:52:56.578,2426.8321,121049,-3.614,0.634
12:52:56.605,2426.8521,121050,-3.536,0.509
12:52:56.605,2426.8721,121051,-3.686,0.449
12:52:56.637,2426.8921,121052,-3.65,0.597
12:52:56.663,2426.9121,121053,-3.504,0.568
12:52:56.668,2426.9321,121054,-3.394,0.522
12:52:56.711,2426.9521,121055,-3.509,0.526
12:52:56.711,2426.9721,121056,-3.479,0.663
12:52:56.727,2426.9921,121057,-3.589,0.621
12:52:56.787,2427.0121,121058,-3.719,0.729
12:52:56.787,2427.0321,121059,-3.697,0.576
12:52:56.787,2427.0521,121060,-3.593,0.651
12:52:56.814,2427.0721,121061,-3.48,0.526
12:52:56.830,2427.0921,121062,-3.448,0.667
12:52:56.846,2427.1121,121063,-3.572,0.615
12:52:56.921,2427.1321,121064,-3.72,0.701
12:52:56.921,2427.1521,121065,-3.726,0.558
12:52:56.921,2427.1721,121066,-3.645,0.416
12:52:56.927,2427.1921,121067,-3.564,0.53
12:52:56.953,2427.2121,121068,-3.645,0.672
12:52:56.964,2427.2321,121069,-3.463,0.704
12:52:57.027,2427.2521,121070,-3.401,0.553
12:52:57.027,2427.2721,121071,-3.494,0.431
12:52:57.027,2427.2921,121072,-3.483,0.569
12:52:57.054,2427.3121,121073,-3.655,0.568
12:52:57.070,2427.3321,121074,-3.753,0.499
12:52:57.086,2427.3521,121075,-3.623,0.49
12:52:57.118,2427.3721,121076,-3.798,0.511
12:52:57.145,2427.3921,121077,-3.624,0.476
12:52:57.145,2427.4121,121078,-3.508,0.504
12:52:57.176,2427.4321,121079,-3.607,0.578
12:52:57.193,2427.4521,121080,-3.55,0.714
12:52:57.204,2427.4721,121081,-3.553,0.568
12:52:57.252,2427.4921,121082,-3.444,0.519
12:52:57.252,2427.5121,121083,-3.339,0.437
12:52:57.268,2427.5321,121084,-3.344,0.583
12:52:57.295,2427.5521,121085,-3.508,0.649
12:52:57.311,2427.5721,121086,-3.622,0.692
12:52:57.338,2427.5921,121087,-3.501,0.793
12:52:57.343,2427.6121,121088,-3.625,0.769
12:52:57.370,2427.6345,121089,-3.793,0.788
12:52:57.386,2427.6521,121090,-3.716,0.73
12:52:57.418,2427.6721,121091,-3.541,0.703
12:52:57.429,2427.6921,121092,-3.691,0.775
12:52:57.445,2427.7121,121093,-3.534,0.728
12:52:57.492,2427.7321,121094,-3.447,0.627
12:52:57.492,2427.7521,121095,-3.348,0.498
12:52:57.503,2427.7721,121096,-3.458,0.615
12:52:57.535,2427.7921,121097,-3.379,0.725
12:52:57.551,2427.8121,121098,-3.467,0.606
12:52:57.567,2427.8321,121099,-3.558,0.488
12:52:57.610,2427.8521,121100,-3.657,0.626
12:52:57.610,2427.8721,121101,-3.797,0.653
12:52:57.626,2427.8921,121102,-3.684,0.634
12:52:57.659,2427.9121,121103,-3.62,0.529
12:52:57.669,2427.9321,121104,-3.719,0.593
12:52:57.685,2427.9521,121105,-3.787,0.708
12:52:57.732,2427.9721,121106,-3.643,0.608
12:52:57.733,2427.9921,121107,-3.493,0.522
12:52:57.744,2428.0121,121108,-3.377,0.646
12:52:57.775,2428.0321,121109,-3.544,0.678
12:52:57.791,2428.0521,121110,-3.584,0.543
12:52:57.807,2428.0721,121111,-3.657,0.681
12:52:57.834,2428.0921,121112,-3.592,0.561
12:52:57.850,2428.1121,121113,-3.508,0.686
12:52:57.866,2428.1321,121114,-3.541,0.545
12:52:57.894,2428.1521,121115,-3.481,0.662
12:52:57.910,2428.1721,121116,-3.387,0.777
12:52:57.926,2428.1921,121117,-3.499,0.719
12:52:57.968,2428.2121,121118,-3.611,0.649
12:52:57.973,2428.2321,121119,-3.495,0.681
12:52:57.984,2428.2521,121120,-3.496,0.531
12:52:58.017,2428.2721,121121,-3.555,0.686
12:52:58.033,2428.2921,121122,-3.512,0.567
12:52:58.043,2428.3121,121123,-3.426,0.709
12:52:58.075,2428.3321,121124,-3.418,0.571
12:52:58.107,2428.3521,121125,-3.541,0.685
12:52:58.107,2428.3721,121126,-3.698,0.607
12:52:58.134,2428.3921,121127,-3.675,0.751
12:52:58.151,2428.4121,121128,-3.592,0.624
12:52:58.167,2428.4321,121129,-3.458,0.592
12:52:58.193,2428.4521,121130,-3.292,0.615
12:52:58.209,2428.4721,121131,-3.464,0.637
12:52:58.226,2428.4921,121132,-3.609,0.564
12:52:58.257,2428.5121,121133,-3.442,0.512
12:52:58.289,2428.5321,121134,-3.499,0.664
12:52:58.289,2428.5521,121135,-3.656,0.616
12:52:58.315,2428.5721,121136,-3.473,0.627
12:52:58.331,2428.5921,121137,-3.619,0.626
12:52:58.347,2428.6121,121138,-3.554,0.767
12:52:58.389,2428.6321,121139,-3.631,0.654
12:52:58.390,2428.6521,121140,-3.491,0.732
12:52:58.406,2428.6721,121141,-3.403,0.623
12:52:58.438,2428.6921,121142,-3.572,0.638
12:52:58.449,2428.7121,121143,-3.533,0.484
12:52:58.465,2428.7321,121144,-3.66,0.595
12:52:58.498,2428.7521,121145,-3.542,0.57
12:52:58.509,2428.7721,121146,-3.533,0.712
12:52:58.525,2428.7921,121147,-3.683,0.64
12:52:58.557,2428.8121,121148,-3.781,0.559
12:52:58.573,2428.8321,121149,-3.655,0.61
12:52:58.584,2428.8521,121150,-3.823,0.557
12:52:58.616,2428.8721,121151,-3.688,0.648
12:52:58.632,2428.8921,121152,-3.782,0.787
12:52:58.675,2428.9121,121153,-3.75,0.652
12:52:58.676,2428.9321,121154,-3.63,0.657
12:52:58.691,2428.9521,121155,-3.708,0.525
12:52:58.708,2428.9721,121156,-3.583,0.613
12:52:58.735,2428.9921,121157,-3.585,0.459
12:52:58.751,2429.0121,121158,-3.66,0.599
12:52:58.794,2429.0321,121159,-3.513,0.684
12:52:58.799,2429.0521,121160,-3.614,0.738
12:52:58.810,2429.0721,121161,-3.726,0.688
12:52:58.827,2429.0921,121162,-3.557,0.634
12:52:58.854,2429.1121,121163,-3.444,0.611
12:52:58.870,2429.1321,121164,-3.607,0.671
12:52:58.913,2429.1521,121165,-3.697,0.561
12:52:58.919,2429.1721,121166,-3.599,0.69
12:52:58.930,2429.1921,121167,-3.462,0.786
12:52:58.946,2429.2121,121168,-3.501,0.645
12:52:58.973,2429.2321,121169,-3.349,0.556
12:52:58.989,2429.2521,121170,-3.473,0.623
12:52:59.020,2429.2721,121171,-3.463,0.472
12:52:59.020,2429.2921,121172,-3.434,0.616
12:52:59.052,2429.3121,121173,-3.525,0.716
12:52:59.063,2429.3321,121174,-3.523,0.576
12:52:59.095,2429.3521,121175,-3.39,0.687
12:52:59.138,2429.3721,121176,-3.553,0.716
12:52:59.144,2429.3921,121177,-3.579,0.576
12:52:59.144,2429.4121,121178,-3.517,0.465
12:52:59.170,2429.4321,121179,-3.574,0.583
12:52:59.186,2429.4521,121180,-3.413,0.639
12:52:59.218,2429.4721,121181,-3.483,0.518
12:52:59.229,2429.4921,121182,-3.566,0.664
12:52:59.261,2429.5121,121183,-3.42,0.631
12:52:59.261,2429.5321,121184,-3.471,0.756
12:52:59.289,2429.5521,121185,-3.573,0.633
12:52:59.306,2429.5721,121186,-3.46,0.56
12:52:59.338,2429.5921,121187,-3.527,0.668
12:52:59.348,2429.6121,121188,-3.479,0.807
12:52:59.380,2429.6355,121189,-3.438,0.669
12:52:59.380,2429.6521,121190,-3.381,0.575
12:52:59.412,2429.6721,121191,-3.548,0.644
12:52:59.423,2429.6921,121192,-3.664,0.769
12:52:59.455,2429.7121,121193,-3.778,0.747
12:52:59.471,2429.7321,121194,-3.625,0.679
12:52:59.503,2429.7521,121195,-3.489,0.762
12:52:59.503,2429.7721,121196,-3.458,0.905
12:52:59.530,2429.7921,121197,-3.557,0.778
12:52:59.547,2429.8121,121198,-3.436,0.649
12:52:59.578,2429.8321,121199,-3.458,0.504
12:52:59.621,2429.8521,121200,-3.638,0.532
12:52:59.621,2429.8721,121201,-3.631,0.391
12:52:59.621,2429.8921,121202,-3.734,0.493
12:52:59.653,2429.9121,121203,-3.613,0.616
12:52:59.664,2429.9321,121204,-3.514,0.741
12:52:59.695,2429.9521,121205,-3.491,0.588
12:52:59.726,2429.9721,121206,-3.374,0.568
12:52:59.727,2429.9921,121207,-3.551,0.599
12:52:59.758,2430.0121,121208,-3.602,0.716
12:52:59.769,2430.0321,121209,-3.503,0.645
12:52:59.785,2430.0521,121210,-3.418,0.772
12:52:59.817,2430.0721,121211,-3.459,0.63
12:52:59.828,2430.0921,121212,-3.57,0.529
12:52:59.861,2430.1121,121213,-3.526,0.674
12:52:59.861,2430.1321,121214,-3.59,0.543
12:52:59.893,2430.1521,121215,-3.613,0.695
12:52:59.904,2430.1721,121216,-3.593,0.568
12:52:59.935,2430.1921,121217,-3.611,0.72
12:52:59.968,2430.2121,121218,-3.763,0.686
12:52:59.968,2430.2321,121219,-3.797,0.553
12:52:59.995,2430.2521,121220,-3.662,0.504
12:53:00.011,2430.2721,121221,-3.495,0.506
12:53:00.027,2430.2921,121222,-3.642,0.602
12:53:00.086,2430.3121,121223,-3.526,0.63
12:53:00.086,2430.3321,121224,-3.639,0.646
12:53:00.086,2430.3521,121225,-3.767,0.76
12:53:00.118,2430.3721,121226,-3.765,0.613
12:53:00.129,2430.3921,121227,-3.638,0.553
12:53:00.145,2430.4121,121228,-3.54,0.462
12:53:00.176,2430.4321,121229,-3.579,0.606
12:53:00.203,2430.4521,121230,-3.526,0.741
12:53:00.209,2430.4721,121231,-3.635,0.684
12:53:00.236,2430.4921,121232,-3.653,0.529
12:53:00.252,2430.5121,121233,-3.537,0.449
12:53:00.278,2430.5321,121234,-3.565,0.577
12:53:00.284,2430.5521,121235,-3.417,0.66
12:53:00.326,2430.5721,121236,-3.585,0.638
12:53:00.326,2430.5921,121237,-3.53,0.487
12:53:00.358,2430.6121,121238,-3.482,0.616
12:53:00.385,2430.6321,121239,-3.611,0.628
12:53:00.385,2430.6521,121240,-3.474,0.694
12:53:00.417,2430.6721,121241,-3.589,0.583
12:53:00.443,2430.6921,121242,-3.461,0.655
12:53:00.449,2430.7121,121243,-3.56,0.53
12:53:00.476,2430.7321,121244,-3.525,0.678
12:53:00.492,2430.7521,121245,-3.637,0.672
12:53:00.508,2430.7721,121246,-3.569,0.521
12:53:00.566,2430.7921,121247,-3.731,0.595
12:53:00.567,2430.8121,121248,-3.657,0.489
12:53:00.567,2430.8321,121249,-3.735,0.589
12:53:00.594,2430.8521,121250,-3.56,0.56
12:53:00.610,2430.8721,121251,-3.608,0.429
12:53:00.626,2430.8921,121252,-3.601,0.577
12:53:00.685,2430.9121,121253,-3.441,0.51
12:53:00.685,2430.9321,121254,-3.336,0.459
12:53:00.690,2430.9521,121255,-3.473,0.423
12:53:00.733,2430.9721,121256,-3.403,0.555
12:53:00.733,2430.9921,121257,-3.364,0.403
12:53:00.743,2431.0121,121258,-3.243,0.51
12:53:00.818,2431.0321,121259,-3.4,0.59
12:53:00.824,2431.0521,121260,-3.348,0.472
12:53:00.824,2431.0721,121261,-3.497,0.402
12:53:00.824,2431.0921,121262,-3.457,0.548
12:53:00.851,2431.1121,121263,-3.498,0.706
12:53:00.867,2431.1321,121264,-3.585,0.792
12:53:00.909,2431.1521,121265,-3.478,0.7
12:53:00.914,2431.1721,121266,-3.626,0.761
12:53:00.925,2431.1921,121267,-3.461,0.775
12:53:00.957,2431.2121,121268,-3.463,0.623
12:53:00.968,2431.2321,121269,-3.432,0.768
12:53:00.985,2431.2521,121270,-3.443,0.624
12:53:01.016,2431.2721,121271,-3.544,0.528
12:53:01.032,2431.2921,121272,-3.382,0.567
12:53:01.043,2431.3121,121273,-3.443,0.715
12:53:01.075,2431.3321,121274,-3.278,0.766
12:53:01.091,2431.3521,121275,-3.425,0.677
12:53:01.107,2431.3721,121276,-3.527,0.556
12:53:01.149,2431.3921,121277,-3.424,0.509
12:53:01.155,2431.4121,121278,-3.285,0.404
12:53:01.166,2431.4321,121279,-3.261,0.545
12:53:01.198,2431.4521,121280,-3.404,0.632
12:53:01.209,2431.4721,121281,-3.578,0.675
12:53:01.241,2431.4921,121282,-3.471,0.791
12:53:01.241,2431.5121,121283,-3.536,0.663
12:53:01.272,2431.5321,121284,-3.632,0.535
12:53:01.283,2431.5521,121285,-3.482,0.611
12:53:01.315,2431.5721,121286,-3.456,0.473
12:53:01.346,2431.5921,121287,-3.485,0.628
12:53:01.346,2431.6121,121288,-3.64,0.543
12:53:01.388,2431.6365,121289,-3.495,0.531
12:53:01.394,2431.6521,121290,-3.366,0.565
12:53:01.420,2431.6721,121291,-3.524,0.637
12:53:01.420,2431.6921,121292,-3.605,0.528
12:53:01.451,2431.7121,121293,-3.504,0.59
12:53:01.468,2431.7321,121294,-3.467,0.724
12:53:01.510,2431.7521,121295,-3.315,0.643
12:53:01.510,2431.7721,121296,-3.448,0.604
12:53:01.527,2431.7921,121297,-3.458,0.742
12:53:01.554,2431.8121,121298,-3.408,0.596
12:53:01.571,2431.8321,121299,-3.274,0.629
12:53:01.587,2431.8521,121300,-3.115,0.679
12:53:01.614,2431.8721,121301,-3.229,0.689
12:53:01.630,2431.8921,121302,-3.352,0.677
12:53:01.646,2431.9121,121303,-3.241,0.709
12:53:01.674,2431.9321,121304,-3.122,0.74
12:53:01.690,2431.9521,121305,-3.267,0.663
12:53:01.705,2431.9721,121306,-3.445,0.66
12:53:01.763,2431.9921,121307,-3.305,0.604
12:53:01.769,2432.0121,121308,-3.42,0.641
12:53:01.769,2432.0321,121309,-3.275,0.725
12:53:01.795,2432.0521,121310,-3.39,0.636
12:53:01.812,2432.0721,121311,-3.396,0.782
12:53:01.828,2432.0921,121312,-3.222,0.721
12:53:01.855,2432.1121,121313,-3.38,0.663
12:53:01.871,2432.1321,121314,-3.483,0.541
12:53:01.888,2432.1521,121315,-3.37,0.669
12:53:01.914,2432.1721,121316,-3.553,0.688
12:53:01.931,2432.1921,121317,-3.385,0.747
12:53:01.946,2432.2121,121318,-3.502,0.775
12:53:01.973,2432.2321,121319,-3.488,0.633
12:53:01.989,2432.2521,121320,-3.447,0.488
12:53:02.005,2432.2721,121321,-3.458,0.637
12:53:02.038,2432.2921,121322,-3.294,0.563
12:53:02.048,2432.3121,121323,-3.222,0.46
12:53:02.064,2432.3321,121324,-3.259,0.316
12:53:02.096,2432.3521,121325,-3.289,0.458
12:53:02.112,2432.3721,121326,-3.348,0.61
12:53:02.128,2432.3921,121327,-3.523,0.601
12:53:02.155,2432.4121,121328,-3.694,0.591
12:53:02.171,2432.4321,121329,-3.54,0.508
12:53:02.188,2432.4521,121330,-3.526,0.655
12:53:02.231,2432.4721,121331,-3.428,0.754
12:53:02.232,2432.4921,121332,-3.377,0.6
12:53:02.248,2432.5121,121333,-3.508,0.627
12:53:02.275,2432.5321,121334,-3.607,0.546
12:53:02.290,2432.5521,121335,-3.515,0.63
12:53:02.307,2432.5721,121336,-3.556,0.498
12:53:02.333,2432.5921,121337,-3.549,0.643
12:53:02.349,2432.6121,121338,-3.438,0.621
12:53:02.365,2432.6321,121339,-3.428,0.764
12:53:02.397,2432.6521,121340,-3.277,0.835
12:53:02.408,2432.6721,121341,-3.424,0.747
12:53:02.488,2432.6921,121342,-3.439,0.608
12:53:02.488,2432.7121,121343,-3.445,0.754
12:53:02.488,2432.7321,121344,-3.404,0.609
12:53:02.488,2432.7521,121345,-3.514,0.737
12:53:02.514,2432.7721,121346,-3.675,0.806
12:53:02.530,2432.7921,121347,-3.825,0.749
12:53:02.561,2432.8121,121348,-3.691,0.641
12:53:02.562,2432.8321,121349,-3.539,0.556
12:53:02.588,2432.8521,121350,-3.693,0.479
12:53:02.604,2432.8721,121351,-3.615,0.578
12:53:02.636,2432.8921,121352,-3.643,0.44
12:53:02.652,2432.9121,121353,-3.594,0.573
12:53:02.668,2432.9321,121354,-3.523,0.709
12:53:02.695,2432.9521,121355,-3.348,0.683
12:53:02.711,2432.9721,121356,-3.43,0.576
12:53:02.743,2432.9921,121357,-3.484,0.711
12:53:02.743,2433.0121,121358,-3.591,0.627
12:53:02.770,2433.0321,121359,-3.673,0.709
12:53:02.817,2433.0521,121360,-3.623,0.587
12:53:02.817,2433.0721,121361,-3.521,0.518
12:53:02.828,2433.0921,121362,-3.623,0.643
12:53:02.844,2433.1121,121363,-3.508,0.757
12:53:02.875,2433.1321,121364,-3.65,0.671
12:53:02.922,2433.1521,121365,-3.545,0.73
12:53:02.923,2433.1721,121366,-3.583,0.599
12:53:02.923,2433.1921,121367,-3.618,0.754
12:53:02.950,2433.2121,121368,-3.593,0.62
12:53:02.966,2433.2321,121369,-3.509,0.729
12:53:02.997,2433.2521,121370,-3.487,0.584
12:53:03.013,2433.2721,121371,-3.569,0.491
12:53:03.041,2433.2921,121372,-3.682,0.53
12:53:03.041,2433.3121,121373,-3.514,0.481
12:53:03.073,2433.3321,121374,-3.418,0.602
12:53:03.084,2433.3521,121375,-3.404,0.467
12:53:03.116,2433.3721,121376,-3.556,0.489
12:53:03.132,2433.3921,121377,-3.517,0.628
12:53:03.159,2433.4121,121378,-3.42,0.562
12:53:03.160,2433.4321,121379,-3.573,0.638
12:53:03.192,2433.4521,121380,-3.745,0.637
12:53:03.203,2433.4721,121381,-3.725,0.487
12:53:03.235,2433.4921,121382,-3.553,0.531
12:53:03.250,2433.5121,121383,-3.519,0.671
12:53:03.282,2433.5321,121384,-3.633,0.658
12:53:03.282,2433.5521,121385,-3.691,0.52
12:53:03.308,2433.5721,121386,-3.752,0.38
12:53:03.324,2433.5921,121387,-3.618,0.457
12:53:03.356,2433.6121,121388,-3.569,0.595
12:53:03.399,2433.6321,121389,-3.493,0.453
12:53:03.404,2433.6521,121390,-3.345,0.536
12:53:03.405,2433.6721,121391,-3.47,0.54
12:53:03.431,2433.6921,121392,-3.455,0.684
12:53:03.447,2433.7121,121393,-3.446,0.544
12:53:03.474,2433.7321,121394,-3.607,0.488
12:53:03.537,2433.7521,121395,-3.45,0.546
12:53:03.537,2433.7721,121396,-3.609,0.482
12:53:03.537,2433.7921,121397,-3.441,0.515
12:53:03.553,2433.8121,121398,-3.39,0.664
12:53:03.564,2433.8321,121399,-3.375,0.523
12:53:03.596,2433.8521,121400,-3.402,0.658
12:53:03.611,2433.8721,121401,-3.229,0.627
12:53:03.639,2433.8921,121402,-3.343,0.546
12:53:03.644,2433.9121,121403,-3.252,0.673
12:53:03.672,2433.9321,121404,-3.388,0.788
12:53:03.688,2433.9521,121405,-3.381,0.647
12:53:03.715,2433.9721,121406,-3.485,0.779
12:53:03.763,2433.9921,121407,-3.425,0.656
12:53:03.763,2434.0121,121408,-3.573,0.564
12:53:03.763,2434.0321,121409,-3.513,0.682
12:53:03.790,2434.0521,121410,-3.443,0.587
12:53:03.806,2434.0721,121411,-3.591,0.496
12:53:03.863,2434.0921,121412,-3.462,0.388
12:53:03.869,2434.1121,121413,-3.469,0.523
12:53:03.869,2434.1321,121414,-3.579,0.47
12:53:03.896,2434.1521,121415,-3.474,0.506
12:53:03.912,2434.1721,121416,-3.591,0.601
12:53:03.923,2434.1921,121417,-3.503,0.521
12:53:03.955,2434.2121,121418,-3.639,0.572
12:53:03.987,2434.2321,121419,-3.591,0.45
12:53:03.987,2434.2521,121420,-3.611,0.605
12:53:04.014,2434.2721,121421,-3.595,0.752
12:53:04.030,2434.2921,121422,-3.617,0.605
12:53:04.062,2434.3121,121423,-3.505,0.477
12:53:04.062,2434.3321,121424,-3.449,0.618
12:53:04.104,2434.3521,121425,-3.597,0.696
12:53:04.109,2434.3721,121426,-3.538,0.566
12:53:04.136,2434.3921,121427,-3.396,0.654
12:53:04.178,2434.4121,121428,-3.502,0.596
12:53:04.184,2434.4321,121429,-3.473,0.458
12:53:04.184,2434.4521,121430,-3.625,0.56
12:53:04.226,2434.4721,121431,-3.501,0.64
12:53:04.226,2434.4921,121432,-3.661,0.71
12:53:04.269,2434.5121,121433,-3.571,0.809
12:53:04.275,2434.5321,121434,-3.542,0.659
12:53:04.285,2434.5521,121435,-3.367,0.683
12:53:04.344,2434.5721,121436,-3.51,0.78
12:53:04.344,2434.5921,121437,-3.593,0.666
12:53:04.350,2434.6121,121438,-3.489,0.725
12:53:04.376,2434.6321,121439,-3.377,0.835
12:53:04.392,2434.6521,121440,-3.449,0.7
12:53:04.408,2434.6721,121441,-3.452,0.551
12:53:04.482,2434.6921,121442,-3.556,0.615
12:53:04.482,2434.7121,121443,-3.376,0.623
12:53:04.483,2434.7321,121444,-3.348,0.497
12:53:04.483,2434.7521,121445,-3.427,0.589
12:53:04.510,2434.7721,121446,-3.318,0.649
12:53:04.526,2434.7921,121447,-3.366,0.801
12:53:04.584,2434.8121,121448,-3.346,0.666
12:53:04.584,2434.8321,121449,-3.5,0.599
12:53:04.590,2434.8521,121450,-3.576,0.495
12:53:04.617,2434.8721,121451,-3.545,0.638
12:53:04.628,2434.8921,121452,-3.414,0.523
12:53:04.644,2434.9121,121453,-3.353,0.369
12:53:04.677,2434.9321,121454,-3.324,0.515
12:53:04.704,2434.9521,121455,-3.44,0.642
12:53:04.709,2434.9721,121456,-3.476,0.498
12:53:04.737,2434.9921,121457,-3.468,0.644
12:53:04.753,2435.0121,121458,-3.521,0.796
12:53:04.764,2435.0321,121459,-3.633,0.681
12:53:04.812,2435.0521,121460,-3.453,0.672
12:53:04.812,2435.0721,121461,-3.586,0.569
12:53:04.829,2435.0921,121462,-3.502,0.436
12:53:04.855,2435.1121,121463,-3.389,0.533
12:53:04.887,2435.1321,121464,-3.548,0.567
12:53:04.887,2435.1521,121465,-3.609,0.671
12:53:04.930,2435.1721,121466,-3.475,0.556
12:53:04.931,2435.1921,121467,-3.555,0.705
12:53:04.947,2435.2121,121468,-3.47,0.841
12:53:04.979,2435.2321,121469,-3.577,0.77
12:53:04.990,2435.2521,121470,-3.504,0.625
12:53:05.006,2435.2721,121471,-3.466,0.504
12:53:05.065,2435.2921,121472,-3.369,0.633
12:53:05.065,2435.3121,121473,-3.431,0.498
12:53:05.071,2435.3321,121474,-3.52,0.399
12:53:05.098,2435.3521,121475,-3.465,0.519
12:53:05.109,2435.3721,121476,-3.446,0.663
12:53:05.125,2435.3921,121477,-3.536,0.568
12:53:05.173,2435.4121,121478,-3.651,0.643
12:53:05.173,2435.4321,121479,-3.531,0.645
12:53:05.200,2435.4521,121480,-3.437,0.519
12:53:05.200,2435.4721,121481,-3.556,0.624
12:53:05.232,2435.4921,121482,-3.445,0.648
12:53:05.243,2435.5121,121483,-3.346,0.514
12:53:05.306,2435.5321,121484,-3.488,0.62
12:53:05.307,2435.5521,121485,-3.358,0.518
12:53:05.307,2435.5721,121486,-3.466,0.468
12:53:05.334,2435.5921,121487,-3.316,0.509
12:53:05.350,2435.6121,121488,-3.385,0.653
12:53:05.365,2435.6321,121489,-3.489,0.532
12:53:05.397,2435.6521,121490,-3.588,0.597
12:53:05.413,2435.6721,121491,-3.616,0.453
12:53:05.424,2435.6921,121492,-3.79,0.478
12:53:05.455,2435.7121,121493,-3.69,0.544
12:53:05.472,2435.7321,121494,-3.586,0.503
12:53:05.488,2435.7521,121495,-3.519,0.611
12:53:05.530,2435.7721,121496,-3.628,0.542
12:53:05.531,2435.7921,121497,-3.73,0.608
12:53:05.547,2435.8121,121498,-3.602,0.653
12:53:05.574,2435.8321,121499,-3.6,0.508
12:53:05.590,2435.8521,121500,-3.451,0.521
12:53:05.650,2435.8721,121501,-3.56,0.64
12:53:05.655,2435.8921,121502,-3.46,0.524
12:53:05.655,2435.9121,121503,-3.571,0.649
12:53:05.666,2435.9321,121504,-3.688,0.672
12:53:05.698,2435.9521,121505,-3.524,0.599
12:53:05.709,2435.9721,121506,-3.686,0.658
12:53:05.725,2435.9921,121507,-3.711,0.813
12:53:05.757,2436.0121,121508,-3.657,0.679
12:53:05.774,2436.0321,121509,-3.573,0.539
12:53:05.785,2436.0521,121510,-3.708,0.444
12:53:05.816,2436.0721,121511,-3.749,0.596
12:53:05.832,2436.0921,121512,-3.6,0.676
12:53:05.847,2436.1121,121513,-3.723,0.791
12:53:05.874,2436.1321,121514,-3.705,0.637
12:53:05.890,2436.1521,121515,-3.57,0.689
12:53:05.923,2436.1721,121516,-3.412,0.724
12:53:05.923,2436.1921,121517,-3.562,0.67
12:53:05.950,2436.2121,121518,-3.603,0.827
12:53:05.966,2436.2321,121519,-3.645,0.698
12:53:05.993,2436.2521,121520,-3.468,0.662
12:53:06.025,2436.2721,121521,-3.6,0.63
12:53:06.025,2436.2921,121522,-3.729,0.609
12:53:06.057,2436.3121,121523,-3.564,0.659
12:53:06.069,2436.3321,121524,-3.53,0.794
12:53:06.085,2436.3521,121525,-3.471,0.652
12:53:06.117,2436.3721,121526,-3.41,0.498
12:53:06.128,2436.3921,121527,-3.557,0.48
12:53:06.145,2436.4121,121528,-3.736,0.459
12:53:06.177,2436.4321,121529,-3.592,0.553
12:53:06.193,2436.4521,121530,-3.663,0.678
12:53:06.237,2436.4721,121531,-3.52,0.754
12:53:06.237,2436.4921,121532,-3.453,0.615
12:53:06.253,2436.5121,121533,-3.58,0.548
12:53:06.264,2436.5321,121534,-3.466,0.59
12:53:06.295,2436.5521,121535,-3.488,0.725
12:53:06.311,2436.5721,121536,-3.43,0.592
12:53:06.354,2436.5921,121537,-3.298,0.558
12:53:06.360,2436.6121,121538,-3.402,0.631
12:53:06.371,2436.6321,121539,-3.401,0.488
12:53:06.387,2436.6521,121540,-3.422,0.631
12:53:06.419,2436.6721,121541,-3.391,0.774
12:53:06.477,2436.6921,121542,-3.49,0.647
12:53:06.478,2436.7121,121543,-3.515,0.507
12:53:06.478,2436.7321,121544,-3.411,0.433
12:53:06.489,2436.7521,121545,-3.345,0.567
12:53:06.505,2436.7721,121546,-3.436,0.495
12:53:06.553,2436.7921,121547,-3.257,0.482
12:53:06.553,2436.8121,121548,-3.417,0.562
12:53:06.595,2436.8321,121549,-3.508,0.483
12:53:06.595,2436.8521,121550,-3.426,0.608
12:53:06.612,2436.8721,121551,-3.453,0.46
12:53:06.623,2436.8921,121552,-3.515,0.598
12:53:06.671,2436.9121,121553,-3.354,0.53
12:53:06.671,2436.9321,121554,-3.516,0.605
12:53:06.703,2436.9521,121555,-3.518,0.464
12:53:06.703,2436.9721,121556,-3.441,0.573
12:53:06.729,2436.9921,121557,-3.388,0.446
12:53:06.762,2437.0121,121558,-3.537,0.537
12:53:06.762,2437.0321,121559,-3.465,0.674
12:53:06.789,2437.0521,121560,-3.576,0.641
12:53:06.820,2437.0721,121561,-3.574,0.499
12:53:06.820,2437.0921,121562,-3.737,0.566
12:53:06.863,2437.1121,121563,-3.622,0.503
12:53:06.869,2437.1321,121564,-3.524,0.622
12:53:06.895,2437.1521,121565,-3.41,0.58
12:53:06.912,2437.1721,121566,-3.451,0.446
12:53:06.939,2437.1921,121567,-3.568,0.504
12:53:06.944,2437.2121,121568,-3.671,0.571
12:53:06.970,2437.2321,121569,-3.561,0.656
12:53:06.986,2437.2521,121570,-3.456,0.773
12:53:07.018,2437.2721,121571,-3.479,0.625
12:53:07.029,2437.2921,121572,-3.417,0.508
12:53:07.060,2437.3121,121573,-3.565,0.511
12:53:07.060,2437.3321,121574,-3.457,0.427
12:53:07.092,2437.3521,121575,-3.515,0.573
12:53:07.107,2437.3721,121576,-3.662,0.602
12:53:07.133,2437.3921,121577,-3.545,0.594
12:53:07.180,2437.4121,121578,-3.72,0.593
12:53:07.180,2437.4321,121579,-3.534,0.602
12:53:07.186,2437.4521,121580,-3.572,0.47
12:53:07.208,2437.4721,121581,-3.721,0.546
12:53:07.224,2437.4921,121582,-3.654,0.395
12:53:07.256,2437.5121,121583,-3.53,0.507
12:53:07.287,2437.5321,121584,-3.632,0.569
12:53:07.299,2437.5521,121585,-3.469,0.611
12:53:07.304,2437.5721,121586,-3.445,0.459
12:53:07.331,2437.5921,121587,-3.357,0.549
12:53:07.348,2437.6121,121588,-3.455,0.646
12:53:07.374,2437.6321,121589,-3.372,0.503
12:53:07.390,2437.6521,121590,-3.466,0.582
12:53:07.421,2437.6721,121591,-3.404,0.703
12:53:07.421,2437.6921,121592,-3.362,0.558
12:53:07.453,2437.7121,121593,-3.529,0.62
12:53:07.497,2437.7321,121594,-3.417,0.607
12:53:07.497,2437.7521,121595,-3.386,0.468
12:53:07.539,2437.7721,121596,-3.466,0.563
12:53:07.540,2437.7921,121597,-3.403,0.422
12:53:07.545,2437.8121,121598,-3.417,0.565
12:53:07.572,2437.8321,121599,-3.313,0.52
12:53:07.598,2437.8521,121600,-3.469,0.527
12:53:07.604,2437.8721,121601,-3.593,0.53
12:53:07.646,2437.8921,121602,-3.475,0.529
12:53:07.646,2437.9121,121603,-3.475,0.669
12:53:07.678,2437.9321,121604,-3.517,0.534
12:53:07.704,2437.9521,121605,-3.666,0.627
12:53:07.705,2437.9721,121606,-3.495,0.673
12:53:07.737,2437.9921,121607,-3.43,0.798
12:53:07.763,2438.0121,121608,-3.483,0.675
12:53:07.769,2438.0321,121609,-3.412,0.573
12:53:07.796,2438.0521,121610,-3.521,0.602
12:53:07.811,2438.0721,121611,-3.478,0.73
12:53:07.828,2438.0921,121612,-3.493,0.588
12:53:07.854,2438.1121,121613,-3.48,0.734
12:53:07.886,2438.1321,121614,-3.422,0.617
12:53:07.886,2438.1521,121615,-3.6,0.594
12:53:07.914,2438.1721,121616,-3.504,0.719
12:53:07.930,2438.1921,121617,-3.353,0.629
12:53:07.945,2438.2121,121618,-3.414,0.764
12:53:07.977,2438.2321,121619,-3.431,0.617
12:53:08.004,2438.2521,121620,-3.266,0.609
12:53:08.009,2438.2721,121621,-3.382,0.542
12:53:08.036,2438.2921,121622,-3.453,0.412
12:53:08.051,2438.3121,121623,-3.364,0.537
12:53:08.068,2438.3321,121624,-3.366,0.683
12:53:08.126,2438.3521,121625,-3.478,0.582
12:53:08.126,2438.3721,121626,-3.386,0.706
12:53:08.127,2438.3921,121627,-3.463,0.81
12:53:08.158,2438.4121,121628,-3.525,0.678
12:53:08.168,2438.4321,121629,-3.351,0.66
12:53:08.184,2438.4521,121630,-3.263,0.79
12:53:08.263,2438.4721,121631,-3.417,0.712
12:53:08.264,2438.4921,121632,-3.497,0.844
12:53:08.264,2438.5121,121633,-3.441,0.709
12:53:08.264,2438.5321,121634,-3.423,0.563
12:53:08.289,2438.5521,121635,-3.334,0.651
12:53:08.306,2438.5721,121636,-3.49,0.577
12:53:08.364,2438.5921,121637,-3.57,0.456
12:53:08.369,2438.6121,121638,-3.597,0.577
12:53:08.369,2438.6321,121639,-3.777,0.543
12:53:08.396,2438.6521,121640,-3.712,0.653
12:53:08.412,2438.6721,121641,-3.602,0.628
12:53:08.438,2438.6921,121642,-3.617,0.489
12:53:08.444,2438.7121,121643,-3.539,0.613
12:53:08.487,2438.7321,121644,-3.647,0.635
12:53:08.487,2438.7521,121645,-3.743,0.521
12:53:08.514,2438.7721,121646,-3.659,0.641
12:53:08.531,2438.7921,121647,-3.627,0.489
12:53:08.547,2438.8121,121648,-3.57,0.611
12:53:08.590,2438.8321,121649,-3.435,0.562
12:53:08.590,2438.8521,121650,-3.544,0.611
12:53:08.606,2438.8721,121651,-3.683,0.578
12:53:08.638,2438.8921,121652,-3.778,0.703
12:53:08.665,2438.9121,121653,-3.692,0.56
12:53:08.665,2438.9321,121654,-3.583,0.679
12:53:08.712,2438.9521,121655,-3.534,0.557
12:53:08.713,2438.9721,121656,-3.535,0.412
12:53:08.724,2438.9921,121657,-3.452,0.543
12:53:08.756,2439.0121,121658,-3.51,0.688
12:53:08.773,2439.0321,121659,-3.429,0.592
12:53:08.783,2439.0521,121660,-3.328,0.456
12:53:08.831,2439.0721,121661,-3.442,0.35
12:53:08.831,2439.0921,121662,-3.511,0.49
12:53:08.863,2439.1121,121663,-3.609,0.617
12:53:08.863,2439.1321,121664,-3.445,0.562
12:53:08.889,2439.1521,121665,-3.565,0.456
12:53:08.905,2439.1721,121666,-3.415,0.455
12:53:08.953,2439.1921,121667,-3.446,0.594
12:53:08.953,2439.2121,121668,-3.618,0.634
12:53:08.968,2439.2321,121669,-3.466,0.721
12:53:08.995,2439.2521,121670,-3.318,0.619
12:53:09.010,2439.2721,121671,-3.485,0.678
12:53:09.026,2439.2921,121672,-3.532,0.547
12:53:09.069,2439.3121,121673,-3.411,0.652
12:53:09.075,2439.3321,121674,-3.489,0.545
12:53:09.085,2439.3521,121675,-3.37,0.644
