real_time,timestamp_s,seq,rel_pitch_deg,rel_roll_deg,avg_pitch_deg,avg_roll_deg,accel_x_1,accel_y_1,accel_z_1,gyro_x_1,gyro_y_1,gyro_z_1,accel_x_2,accel_y_2,accel_z_2,gyro_x_2,gyro_y_2,gyro_z_2,q1w,q1x,q1y,q1z,q2w,q2x,q2y,q2z,temp1_C,temp2_C,madgwick_beta1,madgwick_beta2
20:27:20.409,1790256440.4094,150,-0.031,-0.099,-0.031,-0.099,-0.01656,0.01204,0.99666,0.00167,-0.00067,-0.00053,-0.00364,0.00385,1.00003,-0.1281,-0.01088,-0.00044,0.99999,0.00047,0.00458,-6e-05,0.99992,-0.01243,-0.00206,-0.0004,33.23,34.6,0.0777,0.08
20:27:20.429,1790256440.4297,151,-0.007,-0.226,-0.019,-0.162,-0.01269,0.00606,0.99239,-0.00129,-0.00238,0.00067,-0.0108,-0.00549,1.00377,-0.13088,-0.01526,0.00141,0.99998,0.00169,0.00541,-5e-05,0.99992,-0.01231,-0.00101,-0.00038,33.23,34.6,0.0744,0.0771
20:27:20.450,1790256440.45,152,0.171,-0.058,0.044,-0.128,-0.00348,-0.00773,0.99245,0.00201,-0.00124,-0.00022,-0.00597,-0.00557,1.00974,-0.13252,-0.01033,0.00129,0.99999,0.00045,0.00457,-5e-05,0.99993,-0.01209,-0.0003,-0.00037,33.23,34.6,0.0744,0.0727
20:27:20.470,1790256440.4705,153,0.317,0.089,0.113,-0.074,-0.00915,-0.00103,0.98987,-0.00235,0.00038,0.00049,-0.03163,-0.0039,1.01847,-0.11302,-0.00371,-0.00645,0.99999,-0.00106,0.00465,-5e-05,0.99992,-0.01231,0.00105,-0.00042,33.23,34.6,0.0724,0.0658
20:27:20.491,1790256440.4909,154,0.436,0.034,0.177,-0.052,0.00797,0.00846,0.98777,0.00069,0.00011,0.00053,0.00829,0.00171,0.98324,-0.11737,0.00583,0.00079,0.99999,-0.0003,0.00341,-5e-05,0.99993,-0.01203,0.00085,-0.00043,33.23,34.6,0.0709,0.0675
20:27:20.511,1790256440.5113,155,0.589,0.057,0.246,-0.034,0.00883,0.0038,0.97384,0.00323,-0.00076,-0.0008,0.00091,0.00559,1.00018,-0.12379,0.00288,-0.0009,1.0,7e-05,0.00221,-6e-05,0.99993,-0.01146,0.00099,-0.00044,33.23,34.6,0.0604,0.0799
20:27:20.531,1790256440.5316,156,0.65,0.268,0.304,0.009,-0.00797,-0.01757,0.98702,-0.0,-0.00231,-0.00115,-0.00956,-0.00038,1.00361,-0.12275,0.00458,-0.00088,1.0,-0.00133,0.00247,-7e-05,0.99994,-0.01102,0.00178,-0.00045,33.23,34.59,0.0704,0.0773
20:27:20.552,1790256440.552,157,0.662,0.476,0.348,0.068,-0.00617,-0.00784,0.97577,-0.00083,-0.00155,-0.0022,-0.00453,0.00266,1.01137,-0.10588,0.00903,0.00068,0.99999,-0.00256,0.00276,-9e-05,0.99994,-0.01044,0.00218,-0.00045,33.23,34.59,0.0619,0.0715
20:27:20.572,1790256440.5723,158,0.798,0.534,0.398,0.119,0.00215,-0.00481,0.98291,0.00013,-0.00011,0.00182,0.00902,0.01237,1.00226,-0.11091,0.01523,-0.00352,1.0,-0.00252,0.00139,-8e-05,0.99995,-0.00989,0.00199,-0.00049,33.23,34.59,0.0672,0.0782
20:27:20.593,1790256440.5928,159,0.888,0.427,0.447,0.15,0.00086,0.01012,0.98753,0.00166,-0.00231,0.00142,-0.00227,0.00436,0.98403,-0.10766,0.02592,-0.00568,1.0,-0.00109,0.00103,-6e-05,0.99995,-0.00939,0.00241,-0.00055,33.23,34.59,0.0707,0.068
20:27:20.613,1790256440.6134,160,0.955,0.649,0.494,0.196,0.00204,-0.0123,0.99011,0.00251,-0.0033,-0.00064,0.00223,0.00545,0.99446,-0.11014,0.01595,0.00058,1.0,-0.00246,0.00043,-6e-05,0.99996,-0.00882,0.00239,-0.00055,33.23,34.59,0.0726,0.0759
20:27:20.634,1790256440.634,161,0.906,0.54,0.528,0.224,-0.00406,0.00279,1.00204,0.00222,0.00038,-0.00053,-0.00013,0.00384,0.9878,-0.10422,0.02434,-0.00102,1.0,-0.00094,0.00105,-7e-05,0.99996,-0.00826,0.00259,-0.00057,33.23,34.59,0.0785,0.0709
20:27:20.654,1790256440.6544,162,1.114,0.618,0.573,0.255,0.01238,-0.00085,0.99147,-0.00135,0.00018,0.0023,-0.00087,0.00984,1.00399,-0.09622,0.03033,0.00238,1.0,-0.00085,-0.00045,-4e-05,0.99997,-0.00749,0.0029,-0.00055,33.23,34.59,0.0737,0.077
20:27:20.675,1790256440.6749,163,0.98,0.305,0.602,0.258,-0.0046,0.02552,0.99322,-0.00087,-0.00067,-0.00366,0.00257,-0.0168,0.98988,-0.10572,0.03197,0.00076,1.0,0.00065,-0.00016,-8e-05,0.99996,-0.00871,0.00203,-0.00056,33.23,34.59,0.0752,0.0725
20:27:20.695,1790256440.6956,164,0.815,0.283,0.616,0.26,-0.00956,0.00736,0.99517,-0.00049,-0.00107,-0.00187,0.00548,0.00261,0.99127,-0.09186,0.02723,-0.00324,1.0,0.00147,0.00117,-0.0001,0.99997,-0.00809,0.00191,-0.0006,33.23,34.59,0.0764,0.0735
20:27:20.716,1790256440.7161,165,0.902,0.543,0.634,0.278,-0.00292,-0.00262,0.9881,-0.00118,0.00285,-8e-05,-0.00711,0.00211,1.00701,-0.08891,0.04183,-0.00291,1.0,1e-05,0.00135,-0.0001,0.99997,-0.00728,0.00286,-0.00064,33.23,34.59,0.0711,0.0747
20:27:20.736,1790256440.7367,166,1.236,0.542,0.67,0.293,0.00362,-0.01191,0.98423,0.00198,0.00025,-5e-05,-0.01308,-0.01735,1.00209,-0.08699,0.04888,-0.00015,1.0,-0.00123,0.0007,-0.0001,0.99995,-0.00853,0.00512,-0.00063,33.23,34.59,0.0682,0.0783
20:27:20.757,1790256440.7573,167,1.001,0.549,0.688,0.307,-0.00263,-0.00267,0.99747,-0.00178,0.00236,-0.00051,-0.00503,-0.01517,1.0262,-0.0907,0.04216,-0.00172,1.0,-0.00153,0.00231,-0.0001,0.99995,-0.00877,0.00467,-0.00067,33.23,34.59,0.0781,0.0603
20:27:20.777,1790256440.7775,168,0.808,0.633,0.694,0.324,-0.01505,-0.00324,0.98475,0.00273,0.00091,0.00257,0.00977,0.00547,0.99967,-0.07013,0.04884,-0.00114,0.99999,-0.00153,0.0037,-7e-05,0.99996,-0.00803,0.00438,-0.00069,33.23,34.59,0.0687,0.0798
20:27:20.798,1790256440.798,169,0.886,0.604,0.704,0.338,0.0021,0.00713,0.97038,0.00251,-0.00182,0.00182,0.00107,-0.00235,0.99382,-0.08011,0.04942,0.0028,1.0,-0.00064,0.00288,-5e-05,0.99996,-0.00739,0.00424,-0.00067,33.23,34.59,0.0578,0.0754
20:27:20.818,1790256440.8187,170,1.079,0.557,0.722,0.349,0.01179,0.01217,0.99867,0.00057,-0.00082,-0.00177,0.00563,0.01893,0.97442,-0.07571,0.05857,-0.00418,1.0,0.00036,0.00157,-6e-05,0.99997,-0.00681,0.00461,-0.00072,33.23,34.59,0.0791,0.061
20:27:20.839,1790256440.8389,171,1.242,0.46,0.745,0.354,-0.00432,0.00406,0.9888,-0.00037,0.00163,0.00371,-0.01537,-0.00764,0.99488,-0.0746,0.05571,-0.00044,1.0,0.00172,0.00208,-2e-05,0.99996,-0.00629,0.00655,-0.00071,33.23,34.59,0.0716,0.0763
20:27:20.859,1790256440.8595,172,1.361,0.715,0.772,0.37,0.00686,-0.01638,1.0046,0.00211,-0.00105,-2e-05,0.00503,0.0293,1.00734,-0.07108,0.05953,0.00263,1.0,0.00037,0.0013,-2e-05,0.99996,-0.00542,0.00681,-0.00069,33.23,34.59,0.0764,0.0742
20:27:20.880,1790256440.88,173,1.593,0.98,0.806,0.395,0.00232,-0.01348,0.99369,-0.00092,0.0016,-0.00075,-0.02196,0.00816,0.98621,-0.06442,0.06616,-3e-05,1.0,-0.00109,0.0008,-3e-05,0.99995,-0.00456,0.00833,-0.00068,33.23,34.59,0.0753,0.0699
20:27:20.900,1790256440.9004,174,1.458,0.805,0.832,0.411,-0.00559,0.00658,0.99818,0.00107,-0.00087,0.00183,0.01728,0.00171,1.0013,-0.07322,0.07426,0.0013,1.0,0.00038,0.00145,-0.0,0.99996,-0.00462,0.0078,-0.00067,33.23,34.59,0.0787,0.0789
20:27:20.921,1790256440.9208,175,1.527,0.668,0.859,0.421,0.00348,0.00845,1.00126,-0.00013,0.00201,-0.0023,0.0053,-0.00206,1.00961,-0.06407,0.07272,-0.00466,1.0,0.00162,0.00044,-2e-05,0.99996,-0.00458,0.00739,-0.00073,33.23,34.59,0.079,0.0728
20:27:20.941,1790256440.9414,176,1.488,0.886,0.882,0.438,-0.00145,-0.00343,0.97779,0.00185,0.00274,-0.00141,-0.0069,-0.00273,1.00377,-0.05709,0.07562,-0.00184,1.0,0.00033,0.00058,-4e-05,0.99997,-0.00396,0.00719,-0.00075,33.24,34.59,0.0633,0.0771
20:27:20.961,1790256440.9618,177,1.621,0.832,0.909,0.452,0.00038,0.00207,0.99867,-0.00327,0.00036,-0.0005,0.00865,0.0121,0.9896,-0.05785,0.08111,-0.00369,1.0,0.00139,-0.00061,-4e-05,0.99997,-0.00338,0.00716,-0.00079,33.24,34.59,0.079,0.0723
20:27:20.982,1790256440.982,178,1.485,0.961,0.929,0.47,-0.01413,-0.00726,0.97634,-0.00096,0.00056,0.00033,0.00751,0.00756,1.01383,-0.05328,0.07923,-0.00597,1.0,0.0007,0.00045,-4e-05,0.99997,-0.00294,0.00703,-0.00085,33.24,34.59,0.0623,0.0696
20:27:21.002,1790256441.0025,179,1.626,0.923,0.952,0.485,0.01461,0.01078,1.01305,0.0033,-8e-05,-0.00064,-0.00068,0.0038,0.97859,-0.0517,0.07742,0.0034,1.0,0.00148,-0.00079,-4e-05,0.99997,-0.00249,0.00702,-0.00082,33.24,34.59,0.0701,0.0639
20:27:21.023,1790256441.0231,180,1.476,0.762,0.969,0.494,-0.01764,0.00277,0.99126,0.00518,0.00375,-0.00421,-0.00049,-0.0204,1.01338,-0.0485,0.092,-0.00064,1.0,0.00152,0.00076,-9e-05,0.99997,-0.00386,0.00726,-0.00084,33.24,34.59,0.0736,0.0698
20:27:21.043,1790256441.0435,181,1.375,0.665,0.982,0.499,-0.00826,0.01579,0.9914,0.00016,0.00299,0.0029,0.0122,0.00502,0.9928,-0.03754,0.09535,0.00094,0.99999,0.00284,0.00149,-6e-05,0.99997,-0.00338,0.00711,-0.00084,33.24,34.59,0.0737,0.0747
20:27:21.064,1790256441.064,182,1.579,0.979,1.0,0.514,0.00226,-0.01025,0.98641,-0.00183,0.00178,0.00323,-0.01486,0.0003,0.99794,-0.04332,0.09209,0.00183,1.0,0.00147,0.00106,-2e-05,0.99996,-0.00201,0.00846,-0.00082,33.24,34.59,0.0698,0.0785
20:27:21.084,1790256441.0843,183,1.542,1.211,1.016,0.534,-0.00281,-0.0087,0.99245,0.00222,0.00157,-0.00387,0.01222,0.01052,1.00229,-0.03677,0.09429,0.00305,1.0,-2e-05,0.00116,-6e-05,0.99996,-0.00147,0.00824,-0.00079,33.24,34.59,0.0744,0.0782
20:27:21.104,1790256441.1045,184,1.558,1.336,1.031,0.557,0.0019,-0.01342,0.99755,-0.0024,-0.00151,-0.00125,0.00416,-0.0067,0.99587,-0.03639,0.09061,-0.00181,1.0,-0.00155,0.00066,-7e-05,0.99997,-0.00192,0.00788,-0.00081,33.24,34.59,0.0782,0.0769
20:27:21.124,1790256441.1247,185,1.491,1.159,1.044,0.574,-0.01075,0.01952,0.97662,-0.00166,-0.00131,0.0006,0.00151,-0.00881,1.00884,-0.01902,0.10539,-0.0002,1.0,-0.0004,0.00114,-6e-05,0.99997,-0.00231,0.00777,-0.00083,33.24,34.59,0.0627,0.0733
20:27:21.145,1790256441.1453,186,1.719,1.24,1.062,0.592,0.00374,0.00288,0.9865,-0.00179,0.00049,-0.00083,-0.00872,0.01393,1.00648,-0.01818,0.10219,-0.00937,1.0,0.00035,-9e-05,-6e-05,0.99996,-0.00085,0.00853,-0.00092,33.24,34.59,0.0699,0.075
20:27:21.165,1790256441.1656,187,1.869,1.184,1.083,0.608,0.00874,0.00494,1.00244,0.00267,-0.00064,-0.0001,-0.00274,0.00059,1.00963,-0.01927,0.10727,-0.00633,1.0,0.00108,-0.00152,-6e-05,0.99996,-0.00061,0.00841,-0.00099,33.24,34.59,0.0781,0.0728
20:27:21.186,1790256441.1859,188,1.906,1.418,1.104,0.628,0.00601,-0.00948,0.99264,0.00039,0.00107,-0.00124,0.01499,0.01118,0.9912,-0.0178,0.10644,-0.00267,1.0,-0.00039,-0.0019,-6e-05,0.99996,-4e-05,0.00835,-0.00102,33.24,34.59,0.0745,0.0735
20:27:21.206,1790256441.2063,189,1.87,1.243,1.124,0.644,0.00086,0.02456,0.98736,0.00051,-0.00023,-0.00053,0.00346,-0.00263,0.99481,-0.01098,0.11132,0.00022,1.0,0.00103,-0.00173,-6e-05,0.99997,-0.00014,0.0082,-0.00102,33.24,34.59,0.0707,0.0761
20:27:21.226,1790256441.2265,190,1.976,1.1,1.144,0.655,0.01756,0.0123,0.99121,-0.00103,0.00198,-0.00357,0.01457,-0.00958,1.00242,-0.01266,0.09929,-0.00029,0.99999,0.0019,-0.00293,-0.0001,0.99997,-0.00052,0.00794,-0.00103,33.24,34.59,0.0736,0.0781
20:27:21.246,1790256441.2467,191,1.8,1.172,1.16,0.667,0.00107,0.00342,0.98577,-0.00358,-0.00179,0.00162,-0.00407,0.0014,1.00638,-0.0015,0.10623,0.0016,1.0,0.00177,-0.00155,-8e-05,0.99997,-2e-05,0.00777,-0.00102,33.24,34.59,0.0693,0.0752
20:27:21.267,1790256441.2673,192,1.651,1.094,1.171,0.677,-0.00144,0.00347,0.9843,-0.00159,-0.0018,-0.0002,0.01264,-0.01722,0.99638,-0.00721,0.11524,-0.00139,1.0,0.00175,-0.00017,-8e-05,0.99997,-0.00072,0.00785,-0.00105,33.24,34.59,0.0682,0.0775
20:27:21.287,1790256441.2877,193,1.509,1.192,1.179,0.689,-0.01658,-0.00652,0.97572,0.00046,0.00344,-0.00018,0.00333,-0.00125,1.00983,-0.00091,0.10934,0.00136,1.0,0.00111,0.00095,-9e-05,0.99997,-0.00051,0.00774,-0.00104,33.24,34.59,0.0619,0.0726
20:27:21.308,1790256441.3083,194,1.404,0.97,1.184,0.695,-0.01303,0.01377,1.00294,-0.00203,0.00122,0.00315,0.00561,-0.01938,1.00556,0.00057,0.10948,0.00302,1.0,0.00224,0.00207,-5e-05,0.99997,-0.00131,0.00794,-0.00102,33.24,34.59,0.0777,0.0757
20:27:21.328,1790256441.3286,195,1.569,0.956,1.192,0.701,0.00989,0.01376,0.98075,-0.00079,0.00335,-0.00104,-0.00451,0.00138,1.03181,0.00309,0.1164,0.00085,1.0,0.00298,0.00099,-6e-05,0.99996,-0.0007,0.0083,-0.00102,33.24,34.59,0.0657,0.0561
20:27:21.349,1790256441.3493,196,1.408,0.971,1.197,0.706,-0.00453,0.00636,0.98777,0.00049,-0.00282,0.00173,0.01656,0.0011,0.98551,0.00852,0.11336,-0.00158,0.99999,0.00325,0.00239,-4e-05,0.99996,-0.0003,0.0083,-0.00104,33.24,34.59,0.0708,0.0692
20:27:21.369,1790256441.3695,197,1.386,1.141,1.201,0.716,-0.00442,-0.00032,0.97827,0.00216,0.00053,-0.00316,0.00376,-0.00382,1.00002,0.02636,0.11012,0.00286,1.0,0.00198,0.00234,-8e-05,0.99997,-8e-05,0.00806,-0.00103,33.24,34.59,0.0637,0.08
20:27:21.390,1790256441.39,198,1.277,1.379,1.203,0.729,-0.01593,-0.00034,0.98824,-0.0,-0.00054,0.00284,0.00417,0.02244,1.00596,0.01991,0.11588,0.00351,0.99999,0.00147,0.0037,-5e-05,0.99996,0.00148,0.00847,-0.00099,33.24,34.59,0.0713,0.0753
20:27:21.410,1790256441.4104,199,1.346,1.555,1.205,0.746,-0.00197,-0.00822,0.99311,-0.00225,-0.00097,0.00182,0.01404,-0.00403,1.00294,0.02775,0.11919,0.00025,1.0,7e-05,0.00303,-3e-05,0.99996,0.00162,0.00839,-0.00099,33.24,34.59,0.0749,0.0777
20:27:21.431,1790256441.4309,200,1.559,1.577,1.212,0.762,0.01349,-0.0056,1.00117,-0.00178,-0.00141,-0.00236,0.02481,-0.01961,1.01792,0.01619,0.11983,0.00238,1.0,-0.0004,0.00145,-6e-05,0.99996,0.00134,0.00868,-0.00097,33.24,34.59,0.079,0.0662
20:27:21.451,1790256441.4511,201,1.644,1.805,1.221,0.782,0.00711,-0.01635,0.99038,0.00095,-0.00284,0.00011,0.03104,0.00837,1.00164,0.03627,0.12167,0.00027,1.0,-0.00164,0.00062,-5e-05,0.99996,0.00209,0.00858,-0.00097,33.24,34.59,0.0729,0.0784
20:27:21.471,1790256441.4717,202,1.442,1.827,1.225,0.802,-0.00661,-0.00216,0.99711,-0.00069,-0.00232,0.00311,0.03525,0.00053,1.00032,0.03982,0.11205,-0.00054,1.0,-0.00132,0.00216,-2e-05,0.99996,0.0026,0.00836,-0.00098,33.24,34.59,0.0779,0.0793
20:27:21.492,1790256441.4921,203,1.609,1.794,1.232,0.82,0.00345,3e-05,0.98427,-0.00073,0.00209,0.00042,0.02886,-0.00467,0.9837,0.02429,0.12302,0.00044,1.0,-0.00087,0.00085,-2e-05,0.99996,0.00276,0.00851,-0.00098,33.24,34.59,0.0682,0.0681
20:27:21.512,1790256441.5126,204,1.616,1.747,1.239,0.837,-0.00074,0.00465,0.97333,0.00202,0.0016,0.00288,0.03556,0.01229,1.00571,0.04155,0.11441,0.00309,1.0,0.00037,0.00069,1e-05,0.99996,0.00359,0.0084,-0.00095,33.24,34.59,0.06,0.0752
20:27:21.533,1790256441.5333,205,1.475,1.878,1.243,0.855,-0.01495,0.00126,0.99539,-0.00121,-0.00144,-0.00267,0.02869,0.02926,0.97767,0.03905,0.12259,-0.00084,1.0,0.00042,0.00225,-1e-05,0.99995,0.00478,0.00874,-0.00095,33.24,34.59,0.0766,0.0639
20:27:21.553,1790256441.5538,206,1.289,1.861,1.244,0.873,-0.01663,0.00632,0.99834,0.00374,0.00163,-0.00356,0.0436,0.00884,1.00106,0.03589,0.11919,-0.00307,0.99999,0.00112,0.00374,-5e-05,0.99995,0.00534,0.0086,-0.00097,33.24,34.59,0.0789,0.0785
20:27:21.574,1790256441.574,207,1.265,1.776,1.244,0.889,-0.00879,0.01151,0.96976,0.00028,0.00042,0.00075,0.03618,0.0008,0.99457,0.04707,0.12336,-0.00043,0.99999,0.00226,0.00392,-4e-05,0.99995,0.00574,0.00858,-0.00097,33.24,34.59,0.0574,0.0764
20:27:21.594,1790256441.5941,208,1.391,1.735,1.247,0.903,-0.00553,0.0064,0.99282,-0.00399,0.00215,-0.00165,0.05119,0.00283,1.00561,0.05612,0.1205,0.0006,0.99999,0.00319,0.00279,-5e-05,0.99994,0.00631,0.00855,-0.00096,33.24,34.59,0.0746,0.0748
20:27:21.614,1790256441.6143,209,1.546,1.869,1.252,0.919,0.00852,0.00203,1.0097,0.00294,-0.00094,0.00012,0.07576,0.01362,0.98882,0.05364,0.11731,0.00072,1.0,0.00279,0.00138,-5e-05,0.99994,0.00708,0.00849,-0.00094,33.24,34.59,0.0727,0.0739
20:27:21.634,1790256441.6348,210,1.703,1.864,1.259,0.935,0.00597,0.01162,1.00105,0.00095,-0.00215,-0.00116,0.09332,0.00847,0.98746,0.07381,0.12359,-0.00174,0.99999,0.00372,2e-05,-5e-05,0.99993,0.00796,0.00849,-0.00095,33.24,34.59,0.0791,0.0739
20:27:21.655,1790256441.6554,211,1.819,2.07,1.268,0.953,0.00681,0.00047,0.99164,-0.00158,0.00101,0.00072,0.10411,-0.00066,1.00902,0.06888,0.10736,-0.00064,1.0,0.00264,-0.00105,-5e-05,0.99993,0.00868,0.00844,-0.00095,33.24,34.59,0.0737,0.0692
20:27:21.675,1790256441.6757,212,1.945,2.057,1.279,0.97,0.02144,0.02278,0.9957,-0.0002,3e-05,6e-05,0.06016,0.01515,1.00341,0.07695,0.12075,0.00369,0.99999,0.00369,-0.00222,-5e-05,0.99992,0.00963,0.00837,-0.0009,33.24,34.59,0.0771,0.076
20:27:21.696,1790256441.6961,213,1.827,2.296,1.287,0.991,-0.00336,-0.00392,0.99362,-0.00017,0.0028,0.00117,0.06668,0.01203,0.9964,0.07379,0.11941,0.00049,1.0,0.00243,-0.00132,-3e-05,0.99991,0.01044,0.00823,-0.00087,33.24,34.59,0.0752,0.079
20:27:21.716,1790256441.7165,214,1.744,2.531,1.295,1.015,-0.00046,-0.00025,0.98366,-0.00064,-0.00272,-0.00124,0.07749,0.01508,1.00597,0.07332,0.11792,0.00181,1.0,0.00124,-0.00064,-4e-05,0.9999,0.0113,0.0082,-0.00083,33.24,34.59,0.0677,0.0732
20:27:21.736,1790256441.7368,215,1.573,2.602,1.299,1.039,-0.00519,0.00375,0.98095,-0.00209,-0.00052,-0.00186,0.0805,0.01425,0.99145,0.0777,0.10765,-0.00139,1.0,0.00149,0.00066,-6e-05,0.99989,0.01216,0.008,-0.00083,33.24,34.59,0.0657,0.0761
20:27:21.757,1790256441.7571,216,1.491,2.883,1.302,1.066,-0.01071,-0.02543,1.00017,-0.00018,0.00061,0.00045,0.10293,0.02202,0.99692,0.07373,0.11159,-0.00101,1.0,-5e-05,0.00117,-6e-05,0.99988,0.01309,0.0078,-0.00081,33.24,34.59,0.0796,0.0782
20:27:21.777,1790256441.7773,217,1.638,3.061,1.307,1.096,0.01749,-0.00915,0.9926,0.00229,-0.00531,-0.00051,0.09865,0.01353,0.99466,0.09055,0.11892,-0.00332,1.0,-0.00065,-0.00027,-7e-05,0.99987,0.01403,0.00764,-0.00082,33.24,34.59,0.0746,0.0797
20:27:21.797,1790256441.7977,218,1.614,3.009,1.311,1.123,0.0004,0.0162,0.97919,-0.00071,0.00057,0.00204,0.11687,0.00818,0.99461,0.08689,0.11214,0.0049,1.0,0.00065,-0.00026,-5e-05,0.99986,0.01488,0.00745,-0.00074,33.24,34.59,0.0645,0.0789
20:27:21.818,1790256441.8183,219,1.683,3.214,1.316,1.153,0.00716,-0.00635,0.96974,0.00168,-0.003,0.00296,0.10991,0.0122,0.99612,0.09059,0.10992,0.00348,1.0,-0.00022,-0.00107,-1e-05,0.99985,0.0158,0.00723,-0.00067,33.24,34.59,0.0573,0.0783
20:27:21.838,1790256441.8385,220,1.737,3.468,1.322,1.186,0.01038,-0.01819,0.9816,-0.00319,-7e-05,0.00192,0.10781,0.00761,1.00213,0.10429,0.11135,-0.00137,1.0,-0.00146,-0.00164,1e-05,0.99983,0.01677,0.00714,-0.00065,33.24,34.59,0.0664,0.074
20:27:21.859,1790256441.8589,221,1.887,3.501,1.33,1.218,0.0153,0.00262,0.99278,0.00344,0.00031,0.00271,0.10024,0.01303,0.98342,0.09861,0.10838,-0.00398,1.0,-0.00079,-0.00302,4e-05,0.99982,0.01773,0.00706,-0.00066,33.24,34.59,0.0747,0.0714
20:27:21.879,1790256441.8792,222,1.795,3.463,1.336,1.249,0.00044,0.0095,1.00423,0.00066,0.0036,-0.00011,0.11841,0.01635,0.9785,0.10357,0.10626,0.00053,1.0,0.0006,-0.00229,3e-05,0.9998,0.01879,0.007,-0.00062,33.24,34.59,0.0768,0.0693
20:27:21.899,1790256441.8995,223,1.936,3.669,1.345,1.282,0.01202,-0.00311,0.99875,-0.00102,-0.00109,-0.00142,0.13321,0.01504,0.98275,0.09822,0.10406,-0.00267,0.99999,-0.00022,-0.0037,2e-05,0.99978,0.01977,0.00682,-0.00061,33.24,34.59,0.0791,0.0739
20:27:21.919,1790256441.9197,224,1.808,3.85,1.351,1.316,-0.00304,-0.00811,0.98149,0.00045,-0.00064,-0.0022,0.12448,-0.00256,1.00785,0.09761,0.10026,-0.00594,1.0,-0.00101,-0.00264,1e-05,0.99977,0.02055,0.00676,-0.00063,33.24,34.59,0.0661,0.0684
20:27:21.940,1790256441.9403,225,1.711,3.882,1.355,1.35,-0.00063,0.00458,0.95885,-0.00355,0.00016,0.002,0.14594,0.0129,1.00187,0.10224,0.09648,0.0005,1.0,-0.00028,-0.00197,3e-05,0.99975,0.02156,0.00657,-0.00058,33.24,34.59,0.0491,0.0706
20:27:21.961,1790256441.961,226,1.795,3.927,1.361,1.383,0.00828,0.003,0.98369,0.00414,-0.00056,-0.00165,0.16535,0.03755,0.98535,0.11138,0.09997,-0.00511,1.0,0.00064,-0.00307,1e-05,0.99972,0.02287,0.00621,-0.00058,33.24,34.59,0.0678,0.0799
20:27:21.981,1790256441.9815,227,1.894,4.186,1.368,1.419,0.01161,-0.00435,0.99338,-0.00296,0.00018,-0.00225,0.14935,0.01864,0.99533,0.11489,0.10239,-0.003,0.99999,-0.00049,-0.00415,-1e-05,0.99969,0.024,0.006,-0.00056,33.24,34.59,0.0751,0.075
20:27:22.001,1790256442.0018,228,1.799,4.436,1.373,1.457,0.00264,-0.01396,0.97539,0.0019,0.00282,-0.00049,0.17167,0.00495,0.98863,0.11731,0.09454,-0.00389,0.99999,-0.00163,-0.00364,-1e-05,0.99967,0.02504,0.00568,-0.00055,33.24,34.59,0.0616,0.0774
20:27:22.022,1790256442.0221,229,1.932,4.622,1.38,1.497,0.0284,-0.01162,1.00242,-0.00093,-0.0,-0.00037,0.1485,0.00756,0.97595,0.11846,0.08167,-0.00052,0.99998,-0.00221,-0.00511,-1e-05,0.99965,0.02609,0.00537,-0.0005,33.25,34.59,0.0778,0.0704
20:27:22.042,1790256442.0426,230,1.721,4.769,1.385,1.537,-0.00798,-0.00699,0.98977,-0.00275,-3e-05,-0.00085,0.16257,0.01026,0.98453,0.11763,0.09112,-0.00368,0.99999,-0.00245,-0.00364,-1e-05,0.99962,0.02713,0.005,-0.00048,33.25,34.59,0.0724,0.0784
20:27:22.063,1790256442.063,231,1.85,4.837,1.39,1.577,0.0187,-0.00061,0.9971,-0.00052,-0.00134,-0.0005,0.16209,0.02213,0.98171,0.11979,0.09027,-0.00012,0.99999,-0.00189,-0.00513,-2e-05,0.99959,0.02828,0.00463,-0.00042,33.25,34.59,0.078,0.0764
20:27:22.083,1790256442.0834,232,1.961,4.959,1.397,1.618,0.02616,-0.00605,1.0114,-0.00126,-0.00233,-0.00137,0.15958,-0.00267,0.98928,0.11382,0.07546,-0.00212,0.99998,-0.00211,-0.0066,-3e-05,0.99957,0.02912,0.00414,-0.00038,33.25,34.59,0.0712,0.0784
20:27:22.103,1790256442.1037,233,1.774,4.973,1.402,1.658,0.00409,0.00337,0.99131,0.00061,0.00066,-0.00257,0.17614,0.00325,0.9876,0.13156,0.07583,0.00394,0.99998,-0.00115,-0.00546,-6e-05,0.99954,0.03021,0.00365,-0.00028,33.25,34.59,0.0735,0.0776
20:27:22.124,1790256442.1242,234,1.771,5.001,1.406,1.697,0.01478,0.00623,0.96724,0.00191,0.0007,-0.0026,0.17384,0.02204,0.98144,0.13565,0.07633,0.00368,0.99998,-0.00011,-0.00596,-9e-05,0.9995,0.03149,0.00312,-0.00017,33.25,34.59,0.0555,0.0777
20:27:22.144,1790256442.1447,235,1.785,4.958,1.41,1.735,0.01845,0.01593,0.99493,0.00198,-0.00111,0.00088,0.17431,0.01327,0.98998,0.12626,0.07538,-0.00082,0.99998,0.00136,-0.00657,-9e-05,0.99947,0.03258,0.00265,-0.00011,33.25,34.59,0.0764,0.076
20:27:22.165,1790256442.1651,236,1.756,5.228,1.414,1.775,0.01695,-0.01377,0.9771,0.001,-0.00046,-0.00054,0.19509,-2e-05,0.97362,0.13387,0.06231,-0.00249,0.99998,0.00011,-0.00688,-8e-05,0.99943,0.03369,0.00208,-6e-05,33.25,34.59,0.063,0.0747
20:27:22.185,1790256442.1856,237,1.594,5.259,1.416,1.815,0.00018,0.01157,0.98418,0.00303,0.00119,0.00659,0.18982,-0.0012,0.96611,0.14138,0.07161,-0.00156,0.99998,0.00105,-0.00581,-1e-05,0.99939,0.03489,0.00174,-1e-05,33.25,34.59,0.0682,0.0684
20:27:22.206,1790256442.2059,238,1.399,5.28,1.416,1.854,0.00773,0.00547,0.99082,0.00143,-0.00065,-0.00032,0.19059,0.01907,0.97916,0.13469,0.06904,-0.00345,0.99999,0.00204,-0.0047,-2e-05,0.99935,0.03607,0.00115,4e-05,33.25,34.59,0.0732,0.0783
20:27:22.226,1790256442.2263,239,1.206,5.535,1.414,1.895,-0.00438,-0.00776,0.98203,-3e-05,0.00146,-3e-05,0.21191,0.03386,0.98219,0.13705,0.06041,-0.00076,0.99999,0.00116,-0.00367,-2e-05,0.9993,0.03741,0.00049,0.00011,33.25,34.59,0.0666,0.076
20:27:22.247,1790256442.2468,240,1.305,5.621,1.413,1.936,0.02212,0.00616,0.99652,0.00108,-0.00124,0.00091,0.21346,0.00445,0.96553,0.13612,0.04532,0.00158,0.99999,0.00157,-0.00523,-1e-05,0.99926,0.03857,-0.00019,0.00021,33.25,34.59,0.0776,0.0716
20:27:22.267,1790256442.2671,241,1.123,5.863,1.41,1.978,0.00098,-0.00479,0.97944,0.00278,-0.00085,-0.0011,0.21673,0.02121,0.9611,0.14045,0.05083,0.00477,0.99999,0.00075,-0.00425,-1e-05,0.99921,0.03986,-0.00079,0.00034,33.25,34.59,0.0646,0.0691
20:27:22.287,1790256442.2873,242,1.041,5.82,1.406,2.02,0.00714,0.01561,0.99632,-0.00116,0.00059,0.00028,0.20666,0.02033,0.96652,0.13538,0.05669,0.00126,0.99999,0.00231,-0.0041,-2e-05,0.99916,0.04105,-0.00136,0.00044,33.25,34.59,0.0774,0.0714
20:27:22.308,1790256442.3079,243,1.103,6.056,1.402,2.063,0.01328,0.00145,0.9921,0.00054,-0.00173,0.00012,0.21655,0.01656,0.96888,0.14511,0.04244,-0.00447,0.99998,0.00152,-0.00542,-1e-05,0.9991,0.04231,-0.00214,0.00048,33.25,34.59,0.0741,0.0747
20:27:22.328,1790256442.3281,244,1.028,6.352,1.398,2.108,0.01168,-0.00839,0.98982,-0.0015,-0.00269,-0.00096,0.22903,0.00497,0.97012,0.14042,0.04358,0.00153,0.99998,5e-05,-0.00558,-1e-05,0.99905,0.04342,-0.00293,0.00059,33.25,34.59,0.0724,0.0776
20:27:22.348,1790256442.3486,245,0.886,6.649,1.393,2.155,0.00813,-0.00932,0.9809,0.00096,0.00167,-0.00105,0.22559,0.01767,0.97631,0.15214,0.04215,0.00098,0.99999,-0.00124,-0.00519,-1e-05,0.99899,0.04472,-0.00378,0.0007,33.25,34.59,0.0657,0.0784
20:27:22.369,1790256442.3691,246,0.618,6.773,1.385,2.203,0.00272,-0.00213,0.97841,0.00265,-0.00051,-0.00405,0.24334,0.01171,0.97309,0.14037,0.02279,0.002,0.99999,-0.00116,-0.00389,-4e-05,0.99894,0.04588,-0.00481,0.00082,33.25,34.59,0.0638,0.0777
20:27:22.389,1790256442.3897,247,0.649,7.051,1.378,2.252,0.01121,-0.00623,0.99202,0.00373,-0.00316,0.00015,0.24001,0.0148,0.95886,0.15248,0.03543,-0.0046,0.99999,-0.00226,-0.00494,-4e-05,0.99887,0.04721,-0.00559,0.00087,33.25,34.59,0.0741,0.0714
20:27:22.410,1790256442.4101,248,0.671,7.066,1.37,2.301,0.02551,0.01083,1.00425,0.00129,-0.00289,0.00013,0.25244,0.01211,0.97009,0.14982,0.0303,-0.00141,0.99998,-0.00115,-0.00609,-4e-05,0.9988,0.04844,-0.00654,0.00097,33.25,34.59,0.0765,0.0781
20:27:22.430,1790256442.4305,249,0.432,7.102,1.361,2.349,-0.00154,0.00867,0.98999,-0.00034,0.00354,0.00081,0.25321,0.01215,0.97958,0.14778,0.02166,-0.00153,0.99999,-0.00023,-0.00491,-4e-05,0.99874,0.04968,-0.00743,0.00105,33.25,34.59,0.0725,0.0711
20:27:22.451,1790256442.4507,250,0.223,7.1,1.35,2.396,-0.00384,0.01497,1.00772,0.00434,0.002,0.00353,0.22158,0.01998,0.98625,0.14432,0.02875,0.0012,0.99999,0.00093,-0.0039,-0.0,0.99867,0.05083,-0.00825,0.00117,33.25,34.59,0.0741,0.0717
20:27:22.471,1790256442.4712,251,0.034,7.068,1.337,2.442,0.00199,0.01292,1.00134,-0.00012,-0.00179,-0.00026,0.23611,0.00306,0.96211,0.14997,0.02043,-0.00183,0.99999,0.00237,-0.00316,-1e-05,0.99861,0.05198,-0.00916,0.00127,33.25,34.59,0.0789,0.073
20:27:22.491,1790256442.4916,252,0.047,7.31,1.324,2.489,0.01699,-0.0031,0.99056,0.00096,0.0012,0.00146,0.2542,0.02085,0.96976,0.15208,0.01711,0.00195,0.99999,0.0015,-0.00436,1e-05,0.99853,0.05322,-0.01023,0.00141,33.25,34.59,0.073,0.0779
20:27:22.511,1790256442.5118,253,-0.031,7.306,1.311,2.535,0.01201,0.01259,1.0173,0.00187,-0.00254,-0.00095,0.24848,0.03193,0.96738,0.15278,0.01538,0.00536,0.99998,0.00281,-0.00481,-0.0,0.99845,0.05449,-0.01136,0.00158,33.25,34.59,0.0669,0.0795
20:27:22.532,1790256442.5321,254,-0.227,7.296,1.297,2.581,0.00663,0.01266,0.97724,0.00035,0.00329,0.00105,0.24298,0.02362,0.96843,0.14374,0.00326,-0.00533,0.99998,0.004,-0.00432,0.0,0.99837,0.05559,-0.01258,0.00165,33.25,34.59,0.063,0.079
20:27:22.552,1790256442.5528,255,-0.459,7.284,1.28,2.625,0.00271,0.01763,0.99966,-0.00126,0.0007,-0.00168,0.26925,0.02247,0.97082,0.15412,0.0043,0.0047,0.99998,0.0054,-0.00345,-2e-05,0.99828,0.05689,-0.01372,0.00183,33.25,34.59,0.0799,0.0742
20:27:22.573,1790256442.573,256,-0.554,7.594,1.263,2.671,0.00854,0.00375,1.00198,0.0002,-0.00272,-0.0007,0.24643,0.02894,0.96453,0.14799,0.00095,0.00527,0.99999,0.00385,-0.00384,-2e-05,0.9982,0.05804,-0.01492,0.00201,33.25,34.59,0.0785,0.077
20:27:22.593,1790256442.5932,257,-0.695,7.894,1.245,2.72,0.00781,-0.00789,0.98309,-0.00014,-0.0005,-0.00164,0.2609,0.04197,0.96123,0.14942,-9e-05,-0.00059,0.99999,0.00249,-0.00386,-1e-05,0.99811,0.0593,-0.01617,0.00213,33.25,34.59,0.0674,0.0777
20:27:22.613,1790256442.6136,258,-0.737,7.907,1.227,2.767,0.01499,0.01494,0.98799,-0.00089,-0.00065,0.00062,0.28597,0.02323,0.96628,0.15496,-0.00528,6e-05,0.99998,0.00367,-0.00472,-2e-05,0.99801,0.06058,-0.01739,0.00226,33.25,34.59,0.0712,0.074
20:27:22.634,1790256442.6342,259,-0.85,8.22,1.208,2.817,0.01085,-0.00143,1.00115,0.00133,-0.00132,-0.00304,0.2922,0.01768,0.9619,0.14463,-0.00556,-0.00559,0.99999,0.00208,-0.005,-4e-05,0.99792,0.06171,-0.01864,0.00234,33.25,34.59,0.0791,0.0759
20:27:22.654,1790256442.6545,260,-0.825,8.414,1.189,2.867,0.02565,-0.0023,0.99384,0.00319,-0.00049,0.00012,0.28255,0.01811,0.94677,0.14562,-0.01263,-0.00367,0.99998,0.00153,-0.00643,-3e-05,0.99782,0.06285,-0.01985,0.00244,33.25,34.59,0.0756,0.0711
20:27:22.675,1790256442.675,261,-0.821,8.637,1.172,2.919,0.02912,-0.00661,0.98989,-0.00093,0.00173,-0.00065,0.29134,0.01885,0.96409,0.15152,-0.00847,-0.0042,0.99997,0.00077,-0.00771,-2e-05,0.99772,0.06404,-0.02109,0.00254,33.25,34.59,0.0728,0.0745
20:27:22.695,1790256442.6952,262,-1.074,8.599,1.152,2.969,0.01044,0.00935,0.99421,0.00123,-0.00196,-0.00295,0.29035,0.0163,0.95458,0.13831,-0.02118,-0.00036,0.99997,0.00208,-0.00692,-6e-05,0.99763,0.06502,-0.02251,0.00268,33.25,34.59,0.0757,0.0784
20:27:22.715,1790256442.7155,263,-1.378,8.758,1.129,3.02,0.00162,0.00058,1.00925,0.00142,-0.00333,-0.0007,0.28016,0.00425,0.97198,0.14221,-0.02347,-0.00034,0.99998,0.00168,-0.00554,-7e-05,0.99753,0.066,-0.02377,0.00281,33.25,34.59,0.0731,0.0713
20:27:22.735,1790256442.7357,264,-1.416,9.001,1.107,3.072,0.01549,-0.00055,0.9904,-0.00411,-0.00038,-0.00017,0.30301,0.01005,0.94829,0.15275,-0.02884,-0.00333,0.99998,0.00067,-0.00667,-6e-05,0.99742,0.06711,-0.02522,0.00292,33.25,34.59,0.0729,0.0767
20:27:22.756,1790256442.7562,265,-1.482,8.991,1.085,3.123,0.0194,0.00969,0.99497,-0.0026,8e-05,-0.00035,0.30763,0.00639,0.95575,0.15642,-0.03334,-0.00294,0.99997,0.00191,-0.0076,-7e-05,0.99731,0.06825,-0.02673,0.00304,33.25,34.59,0.0764,0.077
20:27:22.776,1790256442.7768,266,-1.471,9.103,1.063,3.174,0.03411,0.00503,0.98888,0.00048,0.00134,0.00107,0.3041,0.01882,0.9414,0.14176,-0.02572,0.00282,0.99996,0.002,-0.00908,-7e-05,0.99719,0.06932,-0.02809,0.00322,33.25,34.59,0.0721,0.0721
20:27:22.797,1790256442.797,267,-1.542,9.361,1.041,3.227,0.02366,-0.00339,0.99733,0.00413,0.00516,-0.00161,0.31029,0.00937,0.94608,0.14736,-0.0365,0.00383,0.99995,0.00078,-0.00998,-7e-05,0.99708,0.07034,-0.02961,0.00341,33.25,34.59,0.0782,0.0768
20:27:22.817,1790256442.8174,268,-1.794,9.364,1.017,3.278,0.0063,0.02059,0.96988,-0.00167,0.00111,0.00197,0.28632,0.01253,0.9653,0.14677,-0.04104,0.00661,0.99996,0.00174,-0.00931,-6e-05,0.99696,0.07132,-0.03112,0.00363,33.25,34.59,0.0576,0.0748
20:27:22.838,1790256442.8379,269,-1.882,9.339,0.993,3.329,0.02131,0.00783,0.98633,-0.00095,-0.00017,-0.00373,0.3119,0.00364,0.95577,0.14385,-0.04431,-0.00021,0.99994,0.00292,-0.01011,-0.0001,0.99684,0.07227,-0.03268,0.00379,33.25,34.59,0.0699,0.076
20:27:22.858,1790256442.8584,270,-2.236,9.416,0.966,3.379,0.00522,0.00771,0.98723,-0.00085,-0.00395,0.00139,0.29776,0.01389,0.95358,0.13673,-0.05011,-0.00021,0.99996,0.0031,-0.00872,-9e-05,0.99672,0.07312,-0.03437,0.00395,33.25,34.59,0.0705,0.0793
20:27:22.879,1790256442.8789,271,-2.505,9.689,0.938,3.431,0.01664,0.00469,0.99581,-0.00241,-0.00269,0.00124,0.3054,0.0172,0.94809,0.14225,-0.05152,-0.00249,0.99997,0.00166,-0.00805,-7e-05,0.99659,0.07406,-0.03604,0.00409,33.25,34.59,0.077,0.0772
20:27:22.899,1790256442.8991,272,-2.864,9.73,0.907,3.482,0.01346,0.00397,0.9945,0.00163,-0.00089,-0.00049,0.2913,0.00585,0.95312,0.13492,-0.05788,-0.00694,0.99998,0.00206,-0.00658,-8e-05,0.99648,0.07482,-0.0377,0.00417,33.25,34.58,0.0759,0.0775
20:27:22.919,1790256442.9194,273,-2.934,9.966,0.876,3.534,0.01937,-0.00415,0.99727,0.00277,0.00203,-0.00278,0.30255,0.00105,0.94477,0.13692,-0.05147,-0.00043,0.99997,0.00082,-0.00752,-9e-05,0.99635,0.07563,-0.03924,0.00433,33.25,34.58,0.0781,0.074
20:27:22.939,1790256442.9398,274,-2.966,10.06,0.845,3.586,0.01718,0.00182,0.99273,0.00043,-0.00335,0.00048,0.32101,0.02977,0.94377,0.13688,-0.06371,-0.00295,0.99996,0.00095,-0.00907,-9e-05,0.99621,0.07656,-0.04106,0.00447,33.25,34.58,0.0747,0.078
20:27:22.960,1790256442.9603,275,-3.29,10.298,0.813,3.64,0.00169,-0.01828,0.9952,0.00234,0.00086,-0.00138,0.32032,0.02159,0.95008,0.13626,-0.06509,-0.00119,0.99997,-0.00025,-0.00808,-9e-05,0.99606,0.07743,-0.04289,0.00463,33.25,34.58,0.0765,0.0779
20:27:22.980,1790256442.9806,276,-3.4,10.253,0.779,3.692,0.02181,0.00933,0.98045,0.00433,-0.0033,0.00086,0.30643,0.00626,0.95783,0.13773,-0.06386,-0.00083,0.99996,0.00093,-0.0088,-9e-05,0.99593,0.07821,-0.04456,0.00479,33.25,34.58,0.0656,0.0757
20:27:23.001,1790256443.001,277,-3.618,10.533,0.745,3.745,0.01692,-0.00405,1.00283,0.00131,0.00098,0.00033,0.32892,0.00115,0.93288,0.13768,-0.06758,0.00325,0.99996,-0.00064,-0.00861,-7e-05,0.99578,0.07906,-0.04625,0.00499,33.25,34.58,0.0778,0.0719
20:27:23.021,1790256443.0216,278,-3.985,10.669,0.708,3.799,0.00926,-0.00377,0.9815,-0.0008,0.00373,-0.00066,0.33173,-0.00442,0.94006,0.13503,-0.07617,0.00109,0.99997,-0.00108,-0.00728,-7e-05,0.99563,0.07981,-0.04812,0.00518,33.25,34.58,0.0662,0.0777
20:27:23.042,1790256443.042,279,-4.089,10.918,0.671,3.854,0.01714,-0.006,1.00007,-0.00252,-0.00522,-0.00043,0.34181,0.00965,0.94398,0.13149,-0.07499,-0.00308,0.99996,-0.00246,-0.00824,-7e-05,0.99548,0.08058,-0.04998,0.00533,33.25,34.58,0.0798,0.077
20:27:23.062,1790256443.0625,280,-4.481,10.979,0.632,3.908,0.00325,-0.00205,0.99803,0.00146,0.00062,-0.00076,0.34124,0.02039,0.93085,0.13277,-0.07474,0.0016,0.99998,-0.00212,-0.00667,-7e-05,0.99532,0.08144,-0.05182,0.00552,33.25,34.58,0.0785,0.0737
20:27:23.083,1790256443.0829,281,-4.704,11.248,0.592,3.964,0.01376,-0.01806,1.00747,-0.00352,-0.00285,0.00025,0.34752,0.02376,0.93217,0.12627,-0.08806,-0.00352,0.99997,-0.00367,-0.00674,-5e-05,0.99514,0.08222,-0.05382,0.00566,33.25,34.58,0.0742,0.0763
20:27:23.103,1790256443.1032,282,-4.725,11.3,0.552,4.019,0.0142,-0.00726,1.00467,-0.00043,-0.00231,-0.00083,0.33537,0.00594,0.92533,0.11884,-0.0822,-0.00291,0.99996,-0.00343,-0.0083,-7e-05,0.99499,0.0829,-0.05556,0.00579,33.25,34.58,0.0764,0.0682
20:27:23.123,1790256443.1237,283,-5.071,11.495,0.51,4.075,0.0056,-0.01784,1.00581,0.0014,-0.00258,0.00594,0.3262,0.00721,0.93895,0.1239,-0.08978,0.00028,0.99996,-0.0045,-0.00722,1e-05,0.99483,0.08351,-0.0575,0.00598,33.25,34.58,0.0755,0.0755
20:27:23.144,1790256443.1442,284,-5.167,11.45,0.468,4.129,0.02458,0.00159,0.99243,0.0011,0.00176,-0.00156,0.34129,0.02097,0.9527,0.12097,-0.08913,-0.00399,0.99996,-0.0034,-0.00828,-2e-05,0.99466,0.0842,-0.05938,0.00611,33.25,34.58,0.0746,0.0708
20:27:23.164,1790256443.1647,285,-5.546,11.578,0.423,4.184,0.0115,-0.00821,0.98913,0.001,0.00064,-0.00195,0.32588,0.02162,0.93944,0.12837,-0.08358,-0.00103,0.99997,-0.00382,-0.00687,-3e-05,0.99449,0.08488,-0.06127,0.0063,33.25,34.58,0.0719,0.0759
20:27:23.185,1790256443.1851,286,-5.67,11.484,0.379,4.237,0.02121,0.00523,0.9998,-4e-05,-0.00187,-0.00365,0.34752,0.01972,0.95179,0.11145,-0.0947,0.00215,0.99997,-0.0024,-0.00771,-8e-05,0.99431,0.08547,-0.06318,0.00649,33.26,34.58,0.08,0.0699
20:27:23.205,1790256443.2056,287,-5.724,11.589,0.335,4.291,0.02228,-0.00742,0.99543,-0.00022,-0.00043,-0.00072,0.32795,0.00714,0.94145,0.10583,-0.09018,0.00328,0.99995,-0.00296,-0.00918,-8e-05,0.99416,0.0858,-0.0651,0.00671,33.26,34.58,0.0768,0.0777
20:27:23.226,1790256443.2261,288,-6.136,11.615,0.288,4.343,0.00805,-0.0038,0.98649,-0.00085,0.00303,-0.0057,0.35945,0.01709,0.93407,0.10922,-0.10142,-0.00706,0.99997,-0.00268,-0.00774,-0.00013,0.99397,0.08629,-0.06725,0.00683,33.26,34.58,0.0699,0.0793
20:27:23.247,1790256443.2469,289,-6.288,11.517,0.241,4.394,0.02482,0.01127,0.98316,-0.00083,-0.00218,0.00219,0.34053,0.00191,0.93904,0.10763,-0.09806,-0.00152,0.99996,-0.00148,-0.00848,-0.00012,0.9938,0.08662,-0.0693,0.00702,33.26,34.58,0.0677,0.0792
20:27:23.267,1790256443.2674,290,-6.513,11.404,0.193,4.444,0.01786,0.00915,0.97911,0.00036,0.0028,0.00234,0.34671,0.01803,0.94329,0.09778,-0.10205,-0.00145,0.99996,-0.00016,-0.00859,-0.0001,0.99363,0.08695,-0.07136,0.00719,33.26,34.58,0.0645,0.0761
20:27:23.288,1790256443.2879,291,-6.73,11.281,0.145,4.492,0.01869,0.01183,0.97863,0.00272,0.00372,-0.00146,0.35053,-0.00711,0.93495,0.10007,-0.10423,-0.00261,0.99996,0.00117,-0.00876,-0.00013,0.99346,0.08718,-0.07341,0.00736,33.26,34.58,0.0642,0.0789
20:27:23.308,1790256443.3085,292,-7.109,11.233,0.094,4.539,0.00967,0.00688,0.97959,-0.00296,-0.00279,0.00235,0.35325,0.00856,0.93547,0.09635,-0.1105,0.00045,0.99997,0.00183,-0.00765,-0.00011,0.99327,0.08742,-0.0756,0.00756,33.26,34.58,0.0647,0.08
20:27:23.329,1790256443.3291,293,-7.276,11.409,0.043,4.587,0.02306,-0.01215,0.98512,-0.00398,0.00089,0.00155,0.35042,-0.00195,0.93291,0.09574,-0.10854,-0.00018,0.99997,0.00052,-0.00829,-8e-05,0.99309,0.08761,-0.07769,0.00776,33.26,34.58,0.0691,0.0774
20:27:23.349,1790256443.3496,294,-7.361,11.362,-0.008,4.634,0.0323,0.00803,0.98906,0.00475,-0.00088,-0.00107,0.37372,0.00053,0.93472,0.08832,-0.11094,-0.00362,0.99995,0.00116,-0.00966,-9e-05,0.9929,0.08783,-0.07979,0.00791,33.26,34.58,0.0722,0.075
20:27:23.369,1790256443.3698,295,-7.766,11.364,-0.062,4.68,0.01149,0.00274,0.9878,0.00255,-0.00299,0.00131,0.35367,0.02562,0.92891,0.07539,-0.113,-0.00492,0.99997,0.00127,-0.00826,-8e-05,0.99272,0.08793,-0.08191,0.00803,33.26,34.58,0.0709,0.0757
20:27:23.390,1790256443.3903,296,-7.877,11.455,-0.115,4.726,0.02669,-0.00333,0.98381,-0.00174,0.00022,0.00089,0.36483,0.0104,0.92851,0.07883,-0.11323,-0.0006,0.99995,0.00057,-0.00948,-6e-05,0.99253,0.088,-0.08409,0.00822,33.26,34.58,0.0681,0.0783
20:27:23.410,1790256443.4106,297,-8.237,11.351,-0.17,4.771,0.01491,0.00574,0.99105,-0.0021,0.00093,0.00238,0.36305,0.01998,0.92888,0.08894,-0.11359,-0.00353,0.99996,0.00169,-0.00852,-5e-05,0.99233,0.08819,-0.08625,0.00839,33.26,34.58,0.0734,0.0781
20:27:23.431,1790256443.4312,298,-8.438,11.506,-0.225,4.816,0.01791,-0.00075,0.98235,-0.00089,-0.00128,-0.00102,0.3677,-0.01138,0.92704,0.07958,-0.1163,0.00115,0.99996,0.00036,-0.00892,-5e-05,0.99214,0.08818,-0.08838,0.0086,33.26,34.58,0.0669,0.078
20:27:23.451,1790256443.4516,299,-8.627,11.32,-0.281,4.859,0.01786,0.00111,0.99488,5e-05,-0.00215,-0.00268,0.35122,0.00235,0.94231,0.06818,-0.12119,-0.00023,0.99995,0.00185,-0.00938,-9e-05,0.99196,0.08804,-0.09048,0.00878,33.26,34.58,0.0763,0.0758
20:27:23.472,1790256443.4719,300,-8.851,11.13,-0.338,4.901,0.02032,0.02627,1.00273,0.00048,0.00183,-0.00356,0.35879,0.00408,0.94024,0.07009,-0.11442,-0.00015,0.99995,0.00342,-0.00947,-0.00013,0.99178,0.08795,-0.09251,0.00897,33.26,34.58,0.0775,0.0752
20:27:23.492,1790256443.4922,301,-9.178,11.27,-0.396,4.943,0.00675,-0.01408,1.0153,0.00257,0.00051,-0.00121,0.37785,0.00446,0.93335,0.07463,-0.12033,0.00123,0.99996,0.00225,-0.00876,-0.00014,0.99158,0.08797,-0.09464,0.00918,33.26,34.58,0.0684,0.0748
20:27:23.512,1790256443.5126,302,-9.256,11.274,-0.454,4.984,0.04089,0.00547,0.97608,0.00267,0.00081,-0.00188,0.37646,0.01526,0.9509,0.06718,-0.11892,-0.00015,0.99995,0.00233,-0.01004,-0.00015,0.99138,0.08807,-0.09657,0.00934,33.26,34.58,0.0627,0.0629
20:27:23.533,1790256443.5329,303,-9.602,11.122,-0.513,5.024,0.0071,0.01915,1.00019,0.00157,-0.00086,-0.00021,0.35179,-0.00051,0.91727,0.05915,-0.12082,0.00151,0.99995,0.00354,-0.00896,-0.00017,0.9912,0.08794,-0.0985,0.00952,33.26,34.58,0.0797,0.0668
20:27:23.553,1790256443.5532,304,-9.775,11.292,-0.573,5.065,0.02725,-0.01968,0.99897,-0.00287,0.00112,-0.00218,0.35646,0.0081,0.92139,0.06406,-0.12174,-0.00038,0.99995,0.00198,-0.00948,-0.00017,0.991,0.08783,-0.10052,0.0097,33.26,34.58,0.0797,0.071
20:27:23.573,1790256443.5735,305,-9.965,11.449,-0.633,5.105,0.0215,-0.00667,0.9987,0.00012,-0.00184,0.00011,0.36217,0.00508,0.9241,0.05649,-0.11851,-0.00013,0.99995,0.00041,-0.00989,-0.00015,0.99081,0.08759,-0.10256,0.00989,33.26,34.58,0.0792,0.0744
20:27:23.594,1790256443.5939,306,-10.379,11.328,-0.695,5.145,0.01321,0.00435,0.99674,0.00023,-0.00041,-0.00023,0.38391,0.00564,0.92591,0.04927,-0.12322,0.00459,0.99996,0.00117,-0.0085,-0.00016,0.99061,0.08727,-0.10475,0.01013,33.26,34.58,0.0776,0.0782
20:27:23.614,1790256443.6144,307,-10.472,11.368,-0.757,5.184,0.0275,-0.0031,0.97917,0.00332,-0.00082,0.00113,0.36664,0.00346,0.94872,0.05241,-0.1266,0.00508,0.99995,0.00061,-0.0097,-0.00014,0.99042,0.08704,-0.10674,0.01035,33.26,34.58,0.0647,0.0672
20:27:23.635,1790256443.635,308,-10.768,11.504,-0.82,5.224,0.01613,-0.00963,0.98969,-0.00266,0.00201,-0.0025,0.38937,0.00554,0.93074,0.04347,-0.12343,0.00725,0.99996,-0.00085,-0.00927,-0.00015,0.99021,0.08672,-0.10888,0.01061,33.26,34.58,0.0724,0.0733
20:27:23.655,1790256443.6554,309,-11.068,11.646,-0.884,5.264,0.01662,-0.00755,1.00134,-0.0015,0.00121,-0.00357,0.37541,0.0101,0.92971,0.04951,-0.11764,-0.00164,0.99996,-0.00239,-0.00876,-0.00017,0.99001,0.08637,-0.11096,0.01081,33.26,34.58,0.0789,0.078
20:27:23.676,1790256443.6761,310,-11.201,11.742,-0.948,5.305,0.02564,-0.01501,0.98895,0.00404,0.00039,-0.00207,0.38247,0.00602,0.91183,0.04329,-0.12078,0.0038,0.99995,-0.00351,-0.00969,-0.00018,0.9898,0.08605,-0.11304,0.01103,33.26,34.58,0.072,0.0716
20:27:23.697,1790256443.697,311,-11.35,11.521,-1.012,5.343,0.02395,0.00262,0.99251,0.00109,-0.00254,-0.00091,0.38169,-0.01427,0.93184,0.0406,-0.11448,0.00403,0.99994,-0.0021,-0.01041,-0.00021,0.98961,0.08555,-0.11502,0.01129,33.26,34.58,0.0746,0.0747
20:27:23.717,1790256443.7173,312,-11.594,11.647,-1.077,5.382,0.02036,-0.01527,0.99569,-0.00045,0.00064,0.00307,0.38344,-0.00148,0.92087,0.03747,-0.11762,0.005,0.99994,-0.00367,-0.01036,-0.00016,0.98941,0.08503,-0.11707,0.01154,33.26,34.58,0.077,0.0781
20:27:23.738,1790256443.7379,313,-11.811,11.762,-1.143,5.421,0.02084,-0.01477,0.98839,-0.00197,-0.00395,0.00235,0.3747,0.01146,0.91889,0.02969,-0.1142,0.001,0.99993,-0.00516,-0.01047,-0.00012,0.98921,0.0845,-0.11906,0.01175,33.26,34.58,0.0715,0.0743
20:27:23.758,1790256443.7583,314,-11.969,11.548,-1.208,5.458,0.03002,0.0121,0.97879,0.00139,-0.00213,-0.00186,0.37677,-0.002,0.93929,0.02231,-0.11816,-0.0005,0.99993,-0.00393,-0.01102,-0.00015,0.98904,0.08387,-0.12096,0.01192,33.26,34.58,0.0645,0.071
20:27:23.778,1790256443.7785,315,-12.262,11.319,-1.275,5.493,0.01844,-0.00134,0.98082,-0.00133,0.00148,-0.00259,0.3626,0.01162,0.92994,0.01479,-0.11416,-0.00478,0.99994,-0.00276,-0.01042,-0.00018,0.98887,0.08306,-0.12288,0.01207,33.26,34.58,0.0657,0.0787
20:27:23.799,1790256443.7991,316,-12.459,11.067,-1.342,5.526,0.02488,0.02072,0.98742,0.00107,-0.00141,0.00013,0.36558,0.01012,0.9274,0.02295,-0.11482,-0.00478,0.99994,-0.00131,-0.01067,-0.0002,0.98868,0.08233,-0.12483,0.01223,33.26,34.58,0.071,0.0777
20:27:23.819,1790256443.8197,317,-12.616,10.81,-1.409,5.558,0.02813,0.00928,1.00214,0.00284,0.00072,0.00125,0.37846,0.01415,0.92465,0.01478,-0.12198,0.0046,0.99993,0.00012,-0.01146,-0.0002,0.98847,0.08154,-0.12696,0.01248,33.26,34.58,0.0781,0.0794
20:27:23.840,1790256443.8403,318,-13.016,10.697,-1.478,5.588,0.00448,0.00286,1.00748,-0.00014,-0.00091,-0.00245,0.38456,-0.00533,0.92811,0.01602,-0.1177,-0.00584,0.99995,0.00033,-0.00996,-0.00022,0.98828,0.08076,-0.12892,0.01262,33.26,34.58,0.0744,0.0765
20:27:23.860,1790256443.8607,319,-13.071,10.621,-1.546,5.618,0.03334,-0.00254,0.98101,0.00322,0.00016,-0.0001,0.36353,-0.00857,0.92582,0.00881,-0.11109,5e-05,0.99994,6e-05,-0.01128,-0.00022,0.98812,0.07982,-0.1307,0.01282,33.26,34.58,0.0662,0.076
20:27:23.881,1790256443.8813,320,-13.266,10.694,-1.615,5.647,0.02284,-0.00309,0.9903,0.00038,0.00361,0.00022,0.37488,-0.01367,0.92058,0.01248,-0.11612,0.00433,0.99993,-0.00142,-0.01147,-0.0002,0.98794,0.07894,-0.13256,0.01307,33.26,34.58,0.0729,0.0756
20:27:23.902,1790256443.9019,321,-13.546,10.434,-1.684,5.675,0.01977,0.00276,0.99997,-0.00156,-0.00405,0.00239,0.38177,-0.00107,0.94589,-0.00109,-0.10833,-0.00557,0.99994,-1e-05,-0.01071,-0.00019,0.98778,0.07812,-0.13423,0.01317,33.26,34.58,0.0799,0.065
20:27:23.922,1790256443.9223,322,-13.688,10.488,-1.753,5.703,0.02212,-0.00242,0.9927,-0.00393,-0.00369,0.00151,0.37854,-0.00287,0.91916,-0.00804,-0.10498,-0.00229,0.99994,-0.00149,-0.01126,-0.00016,0.98762,0.07708,-0.13599,0.01333,33.26,34.58,0.0747,0.0755
20:27:23.942,1790256443.9424,323,-14.013,10.226,-1.824,5.729,0.00532,0.01564,0.99588,0.00123,0.00099,-0.00116,0.3695,0.00252,0.92608,-0.00738,-0.10718,0.00375,0.99995,-0.00034,-0.01021,-0.00017,0.98746,0.07598,-0.13775,0.01356,33.26,34.58,0.077,0.0778
20:27:23.962,1790256443.9627,324,-14.305,10.263,-1.895,5.755,0.01128,-0.01187,0.98424,-0.00411,0.00179,0.00062,0.37539,-0.00959,0.89998,-0.00942,-0.11467,-0.00222,0.99996,-0.00147,-0.00934,-0.00015,0.98729,0.07514,-0.13941,0.01367,33.26,34.58,0.0683,0.0614
20:27:23.983,1790256443.9833,325,-14.596,9.98,-1.967,5.779,0.01461,0.00331,0.9972,-0.00234,-0.0004,-0.00135,0.38144,-0.00627,0.9419,-0.01748,-0.10689,0.00191,0.99996,-0.00014,-0.00848,-0.00017,0.98713,0.07406,-0.14105,0.01385,33.26,34.58,0.078,0.0678
20:27:24.003,1790256444.0037,326,-14.654,9.938,-2.039,5.803,0.02799,-0.00643,0.98301,0.00019,0.00083,-0.00469,0.39206,-0.00634,0.90757,-0.01697,-0.09874,-0.0022,0.99995,-0.0008,-0.00969,-0.00021,0.98696,0.07302,-0.14274,0.014,33.26,34.58,0.0676,0.0715
20:27:24.024,1790256444.0243,327,-14.832,9.595,-2.111,5.824,0.02038,0.00899,0.9972,-0.00197,0.00066,-0.00034,0.36758,0.00481,0.93429,-0.02553,-0.10569,-0.00044,0.99995,0.00077,-0.00984,-0.00023,0.98681,0.07168,-0.14443,0.01417,33.26,34.58,0.0781,0.077
20:27:24.044,1790256444.0446,328,-15.123,9.334,-2.183,5.843,0.01396,0.00558,0.98385,0.00253,-0.00361,0.00035,0.36099,-0.00664,0.92633,-0.02619,-0.09189,0.00234,0.99996,0.00163,-0.00878,-0.00023,0.9867,0.07032,-0.14588,0.01438,33.26,34.58,0.068,0.0757
20:27:24.065,1790256444.0649,329,-15.451,9.166,-2.257,5.862,0.00196,0.0045,0.98096,-0.00277,-0.00091,0.0007,0.36164,-0.00272,0.92336,-0.02871,-0.10001,-0.00251,0.99997,0.00171,-0.00746,-0.00023,0.98656,0.06898,-0.1474,0.01453,33.26,34.58,0.0657,0.0737
20:27:24.085,1790256444.0851,330,-15.493,9.088,-2.33,5.88,0.02198,-0.00038,1.00554,8e-05,0.00294,-0.00035,0.37042,0.00782,0.92372,-0.0377,-0.10154,0.00445,0.99996,0.00098,-0.00877,-0.00022,0.98641,0.06757,-0.14905,0.01474,33.26,34.58,0.0757,0.0764
20:27:24.105,1790256444.1056,331,-15.737,9.096,-2.404,5.897,0.00358,-0.03189,0.99282,0.00119,-0.00178,-0.00274,0.38758,-0.00533,0.91748,-0.03407,-0.08226,0.00074,0.99997,-0.00043,-0.00821,-0.00024,0.98626,0.06621,-0.15059,0.01493,33.26,34.58,0.075,0.077
20:27:24.126,1790256444.126,332,-16.062,8.871,-2.479,5.914,0.01232,0.0009,0.99213,0.00121,0.00163,-0.00487,0.38018,-0.01898,0.94223,-0.02993,-0.09787,0.00313,0.99998,0.00019,-0.00682,-0.00029,0.98613,0.06494,-0.15201,0.01512,33.26,34.58,0.0742,0.0678
20:27:24.146,1790256444.1466,333,-16.07,8.794,-2.552,5.929,0.02541,-0.00779,1.00149,-0.00139,0.00155,0.00123,0.36569,-0.00575,0.9371,-0.04523,-0.08641,0.00345,0.99997,-0.00075,-0.00814,-0.00027,0.98602,0.06333,-0.15336,0.01533,33.26,34.58,0.0786,0.0755
20:27:24.167,1790256444.1669,334,-16.217,8.459,-2.626,5.943,0.01519,0.01484,0.98325,-0.002,0.00088,0.00212,0.37004,-0.00677,0.93798,-0.03801,-0.07273,-0.00017,0.99997,0.0006,-0.00807,-0.00026,0.98592,0.06187,-0.15456,0.01551,33.26,34.58,0.0676,0.0737
20:27:24.187,1790256444.1874,335,-16.399,8.415,-2.7,5.956,0.0125,-0.01256,0.98282,-0.00053,-0.00186,0.00128,0.36752,-0.02984,0.92918,-0.04685,-0.08037,0.00131,0.99997,-0.00075,-0.00776,-0.00023,0.98583,0.06014,-0.15581,0.01571,33.26,34.58,0.0672,0.0798
20:27:24.208,1790256444.2079,336,-16.702,8.099,-2.775,5.968,0.00572,0.00598,0.99303,0.00168,-4e-05,0.0002,0.38638,-0.02034,0.92606,-0.06023,-0.08064,0.00045,0.99998,0.00019,-0.00655,-0.00024,0.98571,0.05843,-0.15722,0.01587,33.26,34.58,0.0748,0.0773
20:27:24.228,1790256444.2284,337,-16.975,7.997,-2.851,5.979,-0.00191,-0.01036,0.9949,-0.00195,-0.00072,-0.00087,0.36297,-0.00626,0.93579,-0.0587,-0.06632,0.00018,0.99999,-0.00075,-0.00529,-0.00024,0.98563,0.05664,-0.15832,0.01605,33.26,34.58,0.0762,0.0772
20:27:24.248,1790256444.2487,338,-17.012,7.655,-2.926,5.987,0.01862,0.01153,0.98748,-0.00513,0.00123,-0.00065,0.35815,0.00402,0.92147,-0.06401,-0.06406,0.00483,0.99998,0.00041,-0.00605,-0.00025,0.98555,0.05494,-0.15939,0.01624,33.26,34.58,0.0708,0.0715
20:27:24.269,1790256444.2693,339,-17.152,7.263,-3.001,5.994,0.01122,0.01279,0.98554,0.00522,-0.00181,0.00127,0.36366,-0.00331,0.93776,-0.0632,-0.07291,-0.00418,0.99998,0.00189,-0.00599,-0.00024,0.98546,0.05313,-0.16055,0.01636,33.26,34.58,0.0693,0.0756
20:27:24.290,1790256444.2899,340,-17.118,7.016,-3.075,5.999,0.01418,0.00405,0.99698,0.00388,0.00063,0.0033,0.37013,0.00523,0.93039,-0.0682,-0.06766,0.00318,0.99997,0.00213,-0.00758,-0.00021,0.98535,0.05128,-0.16182,0.01655,33.26,34.58,0.0778,0.079
20:27:24.310,1790256444.3103,341,-17.169,6.974,-3.148,6.005,0.02399,-0.014,1.00558,-0.00182,-0.00057,-0.00047,0.37219,-0.00217,0.936,-0.06548,-0.05972,0.00383,0.99997,0.00072,-0.00825,-0.0002,0.98525,0.04952,-0.16292,0.01674,33.26,34.58,0.0755,0.0745
20:27:24.330,1790256444.3308,342,-17.381,6.86,-3.222,6.009,0.0054,-0.01244,0.98849,0.00047,-0.00122,0.00168,0.36265,-0.02463,0.9311,-0.07989,-0.05868,0.00107,0.99997,-0.00043,-0.00736,-0.00017,0.9852,0.04743,-0.16386,0.01691,33.26,34.58,0.0714,0.0796
20:27:24.351,1790256444.3511,343,-17.489,6.453,-3.295,6.011,0.01486,0.00901,0.98982,-0.00056,0.00047,-0.00214,0.36115,-0.00804,0.92368,-0.07946,-0.06014,-0.00269,0.99997,0.00104,-0.00741,-0.0002,0.98512,0.0455,-0.16484,0.01701,33.26,34.58,0.0725,0.0739
20:27:24.371,1790256444.3717,344,-17.69,6.055,-3.369,6.011,0.00762,0.01183,0.99197,0.00122,0.001,0.00069,0.35938,-0.00595,0.93368,-0.07832,-0.04874,-0.00128,0.99998,0.00228,-0.00651,-0.00021,0.98507,0.04342,-0.16571,0.01716,33.26,34.58,0.0741,0.0796
20:27:24.392,1790256444.3919,345,-17.928,5.793,-3.443,6.01,-0.00444,0.00457,0.99165,-0.00277,-0.00025,-0.00026,0.34934,-0.02077,0.93621,-0.08434,-0.04508,0.00402,0.99998,0.00225,-0.00503,-0.00022,0.98506,0.04125,-0.16631,0.01736,33.26,34.58,0.0738,0.0796
20:27:24.412,1790256444.4124,346,-17.958,5.332,-3.517,6.007,0.01532,0.02482,0.99014,0.00195,0.00013,0.00302,0.34486,0.00709,0.93941,-0.10113,-0.04983,-0.00048,0.99998,0.00372,-0.00542,-0.00019,0.98504,0.03887,-0.16698,0.01748,33.26,34.58,0.0729,0.0794
20:27:24.432,1790256444.4328,347,-17.931,4.973,-3.59,6.002,0.02208,0.01817,0.99353,1e-05,-0.00017,4e-05,0.36121,-0.01567,0.92038,-0.08413,-0.05347,0.00283,0.99997,0.00478,-0.00653,-0.00019,0.98496,0.03693,-0.16788,0.01763,33.27,34.58,0.0755,0.0716
20:27:24.453,1790256444.4534,348,-18.158,4.784,-3.663,5.996,0.00206,0.0036,0.98829,0.00097,-0.00019,0.00574,0.35253,-0.02301,0.93983,-0.09398,-0.05423,-0.00557,0.99998,0.00409,-0.00525,-0.00013,0.98492,0.03468,-0.16857,0.0177,33.27,34.58,0.0712,0.077
20:27:24.473,1790256444.4736,349,-18.297,4.644,-3.736,5.989,0.00274,-0.0015,0.98549,0.00037,-0.00221,-0.00041,0.33779,-0.00483,0.94565,-0.09149,-0.04884,0.00108,0.99999,0.003,-0.0044,-0.00013,0.98493,0.03245,-0.16893,0.01784,33.27,34.58,0.0691,0.0769
20:27:24.494,1790256444.4941,350,-18.213,4.368,-3.808,5.981,0.03119,0.00966,0.97421,0.00185,0.00167,0.00251,0.35202,-0.00232,0.9453,-0.08499,-0.03271,0.00399,0.99998,0.00323,-0.00563,-0.0001,0.98491,0.03036,-0.16943,0.01802,33.27,34.58,0.0611,0.0735
20:27:24.514,1790256444.5143,351,-18.117,3.961,-3.879,5.971,0.02219,0.02178,0.98458,-0.00065,-0.00203,-0.00387,0.33408,-0.00541,0.93622,-0.09961,-0.02159,-0.00491,0.99997,0.00435,-0.00646,-0.00014,0.98497,0.02808,-0.16947,0.01809,33.27,34.58,0.0688,0.0755
20:27:24.535,1790256444.5349,352,-17.994,3.813,-3.949,5.96,0.02063,-0.00132,0.98271,-0.00259,0.00022,0.00264,0.32595,-0.01021,0.94144,-0.09901,-0.02038,0.00158,0.99997,0.00324,-0.00733,-0.0001,0.98507,0.02572,-0.16926,0.01823,33.27,34.58,0.0672,0.0772
20:27:24.555,1790256444.5555,353,-17.863,3.68,-4.017,5.949,0.03122,-0.01745,0.99778,-0.00052,0.00131,0.00135,0.32486,-0.00445,0.93776,-0.11633,-0.01991,0.00442,0.99996,0.00191,-0.00825,-9e-05,0.98516,0.02326,-0.16904,0.01836,33.27,34.58,0.0788,0.0743
20:27:24.576,1790256444.576,354,-17.693,3.516,-4.083,5.937,0.0351,-0.01119,0.99915,0.00057,0.00138,-0.00059,0.33101,-0.01442,0.95608,-0.11989,-0.01919,0.00062,0.99995,0.00088,-0.00953,-8e-05,0.98525,0.02082,-0.16884,0.01843,33.27,34.58,0.0799,0.0711
20:27:24.596,1790256444.5962,355,-17.905,3.207,-4.151,5.924,-0.00091,0.00608,0.98885,-0.00023,-0.00213,0.00301,0.35097,-0.01826,0.93026,-0.10411,-0.01352,0.00292,0.99997,0.00119,-0.00815,-5e-05,0.98521,0.01859,-0.16932,0.01856,33.27,34.57,0.0716,0.0758
20:27:24.616,1790256444.6164,356,-17.755,3.039,-4.216,5.91,0.03896,-0.01487,0.98282,-0.00139,0.0003,0.00152,0.32942,-0.01604,0.95593,-0.10953,-0.02695,-0.00485,0.99996,0.00035,-0.00924,-3e-05,0.98529,0.01632,-0.16912,0.01859,33.27,34.57,0.0678,0.0716
20:27:24.636,1790256444.6365,357,-17.688,2.974,-4.281,5.896,0.01363,-0.01055,0.99812,0.00205,0.00133,0.00203,0.31107,0.0019,0.95685,-0.1195,-0.00583,-0.00119,0.99996,-0.00108,-0.00861,1e-05,0.98552,0.01433,-0.1679,0.01857,33.27,34.57,0.0787,0.0754
20:27:24.657,1790256444.657,358,-17.709,2.834,-4.345,5.881,0.01472,-0.01265,0.97789,0.00054,-0.00147,-0.00178,0.32838,-0.01212,0.93114,-0.12166,-0.00998,-0.00158,0.99996,-0.00236,-0.00837,0.0,0.98556,0.01187,-0.16785,0.01862,33.27,34.57,0.0636,0.0706
20:27:24.677,1790256444.6776,359,-17.91,2.478,-4.41,5.865,0.00226,-0.0004,0.99583,-8e-05,-0.00168,0.0015,0.34472,-0.02327,0.94384,-0.12032,-0.00374,-0.00175,0.99997,-0.00191,-0.00688,2e-05,0.98554,0.00939,-0.16814,0.01868,33.27,34.57,0.0769,0.0762
20:27:24.698,1790256444.6982,360,-17.683,2.281,-4.473,5.848,0.02113,-0.00859,1.0062,0.00152,0.00391,0.00115,0.32776,-0.00152,0.94267,-0.11505,0.01053,0.00246,0.99996,-0.00274,-0.00813,4e-05,0.98568,0.00688,-0.16744,0.0188,33.27,34.57,0.0752,0.0785
20:27:24.718,1790256444.7185,361,-17.367,1.997,-4.534,5.83,0.0173,-0.00501,0.98155,0.00143,-0.00088,-0.00446,0.30501,-0.01449,0.94578,-0.12499,0.00811,0.00321,0.99995,-0.00236,-0.00944,-1e-05,0.98593,0.00483,-0.16605,0.01882,33.27,34.57,0.0663,0.0754
20:27:24.738,1790256444.7388,362,-17.359,1.735,-4.594,5.811,0.01312,-0.00335,0.99276,-0.00197,0.00036,-0.00156,0.3018,-0.01237,0.9433,-0.12526,0.00998,0.00031,0.99997,-0.00203,-0.00797,-3e-05,0.98618,0.00298,-0.16456,0.01878,33.27,34.57,0.0746,0.0729
20:27:24.759,1790256444.7594,363,-17.291,1.359,-4.653,5.79,0.00441,0.00934,1.0002,0.0005,-0.00087,0.00049,0.30604,-0.01197,0.95754,-0.13442,0.00565,-0.00037,0.99998,-0.00079,-0.0069,-3e-05,0.98645,0.00108,-0.16299,0.0187,33.27,34.57,0.0798,0.076
20:27:24.779,1790256444.7796,364,-17.254,1.258,-4.712,5.769,0.00248,-0.0142,0.99706,0.00031,-0.00325,-0.00209,0.32293,-0.00908,0.96853,-0.13936,0.01724,-0.00441,0.99998,-0.00196,-0.00589,-4e-05,0.98667,-0.00095,-0.16167,0.0186,33.27,34.57,0.0779,0.0643
20:27:24.800,1790256444.8001,365,-17.119,1.082,-4.769,5.747,0.00624,0.00128,0.97745,0.00033,0.00056,-0.00132,0.3091,-0.0044,0.95314,-0.12168,0.03472,-0.00328,0.99999,-0.00105,-0.00496,-5e-05,0.98701,-0.00155,-0.15963,0.01833,33.27,34.57,0.0631,0.0785
20:27:24.820,1790256444.8206,366,-16.804,0.744,-4.825,5.724,0.01323,0.0014,0.98855,6e-05,0.00096,0.00128,0.30076,-0.01594,0.94608,-0.13348,0.01628,-0.00502,0.99998,-1e-05,-0.00598,-5e-05,0.98727,-0.00343,-0.15798,0.01821,33.27,34.57,0.0715,0.0746
20:27:24.841,1790256444.8408,367,-16.626,0.599,-4.879,5.7,0.01367,-0.00651,0.98207,0.00326,-0.0001,-0.00125,0.31378,-0.01761,0.96259,-0.14126,0.04113,-0.00319,0.99998,-0.00128,-0.00637,-6e-05,0.98744,-0.00595,-0.15683,0.01819,33.27,34.57,0.0666,0.0706
20:27:24.861,1790256444.8613,368,-16.476,0.124,-4.932,5.675,0.01124,0.01868,0.98096,0.00187,0.00317,0.00348,0.30375,-0.0293,0.95345,-0.14057,0.03529,0.00154,0.99998,9e-05,-0.00626,-3e-05,0.98763,-0.0086,-0.15552,0.01824,33.27,34.57,0.0659,0.0792
20:27:24.881,1790256444.8817,369,-16.291,0.08,-4.983,5.65,0.02221,0.00488,0.99086,-0.00119,0.00115,0.00101,0.30599,-0.00853,0.9355,-0.13299,0.03753,-0.00139,0.99997,0.00074,-0.00761,-3e-05,0.98767,-0.00842,-0.15528,0.01782,33.27,34.57,0.0733,0.0682
20:27:24.902,1790256444.902,370,-16.269,0.304,-5.034,5.625,0.0119,-0.01801,0.99605,-0.00128,-0.00252,0.00063,0.30338,-0.01428,0.9383,-0.13052,0.04261,-0.00454,0.99997,-0.00082,-0.00738,-1e-05,0.98776,-0.00815,-0.15482,0.01737,33.27,34.57,0.0772,0.0697
20:27:24.922,1790256444.9225,371,-16.026,0.49,-5.084,5.602,0.01841,-0.00896,0.98633,-0.00034,-0.00105,-0.00288,0.3008,-0.01182,0.95522,-0.1331,0.04277,0.00081,0.99997,-0.00209,-0.00806,-3e-05,0.98799,-0.00795,-0.15336,0.01699,33.27,34.57,0.0699,0.0788
20:27:24.943,1790256444.9432,372,-15.593,0.329,-5.131,5.579,0.01947,-0.00393,0.99429,-0.00303,0.00069,-0.00188,0.28487,-0.02168,0.94268,-0.14245,0.05734,0.00021,0.99995,-0.00202,-0.00963,-5e-05,0.98832,-0.00934,-0.1512,0.01683,33.27,34.57,0.0759,0.0688
20:27:24.963,1790256444.9638,373,-15.373,0.03,-5.177,5.554,0.01823,0.00102,0.99437,0.00129,0.00021,-0.00166,0.28256,-0.02035,0.95177,-0.14709,0.04434,0.00286,0.99996,-0.00048,-0.00935,-7e-05,0.98863,-0.01037,-0.14909,0.01662,33.27,34.57,0.0759,0.0748
20:27:24.984,1790256444.984,374,-15.182,-0.208,-5.221,5.528,0.01587,0.00707,0.98731,-0.00027,0.00374,-0.0042,0.27409,-0.01718,0.96983,-0.13502,0.04858,0.00219,0.99996,0.00087,-0.00888,-0.00012,0.98893,-0.01107,-0.14703,0.01641,33.27,34.57,0.0706,0.074
20:27:25.004,1790256445.0042,375,-15.035,-0.365,-5.265,5.502,0.01472,0.01788,0.98518,-0.0012,0.00331,0.00312,0.28082,-0.00388,0.96422,-0.15795,0.05753,-0.00583,0.99996,0.00223,-0.00861,-0.0001,0.98916,-0.01111,-0.14554,0.01595,33.27,34.57,0.0691,0.0768
20:27:25.024,1790256445.0247,376,-15.043,-0.398,-5.308,5.476,0.01014,0.00616,1.00953,0.00238,0.00119,-0.00132,0.28143,-0.01514,0.95304,-0.15093,0.05408,0.00194,0.99997,0.00259,-0.00715,-0.00012,0.98937,-0.01105,-0.14417,0.01556,33.27,34.57,0.0728,0.0754
20:27:25.045,1790256445.045,377,-14.712,-0.249,-5.349,5.451,0.02505,-0.00728,1.00164,0.00209,0.00102,-0.00109,0.27617,-0.0151,0.96041,-0.14236,0.06415,-0.00215,0.99997,0.0014,-0.00818,-0.00012,0.98964,-0.01108,-0.1423,0.01519,33.27,34.57,0.0785,0.0796
20:27:25.065,1790256445.0652,378,-14.641,-0.122,-5.39,5.427,0.00793,-0.00594,0.98518,0.00222,-0.00141,-0.00056,0.27273,-0.01129,0.95341,-0.14715,0.07245,0.00188,0.99997,0.00041,-0.00724,-0.00011,0.98987,-0.01104,-0.14074,0.01483,33.27,34.57,0.0689,0.0738
20:27:25.085,1790256445.0858,379,-14.54,-0.221,-5.429,5.402,-0.00056,0.00137,0.98148,0.00079,0.00022,0.00148,0.26905,-0.01974,0.98002,-0.15385,0.07435,-0.00384,0.99998,0.00046,-0.00588,-0.00011,0.99018,-0.01186,-0.13853,0.01452,33.27,34.57,0.0661,0.0676
20:27:25.106,1790256445.1062,380,-14.663,-0.352,-5.469,5.377,-0.00792,0.01966,0.99102,0.00294,0.00219,-0.00274,0.27931,-0.01802,0.95555,-0.14972,0.06365,-0.00209,0.99999,0.00153,-0.00478,-0.00015,0.99018,-0.01192,-0.13854,0.01411,33.27,34.57,0.0734,0.0768
20:27:25.126,1790256445.1267,381,-14.468,-0.487,-5.508,5.352,0.01753,0.01377,1.01283,-0.00191,0.00345,-6e-05,0.28161,-0.00067,0.98341,-0.15128,0.0637,0.00231,0.99998,0.00266,-0.0056,-0.00015,0.9903,-0.012,-0.13771,0.01376,33.27,34.57,0.0702,0.0628
20:27:25.147,1790256445.1472,382,-14.559,-0.41,-5.547,5.327,-0.00711,-0.00283,0.99431,0.00039,0.00112,-0.00046,0.28173,-0.00798,0.97522,-0.1516,0.0743,0.0004,0.99999,0.00203,-0.00418,-0.00015,0.9904,-0.012,-0.13706,0.01337,33.27,34.57,0.0758,0.0686
20:27:25.167,1790256445.1674,383,-14.152,-0.545,-5.584,5.302,0.01408,0.00129,0.98292,-0.00097,-0.00229,-0.00235,0.25554,-0.03301,0.95268,-0.13915,0.08025,-0.00032,0.99998,0.00145,-0.00544,-0.00017,0.99069,-0.0138,-0.1348,0.01328,33.27,34.57,0.0673,0.0702
20:27:25.188,1790256445.1879,384,-13.856,-0.441,-5.619,5.278,0.02836,-0.00438,0.99077,-0.00099,2e-05,0.0028,0.26849,-0.01065,0.97453,-0.14044,0.08517,0.00346,0.99998,0.00087,-0.00683,-0.00013,0.99086,-0.01359,-0.1336,0.01294,33.27,34.57,0.0734,0.0718
20:27:25.208,1790256445.2081,385,-13.549,-0.284,-5.653,5.254,0.01695,-0.00453,1.00183,0.00231,-0.00104,0.00068,0.2442,0.00194,0.97802,-0.15256,0.08464,-0.00636,0.99997,-0.00052,-0.00758,-0.00011,0.99112,-0.01374,-0.13166,0.01254,33.27,34.57,0.0785,0.074
20:27:25.228,1790256445.2285,386,-13.123,-0.474,-5.684,5.23,0.0221,0.00449,0.98663,-0.0014,0.00176,0.00136,0.23516,-0.02161,0.97609,-0.14761,0.08838,-0.00058,0.99996,0.00034,-0.00869,-0.0001,0.99145,-0.01458,-0.12911,0.0123,33.27,34.57,0.0702,0.0768
20:27:25.249,1790256445.2489,387,-13.03,-0.539,-5.715,5.206,0.00254,0.00112,0.99886,-0.00014,-0.00348,0.00488,0.22663,-0.01223,0.96479,-0.1517,0.09167,0.00379,0.99997,0.00038,-0.00712,-5e-05,0.99175,-0.01511,-0.12676,0.01206,33.27,34.57,0.0792,0.0733
20:27:25.269,1790256445.2693,388,-12.895,-0.411,-5.745,5.182,0.0082,-0.00745,0.98685,-0.00011,-0.00199,-0.00256,0.24283,-0.01641,0.97762,-0.15442,0.09479,-0.00216,0.99998,-0.00078,-0.00631,-7e-05,0.992,-0.01522,-0.12477,0.0117,33.27,34.57,0.0702,0.0744
20:27:25.289,1790256445.2896,389,-12.816,-0.492,-5.774,5.159,-0.00182,0.0108,0.97201,-0.00092,-0.00217,0.00054,0.24626,-0.01623,0.9837,-0.14663,0.09273,0.00133,0.99999,-1e-05,-0.00544,-7e-05,0.9922,-0.01517,-0.12323,0.01137,33.27,34.57,0.0591,0.0694
20:27:25.310,1790256445.31,390,-12.449,-0.505,-5.802,5.135,0.01976,0.00191,0.99129,0.00156,0.00017,-0.00274,0.23038,0.00661,0.96378,-0.14287,0.10126,0.00258,0.99998,0.00032,-0.00691,-0.0001,0.99241,-0.01503,-0.12152,0.01105,33.27,34.57,0.0736,0.0732
20:27:25.330,1790256445.3303,391,-12.103,-0.408,-5.828,5.112,0.01936,-0.01164,0.97744,0.00041,0.00118,0.00651,0.23477,-0.02871,0.96774,-0.14217,0.09726,0.00347,0.99997,-0.00083,-0.00745,-2e-05,0.99271,-0.01542,-0.11905,0.01084,33.27,34.57,0.0633,0.0772
20:27:25.350,1790256445.3507,392,-11.636,-0.488,-5.852,5.089,0.02917,0.00235,0.99976,0.001,0.00117,-0.00137,0.21441,-0.0138,0.98077,-0.14734,0.10547,-0.00205,0.99996,-0.00039,-0.00902,-2e-05,0.993,-0.01575,-0.11657,0.01054,33.27,34.57,0.0799,0.077
20:27:25.371,1790256445.3709,393,-11.45,-0.63,-5.875,5.066,0.01375,0.0017,0.97333,-0.00093,0.00239,-0.0015,0.22268,-0.02913,0.97392,-0.14988,0.10001,-0.00188,0.99997,0.00026,-0.00798,-4e-05,0.9933,-0.01634,-0.11394,0.01029,33.27,34.57,0.0601,0.0796
20:27:25.391,1790256445.3913,394,-11.341,-0.518,-5.897,5.043,0.01161,-0.00288,0.99756,0.00101,-0.00147,-0.00146,0.21415,-0.01654,0.97834,-0.15082,0.10309,0.00207,0.99998,-0.00071,-0.00675,-5e-05,0.99355,-0.01639,-0.11176,0.01,33.27,34.57,0.0782,0.0788
20:27:25.412,1790256445.4119,395,-11.181,-0.367,-5.919,5.021,0.01598,-0.00499,0.98969,-0.00019,-0.00053,-0.00417,0.24091,-0.00628,0.98099,-0.13961,0.10023,-0.00165,0.99997,-0.00192,-0.00764,-8e-05,0.99361,-0.01635,-0.11124,0.00967,33.27,34.57,0.0724,0.0724
20:27:25.432,1790256445.4325,396,-11.005,-0.287,-5.939,4.999,0.01054,-0.00896,1.01131,-0.00056,-0.00375,0.00223,0.19883,-0.01597,0.99343,-0.14025,0.11266,-0.00192,0.99997,-0.00298,-0.00666,-5e-05,0.99389,-0.01675,-0.10873,0.00941,33.27,34.57,0.0714,0.0701
20:27:25.453,1790256445.4531,397,-10.749,-0.501,-5.959,4.977,0.00955,0.00398,0.98388,0.00041,0.00278,0.00168,0.19596,-0.02356,0.98323,-0.14669,0.10617,0.00167,0.99998,-0.00166,-0.00616,-4e-05,0.99417,-0.0173,-0.10604,0.00921,33.27,34.57,0.0679,0.0779
20:27:25.473,1790256445.4733,398,-10.419,-0.422,-5.977,4.956,0.02939,-0.00629,0.99814,0.00154,-3e-05,0.00065,0.21302,-0.00782,0.97643,-0.14314,0.11905,0.00522,0.99997,-0.00194,-0.00774,-4e-05,0.99432,-0.01696,-0.10473,0.00893,33.27,34.57,0.0789,0.0796
20:27:25.493,1790256445.4937,399,-10.166,-0.624,-5.993,4.933,0.01292,0.00632,0.99631,0.00316,-0.00044,-0.00059,0.19118,-0.02102,0.97932,-0.13974,0.10797,-0.00183,0.99997,-0.00037,-0.00737,-5e-05,0.99458,-0.01717,-0.10221,0.00867,33.27,34.57,0.0773,0.0785
20:27:25.514,1790256445.5141,400,-10.116,-0.626,-6.01,4.911,-0.0043,0.00096,0.99853,0.00178,-0.00142,-7e-05,0.19444,-0.01392,0.98685,-0.14189,0.11149,-0.00059,0.99998,-0.00021,-0.00579,-5e-05,0.99479,-0.01703,-0.10021,0.00838,33.27,34.57,0.0789,0.0756
20:27:25.534,1790256445.5345,401,-10.236,-0.68,-6.027,4.889,0.00434,0.00107,0.9919,-0.00172,-0.00234,0.00227,0.20547,-0.03207,0.9917,-0.13602,0.11082,0.00875,0.99999,8e-05,-0.00434,-3e-05,0.99482,-0.0172,-0.09981,0.00821,33.27,34.57,0.0739,0.07
20:27:25.555,1790256445.5551,402,-9.785,-0.806,-6.042,4.866,0.01943,0.00837,0.99344,-0.00279,0.00034,0.00261,0.17911,-0.01969,0.98218,-0.14103,0.11736,0.00182,0.99998,0.00099,-0.00558,-0.0,0.99509,-0.01744,-0.09714,0.00799,33.27,34.57,0.0752,0.0789
20:27:25.575,1790256445.5756,403,-9.454,-1.042,-6.055,4.843,0.01168,0.00641,0.98781,0.00216,0.00014,-0.0021,0.17006,-0.02303,1.00327,-0.1397,0.11746,-0.00531,0.99998,0.00245,-0.00579,-3e-05,0.99533,-0.01806,-0.09451,0.00776,33.27,34.57,0.0709,0.0666
20:27:25.596,1790256445.5962,404,-9.168,-0.944,-6.067,4.82,0.00921,-0.00572,0.9817,0.00272,-0.00022,0.00121,0.17494,-0.03022,0.99028,-0.13554,0.11339,-0.0015,0.99998,0.00113,-0.00552,-1e-05,0.99558,-0.01856,-0.09174,0.00756,33.27,34.57,0.0663,0.0754
20:27:25.616,1790256445.6168,405,-8.993,-0.877,-6.079,4.798,-0.00066,-0.00729,0.9897,-0.00046,-0.00046,-0.0013,0.15175,-0.01963,0.97796,-0.13231,0.11641,-0.00124,0.99999,0.00019,-0.00438,-1e-05,0.99582,-0.01895,-0.08907,0.00737,33.27,34.57,0.0723,0.0724
20:27:25.637,1790256445.6371,406,-8.887,-0.963,-6.09,4.776,-0.00668,0.01887,0.9906,-0.00262,-0.00385,8e-05,0.171,-0.02056,0.98178,-0.13152,0.10796,-0.00191,0.99999,0.00131,-0.00347,-1e-05,0.99599,-0.01859,-0.08726,0.0071,33.27,34.57,0.0731,0.0776
20:27:25.657,1790256445.6575,407,-8.634,-0.977,-6.099,4.753,0.01192,0.00572,0.97155,0.00283,0.00106,0.00029,0.17692,-0.0155,0.98291,-0.12699,0.11713,-0.00037,0.99999,0.00196,-0.00448,-1e-05,0.9961,-0.0181,-0.08607,0.00683,33.27,34.57,0.0587,0.0791
20:27:25.678,1790256445.678,408,-8.32,-0.796,-6.108,4.732,0.02111,-0.00844,1.01151,-1e-05,0.00262,-0.00145,0.16368,0.00475,0.98799,-0.12753,0.11752,-0.00064,0.99998,0.00091,-0.00548,-1e-05,0.99626,-0.01763,-0.08431,0.00657,33.27,34.57,0.0712,0.0789
20:27:25.698,1790256445.6986,409,-8.072,-0.817,-6.116,4.711,0.00046,-0.008,0.97868,-0.00406,-0.00234,0.0,0.13802,-0.03586,0.98596,-0.13173,0.12506,0.00084,0.99999,-4e-05,-0.00455,-1e-05,0.9965,-0.01878,-0.08123,0.00648,33.27,34.57,0.064,0.0772
20:27:25.719,1790256445.7192,410,-7.842,-0.583,-6.122,4.69,0.0103,-0.0071,0.99647,-0.0007,0.00143,-0.00318,0.15634,-0.00755,0.99564,-0.12341,0.11509,0.00174,0.99999,-0.00162,-0.00482,-3e-05,0.99665,-0.01837,-0.07947,0.00626,33.27,34.57,0.0774,0.0741
20:27:25.739,1790256445.7394,411,-7.807,-0.477,-6.129,4.671,0.00164,-0.00578,0.98596,-0.0012,0.00046,0.00318,0.15303,0.00843,0.97722,-0.1169,0.12689,-0.0026,0.99999,-0.00207,-0.00348,1e-05,0.99679,-0.01791,-0.07783,0.00602,33.27,34.57,0.0695,0.0719
20:27:25.760,1790256445.7598,412,-7.597,-0.304,-6.134,4.652,0.00657,-0.00478,0.98723,0.00048,-0.00192,0.00144,0.1356,-0.01101,0.99363,-0.12413,0.11591,0.00504,0.99999,-0.00338,-0.00292,3e-05,0.99698,-0.01774,-0.07544,0.00588,33.27,34.57,0.0704,0.0778
20:27:25.780,1790256445.78,413,-7.314,-0.476,-6.139,4.632,0.00604,0.00501,0.99803,0.00024,0.00012,-0.00017,0.12349,-0.00799,0.9859,-0.12203,0.11486,-0.00561,0.99999,-0.0018,-0.00295,3e-05,0.99716,-0.01768,-0.07302,0.00566,33.27,34.57,0.0785,0.0752
20:27:25.800,1790256445.8003,414,-7.043,-0.589,-6.142,4.613,0.0089,0.00767,0.99566,0.00133,-0.00089,-0.00039,0.13739,-0.00711,0.99348,-0.11825,0.12275,3e-05,0.99999,-0.00029,-0.00335,2e-05,0.99731,-0.01717,-0.07108,0.00546,33.27,34.57,0.0768,0.0778
20:27:25.820,1790256445.8206,415,-6.566,-0.591,-6.144,4.593,0.02887,-0.0019,0.99272,-0.00041,-0.00263,-0.00107,0.1256,-0.02282,1.00114,-0.1177,0.11591,0.00023,0.99999,-0.00039,-0.0049,1e-05,0.99749,-0.01732,-0.06847,0.00532,33.27,34.57,0.0749,0.0731
20:27:25.841,1790256445.8409,416,-6.556,-0.537,-6.145,4.574,-0.00952,0.00141,0.99635,-0.00099,0.001,0.00263,0.13336,-0.01533,0.98686,-0.10927,0.11843,0.00434,0.99999,-0.00022,-0.00333,4e-05,0.99761,-0.01669,-0.06681,0.00518,33.28,34.57,0.0773,0.077
20:27:25.861,1790256445.8614,417,-6.331,-0.32,-6.146,4.556,0.0065,-0.0093,0.98257,-0.00053,0.00144,0.00392,0.12225,-0.00942,0.99588,-0.11145,0.10535,-0.00094,0.99999,-0.0016,-0.00331,9e-05,0.99775,-0.0162,-0.06482,0.005,33.28,34.57,0.067,0.0774
20:27:25.881,1790256445.8818,418,-5.894,-0.443,-6.145,4.537,0.01253,0.00314,0.99959,-0.00064,-0.0001,-0.00088,0.10593,-0.0136,1.00052,-0.10358,0.12354,-0.00184,0.99999,-0.00041,-0.00442,8e-05,0.99793,-0.01611,-0.06214,0.00485,33.28,34.57,0.0798,0.0753
20:27:25.902,1790256445.9021,419,-5.607,-0.49,-6.143,4.518,0.01558,0.00557,0.99276,-0.00195,0.00057,0.00039,0.12396,-0.01277,1.00146,-0.10748,0.10446,-0.0008,0.99998,0.00061,-0.00553,8e-05,0.99802,-0.01552,-0.06075,0.00468,33.28,34.57,0.0747,0.0731
20:27:25.922,1790256445.9227,420,-5.431,-0.48,-6.14,4.5,0.00493,-0.00043,0.97918,0.00057,0.00154,-0.0001,0.09125,-0.01943,0.98667,-0.10098,0.11411,-0.00397,0.99999,0.00026,-0.00425,8e-05,0.99819,-0.01579,-0.05794,0.00455,33.28,34.57,0.0644,0.0733
20:27:25.943,1790256445.9433,421,-5.246,-0.4,-6.137,4.482,-0.00496,-0.00775,0.98421,0.00194,-0.00127,0.00128,0.08789,-0.01609,0.9901,-0.09754,0.11709,-0.00291,1.0,-0.00046,-0.00307,0.0001,0.99834,-0.01582,-0.05515,0.00442,33.28,34.57,0.0682,0.0756
20:27:25.963,1790256445.9637,422,-4.834,-0.479,-6.132,4.464,0.01878,0.0088,0.99073,-0.00105,-0.00233,-0.00053,0.0775,-0.00469,0.97981,-0.08898,0.10747,0.00391,0.99999,0.00043,-0.00429,9e-05,0.99847,-0.01564,-0.05278,0.00437,33.28,34.57,0.0732,0.0672
20:27:25.984,1790256445.9841,423,-4.616,-0.254,-6.127,4.447,0.01038,-0.01426,0.97234,-0.00097,-0.00026,0.00283,0.09776,-0.00153,0.99908,-0.09587,0.10704,0.00262,0.99999,-0.00078,-0.00446,0.00013,0.99858,-0.0149,-0.05103,0.00426,33.28,34.56,0.0594,0.0771
20:27:26.004,1790256446.0045,424,-4.533,-0.201,-6.121,4.43,0.00523,-0.00178,0.9801,0.0016,0.00229,0.00158,0.0773,0.00381,0.97416,-0.08662,0.10826,-0.00484,0.99999,-0.00086,-0.00311,0.00015,0.99869,-0.01452,-0.04897,0.00411,33.28,34.56,0.0651,0.0629
20:27:26.024,1790256446.0247,425,-4.221,0.023,-6.114,4.414,0.01456,-0.02465,0.99516,-0.00055,0.00031,0.00034,0.07527,-0.00389,0.9835,-0.07868,0.10399,-0.00201,0.99999,-0.00231,-0.00364,0.00015,0.9988,-0.01405,-0.04676,0.004,33.28,34.56,0.0767,0.0698
20:27:26.045,1790256446.0452,426,-4.063,0.194,-6.107,4.398,-0.00021,-0.01407,0.98223,0.00236,0.00211,-0.00029,0.05934,0.00685,0.98162,-0.07546,0.10258,0.00154,0.99999,-0.00337,-0.00279,0.00016,0.99891,-0.01362,-0.04453,0.00394,33.28,34.56,0.0668,0.0676
20:27:26.065,1790256446.0654,427,-3.891,0.118,-6.099,4.383,0.00377,-0.00128,0.98566,0.00018,-0.00189,0.00059,0.07603,0.00301,1.01208,-0.07822,0.10555,-0.00231,1.0,-0.00204,-0.00239,0.00016,0.999,-0.01295,-0.04263,0.00382,33.28,34.56,0.0693,0.0688
20:27:26.085,1790256446.0856,428,-3.475,0.295,-6.089,4.368,0.01191,-0.01062,0.99617,-0.00093,-0.00305,0.00015,0.05824,-0.00081,1.00443,-0.07588,0.10809,0.0037,0.99999,-0.0031,-0.00357,0.00016,0.99911,-0.01249,-0.04018,0.00378,33.28,34.56,0.0772,0.0754
20:27:26.106,1790256446.106,429,-3.307,0.365,-6.079,4.354,-0.01117,-0.0144,0.97592,0.00324,0.00156,-3e-05,0.05189,-0.01372,0.98808,-0.06301,0.09998,-0.00084,0.99999,-0.0036,-0.00241,0.00017,0.99921,-0.01238,-0.03755,0.00373,33.28,34.56,0.0621,0.0722
20:27:26.126,1790256446.1264,430,-3.074,0.276,-6.069,4.34,0.00385,-0.00532,0.97691,-0.00015,-0.00239,-0.00255,0.03966,0.00094,1.00506,-0.07282,0.10533,-0.00037,1.0,-0.00246,-0.00187,0.00015,0.99931,-0.01202,-0.03498,0.00367,33.28,34.56,0.0627,0.0756
20:27:26.147,1790256446.1469,431,-2.986,0.465,-6.058,4.326,0.00016,-0.00674,0.98157,-0.00069,-0.00014,0.00117,0.05709,0.00122,0.99131,-0.05643,0.10115,0.00637,0.99999,-0.00311,-0.00068,0.00015,0.99939,-0.01103,-0.03302,0.00367,33.28,34.56,0.0662,0.0747
20:27:26.167,1790256446.1672,432,-2.703,0.351,-6.046,4.312,0.00213,0.0052,0.99861,-0.00203,-0.00037,0.00327,0.04299,-0.00231,0.99103,-0.06086,0.0958,-0.00565,1.0,-0.00153,-0.00079,0.00018,0.99947,-0.01046,-0.03068,0.00356,33.28,34.56,0.079,0.074
20:27:26.187,1790256446.1877,433,-2.5,0.21,-6.033,4.297,-0.00462,0.00734,0.99504,-0.00339,0.00179,-0.00103,0.04923,-0.01816,1.01463,-0.04503,0.09541,-0.00129,1.0,-0.00023,2e-05,0.00018,0.99954,-0.01038,-0.02811,0.00353,33.28,34.56,0.0763,0.068
20:27:26.208,1790256446.208,434,-2.053,0.325,-6.019,4.283,0.00332,-0.00152,0.99627,0.00229,-0.00402,0.00026,0.0368,-0.00714,0.99373,-0.05476,0.08559,-0.0004,1.0,-0.00068,-0.00152,0.00018,0.99961,-0.00984,-0.02574,0.00349,33.28,34.56,0.0772,0.0758
20:27:26.228,1790256446.2285,435,-1.762,0.502,-6.005,4.27,0.00286,-0.00345,0.9851,0.00039,-0.0026,0.00108,0.0352,-0.01371,1.0088,-0.05806,0.0934,0.00677,1.0,-0.00208,-0.00146,0.00019,0.99968,-0.00971,-0.02313,0.00353,33.28,34.56,0.0688,0.0729
20:27:26.249,1790256446.2491,436,-1.442,0.506,-5.989,4.257,0.0081,0.00204,1.00343,-0.00029,0.00074,-0.00059,0.03762,0.00298,0.99743,-0.04524,0.09069,-0.00116,1.0,-0.00085,-0.00248,0.00019,0.99973,-0.00846,-0.02136,0.00347,33.28,34.56,0.0774,0.0786
20:27:26.270,1790256446.2698,437,-1.091,0.322,-5.972,4.243,0.00859,0.01567,0.98597,-0.00161,-0.00149,-0.00221,0.01181,-0.01609,1.00253,-0.04602,0.08437,-0.00088,1.0,0.00054,-0.0028,0.00017,0.99978,-0.00868,-0.01863,0.00346,33.28,34.56,0.0696,0.078
20:27:26.290,1790256446.2902,438,-0.777,0.256,-5.954,4.23,0.00963,0.01262,0.97489,-0.00052,-0.00186,-3e-05,0.01554,-0.00307,0.99256,-0.04504,0.07576,0.00026,0.99999,0.00171,-0.00325,0.00016,0.99983,-0.0081,-0.01635,0.00344,33.28,34.56,0.0613,0.0745
20:27:26.310,1790256446.3108,439,-0.417,0.498,-5.935,4.217,0.01648,-0.00241,0.99525,-0.00143,0.00155,-0.00271,0.01488,0.01403,0.99833,-0.03099,0.06983,0.00542,0.99999,0.0009,-0.0046,0.00014,0.99986,-0.00682,-0.01455,0.00347,33.28,34.56,0.0765,0.0789
20:27:26.331,1790256446.3311,440,-0.268,0.479,-5.915,4.204,0.003,0.00737,0.98434,-0.00185,-0.0029,0.00365,-0.02236,0.01934,0.98923,-0.02267,0.07854,-0.00072,0.99999,0.00182,-0.00362,0.00018,0.9999,-0.00606,-0.01226,0.00345,33.28,34.56,0.0683,0.0723
20:27:26.351,1790256446.3513,441,0.189,0.469,-5.894,4.191,0.01698,0.00123,0.99729,-0.00039,0.0013,0.00034,-0.01162,-0.02173,0.99698,-0.02708,0.06845,0.00181,0.99999,0.00145,-0.00514,0.00018,0.99992,-0.00654,-0.00981,0.00347,33.28,34.56,0.0781,0.078
20:27:26.371,1790256446.3714,442,0.306,0.504,-5.873,4.179,-0.00678,-0.01706,0.99953,-0.00092,0.00075,0.00098,-4e-05,-0.02635,0.98518,-0.0319,0.068,0.00153,0.99999,0.00023,-0.0041,0.00018,0.99994,-0.00746,-0.00773,0.00349,33.28,34.56,0.0798,0.0692
20:27:26.392,1790256446.3919,443,0.694,0.689,-5.851,4.167,0.0155,-0.00753,0.98821,-0.00075,-0.00129,0.00041,-0.01367,-0.00367,1.00687,-0.02158,0.0714,-0.00163,0.99999,-0.00084,-0.00509,0.00019,0.99996,-0.00693,-0.00533,0.00347,33.28,34.56,0.0713,0.0748
20:27:26.412,1790256446.412,444,0.805,0.765,-5.828,4.155,-0.01185,-0.00938,0.98943,0.00214,-0.00218,0.0001,-0.0222,-0.00977,1.00891,-0.01787,0.0606,0.00523,0.99999,-0.0013,-0.00374,0.0002,0.99997,-0.00673,-0.00301,0.00352,33.28,34.56,0.0722,0.0731
20:27:26.432,1790256446.4325,445,0.891,0.842,-5.805,4.144,0.00117,-0.00169,0.97819,0.00103,-0.00019,-0.00066,-0.01154,-0.00068,1.01527,-0.01675,0.06391,-0.00559,1.0,-0.00112,-0.00245,0.0002,0.99998,-0.00587,-0.00097,0.00346,33.28,34.56,0.0636,0.0685
20:27:26.453,1790256446.4529,446,1.277,0.966,-5.782,4.133,0.0185,-0.01527,0.98804,-0.00158,-0.00175,-8e-05,-0.02907,-0.01292,1.007,-0.01016,0.05242,-1e-05,0.99999,-0.00214,-0.00353,0.0002,0.99998,-0.00583,0.00134,0.00346,33.28,34.56,0.0713,0.0744
20:27:26.473,1790256446.4735,447,1.414,0.88,-5.757,4.122,-0.00784,0.01691,1.00102,-6e-05,0.00092,-0.00065,-0.03623,-0.00242,1.01027,-0.00165,0.04311,0.00119,1.0,-0.00081,-0.00259,0.0002,0.99997,-0.00525,0.00346,0.00347,33.28,34.56,0.0791,0.0718
20:27:26.494,1790256446.4939,448,1.761,0.866,-5.732,4.111,0.01555,0.01095,0.98143,-0.00091,-0.0007,0.00133,-0.02856,0.00171,1.00024,-0.01049,0.04804,-0.00199,0.99999,0.00021,-0.00347,0.00021,0.99997,-0.00436,0.00561,0.00345,33.28,34.56,0.0662,0.0795
20:27:26.514,1790256446.514,449,1.835,0.887,-5.707,4.101,0.00554,0.00505,0.98226,0.00193,-0.00036,-0.00132,-0.01227,-0.0019,0.98454,-0.00553,0.04902,0.00074,0.99999,0.00153,-0.00312,0.00019,0.99997,-0.00286,0.0066,0.00346,33.28,34.56,0.0667,0.0685
20:27:26.534,1790256446.5347,450,1.936,1.114,-5.682,4.091,-0.00364,-0.00296,0.97609,-0.00121,0.00054,0.00181,-0.02158,0.00048,0.9994,0.01189,0.03874,0.00046,1.0,0.00085,-0.00202,0.00021,0.99996,-0.00156,0.00859,0.00347,33.28,34.56,0.0621,0.0797
20:27:26.555,1790256446.5553,451,2.168,1.228,-5.656,4.081,0.00467,-0.01613,0.99052,0.00037,-0.00089,-0.00098,-0.02748,-0.0089,1.00383,0.00678,0.03374,-0.0026,1.0,-0.00066,-0.00208,0.00022,0.99994,-0.00207,0.01056,0.00343,33.28,34.56,0.073,0.0768
20:27:26.575,1790256446.5754,452,2.224,1.315,-5.63,4.072,-0.00808,0.00174,1.00421,0.00092,0.0014,0.00229,-0.03723,0.00474,0.99389,0.02167,0.04,-0.00607,1.0,-0.00027,-0.00057,0.00024,0.99992,-0.00093,0.01256,0.00337,33.28,34.56,0.0768,0.076
20:27:26.596,1790256446.596,453,2.31,1.394,-5.604,4.063,-0.01349,-0.00453,0.98798,0.00015,-0.00338,0.00172,-0.03162,-0.00223,0.99592,0.02116,0.02803,-0.00391,1.0,-0.00066,0.0008,0.00026,0.99989,-0.00062,0.01469,0.00332,33.28,34.56,0.0711,0.0773
20:27:26.616,1790256446.6162,454,2.61,1.535,-5.577,4.055,-0.00095,-0.00263,0.9988,-0.00315,-0.00061,-0.00383,-0.04852,-0.01043,1.00945,0.01912,0.03492,0.00122,1.0,-0.00212,8e-05,0.00022,0.99986,-0.00088,0.0166,0.00331,33.28,34.56,0.0791,0.072
20:27:26.636,1790256446.6365,455,2.984,1.611,-5.549,4.047,0.00622,-0.00171,0.98826,0.00082,-0.00332,-0.00341,-0.06378,0.01573,0.99373,0.02123,0.02647,-0.00142,1.0,-0.00159,-0.0013,0.00019,0.99982,0.0003,0.01847,0.0033,33.28,34.56,0.0712,0.0769
20:27:26.656,1790256446.6568,456,3.078,1.534,-5.521,4.039,-0.00803,0.00568,0.98775,0.00108,0.00054,-0.00021,-0.0783,-0.00415,1.00428,0.02306,0.01642,-0.00047,1.0,-0.00067,-0.0002,0.00019,0.99979,0.00055,0.02039,0.00328,33.28,34.56,0.0709,0.0745
20:27:26.677,1790256446.6772,457,3.36,1.339,-5.492,4.03,0.011,0.01257,0.97936,0.00278,0.00059,-0.00383,-0.07,-0.02566,0.99342,0.02235,0.02229,-0.00431,1.0,0.00041,-0.001,0.00015,0.99975,-8e-05,0.02203,0.0032,33.28,34.56,0.0646,0.0772
20:27:26.698,1790256446.6979,458,3.581,1.582,-5.462,4.022,0.00275,-0.00909,0.98544,-0.00244,-0.00034,-0.00119,-0.06347,0.00115,0.98239,0.03696,0.01659,0.00024,1.0,-0.00104,-0.00112,0.00014,0.99971,0.00058,0.02387,0.00318,33.28,34.56,0.0691,0.0683
20:27:26.718,1790256446.7185,459,3.553,1.485,-5.433,4.014,-0.01792,0.00225,0.99062,-0.00026,0.00327,-0.00262,-0.06255,-0.0172,1.01029,0.04179,0.01038,-0.00245,1.0,-0.00073,0.00038,0.00011,0.99968,6e-05,0.02511,0.00311,33.28,34.56,0.0731,0.0707
20:27:26.739,1790256446.739,460,3.517,1.743,-5.404,4.007,-0.01655,-0.0045,0.99841,-0.00026,0.00598,-0.00498,-0.06236,0.01659,1.00164,0.04533,0.01412,0.00093,1.0,-0.00104,0.00203,7e-05,0.99964,0.002,0.02645,0.00313,33.28,34.56,0.0789,0.0772
20:27:26.759,1790256446.7596,461,3.507,1.692,-5.376,3.999,-0.01144,-0.00104,0.98705,0.0013,-0.00017,-0.00195,-0.07414,-0.01404,1.01445,0.04796,0.00542,-0.00495,0.99999,-0.00083,0.00346,5e-05,0.99961,0.00177,0.02779,0.00303,33.28,34.56,0.0703,0.0671
20:27:26.780,1790256446.7801,462,3.797,1.956,-5.347,3.993,0.00182,-0.0118,0.9965,-0.00217,0.00115,-0.00229,-0.06888,0.00817,0.97865,0.04301,-0.00299,0.00567,0.99999,-0.00206,0.00243,2e-05,0.99956,0.00282,0.0293,0.00308,33.28,34.56,0.0774,0.0658
20:27:26.800,1790256446.8004,463,4.109,1.946,-5.316,3.986,0.01095,-0.00534,0.99492,-0.00381,-0.00099,-0.00113,-0.0734,-0.00873,1.01177,0.05421,-0.00469,-0.00116,1.0,-0.00222,0.00087,1e-05,0.99953,0.00256,0.03047,0.00301,33.28,34.56,0.0762,0.0692
20:27:26.821,1790256446.8208,464,4.406,2.025,-5.286,3.98,0.01048,-0.0123,0.97852,-0.00106,0.00308,0.00064,-0.08702,-0.01031,0.99679,0.05659,-0.01097,-0.00273,1.0,-0.00294,-0.00019,2e-05,0.99948,0.00251,0.032,0.00292,33.28,34.56,0.064,0.0795
20:27:26.841,1790256446.8411,465,4.522,2.178,-5.255,3.974,-0.00128,-0.01479,0.99334,-0.0006,0.00118,-0.00205,-0.08289,-0.0121,0.99369,0.06749,-0.01121,-0.00224,0.99999,-0.00445,9e-05,-0.0,0.99944,0.00233,0.03331,0.00283,33.28,34.56,0.0751,0.0779
20:27:26.861,1790256446.8616,466,4.552,2.225,-5.224,3.969,-0.01333,-0.00435,0.9811,-0.00212,0.00148,-0.0004,-0.07042,0.00469,0.98129,0.06323,-0.00858,-0.00341,0.99999,-0.00404,0.00139,0.0,0.99938,0.00316,0.03487,0.00275,33.28,34.56,0.0659,0.0679
20:27:26.882,1790256446.8821,467,4.775,2.072,-5.192,3.963,0.00016,0.0006,0.99313,0.0007,-0.00012,-0.0014,-0.10128,-0.01027,1.00052,0.06273,-0.01693,-0.00463,1.0,-0.00259,0.0009,0.0,0.99933,0.00327,0.03631,0.00264,33.28,34.56,0.0748,0.0757
20:27:26.902,1790256446.9023,468,5.009,1.891,-5.16,3.956,0.01197,0.01621,1.00228,0.00165,0.00114,0.00084,-0.09764,-0.01764,0.99593,0.06722,-0.02162,0.00234,1.0,-0.00125,5e-05,1e-05,0.99929,0.00304,0.03749,0.00259,33.28,34.56,0.0781,0.0794
20:27:26.922,1790256446.9225,469,5.126,1.817,-5.128,3.95,-0.00494,0.01381,0.97318,-0.0009,0.0018,-0.00186,-0.10517,-0.00211,1.0066,0.06934,-0.0253,0.00242,1.0,-9e-05,0.00041,-1e-05,0.99924,0.00354,0.03886,0.00255,33.28,34.56,0.06,0.0709
20:27:26.943,1790256446.9431,470,5.158,1.661,-5.096,3.943,-0.00496,0.00533,0.99238,0.00048,0.00196,0.00063,-0.09894,-0.01057,0.98647,0.06032,-0.02341,-0.00185,1.0,0.00113,0.00133,-1e-05,0.99919,0.00342,0.04005,0.00245,33.28,34.56,0.0743,0.0736
20:27:26.963,1790256446.9637,471,5.174,1.763,-5.064,3.936,-0.01481,-0.00575,0.9773,-0.0008,0.00113,-0.00271,-0.10084,-0.00494,0.98859,0.07036,-0.03599,0.00332,1.0,0.00042,0.00242,-3e-05,0.99914,0.00359,0.04128,0.00241,33.28,34.56,0.0631,0.0753
20:27:26.984,1790256446.9841,472,5.233,1.701,-5.032,3.929,-0.0132,0.00932,0.96968,-0.00064,-0.00385,-0.00194,-0.12303,-0.01207,0.99225,0.07672,-0.04197,-0.00018,0.99999,0.00124,0.00321,-5e-05,0.99908,0.00388,0.04257,0.00233,33.28,34.56,0.0574,0.0799
20:27:27.004,1790256447.0047,473,5.126,1.602,-5.001,3.922,-0.01674,0.00578,1.00071,-0.00137,0.00029,0.00291,-0.09857,-0.01535,0.99324,0.08011,-0.04529,-0.00373,0.99999,0.00172,0.00476,-2e-05,0.99906,0.00351,0.04318,0.00218,33.28,34.56,0.0793,0.0787
20:27:27.025,1790256447.0249,474,5.196,1.761,-4.97,3.915,-0.01112,-0.00554,0.98795,0.00088,0.00136,-0.0007,-0.11562,-0.02168,1.00019,0.08413,-0.04169,-0.0029,0.99999,0.00031,0.00503,-3e-05,0.99902,0.0035,0.04407,0.00205,33.28,34.56,0.071,0.0747
20:27:27.045,1790256447.0451,475,5.346,2.02,-4.938,3.909,-0.00978,-0.00387,0.99978,0.00025,0.00075,0.00013,-0.13659,-0.01016,0.98351,0.09183,-0.0451,-0.0026,0.99999,-0.0013,0.00493,-4e-05,0.99896,0.00413,0.04529,0.00194,33.28,34.56,0.0799,0.0748
20:27:27.065,1790256447.0656,476,5.571,2.049,-4.906,3.903,0.01588,-0.00719,0.97288,-0.00489,0.00186,-0.00028,-0.12211,-0.02244,0.99423,0.08752,-0.06125,-0.00144,0.99999,-0.00157,0.00375,-4e-05,0.99893,0.00411,0.04606,0.00181,33.28,34.56,0.0598,0.0785
20:27:27.086,1790256447.0859,477,5.776,2.285,-4.873,3.899,-0.00222,-0.01725,0.99831,-0.0018,0.00079,-0.00234,-0.10632,0.00263,0.99548,0.08979,-0.04812,0.00079,0.99999,-0.00309,0.00319,-7e-05,0.99887,0.00462,0.04731,0.00173,33.28,34.56,0.0788,0.0791
20:27:27.106,1790256447.1063,478,6.024,2.211,-4.84,3.893,0.00537,0.00325,0.98971,-0.00051,0.00043,-0.00186,-0.12796,-0.01635,0.99074,0.10285,-0.05231,-0.00084,1.0,-0.00217,0.00204,-7e-05,0.99882,0.0049,0.04831,0.0016,33.28,34.56,0.0723,0.0793
20:27:27.127,1790256447.1268,479,6.006,2.352,-4.807,3.889,-0.02457,-0.01411,0.97829,-0.00252,9e-05,-0.00088,-0.13365,-0.0042,1.00374,0.09415,-0.05553,-0.00215,0.99999,-0.00277,0.00322,-7e-05,0.99877,0.00554,0.04934,0.00148,33.28,34.56,0.064,0.0705
20:27:27.147,1790256447.1472,480,6.199,2.313,-4.774,3.884,-0.00383,-0.00012,1.01484,-0.00226,0.00225,0.00174,-0.14293,0.00053,0.99589,0.10414,-0.06519,-0.00037,1.0,-0.00153,0.00262,-5e-05,0.99871,0.00644,0.05041,0.00138,33.28,34.56,0.0689,0.0754
20:27:27.167,1790256447.1676,481,6.389,2.471,-4.74,3.88,0.00488,-0.0134,0.98683,0.00052,0.00436,-0.00049,-0.14014,-0.0229,0.9973,0.11428,-0.06485,0.00101,1.0,-0.00255,0.00166,-6e-05,0.99867,0.00678,0.05111,0.00126,33.28,34.56,0.0702,0.0745
20:27:27.188,1790256447.1881,482,6.464,2.734,-4.707,3.876,-0.005,-0.01276,1.00431,0.0029,-0.00324,0.00101,-0.13286,0.00254,0.98669,0.10568,-0.07519,0.00635,0.99999,-0.00406,0.00196,-5e-05,0.99861,0.00755,0.05208,0.00121,33.28,34.56,0.0767,0.0767
20:27:27.208,1790256447.2088,483,6.589,2.617,-4.673,3.873,-0.00097,0.00251,0.98358,4e-05,0.00062,-0.00304,-0.14491,-0.023,0.98534,0.11588,-0.06965,-0.00156,1.0,-0.00272,0.00159,-8e-05,0.99857,0.00788,0.05278,0.00105,33.28,34.56,0.0677,0.0772
20:27:27.229,1790256447.2294,484,6.637,2.568,-4.639,3.869,-0.00951,0.00787,0.98392,0.00475,0.00331,0.0039,-0.13969,0.00482,0.9874,0.11382,-0.07075,0.00385,1.0,-0.0014,0.00223,-3e-05,0.99851,0.00878,0.05383,0.00097,33.28,34.56,0.068,0.0779
20:27:27.249,1790256447.2496,485,6.56,2.471,-4.606,3.864,-0.01759,0.00852,0.98173,0.00425,0.00049,-0.00072,-0.14178,-0.03153,0.98578,0.11384,-0.08096,-0.00243,0.99999,-0.00049,0.00325,-3e-05,0.99849,0.00886,0.05417,0.00079,33.28,34.55,0.0664,0.0773
20:27:27.270,1790256447.2699,486,6.683,2.362,-4.572,3.86,-0.00241,0.00644,0.98241,0.00242,0.00237,-0.00247,-0.15349,-0.03792,0.9813,0.12252,-0.07838,0.00372,1.0,0.00073,0.00263,-5e-05,0.99847,0.00914,0.05461,0.00066,33.28,34.55,0.0668,0.0755
20:27:27.290,1790256447.2902,487,6.944,2.47,-4.538,3.856,0.01062,0.00028,0.99417,-0.00231,0.001,-0.00331,-0.16746,-0.01252,0.99692,0.12665,-0.07646,0.00167,1.0,0.00059,0.0011,-9e-05,0.99842,0.00994,0.05536,0.00054,33.28,34.55,0.0757,0.0718
20:27:27.310,1790256447.3104,488,6.836,2.48,-4.505,3.852,-0.01088,0.00363,0.99606,-0.00017,-0.00235,-0.00014,-0.17465,-0.03809,0.97585,0.12921,-0.08419,0.00125,1.0,0.00101,0.00257,-9e-05,0.99838,0.01047,0.05588,0.00039,33.28,34.55,0.0771,0.0741
20:27:27.331,1790256447.3311,489,6.774,2.61,-4.471,3.848,-0.02016,-0.00605,0.9815,-0.00186,-0.00162,0.00194,-0.16821,-0.02157,0.98522,0.11995,-0.08932,0.00954,0.99999,0.00035,0.00376,-7e-05,0.99834,0.01094,0.05653,0.00033,33.28,34.55,0.0663,0.0798
20:27:27.351,1790256447.3512,490,6.975,2.761,-4.438,3.845,0.00227,-0.00334,0.99017,-0.00027,0.00171,-0.00049,-0.18142,-0.02911,1.00463,0.13183,-0.08574,0.00137,1.0,-0.00021,0.00241,-7e-05,0.99831,0.01168,0.05693,0.00019,33.28,34.55,0.0726,0.064
20:27:27.371,1790256447.3718,491,7.183,2.735,-4.404,3.842,0.00541,0.00584,1.00561,-0.00161,-0.00293,-0.00238,-0.15962,-0.01778,0.98399,0.13718,-0.09827,0.00382,1.0,0.00059,0.00104,-9e-05,0.99828,0.01225,0.05738,5e-05,33.28,34.55,0.0758,0.0778
20:27:27.392,1790256447.3922,492,7.371,2.816,-4.37,3.839,0.01151,0.0071,0.96952,0.00078,0.00017,-0.00037,-0.19618,0.00286,0.99653,0.13149,-0.10055,-0.0041,1.0,0.00106,-2e-05,-9e-05,0.99823,0.01343,0.05794,-0.00013,33.28,34.55,0.0572,0.0683
20:27:27.412,1790256447.4123,493,7.301,2.918,-4.336,3.836,-0.02234,0.00489,0.98423,-0.00248,-0.0039,-0.00367,-0.1773,0.00383,0.97956,0.13562,-0.09749,2e-05,1.0,0.0012,0.0013,-0.00013,0.99817,0.01447,0.05865,-0.00029,33.28,34.55,0.0684,0.0766
20:27:27.432,1790256447.4325,494,7.285,3.174,-4.302,3.834,-0.00563,-0.00553,1.00301,-0.0002,0.00085,-0.0008,-0.17157,-0.01166,0.97249,0.138,-0.0976,-0.0024,1.0,-0.00026,0.00186,-0.00013,0.99814,0.01525,0.05907,-0.00049,33.28,34.55,0.0777,0.0707
20:27:27.452,1790256447.4528,495,7.329,3.424,-4.268,3.833,-0.00457,-0.02182,1.00292,-0.00093,0.00035,0.00306,-0.18091,-0.02315,0.97848,0.13559,-0.09827,2e-05,1.0,-0.00185,0.00192,-0.0001,0.9981,0.01584,0.05952,-0.00068,33.28,34.55,0.0776,0.0765
20:27:27.473,1790256447.4731,496,7.221,3.432,-4.235,3.832,-0.01789,0.0015,0.98948,-0.00254,-0.00076,0.0023,-0.1826,-0.01958,0.98452,0.13328,-0.10741,0.00044,0.99999,-0.00137,0.00328,-7e-05,0.99807,0.0164,0.05993,-0.00086,33.28,34.55,0.0722,0.0789
20:27:27.493,1790256447.4933,497,7.195,3.651,-4.202,3.831,-0.01028,-0.01283,0.98762,-0.0002,0.00175,-0.00058,-0.16902,-0.01268,0.99469,0.13607,-0.10432,-0.00184,0.99999,-0.00271,0.00379,-7e-05,0.99804,0.01697,0.0602,-0.00107,33.28,34.55,0.0708,0.0732
20:27:27.513,1790256447.5138,498,7.082,3.779,-4.17,3.831,-0.0199,-0.00954,0.97808,0.00222,-0.00088,0.00184,-0.17578,-0.02683,0.96811,0.14802,-0.09707,0.00373,0.99998,-0.00311,0.00501,-5e-05,0.99801,0.01769,0.06043,-0.00123,33.29,34.55,0.0637,0.0682
20:27:27.534,1790256447.5343,499,7.023,3.748,-4.138,3.831,-0.0355,0.0239,0.98297,-0.00315,4e-05,-0.00229,-0.18234,-0.01009,0.97851,0.14485,-0.11275,-0.00486,0.99998,-0.00208,0.00591,-6e-05,0.99798,0.01847,0.0608,-0.00148,33.29,34.55,0.0679,0.0766
20:27:27.555,1790256447.5548,500,7.223,3.722,-4.106,3.831,-0.0042,-0.00066,0.99827,-0.00099,-0.00508,-0.00161,-0.17932,-0.03052,0.98211,0.14286,-0.10875,-0.00051,0.99999,-0.00142,0.00438,-8e-05,0.99796,0.01892,0.06101,-0.0017,33.29,34.55,0.0787,0.0791
20:27:27.575,1790256447.5753,501,7.215,3.904,-4.074,3.831,-0.00967,-0.0138,0.97318,0.00431,0.00057,0.00127,-0.16611,-0.02081,0.98773,0.14443,-0.11457,0.00217,0.99999,-0.00259,0.00451,-7e-05,0.99795,0.01933,0.06106,-0.0019,33.29,34.55,0.06,0.0786
20:27:27.595,1790256447.5955,502,7.343,3.825,-4.041,3.831,-0.00784,-0.00267,1.00389,0.00135,0.00271,0.0003,-0.194,-0.01122,0.98087,0.14364,-0.11252,-0.00296,0.99999,-0.00117,0.00386,-6e-05,0.9979,0.02008,0.06151,-0.00213,33.29,34.55,0.0771,0.0799
20:27:27.615,1790256447.6157,503,7.205,3.938,-4.009,3.831,-0.02221,-0.00103,1.00474,-0.0015,0.00067,0.0001,-0.2255,-0.00492,0.98759,0.14818,-0.12039,0.00274,0.99998,-0.00103,0.00539,-6e-05,0.99786,0.02121,0.06183,-0.0023,33.29,34.55,0.0763,0.0702
20:27:27.636,1790256447.6361,504,7.34,3.887,-3.978,3.831,-0.00738,0.00141,0.99157,0.00031,0.00127,-0.00085,-0.20255,-0.02563,0.96705,0.13465,-0.12196,0.00358,0.99999,6e-05,0.00435,-5e-05,0.99784,0.02188,0.06196,-0.00246,33.29,34.55,0.0737,0.0713
20:27:27.656,1790256447.6564,505,7.395,3.788,-3.946,3.831,-0.00805,0.00868,1.00194,0.00183,0.00261,-0.00222,-0.19742,-0.01469,0.97745,0.14931,-0.11152,0.00205,0.99999,0.00166,0.00425,-7e-05,0.9978,0.02263,0.06232,-0.00266,33.29,34.55,0.0785,0.078
20:27:27.677,1790256447.6768,506,7.381,4.042,-3.914,3.832,-0.01561,-0.02071,1.00355,0.00511,-0.00293,0.00252,-0.20426,-0.01776,0.97236,0.14441,-0.11689,-0.0002,0.99999,0.0002,0.00466,-5e-05,0.99776,0.02339,0.0626,-0.00288,33.29,34.55,0.0771,0.0753
20:27:27.697,1790256447.6972,507,7.432,3.957,-3.882,3.832,-0.00497,0.01997,0.99499,-0.00134,-0.00084,-0.00036,-0.21353,-0.02966,0.9639,0.14781,-0.12354,0.00198,0.99999,0.00172,0.00432,-4e-05,0.99773,0.02418,0.0627,-0.00308,33.29,34.55,0.0764,0.0708
20:27:27.718,1790256447.7178,508,7.478,3.882,-3.85,3.832,-0.007,0.02525,1.00107,-0.00062,-0.00259,-0.00265,-0.23356,-0.02389,0.98703,0.15136,-0.11569,0.00187,0.99999,0.00334,0.00417,-6e-05,0.99769,0.02516,0.06294,-0.00327,33.29,34.55,0.0789,0.0691
20:27:27.738,1790256447.7381,509,7.651,4.109,-3.819,3.833,0.00783,-0.0089,0.99383,-0.00402,0.00242,-0.00052,-0.20151,0.00833,0.98005,0.1416,-0.12311,-0.00155,0.99999,0.00223,0.00309,-6e-05,0.99764,0.02604,0.06336,-0.00351,33.29,34.55,0.0754,0.0796
20:27:27.758,1790256447.7585,510,7.797,4.351,-3.786,3.834,-0.00208,0.0003,1.00134,-0.0013,0.00055,-0.00021,-0.21906,-0.01712,0.9987,0.15037,-0.11035,0.0068,1.0,0.00109,0.00196,-6e-05,0.99761,0.027,0.0635,-0.00365,33.29,34.55,0.079,0.0631
20:27:27.779,1790256447.7789,511,7.751,4.562,-3.755,3.836,-0.00954,-0.00584,0.96636,0.00209,-0.00099,0.00187,-0.21886,-0.00777,0.96064,0.14703,-0.11886,0.00275,1.0,0.0002,0.0026,-4e-05,0.99757,0.02796,0.06372,-0.00384,33.29,34.55,0.0548,0.069
20:27:27.799,1790256447.7994,512,7.779,4.832,-3.723,3.839,-0.007,-0.01078,0.98248,0.00092,-0.00115,0.00274,-0.23324,-0.00753,0.96943,0.15445,-0.11581,-0.00214,1.0,-0.00115,0.00281,-2e-05,0.99751,0.02896,0.06416,-0.0041,33.29,34.55,0.0669,0.0778
20:27:27.819,1790256447.8198,513,7.754,4.748,-3.691,3.842,-0.00791,0.0047,0.9902,-0.00155,0.00164,-0.00066,-0.2194,-0.0272,0.98098,0.1491,-0.11106,-0.00141,0.99999,0.00024,0.0033,-2e-05,0.99747,0.02964,0.06442,-0.00435,33.29,34.55,0.0727,0.0758
20:27:27.840,1790256447.8401,514,7.618,4.802,-3.66,3.844,-0.0165,0.00343,0.99462,-0.00436,0.00078,-0.00234,-0.22349,-0.01534,0.96393,0.15217,-0.11214,0.00123,0.99999,0.00064,0.00478,-4e-05,0.99743,0.03051,0.0647,-0.00457,33.29,34.55,0.0761,0.0722
20:27:27.860,1790256447.8605,515,7.577,5.048,-3.63,3.848,-0.01567,-0.01215,0.98285,-0.00375,0.00038,0.00114,-0.23894,-0.01828,0.97793,0.15062,-0.12492,0.0047,0.99999,-0.00065,0.00536,-3e-05,0.99739,0.03138,0.06491,-0.00477,33.29,34.55,0.0673,0.0749
20:27:27.881,1790256447.8813,516,7.433,5.15,-3.599,3.851,-0.02497,-0.00301,0.99248,-0.0025,1e-05,-0.001,-0.21115,-0.0146,0.97261,0.14891,-0.11217,-0.00076,0.99998,-0.00086,0.0069,-4e-05,0.99735,0.03206,0.06517,-0.00503,33.29,34.55,0.0746,0.0765
20:27:27.901,1790256447.9014,517,7.593,5.31,-3.569,3.855,-0.00247,-0.00869,0.99146,0.00045,-0.00113,-0.00321,-0.23693,-0.03116,0.97547,0.14174,-0.12966,-0.0021,0.99998,-0.00164,0.00562,-8e-05,0.99732,0.03268,0.06528,-0.0053,33.29,34.55,0.0736,0.0768
20:27:27.921,1790256447.9216,518,7.506,5.263,-3.539,3.859,-0.01507,0.00087,0.99552,-0.00011,0.00061,-0.00089,-0.22707,-0.011,0.973,0.14888,-0.12183,0.00391,0.99998,-0.00051,0.00668,-7e-05,0.99727,0.03342,0.06556,-0.00551,33.29,34.55,0.0767,0.0794
20:27:27.941,1790256447.9418,519,7.644,5.464,-3.509,3.863,-0.00875,-0.00499,0.98143,-0.00072,-0.00176,-0.00065,-0.22513,-0.00815,0.9904,0.14943,-0.11282,-0.00051,0.99998,-0.00142,0.00567,-8e-05,0.99723,0.03427,0.06574,-0.00576,33.29,34.55,0.0661,0.0682
20:27:27.962,1790256447.9623,520,7.734,5.674,-3.478,3.868,-0.00748,-0.00988,0.97769,0.00488,0.00067,0.00183,-0.22759,-0.02114,0.96576,0.14891,-0.11734,0.00282,0.99998,-0.00253,0.00509,-7e-05,0.99719,0.03499,0.06593,-0.00598,33.29,34.55,0.0633,0.0743
20:27:27.982,1790256447.9827,521,7.639,5.636,-3.449,3.873,-0.01852,0.00292,0.99357,0.0019,0.00347,-0.00433,-0.23249,-0.01639,0.9784,0.15213,-0.10997,-0.0022,0.99998,-0.00145,0.00624,-0.0001,0.99714,0.03576,0.06623,-0.00626,33.29,34.55,0.0753,0.0757
20:27:28.003,1790256448.0032,522,7.741,5.875,-3.419,3.878,0.0006,-0.02511,0.98385,-0.00029,-0.0002,-0.00161,-0.24179,-0.01474,0.98489,0.14968,-0.11744,-4e-05,0.99998,-0.00267,0.00554,-0.00011,0.9971,0.03662,0.06639,-0.00652,33.29,34.55,0.0681,0.0693
20:27:28.023,1790256448.0234,523,7.631,6.001,-3.389,3.884,-0.01886,-0.0078,0.97972,0.00087,0.00386,-0.00278,-0.24027,-0.00975,0.97454,0.1437,-0.11753,-0.00204,0.99997,-0.00306,0.00682,-0.00014,0.99705,0.03734,0.0667,-0.00679,33.29,34.55,0.0649,0.0772
20:27:28.043,1790256448.0436,524,7.836,6.11,-3.359,3.89,-0.00286,-0.00791,1.00116,-0.00166,-0.00262,0.00252,-0.22686,-0.01235,0.96316,0.14226,-0.11681,0.00269,0.99998,-0.00333,0.00521,-0.00012,0.99701,0.03803,0.06686,-0.00702,33.29,34.55,0.0791,0.0722
20:27:28.064,1790256448.0643,525,7.962,6.064,-3.329,3.896,-0.00283,0.0048,0.98568,-0.00158,0.00062,0.0003,-0.25525,-0.01223,0.96993,0.14813,-0.12129,0.00172,0.99999,-0.00214,0.00442,-0.00011,0.99696,0.03884,0.06716,-0.00727,33.29,34.55,0.0693,0.0777
20:27:28.084,1790256448.0846,526,8.1,6.015,-3.299,3.901,-0.00797,-0.00319,0.9953,0.00328,-0.0011,-0.00149,-0.24264,-0.01394,0.95336,0.14778,-0.10935,0.00442,0.99999,-0.00088,0.00345,-0.00012,0.99691,0.0397,0.06738,-0.00748,33.29,34.55,0.0765,0.0679
20:27:28.105,1790256448.1052,527,8.002,6.083,-3.269,3.907,-0.01948,-0.00147,0.97863,-0.00021,0.00197,0.00154,-0.26995,-0.02751,0.9637,0.13609,-0.10505,-0.0017,0.99999,-0.00085,0.00478,-0.0001,0.99685,0.04033,0.06784,-0.00776,33.29,34.55,0.0641,0.0791
20:27:28.125,1790256448.1255,528,7.968,5.988,-3.239,3.913,-0.01441,0.01344,0.9982,-0.00085,-0.00106,0.00081,-0.2534,-0.02768,0.98216,0.14236,-0.10856,0.00303,0.99999,0.00067,0.00527,-0.0001,0.99681,0.04104,0.06802,-0.00798,33.29,34.55,0.0788,0.069
20:27:28.145,1790256448.1457,529,8.06,6.187,-3.209,3.919,-0.00685,-0.00629,0.97009,-0.00143,0.00043,0.00238,-0.2555,-0.02436,0.97593,0.14067,-0.10328,0.00331,0.99999,-0.00041,0.0048,-8e-05,0.99676,0.0417,0.06833,-0.00821,33.29,34.55,0.0576,0.0732
20:27:28.166,1790256448.166,530,7.999,6.149,-3.18,3.924,-0.02209,0.01778,0.98211,0.00186,0.00094,-0.00156,-0.25998,-0.01616,0.98259,0.14619,-0.1081,-0.00276,0.99998,0.00073,0.00557,-8e-05,0.9967,0.04253,0.06855,-0.00849,33.29,34.55,0.0669,0.0676
20:27:28.186,1790256448.1864,531,7.868,6.232,-3.151,3.93,-0.01657,0.00082,0.99403,-0.00054,-0.00369,-0.00402,-0.25468,-0.02432,0.9759,0.13149,-0.10015,0.0024,0.99997,0.00055,0.00705,-0.00012,0.99666,0.04307,0.06888,-0.00873,33.29,34.55,0.0756,0.0733
20:27:28.206,1790256448.2065,532,8.006,6.193,-3.122,3.936,-0.00428,0.01263,0.98149,-2e-05,0.00184,-0.00143,-0.26587,-0.01968,0.9798,0.13703,-0.09643,0.00132,0.99998,0.00158,0.0062,-0.00012,0.9966,0.04379,0.06921,-0.00897,33.29,34.55,0.0662,0.0684
20:27:28.227,1790256448.2272,533,8.028,6.421,-3.093,3.943,-0.01448,-0.01282,0.99195,-0.00043,-0.00232,0.00077,-0.24495,-0.02917,0.96408,0.13411,-0.09632,0.00581,0.99998,6e-05,0.00638,-0.00012,0.99655,0.04425,0.06956,-0.00918,33.29,34.55,0.0741,0.0764
20:27:28.247,1790256448.2477,534,7.965,6.577,-3.064,3.95,-0.02838,-0.0157,0.9776,0.00308,-0.00266,0.00092,-0.2381,-0.02501,0.97916,0.13613,-0.09207,5e-05,0.99997,-0.00083,0.00727,-0.00011,0.99651,0.04472,0.06987,-0.00945,33.29,34.55,0.0636,0.074
20:27:28.268,1790256448.2679,535,7.872,6.727,-3.036,3.957,-0.02252,-0.007,0.98725,-0.00045,0.0007,-0.00273,-0.25662,-0.02752,0.95698,0.13104,-0.095,0.0009,0.99996,-0.00162,0.00847,-0.00014,0.99646,0.04523,0.07023,-0.0097,33.29,34.55,0.0706,0.0734
20:27:28.288,1790256448.2882,536,7.786,6.902,-3.008,3.964,-0.03052,-0.01391,1.00658,0.00033,-0.00064,-0.00131,-0.27513,-0.02989,0.97288,0.13031,-0.09191,-0.00323,0.99995,-0.00256,0.00966,-0.00015,0.9964,0.04581,0.07064,-0.00999,33.29,34.55,0.0746,0.0714
20:27:28.308,1790256448.3087,537,7.99,6.917,-2.979,3.972,-0.00211,-0.0038,0.98265,-0.00102,0.00058,-0.00388,-0.25495,-0.03415,0.97354,0.11302,-0.08763,0.00132,0.99996,-0.00247,0.0083,-0.00019,0.99636,0.04606,0.07103,-0.01024,33.29,34.55,0.067,0.0748
20:27:28.329,1790256448.329,538,8.098,6.808,-2.951,3.979,-0.01355,0.00303,0.98047,0.00124,-0.00139,-0.00336,-0.25239,-0.02053,0.96095,0.1183,-0.08505,-0.00147,0.99997,-0.00121,0.00784,-0.00021,0.9963,0.0464,0.07151,-0.01051,33.29,34.55,0.0654,0.0753
20:27:28.349,1790256448.3493,539,8.316,6.885,-2.922,3.987,-0.00017,-0.00717,0.98068,-0.00351,-0.00079,0.00058,-0.25905,-0.03035,0.96727,0.11596,-0.07467,0.00771,0.99998,-0.00164,0.00656,-0.00021,0.99625,0.04666,0.07212,-0.01069,33.29,34.55,0.0655,0.0786
20:27:28.370,1790256448.3699,540,8.53,6.861,-2.893,3.994,-0.01174,-0.00255,0.98493,-0.00472,-0.00286,0.0017,-0.27027,-0.01418,0.95974,0.12408,-0.08694,0.0031,0.99999,-0.00098,0.0053,-0.00019,0.99618,0.04714,0.07271,-0.01093,33.29,34.55,0.0688,0.0779
20:27:28.390,1790256448.3902,541,8.76,6.902,-2.863,4.002,-0.00033,-0.003,0.99006,0.00383,-0.00124,0.00585,-0.25646,-0.02392,0.96427,0.11807,-0.08504,-0.00166,0.99999,-0.00109,0.00382,-0.00013,0.99613,0.04741,0.07322,-0.01122,33.29,34.55,0.0725,0.0786
20:27:28.411,1790256448.4108,542,8.653,6.96,-2.834,4.009,-0.02105,-0.00569,0.99143,-0.00022,0.00177,0.00072,-0.2621,-0.04101,0.96273,0.10932,-0.08057,-0.00125,0.99998,-0.00148,0.00529,-0.00013,0.99608,0.04754,0.07372,-0.0115,33.29,34.54,0.0737,0.079
20:27:28.431,1790256448.4313,543,8.566,7.028,-2.805,4.017,-0.02957,-0.00621,0.99446,-0.00347,0.00158,0.00082,-0.27704,-0.01637,0.96237,0.10666,-0.07117,0.00135,0.99998,-0.00178,0.00684,-0.00012,0.99601,0.04783,0.07449,-0.01174,33.29,34.54,0.0762,0.0788
20:27:28.452,1790256448.4518,544,8.703,6.885,-2.776,4.024,-0.01193,0.00058,0.99214,-0.00048,-0.00198,-0.00439,-0.28002,-0.03797,0.96679,0.10245,-0.07092,0.00207,0.99998,-0.00037,0.00625,-0.00015,0.99595,0.04802,0.0751,-0.01197,33.29,34.54,0.0742,0.0746
20:27:28.472,1790256448.4723,545,8.898,7.044,-2.746,4.032,-0.00119,-0.01464,1.00271,0.00064,-0.00061,-0.00099,-0.26588,-0.0289,0.9707,0.10287,-0.06271,0.00592,0.99998,-0.00161,0.00524,-0.00016,0.99589,0.04818,0.07576,-0.01216,33.29,34.54,0.0779,0.0749
20:27:28.493,1790256448.4928,546,9.129,7.187,-2.716,4.04,0.00243,-0.01468,1.01344,0.00025,0.00145,0.0019,-0.27605,-0.00293,0.95842,0.10304,-0.05957,-0.00011,0.99999,-0.00255,0.00418,-0.00014,0.9958,0.0485,0.07667,-0.01242,33.29,34.54,0.0698,0.078
20:27:28.513,1790256448.5133,547,9.042,7.141,-2.687,4.047,-0.01701,-0.00213,0.99594,0.00132,-0.00499,0.0006,-0.27969,-0.03011,0.9666,0.09632,-0.06638,-0.001,0.99998,-0.00203,0.00562,-0.00013,0.99574,0.04863,0.07735,-0.01268,33.29,34.54,0.0771,0.075
20:27:28.533,1790256448.5337,548,9.196,7.306,-2.657,4.056,-0.00512,-0.01495,0.99384,-0.00163,0.0038,0.00238,-0.24789,-0.02348,0.95483,0.09474,-0.05609,4e-05,0.99998,-0.00339,0.00491,-0.00011,0.99568,0.04871,0.07794,-0.01292,33.29,34.54,0.0755,0.0701
20:27:28.554,1790256448.5543,549,9.231,7.138,-2.627,4.063,-0.01292,0.00086,0.99859,0.00153,0.00229,-0.00021,-0.27184,-0.02164,0.96451,0.09731,-0.04547,-0.00754,0.99998,-0.00187,0.00554,-0.00011,0.9956,0.0488,0.07887,-0.01325,33.29,34.54,0.079,0.0783
20:27:28.574,1790256448.5745,550,9.253,7.243,-2.598,4.071,-0.01656,-0.01117,0.96379,-0.00389,0.00029,0.00108,-0.26559,-0.01566,0.95843,0.08867,-0.05139,-0.0013,0.99998,-0.00275,0.0062,-0.0001,0.99553,0.04883,0.07969,-0.0135,33.29,34.54,0.053,0.076
20:27:28.595,1790256448.5948,551,9.327,7.087,-2.568,4.079,-0.01276,-0.001,0.97585,-0.00032,0.00289,0.00034,-0.27332,-0.03815,0.95788,0.08626,-0.04343,-0.00154,0.99998,-0.00151,0.00641,-8e-05,0.99546,0.04875,0.08055,-0.01376,33.29,34.54,0.062,0.0776
20:27:28.615,1790256448.6151,552,9.537,6.984,-2.538,4.086,0.00162,0.01529,0.97422,-0.00203,-0.00122,0.0009,-0.28676,-0.02225,0.95566,0.09201,-0.03652,0.0008,0.99998,-0.00056,0.00564,-7e-05,0.99537,0.04884,0.08161,-0.014,33.29,34.54,0.0608,0.0785
20:27:28.635,1790256448.6355,553,9.759,7.112,-2.508,4.093,0.00623,-0.01928,0.99867,0.00369,0.00102,0.00187,-0.27141,-0.02535,0.97779,0.08266,-0.03921,-0.00098,0.99999,-0.00168,0.00453,-5e-05,0.9953,0.04885,0.08239,-0.01424,33.29,34.54,0.0792,0.0687
20:27:28.656,1790256448.6559,554,9.879,6.93,-2.477,4.1,-0.0066,0.01596,0.98659,0.00144,0.00279,-0.00206,-0.26842,-0.02051,0.96062,0.0809,-0.04206,0.00309,0.99999,-0.00025,0.00438,-7e-05,0.99523,0.04873,0.08329,-0.01445,33.29,34.54,0.0701,0.0782
20:27:28.676,1790256448.6765,555,10.007,7.072,-2.446,4.108,-0.00667,-0.01094,0.98435,-0.00168,0.00242,0.00139,-0.27113,-0.02803,0.96985,0.07664,-0.04044,-0.00213,0.99999,-0.00166,0.00414,-6e-05,0.99516,0.04858,0.08413,-0.01471,33.29,34.54,0.0683,0.0744
20:27:28.697,1790256448.6968,556,10.091,7.243,-2.415,4.115,-0.00956,-0.01226,0.99012,-0.00283,-0.00166,0.00027,-0.28121,-0.0257,0.97004,0.08287,-0.03606,0.00096,0.99999,-0.00314,0.00434,-6e-05,0.99508,0.04858,0.08502,-0.01494,33.29,34.54,0.0727,0.0723
20:27:28.717,1790256448.7173,557,10.031,7.138,-2.385,4.123,-0.02967,0.00219,1.00209,0.00175,0.00152,0.00076,-0.261,-0.03417,0.96587,0.07817,-0.02338,0.00043,0.99998,-0.00252,0.00584,-4e-05,0.99501,0.04829,0.08599,-0.01518,33.29,34.54,0.0781,0.0792
20:27:28.737,1790256448.7377,558,10.273,6.993,-2.354,4.13,0.00103,0.00789,0.98088,0.00142,-0.00202,-0.00336,-0.28576,-0.02477,0.95326,0.0619,-0.02028,0.00055,0.99999,-0.00155,0.00488,-7e-05,0.99492,0.04805,0.08715,-0.0154,33.29,34.54,0.0657,0.0766
20:27:28.758,1790256448.7579,559,10.213,6.997,-2.323,4.137,-0.01229,-0.00405,0.99263,0.00071,0.0049,-0.00334,-0.25409,-0.01868,0.96803,0.05722,-0.02798,0.00327,0.99998,-0.00207,0.00633,-0.0001,0.99486,0.04756,0.08806,-0.0156,33.29,34.54,0.0745,0.0793
20:27:28.778,1790256448.7782,560,10.259,6.837,-2.293,4.143,-0.02765,0.01688,0.98478,0.00074,0.00225,-0.00019,-0.27182,-0.01156,0.96011,0.06727,-0.01263,-0.00097,0.99997,-0.00094,0.00715,-9e-05,0.99476,0.04732,0.08928,-0.01583,33.29,34.54,0.069,0.0784
20:27:28.798,1790256448.7984,561,10.427,6.683,-2.262,4.15,-0.01096,0.01234,0.96498,-0.00093,-0.00163,1e-05,-0.2816,-0.01964,0.96198,0.06521,-0.00936,0.00699,0.99998,0.00012,0.00691,-8e-05,0.99465,0.04707,0.09052,-0.01599,33.29,34.54,0.0538,0.0781
20:27:28.819,1790256448.819,562,10.385,6.697,-2.231,4.156,-0.02047,-0.00151,0.98985,0.00207,-0.00231,-0.00171,-0.28956,-0.02673,0.97296,0.05443,-0.01641,0.00571,0.99997,-0.00023,0.00833,-0.0001,0.99457,0.04682,0.09155,-0.01614,33.29,34.54,0.0726,0.0684
20:27:28.840,1790256448.84,563,10.363,6.758,-2.201,4.162,-0.03098,-0.00803,0.99617,-0.00155,-0.00253,-0.00107,-0.29427,-0.0292,0.96348,0.05956,-0.01263,0.00579,0.99995,-0.00101,0.00974,-0.00012,0.99447,0.04656,0.09274,-0.01631,33.29,34.54,0.0775,0.0741
20:27:28.860,1790256448.8605,564,10.332,6.695,-2.171,4.168,-0.02829,-0.00163,0.9909,0.00014,-0.00152,-0.00217,-0.27726,-0.03362,0.96822,0.04839,0.00309,-0.00153,0.99994,-0.00094,0.01123,-0.00014,0.99437,0.04607,0.09395,-0.01653,33.29,34.54,0.0735,0.0742
20:27:28.881,1790256448.8809,565,10.579,6.762,-2.14,4.174,-0.013,-0.01387,1.00659,-0.00066,-0.00013,0.00101,-0.27137,-0.03219,0.97052,0.04235,0.00474,-0.00405,0.99994,-0.00213,0.01027,-0.00015,0.99429,0.04549,0.09511,-0.01678,33.29,34.54,0.0749,0.0738
20:27:28.901,1790256448.9013,566,10.646,6.574,-2.109,4.18,-0.03146,0.01028,0.98088,-0.00215,0.00019,0.00157,-0.28865,-0.02199,0.96443,0.03156,0.013,-0.00136,0.99994,-0.00109,0.0111,-0.00012,0.99417,0.04492,0.09653,-0.01698,33.29,34.54,0.0661,0.0748
20:27:28.922,1790256448.9218,567,10.943,6.504,-2.078,4.186,-0.01153,-0.00258,0.97851,0.00135,0.00238,-0.0029,-0.27069,-0.01565,0.96836,0.03722,0.00906,0.0061,0.99995,-0.00113,0.00982,-0.00015,0.99407,0.04431,0.09782,-0.01713,33.29,34.54,0.0639,0.0758
20:27:28.942,1790256448.9425,568,10.94,6.505,-2.047,4.191,-0.03538,-0.01272,0.98862,-0.00019,7e-05,-0.00022,-0.25354,-0.02202,0.95854,0.02648,0.01654,-0.00087,0.99994,-0.00195,0.01106,-0.00016,0.99398,0.0435,0.09902,-0.01733,33.29,34.54,0.072,0.0738
20:27:28.963,1790256448.9631,569,11.111,6.546,-2.016,4.197,-0.01868,-0.01742,0.97714,-0.00035,-0.00056,0.00187,-0.26107,-0.04176,0.96298,0.02968,0.01445,0.0002,0.99994,-0.00323,0.01077,-0.00015,0.9939,0.04259,0.1002,-0.01754,33.29,34.54,0.0631,0.079
20:27:28.983,1790256448.9836,570,11.098,6.417,-1.984,4.202,-0.03348,-0.00299,1.00257,-0.00375,-0.00105,-0.00109,-0.26246,-0.00594,0.96888,0.03238,0.02043,0.00021,0.99992,-0.00282,0.01229,-0.00015,0.99379,0.04188,0.10159,-0.01774,33.29,34.54,0.0777,0.0771
20:27:29.004,1790256449.0044,571,11.261,6.46,-1.953,4.207,-0.02366,-0.02622,0.97452,-1e-05,-0.00259,-0.00186,-0.26797,-0.03105,0.96398,0.02855,0.02058,-0.00555,0.99992,-0.00409,0.01224,-0.00018,0.99368,0.041,0.10292,-0.01802,33.29,34.54,0.0614,0.0792
20:27:29.025,1790256449.0251,572,11.557,6.377,-1.921,4.213,-0.00456,-0.01048,0.97113,7e-05,0.00069,0.00109,-0.27665,-0.02865,0.95593,0.02315,0.0197,-0.00424,0.99993,-0.00425,0.01104,-0.00019,0.99357,0.04018,0.1043,-0.01826,33.29,34.54,0.0584,0.0767
20:27:29.045,1790256449.0455,573,11.696,6.145,-1.889,4.217,-0.02545,0.00488,0.97897,0.00017,-0.00304,0.00081,-0.28836,-0.01013,0.96903,0.01215,0.03048,-0.0019,0.99993,-0.00298,0.01137,-0.00016,0.99343,0.03947,0.10586,-0.01845,33.29,34.54,0.0645,0.0717
20:27:29.066,1790256449.0659,574,11.924,6.188,-1.857,4.222,-0.02128,-0.00846,0.97652,-0.00159,-0.00232,-0.00184,-0.27683,-0.01629,0.94973,0.00793,0.03365,0.00225,0.99993,-0.0042,0.01092,-0.0002,0.9933,0.03863,0.10736,-0.01859,33.29,34.54,0.0626,0.072
20:27:29.086,1790256449.0865,575,12.277,6.056,-1.823,4.226,0.00289,0.00154,0.99116,0.00019,-0.00224,0.0009,-0.29968,-0.0188,0.93366,0.01669,0.04298,0.00218,0.99995,-0.00364,0.00949,-0.00018,0.99313,0.03812,0.10902,-0.01872,33.29,34.54,0.0734,0.0656
20:27:29.107,1790256449.107,576,12.421,5.779,-1.79,4.23,-0.01874,-0.00086,0.98333,-0.00024,0.00097,0.00081,-0.26526,-0.04358,0.95356,0.01557,0.04082,0.00239,0.99995,-0.00225,0.00951,-0.00017,0.99302,0.03715,0.11031,-0.01889,33.29,34.54,0.0676,0.073
20:27:29.127,1790256449.1275,577,12.596,5.856,-1.756,4.234,-0.01904,-0.01794,0.99771,0.00093,0.0016,0.00335,-0.27269,-0.01031,0.95337,0.00462,0.03679,0.00599,0.99995,-0.00385,0.00953,-0.00015,0.99289,0.03621,0.11182,-0.019,33.29,34.54,0.0785,0.0737
20:27:29.148,1790256449.148,578,12.876,5.596,-1.722,4.237,-0.00911,0.00579,0.99189,0.00269,0.00108,-0.0021,-0.27949,-0.00263,0.96954,-0.00018,0.03859,0.00198,0.99996,-0.0026,0.00864,-0.00016,0.99274,0.03528,0.1134,-0.01915,33.29,34.54,0.074,0.0732
20:27:29.168,1790256449.1682,579,13.138,5.607,-1.688,4.24,-0.00843,-0.02082,0.98511,-0.00092,-0.00251,0.00021,-0.28294,-0.02904,0.94855,-0.01022,0.04776,-0.00653,0.99996,-0.00384,0.00794,-0.00017,0.99259,0.03418,0.11495,-0.01937,33.29,34.54,0.069,0.0727
20:27:29.188,1790256449.1886,580,13.423,5.33,-1.653,4.242,-0.01563,-0.00746,1.00201,-0.00015,0.00342,0.00042,-0.25524,-0.02695,0.95601,-0.01485,0.05524,-0.00214,0.99997,-0.00284,0.00672,-0.00016,0.99248,0.03286,0.11624,-0.01955,33.29,34.54,0.0784,0.0724
20:27:29.209,1790256449.2089,581,13.403,5.14,-1.618,4.244,-0.02212,-0.00441,0.99111,0.00096,-0.00195,-0.00394,-0.25678,-0.02797,0.9617,-0.01644,0.05537,0.00152,0.99996,-0.00263,0.00818,-0.00019,0.99238,0.03144,0.11753,-0.01971,33.29,34.54,0.0735,0.0768
20:27:29.229,1790256449.2295,582,13.754,4.964,-1.582,4.246,0.00473,-0.00393,0.98824,-0.00102,0.00075,-0.00386,-0.27523,-0.03282,0.96614,-0.01744,0.06711,-0.00252,0.99997,-0.00255,0.00672,-0.00024,0.99222,0.03009,0.11913,-0.0199,33.29,34.54,0.0712,0.0762
20:27:29.249,1790256449.2497,583,13.793,4.648,-1.547,4.247,-0.01949,0.00368,0.98538,0.00095,0.00264,0.0022,-0.25857,-0.05581,0.96382,-0.02014,0.06129,0.00036,0.99997,-0.0014,0.00756,-0.0002,0.99212,0.02854,0.12035,-0.02007,33.29,34.54,0.0692,0.0796
20:27:29.270,1790256449.2706,584,13.86,4.277,-1.511,4.247,-0.0229,0.01251,1.00018,-0.00088,0.0012,0.00098,-0.25508,-0.03238,0.97025,-0.03148,0.07884,-0.00243,0.99997,8e-05,0.00831,-0.00019,0.99199,0.02688,0.12173,-0.02026,33.29,34.54,0.0796,0.0772
20:27:29.290,1790256449.2908,585,14.138,4.131,-1.476,4.247,-0.0111,-0.00144,0.96939,0.00294,0.004,-4e-05,-0.26436,-0.04601,0.97134,-0.0296,0.07578,0.0042,0.99997,-0.00024,0.00725,-0.00019,0.99186,0.02536,0.12309,-0.02037,33.29,34.54,0.0571,0.0742
20:27:29.311,1790256449.3111,586,14.428,4.008,-1.439,4.246,-0.00842,-0.00329,0.98702,-0.00076,0.00183,-0.00126,-0.25825,-0.0336,0.97031,-0.03034,0.0704,-0.00166,0.99998,-0.00086,0.00596,-0.0002,0.99174,0.02376,0.12432,-0.02055,33.29,34.54,0.0703,0.0765
20:27:29.331,1790256449.3314,587,14.71,3.676,-1.402,4.245,0.00029,0.01074,0.99935,0.00058,0.00029,-0.00113,-0.26451,-0.02796,0.97553,-0.04169,0.07794,0.00141,0.99999,0.0003,0.00482,-0.00019,0.99161,0.02216,0.12569,-0.02067,33.29,34.54,0.0796,0.0716
20:27:29.351,1790256449.3517,588,14.734,3.593,-1.366,4.244,-0.01635,-0.00544,0.98349,-0.00146,-0.00317,-0.00132,-0.25682,-0.01432,0.973,-0.03603,0.07533,0.00365,0.99998,-0.00062,0.00582,-0.00021,0.99149,0.02052,0.12688,-0.02079,33.29,34.54,0.0677,0.0752
20:27:29.372,1790256449.3723,589,15.091,3.313,-1.328,4.241,0.00676,0.00884,0.99117,-0.00122,-0.00106,-0.00303,-0.27594,-0.01098,0.96745,-0.04316,0.08267,-0.00221,0.99999,0.0001,0.00448,-0.00023,0.99128,0.01894,0.12869,-0.02095,33.29,34.54,0.0734,0.0754
20:27:29.392,1790256449.3927,590,15.236,2.951,-1.291,4.238,-0.01167,0.01445,0.97286,0.00035,-0.00325,-0.00069,-0.2632,-0.006,0.96046,-0.05676,0.08746,0.00339,0.99999,0.00129,0.00469,-0.00023,0.99112,0.01709,0.13021,-0.02106,33.29,34.54,0.0598,0.0769
20:27:29.413,1790256449.4132,591,15.264,2.599,-1.253,4.235,-0.02066,0.01248,0.99711,0.00291,-0.00313,0.00352,-0.26623,-0.02228,0.96468,-0.0541,0.09224,0.00299,0.99998,0.00238,0.00585,-0.00019,0.99095,0.01518,0.13167,-0.02118,33.29,34.54,0.0781,0.0793
20:27:29.433,1790256449.4337,592,15.345,2.245,-1.216,4.23,-0.02861,0.03144,0.97733,-0.0003,-0.00072,-0.00102,-0.26764,-0.01657,0.9662,-0.05444,0.095,-0.00023,0.99997,0.00348,0.00656,-0.00019,0.99078,0.0133,0.13314,-0.02133,33.29,34.54,0.0637,0.078
20:27:29.454,1790256449.4538,593,15.602,2.157,-1.178,4.226,-0.00024,-0.00568,0.9787,-0.00384,-0.00038,-0.00145,-0.25911,-0.00891,0.94459,-0.05663,0.10037,-0.00461,0.99998,0.00253,0.00563,-0.0002,0.99062,0.01166,0.13443,-0.02149,33.29,34.54,0.064,0.0646
20:27:29.474,1790256449.4741,594,15.595,2.109,-1.14,4.221,-0.01982,-0.01542,0.98068,-0.00083,0.00357,-0.00198,-0.23649,-0.03721,0.97549,-0.05416,0.09648,0.00057,0.99998,0.0013,0.00619,-0.00023,0.99057,0.01002,0.13491,-0.0216,33.29,34.54,0.0658,0.0767
20:27:29.494,1790256449.4945,595,15.762,2.072,-1.102,4.216,-0.00793,-0.01212,1.00059,0.00041,-0.00274,0.0033,-0.25614,-0.01504,0.9543,-0.06652,0.10326,-0.00389,0.99998,-0.00026,0.00569,-0.0002,0.99046,0.00819,0.13583,-0.02176,33.29,34.53,0.0795,0.0711
20:27:29.515,1790256449.515,596,15.748,1.785,-1.065,4.211,-0.02469,0.00332,0.98324,-0.00083,0.00017,0.00214,-0.26508,-0.04808,0.96189,-0.07066,0.10314,0.00256,0.99998,0.00011,0.00701,-0.00018,0.9903,0.00611,0.13706,-0.02188,33.29,34.53,0.0677,0.0792
20:27:29.535,1790256449.5355,597,15.761,1.407,-1.027,4.204,-0.01608,0.00712,0.98626,0.00258,0.00122,1e-05,-0.24326,-0.04111,0.95546,-0.07569,0.10094,-8e-05,0.99997,0.0015,0.00746,-0.00016,0.99022,0.00431,0.13771,-0.02197,33.29,34.53,0.0698,0.0701
20:27:29.556,1790256449.5558,598,15.933,1.319,-0.989,4.198,-0.00086,-0.00839,0.99305,-0.00361,0.00203,0.00016,-0.25206,-0.02748,0.97099,-0.06739,0.09599,0.00382,0.99998,0.0005,0.0063,-0.00017,0.99018,0.00262,0.13804,-0.02204,33.29,34.53,0.0748,0.0773
20:27:29.576,1790256449.5763,599,16.093,1.072,-0.951,4.191,-0.00525,0.00761,1.00134,0.00051,0.00235,0.0001,-0.23689,-0.01414,0.94361,-0.0684,0.10422,0.00123,0.99999,0.00158,0.0051,-0.00016,0.99015,0.00166,0.13829,-0.02203,33.29,34.53,0.079,0.0597
20:27:29.596,1790256449.5966,600,16.141,1.029,-0.913,4.184,-0.01341,-0.0136,0.98665,-0.00059,0.00035,0.00117,-0.265,-0.01162,0.95222,-0.08154,0.11736,0.00489,0.99999,0.00018,0.00538,-0.00017,0.99005,-0.00011,0.13896,-0.02206,33.29,34.53,0.0701,0.0714
20:27:29.617,1790256449.6169,601,16.281,0.934,-0.875,4.177,0.0034,-0.00097,0.98607,0.00077,0.00256,0.00165,-0.24035,-0.0113,0.96862,-0.08701,0.10961,-0.00037,0.99999,5e-05,0.004,-0.00015,0.99007,-0.001,0.13882,-0.02202,33.29,34.53,0.0696,0.0785
20:27:29.637,1790256449.6371,602,16.087,0.809,-0.838,4.169,-0.02744,0.00549,0.9936,-0.00182,-0.00027,0.00293,-0.22183,-0.01105,0.9791,-0.08599,0.10261,0.00377,0.99998,0.00044,0.00546,-0.00012,0.9901,-0.00174,0.13863,-0.02192,33.29,34.53,0.0755,0.077
20:27:29.657,1790256449.6577,603,15.908,0.763,-0.801,4.162,-0.01752,-0.00116,0.99901,-0.0011,0.00152,-0.00118,-0.24356,-0.01514,0.95739,-0.08656,0.10778,0.0018,0.99998,-4e-05,0.00702,-0.00012,0.9901,-0.00268,0.13863,-0.02186,33.29,34.53,0.0794,0.071
20:27:29.678,1790256449.6779,604,15.925,0.472,-0.764,4.154,-0.01172,0.01721,1.00068,-0.00143,0.0006,0.00118,-0.2257,-0.01692,0.96093,-0.08982,0.10961,-0.0008,0.99998,0.00154,0.00681,-9e-05,0.9901,-0.00355,0.13864,-0.02181,33.29,34.53,0.0793,0.0704
20:27:29.698,1790256449.6983,605,15.76,0.351,-0.728,4.145,-0.0274,0.00013,1.00379,-0.00253,0.00235,0.00196,-0.2267,-0.03629,0.97322,-0.09709,0.12437,-0.0015,0.99996,0.00118,0.00835,-8e-05,0.99007,-0.00499,0.13875,-0.02184,33.29,34.53,0.0769,0.08
20:27:29.719,1790256449.7189,606,15.734,0.487,-0.692,4.137,-0.01778,-0.00603,0.98879,-0.00366,-0.00079,-0.00162,-0.21178,0.00504,0.97646,-0.1064,0.11395,0.0027,0.99996,-0.00032,0.00856,-0.0001,0.99008,-0.00538,0.13869,-0.02165,33.29,34.53,0.0717,0.0794
20:27:29.739,1790256449.7393,607,15.841,0.286,-0.656,4.129,-0.01161,0.00565,0.98925,1e-05,-0.00115,0.00228,-0.24609,-0.01099,0.97489,-0.10274,0.11992,0.00229,0.99997,0.00081,0.00759,-7e-05,0.99008,-0.00594,0.13871,-0.0215,33.29,34.53,0.072,0.0759
20:27:29.759,1790256449.7598,608,15.878,0.03,-0.62,4.12,-0.00739,0.03161,1.01897,0.00186,-0.00133,-0.00237,-0.24449,-0.0196,0.96337,-0.09304,0.12172,-0.00092,0.99997,0.00212,0.00723,-8e-05,0.99007,-0.00678,0.13873,-0.02145,33.29,34.53,0.0654,0.0756
20:27:29.780,1790256449.7801,609,15.965,0.117,-0.584,4.111,-0.00652,-0.01235,0.99651,-0.00011,5e-05,0.0003,-0.23013,-0.01464,0.97548,-0.10473,0.12804,0.00158,0.99998,0.00069,0.00655,-9e-05,0.99007,-0.00747,0.13877,-0.02133,33.29,34.53,0.0775,0.0782
20:27:29.800,1790256449.8006,610,15.807,0.057,-0.548,4.103,-0.02138,-0.00146,0.99198,0.00049,-0.00212,-0.0027,-0.22084,-0.0262,0.96472,-0.10931,0.11543,-0.00304,0.99997,0.00021,0.00796,-0.00012,0.99005,-0.00853,0.13881,-0.02129,33.29,34.53,0.0742,0.0725
20:27:29.821,1790256449.821,611,15.707,0.084,-0.513,4.094,-0.0271,-0.01505,1.0084,-0.00235,-0.00192,0.00154,-0.22952,-0.02831,0.97011,-0.10848,0.11758,0.00267,0.99996,-0.00103,0.0088,-0.00011,0.99005,-0.0096,0.13875,-0.0212,33.29,34.53,0.0733,0.078
20:27:29.841,1790256449.8416,612,15.852,0.028,-0.478,4.085,-0.00264,-0.01017,0.98792,-0.00152,0.00075,0.0012,-0.23856,-0.02912,0.97358,-0.1176,0.12102,-0.00125,0.99997,-0.00176,0.00753,-0.00011,0.99004,-0.01076,0.13874,-0.02114,33.29,34.53,0.071,0.0779
20:27:29.862,1790256449.8619,613,15.855,0.103,-0.442,4.076,-0.01559,-0.01134,0.98893,0.00089,-0.00018,0.00191,-0.21993,-0.0212,0.95916,-0.11907,0.11562,0.00378,0.99997,-0.00319,0.00765,-0.0001,0.99002,-0.0116,0.13885,-0.02098,33.29,34.53,0.0718,0.0682
20:27:29.882,1790256449.8822,614,16.002,-0.06,-0.407,4.068,-0.00238,0.00015,0.97822,-0.00145,0.00512,-0.00063,-0.216,-0.0177,0.99741,-0.11823,0.11703,-0.00381,0.99998,-0.00262,0.00654,-0.0001,0.98999,-0.01237,0.13906,-0.0209,33.29,34.53,0.0637,0.0645
20:27:29.902,1790256449.9027,615,15.899,-0.049,-0.372,4.059,-0.02635,-0.01712,0.97549,0.00083,0.00171,-0.00125,-0.225,-0.02105,0.98794,-0.12427,0.11017,0.00255,0.99997,-0.00346,0.00749,-0.0001,0.98997,-0.01318,0.1391,-0.02073,33.3,34.53,0.062,0.0699
20:27:29.923,1790256449.9232,616,16.04,-0.251,-0.337,4.05,-0.00645,0.00024,1.00237,-1e-05,0.00051,0.00192,-0.20876,-0.01643,0.96843,-0.11499,0.11724,-0.00078,0.99998,-0.00243,0.00627,-8e-05,0.98996,-0.01382,0.13916,-0.02061,33.3,34.53,0.0782,0.0731
20:27:29.943,1790256449.9437,617,15.989,-0.19,-0.302,4.04,-0.01399,-0.01113,1.00907,-8e-05,0.00097,-0.00272,-0.21249,-0.03296,0.97524,-0.11997,0.11011,0.0059,0.99997,-0.0039,0.00659,-0.00011,0.98997,-0.01483,0.139,-0.02046,33.3,34.53,0.0731,0.079
20:27:29.964,1790256449.9643,618,16.143,-0.228,-0.267,4.031,-0.00233,-0.01394,0.99005,0.00257,-0.00168,0.00068,-0.20688,-0.03094,0.9702,-0.12955,0.11937,0.00178,0.99998,-0.00462,0.00528,-0.00011,0.98995,-0.01585,0.13903,-0.02033,33.3,34.53,0.0726,0.0744
20:27:29.984,1790256449.9845,619,16.093,-0.494,-0.232,4.022,-0.01119,-0.00569,0.97774,-0.00229,-0.00189,0.00224,-0.2204,-0.03504,0.97451,-0.13064,0.11958,0.00095,0.99998,-0.00341,0.00558,-8e-05,0.98995,-0.0169,0.13896,-0.02022,33.3,34.53,0.0634,0.0798
20:27:30.005,1790256450.0048,620,15.961,-0.735,-0.198,4.012,-0.01569,-0.0014,0.99516,0.00332,-0.00219,8e-05,-0.20019,-0.03325,0.98026,-0.11838,0.11553,-0.00186,0.99998,-0.00219,0.00656,-7e-05,0.98995,-0.01777,0.13886,-0.02015,33.3,34.53,0.0765,0.0792
20:27:30.025,1790256450.0251,621,16.121,-0.909,-0.163,4.001,-0.00437,0.00058,0.99744,0.00387,0.00011,-0.00088,-0.20103,-0.01319,0.97992,-0.13311,0.12477,-0.00451,0.99999,-0.00137,0.00518,-8e-05,0.98993,-0.01837,0.13892,-0.02003,33.3,34.53,0.0781,0.0797
20:27:30.045,1790256450.0454,622,16.117,-1.131,-0.129,3.99,-0.00961,0.00741,0.97969,0.00141,0.00038,0.00082,-0.21823,-0.02011,0.97226,-0.13034,0.10969,-0.00281,0.99999,-5e-05,0.00511,-7e-05,0.98993,-0.01894,0.13888,-0.01989,33.3,34.53,0.0648,0.0775
20:27:30.066,1790256450.066,623,16.16,-1.353,-0.094,3.979,-0.00948,0.0027,0.97857,4e-05,0.00117,-0.00216,-0.2091,-0.01535,0.96967,-0.13662,0.12514,0.00889,0.99999,0.00124,0.00488,-8e-05,0.98989,-0.01954,0.13908,-0.01962,33.3,34.53,0.064,0.0741
20:27:30.086,1790256450.0866,624,16.314,-1.466,-0.06,3.968,-0.00583,0.00158,0.98673,0.00045,-0.00046,0.00116,-0.19855,-0.04882,0.97927,-0.13145,0.12222,-0.00423,0.99999,0.00092,0.00347,-8e-05,0.98988,-0.02077,0.13903,-0.01959,33.3,34.53,0.0701,0.0797
20:27:30.106,1790256450.1067,625,16.164,-1.472,-0.026,3.956,-0.0178,-0.00117,0.98641,0.00357,-0.00037,0.00336,-0.21314,-0.01145,0.97239,-0.14125,0.10745,0.00352,0.99999,0.00058,0.00482,-5e-05,0.98987,-0.02124,0.13907,-0.01935,33.3,34.53,0.0699,0.0767
20:27:30.127,1790256450.127,626,16.358,-1.552,0.008,3.945,-0.00201,0.0006,0.99969,-0.00223,0.00121,0.00461,-0.19033,-0.01434,0.99714,-0.14436,0.10658,-0.00023,0.99999,0.00044,0.00321,-0.0,0.98984,-0.02202,0.13916,-0.01918,33.3,34.53,0.0798,0.0686
20:27:30.147,1790256450.1474,627,16.332,-1.85,0.043,3.933,-0.00803,0.02273,0.99553,-0.00133,0.00131,-0.00174,-0.21185,-0.03818,0.99356,-0.13958,0.09977,-0.00357,0.99999,0.00199,0.00334,-1e-05,0.98982,-0.02301,0.13914,-0.01908,33.3,34.53,0.0769,0.0675
20:27:30.168,1790256450.1678,628,16.202,-1.807,0.076,3.921,-0.01887,-0.00655,0.99403,-0.00033,0.0007,-0.00089,-0.20353,-0.02494,0.9865,-0.13922,0.11051,-0.00064,0.99999,0.00098,0.00451,-2e-05,0.98981,-0.02373,0.13916,-0.01893,33.3,34.53,0.0757,0.0743
20:27:30.188,1790256450.1883,629,16.36,-1.961,0.11,3.908,0.00538,0.00816,1.00566,0.00039,-0.00075,-0.00035,-0.19963,-0.01613,0.98292,-0.14833,0.10821,-5e-05,0.99999,0.00159,0.00309,-1e-05,0.9898,-0.02439,0.13914,-0.01873,33.3,34.53,0.0757,0.0777
20:27:30.208,1790256450.2087,630,16.23,-1.934,0.144,3.896,-0.01713,-0.00444,0.98536,-0.0011,0.00113,-0.00169,-0.19477,-0.02133,0.98597,-0.13956,0.11195,0.00289,0.99999,0.00078,0.00426,-3e-05,0.98978,-0.02505,0.13915,-0.01854,33.3,34.53,0.0691,0.0761
20:27:30.229,1790256450.2292,631,16.209,-1.805,0.177,3.884,-0.01258,-0.01749,0.99271,-0.00411,-0.00239,-0.00315,-0.1727,0.00129,0.97999,-0.13904,0.11055,-0.00473,0.99999,-0.00076,0.00455,-7e-05,0.98976,-0.02555,0.13922,-0.01839,33.3,34.53,0.0747,0.0763
20:27:30.250,1790256450.2498,632,16.074,-2.0,0.21,3.872,-0.03493,0.02412,0.98616,-3e-05,4e-05,0.0011,-0.17748,-0.01493,0.98628,-0.14549,0.10428,-0.00089,0.99998,0.00025,0.00558,-6e-05,0.98976,-0.02624,0.13912,-0.01822,33.3,34.53,0.0703,0.0783
20:27:30.270,1790256450.2705,633,16.271,-2.096,0.243,3.86,-0.00212,0.00077,0.99855,-0.00264,-0.00188,0.00209,-0.1762,-0.01796,0.99327,-0.14583,0.11258,0.00251,0.99999,0.00027,0.00392,-4e-05,0.98973,-0.027,0.1392,-0.01803,33.3,34.53,0.0789,0.0733
20:27:30.291,1790256450.2908,634,16.146,-2.257,0.276,3.847,-0.01544,0.0053,1.00581,-0.00254,0.0011,-0.00224,-0.18573,-4e-05,0.99979,-0.15181,0.10973,-0.00351,0.99999,0.00106,0.00523,-6e-05,0.98968,-0.02763,0.13945,-0.01786,33.3,34.53,0.0755,0.0673
20:27:30.311,1790256450.3114,635,16.132,-2.153,0.309,3.835,-0.01011,-0.01379,0.98469,-0.00186,0.00465,0.00473,-0.18415,-0.01697,0.97968,-0.14184,0.09705,0.00143,0.99999,-0.00037,0.00526,-1e-05,0.98969,-0.02823,0.13931,-0.01766,33.3,34.53,0.0686,0.0777
20:27:30.332,1790256450.3318,636,16.247,-2.197,0.341,3.822,0.01006,-0.00571,0.97075,-0.00034,-0.00059,0.00294,-0.16847,-0.01064,0.98703,-0.14877,0.09664,0.0017,0.99999,-0.00066,0.00409,1e-05,0.9897,-0.02888,0.13915,-0.01746,33.3,34.53,0.0581,0.079
20:27:30.352,1790256450.3524,637,16.364,-2.231,0.374,3.81,0.00578,-0.0073,0.9687,0.00027,-0.0001,-0.00148,-0.14367,-0.00732,0.98257,-0.14806,0.10293,-0.00241,0.99999,-0.00113,0.00303,1e-05,0.98968,-0.02962,0.13911,-0.01731,33.3,34.53,0.0566,0.0748
20:27:30.372,1790256450.3726,638,16.417,-2.477,0.407,3.797,-0.00416,0.0017,0.98997,0.0,-0.00049,0.00124,-0.1593,-0.0152,0.97506,-0.1475,0.09053,-0.00111,1.0,0.0002,0.00241,2e-05,0.98968,-0.03037,0.13901,-0.01715,33.3,34.53,0.0725,0.0711
20:27:30.393,1790256450.3931,639,16.358,-2.383,0.44,3.785,-0.00965,-0.00955,1.00867,0.00283,0.00115,-0.0026,-0.15401,0.01308,0.9773,-0.15472,0.1019,-0.00198,0.99999,-0.00113,0.00307,-1e-05,0.98965,-0.03097,0.13912,-0.01696,33.3,34.53,0.0734,0.0721
20:27:30.413,1790256450.4137,640,16.232,-2.616,0.472,3.772,-0.01946,0.01741,0.99027,-0.00023,-0.00106,0.00212,-0.1458,-0.01496,0.98283,-0.14921,0.08802,0.00115,0.99999,0.00012,0.0039,2e-05,0.98965,-0.03174,0.13891,-0.01678,33.3,34.53,0.073,0.0753
20:27:30.434,1790256450.4344,641,16.254,-2.878,0.504,3.758,-0.00731,0.0014,0.98156,-0.00527,0.00231,-0.00033,-0.13892,-0.02119,0.97781,-0.15718,0.09251,-0.00617,0.99999,0.00137,0.00353,2e-05,0.98964,-0.0327,0.1388,-0.01667,33.3,34.53,0.0662,0.0709
20:27:30.454,1790256450.4545,642,16.369,-2.822,0.536,3.745,0.00496,-0.00952,1.00301,0.00287,-0.00291,0.00054,-0.15505,-0.00598,0.98563,-0.15249,0.09183,0.00112,1.0,0.00028,0.0024,2e-05,0.98964,-0.03332,0.13864,-0.01647,33.3,34.53,0.0777,0.0783
20:27:30.475,1790256450.4748,643,16.293,-3.033,0.568,3.731,-0.00969,0.01881,0.97353,0.00242,0.00134,-0.00167,-0.14891,-0.00835,0.98843,-0.14903,0.08489,-0.00063,1.0,0.00148,0.00273,1e-05,0.98966,-0.03394,0.13837,-0.0163,33.3,34.53,0.0603,0.0797
20:27:30.495,1790256450.4951,644,16.092,-3.131,0.599,3.717,-0.02156,0.00572,0.98568,0.00131,-0.00178,0.00089,-0.14661,-0.00825,0.98547,-0.15187,0.07023,-0.00073,0.99999,0.00174,0.0041,2e-05,0.9897,-0.0346,0.138,-0.01612,33.3,34.53,0.0694,0.0773
20:27:30.515,1790256450.5155,645,16.139,-3.115,0.631,3.703,0.00257,-0.00778,0.96353,0.00188,0.00031,-0.00058,-0.1523,-0.01,0.98539,-0.15488,0.074,0.00248,0.99999,0.00095,0.00336,2e-05,0.98972,-0.03526,0.13766,-0.0159,33.3,34.53,0.0527,0.0779
20:27:30.536,1790256450.5359,646,16.292,-3.219,0.662,3.689,0.02076,0.00392,0.99616,-0.00086,-0.00089,0.00199,-0.15804,-0.01545,1.00654,-0.1511,0.06364,0.00111,1.0,0.00106,0.00178,4e-05,0.98973,-0.03601,0.13742,-0.0157,33.3,34.52,0.0773,0.0658
20:27:30.556,1790256450.5561,647,16.113,-3.219,0.693,3.676,-0.00931,-0.00138,0.9901,0.00118,-0.00058,0.00144,-0.12349,-0.02134,1.00333,-0.14991,0.0715,-5e-05,1.0,0.00031,0.00303,6e-05,0.98975,-0.03685,0.1371,-0.01555,33.3,34.52,0.0726,0.0717
20:27:30.576,1790256450.5767,648,15.891,-3.387,0.724,3.661,-0.01005,0.00306,1.0029,-0.0026,0.00123,0.00036,-0.11282,-0.01391,0.99127,-0.14327,0.06327,-0.00012,0.99999,0.00112,0.0044,6e-05,0.9898,-0.03754,0.13658,-0.0154,33.3,34.52,0.0778,0.0783
20:27:30.597,1790256450.597,649,15.76,-3.63,0.754,3.647,-0.01638,0.01521,0.9973,-0.00088,-0.00077,-0.00129,-0.12796,-0.00052,1.00478,-0.15854,0.06594,0.00401,0.99998,0.00249,0.0052,7e-05,0.98981,-0.03828,0.1363,-0.01517,33.3,34.52,0.0782,0.0703
20:27:30.617,1790256450.6172,650,15.767,-3.563,0.784,3.632,-0.00898,0.00097,0.99046,-0.00058,-0.00033,-0.00011,-0.11994,-0.01187,1.0054,-0.16132,0.05342,0.00092,0.99999,0.0011,0.00474,6e-05,0.98984,-0.03914,0.13586,-0.01498,33.3,34.52,0.0729,0.0705
20:27:30.637,1790256450.6374,651,15.562,-3.577,0.813,3.618,-0.01268,0.00092,0.9781,0.00037,0.00366,-0.00029,-0.11707,-0.02127,0.99489,-0.13915,0.0605,0.00187,0.99998,0.00066,0.00598,6e-05,0.98989,-0.03978,0.13531,-0.01482,33.3,34.52,0.0636,0.0785
20:27:30.658,1790256450.658,652,15.647,-3.595,0.843,3.604,0.01045,-0.00818,0.99017,0.00326,-0.00167,-0.00239,-0.11829,-0.01464,0.9925,-0.15011,0.04963,-0.00469,0.99999,0.00011,0.00459,3e-05,0.98996,-0.04047,0.13466,-0.0147,33.3,34.52,0.0727,0.0797
20:27:30.678,1790256450.6783,653,15.762,-3.633,0.872,3.589,-0.00592,-0.00043,0.9969,-0.00298,0.00104,-0.00249,-0.09747,-0.01098,1.0021,-0.1414,0.05333,-0.0007,1.0,-0.00023,0.00305,1e-05,0.99,-0.04113,0.13412,-0.01456,33.3,34.52,0.0777,0.0748
20:27:30.699,1790256450.6988,654,15.549,-3.67,0.901,3.575,-0.02367,-0.00456,0.97347,-0.00044,-0.00425,0.00069,-0.10557,-0.01638,0.99625,-0.14497,0.04528,-0.00278,0.99999,-0.00052,0.00421,2e-05,0.99007,-0.0418,0.13343,-0.01443,33.3,34.52,0.0603,0.0785
20:27:30.719,1790256450.7193,655,15.365,-3.623,0.93,3.561,-0.01063,-0.00357,0.99079,-0.00357,0.00013,-0.00171,-0.10881,-0.03261,1.00189,-0.14826,0.04644,0.00272,0.99999,-0.00166,0.0052,-0.0,0.99012,-0.04263,0.1328,-0.01426,33.3,34.52,0.0731,0.0738
20:27:30.739,1790256450.7395,656,15.447,-3.714,0.958,3.546,0.01323,0.0014,0.991,-0.00263,0.0001,-0.00066,-0.09637,0.00057,0.99621,-0.1417,0.03706,0.00068,0.99999,-0.0014,0.00374,-1e-05,0.9902,-0.04313,0.13207,-0.01409,33.3,34.52,0.0733,0.0794
20:27:30.760,1790256450.7601,657,15.499,-3.641,0.987,3.532,0.00071,-0.01553,0.98596,-0.00031,-0.00161,0.00033,-0.11797,-0.00734,1.01585,-0.13842,0.04474,-0.0007,0.99999,-0.00261,0.00296,-1e-05,0.99022,-0.04374,0.13171,-0.01394,33.3,34.52,0.0696,0.063
20:27:30.780,1790256450.7807,658,15.334,-3.858,1.015,3.518,-0.00864,0.00099,0.98808,0.00045,0.00202,0.00074,-0.0976,-0.0066,0.98771,-0.13985,0.02594,0.00235,0.99999,-0.00128,0.00356,-0.0,0.99031,-0.0443,0.13093,-0.01376,33.3,34.52,0.0711,0.0744
20:27:30.801,1790256450.8009,659,15.366,-4.023,1.043,3.503,0.00652,0.00911,0.98252,0.00034,-0.00038,-0.00119,-0.09854,-0.0154,1.0017,-0.13207,0.03501,-0.00176,1.0,-0.0004,0.00254,-0.0,0.99038,-0.04481,0.13023,-0.01364,33.3,34.52,0.0669,0.075
20:27:30.821,1790256450.8211,660,15.221,-4.249,1.071,3.488,-0.0061,0.00263,0.98985,-0.00162,-0.00315,0.00297,-0.09129,-0.01197,0.9891,-0.14013,0.02486,0.00016,1.0,0.00098,0.00294,3e-05,0.99046,-0.04539,0.12943,-0.01349,33.3,34.52,0.0724,0.075
20:27:30.841,1790256450.8413,661,15.249,-4.177,1.099,3.473,0.0036,-0.00834,1.00807,-0.00036,-0.00371,-0.00201,-0.08141,-0.01487,0.99087,-0.12955,0.02479,-0.00171,1.0,-0.00012,0.00189,1e-05,0.99054,-0.0459,0.12859,-0.01338,33.3,34.52,0.0739,0.0757
20:27:30.862,1790256450.8619,662,15.282,-4.34,1.126,3.458,-0.00177,0.00161,0.99624,-0.00173,0.00042,-0.00132,-0.08649,-0.00025,0.99311,-0.12254,0.02399,-0.00378,1.0,0.00094,0.00073,0.0,0.99064,-0.04621,0.12776,-0.01328,33.3,34.52,0.0772,0.0777
20:27:30.882,1790256450.8823,663,15.119,-4.235,1.154,3.443,-0.00457,-0.00506,0.99176,-0.00034,0.00271,0.00051,-0.08567,-0.00213,0.97898,-0.13724,0.00729,-0.00211,1.0,-0.00044,0.00137,1e-05,0.99072,-0.04677,0.12695,-0.01315,33.3,34.52,0.0738,0.067
20:27:30.902,1790256450.9026,664,14.935,-4.129,1.18,3.428,-0.00956,-0.00955,0.99589,-0.00153,-0.00303,-0.00187,-0.08236,0.01378,0.97571,-0.1285,0.00882,-0.00207,1.0,-0.00168,0.0023,-1e-05,0.99079,-0.04718,0.12624,-0.01301,33.3,34.52,0.077,0.0645
20:27:30.923,1790256450.923,665,14.717,-4.088,1.207,3.413,-0.01009,-0.00668,0.98065,-0.00353,-0.00151,-0.00103,-0.07776,-0.00721,0.97935,-0.12554,0.01177,0.00181,0.99999,-0.00241,0.00343,-2e-05,0.99087,-0.04765,0.12546,-0.01286,33.3,34.52,0.0655,0.0668
20:27:30.943,1790256450.9434,666,14.58,-4.271,1.233,3.398,-0.00887,0.00309,0.98249,-0.00244,5e-05,0.00159,-0.09393,0.0039,0.98324,-0.12616,0.0097,0.00292,0.99999,-0.00112,0.00378,0.0,0.99096,-0.04797,0.12466,-0.01268,33.3,34.52,0.0669,0.0708
20:27:30.963,1790256450.9637,667,14.588,-4.414,1.258,3.383,0.00595,0.00813,0.98111,0.00053,-0.00014,0.00135,-0.07933,-0.00947,1.01124,-0.12216,-0.00205,0.00342,1.0,-0.0003,0.00272,1e-05,0.99106,-0.04837,0.1237,-0.01252,33.3,34.52,0.0659,0.0692
20:27:30.984,1790256450.9844,668,14.307,-4.48,1.283,3.368,-0.01465,0.00075,1.01713,0.00279,-0.00217,9e-05,-0.05386,-0.01574,1.00265,-0.11548,0.00512,-0.00851,0.99999,-7e-05,0.00406,1e-05,0.99118,-0.04876,0.12261,-0.0125,33.3,34.52,0.0671,0.0768
20:27:31.004,1790256451.0048,669,14.329,-4.585,1.309,3.353,0.01599,0.00963,1.00442,0.00247,0.00053,0.00013,-0.05191,0.00053,0.99508,-0.11614,-0.0135,-0.00249,1.0,0.00054,0.00261,1e-05,0.99131,-0.04905,0.12139,-0.0124,33.3,34.52,0.0766,0.0773
20:27:31.025,1790256451.0254,670,14.222,-4.449,1.333,3.338,-0.00267,-0.01985,0.98903,-0.0004,0.00195,-0.00412,-0.04529,-0.01344,0.9885,-0.11201,-0.00782,0.00262,1.0,-0.00094,0.00245,-3e-05,0.99144,-0.04942,0.12026,-0.01227,33.3,34.52,0.0719,0.0722
20:27:31.045,1790256451.0456,671,14.229,-4.6,1.358,3.323,0.01228,0.00894,0.98991,-0.00378,0.00026,0.00011,-0.03018,-0.0115,1.01575,-0.12469,-0.01882,-0.00182,1.0,-0.00019,0.00121,-3e-05,0.99155,-0.04996,0.11912,-0.01217,33.3,34.52,0.0725,0.0678
20:27:31.066,1790256451.0662,672,14.193,-4.73,1.383,3.307,0.00788,0.00725,0.97322,0.00144,0.00033,-0.00188,-0.04171,-0.01972,0.99238,-0.11022,-0.01564,-0.00404,1.0,0.00056,0.00022,-4e-05,0.99168,-0.05032,0.11785,-0.01211,33.3,34.52,0.06,0.0751
20:27:31.086,1790256451.0868,673,13.901,-4.855,1.406,3.292,-0.00593,0.00527,0.99058,0.00475,0.00237,-0.00274,-0.03046,0.00523,1.00887,-0.1036,-0.02762,-0.0005,1.0,0.00151,0.00144,-7e-05,0.99183,-0.05051,0.11654,-0.01201,33.3,34.52,0.073,0.073
20:27:31.107,1790256451.107,674,13.616,-4.762,1.43,3.276,-0.01413,-0.00558,0.98802,-0.00059,-0.0001,-0.00335,-0.04391,-0.01476,1.00124,-0.10001,-0.02416,0.00041,1.0,0.00064,0.00257,-0.00011,0.99198,-0.05068,0.11518,-0.01191,33.3,34.52,0.0711,0.0783
20:27:31.127,1790256451.1276,675,13.521,-4.961,1.453,3.261,-0.00214,0.01402,0.99633,-0.00189,-0.00154,0.00044,-0.03321,0.00551,1.01206,-0.10324,-0.01892,9e-05,1.0,0.00218,0.00219,-9e-05,0.99211,-0.05086,0.11402,-0.01181,33.3,34.52,0.0773,0.0705
20:27:31.148,1790256451.1482,676,13.302,-4.774,1.475,3.246,-0.00568,0.0006,0.99955,-0.00283,-0.0021,-0.0007,-0.03008,-0.00921,0.9911,-0.08717,-0.03786,0.00682,1.0,0.0006,0.0027,-0.0001,0.99227,-0.05092,0.11257,-0.01166,33.3,34.52,0.0797,0.0737
20:27:31.168,1790256451.1687,677,13.189,-4.952,1.497,3.23,-0.00305,0.00625,0.99026,0.00172,0.0001,-0.00032,-0.02537,-0.01053,0.99775,-0.10094,-0.03949,-0.00097,1.0,0.00197,0.00208,-0.0001,0.99244,-0.0511,0.11102,-0.01157,33.3,34.52,0.0727,0.0786
20:27:31.189,1790256451.189,678,13.077,-4.781,1.519,3.215,-0.00135,-0.00886,0.98505,0.0036,0.00063,-0.00103,-0.01922,0.02562,0.99663,-0.09172,-0.02705,8e-05,1.0,0.00064,0.00179,-0.00011,0.99259,-0.05101,0.10971,-0.01147,33.3,34.52,0.0688,0.0779
20:27:31.209,1790256451.2096,679,12.769,-4.739,1.541,3.2,-0.01149,-0.0002,0.97899,-0.00197,0.00161,0.00131,-0.02535,-0.01133,0.98869,-0.0756,-0.03266,-0.00633,1.0,0.00038,0.0031,-0.0001,0.99274,-0.05098,0.10834,-0.01148,33.3,34.52,0.0643,0.0718
20:27:31.230,1790256451.2301,680,12.7,-4.599,1.562,3.185,-0.00414,-0.00179,0.99274,-0.00249,0.0027,0.00241,-0.04233,-0.01575,1.00268,-0.09172,-0.04411,0.00023,1.0,-0.00084,0.00218,-7e-05,0.99291,-0.05103,0.10678,-0.01139,33.3,34.52,0.0746,0.0772
20:27:31.250,1790256451.2502,681,12.684,-4.503,1.582,3.171,0.00303,-0.00682,0.99387,0.00176,-0.00108,-0.0003,-0.029,-0.0129,1.01192,-0.08406,-0.04355,-0.00081,1.0,-0.0017,0.00092,-8e-05,0.99306,-0.05107,0.10536,-0.01132,33.3,34.52,0.0754,0.0707
20:27:31.270,1790256451.2706,682,12.642,-4.517,1.603,3.156,0.01004,-0.00043,0.98051,-0.00026,-0.00266,-0.00191,-0.01849,0.00045,0.99747,-0.07377,-0.05691,0.00241,1.0,-0.00138,-0.00041,-0.0001,0.99324,-0.05089,0.10369,-0.01122,33.3,34.52,0.0654,0.0782
20:27:31.291,1790256451.291,683,12.335,-4.388,1.623,3.142,-0.00414,-0.00734,0.98165,0.00123,0.0005,-0.00052,-0.00209,0.00115,1.00325,-0.07747,-0.05825,-0.00176,1.0,-0.00231,0.00058,-0.0001,0.99343,-0.05079,0.10198,-0.01117,33.3,34.52,0.0663,0.0776
20:27:31.311,1790256451.3115,684,12.228,-4.518,1.643,3.128,0.00536,0.00501,0.98689,0.00437,0.00066,0.00168,-0.00438,-0.01431,0.99555,-0.07091,-0.05539,0.00313,1.0,-0.00108,-0.00022,-8e-05,0.9936,-0.0507,0.10028,-0.01108,33.3,34.52,0.0702,0.0768
20:27:31.332,1790256451.332,685,12.166,-4.623,1.663,3.113,0.00441,0.00118,0.99164,0.00017,0.00016,-3e-05,-0.00853,0.00216,1.01427,-0.07678,-0.07015,-0.00195,1.0,-0.00011,-0.00138,-8e-05,0.99378,-0.05063,0.09861,-0.01102,33.3,34.52,0.0737,0.0693
20:27:31.352,1790256451.3524,686,12.104,-4.53,1.682,3.099,0.01168,-0.00456,0.9884,0.00014,0.00167,0.00033,0.00431,-0.00332,1.00238,-0.07301,-0.07185,0.00344,1.0,-0.00075,-0.00269,-8e-05,0.99397,-0.05049,0.09674,-0.01092,33.3,34.52,0.0714,0.0782
20:27:31.373,1790256451.373,687,11.722,-4.581,1.701,3.085,0.00148,0.00086,0.99414,-0.00073,0.00348,-0.00112,0.00907,0.00613,1.00199,-0.06412,-0.0797,-0.00148,1.0,5e-05,-0.00133,-9e-05,0.99417,-0.05022,0.09479,-0.01087,33.3,34.52,0.0756,0.0785
20:27:31.393,1790256451.3933,688,11.621,-4.44,1.719,3.071,0.00882,-0.00509,0.97334,-0.00464,-0.00273,-0.00145,0.01854,0.00928,1.00099,-0.05636,-0.07354,0.00244,1.0,-0.00078,-0.0023,-0.0001,0.99437,-0.04986,0.09292,-0.01079,33.3,34.52,0.06,0.0791
20:27:31.413,1790256451.4135,689,11.351,-4.552,1.737,3.057,0.00017,0.01214,0.99729,-0.00063,0.00046,-0.00269,0.00359,0.01923,0.99608,-0.05239,-0.0805,0.00225,1.0,0.00071,-0.00182,-0.00013,0.99456,-0.04938,0.09109,-0.01071,33.3,34.52,0.078,0.0772
20:27:31.434,1790256451.4339,690,11.139,-4.364,1.754,3.043,0.00347,-0.00509,0.97667,-0.00227,0.0,0.00096,0.00779,0.00384,1.00778,-0.06208,-0.08119,0.00081,1.0,-0.00059,-0.0018,-0.00012,0.99474,-0.04911,0.08922,-0.01064,33.3,34.52,0.0625,0.0741
20:27:31.454,1790256451.4541,691,11.067,-4.213,1.772,3.03,0.01427,-0.00903,0.97795,0.00069,0.0,0.00094,-0.01667,0.01594,0.98764,-0.04795,-0.07893,-0.00286,1.0,-0.00135,-0.00284,-0.00012,0.99492,-0.0486,0.08754,-0.01061,33.3,34.52,0.0636,0.0709
20:27:31.474,1790256451.4747,692,10.938,-4.275,1.789,3.016,0.00735,0.00043,0.98156,-0.00061,0.00129,0.00175,-0.00894,0.02864,1.0046,-0.04844,-0.07916,-0.00058,0.99999,-0.00017,-0.00351,-0.0001,0.9951,-0.04797,0.08576,-0.01054,33.3,34.52,0.0662,0.0762
20:27:31.495,1790256451.4952,693,10.652,-4.025,1.805,3.003,0.0028,-0.00844,0.99617,0.00242,-0.00084,0.00088,0.00233,0.02274,1.00378,-0.03553,-0.07743,-0.00158,0.99999,-0.00156,-0.00279,-9e-05,0.99529,-0.04726,0.08394,-0.01051,33.3,34.52,0.0772,0.077
20:27:31.515,1790256451.5156,694,10.307,-4.004,1.82,2.99,-0.0017,0.00123,0.97453,0.00059,-0.00118,0.00147,0.00626,0.04293,0.99932,-0.04152,-0.09363,-0.00377,1.0,-0.00091,-0.00174,-7e-05,0.99549,-0.04651,0.08199,-0.01048,33.3,34.52,0.0609,0.0798
20:27:31.536,1790256451.536,695,10.023,-4.064,1.835,2.978,-0.00663,0.01469,0.98149,0.00222,-0.002,0.00085,-0.01129,0.01055,0.98637,-0.036,-0.08561,-0.00362,1.0,0.00026,-0.00106,-6e-05,0.99567,-0.04589,0.08022,-0.01047,33.3,34.52,0.0662,0.0699
20:27:31.556,1790256451.5567,696,9.643,-4.048,1.85,2.965,-0.00617,0.00464,0.99082,-0.00078,0.00029,0.00016,-0.01277,0.01796,1.00522,-0.03727,-0.09577,0.00357,1.0,0.00093,0.00028,-6e-05,0.99586,-0.04516,0.07826,-0.01038,33.3,34.51,0.0731,0.0759
20:27:31.577,1790256451.5772,697,9.496,-4.133,1.864,2.952,0.00776,0.01804,0.99864,0.00574,0.0039,-0.0008,0.01034,0.03562,0.99618,-0.03751,-0.09377,-0.00385,1.0,0.00244,-0.00043,-7e-05,0.99604,-0.04441,0.0763,-0.01036,33.3,34.51,0.0791,0.0776
20:27:31.598,1790256451.5978,698,9.293,-4.223,1.877,2.939,0.00136,0.02204,0.9893,0.00361,-8e-05,-0.00088,0.00414,0.02645,0.98082,-0.02616,-0.09482,-0.00288,0.99999,0.00396,-0.00048,-7e-05,0.99621,-0.04369,0.07451,-0.01034,33.3,34.51,0.0722,0.0659
20:27:31.618,1790256451.6184,699,8.885,-4.085,1.89,2.926,-0.00944,0.0076,0.99273,-0.00099,-0.00172,0.00126,0.00029,0.03645,0.99965,-0.01598,-0.10405,0.00193,0.99999,0.00391,0.00104,-7e-05,0.99641,-0.04262,0.07245,-0.01027,33.3,34.51,0.0746,0.0798
20:27:31.639,1790256451.6388,700,8.584,-3.82,1.902,2.914,-0.01266,-0.01637,0.98773,0.00283,0.00311,0.00397,9e-05,0.02743,1.00396,-0.01902,-0.10742,-0.0016,1.0,0.00261,0.00165,-3e-05,0.9966,-0.04168,0.0704,-0.01025,33.3,34.51,0.071,0.0767
20:27:31.659,1790256451.6591,701,8.463,-3.646,1.914,2.902,0.01733,-0.00474,0.96206,-0.00047,0.00067,0.00197,0.0139,0.04901,0.99507,-0.01718,-0.10808,0.00162,1.0,0.00216,0.0007,-0.0,0.99678,-0.04066,0.06838,-0.01018,33.3,34.51,0.0517,0.0773
20:27:31.679,1790256451.6796,702,8.404,-3.477,1.926,2.89,0.00149,0.0035,0.98002,-0.00099,0.0003,0.00079,-0.0171,0.04312,0.98787,-0.01132,-0.10479,0.00105,1.0,0.00183,-0.00059,-0.0,0.99695,-0.03953,0.06655,-0.01012,33.3,34.51,0.065,0.0717
20:27:31.700,1790256451.6999,703,8.006,-3.331,1.937,2.879,-0.01293,0.00193,0.98427,0.00472,0.00305,-0.0032,0.01157,0.0273,1.00082,-0.00557,-0.1043,0.00194,1.0,0.00171,0.00081,-3e-05,0.99713,-0.03845,0.06447,-0.01007,33.3,34.51,0.0683,0.0791
20:27:31.720,1790256451.7204,704,7.861,-3.048,1.947,2.868,-0.00021,0.00044,0.99474,0.00197,0.00059,0.00364,0.01203,0.03597,0.98203,-0.00013,-0.11391,-0.00136,1.0,0.00032,0.00015,1e-05,0.99729,-0.03741,0.06249,-0.01005,33.3,34.51,0.0761,0.0671
20:27:31.741,1790256451.7411,705,7.741,-2.812,1.958,2.858,0.00592,-0.006,0.98699,0.00173,0.00089,0.00091,0.02749,0.03626,1.01194,-0.00496,-0.11182,0.00042,1.0,-0.00072,-0.00084,2e-05,0.99746,-0.03642,0.06043,-0.01002,33.3,34.51,0.0703,0.0703
20:27:31.761,1790256451.7617,706,7.387,-2.755,1.968,2.848,-0.00893,0.00922,0.98046,-0.00238,0.00036,0.00142,0.00987,0.04693,0.99779,0.00814,-0.11614,0.00446,1.0,0.00021,0.00011,3e-05,0.99763,-0.03505,0.0583,-0.00994,33.3,34.51,0.0654,0.0792
20:27:31.782,1790256451.7821,707,7.242,-2.479,1.977,2.838,0.00998,-0.01234,0.97853,0.0014,-0.00048,-0.00028,0.02826,0.05613,0.99841,0.01158,-0.11266,0.00062,1.0,-0.00081,-0.0007,3e-05,0.9978,-0.03368,0.05619,-0.00991,33.3,34.51,0.064,0.0797
20:27:31.802,1790256451.8027,708,7.151,-2.39,1.986,2.829,0.02112,0.0089,0.98319,0.0015,-0.00178,0.00174,0.00111,0.04607,0.99527,0.01312,-0.11444,-0.00655,1.0,-0.00014,-0.00196,5e-05,0.99796,-0.03224,0.05414,-0.00994,33.3,34.51,0.0676,0.0773
20:27:31.823,1790256451.8233,709,6.754,-2.265,1.995,2.82,-0.00928,0.0027,0.98027,0.00037,6e-05,-0.00295,0.0029,0.03208,0.99731,0.00814,-0.11687,-0.00063,1.0,0.00016,-0.00065,2e-05,0.99812,-0.03091,0.05198,-0.00992,33.3,34.51,0.0652,0.0784
20:27:31.843,1790256451.8436,710,6.493,-2.254,2.003,2.811,-0.00332,0.01781,1.01058,-0.00244,0.00133,0.00305,0.00906,0.06431,1.00752,0.01724,-0.11297,-0.00647,1.0,0.00155,-0.00027,5e-05,0.99826,-0.02946,0.0501,-0.00996,33.3,34.51,0.0719,0.0728
20:27:31.864,1790256451.8642,711,6.367,-2.209,2.011,2.802,0.00542,0.00983,0.99577,-0.00222,-0.00367,0.00076,-0.00445,0.05045,1.00118,0.02504,-0.12174,-0.00249,1.0,0.00281,-0.00124,6e-05,0.99841,-0.0278,0.04804,-0.00996,33.3,34.51,0.0769,0.0782
20:27:31.884,1790256451.8847,712,6.275,-2.117,2.018,2.793,0.00986,0.0099,0.99034,0.00254,6e-05,0.00384,0.02668,0.06576,0.99307,0.02812,-0.11989,-0.00293,0.99999,0.00359,-0.00253,0.00011,0.99855,-0.02623,0.04595,-0.00997,33.3,34.51,0.0728,0.0767
20:27:31.905,1790256451.905,713,5.932,-1.941,2.025,2.785,-0.03373,0.00978,0.98324,-0.00024,-0.00168,-0.00211,-0.00188,0.06906,1.01254,0.02659,-0.10439,-0.00153,0.99999,0.00368,-0.00118,8e-05,0.99866,-0.02465,0.0443,-0.00996,33.3,34.51,0.0679,0.0688
20:27:31.925,1790256451.9253,714,5.686,-1.591,2.032,2.777,-0.00011,-0.01261,0.98251,-0.00205,0.00033,-0.00347,0.01977,0.06623,1.00054,0.03032,-0.11895,0.00657,1.0,0.00232,-0.00101,5e-05,0.99879,-0.02301,0.04227,-0.00987,33.3,34.51,0.0669,0.0778
20:27:31.946,1790256451.9458,715,5.322,-1.33,2.037,2.77,-0.00733,0.00227,0.98738,-0.00121,0.00263,-0.00196,-0.0088,0.0838,1.00399,0.03541,-0.12073,-0.00375,1.0,0.00196,0.00042,3e-05,0.99891,-0.02114,0.0405,-0.00988,33.3,34.51,0.0706,0.0744
20:27:31.966,1790256451.9663,716,5.005,-0.979,2.043,2.763,-0.00233,0.00145,0.98801,-0.00253,-0.00169,0.00258,0.01943,0.08321,0.9897,0.0357,-0.13156,-0.00191,1.0,0.00069,0.00116,6e-05,0.99902,-0.01939,0.03844,-0.00988,33.3,34.51,0.071,0.075
20:27:31.986,1790256451.9866,717,4.676,-0.833,2.047,2.757,-0.00542,0.0032,0.98036,-0.00131,0.00459,0.00213,-0.00444,0.08741,0.98572,0.04234,-0.11972,-0.00426,1.0,0.00135,0.00235,8e-05,0.99912,-0.0175,0.03675,-0.00989,33.3,34.51,0.0653,0.0722
20:27:32.007,1790256452.0068,718,4.43,-0.756,2.051,2.751,-0.00551,0.00951,0.98334,-0.00234,0.00168,0.0008,0.00964,0.08332,0.99175,0.05232,-0.12864,-0.00175,0.99999,0.00268,0.00254,9e-05,0.99922,-0.01552,0.0348,-0.00989,33.3,34.51,0.0676,0.0765
20:27:32.027,1790256452.0272,719,4.352,-0.665,2.055,2.745,0.00149,0.01148,0.98823,0.00028,-0.00236,-0.00036,0.02575,0.08982,1.00936,0.04891,-0.1096,-0.00153,0.99999,0.00368,0.00146,9e-05,0.99931,-0.01372,0.03304,-0.0099,33.3,34.51,0.0712,0.0697
20:27:32.047,1790256452.0478,720,4.01,-0.539,2.059,2.739,-0.0112,0.01483,0.98725,-0.00041,-0.00178,-0.0012,0.02175,0.09853,0.9954,0.04754,-0.12028,0.00185,0.99999,0.00465,0.00251,8e-05,0.9994,-0.0117,0.03111,-0.00987,33.3,34.51,0.0706,0.0796
20:27:32.068,1790256452.0684,721,3.618,-0.287,2.062,2.734,-0.01417,0.00875,1.00706,0.00315,0.00142,0.00095,0.036,0.107,0.99123,0.05781,-0.11352,0.00377,0.99998,0.00458,0.00406,9e-05,0.99948,-0.00962,0.02921,-0.00982,33.3,34.51,0.0746,0.0782
20:27:32.088,1790256452.0888,722,3.536,0.083,2.064,2.729,0.00238,-0.00106,0.98823,0.00085,-0.002,7e-05,0.0101,0.08724,0.99948,0.06827,-0.11772,-0.00154,0.99999,0.00358,0.00299,9e-05,0.99955,-0.00741,0.02739,-0.00982,33.3,34.51,0.0712,0.0775
20:27:32.109,1790256452.1092,723,3.465,0.403,2.067,2.725,0.01682,-0.00608,0.98541,0.00253,0.0005,0.00011,0.01941,0.10132,1.00006,0.06073,-0.12449,0.00317,0.99999,0.00289,0.00177,9e-05,0.99961,-0.00529,0.02552,-0.00978,33.3,34.51,0.0692,0.076
20:27:32.130,1790256452.1299,724,3.46,0.635,2.069,2.721,0.01243,0.00442,0.99688,0.00232,0.00016,0.00011,0.02716,0.10326,1.01293,0.05835,-0.10964,0.00369,1.0,0.00278,0.00016,0.0001,0.99966,-0.00337,0.02385,-0.00974,33.3,34.51,0.0777,0.0661
20:27:32.150,1790256452.1504,725,3.103,0.847,2.071,2.718,-0.0143,0.00953,0.99825,0.00019,0.00102,0.00216,0.01095,0.11074,0.99901,0.06511,-0.1078,-0.00338,0.99999,0.00323,0.00173,0.00012,0.9997,-0.00112,0.02228,-0.00977,33.3,34.51,0.0788,0.0761
20:27:32.170,1790256452.1706,726,2.818,1.252,2.072,2.716,-0.00605,0.00296,0.99221,0.00048,-0.00153,0.0002,0.00496,0.09103,0.9896,0.077,-0.11547,-0.00073,0.99999,0.00204,0.00261,0.00012,0.99974,0.00119,0.02064,-0.00977,33.3,34.51,0.0742,0.0753
20:27:32.191,1790256452.1909,727,2.753,1.605,2.073,2.714,0.00956,-0.00503,0.98901,0.00216,0.00171,-0.00366,0.01793,0.09696,0.99898,0.08152,-0.12142,-0.00463,1.0,0.0013,0.00138,8e-05,0.99977,0.00354,0.0188,-0.00982,33.3,34.51,0.0718,0.0771
20:27:32.211,1790256452.2114,728,2.572,2.041,2.074,2.713,-0.00215,-0.00767,0.99681,-0.00126,-0.00155,0.00135,0.02773,0.11085,1.00396,0.07352,-0.11539,0.00012,1.0,-0.0003,0.00127,0.0001,0.99979,0.00573,0.01707,-0.00981,33.3,34.51,0.0776,0.0722
20:27:32.231,1790256452.2318,729,2.555,2.37,2.075,2.712,0.00902,-0.00415,0.98493,0.00099,-0.00212,0.00012,0.01365,0.11247,0.99815,0.08524,-0.10833,0.00026,1.0,-0.00071,-0.0001,0.0001,0.9998,0.0082,0.01552,-0.00981,33.3,34.51,0.0687,0.0766
20:27:32.252,1790256452.2524,730,2.265,2.582,2.075,2.712,-0.01029,0.00528,0.97049,-0.00187,0.00651,0.00022,0.00891,0.1082,0.98408,0.08496,-0.10829,0.00135,1.0,-9e-05,0.00097,0.0001,0.9998,0.01064,0.01404,-0.0098,33.3,34.51,0.0579,0.0725
20:27:32.273,1790256452.273,731,2.249,2.748,2.076,2.712,0.01477,0.01444,0.99307,0.00293,-0.00345,-0.00156,0.0053,0.1252,1.00163,0.08624,-0.10791,-0.00313,1.0,0.00096,-0.00023,9e-05,0.99978,0.01315,0.0127,-0.00984,33.3,34.51,0.075,0.0729
20:27:32.293,1790256452.2933,732,1.929,2.936,2.075,2.712,-0.00747,0.00717,0.99638,0.00015,0.00031,0.00225,0.01744,0.10721,0.98152,0.09918,-0.10456,0.00234,1.0,0.00183,0.00108,0.00011,0.99977,0.01562,0.0112,-0.00982,33.3,34.51,0.0773,0.0706
20:27:32.313,1790256452.3136,733,1.943,3.179,2.075,2.713,0.00154,0.0047,1.00167,0.00189,-0.00277,-0.00151,0.01458,0.13057,0.99833,0.09635,-0.11402,-0.00244,1.0,0.00228,-0.00049,0.0001,0.99974,0.01821,0.00974,-0.00985,33.3,34.51,0.0787,0.0748
20:27:32.334,1790256452.334,734,1.831,3.276,2.075,2.714,0.00273,0.01026,0.99088,-0.00137,0.0005,-0.00167,0.01847,0.12038,0.97348,0.08291,-0.10703,-0.00085,0.99999,0.00369,-0.00093,9e-05,0.99971,0.02047,0.00833,-0.00986,33.3,34.51,0.0732,0.0658
20:27:32.354,1790256452.3544,735,1.56,3.47,2.074,2.715,-0.00505,0.01409,0.98436,-0.00477,-0.00193,0.00088,0.0201,0.12318,0.98043,0.10482,-0.103,-0.00066,0.99999,0.00462,4e-05,9e-05,0.99966,0.02305,0.00692,-0.00988,33.3,34.51,0.0684,0.0713
20:27:32.374,1790256452.3747,736,1.491,3.946,2.073,2.717,0.00828,-0.00902,0.99104,0.00019,-0.00211,0.00065,0.01133,0.12743,0.99548,0.10869,-0.10385,0.0011,0.99999,0.00327,-0.00061,0.00011,0.9996,0.02585,0.00561,-0.00988,33.3,34.51,0.0733,0.0773
20:27:32.395,1790256452.3952,737,1.188,4.316,2.071,2.72,-0.01449,-0.00308,1.01494,-0.00055,0.00101,0.0011,0.02674,0.11677,0.97494,0.10642,-0.10193,-0.00786,1.0,0.00253,0.00058,0.0001,0.99954,0.02831,0.00412,-0.00997,33.3,34.51,0.0687,0.0667
20:27:32.415,1790256452.4157,738,1.102,4.726,2.07,2.723,0.00351,-0.00061,0.96976,0.00035,-0.00107,1e-05,0.02569,0.11895,0.98933,0.10753,-0.09875,0.00031,1.0,0.00163,-0.00017,0.0001,0.99947,0.03099,0.00257,-0.00996,33.3,34.51,0.0573,0.0776
20:27:32.436,1790256452.436,739,0.812,5.141,2.068,2.728,-0.01316,-0.00857,0.99222,-0.00136,0.0022,2e-05,0.0369,0.13146,1.00678,0.11889,-0.0904,0.00059,1.0,0.00062,0.00099,0.0001,0.99939,0.03357,0.00115,-0.00996,33.3,34.51,0.0743,0.068
20:27:32.456,1790256452.4565,740,0.461,5.36,2.065,2.732,-0.0105,0.00533,1.00485,-0.00361,-0.00413,0.00139,0.04336,0.12226,0.98937,0.10574,-0.08942,0.00068,1.0,0.00126,0.00235,0.00012,0.9993,0.03607,-0.00056,-0.00994,33.3,34.51,0.0763,0.0784
20:27:32.477,1790256452.477,741,0.454,5.565,2.062,2.737,0.00461,0.01188,0.99704,-0.00121,-0.0003,-0.00125,0.02568,0.13515,0.98857,0.12163,-0.08037,-0.0012,1.0,0.00239,0.00123,0.00012,0.99919,0.03899,-0.00175,-0.00996,33.3,34.51,0.0778,0.0786
20:27:32.497,1790256452.4971,742,0.333,5.727,2.059,2.742,0.00303,0.0274,0.98899,-0.00337,-0.00458,0.001,0.03431,0.13624,0.99183,0.11966,-0.09106,-0.00042,0.99999,0.00376,0.00084,0.00014,0.99907,0.04177,-0.0032,-0.00996,33.3,34.51,0.072,0.0787
20:27:32.517,1790256452.5175,743,0.341,6.205,2.056,2.748,0.00538,-0.00228,0.98624,-0.00016,-0.00078,0.0015,0.0147,0.13232,0.9948,0.12687,-0.07511,0.00115,1.0,0.00261,-1e-05,0.00016,0.99894,0.0448,-0.00403,-0.00996,33.3,34.51,0.0697,0.0772
20:27:32.538,1790256452.5379,744,0.38,6.575,2.053,2.754,0.01106,0.0014,0.97376,-0.00157,-0.00265,-0.00069,0.02037,0.14031,0.98047,0.11739,-0.07452,-0.00238,1.0,0.0022,-0.00121,0.00015,0.9988,0.04763,-0.00494,-0.01,33.3,34.51,0.0604,0.073
20:27:32.558,1790256452.5584,745,0.082,6.79,2.05,2.761,-0.00658,0.01029,0.99383,-0.00106,-0.00085,-0.00216,0.02461,0.12131,0.97674,0.12438,-0.08636,-0.00365,1.0,0.00304,6e-05,0.00013,0.99866,0.0503,-0.00628,-0.01003,33.3,34.5,0.0754,0.0684
20:27:32.578,1790256452.5786,746,0.033,7.291,2.047,2.768,0.00195,-0.00246,0.98577,0.00099,0.00206,-0.00038,0.01765,0.1363,0.98387,0.1307,-0.07844,-0.00403,1.0,0.00168,-0.00027,0.00013,0.9985,0.05331,-0.00711,-0.01009,33.3,34.5,0.0693,0.0751
20:27:32.599,1790256452.599,747,-0.022,7.818,2.043,2.777,0.00022,-0.01446,1.00029,0.00377,-0.00294,-6e-05,0.01333,0.15292,0.98198,0.12508,-0.07489,0.00256,1.0,9e-05,-0.00027,0.00013,0.99833,0.05631,-0.00766,-0.01009,33.3,34.5,0.0797,0.0754
20:27:32.619,1790256452.6196,748,-0.243,7.98,2.04,2.786,-0.0063,0.01887,0.99436,-0.00101,-0.00356,-0.00041,0.04544,0.15258,0.9898,0.13487,-0.06563,0.00108,1.0,0.00154,0.00022,0.00013,0.99816,0.05914,-0.00909,-0.01005,33.3,34.5,0.0759,0.0781
20:27:32.639,1790256452.6398,749,-0.404,8.214,2.035,2.795,-0.01668,0.01782,0.98513,-0.0001,-0.00253,4e-05,0.01356,0.15337,0.97646,0.13211,-0.07619,-0.0019,1.0,0.00248,0.00122,0.00013,0.99797,0.06209,-0.00952,-0.01011,33.3,34.5,0.0691,0.0714
20:27:32.660,1790256452.6603,750,-0.545,8.413,2.031,2.804,-0.00339,0.00868,0.97689,-0.00027,0.00201,0.00555,0.02556,0.15946,0.9944,0.12511,-0.07688,0.00289,0.99999,0.00372,0.00156,0.00019,0.99778,0.06505,-0.01041,-0.01009,33.3,34.5,0.0627,0.0744
20:27:32.680,1790256452.6808,751,-0.637,8.953,2.027,2.814,-0.0021,-0.00933,1.00027,-0.00101,0.00135,-0.00325,0.03074,0.16725,0.9783,0.13772,-0.07462,-0.00213,1.0,0.00208,0.00147,0.00016,0.99756,0.0681,-0.01139,-0.01012,33.3,34.5,0.0798,0.0747
20:27:32.701,1790256452.7011,752,-0.91,8.889,2.022,2.824,-0.00618,0.0107,0.99065,-0.00033,0.00309,-0.0014,0.02601,0.13378,0.9935,0.13307,-0.05472,0.00126,0.99999,0.0034,0.00216,0.00014,0.99749,0.06883,-0.01305,-0.01001,33.3,34.5,0.073,0.0779
20:27:32.721,1790256452.7215,753,-1.178,9.349,2.017,2.835,-0.00928,0.00059,1.00583,0.00087,-0.00219,0.00345,0.03293,0.14713,0.99246,0.13901,-0.06315,0.00447,0.99999,0.0022,0.00309,0.00017,0.99728,0.0716,-0.01452,-0.00992,33.3,34.5,0.0756,0.0771
20:27:32.742,1790256452.7421,754,-1.54,9.518,2.011,2.846,-0.01206,0.00379,0.9752,-0.00234,0.0006,0.00153,0.0458,0.13858,0.98551,0.14026,-0.05819,0.00067,0.99999,0.00207,0.00435,0.00019,0.99716,0.07289,-0.01643,-0.00979,33.3,34.5,0.0615,0.0772
20:27:32.762,1790256452.7623,755,-1.305,9.596,2.005,2.857,0.01135,0.02274,0.97965,-0.00079,0.00122,-0.00261,0.02468,0.1431,0.97231,0.14049,-0.04877,0.00406,0.99999,0.00296,0.0034,0.00017,0.99706,0.07449,-0.01533,-0.00985,33.3,34.5,0.065,0.0673
20:27:32.783,1790256452.7829,756,-1.085,9.816,2.0,2.869,0.01381,0.02048,0.99627,0.00137,-0.0003,-0.00114,0.02187,0.16115,0.99913,0.14439,-0.04484,0.00144,0.99999,0.00389,0.0021,0.00018,0.99685,0.07736,-0.01473,-0.00991,33.3,34.5,0.0774,0.0708
20:27:32.803,1790256452.8033,757,-1.155,9.913,1.995,2.88,0.00529,0.01892,0.99887,0.00074,-0.00099,0.0014,0.03406,0.15496,0.9786,0.14764,-0.04486,0.00123,0.99999,0.00512,0.00104,0.0002,0.99666,0.07945,-0.01639,-0.00978,33.3,34.5,0.0793,0.0735
20:27:32.823,1790256452.8236,758,-1.369,10.14,1.989,2.892,-0.00647,0.01483,0.99224,0.00175,-0.00227,0.00107,0.0366,0.1702,0.99194,0.14984,-0.04187,-0.00437,0.99998,0.00624,0.00205,0.00021,0.99639,0.0825,-0.01726,-0.00978,33.3,34.5,0.0743,0.0747
20:27:32.844,1790256452.8441,759,-1.467,10.376,1.984,2.905,-0.00939,0.02608,0.97591,0.00072,0.00179,0.00135,0.03614,0.18252,0.98006,0.14534,-0.03142,0.00056,0.99997,0.00743,0.00252,0.00022,0.99612,0.08572,-0.01765,-0.00976,33.3,34.5,0.0622,0.0782
20:27:32.864,1790256452.8647,760,-1.162,10.405,1.979,2.917,0.0085,0.0268,1.00854,0.00342,-0.00079,0.0002,0.01595,0.16721,0.98489,0.14069,-0.03197,-0.00433,0.99996,0.00846,0.00137,0.00024,0.99602,0.08704,-0.01614,-0.00992,33.3,34.5,0.0733,0.0793
20:27:32.885,1790256452.8855,761,-0.872,10.676,1.974,2.929,0.0056,0.01098,0.98151,-0.00401,0.00204,0.00055,0.02291,0.17125,0.97625,0.15241,-0.03561,0.00099,0.99997,0.00765,0.00025,0.00025,0.9959,0.08863,-0.01477,-0.01002,33.3,34.5,0.0662,0.0736
20:27:32.906,1790256452.906,762,-0.997,11.003,1.969,2.943,-0.02066,0.02162,0.9963,-0.00112,-0.00024,-0.0038,0.02554,0.18384,0.9824,0.14905,-0.02744,-0.00146,0.99997,0.00812,0.00176,0.00021,0.99561,0.09191,-0.01438,-0.01008,33.3,34.5,0.0776,0.0798
20:27:32.926,1790256452.9266,763,-0.961,11.222,1.964,2.956,-0.0055,-0.01597,0.99634,0.00334,-0.00214,0.00249,0.02163,0.16353,0.99738,0.15201,-0.0235,0.00179,0.99998,0.00656,0.00183,0.00023,0.99558,0.09227,-0.01403,-0.01005,33.3,34.5,0.0774,0.0718
20:27:32.947,1790256452.9471,764,-0.842,11.134,1.96,2.969,0.01033,0.02729,0.97137,0.00215,0.00232,0.0011,0.02523,0.16633,0.98061,0.14325,-0.00764,-0.00232,0.99997,0.00746,0.00102,0.00025,0.99557,0.09241,-0.01378,-0.01003,33.3,34.5,0.0589,0.0762
20:27:32.967,1790256452.9677,765,-1.094,11.412,1.955,2.983,-0.00558,0.00974,0.98249,-0.00376,-0.00082,-0.0016,0.03232,0.18329,0.98765,0.14468,-0.01671,-0.00211,0.99998,0.0063,0.00182,0.00023,0.99544,0.09365,-0.01521,-0.00988,33.3,34.5,0.0669,0.0762
20:27:32.988,1790256452.9881,766,-1.093,11.722,1.95,2.997,0.00604,0.00809,0.98774,0.00183,-0.00411,-0.0001,0.03508,0.18925,0.98328,0.14106,-0.01163,-0.00447,0.99998,0.00573,0.00045,0.00023,0.99522,0.09578,-0.0166,-0.00975,33.3,34.5,0.0708,0.0785
20:27:33.008,1790256453.0084,767,-1.092,11.898,1.945,3.012,-0.0091,0.0154,0.99987,0.00176,-0.00134,-0.00017,0.01408,0.196,0.96897,0.14185,-0.00999,0.00142,0.99998,0.00645,0.0019,0.00023,0.99502,0.09801,-0.01516,-0.00984,33.3,34.5,0.08,0.0715
20:27:33.029,1790256453.029,768,-1.149,11.78,1.94,3.026,-0.00285,0.01833,0.99503,0.00621,-0.00063,0.00146,0.03997,0.17846,0.97697,0.1571,-0.00617,-0.00035,0.99997,0.00806,0.00163,0.00025,0.99495,0.09859,-0.01588,-0.00969,33.3,34.5,0.0764,0.0755
20:27:33.049,1790256453.0491,769,-1.042,11.936,1.935,3.04,0.00663,-0.00667,0.97462,-0.00019,-0.00023,0.00032,0.02767,0.17301,0.97961,0.15383,0.00536,0.00066,0.99998,0.00693,0.00113,0.00025,0.99494,0.09884,-0.01546,-0.00962,33.3,34.5,0.061,0.0764
20:27:33.069,1790256453.0697,770,-1.12,11.881,1.93,3.054,-0.00322,0.01435,0.9773,-0.00127,0.00367,0.00201,0.02741,0.17302,0.99161,0.15408,0.00327,-0.00286,0.99997,0.00772,0.00218,0.00027,0.99491,0.09913,-0.01507,-0.00959,33.3,34.5,0.0631,0.0748
20:27:33.090,1790256453.0904,771,-0.912,12.192,1.926,3.069,0.01003,0.01998,0.99014,0.00048,-0.0031,0.00414,0.02748,0.20103,0.9669,0.15339,0.00593,0.00407,0.99997,0.00819,0.00072,0.00032,0.9946,0.10233,-0.01473,-0.00952,33.3,34.5,0.0728,0.071
20:27:33.110,1790256453.1107,772,-0.772,12.138,1.921,3.084,0.00737,0.02054,0.99023,-0.00097,0.00276,0.00135,0.03589,0.17648,0.98743,0.14475,0.01144,-0.00024,0.99996,0.00884,-0.00059,0.00035,0.99458,0.10253,-0.0148,-0.0094,33.3,34.5,0.0729,0.0772
20:27:33.131,1790256453.1311,773,-1.062,12.361,1.917,3.099,-0.01185,0.01725,0.99888,0.00073,-0.00036,-0.00051,0.04015,0.20231,0.96474,0.15287,0.02677,0.00103,0.99996,0.00879,0.00103,0.00034,0.99437,0.10437,-0.01571,-0.00916,33.3,34.5,0.0793,0.0699
20:27:33.151,1790256453.1515,774,-0.892,12.317,1.912,3.113,0.0294,0.02923,0.9998,-0.00226,0.00097,0.00135,0.03729,0.17379,0.98348,0.15026,0.00957,-0.00079,0.99996,0.00932,-0.00048,0.00036,0.99435,0.10456,-0.01572,-0.00905,33.3,34.5,0.0795,0.0796
20:27:33.171,1790256453.1718,775,-0.906,12.528,1.908,3.128,-0.00495,-0.01199,0.98442,-0.00137,0.00039,0.00199,0.03737,0.16802,0.96398,0.14817,0.01649,-0.00104,0.99997,0.00795,-0.00022,0.00038,0.99431,0.10501,-0.0156,-0.00895,33.3,34.5,0.0684,0.0644
20:27:33.192,1790256453.1924,776,-1.107,12.745,1.903,3.144,-0.01393,0.00194,0.97778,-0.00074,0.00186,-0.00131,0.0387,0.20429,0.98309,0.15595,0.02534,-0.00107,0.99997,0.00705,0.00073,0.00038,0.99419,0.10598,-0.01641,-0.00873,33.3,34.5,0.0634,0.0764
20:27:33.213,1790256453.2129,777,-0.944,12.87,1.898,3.159,0.00367,0.00941,0.99452,-0.00039,-0.00129,0.00016,0.03454,0.18905,0.98275,0.13989,0.0254,-0.00014,0.99998,0.00601,-0.00042,0.00038,0.99419,0.10605,-0.01615,-0.0086,33.3,34.5,0.0759,0.079
20:27:33.233,1790256453.2335,778,-1.023,12.87,1.894,3.175,-0.02317,0.01711,0.98143,-0.00042,-0.00231,0.00215,0.03028,0.18423,0.98913,0.15264,0.03611,-0.00128,0.99998,0.0063,0.00088,0.0004,0.99417,0.10632,-0.01552,-0.00851,33.3,34.5,0.0664,0.0751
20:27:33.254,1790256453.2539,779,-0.941,12.888,1.889,3.19,0.00665,0.01586,1.00134,0.00135,-0.00062,0.00021,0.04355,0.20426,0.98221,0.13174,0.0333,0.00048,0.99998,0.00688,-0.00062,0.00041,0.99408,0.10707,-0.01628,-0.00826,33.3,34.5,0.0789,0.0769
20:27:33.274,1790256453.2745,780,-0.806,13.116,1.885,3.206,-0.00124,-0.01287,0.98779,0.00107,0.00046,0.00256,0.01737,0.19216,0.99421,0.1538,0.03286,-0.005,0.99999,0.00543,-0.00048,0.00044,0.99404,0.10763,-0.01499,-0.00828,33.3,34.5,0.0709,0.0704
20:27:33.295,1790256453.2951,781,-0.99,13.252,1.88,3.222,-0.00379,0.0086,0.98929,-0.0002,-0.00068,0.00305,0.03959,0.19542,0.96335,0.13895,0.03251,0.00549,0.99999,0.00482,0.00085,0.00046,0.99398,0.10817,-0.01525,-0.00804,33.3,34.5,0.072,0.0678
20:27:33.315,1790256453.3157,782,-1.038,13.193,1.876,3.237,-0.01634,0.01699,0.99314,-0.00018,-0.00085,-0.00187,0.02511,0.19606,0.97885,0.1479,0.04498,0.00379,0.99998,0.00552,0.00222,0.00044,0.99398,0.10834,-0.01426,-0.00791,33.3,34.5,0.0751,0.079
20:27:33.336,1790256453.3362,783,-0.645,13.177,1.872,3.253,0.00404,0.01742,0.99724,-0.00045,-0.0015,-0.0014,-0.00087,0.1996,0.98055,0.14379,0.05059,-0.00737,0.99998,0.00648,0.00093,0.00044,0.99391,0.1092,-0.01212,-0.00802,33.3,34.5,0.078,0.0795
20:27:33.356,1790256453.3567,784,-0.717,13.438,1.868,3.269,-0.00373,-0.00312,0.99665,-0.00308,-0.00162,0.00078,0.0444,0.1998,0.97518,0.1382,0.0511,-0.00272,0.99999,0.00487,0.00109,0.00044,0.99384,0.10986,-0.01259,-0.0078,33.3,34.5,0.0775,0.0773
20:27:33.377,1790256453.3772,785,-0.84,13.346,1.863,3.285,-0.00727,0.01331,1.00402,0.00412,-0.00066,1e-05,0.03446,0.19328,0.9779,0.13157,0.06293,0.00415,0.99998,0.00581,0.00238,0.00044,0.99383,0.10998,-0.01233,-0.00756,33.3,34.5,0.0769,0.0781
20:27:33.397,1790256453.3975,786,-0.852,13.576,1.859,3.301,-0.00516,7e-05,0.99332,-0.00255,-0.0001,0.00102,0.04643,0.1919,0.98895,0.13907,0.06041,-0.00103,0.99999,0.00426,0.00243,0.00045,0.99378,0.11043,-0.01239,-0.00735,33.3,34.5,0.075,0.0737
20:27:33.418,1790256453.418,787,-0.73,13.672,1.855,3.317,0.00595,0.0074,0.98724,0.0028,-0.00166,-0.00192,0.05285,0.20083,0.98813,0.13828,0.05609,-0.00385,0.99999,0.00416,0.00097,0.00044,0.99369,0.11118,-0.01277,-0.00713,33.3,34.5,0.0705,0.0727
20:27:33.438,1790256453.4385,788,-0.611,13.746,1.851,3.334,0.00299,0.01003,0.99803,0.00467,-0.00251,0.00073,0.05324,0.21814,0.9874,0.12905,0.06654,-0.00251,0.99999,0.00474,-0.00058,0.00045,0.99355,0.11242,-0.01326,-0.00688,33.3,34.5,0.0786,0.0705
20:27:33.459,1790256453.4589,789,-0.555,13.936,1.847,3.35,0.00271,0.00578,0.9865,0.00434,-0.00139,-0.00146,0.03071,0.21533,0.97058,0.13545,0.06265,-0.00067,0.99999,0.00348,-0.00117,0.00044,0.9935,0.11283,-0.01335,-0.00664,33.3,34.5,0.0699,0.076
20:27:33.479,1790256453.4793,790,-0.372,13.97,1.844,3.367,0.01668,0.00629,0.99409,0.00242,0.00136,-0.00115,0.04695,0.19425,0.984,0.13167,0.0707,0.00051,0.99999,0.00344,-0.00271,0.00044,0.99347,0.1131,-0.01326,-0.0064,33.3,34.5,0.0757,0.0769
20:27:33.500,1790256453.4999,791,-0.444,13.97,1.84,3.383,-0.00453,0.00755,0.98871,-0.00167,-0.00213,-0.00275,0.02917,0.18516,0.97259,0.12811,0.07388,-0.00013,0.99999,0.00353,-0.00127,0.00041,0.99348,0.11318,-0.01242,-0.00623,33.3,34.5,0.0716,0.0729
20:27:33.520,1790256453.5202,792,-0.553,13.895,1.837,3.4,-0.00467,0.01328,0.9949,-0.00051,-0.00443,0.00113,0.03155,0.20968,0.96343,0.12763,0.07361,-0.00085,0.99999,0.00454,-0.00015,0.00041,0.99344,0.11352,-0.01221,-0.00601,33.3,34.5,0.0762,0.0699
20:27:33.541,1790256453.5408,793,-0.673,14.038,1.833,3.416,-0.01057,0.00178,0.99138,-0.00135,-0.0018,-0.0022,0.04655,0.19576,0.9908,0.13108,0.07853,0.00321,0.99999,0.00368,0.00109,0.00039,0.9934,0.11389,-0.01199,-0.00573,33.3,34.5,0.0736,0.0717
20:27:33.561,1790256453.5612,794,-0.561,14.154,1.829,3.433,0.00307,0.01085,0.98161,0.00053,-0.00413,0.00228,0.03807,0.23622,0.99806,0.12635,0.07868,0.00049,0.99999,0.00446,-6e-05,0.00042,0.9932,0.11568,-0.01213,-0.00546,33.3,34.49,0.0663,0.0602
20:27:33.581,1790256453.5817,795,-0.613,14.266,1.825,3.45,-0.01251,-0.00186,0.99038,-0.00099,-0.00132,-0.00043,0.03293,0.19642,0.98247,0.1255,0.08553,0.00299,0.99999,0.00348,0.00106,0.00041,0.99321,0.11567,-0.01144,-0.00522,33.3,34.49,0.0728,0.0782
20:27:33.602,1790256453.6022,796,-0.586,14.428,1.821,3.467,0.00203,-0.00876,0.9707,0.00174,-0.00086,0.00058,0.04449,0.212,0.97696,0.10679,0.09331,0.00097,1.0,0.00235,0.00074,0.00042,0.99318,0.11596,-0.0115,-0.0049,33.3,34.49,0.0581,0.0795
20:27:33.622,1790256453.6226,797,-0.486,14.31,1.818,3.483,5e-05,0.0068,0.98763,0.00138,-0.00219,0.00373,0.04653,0.2045,0.97965,0.11182,0.08707,0.00082,0.99999,0.00355,-0.00012,0.00046,0.99316,0.11614,-0.01143,-0.00461,33.3,34.49,0.0707,0.0786
20:27:33.643,1790256453.6431,798,-0.306,14.251,1.815,3.5,0.00647,0.01254,0.9928,0.00279,-0.00327,0.00056,0.04978,0.20854,1.00664,0.11643,0.09509,-0.00368,0.99999,0.00459,-0.0013,0.00047,0.9931,0.11667,-0.01101,-0.00439,33.3,34.49,0.0747,0.0581
20:27:33.663,1790256453.6634,799,-0.128,14.076,1.812,3.516,0.00371,0.01501,0.98345,0.00171,0.00024,-0.00169,0.01757,0.20741,0.98667,0.1068,0.08971,-0.00037,0.99998,0.00596,-0.00156,0.00045,0.99313,0.11652,-0.00966,-0.00426,33.3,34.49,0.0677,0.0737
20:27:33.684,1790256453.6838,800,-0.219,14.062,1.809,3.532,-0.01229,0.01027,0.99105,0.00386,0.00179,0.00256,0.02782,0.20281,0.97513,0.0994,0.09574,-0.00225,0.99998,0.00585,-6e-05,0.00047,0.99317,0.11628,-0.00893,-0.00406,33.3,34.49,0.0734,0.0773
20:27:33.704,1790256453.7043,801,-0.362,14.027,1.805,3.549,-0.00909,0.02578,0.99341,0.00082,0.00356,-0.00141,0.04042,0.2268,0.97593,0.10738,0.09447,-0.00813,0.99997,0.00715,0.00081,0.00046,0.99305,0.11725,-0.00926,-0.00381,33.3,34.49,0.0753,0.0779
20:27:33.724,1790256453.7246,802,-0.245,14.16,1.802,3.565,-0.01291,0.00111,0.99241,0.00203,0.00037,0.00053,0.01113,0.22138,0.96823,0.10767,0.09802,-0.00222,0.99998,0.00602,0.0018,0.00045,0.99306,0.11729,-0.00725,-0.00376,33.3,34.49,0.0744,0.075
20:27:33.745,1790256453.745,803,-0.1,14.287,1.799,3.581,0.01775,0.014,0.99412,-0.0016,-0.00082,-0.00097,0.03885,0.23372,0.97561,0.1043,0.10769,0.00747,0.99998,0.00615,0.00026,0.00046,0.99292,0.11853,-0.00748,-0.00334,33.3,34.49,0.0758,0.077
20:27:33.765,1790256453.7654,804,0.07,14.221,1.797,3.597,0.00986,0.01716,0.98364,-0.00253,0.00037,-0.00119,0.0382,0.20673,0.97135,0.09349,0.10246,0.00706,0.99998,0.00673,-0.00099,0.00045,0.99292,0.11855,-0.00719,-0.00298,33.3,34.49,0.0679,0.0754
20:27:33.785,1790256453.7856,805,0.16,14.094,1.794,3.613,0.008,0.02486,0.97878,-0.0004,0.0007,-0.00023,0.04783,0.20134,0.97944,0.09645,0.10896,0.0012,0.99997,0.00788,-0.00159,0.00046,0.99291,0.11859,-0.00694,-0.00267,33.3,34.49,0.0643,0.0792
20:27:33.806,1790256453.8059,806,0.248,13.989,1.792,3.629,0.0114,0.02664,0.98744,0.00312,-0.00059,-0.0062,0.03648,0.22182,0.97315,0.08613,0.10628,0.00237,0.99996,0.00907,-0.00246,0.0004,0.99288,0.11886,-0.007,-0.00231,33.3,34.49,0.0709,0.0791
20:27:33.826,1790256453.8264,807,0.237,14.098,1.789,3.645,-0.00657,0.00503,0.98334,-0.00221,-0.00161,-0.00114,0.03104,0.20109,0.99631,0.08906,0.10926,-0.00236,0.99997,0.00801,-0.00156,0.00038,0.9929,0.11875,-0.00616,-0.0021,33.3,34.49,0.0675,0.0673
20:27:33.847,1790256453.8468,808,0.25,14.337,1.787,3.661,0.00248,0.00568,0.9869,0.00526,-0.00593,0.00305,0.0552,0.21319,0.95039,0.09482,0.10678,0.002,0.99998,0.00664,-0.00154,0.00042,0.99282,0.11946,-0.006,-0.00178,33.3,34.49,0.0702,0.0617
20:27:33.867,1790256453.8672,809,0.061,14.353,1.784,3.678,-0.02266,0.01994,1.00017,-0.00088,-0.00202,-0.00107,0.04553,0.2259,0.98039,0.08479,0.10815,0.00038,0.99998,0.00703,1e-05,0.0004,0.99276,0.11997,-0.00606,-0.00143,33.3,34.49,0.0795,0.0747
20:27:33.887,1790256453.8874,810,-0.049,14.39,1.782,3.694,-0.01145,0.01063,0.99357,-0.00175,7e-05,-0.0013,0.04144,0.18881,0.96887,0.08512,0.10331,0.00201,0.99998,0.00659,0.00146,0.00038,0.99278,0.11984,-0.00552,-0.00116,33.3,34.49,0.0753,0.071
20:27:33.908,1790256453.9079,811,-0.027,14.561,1.779,3.71,-0.00837,-0.00447,0.9837,-0.00111,0.00236,-0.00187,0.03941,0.21374,1.00534,0.08166,0.1169,-0.00347,0.99998,0.00525,0.0019,0.00035,0.99276,0.12,-0.00486,-0.00092,33.3,34.49,0.0678,0.0586
20:27:33.928,1790256453.9281,812,0.18,14.396,1.776,3.726,0.00624,0.02333,0.99605,-0.00126,0.00071,-4e-05,0.02439,0.21211,0.99826,0.07298,0.11807,0.00324,0.99998,0.00648,0.00094,0.00036,0.99279,0.11979,-0.00397,-0.00065,33.3,34.49,0.0773,0.0644
20:27:33.948,1790256453.9484,813,0.333,14.475,1.774,3.742,0.01064,-0.00597,0.97697,-0.00154,-0.00089,0.0015,0.03145,0.2002,0.98062,0.0747,0.11949,-0.00404,0.99999,0.00541,0.00022,0.00038,0.99284,0.11941,-0.00332,-0.00041,33.3,34.49,0.0628,0.079
20:27:33.968,1790256453.9688,814,0.236,14.552,1.772,3.759,-0.01769,0.00269,0.9955,0.00015,-0.00022,-7e-05,0.02479,0.22074,0.99233,0.08004,0.12284,-0.00143,0.99999,0.00474,0.00164,0.00037,0.99284,0.11941,-0.00271,-0.00014,33.3,34.49,0.0767,0.0673
20:27:33.989,1790256453.989,815,0.401,14.391,1.77,3.775,0.00982,0.02366,0.98603,0.00015,-0.00132,-0.001,0.02781,0.20469,0.97494,0.06925,0.11533,0.00371,0.99998,0.00579,0.00068,0.00038,0.99289,0.11906,-0.00218,0.00018,33.3,34.49,0.0698,0.0774
20:27:34.010,1790256454.0098,816,0.358,14.504,1.768,3.791,-0.01065,-0.00468,0.98998,-0.00039,0.00113,0.00427,0.01884,0.21859,0.9671,0.05642,0.11363,-0.00145,0.99999,0.00448,0.00144,0.00042,0.99293,0.11873,-0.00175,0.00045,33.3,34.49,0.0725,0.0738
20:27:34.030,1790256454.0304,817,0.564,14.566,1.766,3.807,0.01293,-0.00075,0.99748,-0.00155,0.00026,0.00093,0.0346,0.2034,0.97508,0.06038,0.12704,-8e-05,0.99999,0.00364,7e-05,0.00043,0.99296,0.11842,-0.00128,0.00076,33.3,34.49,0.0782,0.0775
20:27:34.051,1790256454.051,818,0.801,14.562,1.765,3.823,0.0017,0.00498,0.97321,0.00052,0.0007,-0.0031,0.00784,0.19627,0.98096,0.04099,0.12112,-0.0048,1.0,0.00271,-0.00074,0.0004,0.99308,0.11747,1e-05,0.00091,33.3,34.49,0.0599,0.0797
20:27:34.071,1790256454.0715,819,0.991,14.343,1.763,3.839,0.00678,0.0152,0.98079,0.00063,0.0012,0.0002,0.0103,0.20081,0.97407,0.05028,0.12318,-0.00017,0.99999,0.0039,-0.00138,0.0004,0.99316,0.11675,0.00107,0.00114,33.3,34.49,0.0657,0.076
20:27:34.092,1790256454.0923,820,1.187,14.362,1.763,3.854,0.01153,0.00503,0.97675,-0.0025,-0.00124,0.0014,0.02705,0.2018,0.96933,0.05794,0.12439,-0.00492,0.99999,0.00351,-0.00264,0.00042,0.99319,0.11651,0.00155,0.00139,33.3,34.49,0.0626,0.0729
20:27:34.113,1790256454.1129,821,1.06,14.456,1.761,3.87,-0.00032,0.00366,0.98307,-0.00117,-0.00217,0.00042,0.06325,0.20392,0.98064,0.05095,0.1289,0.00587,0.99999,0.0028,-0.00148,0.00042,0.99317,0.11661,0.00167,0.00179,33.3,34.49,0.0673,0.0773
20:27:34.133,1790256454.1334,822,1.222,14.396,1.761,3.886,0.01245,0.00823,0.97329,-0.00064,-0.00384,3e-05,0.04151,0.20203,0.98771,0.04592,0.11523,0.0012,0.99999,0.00314,-0.0027,0.00043,0.9932,0.11641,0.0019,0.00211,33.3,34.49,0.0601,0.0732
20:27:34.153,1790256454.1536,823,1.392,14.436,1.76,3.901,0.01422,0.00047,0.98312,-0.00186,0.00268,-0.00156,0.03942,0.1931,0.97518,0.03873,0.12906,-0.00029,0.99999,0.00238,-0.00383,0.00042,0.99324,0.116,0.00231,0.00241,33.3,34.49,0.0674,0.0762
20:27:34.174,1790256454.1743,824,1.446,14.294,1.76,3.917,0.01133,0.01739,1.00875,-0.00119,-0.00369,-0.00029,0.05741,0.21476,0.98872,0.03944,0.11326,0.0021,0.99998,0.00382,-0.00429,0.00041,0.99322,0.1162,0.00235,0.00275,33.3,34.49,0.0733,0.07
20:27:34.194,1790256454.1948,825,1.55,14.163,1.759,3.932,0.01732,0.0173,0.9861,0.00249,-0.0021,0.00156,0.04168,0.2138,0.97263,0.0251,0.11766,0.00257,0.99997,0.00491,-0.00527,0.00043,0.99323,0.11612,0.00232,0.00311,33.3,34.49,0.0698,0.0775
20:27:34.215,1790256454.2152,826,1.751,14.072,1.759,3.947,0.01443,0.01064,0.99831,-0.00024,-0.00233,-0.00409,0.03506,0.19657,0.97594,0.03317,0.10887,-1e-05,0.99996,0.00525,-0.00687,0.0004,0.99328,0.11565,0.0025,0.0034,33.3,34.49,0.0788,0.0771
20:27:34.235,1790256454.2356,827,1.617,14.044,1.759,3.962,-0.00704,0.01008,0.99674,-0.00432,0.00205,0.00478,0.05053,0.19817,1.00373,0.01878,0.12289,-0.00145,0.99997,0.00517,-0.00527,0.00044,0.99332,0.11534,0.00298,0.00367,33.3,34.49,0.0776,0.0617
20:27:34.256,1790256454.256,828,1.507,14.006,1.759,3.977,-0.00359,0.01111,0.97664,0.00211,0.00013,0.00082,0.02985,0.21561,0.99583,0.01864,0.12585,0.00011,0.99998,0.00529,-0.004,0.00044,0.99334,0.11512,0.00333,0.00398,33.3,34.49,0.0625,0.0655
20:27:34.276,1790256454.2763,829,1.657,13.922,1.759,3.991,0.01463,0.01165,0.97217,0.00237,-0.00188,0.0043,0.03201,0.20284,0.97585,0.01841,0.11635,-0.00378,0.99997,0.00555,-0.0052,0.00049,0.99339,0.11463,0.00347,0.00425,33.3,34.49,0.0593,0.0779
20:27:34.296,1790256454.2965,830,1.599,14.101,1.758,4.006,0.00383,-0.0041,1.00106,-0.00081,-0.00363,-0.00148,0.04657,0.22094,0.99438,0.01532,0.11747,0.00098,0.99998,0.00407,-0.0046,0.00048,0.99338,0.11471,0.00362,0.00457,33.3,34.49,0.0792,0.0652
20:27:34.317,1790256454.317,831,1.53,13.914,1.758,4.021,-0.00429,0.01898,0.98075,0.0022,0.00111,0.00122,0.03108,0.18636,0.97107,0.01036,0.11928,0.00102,0.99998,0.00495,-0.00356,0.00049,0.99347,0.11396,0.0041,0.00485,33.3,34.49,0.0657,0.072
20:27:34.337,1790256454.3375,832,1.539,13.667,1.758,4.035,0.00525,0.02178,0.99944,-0.00088,0.00183,-0.0015,0.04126,0.18527,0.96137,0.0044,0.11244,0.00012,0.99997,0.00655,-0.00329,0.00047,0.99353,0.11341,0.00445,0.00512,33.3,34.49,0.0798,0.0649
20:27:34.358,1790256454.358,833,1.447,13.751,1.757,4.049,-0.00386,-0.00425,1.00122,-0.00083,-6e-05,0.00189,0.03966,0.18871,0.97616,0.00658,0.10334,0.00098,0.99998,0.00515,-0.00246,0.00049,0.9936,0.11274,0.00453,0.00541,33.3,34.49,0.0791,0.0763
20:27:34.378,1790256454.3784,834,1.478,13.792,1.757,4.063,0.00243,-0.00427,0.99036,-0.00101,0.00151,0.00175,0.01458,0.19004,0.98582,-0.00202,0.1139,0.00126,0.99999,0.00368,-0.0022,0.00051,0.99372,0.11163,0.00511,0.00566,33.3,34.49,0.0728,0.0769
20:27:34.399,1790256454.399,835,1.481,13.555,1.756,4.077,0.00096,0.02292,1.00587,0.00085,0.00113,0.00298,0.03634,0.19567,1.00325,-0.00198,0.11509,-0.00202,0.99998,0.0052,-0.00185,0.00054,0.99378,0.11108,0.0055,0.00591,33.3,34.49,0.0754,0.0629
20:27:34.419,1790256454.4193,836,1.539,13.289,1.756,4.09,0.00446,0.01337,1.01113,-0.00278,0.00352,0.0037,0.01336,0.20065,0.97646,-0.01305,0.11117,-0.00151,0.99998,0.00658,-0.00217,0.00058,0.99388,0.11013,0.00569,0.00617,33.3,34.49,0.0716,0.0777
20:27:34.440,1790256454.4399,837,1.377,13.318,1.756,4.104,-0.00743,0.00603,0.9982,-0.00243,0.00179,-0.00395,0.03468,0.19507,0.97227,-0.01114,0.10948,-0.00353,0.99998,0.00571,-0.00077,0.00053,0.99395,0.10954,0.00572,0.00643,33.3,34.49,0.0787,0.0742
20:27:34.460,1790256454.4601,838,1.325,13.43,1.755,4.117,-0.00361,-0.00818,0.99119,0.00142,-0.00112,-0.00067,0.05633,0.19879,0.99032,-0.02056,0.10671,0.00176,0.99999,0.00429,-0.00041,0.00052,0.99399,0.10909,0.00567,0.00674,33.3,34.49,0.0734,0.0713
20:27:34.480,1790256454.4802,839,1.418,13.443,1.754,4.131,0.00485,0.0059,0.97503,-0.00108,-0.00082,0.00197,0.04998,0.19452,0.97614,-0.02275,0.09992,-0.00035,0.99999,0.00364,-0.00147,0.00055,0.99405,0.10854,0.00547,0.00702,33.3,34.49,0.0613,0.0774
20:27:34.500,1790256454.5008,840,1.335,13.21,1.754,4.144,1e-05,0.0133,0.98703,-0.00019,0.00228,-0.00085,0.03741,0.19376,0.97873,-0.02316,0.10839,0.00024,0.99999,0.00495,-0.00085,0.00055,0.99413,0.10783,0.00537,0.00732,33.3,34.49,0.0703,0.0788
20:27:34.521,1790256454.5212,841,1.412,12.964,1.753,4.157,0.00576,0.01917,0.98592,0.00279,0.00086,0.00125,0.03969,0.17851,0.97045,-0.02132,0.1031,0.00455,0.99998,0.00628,-0.00141,0.00056,0.99421,0.107,0.00549,0.00763,33.3,34.49,0.0696,0.0706
20:27:34.541,1790256454.5416,842,1.234,12.944,1.753,4.169,-0.01053,0.00567,1.00465,0.00248,0.00025,-0.00235,0.02849,0.19223,0.9777,-0.03045,0.09858,-9e-05,0.99998,0.00559,-3e-05,0.00053,0.9943,0.10616,0.00535,0.0079,33.3,34.49,0.0765,0.0776
20:27:34.562,1790256454.5621,843,1.125,12.936,1.752,4.182,-0.00874,0.00051,0.9855,0.00062,-0.00066,0.00013,0.03051,0.17547,0.98399,-0.02521,0.09302,0.00065,0.99999,0.0045,0.00088,0.00053,0.99442,0.10501,0.00535,0.00816,33.3,34.49,0.0692,0.08
20:27:34.582,1790256454.5824,844,1.253,12.965,1.751,4.195,0.00444,0.00366,0.9873,0.00137,-0.00131,-0.00344,0.02843,0.19854,1.00603,-0.03971,0.09198,0.00111,0.99999,0.00359,-0.00023,0.0005,0.99449,0.10434,0.0054,0.00841,33.3,34.48,0.0705,0.0606
20:27:34.603,1790256454.6031,845,1.08,12.93,1.75,4.207,-0.00392,0.00562,0.9769,0.00164,0.00099,-0.00115,0.03422,0.19752,0.99098,-0.04568,0.08729,-0.00849,0.99999,0.00319,0.001,0.00049,0.99456,0.10367,0.00515,0.00858,33.3,34.48,0.0627,0.0717
20:27:34.623,1790256454.6236,846,1.241,12.823,1.749,4.22,0.01219,0.00417,0.99308,-0.00138,0.00132,0.00093,0.02281,0.18183,0.97378,-0.05224,0.08462,-0.00307,1.0,0.00295,-0.0005,0.00051,0.99468,0.10246,0.00506,0.00879,33.3,34.48,0.0749,0.0732
20:27:34.644,1790256454.6442,847,1.331,12.849,1.749,4.232,0.01258,-0.00709,1.00301,0.00126,0.0002,-0.00084,0.03353,0.18432,0.99336,-0.04966,0.08169,0.00798,1.0,0.00175,-0.00157,0.00051,0.99478,0.10148,0.00484,0.00911,33.3,34.48,0.0777,0.0718
20:27:34.664,1790256454.6644,848,1.416,12.889,1.748,4.244,0.0075,-0.00032,0.99626,-0.00169,-0.00228,0.00198,0.02224,0.19285,0.97417,-0.0536,0.07877,-0.00016,1.0,0.00071,-0.00277,0.00054,0.99486,0.10076,0.00442,0.00936,33.3,34.48,0.0772,0.075
20:27:34.684,1790256454.6848,849,1.316,12.633,1.748,4.256,-0.00233,0.01132,0.98127,0.00016,0.00024,-8e-05,0.04391,0.16054,0.97594,-0.04716,0.08578,-0.00228,1.0,0.00177,-0.00194,0.00054,0.99497,0.09961,0.00436,0.00956,33.3,34.48,0.066,0.0725
20:27:34.705,1790256454.7052,850,1.468,12.492,1.747,4.268,0.00733,0.00288,0.98378,0.00094,0.0004,-0.00124,0.01965,0.17512,0.9988,-0.0698,0.0715,0.00338,0.99999,0.00154,-0.00331,0.00054,0.99512,0.09812,0.00433,0.00978,33.3,34.48,0.0679,0.0693
20:27:34.726,1790256454.7259,851,1.391,12.194,1.747,4.279,0.00522,0.01632,0.998,0.0002,0.00286,0.00395,0.0205,0.18517,0.9757,-0.06843,0.07015,0.00022,0.99999,0.00315,-0.00312,0.00058,0.99521,0.09714,0.00384,0.01002,33.3,34.48,0.0786,0.075
20:27:34.746,1790256454.7463,852,1.433,11.849,1.746,4.29,0.00838,0.01587,0.98862,-0.00317,-0.0022,0.00466,0.01467,0.16937,0.97998,-0.06613,0.07465,0.00192,0.99998,0.00454,-0.00347,0.00062,0.99537,0.09552,0.00383,0.01023,33.3,34.48,0.0716,0.076
20:27:34.766,1790256454.7668,853,1.512,11.753,1.746,4.301,0.01139,0.00485,0.96643,0.00173,-0.00064,-0.00263,0.01692,0.16725,0.99286,-0.0639,0.06066,0.00043,0.99998,0.00384,-0.00434,0.0006,0.99551,0.09396,0.00366,0.01041,33.3,34.48,0.0549,0.0748
20:27:34.787,1790256454.7873,854,1.318,11.569,1.745,4.311,-0.0115,0.01047,0.97533,0.0001,-0.00052,0.00018,0.02775,0.16914,0.99098,-0.07986,0.06471,0.00065,0.99999,0.00402,-0.00309,0.0006,0.99564,0.09258,0.00323,0.01063,33.3,34.48,0.0616,0.0757
20:27:34.807,1790256454.8076,855,1.168,11.683,1.745,4.322,0.00558,0.0067,0.99486,0.00353,0.00311,0.00299,0.02482,0.18682,0.9736,-0.07722,0.0599,-0.00154,0.99999,0.00265,-0.00245,0.00063,0.99568,0.09221,0.00261,0.01082,33.3,34.48,0.0762,0.0738
20:27:34.828,1790256454.8278,856,1.007,11.456,1.743,4.332,-0.00474,0.01068,0.97885,0.00184,-0.00154,-0.00065,0.02158,0.16414,0.96012,-0.08445,0.04902,0.00175,0.99999,0.00331,-0.00134,0.00062,0.99579,0.09094,0.00229,0.011,33.3,34.48,0.0642,0.0607
20:27:34.848,1790256454.8484,857,1.103,11.344,1.743,4.342,0.00844,0.00449,0.98288,0.00119,-0.00339,0.00287,0.02657,0.16465,0.99247,-0.08339,0.05656,0.00042,0.99999,0.00287,-0.00269,0.00066,0.99592,0.08949,0.0018,0.0112,33.3,34.48,0.0672,0.0752
20:27:34.868,1790256454.8686,858,1.212,11.252,1.742,4.351,0.01367,0.00482,1.00771,-0.00066,-0.0,0.00215,0.04205,0.17071,1.00175,-0.08943,0.05542,0.00661,0.99999,0.00269,-0.00418,0.00069,0.99601,0.08848,0.00128,0.01145,33.3,34.48,0.0741,0.0672
20:27:34.889,1790256454.8889,859,0.982,11.016,1.741,4.361,0.00033,0.01126,1.00503,0.00113,-0.0007,-0.0011,0.03723,0.166,0.97857,-0.0956,0.04598,0.00102,0.99999,0.0036,-0.00293,0.00068,0.99611,0.08737,0.00051,0.01165,33.3,34.48,0.0762,0.0749
20:27:34.909,1790256454.9091,860,0.873,10.752,1.74,4.37,0.00475,0.03062,0.98788,-0.00226,0.00302,0.00096,0.03088,0.1721,0.98191,-0.10032,0.04289,-0.00378,0.99998,0.00502,-0.00283,0.00069,0.99618,0.08649,-0.00039,0.01181,33.3,34.48,0.0713,0.078
20:27:34.929,1790256454.9297,861,0.635,10.563,1.738,4.378,0.00108,0.01242,0.97975,0.00075,-0.00141,-0.0044,0.03867,0.16514,0.98293,-0.08323,0.0361,-0.00566,0.99998,0.00569,-0.0017,0.00063,0.99626,0.08556,-0.00135,0.01194,33.3,34.48,0.0649,0.0781
20:27:34.950,1790256454.9503,862,0.407,10.321,1.736,4.387,-0.01238,0.0153,0.98895,-0.00232,-0.00014,0.00521,0.02563,0.15524,0.99445,-0.09664,0.03667,-0.00238,0.99998,0.00603,-0.00027,0.00068,0.9964,0.08384,-0.00193,0.01206,33.3,34.48,0.0719,0.0749
20:27:34.970,1790256454.9707,863,0.429,10.271,1.734,4.395,0.01679,-0.00172,0.99213,0.00095,-0.00191,0.00139,0.03529,0.15416,0.98512,-0.09894,0.02476,-0.00439,0.99999,0.00507,-0.00145,0.0007,0.99652,0.08242,-0.0029,0.01218,33.3,34.48,0.0742,0.0783
20:27:34.991,1790256454.9911,864,0.252,10.248,1.732,4.403,0.00017,0.00486,0.98487,0.00136,0.00246,-0.00091,0.02449,0.15737,0.98987,-0.09594,0.03665,0.00037,0.99999,0.00384,-0.00078,0.00069,0.99663,0.08102,-0.00375,0.01235,33.3,34.48,0.0687,0.078
20:27:35.011,1790256455.0113,865,0.236,10.18,1.73,4.411,0.004,-0.00073,0.98503,0.00109,0.00148,-0.00271,0.01827,0.15062,0.98077,-0.10126,0.02727,0.0015,1.0,0.00252,-0.00116,0.00067,0.99678,0.07912,-0.00426,0.01249,33.3,34.48,0.0688,0.0743
20:27:35.031,1790256455.0318,866,-0.0,9.959,1.728,4.419,-0.02616,0.02723,0.98509,0.00254,-0.00118,0.00174,0.02201,0.1582,0.99908,-0.10165,0.02275,0.00295,0.99999,0.00342,-6e-05,0.00069,0.99685,0.07813,-0.00523,0.01266,33.3,34.48,0.0694,0.0712
20:27:35.052,1790256455.0523,867,0.08,9.74,1.725,4.426,0.01821,0.00549,0.97324,-0.00397,4e-05,0.00189,0.02423,0.14233,0.99425,-0.1046,0.0217,-0.00035,0.99999,0.0033,-0.00129,0.00071,0.997,0.07608,-0.00578,0.01277,33.3,34.48,0.0601,0.0765
20:27:35.073,1790256455.0729,868,0.308,9.391,1.723,4.433,0.007,0.00881,0.98508,-0.00101,5e-05,0.00313,0.01102,0.14163,0.99498,-0.1099,0.01108,0.00358,0.99999,0.00394,-0.00255,0.00075,0.99719,0.07364,-0.00509,0.01281,33.3,34.48,0.0689,0.0762
20:27:35.093,1790256455.0932,869,0.05,9.209,1.721,4.44,0.00149,0.01099,0.99863,-0.00349,-0.00045,-0.00124,0.03448,0.15449,0.99218,-0.12065,0.01549,-0.0044,0.99999,0.00496,-0.00134,0.00073,0.99722,0.07311,-0.00617,0.01289,33.3,34.48,0.079,0.0765
20:27:35.114,1790256455.1139,870,0.171,9.229,1.719,4.447,-0.01632,-0.01364,0.97575,0.00372,0.00179,-0.00312,-0.00552,0.14844,0.97962,-0.12367,0.01632,-0.00488,0.99999,0.004,-0.00052,0.0007,0.99729,0.07233,-0.00428,0.01276,33.3,34.48,0.062,0.0731
20:27:35.134,1790256455.1342,871,0.22,9.428,1.717,4.453,0.00675,-0.00173,0.98798,-0.00453,-0.00016,0.00014,0.01572,0.15857,0.98564,-0.12485,0.00077,-0.00059,1.0,0.00271,-0.00127,0.0007,0.99726,0.07276,-0.00456,0.01279,33.3,34.48,0.071,0.0788
20:27:35.154,1790256455.1544,872,0.193,9.31,1.715,4.46,0.00557,0.01527,0.97513,-0.0005,-0.00317,0.00059,0.01695,0.15126,0.98062,-0.1208,0.00294,0.00289,0.99999,0.00389,-0.00167,0.00071,0.99724,0.07291,-0.00522,0.01289,33.3,34.48,0.0614,0.0743
20:27:35.174,1790256455.1746,873,0.234,9.086,1.713,4.467,0.02094,0.01331,0.99689,-0.00013,-0.00296,0.00262,0.03084,0.13836,0.97924,-0.13017,-0.00289,0.0033,0.99999,0.00436,-0.00321,0.00074,0.99734,0.07141,-0.00642,0.01303,33.3,34.48,0.0779,0.0721
20:27:35.195,1790256455.1949,874,0.026,9.111,1.71,4.473,-0.00018,-0.00793,1.00115,-0.00137,-0.00061,-0.00173,0.03179,0.1413,0.99804,-0.12762,0.00386,-0.00101,0.99999,0.00286,-0.00263,0.00073,0.99742,0.07015,-0.00762,0.01314,33.3,34.48,0.0791,0.0736
20:27:35.215,1790256455.2153,875,0.184,8.726,1.708,4.479,0.00921,0.00812,0.99252,0.00076,0.00154,-0.00347,0.01921,0.10984,0.99797,-0.12271,-0.00668,-0.00233,0.99999,0.00366,-0.00391,0.0007,0.9976,0.06756,-0.00758,0.01314,33.3,34.48,0.0744,0.0769
20:27:35.236,1790256455.2359,876,0.081,8.448,1.706,4.484,0.01223,0.02962,1.00127,-0.00103,-0.00044,-0.00037,0.02987,0.13962,1.01134,-0.1232,-0.02011,0.00106,0.99998,0.00525,-0.00422,0.00069,0.99764,0.06674,-0.00884,0.01322,33.3,34.48,0.0787,0.064
20:27:35.256,1790256455.2566,877,-0.098,8.179,1.704,4.489,0.00711,0.03191,0.98977,-0.00153,-0.00122,-0.00363,0.03652,0.13562,0.9832,-0.13459,-0.02649,-0.00404,0.99997,0.00674,-0.00415,0.00065,0.99768,0.0659,-0.01037,0.01326,33.3,34.48,0.0727,0.0749
20:27:35.277,1790256455.2769,878,0.17,8.21,1.701,4.494,0.01632,0.00792,1.02044,-0.001,0.00291,0.00194,0.01281,0.13447,0.98183,-0.13589,-0.02618,-0.00097,0.99997,0.00595,-0.00517,0.00068,0.99774,0.06534,-0.00906,0.01314,33.3,34.48,0.0645,0.0733
20:27:35.297,1790256455.2972,879,0.099,8.058,1.699,4.499,0.00262,-0.00111,0.98738,-0.00095,0.00045,0.00258,0.01848,0.12209,1.00351,-0.13139,-0.03333,-0.00304,0.99998,0.0047,-0.00444,0.00071,0.9979,0.06279,-0.00895,0.01309,33.3,34.48,0.0705,0.0717
20:27:35.317,1790256455.3178,880,-0.092,7.622,1.697,4.504,0.00688,0.01406,1.00353,0.00289,-0.00196,-0.00077,0.0269,0.11681,0.99171,-0.12691,-0.02497,-0.00329,0.99997,0.00618,-0.00383,0.0007,0.99803,0.0605,-0.01007,0.01312,33.3,34.48,0.0773,0.0792
20:27:35.338,1790256455.3383,881,-0.063,7.494,1.694,4.508,-0.0098,0.00373,0.97947,-0.00147,-0.00171,-0.00297,0.00226,0.11529,0.99611,-0.14108,-0.03425,-0.00338,0.99998,0.00559,-0.00265,0.00066,0.99815,0.0588,-0.00865,0.01298,33.3,34.48,0.0646,0.0779
20:27:35.359,1790256455.3589,882,-0.276,7.626,1.692,4.512,-0.00717,0.00219,0.98617,-0.0048,-0.00648,0.00093,0.0287,0.14113,0.9901,-0.13742,-0.03724,-0.00069,0.99999,0.00471,-0.00156,0.00067,0.99812,0.05911,-0.00939,0.01297,33.3,34.48,0.0697,0.0796
20:27:35.379,1790256455.3795,883,-0.428,7.755,1.689,4.516,-0.02382,-0.00858,0.98479,0.00233,0.00135,-0.0042,0.01908,0.13841,0.98809,-0.13741,-0.0452,-0.00226,0.99999,0.00394,-0.00036,0.00062,0.9981,0.05951,-0.00951,0.0129,33.3,34.48,0.0688,0.0784
20:27:35.400,1790256455.3998,884,-0.557,7.309,1.686,4.52,-0.00886,0.03265,0.98018,0.00359,-0.00126,0.00375,0.02718,0.10462,1.0063,-0.14676,-0.03884,0.00254,0.99999,0.00522,0.0001,0.00066,0.99824,0.05691,-0.01024,0.01294,33.3,34.48,0.0656,0.0709
20:27:35.420,1790256455.42,885,-0.671,7.351,1.683,4.524,-0.00188,0.01028,1.01421,0.00166,-0.00331,0.00182,0.01648,0.12792,0.99977,-0.14032,-0.04614,-0.00251,0.99999,0.00498,0.00144,0.00067,0.99824,0.05707,-0.00989,0.01284,33.3,34.48,0.0693,0.074
20:27:35.440,1790256455.4407,886,-0.421,7.162,1.68,4.528,0.01706,0.0023,0.98082,-0.00143,-0.00017,0.00216,0.01625,0.10896,0.98459,-0.14144,-0.05103,-0.00069,0.99999,0.00449,0.00016,0.0007,0.99837,0.05489,-0.009,0.01275,33.3,34.48,0.0657,0.073
20:27:35.461,1790256455.4611,887,-0.161,6.836,1.677,4.531,0.00778,0.01303,1.00804,0.00196,1e-05,0.00491,0.0113,0.10281,0.98931,-0.1432,-0.05804,-0.00027,0.99999,0.00518,-0.0012,0.00076,0.9985,0.05269,-0.00814,0.01266,33.3,34.48,0.0739,0.076
20:27:35.481,1790256455.4816,888,-0.232,6.674,1.675,4.534,-0.01486,-0.00112,0.98499,0.00131,0.00253,0.00111,0.01444,0.10366,1.01528,-0.13746,-0.05783,-0.00335,0.99999,0.00441,0.0,0.00077,0.99861,0.05054,-0.00758,0.01255,33.3,34.48,0.0688,0.0645
20:27:35.502,1790256455.5019,889,-0.501,6.572,1.672,4.536,-0.01946,-0.02451,0.98851,0.00064,-0.0036,0.00087,0.02751,0.09254,0.98629,-0.15039,-0.0632,-0.00531,0.99999,0.00317,0.00069,0.00078,0.9987,0.04844,-0.00923,0.01253,33.3,34.48,0.0718,0.0733
20:27:35.522,1790256455.5224,890,-0.389,6.628,1.669,4.539,0.00303,0.00533,1.00303,-0.00353,-0.0007,-0.00068,0.02089,0.11323,1.01399,-0.14291,-0.07483,-0.0026,1.0,0.00277,-0.00088,0.00078,0.9987,0.04851,-0.00982,0.01245,33.3,34.48,0.0777,0.0646
20:27:35.542,1790256455.5426,891,-0.161,6.587,1.666,4.542,0.01842,0.01035,1.00268,0.00097,-0.00159,-0.00128,0.01376,0.10691,0.99348,-0.14632,-0.06912,0.00494,0.99999,0.00322,-0.0024,0.00077,0.9987,0.04855,-0.00937,0.01241,33.3,34.48,0.0778,0.0795
20:27:35.563,1790256455.5629,892,-0.5,6.555,1.664,4.545,-0.00099,-0.00199,1.0007,0.00226,-0.0015,0.00162,0.04328,0.09365,0.99387,-0.15416,-0.06676,0.00111,1.0,0.00191,-0.00151,0.00079,0.99875,0.04701,-0.01142,0.01246,33.3,34.48,0.0795,0.0794
20:27:35.583,1790256455.5832,893,-0.486,6.483,1.661,4.547,0.00062,-0.00254,0.9979,0.00179,0.00027,0.0031,0.00958,0.08274,0.98555,-0.14437,-0.07175,-0.00294,1.0,0.00044,-0.00095,0.00082,0.99886,0.04492,-0.01073,0.01235,33.3,34.48,0.0784,0.0718
20:27:35.603,1790256455.6036,894,-0.616,6.297,1.658,4.55,0.01074,0.00847,0.96963,-0.0011,-0.00118,-0.0026,0.03151,0.09275,1.00121,-0.15289,-0.08382,-0.00586,1.0,0.00119,-0.00186,0.0008,0.99887,0.04405,-0.01281,0.0123,33.3,34.47,0.0573,0.0755
20:27:35.624,1790256455.6242,895,-0.717,5.812,1.654,4.551,0.00556,0.01502,0.99287,-0.0013,0.00011,-0.00015,0.02863,0.08424,1.00713,-0.14929,-0.08465,0.00183,0.99999,0.00271,-0.00208,0.00079,0.99897,0.04135,-0.01398,0.01231,33.3,34.47,0.0747,0.0717
20:27:35.644,1790256455.6446,896,-0.783,5.611,1.651,4.553,-0.00471,-0.00237,0.97736,0.00088,0.00135,0.00145,0.02108,0.07081,0.99814,-0.14139,-0.07313,0.00213,1.0,0.00188,-0.0011,0.00081,0.99908,0.03878,-0.0136,0.01228,33.3,34.47,0.063,0.0793
20:27:35.664,1790256455.6648,897,-0.75,5.465,1.648,4.554,0.00191,0.01986,0.97861,-0.00155,-0.00142,0.00053,0.01357,0.09582,0.99163,-0.14269,-0.09164,0.0036,0.99999,0.00315,-0.0011,0.00081,0.99908,0.03878,-0.01333,0.01221,33.3,34.47,0.0641,0.0773
20:27:35.685,1790256455.6851,898,-0.727,5.44,1.645,4.555,0.00086,0.00434,0.97959,0.0017,-0.0034,-0.00023,0.01952,0.07737,0.99636,-0.1485,-0.09093,0.00138,1.0,0.0021,-0.00038,0.00081,0.99915,0.03751,-0.01241,0.01212,33.3,34.47,0.0647,0.0797
20:27:35.705,1790256455.7054,899,-0.74,5.152,1.642,4.556,-0.003,0.00921,0.99303,0.00389,-0.00164,-0.00082,0.01653,0.07634,1.0084,-0.155,-0.09478,-0.00545,0.99999,0.00335,0.00051,0.0008,0.9992,0.03627,-0.01169,0.01196,33.3,34.47,0.0748,0.0714
20:27:35.726,1790256455.7259,900,-0.626,5.264,1.639,4.557,0.00301,-0.00996,0.98367,0.00376,-0.00066,-0.00043,0.00518,0.08551,0.99585,-0.14489,-0.08842,0.00036,1.0,0.00204,0.00017,0.0008,0.99922,0.03592,-0.01101,0.01186,33.3,34.47,0.0678,0.0796
20:27:35.746,1790256455.7464,901,-0.706,5.097,1.635,4.558,-0.00741,0.00813,0.99671,-0.00044,-0.00184,0.00054,0.0141,0.07704,1.00561,-0.15283,-0.091,-0.0019,0.99999,0.00282,0.00152,0.00081,0.99925,0.03527,-0.01038,0.01175,33.3,34.47,0.0776,0.0735
20:27:35.767,1790256455.767,902,-0.567,4.803,1.633,4.558,-0.00118,0.01059,0.99103,-0.00079,0.00094,0.00164,-0.00099,0.07074,0.97897,-0.14541,-0.09221,-0.00179,0.99999,0.00423,0.00101,0.00083,0.9993,0.03409,-0.00973,0.01164,33.3,34.47,0.0733,0.0661
20:27:35.787,1790256455.7873,903,-0.498,4.958,1.63,4.558,0.00056,0.0029,0.98394,-0.0021,-0.00296,-0.0008,0.00978,0.08698,1.00182,-0.14569,-0.09809,0.0009,1.0,0.00295,0.00039,0.00082,0.9993,0.03415,-0.00972,0.01157,33.3,34.47,0.068,0.0758
20:27:35.808,1790256455.8079,904,-0.473,5.053,1.627,4.559,-0.00461,-0.00806,0.98244,-0.00052,-0.00339,-0.00143,0.00143,0.07948,1.00646,-0.14013,-0.09573,0.00147,1.0,0.00162,0.00072,0.00081,0.99933,0.03365,-0.00916,0.01149,33.3,34.47,0.0669,0.0728
20:27:35.828,1790256455.8282,905,-0.584,4.926,1.624,4.56,0.0026,-0.00592,0.98449,-0.00365,0.00022,-0.00146,0.02433,0.06109,1.01626,-0.14993,-0.09747,0.00654,1.0,0.00031,0.00015,0.00079,0.99939,0.03124,-0.01068,0.01155,33.3,34.47,0.0684,0.0662
20:27:35.849,1790256455.8488,906,-0.405,4.847,1.621,4.56,0.00578,0.00271,0.98022,0.0005,-0.00465,-0.00086,0.00199,0.08178,0.98315,-0.14712,-0.10035,-0.00288,1.0,0.00076,-0.00117,0.00079,0.9994,0.03097,-0.01047,0.01144,33.3,34.47,0.0652,0.0699
20:27:35.869,1790256455.869,907,-0.434,4.89,1.619,4.56,-0.00408,-0.01375,1.00871,0.00136,0.00043,-0.00396,0.0001,0.07009,1.01757,-0.1562,-0.11359,0.00545,1.0,-0.00059,-0.00059,0.00075,0.99943,0.03,-0.01013,0.0114,33.3,34.47,0.0734,0.065
20:27:35.889,1790256455.8895,908,-0.753,4.582,1.615,4.56,-0.00064,0.00833,0.98667,0.00047,-0.00111,4e-05,0.02253,0.05951,0.99515,-0.14015,-0.11808,-0.00416,1.0,0.00081,-0.00033,0.00075,0.99944,0.02875,-0.01269,0.01136,33.3,34.47,0.07,0.0779
20:27:35.909,1790256455.9098,909,-0.608,4.239,1.613,4.56,0.01797,0.00726,0.99298,-0.00059,0.00104,0.00187,0.02,0.04472,1.01092,-0.14446,-0.10386,0.00211,1.0,0.00128,-0.00176,0.00077,0.99951,0.02619,-0.0129,0.01134,33.3,34.47,0.0749,0.0709
20:27:35.930,1790256455.9304,910,-0.99,4.093,1.609,4.559,-0.01374,-0.01207,0.98823,0.00332,0.00325,-8e-05,0.03507,0.04541,0.99275,-0.14158,-0.11151,-7e-05,1.0,0.00036,-0.00061,0.00077,0.99953,0.02405,-0.01509,0.01134,33.3,34.47,0.0713,0.0758
20:27:35.951,1790256455.9508,911,-1.086,3.995,1.606,4.559,-0.00364,-0.00227,1.0059,-0.00245,0.00269,2e-05,0.01921,0.04558,1.0132,-0.15024,-0.10885,0.0035,1.0,-0.00047,0.00072,0.00078,0.99958,0.02239,-0.0146,0.01131,33.3,34.47,0.0756,0.0692
20:27:35.971,1790256455.9711,912,-0.945,3.914,1.602,4.558,0.00978,0.00512,0.99288,0.0014,0.00085,0.00048,0.02399,0.05341,0.99346,-0.15283,-0.11542,-0.00184,1.0,0.00025,-0.00061,0.00077,0.99958,0.02237,-0.01472,0.01121,33.3,34.47,0.0747,0.0764
20:27:35.991,1790256455.9915,913,-1.095,3.832,1.599,4.557,-0.00351,0.00457,0.98033,0.00137,-0.00184,-0.00225,0.02291,0.06079,1.00057,-0.14408,-0.12147,0.00033,1.0,0.00113,0.00037,0.00075,0.99957,0.02257,-0.01507,0.01113,33.3,34.47,0.0653,0.078
20:27:36.011,1790256456.0118,914,-0.894,3.602,1.595,4.556,0.00349,0.0062,0.9855,0.00017,-0.00037,0.00036,0.0174,0.04564,1.00105,-0.13464,-0.11126,-0.00375,1.0,0.00209,-0.00065,0.00075,0.99961,0.02149,-0.01437,0.01102,33.3,34.47,0.0691,0.0783
20:27:36.032,1790256456.0323,915,-0.69,3.588,1.592,4.554,0.00581,0.003,0.99804,0.00045,0.00295,0.00289,0.01818,0.04884,1.01539,-0.13198,-0.1212,-0.00082,1.0,0.00169,-0.00219,0.00079,0.99962,0.02093,-0.01412,0.01093,33.3,34.47,0.0785,0.0675
20:27:36.053,1790256456.0528,916,-0.743,3.232,1.589,4.553,-0.0016,0.0105,0.99612,-0.00025,-0.00065,0.00339,0.01138,0.0331,1.0025,-0.13386,-0.11365,0.00257,0.99999,0.00291,-0.00118,0.00082,0.99967,0.01906,-0.01362,0.0109,33.3,34.47,0.0771,0.0777
20:27:36.073,1790256456.0731,917,-0.827,2.985,1.586,4.551,-0.0161,0.01083,0.97445,-0.0022,-0.00025,0.00238,-0.01253,0.01847,1.00375,-0.13339,-0.11969,-0.00701,0.99999,0.00322,0.0,0.00084,0.99971,0.01723,-0.0132,0.01078,33.3,34.47,0.061,0.077
20:27:36.093,1790256456.0935,918,-0.88,2.732,1.583,4.548,-0.00161,0.00815,0.99013,-0.00208,-0.00123,-0.00141,0.0065,0.03367,0.98709,-0.12751,-0.11826,-0.00213,0.99999,0.0043,0.00098,0.00083,0.99973,0.01612,-0.01273,0.0107,33.3,34.47,0.0726,0.0708
20:27:36.113,1790256456.1138,919,-0.898,2.426,1.58,4.545,-0.01032,0.02513,0.97747,0.0,-0.00392,0.00161,-0.00242,0.02258,1.01216,-0.12348,-0.12324,0.00034,0.99998,0.00544,0.00151,0.00084,0.99976,0.01461,-0.01239,0.01065,33.3,34.47,0.0634,0.0707
20:27:36.134,1790256456.1342,920,-0.923,2.468,1.577,4.543,-0.01111,-0.00022,0.97418,-0.00162,-0.00126,-0.00172,0.00473,0.03389,1.00055,-0.11907,-0.12661,0.00317,0.99999,0.00443,0.00224,0.00082,0.99978,0.01397,-0.01186,0.01063,33.3,34.47,0.0607,0.0791
20:27:36.154,1790256456.1547,921,-0.846,2.518,1.573,4.54,-0.00347,-0.01028,0.98028,0.00098,-0.00417,-9e-05,-0.00827,0.0323,0.99488,-0.12873,-0.11914,-0.0037,0.99999,0.00311,0.00213,0.00082,0.9998,0.01308,-0.01129,0.01054,33.3,34.47,0.0653,0.0766
20:27:36.175,1790256456.1752,922,-0.659,2.413,1.571,4.537,0.01401,-0.00376,0.98075,0.0039,0.00056,-0.00264,-0.00313,0.01876,0.98762,-0.13408,-0.11677,-0.00703,1.0,0.00251,0.00095,0.0008,0.99982,0.01153,-0.01085,0.01043,33.3,34.47,0.0656,0.0708
20:27:36.195,1790256456.1955,923,-0.474,2.157,1.568,4.534,0.00318,0.00927,0.98682,-0.00096,-0.00041,-7e-05,-0.00134,0.01853,0.99068,-0.125,-0.11865,-0.00096,0.99999,0.00344,-0.00014,0.0008,0.99984,0.0102,-0.01035,0.01038,33.3,34.47,0.0702,0.0731
20:27:36.216,1790256456.2162,924,-0.348,1.797,1.565,4.531,0.00588,0.02462,0.99397,-0.00069,-0.00175,0.0022,0.00342,0.01356,0.99681,-0.1276,-0.11384,-0.00363,0.99999,0.00492,-0.00063,0.00083,0.99986,0.00852,-0.00979,0.01031,33.3,34.47,0.0757,0.0777
20:27:36.236,1790256456.2365,925,-0.116,1.648,1.563,4.527,0.0074,0.00792,0.99918,0.00347,-0.00341,-0.0016,0.00915,0.01083,1.00014,-0.11535,-0.11887,-0.00286,0.99999,0.00448,-0.00221,0.00082,0.99988,0.00675,-0.00935,0.01026,33.29,34.47,0.0794,0.0798
20:27:36.257,1790256456.2568,926,-0.344,1.532,1.561,4.523,-0.00449,-0.01732,0.99843,0.00283,0.00084,0.00013,0.02136,0.0044,1.00528,-0.1194,-0.12737,0.00323,0.99999,0.00298,-0.00169,0.00082,0.99988,0.00426,-0.01083,0.01029,33.29,34.47,0.0789,0.0759
20:27:36.277,1790256456.2774,927,-0.44,1.101,1.558,4.519,0.00437,0.02046,0.98661,-0.00199,0.00404,-0.00073,0.0212,-0.00262,1.01601,-0.11241,-0.12578,0.00572,0.99999,0.0044,-0.00175,0.00082,0.99988,0.00193,-0.01178,0.01034,33.29,34.47,0.0701,0.0678
20:27:36.297,1790256456.2976,928,-0.494,1.001,1.556,4.514,-0.00858,-0.00879,0.98257,-0.00067,-0.00097,-0.00505,0.00702,-0.01018,1.00046,-0.11417,-0.11664,-0.00139,0.99999,0.00328,-0.001,0.00077,0.99988,-5e-05,-0.01149,0.01032,33.29,34.47,0.067,0.0796
20:27:36.318,1790256456.3182,929,-0.436,0.642,1.553,4.509,0.00533,0.01529,0.99229,-0.00253,0.00141,0.00083,0.01009,-0.01323,0.9726,-0.10306,-0.11202,0.00814,0.99999,0.00468,-0.00153,0.00078,0.99988,-0.00179,-0.01156,0.01041,33.29,34.47,0.0743,0.0596
20:27:36.338,1790256456.3384,930,-0.372,0.661,1.551,4.504,0.00289,-0.0225,0.97864,-0.00418,-0.00149,-0.00191,-0.00322,-0.0092,0.99492,-0.10558,-0.11732,-0.0012,0.99999,0.00334,-0.00155,0.00076,0.99988,-0.00297,-0.01101,0.01039,33.29,34.47,0.0642,0.0762
20:27:36.359,1790256456.359,931,-0.328,0.875,1.548,4.5,0.00825,-0.01066,0.99401,0.00086,0.00103,-0.00029,0.00252,0.01863,0.98924,-0.09871,-0.11598,0.00081,1.0,0.00185,-0.00199,0.00076,0.99988,-0.00261,-0.01103,0.01038,33.29,34.47,0.0756,0.0721
20:27:36.379,1790256456.3796,932,-0.465,0.737,1.546,4.495,-0.02409,0.01101,1.00171,0.00071,0.00078,-0.00057,-0.01,-0.00376,0.98196,-0.10056,-0.12249,-0.00374,1.0,0.00226,-0.00043,0.00076,0.99988,-0.00337,-0.01068,0.01033,33.29,34.47,0.0785,0.0665
20:27:36.399,1790256456.3997,933,-0.272,0.812,1.543,4.49,0.01502,-0.00219,0.99429,0.00206,0.00156,-0.00102,-0.00776,0.01209,1.00831,-0.10126,-0.1156,-0.00411,1.0,0.00163,-0.0018,0.00075,0.99989,-0.00338,-0.01035,0.01028,33.29,34.47,0.0758,0.0737
20:27:36.420,1790256456.42,934,-0.355,0.907,1.541,4.486,-0.00266,-0.003,0.99684,0.00102,-0.00238,0.00155,-0.00641,0.00305,1.00908,-0.0959,-0.12468,0.00144,1.0,0.00053,-0.00072,0.00077,0.99989,-0.00364,-0.00998,0.01028,33.29,34.47,0.0776,0.0732
20:27:36.440,1790256456.4403,935,-0.116,0.743,1.539,4.481,0.01454,0.00541,0.99225,0.00059,-0.00151,-0.00045,-0.02352,-0.01255,0.99263,-0.09894,-0.11054,0.00333,1.0,0.00101,-0.00217,0.00077,0.99989,-0.00462,-0.00936,0.01032,33.29,34.47,0.0743,0.0747
20:27:36.460,1790256456.4607,936,-0.113,0.956,1.537,4.476,0.00349,-0.01966,0.99496,0.00242,0.00033,-0.00334,0.01296,-0.00285,0.9872,-0.09605,-0.10378,0.00114,1.0,-0.00053,-0.00211,0.00074,0.99989,-0.0043,-0.00924,0.01032,33.29,34.47,0.0764,0.0705
20:27:36.481,1790256456.4811,937,-0.303,1.01,1.534,4.472,-0.0147,-0.00304,0.99981,0.00011,-0.00293,-0.00106,0.00974,0.00167,0.97966,-0.0889,-0.11329,0.00248,1.0,-0.0007,-0.00053,0.00073,0.9999,-0.00397,-0.00931,0.01033,33.29,34.47,0.0799,0.0648
20:27:36.501,1790256456.5013,938,-0.371,0.975,1.532,4.468,-0.01267,-0.00379,0.9792,-0.00249,-0.0036,0.0048,-0.00206,-0.00693,0.98979,-0.08095,-0.10414,3e-05,1.0,-0.00095,0.00072,0.00078,0.9999,-0.00451,-0.00866,0.01033,33.29,34.47,0.0645,0.0724
20:27:36.521,1790256456.5215,939,-0.158,0.876,1.53,4.463,0.0143,-0.0063,0.98654,0.00068,0.00092,0.00398,-0.00944,-0.02116,0.98964,-0.08528,-0.10602,-0.00337,1.0,-0.00133,-0.00064,0.00082,0.9999,-0.00578,-0.00816,0.0103,33.29,34.47,0.07,0.0724
20:27:36.542,1790256456.5419,940,-0.11,0.921,1.528,4.459,-0.00016,-0.00751,0.97597,0.00434,-0.00261,-0.00133,0.003,-0.01389,0.99937,-0.06964,-0.10734,0.00486,1.0,-0.0025,-0.00032,0.00081,0.9999,-0.00656,-0.00741,0.01036,33.29,34.47,0.062,0.0796
20:27:36.562,1790256456.5625,941,-0.061,0.615,1.526,4.454,-0.00224,0.00696,0.98671,0.00286,-0.00094,-0.00086,-0.01559,-0.02537,0.99158,-0.0845,-0.09186,-0.00309,1.0,-0.00107,0.0,0.00081,0.99989,-0.0078,-0.0067,0.01034,33.29,34.47,0.0701,0.074
20:27:36.583,1790256456.5832,942,-0.086,0.394,1.524,4.449,-0.00635,0.0057,0.98473,-0.00118,-0.00059,0.00065,0.00207,-0.01858,1.01154,-0.06649,-0.0998,0.001,1.0,3e-05,0.0009,0.00081,0.99989,-0.00862,-0.00606,0.01036,33.29,34.47,0.0686,0.0712
20:27:36.603,1790256456.6034,943,-0.149,0.324,1.522,4.443,-0.00555,-0.00587,0.98249,0.00297,-0.00038,-0.00163,-0.00253,-0.03476,1.0008,-0.0672,-0.10654,-0.00152,1.0,-0.00108,0.00161,0.00079,0.99988,-0.01033,-0.00588,0.01037,33.29,34.47,0.0669,0.0789
20:27:36.623,1790256456.6237,944,-0.217,0.171,1.519,4.438,-0.01266,0.00179,0.98828,-0.00223,-0.00055,0.00201,-0.00966,-0.02649,0.99415,-0.05645,-0.09952,-0.00093,1.0,-0.00055,0.00294,0.00082,0.99987,-0.01111,-0.00516,0.01038,33.29,34.47,0.0713,0.0759
20:27:36.644,1790256456.6439,945,0.006,0.079,1.518,4.433,0.00849,-0.00379,0.9899,0.00293,0.00251,-0.00038,-0.01213,-0.03455,0.98729,-0.05644,-0.09554,0.00227,1.0,-0.00079,0.00152,0.00081,0.99986,-0.01219,-0.00464,0.01042,33.29,34.46,0.0725,0.071
20:27:36.664,1790256456.6642,946,0.028,0.098,1.516,4.427,-0.00379,-0.01089,1.00187,0.00269,0.00123,-0.00437,-0.01818,-0.04776,1.00821,-0.06275,-0.10047,-0.00186,1.0,-0.00236,0.00166,0.00077,0.99984,-0.01359,-0.0043,0.01043,33.29,34.46,0.0785,0.0729
20:27:36.684,1790256456.6847,947,-0.117,-0.078,1.514,4.421,-0.0081,-0.00441,0.98503,-0.00256,0.00146,-0.0008,-0.00634,-0.04793,1.01253,-0.05095,-0.09238,-0.00339,0.99999,-0.00232,0.00307,0.00076,0.99982,-0.01505,-0.00417,0.01041,33.29,34.46,0.0688,0.0697
20:27:36.705,1790256456.7053,948,-0.163,-0.123,1.512,4.416,-0.01945,-0.02186,0.97991,0.00144,-0.0018,-0.00137,-0.00197,-0.04066,1.00491,-0.05041,-0.0892,0.00078,0.99999,-0.00337,0.00387,0.00075,0.9998,-0.01649,-0.00376,0.01045,33.29,34.46,0.0653,0.0757
20:27:36.725,1790256456.7255,949,-0.071,-0.209,1.51,4.41,-0.00541,0.00708,1.00334,0.0013,0.00065,0.00165,-0.00024,-0.02614,0.99781,-0.0477,-0.08935,0.00423,0.99999,-0.00181,0.00361,0.00077,0.99982,-0.0157,-0.00324,0.01051,33.29,34.46,0.0775,0.0786
20:27:36.745,1790256456.7457,950,0.097,-0.417,1.508,4.404,0.00365,-0.00147,0.9709,9e-05,0.00129,-0.0033,-0.00985,-0.0548,1.00188,-0.05194,-0.0814,-0.00815,1.0,-0.00159,0.00247,0.00074,0.99979,-0.01731,-0.00294,0.01045,33.29,34.46,0.0582,0.0774
20:27:36.766,1790256456.7662,951,0.23,-0.664,1.506,4.398,-0.00222,-0.00212,0.99755,-0.00057,0.00048,0.00379,0.00079,-0.07192,1.01403,-0.04443,-0.07559,0.0018,1.0,-0.00102,0.00098,0.00078,0.99976,-0.01892,-0.0033,0.01048,33.29,34.46,0.0782,0.0676
20:27:36.787,1790256456.7868,952,0.323,-0.846,1.505,4.391,0.00117,-0.00182,1.02009,-0.00261,0.00259,-0.00184,0.00598,-0.05378,1.01339,-0.03117,-0.07588,-0.00095,1.0,-0.00094,-0.00034,0.00076,0.99973,-0.02045,-0.00382,0.01048,33.29,34.46,0.0649,0.0689
20:27:36.807,1790256456.8071,953,0.565,-1.036,1.504,4.384,0.00889,0.007,0.99511,0.00018,0.00079,-0.00011,-0.01539,-0.0475,1.00066,-0.03067,-0.0738,-0.00224,1.0,0.0002,-0.00139,0.00076,0.99972,-0.02101,-0.00279,0.0105,33.29,34.46,0.0764,0.0786
20:27:36.827,1790256456.8277,954,0.719,-1.071,1.503,4.378,0.01255,-0.00885,0.99325,-0.00028,0.0014,9e-05,-0.00552,-0.0612,0.98865,-0.0262,-0.07094,5e-05,1.0,-0.00086,-0.00251,0.00076,0.99969,-0.02239,-0.00256,0.01052,33.29,34.46,0.075,0.0729
20:27:36.848,1790256456.8481,955,0.662,-1.175,1.502,4.371,-0.0021,0.00317,0.99975,-0.00033,-0.0036,0.00204,-0.01148,-0.04218,0.97632,-0.0299,-0.07304,-0.00177,1.0,6e-05,-0.00121,0.00078,0.99969,-0.02237,-0.00178,0.01054,33.29,34.46,0.0798,0.063
20:27:36.868,1790256456.8686,956,0.656,-1.116,1.5,4.364,-0.00816,-0.00964,0.98679,0.00162,0.00092,0.00432,-0.03176,-0.05775,1.00356,-0.00899,-0.06607,-0.00278,1.0,-0.0009,-0.00015,0.00083,0.99968,-0.0228,-0.00075,0.01055,33.29,34.46,0.0702,0.0757
20:27:36.889,1790256456.8893,957,0.524,-1.236,1.499,4.357,-0.02831,-0.00652,1.00704,-0.00054,0.00208,0.00026,-0.01553,-0.07313,1.00725,-0.01941,-0.06409,-0.00298,1.0,-0.00115,0.00136,0.00083,0.99965,-0.02407,-0.00039,0.01055,33.29,34.46,0.0744,0.0725
20:27:36.909,1790256456.9094,958,0.372,-1.171,1.498,4.35,-0.00168,-0.02624,1.00925,0.00503,-0.00077,0.00101,0.00632,-0.05424,1.0128,-0.01169,-0.05884,-8e-05,1.0,-0.00257,0.00128,0.00084,0.99963,-0.02491,-0.00179,0.01053,33.29,34.46,0.0728,0.0693
20:27:36.929,1790256456.9298,959,0.575,-1.405,1.497,4.343,0.00501,0.00276,0.9926,-0.00103,-0.00354,0.00046,-0.0128,-0.06953,0.98957,0.00034,-0.0519,0.00063,1.0,-0.00149,0.00019,0.00085,0.99961,-0.02589,-0.00114,0.01056,33.29,34.46,0.0745,0.0741
20:27:36.950,1790256456.9504,960,0.651,-1.688,1.496,4.336,0.00898,0.00633,0.99386,-0.00056,-0.00136,0.00063,0.00308,-0.06135,0.99065,-0.0094,-0.05064,-0.00012,1.0,-0.0004,-0.00093,0.00085,0.99957,-0.02729,-0.00163,0.01056,33.29,34.46,0.0754,0.0744
20:27:36.971,1790256456.971,961,0.856,-1.851,1.495,4.328,0.01219,0.0009,0.98295,0.00081,0.00194,0.00132,-0.0001,-0.05939,0.99218,-0.00615,-0.05365,-0.00083,1.0,-0.00017,-0.00228,0.00087,0.99954,-0.02852,-0.00121,0.01058,33.29,34.46,0.0673,0.0755
20:27:36.991,1790256456.9913,962,0.669,-2.14,1.494,4.32,-0.00025,0.00566,0.99977,0.00399,0.0025,-0.00075,0.00575,-0.07293,1.00671,0.00276,-0.05044,0.00063,1.0,0.00114,-0.00124,0.00086,0.9995,-0.02971,-0.00185,0.01058,33.29,34.46,0.0798,0.073
20:27:37.011,1790256457.0114,963,0.656,-2.128,1.493,4.312,-0.00486,-0.00298,0.98524,0.00121,-0.0,0.00185,-0.00513,-0.06623,0.9909,0.01256,-0.03461,-0.00323,1.0,0.00034,-0.00012,0.00088,0.99948,-0.03039,-0.00083,0.01058,33.29,34.46,0.0689,0.0748
20:27:37.032,1790256457.0319,964,0.737,-2.097,1.492,4.304,0.00179,-0.0105,0.98589,0.00058,-0.00318,0.00211,-0.00713,-0.07981,1.00228,0.00821,-0.03631,-0.00051,1.0,-0.00106,-0.00035,0.0009,0.99945,-0.03153,-0.00034,0.01059,33.29,34.46,0.0695,0.0759
20:27:37.052,1790256457.0523,965,0.8,-2.205,1.491,4.296,-0.00315,0.00227,0.98405,-0.00162,0.00071,0.00068,-0.01223,-0.06489,1.00321,0.01005,-0.03358,0.00604,1.0,-2e-05,0.00057,0.0009,0.99945,-0.03143,0.00111,0.0107,33.29,34.46,0.068,0.076
20:27:37.072,1790256457.0727,966,0.669,-2.01,1.49,4.289,-0.02123,0.00169,0.98577,0.00051,-0.00226,0.00192,-0.00363,-0.05968,1.00893,0.0211,-0.02719,-0.00225,1.0,0.0001,0.00195,0.00093,0.9995,-0.02958,0.00137,0.01069,33.29,34.46,0.0695,0.072
20:27:37.093,1790256457.0929,967,0.925,-1.981,1.489,4.281,0.00769,-0.00741,0.99817,0.00084,0.00336,-0.00071,-0.01566,-0.07194,0.98332,0.02001,-0.02423,-0.00034,1.0,-0.00076,0.00065,0.00092,0.99948,-0.03023,0.00231,0.0107,33.29,34.46,0.0787,0.0696
20:27:37.113,1790256457.1133,968,0.943,-1.849,1.489,4.273,-0.00474,-0.00293,0.98453,-0.00014,0.00229,0.0026,-0.04762,-0.05499,1.00433,0.0236,-0.02767,0.00352,1.0,-0.0013,0.00195,0.00095,0.9995,-0.02959,0.00379,0.01078,33.29,34.46,0.0684,0.0748
20:27:37.133,1790256457.1335,969,1.169,-2.048,1.488,4.266,0.00503,0.00756,0.99391,0.00065,-0.00049,-0.00173,-0.02912,-0.08437,1.00754,0.02847,-0.0237,-0.0024,1.0,-0.00015,0.00094,0.00095,0.99947,-0.03022,0.00472,0.01077,33.29,34.46,0.0755,0.0714
20:27:37.154,1790256457.1539,970,1.351,-2.112,1.488,4.258,0.00925,-0.0045,0.9857,-0.00127,-0.00331,0.0034,-0.01171,-0.07655,0.99498,0.02777,-0.01717,-6e-05,1.0,-0.00066,-0.00042,0.00098,0.99944,-0.03132,0.00495,0.01076,33.29,34.46,0.0693,0.0785
20:27:37.174,1790256457.1742,971,1.207,-2.153,1.488,4.25,-0.01357,-0.00917,1.00344,0.00234,0.00177,-0.00044,-0.01308,-0.09721,0.99395,0.03304,-0.02147,0.0001,1.0,-0.00139,0.00097,0.00098,0.99941,-0.03238,0.00508,0.01075,33.29,34.46,0.0773,0.0791
20:27:37.194,1790256457.1945,972,1.247,-2.311,1.488,4.242,-0.0097,0.0045,0.99971,0.0018,3e-05,0.00104,-0.01957,-0.06959,1.00051,0.03264,-0.01216,0.00456,1.0,-0.00026,0.00215,0.001,0.99939,-0.03262,0.00659,0.01082,33.29,34.46,0.0798,0.0777
20:27:37.215,1790256457.2152,973,1.064,-2.342,1.487,4.234,-0.00725,-0.00159,1.01991,-0.00308,-0.00224,0.00257,0.00125,-0.11138,1.00913,0.03805,-0.01551,0.00015,0.99999,-0.00076,0.00338,0.00103,0.99937,-0.03335,0.00623,0.01079,33.29,34.46,0.065,0.0686
20:27:37.235,1790256457.2357,974,1.304,-2.441,1.487,4.226,0.01377,-0.00238,0.98995,-0.0026,-0.00099,0.00183,-0.01746,-0.08315,0.9967,0.03794,-0.00643,-0.00306,1.0,-0.00085,0.00188,0.00104,0.99933,-0.03435,0.00681,0.01075,33.29,34.46,0.0725,0.0798
20:27:37.256,1790256457.2561,975,1.217,-2.436,1.486,4.218,-0.0121,-0.01057,0.97973,-0.00084,-0.00033,-8e-05,-0.013,-0.08996,1.00045,0.04357,0.00181,0.00172,0.99999,-0.00181,0.00279,0.00104,0.9993,-0.03525,0.00697,0.01073,33.29,34.46,0.0649,0.0766
20:27:37.276,1790256457.2766,976,1.317,-2.575,1.486,4.21,0.01402,0.00354,0.97731,0.00086,0.00503,-0.00116,-0.00444,-0.09883,0.99304,0.05104,-0.00159,-0.0031,1.0,-0.00136,0.00162,0.00103,0.99927,-0.03603,0.00666,0.01065,33.29,34.46,0.0631,0.0785
20:27:37.297,1790256457.2971,977,1.161,-2.556,1.486,4.202,-0.01617,-0.01215,0.97914,0.00386,-0.0003,0.00159,0.01222,-0.13044,1.00357,0.0552,0.00658,-0.00264,0.99999,-0.00211,0.00268,0.00105,0.99925,-0.03658,0.00637,0.01057,33.29,34.46,0.0645,0.0709
20:27:37.317,1790256457.3174,978,1.351,-2.582,1.486,4.193,0.00954,-0.00961,0.98383,0.00215,0.00113,-0.00219,-0.01288,-0.11508,0.98503,0.05765,0.01508,-0.00397,1.0,-0.00256,0.0014,0.00103,0.99923,-0.03729,0.00675,0.0105,33.29,34.46,0.0679,0.0739
20:27:37.338,1790256457.338,979,1.55,-2.808,1.486,4.185,-0.00034,0.00177,0.99697,-0.0016,2e-05,-0.00231,-0.02549,-0.09389,0.98763,0.06126,0.01545,0.00175,1.0,-0.00107,0.00086,0.001,0.9992,-0.0378,0.0079,0.0105,33.29,34.46,0.0777,0.0743
20:27:37.358,1790256457.3585,980,1.349,-2.863,1.486,4.177,-0.01715,-6e-05,0.96255,0.00211,0.00185,0.0022,-0.00135,-0.09019,0.99678,0.06042,0.02152,0.00322,1.0,-0.00091,0.00192,0.00103,0.99919,-0.03809,0.00721,0.01046,33.29,34.46,0.052,0.0794
20:27:37.379,1790256457.3789,981,1.387,-2.744,1.486,4.168,0.00308,-0.0155,0.98905,0.00278,-0.00256,0.00213,0.00642,-0.10566,1.00767,0.06692,0.02765,-0.00282,1.0,-0.0022,0.00123,0.00105,0.99919,-0.03834,0.00688,0.01036,33.29,34.46,0.0719,0.0701
20:27:37.399,1790256457.3991,982,1.259,-2.906,1.485,4.16,-0.01078,0.00184,0.99011,0.002,0.00093,0.0018,-0.0043,-0.10997,1.00217,0.07132,0.02446,-0.00148,1.0,-0.0013,0.00242,0.00107,0.99917,-0.03884,0.00692,0.01028,33.29,34.46,0.0726,0.0739
20:27:37.419,1790256457.4194,983,1.093,-2.917,1.485,4.151,-0.01208,-0.00402,0.97945,-0.00066,0.00422,-0.00043,0.00069,-0.10888,0.98217,0.07573,0.02408,-0.00153,0.99999,-0.00157,0.00374,0.00107,0.99916,-0.03917,0.0068,0.0102,33.29,34.46,0.0647,0.0711
20:27:37.440,1790256457.4399,984,1.091,-2.876,1.484,4.143,-0.01005,-0.00548,0.98105,-0.00106,-0.00183,0.00062,-0.01882,-0.10136,0.99358,0.08328,0.04118,-0.00077,0.99999,-0.00248,0.00473,0.00108,0.99913,-0.03971,0.00778,0.01016,33.29,34.46,0.0658,0.0792
20:27:37.460,1790256457.4602,985,1.349,-2.95,1.484,4.134,0.01591,0.00037,0.98564,0.00158,0.0024,0.00018,-0.02057,-0.10265,0.98498,0.08618,0.03719,0.00499,0.99999,-0.00218,0.00337,0.00108,0.99911,-0.04009,0.00866,0.01017,33.29,34.46,0.0693,0.0729
20:27:37.480,1790256457.4806,986,1.543,-2.827,1.484,4.126,-0.00227,-0.01029,0.99001,0.00094,4e-05,-0.00057,-0.02424,-0.113,1.02375,0.07933,0.0371,0.00788,0.99999,-0.00337,0.00249,0.00107,0.99909,-0.04023,0.0095,0.01021,33.29,34.46,0.0726,0.0573
20:27:37.501,1790256457.5011,987,1.681,-2.993,1.484,4.118,-0.00237,-0.00377,0.98494,4e-05,-0.00181,0.00013,-0.00794,-0.12107,0.99176,0.09197,0.0411,-0.00071,1.0,-0.00232,0.00153,0.00108,0.99907,-0.04065,0.00972,0.01012,33.29,34.46,0.0687,0.0794
20:27:37.521,1790256457.5214,988,1.57,-3.053,1.485,4.109,-0.01519,-0.00264,0.97123,-0.00185,0.00067,0.00052,-0.01272,-0.10521,1.00067,0.08904,0.04136,0.00518,0.99999,-0.00216,0.00271,0.00109,0.99906,-0.04099,0.00992,0.0101,33.29,34.46,0.0585,0.0753
20:27:37.542,1790256457.542,989,1.481,-3.199,1.485,4.1,-0.00817,0.00049,0.97809,0.00013,-0.00032,0.00295,-0.00289,-0.11208,0.99462,0.10252,0.04308,0.00193,0.99999,-0.00104,0.00338,0.00112,0.99906,-0.04114,0.0098,0.01002,33.29,34.46,0.0636,0.0793
20:27:37.562,1790256457.5625,990,1.429,-3.364,1.484,4.091,-0.01483,0.00659,0.98906,-0.00038,-0.00369,-0.00084,-0.01175,-0.14217,0.98544,0.09732,0.04453,-0.00272,0.99999,3e-05,0.00435,0.00112,0.99904,-0.04149,0.01029,0.00993,33.29,34.46,0.0719,0.0768
20:27:37.583,1790256457.583,991,1.566,-3.268,1.485,4.083,-0.00159,-0.01227,0.98416,0.00061,-0.00023,0.00104,-0.01433,-0.1211,0.99566,0.09445,0.05589,-0.00503,0.99999,-0.00119,0.00366,0.00112,0.99902,-0.04189,0.01082,0.00979,33.29,34.46,0.0682,0.0777
20:27:37.603,1790256457.6037,992,1.836,-3.378,1.485,4.074,0.00207,0.00178,1.00017,-1e-05,-0.00343,0.00129,-0.01995,-0.11131,0.98516,0.09552,0.06463,-0.00068,1.0,-0.00052,0.00212,0.00113,0.99899,-0.04221,0.01162,0.00971,33.29,34.46,0.0799,0.0737
20:27:37.624,1790256457.6243,993,1.823,-3.283,1.485,4.065,-0.0085,-0.00694,0.9756,0.0012,-0.00274,-0.00042,-0.01716,-0.11797,0.98585,0.10968,0.06446,0.00478,0.99999,-0.00154,0.00284,0.00113,0.99898,-0.04239,0.01224,0.00967,33.29,34.46,0.0617,0.0748
20:27:37.644,1790256457.6447,994,1.767,-3.372,1.486,4.056,-0.01944,0.00135,1.00023,-0.00293,-0.00083,0.00012,-0.02709,-0.12277,0.99578,0.10591,0.07006,0.00375,0.99999,-0.00107,0.00437,0.00113,0.99895,-0.04268,0.01328,0.00962,33.29,34.46,0.0797,0.0772
20:27:37.665,1790256457.6653,995,2.006,-3.379,1.486,4.047,0.00276,-0.0016,0.98834,-0.00268,0.00037,-0.00215,-0.01773,-0.11964,0.97977,0.11161,0.06978,0.00095,0.99999,-0.00103,0.00291,0.00111,0.99894,-0.04273,0.01389,0.00954,33.29,34.46,0.0713,0.0704
20:27:37.685,1790256457.6855,996,2.18,-3.249,1.487,4.039,0.00021,-0.01727,0.9898,0.00483,0.00145,-0.0006,-0.02651,-0.13384,0.98387,0.11031,0.08212,0.00075,0.99999,-0.00235,0.00238,0.0011,0.99892,-0.04293,0.01491,0.00945,33.29,34.46,0.0725,0.075
20:27:37.705,1790256457.7057,997,2.316,-3.183,1.488,4.03,0.01992,-0.01194,0.97969,-0.0006,-7e-05,-0.00043,0.00998,-0.12641,0.98533,0.1056,0.07356,0.00035,1.0,-0.00272,0.00112,0.0011,0.99893,-0.04275,0.01485,0.00933,33.29,34.46,0.065,0.0751
20:27:37.726,1790256457.7263,998,2.591,-3.19,1.489,4.022,-0.00088,-0.00543,1.00867,-0.00022,-0.00272,-0.00191,-0.02389,-0.1116,0.98125,0.11551,0.08921,0.00074,1.0,-0.00266,-0.00042,0.00108,0.99892,-0.04278,0.01571,0.00922,33.29,34.45,0.0735,0.0709
20:27:37.746,1790256457.7468,999,2.679,-3.007,1.491,4.014,0.00124,-0.01388,0.99389,-0.00011,0.00122,0.0004,-0.01898,-0.12833,1.00477,0.11912,0.08794,0.00079,0.99999,-0.0042,-0.0005,0.00108,0.99891,-0.04273,0.01642,0.00911,33.29,34.45,0.0755,0.0702
20:27:37.767,1790256457.7671,1000,2.686,-3.157,1.492,4.005,8e-05,-0.00647,0.98472,-0.00022,0.00167,-0.00367,-0.0158,-0.1418,0.99195,0.12432,0.08833,0.00312,1.0,-0.00296,0.00013,0.00104,0.9989,-0.04279,0.0171,0.00902,33.29,34.45,0.0686,0.0784
20:27:37.787,1790256457.7873,1001,2.623,-3.237,1.494,3.997,-0.01525,-0.00069,0.99231,-0.00052,0.00274,0.00229,-0.03084,-0.13769,0.9902,0.11987,0.07483,0.00657,1.0,-0.00247,0.00157,0.00107,0.99887,-0.04298,0.01798,0.00898,33.29,34.45,0.0743,0.0798
20:27:37.807,1790256457.8076,1002,2.689,-3.073,1.495,3.988,-0.00256,-0.02542,0.98422,0.00317,-0.00198,0.00024,-0.0125,-0.14477,0.98122,0.12519,0.08201,-0.00191,0.99999,-0.00383,0.00151,0.00108,0.99887,-0.04291,0.01851,0.00883,33.29,34.45,0.0684,0.0739
20:27:37.828,1790256457.8279,1003,2.953,-3.172,1.497,3.98,0.00955,0.00181,0.99008,-0.00273,-0.00258,-0.00114,-0.03241,-0.12883,0.98048,0.12065,0.09715,0.0027,0.99999,-0.00297,0.0003,0.00106,0.99885,-0.04294,0.0196,0.00874,33.29,34.45,0.0726,0.0721
20:27:37.848,1790256457.8484,1004,3.15,-3.088,1.499,3.972,0.01356,-0.0118,0.98281,-0.00092,-0.00062,0.00024,-0.00605,-0.14413,0.99982,0.12234,0.09286,0.00045,0.99999,-0.0035,-0.00098,0.00106,0.99885,-0.04276,0.02005,0.0086,33.29,34.45,0.0672,0.0724
20:27:37.869,1790256457.869,1005,3.184,-3.217,1.501,3.963,-0.00557,0.00616,0.97965,-0.00326,0.00312,0.00155,-0.03005,-0.13996,0.99424,0.13154,0.10016,-0.00639,1.0,-0.00239,-0.00029,0.00108,0.99883,-0.04275,0.02103,0.0084,33.29,34.45,0.0648,0.0766
20:27:37.889,1790256457.8894,1006,3.154,-3.334,1.502,3.955,-0.00269,0.00796,0.99618,-0.00068,1e-05,0.00127,-0.00591,-0.11787,0.99186,0.13677,0.10326,0.00184,1.0,-0.00086,0.00011,0.00108,0.99885,-0.04223,0.02114,0.00825,33.29,34.45,0.0772,0.0791
20:27:37.909,1790256457.9097,1007,3.36,-3.201,1.505,3.946,0.00802,-0.00675,1.00145,-0.00156,-0.00113,-0.00037,0.00251,-0.14764,0.98215,0.1317,0.10364,0.00087,1.0,-0.00171,-0.00127,0.00107,0.99885,-0.04194,0.02157,0.00811,33.29,34.45,0.0789,0.0749
20:27:37.930,1790256457.9299,1008,3.334,-3.103,1.507,3.938,-0.00775,-0.00936,0.98568,-0.00032,-0.00129,0.00491,-0.02943,-0.14196,0.97606,0.1335,0.10334,-0.00445,1.0,-0.00242,-8e-05,0.00113,0.99884,-0.04178,0.02255,0.00792,33.29,34.45,0.0693,0.0701
20:27:37.950,1790256457.9501,1009,3.556,-3.148,1.509,3.93,0.01363,0.00276,0.99005,-0.00193,0.0008,0.00067,-0.01509,-0.15511,0.97986,0.14596,0.09565,0.00144,1.0,-0.00172,-0.00136,0.00113,0.99884,-0.04149,0.0232,0.00779,33.29,34.45,0.0726,0.0741
20:27:37.970,1790256457.9707,1010,3.744,-3.062,1.512,3.922,0.02954,-0.01049,0.97064,-0.00119,-0.00161,-0.00142,-0.00711,-0.13873,0.97968,0.13952,0.10188,0.00069,0.99999,-0.00204,-0.00254,0.00112,0.99885,-0.04108,0.02367,0.00764,33.29,34.45,0.0584,0.0721
20:27:37.990,1790256457.9908,1011,3.9,-3.158,1.515,3.914,0.01471,0.01114,0.98558,-0.00208,-0.00039,0.00132,-0.01408,-0.13892,0.99742,0.14005,0.1102,-0.00197,0.99999,-0.00088,-0.0033,0.00113,0.99885,-0.04076,0.02426,0.00746,33.29,34.45,0.0693,0.0746
20:27:38.011,1790256458.0113,1012,4.12,-3.106,1.518,3.906,0.02163,-0.00324,1.01057,-0.00062,0.00131,-0.0001,0.0013,-0.1585,0.9856,0.14123,0.10422,0.00495,0.99999,-0.00102,-0.00477,0.00113,0.99885,-0.04046,0.02472,0.00734,33.29,34.45,0.0719,0.0787
20:27:38.031,1790256458.0317,1013,4.188,-2.879,1.521,3.898,0.00972,-0.02074,0.99863,-0.00095,0.00034,0.00048,-1e-05,-0.16577,0.97007,0.1347,0.10133,0.00141,0.99998,-0.00263,-0.00479,0.00114,0.99885,-0.0401,0.02532,0.0072,33.29,34.45,0.0792,0.0681
20:27:38.052,1790256458.0519,1014,4.311,-2.993,1.524,3.89,0.01016,-0.00132,0.98729,0.00028,0.00239,-0.00225,0.00064,-0.18114,0.99621,0.14811,0.12079,-0.00621,0.99999,-0.00123,-0.00502,0.00111,0.99885,-0.03968,0.02614,0.00697,33.29,34.45,0.0705,0.0706
20:27:38.072,1790256458.0724,1015,4.264,-2.897,1.527,3.882,-0.01012,-0.01102,0.97743,0.003,0.00125,-0.00056,-0.01355,-0.17628,1.00086,0.14185,0.10424,-0.00108,0.99999,-0.00171,-0.00383,0.00111,0.99884,-0.03931,0.02694,0.00681,33.29,34.45,0.0632,0.0677
20:27:38.093,1790256458.0929,1016,4.384,-2.728,1.53,3.874,0.01264,-0.02007,0.9678,-0.00239,0.0021,0.0029,-0.01259,-0.15768,0.9808,0.14838,0.11563,-0.00103,0.99999,-0.00283,-0.00416,0.00114,0.99884,-0.03896,0.02768,0.00662,33.29,34.45,0.0561,0.0751
20:27:38.113,1790256458.1132,1017,4.345,-2.579,1.534,3.867,-0.01244,-0.02192,0.97563,0.00307,0.00247,-0.00242,-0.00702,-0.15271,0.97041,0.14834,0.11174,-0.00217,0.99999,-0.00359,-0.00315,0.00113,0.99884,-0.0384,0.02835,0.00644,33.29,34.45,0.062,0.0668
20:27:38.133,1790256458.1336,1018,4.283,-2.505,1.537,3.86,-0.01581,-0.00842,0.98964,0.00014,-0.00292,0.00083,-0.00976,-0.16249,0.96233,0.1475,0.12061,0.00117,0.99999,-0.00368,-0.00172,0.00114,0.99884,-0.03783,0.02926,0.00628,33.29,34.45,0.0724,0.062
20:27:38.153,1790256458.1538,1019,4.452,-2.616,1.54,3.852,0.01314,0.01404,0.99074,0.00393,-0.00029,-7e-05,-0.02139,-0.16328,0.99725,0.15442,0.11521,-0.00017,0.99999,-0.00229,-0.00234,0.00114,0.99883,-0.0374,0.0301,0.00611,33.29,34.45,0.0732,0.0719
20:27:38.174,1790256458.1741,1020,4.7,-2.441,1.544,3.845,0.01537,-0.01335,1.00138,-0.00117,-0.00274,-0.00136,-0.01047,-0.17412,0.9679,0.15061,0.1231,0.0032,0.99999,-0.00331,-0.00361,0.00113,0.99882,-0.03691,0.03101,0.00597,33.29,34.45,0.0788,0.0676
20:27:38.194,1790256458.1946,1021,4.737,-2.278,1.547,3.838,-0.00499,-0.02421,0.96104,-0.00126,0.00259,-0.00456,-0.02602,-0.16378,1.00062,0.16124,0.1192,0.00292,0.99999,-0.00419,-0.003,0.00109,0.99881,-0.03637,0.03195,0.00582,33.29,34.45,0.051,0.0693
20:27:38.215,1790256458.2151,1022,4.822,-2.407,1.551,3.831,0.00655,0.00325,1.0099,-0.00236,0.00281,-0.00123,-0.02511,-0.14364,0.98196,0.14592,0.11278,-0.00264,0.99999,-0.00273,-0.00304,0.00107,0.9988,-0.03603,0.03264,0.00562,33.29,34.45,0.0726,0.0745
20:27:38.235,1790256458.2356,1023,4.983,-2.517,1.555,3.823,0.01722,0.0123,0.99622,-0.00184,0.00172,-0.00365,-0.00854,-0.1547,0.98863,0.14785,0.11947,-0.00131,0.99999,-0.00141,-0.00387,0.00103,0.9988,-0.03566,0.0332,0.00541,33.29,34.45,0.0773,0.0795
20:27:38.256,1790256458.2562,1024,5.11,-2.616,1.559,3.816,0.01196,0.01214,0.9798,0.00156,-0.00202,-0.00059,-0.02008,-0.14732,1.00509,0.13841,0.11462,0.00116,0.99999,-0.00011,-0.00427,0.00102,0.99879,-0.03522,0.0339,0.00525,33.29,34.45,0.065,0.068
20:27:38.276,1790256458.2768,1025,5.027,-2.501,1.563,3.809,-0.01388,-0.01237,0.97993,-0.00074,-0.00163,0.00153,-0.01977,-0.13785,0.9887,0.14486,0.10845,0.00183,0.99999,-0.00076,-0.00312,0.00104,0.99879,-0.03485,0.03434,0.00508,33.29,34.45,0.0651,0.0788
20:27:38.297,1790256458.2974,1026,5.034,-2.611,1.567,3.802,-0.00256,0.01992,1.00248,-0.00014,0.00173,-0.0,-0.0087,-0.15872,1.00004,0.1499,0.11949,-0.0016,1.0,0.00073,-0.00251,0.00103,0.99879,-0.0343,0.035,0.00488,33.29,34.45,0.078,0.0706
20:27:38.318,1790256458.3179,1027,5.245,-2.452,1.571,3.794,0.00602,0.00047,0.98925,0.00262,-0.00191,0.0021,-0.02037,-0.15212,0.98349,0.15333,0.12427,0.00072,0.99999,-0.00024,-0.00362,0.00106,0.99878,-0.03389,0.03574,0.00469,33.29,34.45,0.072,0.0765
20:27:38.338,1790256458.3383,1028,5.275,-2.27,1.575,3.787,0.00222,-0.01142,0.97812,-0.00031,-0.00403,0.00373,-0.01401,-0.17088,0.99442,0.14741,0.1208,0.00223,0.99999,-0.00143,-0.00314,0.00111,0.99876,-0.03349,0.0365,0.00453,33.29,34.45,0.0636,0.0732
20:27:38.359,1790256458.3588,1029,5.19,-2.19,1.58,3.781,-0.00379,-0.00525,0.98436,-0.00142,0.00075,-0.00288,-0.01258,-0.15833,0.99524,0.13875,0.11811,0.00645,1.0,-0.00178,-0.00177,0.00108,0.99875,-0.03312,0.03713,0.0044,33.29,34.45,0.0683,0.0741
20:27:38.379,1790256458.3791,1030,5.237,-1.982,1.584,3.774,-0.00179,-0.02269,0.98888,0.00184,-0.00171,-0.00245,-0.0126,-0.18722,0.99368,0.15047,0.11751,-0.0019,0.99999,-0.00317,-0.00141,0.00106,0.99874,-0.03269,0.03791,0.0042,33.29,34.45,0.0719,0.0716
20:27:38.399,1790256458.3993,1031,5.345,-1.761,1.588,3.768,0.00529,-0.01726,1.00031,-0.00051,-0.00205,0.00336,0.00141,-0.16577,0.98591,0.14211,0.12843,0.00296,0.99999,-0.00474,-0.00179,0.0011,0.99873,-0.03234,0.03849,0.00403,33.29,34.45,0.0796,0.0798
20:27:38.419,1790256458.4198,1032,5.45,-1.888,1.592,3.761,0.0044,-0.002,0.99023,0.00262,-0.00049,-0.0006,-0.02362,-0.16404,0.9742,0.14687,0.1113,-0.00168,0.99999,-0.00323,-0.00197,0.00109,0.99871,-0.03193,0.03921,0.00383,33.29,34.45,0.0727,0.0711
20:27:38.440,1790256458.4401,1033,5.625,-1.896,1.597,3.755,0.00591,-0.00489,0.9796,-0.00725,0.00205,0.0032,-0.00761,-0.14713,0.97408,0.14804,0.10848,-0.00086,0.99999,-0.00255,-0.00303,0.00112,0.99872,-0.03131,0.03968,0.00363,33.29,34.45,0.0647,0.0689
20:27:38.460,1790256458.4604,1034,5.614,-1.746,1.601,3.749,0.00223,-0.01009,0.98539,-0.00211,0.00117,0.00106,-0.03321,-0.18001,0.98866,0.13892,0.10434,-0.00297,0.99999,-0.0037,-0.00219,0.00114,0.99869,-0.03114,0.04043,0.00342,33.29,34.45,0.0691,0.0759
20:27:38.481,1790256458.4808,1035,5.677,-1.851,1.606,3.743,0.004,0.00811,1.00477,-0.00226,-0.00206,0.00032,-0.01377,-0.14364,0.96689,0.14143,0.10727,0.00314,0.99999,-0.00216,-0.00217,0.00114,0.99869,-0.03051,0.04099,0.00327,33.29,34.45,0.0764,0.0632
20:27:38.501,1790256458.5013,1036,5.61,-1.881,1.611,3.736,-0.02095,0.01034,0.98052,-0.00047,-0.00309,0.00171,-0.00051,-0.17359,0.98691,0.14953,0.11975,0.0014,1.0,-0.0015,-0.00104,0.00116,0.99868,-0.03008,0.04153,0.00308,33.29,34.45,0.0656,0.0785
20:27:38.521,1790256458.5215,1037,5.836,-1.794,1.615,3.73,0.01771,-0.00674,0.99021,0.00385,0.00419,-0.00015,-0.02651,-0.16928,0.99922,0.14816,0.09797,-0.00147,0.99999,-0.0018,-0.00243,0.00116,0.99867,-0.02963,0.04212,0.00289,33.29,34.45,0.0728,0.0696
20:27:38.541,1790256458.5418,1038,5.803,-1.653,1.62,3.724,-0.00044,-0.00858,0.97985,0.00159,0.00326,-0.0006,-0.02583,-0.1748,0.97492,0.1453,0.1078,-0.00149,0.99999,-0.0027,-0.00146,0.00116,0.99865,-0.02929,0.04281,0.00268,33.29,34.45,0.0649,0.0731
20:27:38.562,1790256458.5623,1039,5.797,-1.496,1.625,3.718,-0.00178,-0.01126,0.97041,-0.00132,0.00014,-0.00208,-0.01728,-0.16774,0.99607,0.14279,0.11702,0.00403,0.99999,-0.00366,-0.00074,0.00114,0.99863,-0.02888,0.04348,0.00253,33.29,34.45,0.0579,0.0723
20:27:38.582,1790256458.5828,1040,5.739,-1.598,1.629,3.712,-0.00428,-0.00068,0.99528,0.00048,-0.00157,-0.00276,-0.01829,-0.16805,0.99032,0.14123,0.10395,0.00385,1.0,-0.00248,0.00027,0.00112,0.99862,-0.02856,0.04398,0.00237,33.29,34.45,0.0765,0.0765
20:27:38.603,1790256458.6032,1041,5.952,-1.44,1.634,3.706,0.00834,-0.01467,1.00108,0.00283,-0.00394,0.00033,-0.03938,-0.16224,0.97565,0.13293,0.10563,0.00036,0.99999,-0.00364,-0.00087,0.00112,0.9986,-0.02835,0.04471,0.00219,33.29,34.45,0.0791,0.0724
20:27:38.623,1790256458.6234,1042,6.088,-1.272,1.639,3.701,0.00959,-0.01796,0.9788,-0.00097,-0.00038,0.00086,-0.01104,-0.17812,0.99089,0.14812,0.09832,0.00054,0.99999,-0.00468,-0.00163,0.00112,0.99859,-0.02793,0.04513,0.002,33.28,34.45,0.0643,0.0749
20:27:38.644,1790256458.644,1043,6.308,-1.225,1.644,3.695,0.01486,-0.0099,0.98249,-0.0002,0.00188,-0.00419,-0.01657,-0.17842,0.97678,0.14197,0.10472,-0.00365,0.99998,-0.00477,-0.00299,0.00107,0.99857,-0.02759,0.04569,0.00176,33.28,34.45,0.067,0.0748
20:27:38.664,1790256458.6643,1044,6.271,-1.336,1.65,3.69,-0.00153,0.00131,0.99199,-0.00208,-0.00166,0.00074,-0.02317,-0.17078,0.98781,0.14166,0.10357,-0.00126,0.99999,-0.00356,-0.00216,0.00108,0.99856,-0.02732,0.04619,0.00155,33.28,34.45,0.074,0.078
20:27:38.684,1790256458.6846,1045,6.24,-1.148,1.655,3.684,-0.00852,-0.04045,0.99206,0.00026,0.00079,0.00201,-0.00981,-0.16046,0.98335,0.12426,0.09662,2e-05,0.99999,-0.00497,-0.00161,0.00111,0.99855,-0.02711,0.04647,0.00136,33.28,34.45,0.0747,0.0773
20:27:38.705,1790256458.7048,1046,6.15,-1.182,1.66,3.679,-0.01036,-0.00332,0.97985,0.00214,1e-05,-0.00214,-0.01313,-0.17914,0.97781,0.13845,0.09391,0.00185,0.99999,-0.00439,-0.00044,0.00109,0.99854,-0.0268,0.04686,0.00118,33.28,34.45,0.0649,0.0756
20:27:38.725,1790256458.7253,1047,6.307,-1.257,1.665,3.673,0.00805,-0.00116,0.9808,0.00094,0.00114,-0.00203,-0.01555,-0.17609,0.99526,0.13425,0.0949,0.0018,0.99999,-0.00341,-0.00136,0.00107,0.99853,-0.02646,0.0473,0.00101,33.28,34.45,0.0656,0.0719
20:27:38.745,1790256458.7456,1048,6.272,-1.089,1.67,3.668,-0.00771,-0.0233,0.99242,-0.00216,-0.00135,5e-05,-0.01873,-0.18448,0.98596,0.13047,0.10024,0.00565,0.99999,-0.00472,-0.00058,0.00107,0.99851,-0.0263,0.04779,0.00087,33.28,34.45,0.0745,0.0776
20:27:38.765,1790256458.7658,1049,6.23,-1.171,1.675,3.663,-0.00173,-0.00602,0.97403,0.00195,-0.00065,-0.00079,-0.02031,-0.179,0.99453,0.12651,0.09192,0.00064,0.99999,-0.00379,0.00023,0.00107,0.9985,-0.02607,0.04822,0.00069,33.28,34.45,0.0605,0.072
20:27:38.786,1790256458.7863,1050,6.259,-0.948,1.68,3.657,-0.00055,-0.01145,0.99439,0.00202,-0.00494,0.00181,-0.01229,-0.16498,1.00387,0.12694,0.07825,-0.00256,0.99999,-0.00533,0.00021,0.00109,0.9985,-0.02566,0.04845,0.00049,33.28,34.45,0.0758,0.0669
20:27:38.806,1790256458.8068,1051,6.177,-0.795,1.685,3.653,-0.002,-0.01233,0.98535,-0.00075,0.00231,-0.00028,0.00549,-0.17761,0.98768,0.12603,0.09398,0.00109,0.99998,-0.00641,0.00115,0.00109,0.99849,-0.0254,0.04868,0.00031,33.28,34.45,0.0691,0.0773
20:27:38.827,1790256458.8272,1052,6.098,-0.916,1.69,3.647,-0.01404,0.00156,0.99678,0.00076,-0.00168,0.00034,-0.02528,-0.16394,0.99711,0.12021,0.08118,0.00059,0.99998,-0.00518,0.00213,0.00111,0.99848,-0.02521,0.04897,0.00013,33.28,34.45,0.0777,0.0719
20:27:38.847,1790256458.8477,1053,6.251,-0.76,1.695,3.643,-0.00129,-0.01361,1.00255,-0.00166,-0.00274,0.00056,-0.003,-0.17514,0.99506,0.11286,0.08371,-0.00477,0.99998,-0.00636,0.00101,0.00111,0.99848,-0.02503,0.04918,-9e-05,33.28,34.45,0.078,0.0722
20:27:38.868,1790256458.868,1054,6.13,-0.634,1.7,3.638,-0.01968,-0.02869,0.99565,-0.00155,-0.00115,0.00067,-0.01557,-0.1723,0.97995,0.11061,0.06845,-0.0042,0.99997,-0.00744,0.00216,0.00112,0.99847,-0.025,0.04927,-0.00032,33.28,34.45,0.0772,0.0763
20:27:38.888,1790256458.8884,1055,6.129,-0.783,1.705,3.633,-0.0071,-0.0021,1.00188,0.00224,0.00232,-0.00148,-0.02414,-0.1481,0.96948,0.1167,0.08623,-0.00194,0.99998,-0.00585,0.00252,0.00111,0.99846,-0.02469,0.04961,-0.00051,33.28,34.44,0.0786,0.0658
20:27:38.909,1790256458.9089,1056,5.994,-0.894,1.71,3.628,-0.01206,-0.00604,0.9935,0.00138,0.00072,-0.00074,-0.01587,-0.16934,0.98167,0.10821,0.06576,0.00192,0.99998,-0.00489,0.00373,0.00112,0.99846,-0.02469,0.04965,-0.00067,33.28,34.44,0.0752,0.0772
20:27:38.929,1790256458.9293,1057,6.102,-0.784,1.714,3.623,0.00108,-0.02054,0.97848,0.00196,0.00115,0.00126,-0.02408,-0.16184,0.98463,0.10724,0.0768,-0.0042,0.99998,-0.00591,0.00294,0.00113,0.99845,-0.02473,0.04981,-0.00089,33.28,34.44,0.064,0.0786
20:27:38.949,1790256458.9495,1058,6.259,-0.897,1.719,3.618,0.01419,0.00519,0.99051,-0.0004,0.00163,-0.00159,-0.03413,-0.18411,0.99035,0.11052,0.06331,0.00342,0.99999,-0.00496,0.00182,0.00113,0.99844,-0.02476,0.05004,-0.00103,33.28,34.44,0.073,0.0741
20:27:38.970,1790256458.97,1059,6.304,-0.73,1.724,3.613,-0.00056,-0.0266,0.98262,-0.00147,-0.00076,0.0008,-0.02112,-0.16947,0.97243,0.10796,0.06343,-0.00116,0.99998,-0.00633,0.00156,0.00113,0.99844,-0.02467,0.05017,-0.00122,33.28,34.44,0.0672,0.0705
20:27:38.990,1790256458.9902,1060,6.465,-0.829,1.73,3.609,0.00924,-0.00421,0.98848,6e-05,-0.00153,0.00379,-0.02277,-0.19425,0.98864,0.108,0.06381,-0.00311,0.99998,-0.00552,0.00034,0.00117,0.99842,-0.0247,0.05037,-0.00142,33.28,34.44,0.0714,0.0742
20:27:39.010,1790256459.0104,1061,6.435,-0.978,1.735,3.604,-0.0036,-0.00128,0.98218,0.00396,-0.00034,-0.00292,-0.03215,-0.18283,0.96812,0.10889,0.04865,-0.00537,0.99999,-0.0042,0.00073,0.00114,0.99842,-0.02466,0.05049,-0.00164,33.28,34.44,0.0666,0.0693
20:27:39.030,1790256459.0307,1062,6.583,-1.034,1.74,3.598,0.00344,-0.00707,0.98137,-0.00182,0.0025,-0.00045,-0.00472,-0.18857,0.98417,0.09285,0.06446,-0.00221,0.99999,-0.0039,-0.00055,0.00113,0.99841,-0.02483,0.0505,-0.00184,33.28,34.44,0.066,0.0784
20:27:39.051,1790256459.0513,1063,6.566,-1.219,1.745,3.593,-0.00045,0.00541,1.01359,0.00016,-0.00234,4e-05,-0.02002,-0.17218,0.97954,0.09101,0.05692,0.00338,1.0,-0.00248,-0.00041,0.00114,0.99841,-0.025,0.05049,-0.00198,33.28,34.44,0.0698,0.0761
20:27:39.072,1790256459.0719,1064,6.592,-1.381,1.751,3.588,0.00613,0.0103,0.98659,-0.00032,-0.00052,-0.0004,0.00369,-0.17681,0.97197,0.08822,0.04086,-0.00059,1.0,-0.00111,-0.00089,0.00113,0.99842,-0.02503,0.05026,-0.00214,33.28,34.44,0.07,0.0709
20:27:39.092,1790256459.0922,1065,6.701,-1.381,1.756,3.582,0.00839,-0.0037,0.97094,-0.00053,0.00241,-0.00516,-0.02858,-0.15894,0.98224,0.08323,0.04023,-0.0003,1.0,-0.00138,-0.00202,0.00108,0.99842,-0.02529,0.05007,-0.0023,33.28,34.44,0.0582,0.0766
20:27:39.112,1790256459.1127,1066,6.491,-1.356,1.761,3.577,-0.01412,-0.00692,0.99175,0.00158,7e-05,-8e-05,-0.00588,-0.16295,0.99396,0.08182,0.03535,0.00685,1.0,-0.00173,-0.00054,0.00108,0.99844,-0.02542,0.04971,-0.00239,33.28,34.44,0.0739,0.0746
20:27:39.133,1790256459.1334,1067,6.289,-1.428,1.766,3.571,-0.00402,-0.00164,0.99514,0.00091,-0.00121,0.00048,-0.00822,-0.17945,0.99899,0.08165,0.02896,0.00242,1.0,-0.0012,0.00094,0.00109,0.99845,-0.02552,0.04944,-0.00251,33.28,34.44,0.0764,0.0687
20:27:39.165,1790256459.1647,1068,6.493,-1.558,1.771,3.566,0.00718,-0.00017,0.99291,-0.00447,0.00057,-0.00384,-0.02338,-0.16862,0.98198,0.07226,0.02703,-0.00152,1.0,-0.00071,-0.00132,0.00103,0.99845,-0.02613,0.04896,-0.00277,33.28,34.44,0.0747,0.0775
20:27:39.185,1790256459.1852,1069,6.311,-1.607,1.776,3.56,-0.01111,-0.00173,0.98629,-0.00168,-0.00018,-0.00327,-0.02749,-0.18794,0.9812,0.07579,0.03071,-0.00243,1.0,-0.00077,0.0001,0.001,0.99845,-0.02661,0.0488,-0.00295,33.28,34.44,0.0698,0.0796
20:27:39.205,1790256459.2056,1070,6.237,-1.497,1.781,3.555,-0.00733,-0.0181,0.98443,0.00168,0.00144,0.00171,-0.03256,-0.18705,0.96272,0.06911,0.02155,0.00367,1.0,-0.00204,0.00066,0.00102,0.99845,-0.02692,0.04871,-0.00305,33.28,34.44,0.0685,0.0659
20:27:39.226,1790256459.2262,1071,6.215,-1.374,1.786,3.549,0.00015,-0.02891,0.98334,-0.00173,-0.00253,-5e-05,-0.0181,-0.1636,0.97613,0.06586,0.02722,-0.00128,0.99999,-0.00345,0.00055,0.00102,0.99845,-0.02726,0.04839,-0.0032,33.28,34.44,0.0678,0.0724
20:27:39.248,1790256459.2474,1072,6.079,-1.248,1.791,3.544,-0.01075,-0.02382,1.0011,-0.0052,-0.00117,-0.0014,-0.01888,-0.17538,0.97713,0.06759,0.01827,-0.00256,0.99999,-0.00496,0.00136,0.001,0.99846,-0.02767,0.04801,-0.00338,33.28,34.44,0.0789,0.0747
20:27:39.268,1790256459.268,1073,6.114,-1.442,1.795,3.539,0.00394,0.00195,0.99552,0.00012,-0.00089,-0.00237,-0.00494,-0.17233,0.97217,0.06312,0.01397,0.003,0.99999,-0.00359,0.00057,0.00098,0.99847,-0.02798,0.04754,-0.00348,33.28,34.44,0.0766,0.0705
20:27:39.288,1790256459.2887,1074,5.926,-1.405,1.8,3.533,-0.01388,-0.01568,0.99638,-0.00111,0.00147,-0.00222,-0.04096,-0.16654,0.97585,0.05631,0.00781,-0.00716,0.99999,-0.00449,0.00191,0.00096,0.99847,-0.02856,0.04723,-0.00369,33.28,34.44,0.0775,0.0731
20:27:39.309,1790256459.3093,1075,5.715,-1.328,1.804,3.528,-0.01411,-0.01894,0.99632,0.00271,-0.00439,0.00118,0.00244,-0.16123,0.98065,0.05125,0.00347,-0.00092,0.99998,-0.00558,0.00301,0.00098,0.99849,-0.02898,0.04648,-0.00383,33.28,34.44,0.0774,0.0754
20:27:39.329,1790256459.3297,1076,5.788,-1.483,1.808,3.523,0.01109,-0.00032,0.99411,-0.0019,0.00191,-0.00096,-0.0123,-0.16108,0.98267,0.05023,0.00574,0.00181,0.99999,-0.00477,0.00172,0.00097,0.99851,-0.02951,0.04584,-0.00395,33.28,34.44,0.0756,0.0769
20:27:39.350,1790256459.3503,1077,5.661,-1.38,1.812,3.518,-0.00547,-0.02029,0.99248,0.00565,0.00282,-0.00219,-0.0137,-0.15694,0.97909,0.04307,-0.01383,0.00156,0.99998,-0.00622,0.00203,0.00094,0.99853,-0.03006,0.04503,-0.00405,33.28,34.44,0.0745,0.0738
20:27:39.370,1790256459.3708,1078,5.388,-1.508,1.816,3.512,-0.01725,-0.00687,0.9993,-0.00082,0.00056,0.00141,-0.00556,-0.15645,0.9795,0.0452,-0.01395,-0.00168,0.99998,-0.00559,0.00353,0.00096,0.99855,-0.03055,0.04415,-0.00418,33.28,34.44,0.0796,0.074
20:27:39.391,1790256459.3913,1079,5.263,-1.736,1.82,3.506,-0.01599,0.01449,1.00696,-0.00221,-0.00104,-0.0027,-0.03174,-0.15673,0.99822,0.04816,-0.00943,0.00408,0.99998,-0.00417,0.00401,0.00094,0.99856,-0.03111,0.04356,-0.00426,33.28,34.44,0.0746,0.0718
20:27:39.411,1790256459.4118,1080,5.317,-1.692,1.824,3.501,0.00218,-0.01746,0.99504,-0.00238,-0.00023,-0.00196,-0.01465,-0.16233,0.99611,0.03251,-0.00807,-0.00378,0.99998,-0.00524,0.00284,0.00091,0.99857,-0.03179,0.04286,-0.00441,33.28,34.44,0.0764,0.073
20:27:39.432,1790256459.4319,1081,5.398,-1.736,1.828,3.495,0.01094,-0.01465,0.99314,-0.00361,0.00129,0.00056,-0.00562,-0.17687,0.98057,0.02973,-0.0115,-0.00026,0.99998,-0.00565,0.00139,0.00091,0.99857,-0.03257,0.04211,-0.00453,33.28,34.44,0.075,0.0773
20:27:39.452,1790256459.4523,1082,5.206,-1.954,1.831,3.489,-0.00964,0.0002,0.98185,-0.00047,-0.00209,0.00215,-0.00611,-0.15469,0.99046,0.02547,-0.01844,0.00277,0.99999,-0.0045,0.00207,0.00094,0.99859,-0.03332,0.04113,-0.00461,33.28,34.44,0.0664,0.0781
20:27:39.473,1790256459.4728,1083,5.205,-2.174,1.835,3.483,0.00765,0.00424,1.00944,0.00138,9e-05,-0.00266,-0.01566,-0.1486,0.99727,0.01919,-0.02799,-0.00594,0.99999,-0.00336,0.00107,0.00091,0.9986,-0.03409,0.04015,-0.00477,33.28,34.44,0.0729,0.0737
20:27:39.493,1790256459.4934,1084,5.016,-2.107,1.838,3.477,-0.00523,-0.01377,0.9973,-0.00109,0.00044,9e-05,-0.00503,-0.16463,0.98738,0.01868,-0.02757,-0.00167,0.99999,-0.00484,0.00172,0.00091,0.99861,-0.03499,0.03913,-0.00489,33.28,34.44,0.0781,0.0792
20:27:39.513,1790256459.5137,1085,4.901,-2.333,1.841,3.471,-0.00437,-0.00212,0.98064,0.00124,-0.00158,-3e-05,-0.00888,-0.16504,1.00963,0.01809,-0.03173,-0.00623,0.99999,-0.00351,0.00188,0.00092,0.99862,-0.03563,0.0383,-0.00504,33.28,34.44,0.0655,0.0627
20:27:39.534,1790256459.534,1086,4.615,-2.469,1.844,3.465,-0.01596,-0.0041,0.98544,-0.0004,0.00214,-0.00455,-0.01519,-0.14284,0.98622,0.01184,-0.03343,-0.00275,0.99999,-0.0032,0.00326,0.00088,0.99863,-0.03651,0.0372,-0.00516,33.28,34.44,0.0692,0.0775
20:27:39.554,1790256459.5543,1087,4.671,-2.65,1.847,3.458,-3e-05,-0.00419,0.99618,0.00016,0.0007,0.00129,-0.00581,-0.17978,0.98906,0.0037,-0.0409,0.00425,0.99999,-0.0027,0.00178,0.00087,0.99862,-0.03758,0.03622,-0.0052,33.28,34.44,0.0771,0.076
20:27:39.575,1790256459.5748,1088,4.674,-2.916,1.85,3.452,0.00503,0.00669,0.98874,0.00245,0.00057,0.00122,-0.02064,-0.17514,0.97725,0.00898,-0.03609,-0.00254,1.0,-0.00148,0.00093,0.00089,0.99861,-0.03866,0.03542,-0.00531,33.28,34.44,0.0716,0.0748
20:27:39.595,1790256459.5951,1089,4.55,-3.199,1.853,3.444,-0.00147,0.00271,0.98678,0.00281,0.00262,0.00074,-0.01156,-0.152,0.994,-0.0013,-0.04227,0.0022,1.0,-3e-05,0.00086,0.0009,0.99861,-0.03968,0.03429,-0.00537,33.28,34.44,0.0701,0.0758
20:27:39.615,1790256459.6156,1090,4.386,-3.484,1.856,3.437,-0.00689,0.01588,0.98325,0.0045,-0.00022,0.00067,-0.02215,-0.1619,0.9916,0.00167,-0.0482,0.00156,1.0,0.00133,0.00128,0.00091,0.9986,-0.04082,0.0333,-0.00543,33.28,34.44,0.0676,0.0763
20:27:39.636,1790256459.6359,1091,4.291,-3.459,1.859,3.43,6e-05,-0.01712,0.99108,-0.00083,-0.00028,0.00213,-0.02018,-0.17209,0.99353,-0.01358,-0.06027,-0.00525,1.0,-0.00016,0.00108,0.00093,0.99858,-0.04209,0.03227,-0.00555,33.28,34.44,0.0734,0.0736
20:27:39.656,1790256459.6561,1092,4.039,-3.457,1.861,3.422,-0.00986,-0.01087,0.99676,0.0034,0.00228,0.00012,-0.01734,-0.14963,0.98532,-0.01475,-0.0622,0.00059,1.0,-0.00139,0.00202,0.00093,0.99856,-0.04332,0.031,-0.00561,33.28,34.44,0.0776,0.0776
20:27:39.676,1790256459.6765,1093,3.814,-3.732,1.863,3.415,-0.00834,0.00124,0.99779,0.00051,0.00313,0.00027,-0.03516,-0.15289,0.9751,-0.01555,-0.04881,0.00034,0.99999,-0.0003,0.00322,0.00094,0.99853,-0.04463,0.03026,-0.00567,33.28,34.44,0.0784,0.0707
20:27:39.696,1790256459.6967,1094,3.578,-3.999,1.865,3.407,-0.01018,0.00423,0.99299,0.00057,-0.00101,-0.00133,-0.00971,-0.16929,0.97421,-0.01215,-0.06,0.0026,0.99999,0.00089,0.00416,0.00094,0.99851,-0.04579,0.02916,-0.0057,33.28,34.44,0.0748,0.0716
20:27:39.717,1790256459.717,1095,3.599,-4.231,1.867,3.399,0.0078,0.0104,0.98902,0.00162,-0.00573,0.00211,-0.02014,-0.15001,0.9813,-0.02145,-0.05982,-0.00129,0.99999,0.0016,0.00281,0.00097,0.99848,-0.0471,0.02801,-0.00577,33.28,34.44,0.0718,0.0747
20:27:39.737,1790256459.7376,1096,3.318,-4.258,1.868,3.391,-0.00985,-0.0008,0.98001,0.00055,0.00135,-0.00275,-0.00965,-0.14887,0.99768,-0.01935,-0.07087,-0.00153,0.99999,0.00071,0.00381,0.00094,0.99846,-0.04825,0.02656,-0.00585,33.28,34.44,0.065,0.0734
20:27:39.758,1790256459.7581,1097,3.274,-4.374,1.87,3.383,0.01321,-0.00367,0.97531,0.00101,0.00216,0.0021,-0.00322,-0.14351,0.98692,-0.03706,-0.06896,-0.00142,1.0,0.00042,0.0026,0.00096,0.99844,-0.04954,0.02497,-0.00592,33.28,34.44,0.0616,0.078
20:27:39.778,1790256459.7786,1098,3.112,-4.339,1.871,3.375,0.00073,-0.02513,0.99698,0.00118,0.00178,0.00148,-0.012,-0.13479,0.98956,-0.0312,-0.0837,-0.00308,1.0,-0.00113,0.00226,0.00098,0.99842,-0.05079,0.02321,-0.00601,33.28,34.44,0.078,0.0791
20:27:39.798,1790256459.7987,1099,2.806,-4.391,1.872,3.366,-0.01273,-0.00819,0.98201,-0.00131,-0.00141,-0.00239,-0.00921,-0.13882,0.99645,-0.03974,-0.07826,0.00143,0.99999,-0.00193,0.00333,0.00095,0.99839,-0.05207,0.02161,-0.00605,33.28,34.44,0.0666,0.0754
20:27:39.819,1790256459.8193,1100,2.789,-4.642,1.873,3.358,0.00312,0.00185,1.00542,-0.00181,0.00331,0.00173,-0.03001,-0.12244,1.00402,-0.04269,-0.08047,-0.00174,1.0,-0.00116,0.00201,0.00097,0.99835,-0.05347,0.02016,-0.0061,33.28,34.44,0.0759,0.0711
20:27:39.840,1790256459.84,1101,2.719,-4.657,1.874,3.35,0.0027,-0.01114,1.01266,-0.0003,-0.00019,-0.0014,-0.00962,-0.14385,1.00166,-0.03578,-0.0802,0.00364,1.0,-0.00231,0.00112,0.00097,0.99831,-0.05476,0.01865,-0.00611,33.28,34.44,0.0705,0.071
20:27:39.860,1790256459.8603,1102,2.705,-4.749,1.875,3.341,0.00576,-0.0075,1.00715,-0.00063,0.00373,1e-05,-0.00732,-0.14254,1.00564,-0.04949,-0.08163,0.00162,1.0,-0.00282,-0.00027,0.00097,0.99826,-0.05607,0.01714,-0.00613,33.28,34.44,0.0746,0.0682
20:27:39.880,1790256459.8808,1103,2.68,-4.805,1.875,3.333,0.01246,-0.01457,0.99671,-0.00122,-0.00156,0.0021,-0.00521,-0.14349,0.9787,-0.05077,-0.08134,0.00578,0.99999,-0.00379,-0.00157,0.00099,0.9982,-0.05751,0.01562,-0.00611,33.28,34.44,0.0777,0.0719
20:27:39.901,1790256459.9014,1104,2.445,-4.866,1.876,3.324,-0.00794,-0.02014,0.98604,-0.00273,0.00014,-0.00068,-0.02074,-0.14374,0.97669,-0.04711,-0.09269,-0.00085,0.99999,-0.0049,-0.00063,0.00099,0.99812,-0.05918,0.0145,-0.00612,33.28,34.44,0.0697,0.0706
20:27:39.922,1790256459.9219,1105,2.162,-5.173,1.876,3.315,-0.01998,0.0021,1.00023,0.00134,0.00087,0.00104,-0.02212,-0.14507,0.99199,-0.05483,-0.09076,0.00737,0.99999,-0.00411,0.0008,0.00099,0.99802,-0.06108,0.01349,-0.00604,33.28,34.44,0.0797,0.0779
20:27:39.942,1790256459.9424,1106,2.159,-5.126,1.877,3.306,0.01081,-0.00484,0.9891,-0.00392,-0.004,0.00123,-0.01748,-0.10919,0.9803,-0.05718,-0.08765,-0.00708,0.99999,-0.00377,-0.00067,0.001,0.99809,-0.06033,0.01199,-0.00611,33.28,34.44,0.0719,0.0699
20:27:39.962,1790256459.9626,1107,2.298,-5.405,1.877,3.297,0.00773,0.01078,0.98474,-0.00319,-0.00178,0.00375,-0.03553,-0.12657,0.99182,-0.06366,-0.09407,0.00013,1.0,-0.00249,-0.00115,0.00104,0.99801,-0.06147,0.01274,-0.00599,33.28,34.44,0.0686,0.0796
20:27:39.983,1790256459.9832,1108,2.092,-5.295,1.877,3.288,0.00424,-0.01367,1.00002,-0.00043,-1e-05,-7e-05,-0.01288,-0.12268,0.9776,-0.06323,-0.10023,0.00225,0.99999,-0.00409,-0.00151,0.00104,0.99799,-0.06213,0.01057,-0.006,33.28,34.44,0.0799,0.069
20:27:40.003,1790256460.0034,1109,1.692,-5.416,1.877,3.279,-0.00845,-0.01084,0.99365,0.00025,-0.00136,-0.00134,-0.00761,-0.13196,0.98356,-0.07609,-0.10363,-0.00221,0.99999,-0.00444,-4e-05,0.00103,0.99792,-0.06357,0.00855,-0.00606,33.28,34.44,0.0753,0.0743
20:27:40.023,1790256460.0238,1110,1.9,-5.626,1.877,3.27,0.00924,-0.00527,0.98685,-0.00112,-0.00073,-0.00195,-0.0301,-0.1356,0.98117,-0.06507,-0.09727,-0.00265,0.99999,-0.00394,-0.00139,0.00101,0.99783,-0.06488,0.00903,-0.00597,33.28,34.44,0.0702,0.0732
20:27:40.044,1790256460.0442,1111,1.79,-5.682,1.877,3.261,0.00461,0.00556,0.98005,-0.00126,0.00267,-0.00181,-0.01291,-0.10787,1.00401,-0.08153,-0.10531,0.00129,0.99999,-0.00264,-0.00155,0.00099,0.9979,-0.06407,0.00792,-0.00591,33.28,34.44,0.0651,0.0726
20:27:40.064,1790256460.0646,1112,1.698,-5.89,1.877,3.251,0.01602,0.0011,0.99724,0.0023,-0.0017,-0.00226,-0.00488,-0.13068,0.98618,-0.07688,-0.10069,-0.00066,0.99999,-0.00191,-0.003,0.00096,0.99784,-0.06516,0.00569,-0.00596,33.28,34.44,0.078,0.0761
20:27:40.085,1790256460.0848,1113,1.696,-6.046,1.877,3.241,-0.00642,0.01816,0.98245,-0.00093,-0.00069,0.00065,-0.01466,-0.12815,0.98767,-0.08945,-0.10468,-0.00265,1.0,-0.00073,-0.00234,0.00096,0.99783,-0.06534,0.00635,-0.00584,33.28,34.44,0.067,0.077
20:27:40.105,1790256460.1053,1114,1.569,-6.097,1.876,3.232,0.01363,-0.00097,0.98156,-0.00155,0.0007,-0.00328,-0.00969,-0.13111,0.99938,-0.08193,-0.12053,0.0001,0.99999,-0.00068,-0.00368,0.00093,0.99781,-0.06572,0.00388,-0.00587,33.28,34.44,0.0662,0.074
20:27:40.126,1790256460.126,1115,1.139,-6.033,1.876,3.222,-0.01008,-0.00621,1.00609,-0.00308,-0.00293,0.00026,0.00994,-0.12112,0.98857,-0.08779,-0.11253,0.00088,1.0,-0.00113,-0.00222,0.00094,0.99782,-0.06565,0.0016,-0.00589,33.28,34.44,0.0754,0.077
20:27:40.146,1790256460.1463,1116,0.916,-5.995,1.875,3.213,-0.01241,0.00446,0.97534,0.00174,0.00205,-0.0006,-0.00361,-0.11813,0.99506,-0.09734,-0.11372,-0.00089,1.0,-0.00065,-0.00104,0.00093,0.99788,-0.06487,0.00083,-0.00583,33.28,34.43,0.0616,0.0785
20:27:40.167,1790256460.1669,1117,0.767,-5.916,1.874,3.203,0.00022,-0.00179,0.99581,0.00033,-0.00156,0.00058,-0.02198,-0.10815,0.99923,-0.10475,-0.11022,-0.00143,1.0,-0.00106,0.00047,0.00094,0.99789,-0.06461,0.00102,-0.00573,33.28,34.43,0.0769,0.076
20:27:40.187,1790256460.1873,1118,0.846,-5.956,1.872,3.194,0.0031,0.00208,0.98049,0.00314,-0.00075,0.00142,-0.01093,-0.10925,0.99268,-0.09688,-0.11746,0.00257,1.0,-7e-05,-0.00047,0.00096,0.99794,-0.06395,0.00078,-0.0056,33.28,34.43,0.0654,0.079
20:27:40.207,1790256460.2076,1119,0.788,-5.941,1.871,3.184,-0.0055,-0.00296,0.97126,0.00024,0.0,-0.00149,-0.01368,-0.12326,0.98976,-0.10361,-0.11656,-0.00462,1.0,-0.00055,0.00061,0.00096,0.99791,-0.06432,0.00135,-0.00549,33.28,34.43,0.0585,0.0781
20:27:40.228,1790256460.2282,1120,0.658,-5.872,1.87,3.175,-0.01058,-0.0064,0.99902,-0.00048,-0.0015,-0.00018,-0.0247,-0.11905,1.01236,-0.1017,-0.11438,0.00118,1.0,-0.00135,0.00203,0.00096,0.9979,-0.06453,0.00162,-0.00534,33.28,34.43,0.0793,0.0653
20:27:40.249,1790256460.2488,1121,0.858,-5.939,1.869,3.166,0.01343,0.00085,0.97668,-0.00154,-0.0003,-0.00016,-0.02198,-0.12025,0.98833,-0.1103,-0.11953,-0.00074,1.0,-0.0011,0.00077,0.00096,0.99788,-0.06485,0.0021,-0.00519,33.28,34.43,0.0626,0.0769
20:27:40.269,1790256460.2689,1122,0.936,-5.771,1.868,3.156,0.00464,-0.00809,0.99346,-0.00113,0.0037,-0.00195,-0.01785,-0.09536,0.98222,-0.10611,-0.1211,0.00582,1.0,-0.00216,-0.00029,0.00094,0.99791,-0.06443,0.0017,-0.00504,33.28,34.43,0.0751,0.0703
20:27:40.289,1790256460.2893,1123,0.983,-5.595,1.867,3.147,0.00451,-0.00814,0.99211,-0.00036,-0.0012,-0.00126,-0.00924,-0.0971,1.00766,-0.11045,-0.11994,0.00143,0.99999,-0.00322,-0.00139,0.00092,0.99794,-0.06396,0.001,-0.00494,33.27,34.43,0.0741,0.0707
20:27:40.309,1790256460.3095,1124,0.861,-5.671,1.866,3.138,-0.00772,0.01078,0.97773,0.00182,-0.00106,-0.00122,-0.01406,-0.09969,0.98471,-0.10618,-0.12622,-0.00078,1.0,-0.00211,-0.00073,0.00091,0.99797,-0.06351,0.00059,-0.00485,33.27,34.43,0.0634,0.0724
20:27:40.330,1790256460.3298,1125,0.96,-5.605,1.865,3.129,0.01844,-0.00607,0.97604,-0.00156,-0.00044,0.00191,-0.01082,-0.09851,0.99691,-0.1254,-0.11728,0.00071,1.0,-0.00227,-0.002,0.00093,0.998,-0.06309,0.00018,-0.00475,33.27,34.43,0.0622,0.0786
20:27:40.350,1790256460.3502,1126,0.896,-5.703,1.864,3.12,0.00335,0.00234,0.97988,0.00166,0.00321,0.00029,-0.01721,-0.08178,0.99825,-0.11893,-0.12241,0.00409,1.0,-0.00093,-0.00186,0.00093,0.99803,-0.06262,-0.00023,-0.00462,33.27,34.43,0.0649,0.0787
20:27:40.370,1790256460.3706,1127,0.83,-5.601,1.863,3.111,-0.0022,-0.00862,0.9775,0.00352,-0.00398,-0.00026,-0.02026,-0.10806,0.99926,-0.12253,-0.12044,-0.00572,1.0,-0.00187,-0.00107,0.00094,0.99802,-0.06268,-2e-05,-0.00454,33.27,34.43,0.0632,0.076
20:27:40.391,1790256460.391,1128,0.87,-5.637,1.862,3.103,0.01337,0.00149,1.00545,-0.00194,-0.0019,0.00416,0.00114,-0.11493,0.97823,-0.12304,-0.12186,0.00034,1.0,-0.00123,-0.00249,0.00098,0.99804,-0.06234,-0.0011,-0.00449,33.27,34.43,0.0758,0.0687
20:27:40.411,1790256460.4116,1129,0.965,-5.758,1.861,3.093,0.00788,0.0008,0.98485,-0.00037,0.00175,0.00046,-0.01874,-0.09792,1.01172,-0.12838,-0.11757,0.00368,0.99999,-0.00019,-0.00345,0.00097,0.99804,-0.06235,-0.00123,-0.00435,33.27,34.43,0.0687,0.0675
20:27:40.432,1790256460.4321,1130,0.758,-5.724,1.86,3.084,-0.01439,-0.00105,1.00792,-0.00272,0.0028,0.00207,-0.01926,-0.0825,1.00645,-0.12854,-0.11739,0.00077,1.0,-0.00027,-0.00192,0.001,0.99806,-0.06215,-0.0015,-0.00425,33.27,34.43,0.074,0.0725
20:27:40.452,1790256460.4523,1131,0.802,-5.568,1.859,3.076,0.00464,-0.01669,0.99537,0.00271,0.00066,0.00221,-0.01663,-0.10857,0.98966,-0.1268,-0.11899,0.0027,1.0,-0.00178,-0.00199,0.00102,0.99805,-0.0623,-0.00122,-0.00409,33.27,34.43,0.0766,0.0768
20:27:40.472,1790256460.4724,1132,0.7,-5.705,1.858,3.067,0.00582,0.00818,1.00215,-0.00232,0.00094,0.00206,0.00507,-0.08547,1.00967,-0.12523,-0.12796,0.00052,1.0,-0.00024,-0.00223,0.00104,0.99807,-0.06197,-0.00233,-0.00403,33.27,34.43,0.0784,0.07
20:27:40.493,1790256460.4928,1133,0.509,-5.567,1.856,3.058,-0.00244,-0.00601,1.0005,0.00254,0.00092,-0.00145,-0.01168,-0.07429,0.9798,-0.12541,-0.10822,0.00076,1.0,-0.00124,-0.00095,0.00103,0.99808,-0.06176,-0.00273,-0.00396,33.27,34.43,0.0796,0.067
20:27:40.513,1790256460.5131,1134,0.623,-5.471,1.855,3.049,0.02056,-0.01149,1.00466,0.00016,0.00134,0.00173,-0.01814,-0.07579,0.98441,-0.12721,-0.12846,-0.00155,0.99999,-0.00191,-0.00234,0.00105,0.99809,-0.06159,-0.00313,-0.00388,33.27,34.43,0.0763,0.0706
20:27:40.533,1790256460.5335,1135,0.639,-5.305,1.854,3.041,0.01448,-0.01632,0.99481,3e-05,-0.00368,0.0014,0.00573,-0.07461,1.01106,-0.13552,-0.11405,-0.00139,0.99999,-0.00313,-0.00334,0.00107,0.9981,-0.06136,-0.00401,-0.00385,33.27,34.43,0.0763,0.0696
20:27:40.554,1790256460.5539,1136,0.55,-5.103,1.853,3.033,0.00328,-0.01523,1.00158,0.0013,-0.00094,0.0012,-0.0094,-0.08695,0.9881,-0.1247,-0.11486,0.00151,0.99998,-0.00462,-0.00278,0.00109,0.99812,-0.0611,-0.00424,-0.00375,33.27,34.43,0.0787,0.074
20:27:40.574,1790256460.5744,1137,0.379,-5.087,1.851,3.024,-0.00807,-0.01083,0.99102,0.00404,-0.00141,-0.00074,-0.02621,-0.07419,0.99252,-0.1443,-0.11723,-0.00441,0.99999,-0.00476,-0.00131,0.00109,0.99811,-0.06111,-0.00426,-0.00369,33.27,34.43,0.0733,0.0767
20:27:40.595,1790256460.595,1138,0.137,-5.148,1.849,3.016,-0.00622,-0.00506,0.98726,0.00071,-0.00031,-0.00149,0.00488,-0.05342,0.9828,-0.14527,-0.1106,-0.00011,0.99999,-0.00412,-0.0,0.00109,0.99812,-0.06101,-0.00506,-0.00365,33.27,34.43,0.0705,0.0682
20:27:40.615,1790256460.6153,1139,0.168,-5.286,1.848,3.008,0.00254,-0.00276,0.99035,3e-05,-0.0019,-0.00073,-0.01005,-0.06443,1.00891,-0.14177,-0.10937,0.00102,1.0,-0.00278,-0.00066,0.00109,0.99812,-0.06089,-0.00544,-0.00358,33.27,34.43,0.0728,0.0717
20:27:40.635,1790256460.6354,1140,0.249,-5.441,1.846,2.999,0.01108,0.01108,1.00036,0.00115,-0.00154,-0.00079,-0.01109,-0.08127,1.00543,-0.14316,-0.10616,0.00491,1.0,-0.00139,-0.00149,0.00108,0.99813,-0.06083,-0.00556,-0.00345,33.27,34.43,0.0796,0.0734
20:27:40.656,1790256460.6561,1141,0.101,-5.39,1.844,2.991,-0.02198,-0.0114,0.98395,0.00277,-0.0029,-0.00453,-0.01491,-0.08419,0.99927,-0.14702,-0.11295,-0.00666,1.0,-0.00182,-0.00019,0.00103,0.99813,-0.06084,-0.00556,-0.00343,33.27,34.43,0.0682,0.0778
20:27:40.676,1790256460.6762,1142,0.245,-5.385,1.843,2.982,0.01158,-0.0032,0.97832,0.00133,0.00012,-0.00076,3e-05,-0.09887,0.999,-0.14706,-0.0962,1e-05,1.0,-0.00178,-0.00148,0.00103,0.99813,-0.06073,-0.00559,-0.00336,33.27,34.43,0.0638,0.0771
20:27:40.696,1790256460.6968,1143,0.163,-5.478,1.841,2.974,0.00159,0.00124,0.96788,-0.00224,0.00169,-0.0036,0.00288,-0.07992,0.99538,-0.14779,-0.09498,-0.00111,1.0,-0.00069,-0.00116,0.001,0.99815,-0.06047,-0.00598,-0.00333,33.27,34.43,0.0559,0.0789
20:27:40.717,1790256460.7173,1144,0.189,-5.312,1.839,2.965,0.00308,-0.00468,0.98701,-0.00072,-0.00087,0.00263,-0.02141,-0.06141,0.98678,-0.13894,-0.10948,0.0021,1.0,-0.0021,-0.00151,0.00103,0.99815,-0.06043,-0.00612,-0.00323,33.27,34.43,0.0703,0.0717
20:27:40.737,1790256460.7376,1145,0.058,-5.244,1.838,2.957,-0.01411,-0.01296,0.99316,-0.00079,0.00102,0.00127,-0.02637,-0.06864,0.9926,-0.15305,-0.09655,0.00085,1.0,-0.0028,-0.00016,0.00103,0.99814,-0.06054,-0.00592,-0.00315,33.27,34.43,0.075,0.0765
20:27:40.758,1790256460.7581,1146,0.113,-5.402,1.836,2.949,0.00616,0.00636,1.00164,0.00081,-1e-05,0.00107,-0.01162,-0.06221,0.98589,-0.14258,-0.09978,0.00018,1.0,-0.00135,-0.00086,0.00103,0.99815,-0.06047,-0.00614,-0.00308,33.27,34.43,0.0787,0.0709
20:27:40.778,1790256460.7785,1147,0.193,-5.239,1.834,2.941,0.00831,-0.01465,0.99706,0.00272,0.00076,0.00414,-0.01096,-0.06996,0.99754,-0.15773,-0.09931,0.00122,0.99999,-0.00271,-0.00163,0.00107,0.99815,-0.0604,-0.00622,-0.00301,33.27,34.43,0.0779,0.08
20:27:40.799,1790256460.799,1148,0.047,-5.321,1.832,2.932,-0.00718,0.00108,0.98196,0.00267,-0.00188,0.00056,-0.00594,-0.07646,0.98795,-0.15186,-0.0958,0.00212,1.0,-0.00197,-0.00049,0.00108,0.99815,-0.06038,-0.00635,-0.00293,33.27,34.43,0.0665,0.0732
20:27:40.819,1790256460.8197,1149,-0.017,-5.142,1.831,2.924,-0.00469,-0.02365,0.99483,-0.00113,-0.00125,-0.00019,-0.01773,-0.04134,0.98348,-0.14355,-0.08899,-0.00157,0.99999,-0.0035,-8e-05,0.00108,0.99815,-0.06035,-0.00651,-0.00289,33.27,34.43,0.0763,0.0684
20:27:40.840,1790256460.84,1150,-0.141,-5.238,1.829,2.916,-0.00507,0.0062,0.97392,0.00175,0.00042,0.00086,0.00816,-0.0556,0.99357,-0.14187,-0.0973,-0.00294,1.0,-0.00236,0.00038,0.00108,0.99817,-0.06006,-0.00712,-0.00289,33.27,34.43,0.0605,0.0764
20:27:40.860,1790256460.8606,1151,-0.124,-5.073,1.827,2.908,0.00268,-0.01371,0.99933,-0.00267,0.00018,-0.00197,0.00356,-0.06091,1.01736,-0.15914,-0.0921,0.00015,0.99999,-0.00392,-0.00021,0.00106,0.99816,-0.06017,-0.00757,-0.00286,33.27,34.43,0.0796,0.0656
20:27:40.881,1790256460.881,1152,-0.052,-5.229,1.825,2.9,0.01022,0.01252,0.99808,-0.00178,-0.00122,0.00296,-0.01121,-0.05777,0.98589,-0.14248,-0.08838,0.00312,1.0,-0.00249,-0.00092,0.00109,0.99816,-0.0601,-0.00765,-0.00278,33.27,34.43,0.0787,0.0707
20:27:40.901,1790256460.9016,1153,-0.167,-5.345,1.823,2.892,-0.00155,0.00385,0.97452,-0.00041,0.00132,-0.00136,0.00921,-0.06017,0.99135,-0.1521,-0.09385,0.00371,1.0,-0.00132,-0.00047,0.00109,0.99816,-0.05994,-0.0082,-0.00272,33.27,34.43,0.0609,0.0749
20:27:40.922,1790256460.922,1154,-0.179,-5.158,1.821,2.884,0.00117,-0.01377,0.9905,-0.00233,0.0011,-0.00031,-0.00273,-0.05375,0.9896,-0.14814,-0.07877,-0.01062,1.0,-0.00283,-0.0005,0.00109,0.99817,-0.05982,-0.00834,-0.00279,33.27,34.43,0.0729,0.0733
20:27:40.942,1790256460.9425,1155,-0.343,-5.246,1.819,2.876,-0.02003,0.0083,0.98872,-0.00033,0.00202,0.00193,-0.00542,-0.02649,1.01382,-0.15099,-0.07536,0.00224,1.0,-0.00202,0.00074,0.00112,0.99817,-0.05979,-0.00853,-0.00275,33.27,34.43,0.0717,0.0694
20:27:40.962,1790256460.9627,1156,-0.194,-5.193,1.817,2.868,0.00409,-0.0066,0.98103,0.00083,-0.0036,-0.00072,-0.0137,-0.0497,0.98504,-0.15599,-0.07742,0.00144,1.0,-0.00259,-0.0005,0.00111,0.99817,-0.05989,-0.00848,-0.00269,33.27,34.43,0.0658,0.0698
20:27:40.983,1790256460.9832,1157,-0.232,-5.363,1.815,2.86,-0.00608,0.01303,0.99719,-0.0012,-0.00012,-0.00148,-0.02847,-0.04061,1.00764,-0.14619,-0.07197,-0.00182,1.0,-0.0011,8e-05,0.00111,0.99817,-0.05988,-0.00823,-0.00266,33.27,34.43,0.078,0.0734
20:27:41.003,1790256461.0037,1158,-0.262,-5.509,1.813,2.851,-0.00065,0.00369,0.98886,-0.00213,0.00113,0.00071,-0.002,-0.0444,1.00393,-0.15082,-0.07384,0.00548,1.0,0.00034,0.00021,0.00112,0.99818,-0.05972,-0.00835,-0.00258,33.27,34.43,0.0716,0.0763
20:27:41.024,1790256461.0242,1159,-0.349,-5.347,1.81,2.843,-0.00739,-0.0118,0.98855,-0.00138,0.00102,0.00058,-0.00098,-0.05027,1.00796,-0.14817,-0.06655,0.0072,1.0,-0.00094,0.00092,0.00112,0.99818,-0.05959,-0.00841,-0.00249,33.27,34.43,0.0715,0.0731
20:27:41.044,1790256461.0445,1160,-0.519,-5.261,1.808,2.835,-0.00981,-0.00488,0.99452,0.00029,-0.00047,-0.00527,-0.0035,-0.03322,0.99867,-0.15411,-0.06702,-0.00205,1.0,-0.00148,0.00235,0.00107,0.9982,-0.0594,-0.00846,-0.00249,33.27,34.43,0.0759,0.0794
20:27:41.065,1790256461.0648,1161,-0.351,-5.202,1.806,2.827,0.00115,-0.00407,1.00171,-0.00304,-0.00055,0.00059,0.00175,-0.03284,1.00832,-0.14426,-0.06154,0.00404,1.0,-0.00181,0.00077,0.00107,0.99821,-0.0592,-0.00858,-0.00244,33.27,34.43,0.0787,0.0734
20:27:41.085,1790256461.0851,1162,-0.407,-5.356,1.804,2.819,-0.00343,0.00603,0.99556,-0.00058,-0.00089,7e-05,0.00459,-0.03082,0.98921,-0.14385,-0.06448,0.00441,1.0,-0.00028,0.00107,0.00107,0.99822,-0.05902,-0.00877,-0.00238,33.27,34.43,0.0767,0.0723
20:27:41.105,1790256461.1053,1163,-0.449,-5.511,1.802,2.811,-0.00372,0.0229,0.99933,-0.00359,-0.00383,-0.00256,0.01714,-0.01806,0.9896,-0.14281,-0.05409,0.00071,1.0,0.00129,0.00114,0.00105,0.99823,-0.0588,-0.00906,-0.00239,33.27,34.43,0.0797,0.0724
20:27:41.126,1790256461.1259,1164,-0.288,-5.373,1.8,2.803,0.01573,-0.01359,1.00185,0.00017,0.00241,0.00232,-0.01055,-0.03302,1.00301,-0.15252,-0.054,0.00299,1.0,0.00021,-5e-05,0.00108,0.99824,-0.05867,-0.00885,-0.00234,33.27,34.43,0.0784,0.0773
20:27:41.146,1790256461.1465,1165,-0.499,-5.361,1.797,2.795,-0.00706,0.00084,0.99793,0.00053,0.00422,0.00093,0.01094,-0.01253,0.98706,-0.14031,-0.05132,-0.00246,1.0,0.00031,0.0016,0.00109,0.99825,-0.05847,-0.00903,-0.00237,33.27,34.43,0.0785,0.0704
20:27:41.167,1790256461.1669,1166,-0.62,-5.254,1.795,2.787,-0.00978,-0.00281,0.98713,-0.00229,-0.00245,-0.00167,-0.00602,-0.02385,1.00257,-0.14627,-0.04611,-0.0014,1.0,-0.00038,0.00285,0.00107,0.99826,-0.05823,-0.00885,-0.00238,33.27,34.43,0.0704,0.0778
20:27:41.187,1790256461.1873,1167,-0.507,-5.114,1.793,2.779,0.01042,-0.01607,0.98208,-0.00228,-0.0003,0.00244,-0.00076,0.00674,0.99461,-0.1434,-0.04782,-0.00203,1.0,-0.00134,0.00186,0.00109,0.99828,-0.05797,-0.00886,-0.0024,33.27,34.43,0.0667,0.076
20:27:41.207,1790256461.2076,1168,-0.587,-5.268,1.79,2.771,-0.01051,0.00676,0.99934,0.00083,-0.00205,0.00171,-0.01412,-0.02571,1.0195,-0.14468,-0.04399,-0.00105,1.0,-2e-05,0.00278,0.00112,0.99828,-0.058,-0.00862,-0.0024,33.27,34.43,0.0796,0.0651
20:27:41.228,1790256461.228,1169,-0.512,-5.398,1.788,2.763,-9e-05,0.01377,0.99432,-0.00215,0.00079,-0.00054,0.00069,-0.01906,1.00272,-0.14419,-0.04155,-0.00255,1.0,0.0014,0.00222,0.00112,0.99829,-0.05771,-0.00853,-0.00243,33.27,34.43,0.0758,0.0778
20:27:41.248,1790256461.2483,1170,-0.362,-5.546,1.786,2.755,0.00269,0.01301,1.00618,0.00043,-0.00193,0.00246,-0.01887,-0.02697,1.02051,-0.14153,-0.03178,0.00343,0.99999,0.00266,0.00132,0.00115,0.9983,-0.05774,-0.00811,-0.00239,33.27,34.43,0.0753,0.0642
20:27:41.269,1790256461.2688,1171,-0.351,-5.35,1.784,2.747,-0.00306,-0.0025,0.98292,0.00048,-0.00061,0.0017,-0.00465,-0.01934,0.99013,-0.12777,-0.04064,0.00284,1.0,0.00129,0.00139,0.00116,0.99832,-0.0574,-0.00796,-0.00236,33.27,34.43,0.0672,0.0727
20:27:41.289,1790256461.2893,1172,-0.22,-5.237,1.782,2.739,0.00365,-0.00201,0.97983,-0.00239,0.00364,-0.00115,0.00985,-0.00287,0.98351,-0.13495,-0.02325,-0.00142,1.0,0.0005,0.00034,0.00115,0.99833,-0.0572,-0.00787,-0.00239,33.27,34.43,0.0649,0.0677
20:27:41.310,1790256461.3099,1173,-0.146,-5.338,1.78,2.731,0.00069,0.00373,1.01414,0.002,0.00091,-0.00049,0.00893,-0.00694,1.0004,-0.13753,-0.0332,0.00175,1.0,0.00179,-0.0003,0.00115,0.99835,-0.05678,-0.00785,-0.00239,33.27,34.43,0.0694,0.0797
20:27:41.330,1790256461.3304,1174,-0.217,-5.162,1.778,2.724,-0.00599,-0.0038,0.99004,-0.00332,0.00233,0.00249,-0.00969,-0.01098,0.99223,-0.12539,-0.02304,7e-05,1.0,0.00065,0.00071,0.00118,0.99838,-0.0564,-0.00747,-0.00239,33.27,34.43,0.0726,0.0743
20:27:41.350,1790256461.3508,1175,-0.171,-4.94,1.776,2.716,0.00259,-0.02287,0.98875,-0.00399,0.00176,0.0008,-0.00132,0.00576,1.00388,-0.12797,-0.02952,0.0019,1.0,-0.00084,0.00049,0.00119,0.9984,-0.05595,-0.0073,-0.00238,33.27,34.43,0.0718,0.0771
20:27:41.371,1790256461.3712,1176,-0.05,-5.039,1.774,2.709,-0.00048,-0.00082,0.98584,0.00414,-0.0015,0.00133,0.00089,-0.00983,1.00496,-0.12988,-0.01214,0.00302,1.0,0.00043,-0.00024,0.0012,0.99843,-0.05554,-0.00696,-0.00237,33.27,34.43,0.0694,0.0762
20:27:41.391,1790256461.3914,1177,-0.108,-4.851,1.773,2.701,-0.01581,-0.01782,1.00084,-0.00124,-0.00044,-0.00014,-0.01657,0.00391,1.00132,-0.12864,-0.01255,-0.00062,1.0,-0.00078,0.0008,0.0012,0.99846,-0.0551,-0.00643,-0.00238,33.27,34.43,0.0792,0.0789
20:27:41.411,1790256461.4118,1178,-0.163,-4.858,1.771,2.694,-0.02561,0.0045,0.9829,-0.00131,-0.00123,0.00248,-0.02865,-0.0084,1.01569,-0.12102,0.00788,-0.00153,1.0,-0.00045,0.00213,0.00123,0.99848,-0.05485,-0.00558,-0.0024,33.27,34.43,0.0674,0.0679
20:27:41.432,1790256461.4321,1179,0.032,-4.846,1.769,2.687,0.00352,0.00078,0.98648,0.00019,0.00057,-0.00075,0.00744,0.00669,1.00529,-0.12996,0.00091,0.00398,1.0,-0.00015,0.00074,0.00123,0.9985,-0.05444,-0.00527,-0.00239,33.27,34.43,0.0699,0.076
20:27:41.452,1790256461.4524,1180,0.19,-4.688,1.767,2.68,0.01445,-0.01501,0.97979,-0.00288,0.00159,-0.00316,-0.00136,0.00883,0.98988,-0.11828,0.00229,-0.00229,1.0,-0.00108,-0.00022,0.0012,0.99853,-0.05398,-0.00485,-0.00244,33.27,34.43,0.065,0.0724
20:27:41.472,1790256461.4728,1181,0.075,-4.696,1.766,2.672,-0.01893,0.00731,0.98868,-5e-05,0.00093,0.00032,0.00954,0.00081,0.99477,-0.11663,0.00473,0.00782,1.0,-0.00044,0.00109,0.0012,0.99856,-0.05342,-0.00455,-0.00239,33.27,34.43,0.0717,0.0761
20:27:41.493,1790256461.493,1182,0.157,-4.828,1.764,2.665,-0.00095,0.01383,1.00304,-0.00235,0.00139,0.00374,-0.00128,0.01752,0.98758,-0.12156,0.02307,-0.00299,1.0,0.0011,0.00097,0.00124,0.99858,-0.05303,-0.00394,-0.00246,33.27,34.43,0.0776,0.0708
20:27:41.513,1790256461.5132,1183,0.268,-4.911,1.763,2.658,-0.00155,0.00315,0.98307,0.0003,0.00061,-0.00386,-0.00013,-0.00545,1.00841,-0.11068,0.01445,0.00695,1.0,0.00238,0.00051,0.00121,0.99861,-0.05247,-0.00343,-0.00241,33.27,34.43,0.0673,0.0737
20:27:41.533,1790256461.5335,1184,0.438,-4.728,1.762,2.651,0.01052,-0.008,1.00001,0.00227,-0.00138,-0.00065,0.00493,0.01289,0.98484,-0.11497,0.00937,0.00066,1.0,0.0012,-0.00059,0.0012,0.99864,-0.05204,-0.00306,-0.00244,33.27,34.43,0.0799,0.0687
20:27:41.554,1790256461.5538,1185,0.395,-4.517,1.76,2.644,-0.02012,-0.02758,0.98122,-0.00168,0.00155,0.00335,0.00935,-0.01109,0.9954,-0.10121,0.02149,-0.00453,1.0,9e-05,0.0002,0.00124,0.99868,-0.05132,-0.00265,-0.00252,33.27,34.42,0.0664,0.0766
20:27:41.574,1790256461.5741,1186,0.429,-4.625,1.759,2.637,-0.00076,0.00837,0.99674,-0.00441,-0.00297,0.00202,0.01396,0.00272,0.98805,-0.10373,0.02038,0.00202,1.0,0.00161,0.00024,0.00126,0.99871,-0.05074,-0.00231,-0.00254,33.27,34.42,0.0776,0.0711
20:27:41.594,1790256461.5947,1187,0.321,-4.583,1.758,2.63,-0.01319,0.0061,0.97964,0.00011,-0.00093,0.00123,0.02049,-0.00185,0.99151,-0.10073,0.03397,0.00088,1.0,0.00191,0.00154,0.00126,0.99874,-0.05007,-0.00194,-0.00258,33.27,34.42,0.0648,0.0738
20:27:41.615,1790256461.6152,1188,0.334,-4.347,1.756,2.623,-0.00638,-0.00213,0.98433,0.00136,-0.00195,7e-05,-0.00421,-0.00708,1.0032,-0.09144,0.03672,0.00154,1.0,0.00071,0.0022,0.00126,0.99878,-0.04923,-0.00117,-0.0026,33.27,34.42,0.0683,0.0776
20:27:41.635,1790256461.6357,1189,0.546,-4.192,1.755,2.617,0.00683,-0.00528,0.9809,0.00052,0.00549,0.00255,-0.00489,0.00664,0.99304,-0.10206,0.03737,-0.00038,1.0,2e-05,0.0011,0.00129,0.99882,-0.04855,-0.00043,-0.00263,33.27,34.42,0.0657,0.0748
20:27:41.656,1790256461.6561,1190,0.688,-3.981,1.754,2.61,0.0016,-0.00593,0.9711,-0.0006,0.00132,-0.00193,0.00045,0.00125,1.00184,-0.09535,0.03459,-0.00336,1.0,-0.00099,0.00048,0.00127,0.99886,-0.04772,0.00018,-0.0027,33.27,34.42,0.0583,0.0786
20:27:41.676,1790256461.6765,1191,0.637,-4.002,1.753,2.604,-0.00941,0.00447,0.98748,0.00309,-0.00462,0.00245,-0.00296,-0.00799,0.98332,-0.0848,0.036,-0.00481,1.0,-9e-05,0.00158,0.00129,0.99889,-0.047,0.00084,-0.00278,33.27,34.42,0.0706,0.0675
20:27:41.697,1790256461.697,1192,0.834,-4.048,1.752,2.597,0.00511,0.01036,0.99026,-0.00341,-0.00012,-0.00433,-0.00388,0.0039,1.01244,-0.08812,0.05099,-0.00103,1.0,0.00105,0.00065,0.00125,0.99892,-0.04626,0.00164,-0.00283,33.26,34.42,0.0727,0.0707
20:27:41.717,1790256461.7175,1193,1.096,-3.939,1.751,2.591,0.01835,-0.00185,0.98667,0.00161,0.00226,-0.00019,-0.01524,0.01321,1.01823,-0.08349,0.04767,-0.00094,1.0,0.00079,-0.00074,0.00125,0.99895,-0.04556,0.00253,-0.00286,33.26,34.42,0.0701,0.0662
20:27:41.738,1790256461.7379,1194,1.348,-3.776,1.751,2.585,0.00795,-0.0003,0.99468,-0.00305,-0.00025,-0.00033,-0.00306,0.0043,1.00626,-0.07335,0.04674,0.0035,1.0,0.00033,-0.00223,0.00125,0.999,-0.04458,0.00323,-0.00286,33.26,34.42,0.076,0.0753
20:27:41.758,1790256461.7582,1195,1.625,-3.693,1.751,2.579,0.00839,0.00151,1.01112,-0.00065,-0.00412,-0.0004,-0.01494,0.01852,0.99798,-0.07358,0.05699,-0.00019,0.99999,0.00064,-0.0037,0.00125,0.99904,-0.04353,0.00418,-0.00289,33.26,34.42,0.0716,0.0787
20:27:41.778,1790256461.7785,1196,1.538,-3.568,1.751,2.573,-0.0005,-0.00041,0.98406,-0.00098,-0.00179,0.00236,0.00592,-0.00517,0.98746,-0.0819,0.0548,0.00402,1.0,0.00034,-0.00237,0.00128,0.99907,-0.04275,0.00475,-0.00289,33.26,34.42,0.068,0.0706
20:27:41.799,1790256461.7989,1197,1.551,-3.318,1.751,2.568,-0.00351,-0.02074,0.99492,0.00435,0.00052,0.00074,0.00342,0.00425,1.01879,-0.07472,0.05866,0.00338,1.0,-0.00107,-0.00181,0.00129,0.9991,-0.04198,0.00541,-0.00289,33.26,34.42,0.0764,0.0659
20:27:41.819,1790256461.8194,1198,1.791,-3.15,1.751,2.562,0.00866,-0.00424,0.99478,-0.00104,0.00296,0.00216,0.00036,-0.01643,0.98634,-0.07251,0.06348,0.0013,0.99999,-0.00168,-0.00323,0.00131,0.99913,-0.04111,0.00608,-0.00292,33.26,34.42,0.0761,0.0699
20:27:41.839,1790256461.8397,1199,1.961,-3.207,1.751,2.557,0.01299,0.01328,0.99475,0.00228,-0.00016,-0.00604,-0.00804,-0.0054,1.01552,-0.06056,0.07298,0.00027,0.99999,-0.00021,-0.0038,0.00125,0.99917,-0.04014,0.007,-0.00295,33.26,34.42,0.0762,0.0683
20:27:41.860,1790256461.8603,1200,1.889,-3.033,1.751,2.551,-0.00621,-0.0044,0.98905,0.00105,-0.00208,0.00027,-0.00271,0.00137,1.01121,-0.05283,0.06818,-0.00023,1.0,-0.00061,-0.00242,0.00125,0.9992,-0.03902,0.00775,-0.00299,33.26,34.42,0.0718,0.0716
20:27:41.880,1790256461.8805,1201,1.908,-3.038,1.751,2.546,-0.00481,0.01758,0.98172,0.00134,-0.00286,-0.00051,-0.00595,-0.02417,0.99518,-0.05572,0.0759,-0.00187,1.0,0.0006,-0.00184,0.00125,0.99924,-0.03786,0.0085,-0.00305,33.26,34.42,0.0664,0.0766
20:27:41.900,1790256461.9008,1202,1.816,-2.932,1.751,2.541,0.00084,0.00144,1.00396,-0.00105,-0.00292,-0.0013,-0.00542,-0.01444,1.01111,-0.05848,0.07297,-0.00049,1.0,0.00072,-0.00031,0.00124,0.99927,-0.03682,0.00922,-0.00309,33.26,34.42,0.077,0.0716
20:27:41.921,1790256461.9211,1203,1.899,-2.642,1.751,2.536,0.00467,-0.02625,0.9833,0.00064,-0.00179,0.00278,0.00554,-0.01439,1.0018,-0.0495,0.08223,0.00112,1.0,-0.00063,-0.00054,0.00127,0.99931,-0.03564,0.00971,-0.00313,33.26,34.42,0.0677,0.0786
20:27:41.941,1790256461.9417,1204,2.134,-2.415,1.752,2.531,0.00608,-0.00553,0.99746,0.00166,-0.00238,0.00083,-0.00282,-0.00279,0.98306,-0.05679,0.0824,0.00376,1.0,-0.00166,-0.00179,0.00128,0.99934,-0.03467,0.01049,-0.00312,33.26,34.42,0.0781,0.0673
20:27:41.962,1790256461.9622,1205,2.383,-2.242,1.752,2.527,0.02381,-0.0081,1.00484,0.00373,8e-05,0.00085,0.01079,0.01849,1.00744,-0.04227,0.08834,0.00061,0.99999,-0.00198,-0.00332,0.00128,0.99937,-0.03347,0.01113,-0.00316,33.26,34.42,0.0761,0.0742
20:27:41.982,1790256461.9827,1206,2.286,-2.188,1.753,2.522,-0.00111,5e-05,0.99342,-0.00111,0.00134,-0.00145,0.0102,0.00096,0.99656,-0.04603,0.09325,-0.00077,1.0,-0.00127,-0.00196,0.00129,0.9994,-0.0323,0.01166,-0.00322,33.26,34.42,0.0751,0.0775
20:27:42.003,1790256462.0028,1207,2.227,-2.125,1.753,2.518,-0.00352,0.00171,1.00679,0.00097,-0.00132,0.00459,-0.0053,0.002,1.00434,-0.03864,0.09257,-0.00129,1.0,-0.00051,-0.00066,0.00133,0.99944,-0.031,0.01243,-0.00326,33.26,34.42,0.0749,0.0767
20:27:42.023,1790256462.0234,1208,2.147,-1.938,1.754,2.514,-0.01007,-0.00478,0.98585,-0.0012,-0.0019,-0.00274,0.00195,0.00036,0.98318,-0.03139,0.08968,0.00119,1.0,-0.00098,0.00067,0.00131,0.99946,-0.02984,0.01306,-0.00329,33.26,34.42,0.0694,0.0674
20:27:42.043,1790256462.0436,1209,2.049,-1.792,1.754,2.51,-0.00878,-0.0027,0.97613,0.0001,0.00129,-0.00089,0.00545,-0.00856,1.01176,-0.02924,0.08777,0.00231,1.0,-0.00111,0.00192,0.00131,0.99949,-0.02871,0.01345,-0.00331,33.26,34.42,0.0621,0.0711
20:27:42.064,1790256462.064,1210,2.291,-1.527,1.754,2.506,0.00012,-0.00502,0.98875,-0.00094,8e-05,0.00102,-0.01458,0.00537,1.00662,-0.02352,0.09341,-0.00032,1.0,-0.00197,0.00073,0.00131,0.99952,-0.02724,0.01436,-0.00334,33.26,34.42,0.0716,0.0749
20:27:42.084,1790256462.0842,1211,2.324,-1.24,1.755,2.502,-0.00403,-0.00903,0.97932,0.0013,0.00102,-0.00243,-0.01598,-0.00833,0.98725,-0.02188,0.0977,0.00169,0.99999,-0.00312,0.00132,0.00128,0.99954,-0.02588,0.01522,-0.00334,33.26,34.42,0.0645,0.0706
20:27:42.104,1790256462.1046,1212,2.514,-1.065,1.756,2.499,0.00665,-0.00946,0.98701,-0.00243,-0.00019,-0.00111,-0.00063,-0.01966,0.99066,-0.02634,0.10474,-0.00259,0.99999,-0.00362,-4e-05,0.00127,0.99956,-0.02486,0.01552,-0.00342,33.26,34.42,0.0703,0.0731
20:27:42.125,1790256462.1248,1213,2.589,-1.056,1.756,2.496,0.00081,0.01194,0.9751,0.00275,0.00356,0.00062,-0.00382,0.00556,1.0089,-0.0184,0.103,0.00243,1.0,-0.00235,-5e-05,0.00128,0.99959,-0.02351,0.01616,-0.00342,33.26,34.42,0.0614,0.0733
20:27:42.145,1790256462.1451,1214,2.579,-1.032,1.757,2.492,-0.01347,0.02088,0.97887,0.00132,-0.00301,0.00091,-0.00629,-0.00308,1.00769,-0.01254,0.10069,0.0037,1.0,-0.00119,0.00053,0.00129,0.99961,-0.02213,0.01666,-0.00342,33.26,34.42,0.0644,0.0742
20:27:42.165,1790256462.1654,1215,2.71,-1.023,1.758,2.489,0.00358,0.01463,0.98465,-0.0009,-0.00112,0.00118,-0.01758,-0.01258,0.9899,-0.01094,0.11434,0.00083,1.0,0.00015,0.00015,0.0013,0.99963,-0.02071,0.01742,-0.00343,33.26,34.42,0.0686,0.0726
20:27:42.185,1790256462.1857,1216,2.91,-0.953,1.759,2.486,0.02121,0.01602,1.01029,0.00168,-0.00211,0.00192,-0.00101,0.00973,1.00538,0.00119,0.11269,0.00099,1.0,0.00103,-0.00106,0.00132,0.99965,-0.01921,0.01797,-0.00345,33.26,34.42,0.072,0.0759
20:27:42.206,1790256462.2064,1217,2.832,-0.994,1.76,2.482,0.00063,0.00446,1.00189,0.00098,-0.00689,-0.00169,0.01584,-0.00211,1.0051,-0.00856,0.10994,-0.00027,1.0,0.00241,-0.00028,0.00131,0.99967,-0.01819,0.01807,-0.0035,33.26,34.42,0.0786,0.0761
20:27:42.226,1790256462.2267,1218,2.897,-1.013,1.761,2.479,0.00108,0.01008,0.99231,-0.00036,0.00095,0.00077,-0.00768,-0.00435,0.99125,0.00208,0.1155,0.00129,0.99999,0.00391,-0.00042,0.00131,0.99968,-0.01684,0.0185,-0.00351,33.26,34.42,0.0743,0.0735
20:27:42.247,1790256462.2469,1219,2.875,-0.697,1.762,2.476,-0.0081,-0.00939,0.98517,0.00086,-0.00079,0.00101,-0.0029,0.01074,1.00354,0.00751,0.11244,-0.00122,1.0,0.00268,0.00022,0.0013,0.9997,-0.01532,0.01894,-0.00355,33.26,34.42,0.0689,0.0773
20:27:42.267,1790256462.2674,1220,2.913,-0.415,1.763,2.474,0.00282,-0.01685,1.00071,0.00162,2e-05,0.00139,0.00811,-0.01066,0.98039,0.01183,0.10308,-0.00074,1.0,0.00108,-2e-05,0.00132,0.99971,-0.01446,0.01901,-0.0036,33.26,34.42,0.0794,0.0654
20:27:42.287,1790256462.2877,1221,2.785,-0.437,1.764,2.471,-0.01188,0.01111,0.99075,-0.0027,-0.00022,0.00131,0.00946,-0.01528,0.98564,0.00732,0.11492,-0.00164,1.0,0.00194,0.00116,0.00133,0.99972,-0.0138,0.01907,-0.00365,33.26,34.42,0.0732,0.0694
20:27:42.308,1790256462.3082,1222,2.715,-0.15,1.765,2.468,-0.01187,-0.00326,1.006,0.00074,0.00158,-0.00202,-0.00971,0.01469,0.99191,0.01091,0.11887,-0.00324,1.0,0.00102,0.0024,0.00131,0.99972,-0.01222,0.0197,-0.0037,33.26,34.42,0.0754,0.074
20:27:42.328,1790256462.3288,1223,2.678,-0.145,1.766,2.466,-0.0061,0.00584,0.98902,-0.00327,-0.00021,-0.00205,0.00445,0.00548,1.00059,0.02528,0.12344,0.00714,0.99999,0.00238,0.00289,0.0013,0.99974,-0.01082,0.01987,-0.00366,33.26,34.42,0.0718,0.0795
20:27:42.349,1790256462.3494,1224,2.875,-0.031,1.767,2.464,0.00797,0.00521,1.00284,0.00486,-9e-05,-0.00313,-0.00622,-0.00533,1.00887,0.02277,0.11738,0.00241,1.0,0.00248,0.00128,0.00127,0.99975,-0.00971,0.01998,-0.00366,33.26,34.42,0.0778,0.0733
20:27:42.370,1790256462.3699,1225,3.008,0.237,1.768,2.462,0.00476,-0.00296,0.99968,-0.00054,0.00149,-0.00043,0.01316,0.00795,0.99516,0.02074,0.11513,-0.0066,1.0,0.00128,0.00017,0.00127,0.99976,-0.00857,0.02001,-0.00375,33.26,34.42,0.0798,0.0765
20:27:42.390,1790256462.3904,1226,3.076,0.473,1.769,2.46,0.0048,-0.00784,0.97004,0.00065,0.00182,0.00086,-0.02217,-0.01089,0.99607,0.02602,0.12626,0.00075,1.0,0.00022,-0.00036,0.00127,0.99976,-0.00757,0.02007,-0.00377,33.26,34.42,0.0576,0.0773
20:27:42.410,1790256462.4107,1227,3.185,0.416,1.771,2.458,0.01185,0.01202,1.00269,0.00073,-0.00377,0.00238,0.00154,-0.0119,0.99508,0.03334,0.1102,0.00118,1.0,0.00137,-0.00149,0.0013,0.99977,-0.0069,0.01989,-0.00379,33.26,34.42,0.0779,0.0764
20:27:42.431,1790256462.4312,1228,3.09,0.677,1.772,2.456,-0.00352,-0.00236,1.01189,-0.00031,0.00107,-0.00375,-0.01237,0.00265,0.99058,0.03653,0.13087,-0.00275,1.0,0.00047,-0.00034,0.00126,0.99977,-0.00554,0.0202,-0.00384,33.26,34.42,0.0711,0.073
20:27:42.451,1790256462.4517,1229,2.913,0.745,1.773,2.455,-0.00877,0.00304,0.99998,0.0053,0.00374,-0.00405,3e-05,-0.00061,1.0061,0.0384,0.12962,-0.0011,1.0,0.00088,0.00129,0.00122,0.99978,-0.00455,0.02028,-0.00387,33.26,34.42,0.08,0.0754
20:27:42.472,1790256462.4721,1230,3.057,0.712,1.774,2.453,0.00842,0.01016,0.99419,0.00159,0.0012,0.00291,0.00341,-0.00953,1.00675,0.04742,0.12997,0.00276,1.0,0.00184,7e-05,0.00125,0.99978,-0.00387,0.02033,-0.00388,33.26,34.42,0.0757,0.0749
20:27:42.492,1790256462.4923,1231,2.927,0.859,1.775,2.452,-0.00935,-0.00403,0.97629,-0.0018,-0.00141,-0.00029,0.01832,-0.01411,0.99908,0.04142,0.11378,0.00272,1.0,0.00102,0.00102,0.00125,0.99978,-0.00342,0.02013,-0.00388,33.26,34.42,0.0623,0.0795
20:27:42.513,1790256462.5128,1232,3.095,1.056,1.776,2.45,0.01512,-0.00091,0.97849,1e-05,-0.00342,0.00335,-0.00261,0.01459,1.0114,0.05711,0.11167,-0.00224,1.0,0.0008,-0.00032,0.00129,0.99979,-0.0019,0.02025,-0.00392,33.26,34.42,0.064,0.0714
20:27:42.533,1790256462.5332,1233,3.208,1.268,1.778,2.449,0.01583,-0.01565,1.00296,-0.00316,0.00135,0.00109,-8e-05,-0.00646,1.00176,0.05234,0.12702,0.00414,1.0,-0.00042,-0.00135,0.0013,0.99979,-0.00126,0.0202,-0.0039,33.26,34.42,0.0776,0.0787
20:27:42.553,1790256462.5535,1234,3.38,1.339,1.779,2.448,0.01419,-0.00024,0.9935,-0.00031,-0.0003,-0.00178,0.00202,-0.00264,1.00726,0.04945,0.12187,0.00178,0.99999,-0.00034,-0.00288,0.0013,0.99979,-0.00055,0.02017,-0.0039,33.26,34.42,0.0752,0.0745
20:27:42.573,1790256462.5737,1235,3.201,1.434,1.781,2.447,-0.0101,-0.0023,0.99591,0.00355,-0.00061,0.00123,-0.00996,-0.00548,0.9858,0.06773,0.11006,0.0028,1.0,-0.00046,-0.00134,0.00131,0.99979,0.00014,0.02014,-0.0039,33.26,34.42,0.077,0.0694
20:27:42.594,1790256462.5943,1236,3.37,1.54,1.782,2.446,0.009,-0.00503,0.99825,0.00206,0.00062,0.00124,-0.01092,-0.01731,0.99689,0.06645,0.11935,-0.00029,0.99999,-0.00132,-0.0027,0.00133,0.99979,0.00021,0.02025,-0.00394,33.26,34.42,0.0787,0.0778
20:27:42.614,1790256462.6145,1237,3.265,1.446,1.783,2.445,0.00346,0.0003,0.99736,0.00207,0.00446,-0.00088,0.01566,-0.01519,0.99331,0.07129,0.12019,-0.00063,1.0,2e-05,-0.0018,0.00132,0.99979,0.00073,0.02024,-0.00398,33.26,34.42,0.078,0.0752
20:27:42.634,1790256462.6347,1238,3.257,1.718,1.785,2.445,0.00411,-0.01053,0.98824,0.00269,0.00241,-0.00078,0.00142,0.00258,0.99425,0.07007,0.1129,-0.00336,1.0,-0.00139,-0.00186,0.00132,0.99979,0.00168,0.0201,-0.00403,33.26,34.42,0.0712,0.0757
20:27:42.655,1790256462.655,1239,3.081,1.755,1.786,2.444,0.00154,-0.00171,1.01009,0.0027,0.00136,0.00067,0.02455,0.00726,1.00112,0.06944,0.11196,-0.00121,1.0,-0.00071,-0.00053,0.00133,0.99979,0.00269,0.01989,-0.00406,33.26,34.42,0.0724,0.0789
20:27:42.675,1790256462.6754,1240,3.206,1.933,1.787,2.444,0.01922,-0.01008,0.9824,0.0034,-0.00226,-0.00042,0.00077,0.00779,0.99901,0.06891,0.11647,-0.00226,1.0,-0.00126,-0.0018,0.00132,0.99979,0.0037,0.01971,-0.00409,33.26,34.42,0.067,0.0793
20:27:42.696,1790256462.696,1241,3.163,2.176,1.788,2.443,-0.00677,-0.027,0.99136,0.00186,-0.00114,-4e-05,0.00277,-0.00521,0.97673,0.08668,0.1132,0.00257,0.99999,-0.00264,-0.00123,0.00133,0.99978,0.00443,0.01989,-0.00409,33.26,34.42,0.0738,0.0626
20:27:42.716,1790256462.7162,1242,3.116,2.074,1.79,2.443,0.00049,0.00049,0.9859,0.00232,0.00236,-0.0021,0.01661,-0.01701,0.98739,0.08501,0.11017,-0.00088,1.0,-0.00128,-0.00076,0.00131,0.99978,0.0049,0.01995,-0.00412,33.26,34.42,0.0694,0.0708
20:27:42.736,1790256462.7365,1243,3.003,2.102,1.791,2.443,-0.02162,-0.0017,0.97334,0.0021,-0.001,0.0019,-0.00244,-0.0141,1.01184,0.08513,0.11768,-0.00162,1.0,-0.00122,0.00045,0.00133,0.99977,0.0052,0.02017,-0.00416,33.26,34.42,0.0602,0.071
20:27:42.757,1790256462.757,1244,2.919,2.239,1.792,2.443,-0.00434,-0.00614,0.97412,0.00115,-0.00018,-0.00085,-0.00699,-0.01149,1.00666,0.08736,0.11066,0.00103,1.0,-0.00214,0.00129,0.00133,0.99977,0.00547,0.02027,-0.00418,33.26,34.42,0.0606,0.0749
20:27:42.777,1790256462.7774,1245,2.834,2.53,1.793,2.443,-0.00487,-0.0085,0.99835,-0.00011,-0.00184,0.00078,-0.00545,0.01166,0.98325,0.08501,0.10843,-0.00421,0.99999,-0.00356,0.00203,0.00134,0.99976,0.00658,0.02025,-0.00423,33.26,34.42,0.0788,0.0675
20:27:42.798,1790256462.7978,1246,2.894,2.356,1.794,2.443,-0.00298,0.00047,0.99666,0.00109,-0.00039,-0.00259,-0.01031,-0.02084,1.00649,0.09703,0.10582,0.00212,1.0,-0.00198,0.0018,0.00132,0.99976,0.00664,0.02056,-0.00425,33.26,34.42,0.0775,0.0749
20:27:42.818,1790256462.8183,1247,2.938,2.357,1.795,2.442,-0.00211,-0.00108,0.9758,-0.00165,0.00144,0.00175,-0.00562,0.01323,1.00978,0.0904,0.10454,0.00154,1.0,-0.00087,0.00124,0.00134,0.99975,0.00777,0.02039,-0.00424,33.26,34.42,0.0618,0.0726
20:27:42.838,1790256462.8386,1248,2.969,2.599,1.796,2.443,0.0031,-0.0224,0.98916,-0.00185,-0.0003,-0.00313,-0.00512,0.00042,1.00891,0.10286,0.0971,-0.0004,1.0,-0.00231,0.00085,0.00131,0.99975,0.00845,0.02025,-0.00426,33.26,34.42,0.0721,0.0733
20:27:42.859,1790256462.859,1249,2.835,2.606,1.797,2.443,-0.00336,-0.00266,0.9784,-0.00114,0.00153,0.00123,-0.01045,0.01277,0.99704,0.09874,0.10365,0.00051,1.0,-0.00136,0.00174,0.00132,0.99975,0.00945,0.01998,-0.00427,33.26,34.42,0.0638,0.0779
20:27:42.879,1790256462.8796,1250,2.967,2.639,1.798,2.443,0.00477,-0.00077,0.9811,-0.00109,0.00198,0.00188,0.00275,-0.0037,0.99896,0.11052,0.10058,-0.00047,1.0,-0.00106,0.00044,0.00134,0.99974,0.01004,0.01982,-0.00429,33.26,34.42,0.0658,0.0792
20:27:42.900,1790256462.9002,1251,3.107,2.565,1.799,2.443,0.00878,0.00486,0.98012,-0.0015,0.00014,-0.00164,-0.0168,-0.00603,1.00458,0.10743,0.09069,0.00354,1.0,-0.00029,-0.00065,0.00133,0.99974,0.01017,0.01997,-0.00428,33.26,34.42,0.0651,0.0764
20:27:42.920,1790256462.9203,1252,3.16,2.434,1.8,2.443,0.00266,0.00435,0.988,0.00232,4e-05,0.00183,-0.01801,-0.00085,1.00663,0.10957,0.09239,-0.00265,1.0,0.00111,-0.00104,0.00135,0.99974,0.01044,0.02005,-0.00434,33.26,34.42,0.071,0.0749
20:27:42.941,1790256462.9408,1253,3.013,2.674,1.801,2.443,-0.0023,-0.00136,0.97993,0.00377,-0.00288,-0.00315,-0.00024,0.01806,1.01126,0.11497,0.08923,0.00075,1.0,0.00031,-4e-05,0.00131,0.99973,0.01172,0.01975,-0.00434,33.26,34.42,0.0649,0.0714
20:27:42.961,1790256462.9613,1254,2.963,2.926,1.802,2.444,-0.0026,-0.01529,1.00612,-0.00126,0.00326,-0.0008,0.01085,-0.00266,0.99056,0.1115,0.08883,-0.00234,1.0,-0.00123,0.00024,0.00131,0.99972,0.01238,0.01958,-0.00437,33.25,34.42,0.0753,0.073
20:27:42.981,1790256462.9816,1255,2.781,2.914,1.803,2.444,-0.02179,0.01444,0.99324,0.0041,-0.0005,0.00293,0.02778,0.00372,0.99926,0.11348,0.08928,-0.00035,1.0,-0.00024,0.00143,0.00134,0.99972,0.01326,0.01919,-0.00438,33.25,34.42,0.0752,0.0797
20:27:43.002,1790256463.0022,1256,2.837,2.8,1.804,2.444,0.01319,0.03329,1.00556,-0.00184,0.00067,-0.00019,-0.00446,-0.00364,1.00251,0.12281,0.07596,0.00536,1.0,0.00116,0.00077,0.00134,0.99972,0.01367,0.01902,-0.00435,33.25,34.42,0.0754,0.0781
20:27:43.022,1790256463.0225,1257,2.848,2.735,1.805,2.445,0.00122,0.02176,0.99242,-0.00051,0.0013,-0.00469,-0.00392,0.01291,0.98217,0.12287,0.08938,-0.00793,1.0,0.00266,0.00057,0.0013,0.9997,0.0146,0.01892,-0.00444,33.25,34.42,0.0745,0.0667
20:27:43.043,1790256463.043,1258,2.719,2.921,1.806,2.445,-0.00593,0.00103,0.98092,0.00034,-0.00172,0.00045,-0.00181,0.00502,0.98794,0.12977,0.07938,-0.00284,1.0,0.00178,0.00156,0.0013,0.9997,0.01533,0.01878,-0.00448,33.25,34.42,0.0657,0.071
20:27:43.063,1790256463.0634,1259,2.862,3.052,1.807,2.446,-0.00093,0.00221,0.98995,0.0016,-0.002,0.00212,-0.00773,2e-05,0.99701,0.12993,0.07977,0.00136,1.0,0.00103,0.00027,0.00133,0.99969,0.01573,0.01873,-0.00449,33.25,34.42,0.0725,0.0778
20:27:43.083,1790256463.0837,1260,3.046,3.165,1.808,2.446,0.02113,-0.00361,0.99846,-0.00171,0.00329,-0.00053,-0.00539,-0.00067,1.01562,0.13299,0.08041,-0.00058,1.0,0.0006,-0.00125,0.00132,0.99968,0.01631,0.01881,-0.00451,33.25,34.42,0.079,0.0683
20:27:43.104,1790256463.1042,1261,2.876,3.194,1.809,2.447,-0.00364,0.00268,0.97819,0.00049,0.00092,-0.00059,-0.00245,0.00224,0.99589,0.13386,0.07088,-0.00241,1.0,0.00092,1e-05,0.00132,0.99967,0.01686,0.01859,-0.00455,33.25,34.42,0.0636,0.0769
20:27:43.124,1790256463.1245,1262,2.835,3.387,1.81,2.448,-0.00794,-0.02165,0.99189,0.00048,0.002,-7e-05,-0.00174,-0.01816,0.99717,0.13399,0.07428,-0.00132,1.0,-0.00051,0.00049,0.00132,0.99967,0.01712,0.01869,-0.00459,33.25,34.42,0.0741,0.078
20:27:43.145,1790256463.1448,1263,2.691,3.629,1.811,2.449,-0.00996,-0.01387,1.00059,0.00366,0.00187,-0.00522,0.0043,0.00853,0.98896,0.13517,0.06477,-0.00269,1.0,-0.00179,0.00143,0.00127,0.99966,0.01794,0.01835,-0.00463,33.25,34.42,0.0794,0.0718
20:27:43.165,1790256463.1651,1264,2.812,3.77,1.812,2.45,0.02106,-0.01612,0.99493,0.00401,-0.00179,0.0007,-0.00823,0.01256,1.00044,0.13489,0.06541,-0.00015,1.0,-0.00247,3e-05,0.00128,0.99966,0.0185,0.01801,-0.00464,33.25,34.42,0.0765,0.0796
20:27:43.185,1790256463.1857,1265,2.821,3.694,1.813,2.451,0.00647,0.02255,0.97562,-0.00058,0.0028,-0.00131,0.00323,0.00041,1.00957,0.13514,0.06416,-0.00268,1.0,-0.00124,-0.00024,0.00126,0.99965,0.01908,0.01782,-0.00468,33.25,34.42,0.0619,0.0728
20:27:43.206,1790256463.206,1266,2.872,3.598,1.814,2.452,0.00377,0.00398,0.98597,-0.00121,-0.00142,0.00174,-0.00365,-5e-05,1.00696,0.13434,0.05179,0.0019,1.0,1e-05,-0.0009,0.00128,0.99964,0.01949,0.01762,-0.00468,33.25,34.42,0.0695,0.0748
20:27:43.226,1790256463.2263,1267,2.699,3.858,1.814,2.453,-0.00303,-0.00622,0.99938,0.00019,0.00249,-0.00391,0.01046,0.01469,1.0112,0.14465,0.05036,0.00019,1.0,-0.00126,0.0001,0.00124,0.99963,0.02048,0.0171,-0.00468,33.25,34.41,0.0795,0.0715
20:27:43.246,1790256463.2468,1268,2.812,3.76,1.815,2.455,0.01297,0.01162,0.98711,0.00247,0.00124,-0.00187,-0.01644,0.00553,1.00514,0.13851,0.04608,-0.00328,1.0,-0.00019,-0.00087,0.00123,0.99963,0.02072,0.01711,-0.00474,33.25,34.41,0.0704,0.076
20:27:43.267,1790256463.2673,1269,2.961,3.741,1.816,2.456,0.012,0.00326,1.00074,-0.00042,-0.00078,0.00253,0.00566,-0.00651,1.0036,0.13651,0.05001,-0.00429,1.0,0.00036,-0.00242,0.00125,0.99962,0.02111,0.01686,-0.0048,33.25,34.41,0.0794,0.0773
20:27:43.287,1790256463.2877,1270,2.924,3.982,1.817,2.457,0.00391,-0.00884,0.99935,0.00129,0.00128,-0.00311,-0.00101,-0.0062,0.9895,0.14779,0.04031,0.0014,1.0,-0.00124,-0.00226,0.00123,0.99962,0.0216,0.01669,-0.00481,33.25,34.41,0.0795,0.0721
20:27:43.308,1790256463.3081,1271,3.035,3.967,1.818,2.459,0.0126,0.00065,0.99515,0.00152,-0.00038,0.00211,0.0112,-0.00557,1.00002,0.14249,0.03513,0.00226,0.99999,-0.00066,-0.00372,0.00125,0.99961,0.02206,0.01619,-0.0048,33.25,34.41,0.0764,0.0799
20:27:43.328,1790256463.3287,1272,3.049,4.239,1.819,2.46,0.00975,-0.00498,0.99481,-0.0029,3e-05,-0.00106,0.01524,0.01903,0.99198,0.14912,0.03465,0.00099,0.99999,-0.00201,-0.00457,0.00124,0.9996,0.0231,0.01544,-0.00479,33.25,34.41,0.0761,0.0742
20:27:43.349,1790256463.3491,1273,2.854,4.302,1.82,2.462,-0.0075,-0.00627,0.99428,0.00327,-0.00175,0.00255,-0.01096,0.00473,1.00281,0.15492,0.02378,-0.00415,0.99999,-0.00218,-0.00307,0.00127,0.9996,0.02346,0.01524,-0.00486,33.25,34.41,0.0757,0.0778
20:27:43.369,1790256463.3692,1274,2.728,4.589,1.821,2.464,0.00433,-0.02018,0.99395,-0.00455,0.00183,-0.00299,0.01104,0.0219,1.00221,0.15345,0.01714,0.002,0.99999,-0.00375,-0.00289,0.00125,0.99959,0.0244,0.01431,-0.00484,33.25,34.41,0.0756,0.0781
20:27:43.390,1790256463.3898,1275,2.735,4.789,1.822,2.466,0.00671,-0.01166,0.98721,0.00198,-0.00178,-0.00136,-0.00446,0.00991,0.99587,0.14389,0.02704,0.00054,0.99998,-0.00514,-0.00325,0.00124,0.99958,0.02474,0.01399,-0.00484,33.25,34.41,0.0705,0.0769
20:27:43.410,1790256463.4104,1276,2.845,4.815,1.823,2.468,0.00766,-0.00992,0.97034,0.00091,-0.00197,-0.00311,0.0006,-0.00704,1.00392,0.1468,0.02058,0.00038,0.99998,-0.00508,-0.00446,0.0012,0.99958,0.02505,0.01374,-0.00486,33.25,34.41,0.0578,0.077
20:27:43.430,1790256463.4307,1277,2.623,4.852,1.824,2.47,-0.01074,-0.0083,1.00347,-0.00012,-0.00178,-0.00265,0.00302,0.00313,1.00527,0.15226,0.01991,-0.00259,0.99998,-0.00493,-0.00292,0.00119,0.99957,0.02551,0.01334,-0.0049,33.25,34.41,0.0773,0.076
20:27:43.451,1790256463.451,1278,2.467,4.79,1.824,2.472,0.00245,-0.00652,0.98423,0.00393,0.00145,0.00013,-0.0011,0.00348,0.99267,0.15463,0.01171,0.00091,0.99999,-0.00393,-0.00192,0.00119,0.99957,0.02595,0.01299,-0.00491,33.25,34.41,0.0682,0.0745
20:27:43.471,1790256463.4714,1279,2.554,4.736,1.825,2.474,0.01105,-0.00197,0.99021,-0.00103,-0.0001,-0.00261,0.01028,-0.00547,1.00665,0.15093,0.01706,0.00034,0.99999,-0.00301,-0.00308,0.00116,0.99956,0.02641,0.01259,-0.00491,33.25,34.41,0.0727,0.075
20:27:43.491,1790256463.4917,1280,2.461,4.649,1.825,2.476,-0.00515,0.00775,0.98479,-0.00224,-0.00089,0.00065,-0.01625,-0.01236,1.01143,0.14977,0.00143,-0.00256,0.99999,-0.00196,-0.00221,0.00117,0.99955,0.0267,0.01265,-0.00497,33.25,34.41,0.0686,0.0713
20:27:43.512,1790256463.5118,1281,2.273,4.826,1.826,2.478,-0.00372,-0.01175,0.9954,0.00093,-0.00099,0.00021,0.00698,0.00895,0.99488,0.14789,0.01219,-0.00271,0.99999,-0.00304,-0.0011,0.00117,0.99955,0.02716,0.01211,-0.005,33.25,34.41,0.0766,0.0762
20:27:43.532,1790256463.5321,1282,2.063,4.783,1.826,2.48,-0.01915,0.00471,0.99946,-0.00039,-0.00137,-0.00026,-0.00175,0.00111,1.00445,0.15459,-0.00179,-0.00091,1.0,-0.00231,0.00034,0.00118,0.99954,0.0275,0.01173,-0.00503,33.25,34.41,0.0797,0.0767
20:27:43.552,1790256463.5527,1283,2.019,5.018,1.826,2.482,-0.00126,-0.01023,0.99148,0.00174,-0.00379,0.00137,0.00449,-0.01051,1.01793,0.15595,-0.00079,0.00243,0.99999,-0.0038,0.00045,0.00119,0.99953,0.02805,0.01143,-0.00502,33.25,34.41,0.0737,0.0665
20:27:43.573,1790256463.5734,1284,1.813,5.01,1.826,2.484,-0.01502,-0.00561,0.99684,-0.00348,-0.00073,-0.00129,-0.00628,-0.00936,1.00096,0.14269,-0.00641,0.00122,0.99999,-0.00362,0.00203,0.00119,0.99953,0.02815,0.01121,-0.00504,33.25,34.41,0.0777,0.0792
20:27:43.593,1790256463.5936,1285,1.743,4.886,1.826,2.487,-0.00901,0.0219,0.9797,-0.00034,0.00181,-0.00138,-0.00075,-0.00844,0.99534,0.14487,-0.01221,0.00054,0.99999,-0.00232,0.00225,0.00119,0.99953,0.02835,0.01083,-0.00505,33.25,34.41,0.065,0.0765
20:27:43.614,1790256463.6139,1286,1.843,4.981,1.826,2.489,0.00847,-0.00761,0.99443,-0.00056,0.00034,0.00038,0.00827,0.01237,0.98827,0.14689,-0.00763,-0.00338,1.0,-0.00267,0.00075,0.00119,0.99952,0.02886,0.01018,-0.00509,33.25,34.41,0.0759,0.0713
20:27:43.634,1790256463.6341,1287,1.72,4.899,1.826,2.491,-0.01628,0.00685,0.98361,-0.00289,-0.00273,0.00367,-0.01646,0.02128,0.99598,0.1439,-0.01077,0.00185,1.0,-0.00184,0.00177,0.00123,0.99952,0.02896,0.01015,-0.0051,33.25,34.41,0.0678,0.0773
20:27:43.654,1790256463.6545,1288,1.772,4.902,1.826,2.493,-0.00198,-0.00281,0.99405,0.00149,0.00189,0.00126,0.01809,0.01154,0.98421,0.16069,-0.02313,0.00135,1.0,-0.00109,0.00043,0.00124,0.9995,0.02974,0.00926,-0.00509,33.25,34.41,0.0755,0.0683
20:27:43.674,1790256463.6747,1289,1.779,4.76,1.826,2.495,0.00253,0.00419,0.99981,0.00212,0.00083,-0.00222,0.0045,-0.00378,1.00197,0.14854,-0.03677,0.00277,1.0,0.00035,-0.00032,0.00122,0.9995,0.02996,0.00859,-0.00509,33.25,34.41,0.0799,0.0785
20:27:43.695,1790256463.6949,1290,1.691,4.925,1.826,2.497,-0.00622,-0.00989,0.99293,0.00412,-0.00461,0.00286,-0.01571,0.01627,1.00416,0.15298,-0.02004,-0.0017,1.0,-0.00088,0.00045,0.00125,0.9995,0.03016,0.00857,-0.00513,33.25,34.41,0.0748,0.0767
20:27:43.715,1790256463.7154,1291,1.531,5.15,1.825,2.499,-0.00562,-0.0123,1.00021,-0.0024,4e-05,0.001,0.0101,0.00702,1.01618,0.14335,-0.0357,0.0038,1.0,-0.00239,0.00111,0.00126,0.99949,0.03059,0.00782,-0.00511,33.25,34.41,0.0798,0.0678
20:27:43.736,1790256463.7359,1292,1.476,4.993,1.825,2.502,-0.00336,-0.00105,0.99584,-0.00154,0.00013,-0.00019,-0.01907,0.00335,1.00231,0.14869,-0.03321,-0.00417,1.0,-0.00088,0.00158,0.00127,0.99948,0.03073,0.00782,-0.00518,33.25,34.41,0.0769,0.0781
20:27:43.756,1790256463.7561,1293,1.602,5.074,1.825,2.504,0.02184,-0.01,0.98578,-0.00217,-0.0011,0.00044,-0.01358,0.01689,0.99733,0.16203,-0.04176,0.00095,1.0,-0.00134,0.00023,0.00127,0.99948,0.03099,0.00756,-0.00521,33.25,34.41,0.0696,0.0782
20:27:43.776,1790256463.7764,1294,1.638,4.941,1.825,2.506,0.00946,0.01392,0.98788,-0.00123,-0.0003,0.00084,-0.00576,0.00467,0.99639,0.14051,-0.03994,-0.00146,1.0,-0.00011,-0.00051,0.00127,0.99948,0.03107,0.00714,-0.00525,33.25,34.41,0.071,0.0773
20:27:43.797,1790256463.7971,1295,1.611,4.812,1.825,2.508,0.00303,0.00988,0.98461,-0.00348,-0.00109,0.00148,-0.00359,0.00327,1.00715,0.14873,-0.04708,-0.00044,1.0,0.00124,-0.0008,0.00129,0.99947,0.0313,0.00663,-0.00528,33.25,34.41,0.0685,0.0746
20:27:43.817,1790256463.8174,1296,1.369,4.806,1.824,2.51,-0.01351,0.00557,0.98527,0.00327,0.00143,0.00192,0.00357,0.00833,0.98855,0.14029,-0.05376,0.00107,1.0,0.00156,0.00058,0.0013,0.99947,0.03155,0.00589,-0.00529,33.25,34.41,0.069,0.0714
20:27:43.838,1790256463.8379,1297,1.165,5.018,1.824,2.512,-0.01386,-0.02365,0.99776,-0.00375,-0.00155,-0.00242,0.02198,0.00583,0.99083,0.13835,-0.05805,0.00631,1.0,6e-05,0.00125,0.00128,0.99947,0.03188,0.00477,-0.00523,33.25,34.41,0.0786,0.0733
20:27:43.858,1790256463.8581,1298,1.185,5.194,1.823,2.515,0.00461,-0.01777,0.98546,-0.00399,0.00173,-0.00135,-0.0081,-0.01282,1.01395,0.13885,-0.05557,0.00245,1.0,-0.00128,0.00075,0.00127,0.99946,0.03208,0.00442,-0.00523,33.25,34.41,0.0692,0.0695
20:27:43.878,1790256463.8783,1299,1.203,5.036,1.823,2.517,-0.00047,0.00056,0.99121,0.00103,-0.00047,-0.00069,-0.0101,0.01081,1.00533,0.13457,-0.05556,-0.00214,1.0,0.00013,0.00029,0.00127,0.99946,0.03211,0.00414,-0.00528,33.25,34.41,0.0734,0.0759
20:27:43.898,1790256463.8986,1300,1.328,5.075,1.822,2.519,0.00902,-0.00159,0.99145,-0.00039,0.00032,-0.0026,-0.00842,-0.01753,0.99042,0.13264,-0.0621,-0.00037,1.0,-0.00016,-0.00118,0.00124,0.99946,0.03218,0.00376,-0.00531,33.25,34.41,0.0736,0.073
20:27:43.919,1790256463.9188,1301,1.28,4.942,1.822,2.521,0.00851,0.01898,0.98265,-0.00362,0.00111,-0.00171,0.01374,-0.01601,1.00895,0.13119,-0.06798,-0.0007,1.0,0.0011,-0.00159,0.00122,0.99946,0.03228,0.00294,-0.00533,33.25,34.41,0.0672,0.0731
20:27:43.939,1790256463.9395,1302,1.021,5.053,1.821,2.523,-0.01783,-0.01364,0.99368,-0.00033,-0.00218,-0.00049,0.01122,0.01545,1.00008,0.13175,-0.07445,-0.00299,1.0,0.00016,-0.00038,0.00122,0.99946,0.03229,0.00187,-0.00538,33.25,34.41,0.0755,0.0798
20:27:43.960,1790256463.9601,1303,0.783,5.054,1.82,2.525,-0.008,0.00013,0.9863,0.00071,-0.00268,-0.00235,-0.00096,0.01734,0.99273,0.12543,-0.08008,0.00178,1.0,0.00013,0.00103,0.0012,0.99946,0.03226,0.0012,-0.00538,33.25,34.41,0.0697,0.0747
20:27:43.980,1790256463.9805,1304,0.883,4.997,1.819,2.528,0.00497,0.00354,0.99495,-0.00187,0.00223,-0.0039,-0.0042,0.00093,1.01254,0.13639,-0.07772,0.00335,1.0,0.00077,-0.00036,0.00116,0.99946,0.03241,0.00069,-0.00537,33.25,34.41,0.0762,0.0706
20:27:44.001,1790256464.001,1305,0.959,5.026,1.819,2.53,0.00377,0.00108,1.00272,-0.0021,-0.00262,0.00206,0.01289,0.00593,1.00229,0.13187,-0.07939,0.0041,1.0,0.00051,-0.00197,0.00119,0.99946,0.03241,-0.00026,-0.00534,33.25,34.41,0.078,0.0782
20:27:44.021,1790256464.0214,1306,0.892,5.181,1.818,2.532,0.00053,-0.01081,0.9912,0.00294,0.00055,-0.00119,-0.00851,0.02983,0.99248,0.11884,-0.07972,0.00034,1.0,-0.00091,-0.00156,0.00118,0.99946,0.03235,-0.00045,-0.00537,33.25,34.41,0.0734,0.0747
20:27:44.042,1790256464.042,1307,0.733,5.054,1.817,2.534,-0.00014,0.00201,1.00799,-0.00173,0.00056,0.00182,-0.00896,0.01306,1.00918,0.12451,-0.08856,-0.00272,1.0,0.00023,-0.00057,0.0012,0.99946,0.03236,-0.00084,-0.00543,33.25,34.41,0.074,0.073
20:27:44.062,1790256464.0622,1308,0.738,4.89,1.816,2.536,0.00608,0.01516,0.98466,0.00108,0.00346,0.00062,-0.01049,0.0104,1.00934,0.1122,-0.08978,0.00114,1.0,0.00155,-0.00098,0.0012,0.99946,0.03226,-0.00119,-0.00545,33.25,34.41,0.0686,0.0729
20:27:44.082,1790256464.0824,1309,0.776,5.02,1.815,2.538,0.01335,-0.01431,0.99453,0.00157,0.00097,0.00033,-0.00179,0.00035,0.99385,0.11629,-0.08667,-0.00299,1.0,0.00027,-0.00182,0.00121,0.99947,0.03212,-0.00172,-0.00551,33.25,34.41,0.076,0.0754
20:27:44.102,1790256464.1026,1310,0.517,5.068,1.814,2.541,-0.01289,-0.00378,1.00303,-0.00173,0.00063,0.00246,0.00577,0.00056,1.01303,0.11876,-0.09225,0.00377,1.0,-0.00015,-0.0003,0.00123,0.99947,0.0321,-0.00246,-0.00549,33.24,34.41,0.0777,0.0702
20:27:44.122,1790256464.1228,1311,0.637,5.044,1.813,2.543,0.00779,-6e-05,0.99001,0.00185,-0.00034,0.00168,-0.00545,0.00417,1.00664,0.1148,-0.09126,-0.00318,1.0,-8e-05,-0.00177,0.00125,0.99947,0.03197,-0.00288,-0.00555,33.24,34.41,0.0725,0.075
20:27:44.143,1790256464.1433,1312,0.427,4.913,1.812,2.545,-0.00858,0.01109,0.97775,0.00103,-0.00068,0.00064,0.01213,-0.00144,0.99877,0.11169,-0.09367,-0.00181,1.0,0.00081,-0.00082,0.00125,0.99947,0.03171,-0.00376,-0.00558,33.24,34.41,0.0634,0.0791
20:27:44.163,1790256464.1637,1313,0.492,4.865,1.81,2.547,0.01525,0.00385,0.96491,-0.0013,-0.00204,0.00077,-0.00146,-0.01167,0.99405,0.10695,-0.09533,-0.00305,1.0,0.00098,-0.00192,0.00126,0.99948,0.03147,-0.0043,-0.00563,33.24,34.41,0.0538,0.0756
20:27:44.184,1790256464.1843,1314,0.623,4.954,1.809,2.549,0.01195,-0.00339,1.00448,0.002,0.00047,-0.00063,-0.0141,0.00781,0.99319,0.11299,-0.09786,0.00233,0.99999,0.00013,-0.00324,0.00126,0.99948,0.03141,-0.00447,-0.00564,33.24,34.41,0.0766,0.075
20:27:44.205,1790256464.2049,1315,0.45,5.005,1.808,2.551,-0.01047,-0.00915,0.98892,0.00188,0.00114,-0.00022,-0.01292,0.00425,0.9989,0.09999,-0.10167,0.00079,1.0,-0.00059,-0.00195,0.00126,0.99949,0.03112,-0.0047,-0.00567,33.24,34.41,0.0718,0.0792
20:27:44.225,1790256464.2255,1316,0.525,4.872,1.807,2.553,0.00862,0.00419,0.98621,0.00029,0.00107,-0.00011,-0.01545,-0.00356,1.01301,0.10358,-0.10167,-0.00334,0.99999,0.00048,-0.0029,0.00126,0.99949,0.03104,-0.005,-0.00573,33.24,34.41,0.0697,0.0702
20:27:44.246,1790256464.246,1317,0.449,4.637,1.806,2.555,0.00558,0.01354,1.00006,0.00041,-0.00259,-0.00069,0.00254,0.00321,0.99558,0.09266,-0.10591,-0.00033,0.99999,0.00212,-0.0029,0.00125,0.9995,0.03063,-0.00564,-0.00576,33.24,34.41,0.0799,0.0767
20:27:44.266,1790256464.2666,1318,0.277,4.466,1.805,2.556,0.00177,0.01546,0.97248,0.00172,-0.00114,5e-05,0.02039,0.01258,1.00443,0.09838,-0.10294,0.0004,0.99999,0.0033,-0.00252,0.00125,0.9995,0.0303,-0.00674,-0.00576,33.24,34.41,0.0595,0.0765
20:27:44.287,1790256464.287,1319,0.017,4.46,1.803,2.558,-0.00277,0.00519,0.98561,0.00246,-0.002,-0.00243,0.01653,-0.00298,0.99015,0.0975,-0.10647,-0.00299,0.99999,0.00309,-0.00115,0.00122,0.9995,0.03001,-0.00765,-0.00579,33.24,34.41,0.0692,0.0727
20:27:44.307,1790256464.3076,1320,-0.196,4.403,1.802,2.56,-0.02012,0.00515,0.97161,-0.00182,-0.00227,-0.00112,0.00541,0.00349,1.00006,0.08085,-0.11627,0.00164,0.99999,0.00302,3e-05,0.00121,0.99952,0.02943,-0.00832,-0.0058,33.24,34.41,0.0589,0.0799
20:27:44.330,1790256464.3288,1321,-0.3,4.564,1.8,2.561,-0.00022,-0.00359,0.99765,0.00073,-0.00048,0.0014,0.01238,0.00298,1.01722,0.08981,-0.11957,0.00106,1.0,0.00136,6e-05,0.00121,0.99951,0.02917,-0.00922,-0.0058,33.24,34.41,0.0782,0.067
20:27:44.351,1790256464.3507,1322,-0.392,4.677,1.798,2.563,-0.00375,-0.01039,0.98156,-0.00019,-0.00015,0.00326,-0.00415,-0.00551,1.00718,0.0822,-0.11407,0.00222,1.0,-4e-05,0.00044,0.00124,0.99952,0.02875,-0.00966,-0.0058,33.24,34.41,0.0662,0.0746
20:27:44.371,1790256464.3713,1323,-0.533,4.501,1.796,2.565,-0.00476,0.00689,0.97178,-0.0026,-0.00044,-0.00041,0.00796,0.00044,0.99354,0.07709,-0.11503,-0.00304,1.0,0.00099,0.00102,0.00124,0.99953,0.02823,-0.0103,-0.00584,33.24,34.41,0.0589,0.0752
20:27:44.392,1790256464.392,1324,-0.653,4.613,1.794,2.566,-0.00484,-0.01298,1.00063,-0.00335,0.0006,0.00168,0.01338,0.0074,1.00286,0.06807,-0.12021,0.00063,1.0,-0.00066,0.00133,0.00126,0.99954,0.02755,-0.01106,-0.00585,33.24,34.41,0.0795,0.0778
20:27:44.412,1790256464.4124,1325,-0.867,4.531,1.792,2.568,-0.0266,0.00323,0.99077,0.00351,-0.00072,2e-05,-0.00314,-0.00695,1.00939,0.07357,-0.11766,0.00871,1.0,-0.00035,0.00279,0.00126,0.99955,0.02712,-0.01145,-0.00578,33.24,34.41,0.0733,0.0729
20:27:44.433,1790256464.4329,1326,-0.718,4.553,1.789,2.57,0.00611,-0.0061,0.99627,0.00108,-0.00057,-0.00275,-0.00716,0.0063,0.99953,0.07199,-0.12319,0.00618,1.0,-0.001,0.00134,0.00123,0.99956,0.02668,-0.01161,-0.00574,33.24,34.41,0.0772,0.0797
20:27:44.453,1790256464.4534,1327,-0.897,4.519,1.787,2.571,-0.01671,-0.00273,1.00903,8e-05,-0.00509,0.00104,-0.00882,0.006,1.00215,0.07179,-0.12387,-0.00134,0.99999,-0.00108,0.00278,0.00125,0.99957,0.02628,-0.01173,-0.00579,33.24,34.41,0.0731,0.0783
20:27:44.474,1790256464.4739,1328,-0.807,4.346,1.785,2.573,0.00649,0.0099,1.00527,-0.0006,5e-05,-0.00066,-0.00865,-0.00378,1.01199,0.06516,-0.12336,-0.00062,1.0,2e-05,0.00168,0.00125,0.99958,0.02589,-0.01203,-0.00582,33.24,34.41,0.076,0.071
20:27:44.494,1790256464.4941,1329,-0.947,4.409,1.783,2.575,-0.00914,-0.00626,0.9868,-0.00223,-0.00296,0.00151,0.00161,0.00662,0.99301,0.06156,-0.12075,0.00076,1.0,-0.00104,0.00261,0.00126,0.99959,0.02536,-0.01233,-0.00583,33.24,34.41,0.0701,0.0748
20:27:44.514,1790256464.5143,1330,-1.116,4.223,1.78,2.576,-0.01906,0.01138,1.00209,0.0032,-0.00186,-0.00454,0.00268,0.00026,1.01725,0.05325,-0.1115,0.00577,0.99999,9e-05,0.00372,0.00122,0.99959,0.02485,-0.01268,-0.00578,33.24,34.41,0.0782,0.0671
20:27:44.534,1790256464.5345,1331,-1.072,4.01,1.778,2.577,0.00193,0.01368,0.99401,0.0011,-0.00256,-0.00049,-0.00249,-0.02037,0.99063,0.05861,-0.12689,0.00165,0.99999,0.00136,0.00282,0.00122,0.9996,0.02427,-0.01317,-0.00578,33.24,34.41,0.0756,0.0731
20:27:44.555,1790256464.5548,1332,-1.244,3.962,1.775,2.578,-0.00651,0.00278,0.98775,-0.00154,-0.00178,-0.00632,-0.01584,0.00191,0.98242,0.04778,-0.12307,0.00019,0.99999,0.00148,0.00423,0.00116,0.99961,0.02395,-0.01325,-0.00581,33.24,34.41,0.0708,0.0669
20:27:44.575,1790256464.575,1333,-1.203,4.062,1.773,2.58,-0.00448,-0.0126,0.99153,0.00433,0.00047,0.00033,-0.00589,0.00295,1.00328,0.05458,-0.11735,-0.00285,0.99999,8e-05,0.00387,0.00116,0.99962,0.02343,-0.01328,-0.00586,33.24,34.41,0.0737,0.0775
20:27:44.595,1790256464.5954,1334,-1.279,3.808,1.77,2.581,-0.00732,0.00581,0.98094,0.00261,-0.00236,-0.00263,0.01565,-0.0002,1.00439,0.04496,-0.13061,0.00137,0.99999,0.00144,0.00378,0.00114,0.99963,0.02257,-0.01401,-0.00585,33.24,34.41,0.0657,0.0766
20:27:44.615,1790256464.6155,1335,-1.094,3.725,1.768,2.582,0.00033,0.00427,1.00137,-0.00016,0.00032,0.00252,0.00096,0.01285,1.01857,0.03878,-0.103,0.00103,1.0,0.00171,0.00221,0.00117,0.99964,0.02214,-0.01395,-0.00586,33.24,34.41,0.079,0.066
20:27:44.636,1790256464.636,1336,-1.053,3.852,1.765,2.583,-0.00261,-0.01076,0.99956,-0.00288,0.00189,0.00086,-0.01339,-0.0019,0.99153,0.03825,-0.10906,0.00307,1.0,6e-05,0.00202,0.00118,0.99965,0.02161,-0.01381,-0.00585,33.24,34.41,0.0797,0.0737
20:27:44.656,1790256464.6566,1337,-0.951,3.802,1.763,2.584,0.01203,-0.0047,0.98108,-2e-05,0.00233,-0.00162,0.00557,-0.00212,1.01439,0.02574,-0.1227,0.00341,1.0,-0.00033,0.00074,0.00116,0.99967,0.0208,-0.0142,-0.00583,33.24,34.41,0.0659,0.0692
20:27:44.677,1790256464.6771,1338,-0.943,3.842,1.761,2.585,-0.00067,-0.00447,0.9709,0.00217,-0.00103,-0.00039,0.00542,0.0018,1.00302,0.03671,-0.12017,-0.0018,1.0,-0.00148,0.00049,0.00116,0.99968,0.01999,-0.01439,-0.00586,33.24,34.41,0.0582,0.0777
20:27:44.697,1790256464.6975,1339,-1.011,3.914,1.758,2.586,-0.002,-0.00897,0.99601,0.00267,1e-05,0.00087,0.0007,-0.02173,0.98894,0.02329,-0.11859,-0.00195,0.99999,-0.003,0.00075,0.00117,0.99969,0.0191,-0.01474,-0.00589,33.24,34.41,0.077,0.0719
20:27:44.717,1790256464.7177,1340,-0.893,3.769,1.756,2.587,0.01601,-0.00084,0.9943,-0.00111,-0.00231,-0.00221,0.00888,-0.01109,1.01408,0.02573,-0.12359,-0.00128,1.0,-0.00258,-0.00075,0.00114,0.9997,0.01827,-0.0152,-0.00591,33.24,34.41,0.0758,0.0694
20:27:44.738,1790256464.738,1341,-1.008,3.615,1.754,2.588,-0.00031,-0.00422,0.9887,-0.00341,-0.00159,-8e-05,0.00025,0.00963,1.00098,0.01234,-0.11385,-0.00102,1.0,-0.00197,0.00053,0.00115,0.99972,0.01752,-0.01491,-0.00594,33.24,34.41,0.0715,0.0792
20:27:44.758,1790256464.7585,1342,-0.884,3.644,1.752,2.589,0.01014,-0.01744,0.97925,-5e-05,0.00386,-0.00043,-0.00337,0.00176,1.00359,0.01593,-0.10744,-0.0016,0.99999,-0.00299,-0.00027,0.00114,0.99973,0.01676,-0.01464,-0.00597,33.24,34.41,0.0646,0.0773
20:27:44.779,1790256464.7791,1343,-0.942,3.713,1.749,2.59,-0.00609,-0.01541,0.98817,-0.00141,0.00419,-0.00227,-0.00886,0.00513,1.00831,0.00816,-0.108,-0.00197,0.99999,-0.00421,0.0006,0.00112,0.99975,0.01614,-0.01429,-0.00601,33.24,34.41,0.0712,0.0737
20:27:44.799,1790256464.7996,1344,-1.004,3.486,1.747,2.59,-0.00718,0.00116,1.00681,0.00272,0.00098,0.00251,-0.00489,0.01048,0.99466,-0.00154,-0.12366,-0.00137,0.99999,-0.00288,0.00142,0.00116,0.99976,0.01548,-0.014,-0.00605,33.24,34.41,0.0749,0.076
20:27:44.820,1790256464.8199,1345,-0.893,3.267,1.745,2.591,0.00345,0.01417,0.99223,-0.0001,0.00215,0.00454,-0.00525,0.01389,0.99777,0.00734,-0.10907,-0.00096,1.0,-0.00143,0.00098,0.0012,0.99978,0.01502,-0.01344,-0.00609,33.24,34.41,0.0743,0.0784
20:27:44.840,1790256464.8404,1346,-0.727,3.295,1.743,2.591,0.00567,-0.00799,0.99015,-0.00111,0.00154,0.00125,-0.00457,0.00869,0.97752,-0.00664,-0.10833,-0.00049,1.0,-0.00228,-0.00024,0.00122,0.99979,0.01444,-0.01322,-0.00611,33.24,34.41,0.0727,0.0632
20:27:44.861,1790256464.8608,1347,-0.546,3.341,1.741,2.592,0.01835,-0.02167,0.98538,0.00035,-0.00143,0.00054,-0.01971,0.00458,0.99838,-0.00095,-0.11232,0.00094,0.99999,-0.00325,-0.00128,0.00122,0.9998,0.01388,-0.01269,-0.00613,33.24,34.41,0.0693,0.0789
20:27:44.881,1790256464.8813,1348,-0.367,3.143,1.739,2.592,0.00919,-0.00025,1.0026,0.00209,0.00079,-1e-05,-0.01386,0.00773,0.99198,-0.00933,-0.11518,0.00281,0.99999,-0.00213,-0.00244,0.00122,0.99982,0.0133,-0.01227,-0.00612,33.24,34.41,0.078,0.0741
20:27:44.901,1790256464.9016,1349,-0.509,3.094,1.737,2.593,-0.00919,-0.01222,1.00569,0.00346,-0.00096,0.00028,-0.00068,-0.00769,0.99488,-0.01177,-0.10694,-0.00047,0.99999,-0.00285,-0.00112,0.00123,0.99983,0.01214,-0.01219,-0.00614,33.24,34.41,0.0756,0.0762
20:27:44.922,1790256464.922,1350,-0.429,2.906,1.735,2.593,0.00174,0.01718,0.99051,-0.00122,0.00139,0.00131,0.00125,0.02216,0.99476,-0.0217,-0.102,0.00329,1.0,-0.00137,-0.00107,0.00124,0.99984,0.01198,-0.01142,-0.00614,33.24,34.41,0.073,0.0763
20:27:44.942,1790256464.9422,1351,-0.33,2.642,1.734,2.593,0.00606,0.00633,0.99857,0.00063,-0.00018,0.00053,0.00034,0.00567,1.01499,-0.01552,-0.10555,-0.00157,1.0,9e-05,-0.0017,0.00124,0.99986,0.01114,-0.01117,-0.00617,33.24,34.41,0.079,0.0687
20:27:44.963,1790256464.9628,1352,-0.454,2.636,1.732,2.593,0.00282,-0.00381,0.98937,-0.00507,-0.00089,-0.00121,0.02335,-0.00862,0.99233,-0.02382,-0.10688,-0.00669,1.0,-0.00143,-0.00152,0.00123,0.99986,0.00956,-0.01207,-0.00623,33.24,34.41,0.072,0.0745
20:27:44.983,1790256464.9835,1353,-0.529,2.368,1.73,2.593,0.00122,0.0001,0.99699,0.00045,0.00325,-0.00265,0.00446,0.0001,1.01536,-0.01965,-0.10046,-0.00197,1.0,-6e-05,-0.00065,0.0012,0.99987,0.00858,-0.01184,-0.00626,33.24,34.41,0.0777,0.0685
20:27:45.003,1790256465.0037,1354,-0.665,2.292,1.728,2.593,-0.00797,-0.00511,0.98561,-0.00382,-0.00268,-0.00244,0.00835,-0.00983,1.00596,-0.02531,-0.09868,-0.00159,1.0,-0.00076,0.00055,0.00118,0.99988,0.0072,-0.01183,-0.00628,33.24,34.41,0.0692,0.0755
20:27:45.024,1790256465.0243,1355,-0.754,1.947,1.726,2.592,0.00357,0.01294,0.99822,-0.00444,-0.00087,-0.004,0.03118,-0.00566,0.99017,-0.03021,-0.09386,-0.00254,1.0,0.00074,4e-05,0.00114,0.99988,0.00569,-0.01308,-0.00629,33.24,34.41,0.0787,0.073
20:27:45.044,1790256465.0446,1356,-0.574,2.029,1.724,2.592,0.00306,-0.00356,1.00367,-0.00243,-0.00049,-0.00218,0.00657,0.00589,1.00466,-0.03878,-0.10136,-0.00633,1.0,-0.00061,-0.0008,0.00112,0.99989,0.00507,-0.01237,-0.00637,33.24,34.41,0.0772,0.0765
20:27:45.065,1790256465.0651,1357,-0.32,2.078,1.722,2.591,0.01101,-0.005,0.98586,0.00054,0.00274,0.00035,0.00254,0.01158,0.99285,-0.03667,-0.08512,-0.00553,1.0,-0.00114,-0.0021,0.00113,0.9999,0.005,-0.01146,-0.00644,33.24,34.41,0.0695,0.0747
20:27:45.085,1790256465.0856,1358,-0.416,1.954,1.721,2.591,-0.01159,-0.00081,0.99712,-0.002,-0.00123,-0.0006,-0.00339,-0.00235,1.00103,-0.04757,-0.09547,-0.00267,1.0,-0.00101,-0.00052,0.00112,0.99991,0.00402,-0.01071,-0.00648,33.24,34.41,0.0779,0.0792
20:27:45.105,1790256465.1058,1359,-0.213,1.821,1.719,2.59,0.00887,0.00585,0.97377,-0.00111,0.00195,-0.00054,-0.00859,0.00592,1.00869,-0.03742,-0.08002,-0.0012,1.0,-0.00015,-0.00139,0.00112,0.99992,0.00374,-0.00979,-0.00651,33.24,34.41,0.0604,0.0734
20:27:45.126,1790256465.1261,1360,-0.084,1.655,1.718,2.589,0.00366,0.00278,0.98881,0.00061,0.00175,0.00287,-0.01012,0.01438,1.01415,-0.05365,-0.08656,-0.00208,1.0,0.00125,-0.00179,0.00115,0.99993,0.00371,-0.00904,-0.00654,33.24,34.41,0.0716,0.0693
20:27:45.146,1790256465.1466,1361,-0.125,1.653,1.716,2.589,-0.00115,-0.00267,0.99264,-0.00092,-0.00222,-0.00042,-0.00707,-0.00946,1.00815,-0.05221,-0.08575,-0.0016,1.0,0.00011,-0.00079,0.00115,0.99994,0.00254,-0.00841,-0.00657,33.24,34.41,0.0745,0.0738
20:27:45.167,1790256465.1671,1362,0.005,1.803,1.715,2.588,0.00153,-0.00615,0.99833,0.00209,-0.00187,0.00227,-0.00349,0.00689,1.00032,-0.06071,-0.0769,0.00072,1.0,-0.00148,-0.0008,0.00117,0.99995,0.00227,-0.00731,-0.00657,33.24,34.41,0.0788,0.0797
20:27:45.187,1790256465.1876,1363,0.179,1.832,1.713,2.587,0.01605,0.00288,0.98155,-0.00069,0.00148,-0.00072,0.00953,0.01257,0.98927,-0.06674,-0.07423,-0.00509,1.0,-0.00098,-0.00206,0.00117,0.99995,0.00305,-0.00706,-0.00664,33.24,34.41,0.0663,0.072
20:27:45.208,1790256465.2081,1364,0.237,1.867,1.712,2.587,-0.0051,-0.01718,0.96507,-0.00243,0.00059,-0.00465,-0.02992,-0.00231,1.00783,-0.0582,-0.06604,0.00081,1.0,-0.00195,-0.0015,0.00113,0.99996,0.00238,-0.00599,-0.00665,33.23,34.41,0.0539,0.0738
20:27:45.228,1790256465.2283,1365,0.391,1.579,1.711,2.586,0.00427,0.00094,0.98875,0.00426,-0.00035,-0.00562,-0.0103,-0.00482,0.99022,-0.06866,-0.06108,-0.00234,1.0,-0.00051,-0.00189,0.00107,0.99996,0.00131,-0.00501,-0.00668,33.23,34.41,0.0716,0.0727
20:27:45.249,1790256465.2488,1366,0.298,1.505,1.71,2.585,0.00186,0.0115,1.00463,0.00358,-0.00018,-0.00111,0.01031,0.00611,0.98901,-0.07076,-0.06125,0.00326,1.0,0.00108,-0.00165,0.00106,0.99996,0.00225,-0.00557,-0.00666,33.23,34.41,0.0765,0.0718
20:27:45.269,1790256465.269,1367,0.373,1.425,1.709,2.584,0.00496,-0.00434,0.9843,-0.00228,-0.00046,0.00036,0.00575,-0.00783,1.00174,-0.07918,-0.05996,0.00254,1.0,-0.00027,-0.00201,0.00107,0.99996,0.0002,-0.00528,-0.00663,33.23,34.41,0.0682,0.0787
20:27:45.289,1790256465.2896,1368,0.485,1.382,1.708,2.583,0.01337,0.01327,0.98679,0.00027,0.00136,-0.00151,0.00496,0.01792,0.99688,-0.08708,-0.05424,-0.00103,1.0,0.00093,-0.00283,0.00106,0.99996,0.00104,-0.0051,-0.00666,33.23,34.41,0.0702,0.0778
20:27:45.310,1790256465.3101,1369,0.672,1.037,1.707,2.582,0.00885,0.00693,0.99712,2e-05,-1e-05,0.00275,-0.01143,-0.01899,1.00872,-0.07819,-0.0527,0.00016,0.99999,0.00228,-0.00368,0.00109,0.99997,-0.0006,-0.00431,-0.00666,33.23,34.41,0.0779,0.0733
20:27:45.330,1790256465.3308,1370,0.658,1.236,1.706,2.581,-0.00711,-0.02024,0.99406,0.00201,0.00102,0.00123,-0.00548,0.0147,1.01377,-0.08588,-0.05366,0.00108,0.99999,0.00094,-0.00289,0.00111,0.99997,-0.0002,-0.00365,-0.00666,33.23,34.41,0.0757,0.0696
20:27:45.351,1790256465.3513,1371,0.741,1.06,1.705,2.58,0.00153,0.01646,0.98531,-0.00136,-0.00067,-0.00165,-0.01248,0.0058,1.01449,-0.08012,-0.0472,-0.00019,0.99999,0.00229,-0.00251,0.00109,0.99997,-0.00039,-0.00253,-0.00667,33.23,34.41,0.0691,0.0691
20:27:45.372,1790256465.3719,1372,0.615,1.269,1.704,2.578,0.00081,-0.01047,0.98392,0.00263,0.00017,-0.00119,0.01093,0.0138,0.98113,-0.09407,-0.04768,0.00259,1.0,0.00097,-0.00214,0.00108,0.99997,0.0001,-0.00328,-0.00665,33.23,34.41,0.068,0.066
20:27:45.392,1790256465.3922,1373,0.641,1.313,1.704,2.577,0.0155,-0.00115,1.00256,0.00199,-0.00139,0.00244,0.02341,0.01219,0.98738,-0.10085,-0.03939,0.00679,0.99999,0.00057,-0.00368,0.00111,0.99997,0.0001,-0.0046,-0.00659,33.23,34.41,0.078,0.0708
20:27:45.412,1790256465.4124,1374,0.479,1.054,1.703,2.576,0.00793,0.00452,0.99552,-0.00252,0.001,-0.00318,0.01394,0.00038,1.00812,-0.0993,-0.04072,0.00206,0.99999,0.00207,-0.00394,0.00107,0.99996,-0.00067,-0.00625,-0.00658,33.23,34.41,0.0767,0.0738
20:27:45.432,1790256465.4326,1375,0.432,1.072,1.701,2.575,0.01633,-0.00518,0.98707,0.00052,-0.00155,-8e-05,0.04358,-0.00329,1.0173,-0.09777,-0.03146,0.00303,0.99999,0.00102,-0.00493,0.00108,0.99995,-0.00156,-0.00766,-0.00656,33.23,34.41,0.0704,0.0663
20:27:45.453,1790256465.4531,1376,0.11,0.952,1.7,2.574,-0.026,0.01179,0.98688,0.00167,-0.00152,0.0017,0.03377,-0.00037,1.0192,-0.1047,-0.03614,-0.00135,0.99999,0.00142,-0.00357,0.0011,0.99993,-0.00223,-0.00909,-0.00659,33.23,34.41,0.0705,0.0652
20:27:45.473,1790256465.4736,1377,-0.235,0.826,1.699,2.572,-0.00174,0.00451,1.01439,-0.0007,-0.00011,0.00198,0.02437,-0.00415,0.99421,-0.10936,-0.03039,0.0022,1.0,0.00166,-0.00217,0.00112,0.99992,-0.00312,-0.0107,-0.00658,33.23,34.41,0.0692,0.0759
20:27:45.494,1790256465.4942,1378,-0.265,0.771,1.697,2.571,0.00726,0.00212,0.97492,0.00115,-0.0009,0.00087,0.03919,-0.00687,1.00965,-0.1003,-0.02304,0.00211,0.99999,0.00124,-0.00337,0.00113,0.9999,-0.00402,-0.01216,-0.00658,33.23,34.41,0.0612,0.0722
20:27:45.514,1790256465.5144,1379,-0.505,0.902,1.695,2.569,-0.00035,-0.0076,1.00783,0.00201,3e-05,-0.00068,0.04371,0.00404,1.00157,-0.10914,-0.01623,-0.00088,1.0,4e-05,-0.00251,0.00113,0.99988,-0.00409,-0.01341,-0.00662,33.23,34.41,0.0741,0.0781
20:27:45.535,1790256465.535,1380,-0.637,1.054,1.693,2.568,-0.00866,-0.00915,0.96814,0.0005,0.00162,-0.00053,0.03029,0.00778,0.99987,-0.1125,-0.01091,0.0057,1.0,-0.00062,-0.00155,0.00113,0.99988,-0.00344,-0.01362,-0.0066,33.23,34.41,0.0562,0.0797
20:27:45.555,1790256465.5554,1381,-0.618,0.983,1.691,2.567,0.0171,-0.00517,0.99713,-0.00021,0.00124,-0.00178,0.0518,-0.00831,0.98466,-0.11135,-0.01984,0.00174,0.99999,-0.00105,-0.00309,0.00113,0.99986,-0.00448,-0.01498,-0.0066,33.23,34.41,0.078,0.0695
20:27:45.575,1790256465.5757,1382,-0.907,0.926,1.689,2.566,-0.00862,0.00219,0.9902,-0.00194,-0.00046,-0.00294,0.05253,0.0064,0.99469,-0.11818,-0.00608,-0.00027,1.0,-0.00066,-0.00168,0.0011,0.99984,-0.00461,-0.0161,-0.00665,33.23,34.41,0.0727,0.0771
20:27:45.596,1790256465.596,1383,-1.004,0.764,1.687,2.564,0.00197,0.02246,0.9823,0.00074,-0.00253,0.00299,0.05762,0.01207,1.00732,-0.11904,0.01051,0.00153,1.0,0.00071,-0.00163,0.00113,0.99982,-0.00467,-0.01688,-0.00667,33.23,34.4,0.0669,0.0732
20:27:45.616,1790256465.6163,1384,-0.938,0.695,1.685,2.563,0.02152,0.00445,0.99653,0.00025,0.00033,-0.00081,0.06651,0.01029,1.01293,-0.12236,-0.00292,-0.00406,0.99999,0.00097,-0.00318,0.00113,0.99981,-0.00499,-0.01784,-0.00676,33.23,34.4,0.0776,0.0686
20:27:45.636,1790256465.6367,1385,-0.873,0.654,1.683,2.561,0.01227,0.00173,0.99878,0.0025,0.00345,0.00107,0.06923,0.00933,0.98661,-0.12613,0.00136,-2e-05,0.99999,0.00094,-0.00476,0.00115,0.99978,-0.00536,-0.01885,-0.0068,33.23,34.4,0.0791,0.0718
20:27:45.657,1790256465.6572,1386,-1.178,0.458,1.681,2.559,0.00192,0.00619,0.99287,-0.00106,0.00199,0.00101,0.07175,-0.0102,0.99539,-0.11649,0.00517,0.00497,0.99999,0.00169,-0.00342,0.00115,0.99975,-0.00635,-0.02015,-0.00678,33.23,34.4,0.0747,0.0785
20:27:45.677,1790256465.6778,1387,-1.153,0.272,1.678,2.557,0.01467,0.0092,0.99601,0.0009,-0.0019,0.00107,0.0871,0.00566,1.00789,-0.13549,0.00394,-0.00549,0.99998,0.00265,-0.00471,0.00116,0.99973,-0.00701,-0.02122,-0.00689,33.23,34.4,0.0771,0.0713
20:27:45.698,1790256465.6981,1388,-1.22,0.032,1.676,2.555,0.01032,0.01165,0.99201,0.00051,-0.00342,-0.00256,0.08011,0.0004,1.01865,-0.12457,0.01256,-0.00121,0.99998,0.00414,-0.00497,0.00113,0.9997,-0.0076,-0.02204,-0.00695,33.23,34.4,0.0741,0.0637
20:27:45.718,1790256465.7184,1389,-1.145,0.0,1.674,2.553,0.01521,0.00847,0.98882,-0.00155,-0.00144,-0.00288,0.09415,0.02371,0.99142,-0.13319,0.01765,0.00133,0.99997,0.00421,-0.00644,0.00111,0.99968,-0.0078,-0.02285,-0.007,33.23,34.4,0.0717,0.0771
20:27:45.738,1790256465.7386,1390,-1.388,0.041,1.671,2.551,0.00657,0.00492,0.98266,0.00059,0.0016,0.00082,0.09894,0.0146,0.99273,-0.12771,0.01909,0.00054,0.99998,0.00355,-0.00526,0.00111,0.99966,-0.00813,-0.02378,-0.00706,33.23,34.4,0.067,0.0783
20:27:45.759,1790256465.7589,1391,-1.561,0.135,1.669,2.549,0.00383,-0.00778,0.99436,-0.00466,-0.00094,-0.00435,0.11821,0.0066,0.99491,-0.13052,0.03386,-0.00105,0.99999,0.0021,-0.00464,0.00107,0.99963,-0.00877,-0.02471,-0.00713,33.23,34.4,0.0758,0.0786
20:27:45.779,1790256465.7795,1392,-1.578,-0.085,1.666,2.547,0.01214,0.00899,0.97846,-0.00159,-0.00355,0.00011,0.10742,-0.00462,0.98461,-0.12956,0.0342,-0.00538,0.99998,0.0032,-0.00538,0.00107,0.9996,-0.00959,-0.02556,-0.00724,33.23,34.4,0.0639,0.0729
20:27:45.799,1790256465.7997,1393,-1.797,-0.212,1.663,2.545,-0.00388,0.01691,0.97233,-0.00084,0.0003,-0.00029,0.10591,0.01354,0.99178,-0.13851,0.01739,0.00393,0.99998,0.00392,-0.00441,0.00107,0.99957,-0.01,-0.02649,-0.00727,33.23,34.4,0.0594,0.0781
20:27:45.820,1790256465.8203,1394,-1.816,-0.081,1.66,2.543,0.01002,0.00341,0.98341,-0.00148,-0.0015,-0.00322,0.10366,0.01895,0.99814,-0.13256,0.03735,0.00419,0.99998,0.00258,-0.00485,0.00104,0.99955,-0.0102,-0.02712,-0.00731,33.23,34.4,0.0676,0.0772
20:27:45.840,1790256465.8407,1395,-2.069,-0.107,1.658,2.541,-0.01022,-0.00196,0.99007,0.00105,0.00259,0.00298,0.12464,-0.00347,0.98832,-0.12725,0.0467,9e-05,0.99999,0.00209,-0.00343,0.00107,0.99952,-0.01094,-0.02791,-0.00738,33.23,34.4,0.0726,0.0771
20:27:45.861,1790256465.8609,1396,-2.032,-0.1,1.655,2.539,0.01939,-0.00338,0.98175,-0.00018,0.00231,-0.00025,0.11826,0.00407,0.99574,-0.13847,0.03654,0.00053,0.99999,0.00141,-0.00459,0.00108,0.99949,-0.01155,-0.02875,-0.00745,33.23,34.4,0.0665,0.0779
20:27:45.881,1790256465.8814,1397,-2.057,-0.019,1.652,2.537,0.0105,-0.00259,0.98229,0.00123,-0.00318,-0.00173,0.12234,0.01105,0.99853,-0.14755,0.04549,-0.00591,0.99999,0.0001,-0.00499,0.00107,0.99947,-0.01214,-0.02939,-0.0076,33.23,34.4,0.0668,0.0755
20:27:45.902,1790256465.9019,1398,-2.251,-0.239,1.648,2.534,0.00439,0.00731,0.98987,0.00263,0.00063,0.00445,0.11739,-0.00159,0.98964,-0.14684,0.04613,-0.00044,0.99999,0.0013,-0.00408,0.00111,0.99943,-0.01289,-0.03015,-0.00769,33.23,34.4,0.0724,0.0774
20:27:45.922,1790256465.9225,1399,-2.11,-0.312,1.645,2.532,0.01668,0.00332,0.98908,0.0005,-0.00454,0.0008,0.11487,0.02233,0.97958,-0.15634,0.05253,-0.00073,0.99998,0.00144,-0.00561,0.00112,0.99942,-0.01336,-0.03044,-0.00779,33.23,34.4,0.0719,0.0699
20:27:45.943,1790256465.9431,1400,-2.123,-0.222,1.642,2.53,0.01331,-0.01093,0.98302,0.00295,-0.00049,0.00127,0.12927,0.01785,0.97781,-0.14823,0.0575,0.00679,0.99998,0.0001,-0.00585,0.00114,0.9994,-0.01392,-0.03081,-0.00782,33.23,34.4,0.0674,0.0699
20:27:45.963,1790256465.9636,1401,-2.014,-0.322,1.64,2.528,0.01641,0.00099,0.98212,-0.00116,0.00158,-0.00537,0.15334,0.02542,0.97276,-0.14911,0.05791,0.00068,0.99997,0.00031,-0.00719,0.00109,0.99938,-0.01456,-0.03119,-0.00791,33.23,34.4,0.0667,0.0688
20:27:45.984,1790256465.9841,1402,-2.176,-0.27,1.636,2.525,-0.00534,-0.01486,0.99247,-0.00229,0.00332,0.00172,0.13458,0.02507,0.97083,-0.14927,0.06113,4e-05,0.99998,-0.00066,-0.00596,0.00111,0.99936,-0.0151,-0.03139,-0.00801,33.23,34.4,0.0744,0.0653
20:27:46.004,1790256466.0042,1403,-2.33,-0.457,1.633,2.523,0.00766,0.00434,1.00876,9e-05,-0.001,-0.00081,0.16369,0.02878,0.98845,-0.14521,0.06947,-0.00158,0.99999,0.00051,-0.00506,0.00111,0.99934,-0.01558,-0.0318,-0.00813,33.23,34.4,0.0734,0.0783
20:27:46.024,1790256466.0245,1404,-2.347,-0.662,1.63,2.521,0.01352,0.01371,0.97894,-0.0028,-0.0012,0.00013,0.1594,0.01272,0.98891,-0.13962,0.06947,-0.00646,0.99998,0.00174,-0.00543,0.0011,0.99931,-0.01614,-0.0323,-0.00829,33.23,34.4,0.0643,0.0787
20:27:46.045,1790256466.0448,1405,-2.501,-0.595,1.627,2.518,0.00775,-0.00059,0.99993,-0.00345,-0.00014,0.00104,0.16871,0.00894,0.99671,-0.14653,0.07086,-0.0007,0.99999,0.00042,-0.00445,0.00112,0.99929,-0.01689,-0.03268,-0.0084,33.23,34.4,0.08,0.0718
20:27:46.065,1790256466.0651,1406,-2.591,-0.513,1.623,2.516,0.00454,-0.00815,0.98096,-0.00025,0.00103,0.00065,0.17043,0.02643,0.97782,-0.14349,0.08218,-0.00174,0.99999,-0.00079,-0.00388,0.00113,0.99927,-0.01741,-0.03292,-0.00853,33.23,34.4,0.0658,0.0747
20:27:46.085,1790256466.0856,1407,-2.704,-0.707,1.62,2.513,-0.00066,0.0084,0.98328,0.00096,-0.00414,0.00313,0.16929,0.02151,1.00243,-0.14658,0.08038,-0.00144,0.99999,0.00028,-0.00305,0.00116,0.99925,-0.01804,-0.03305,-0.00865,33.23,34.4,0.0675,0.0674
20:27:46.106,1790256466.106,1408,-2.578,-0.836,1.617,2.51,0.03732,0.00284,0.9941,0.00357,0.0034,0.00435,0.17783,-0.01013,0.9745,-0.14475,0.0777,-0.00215,0.99999,0.00043,-0.00456,0.0012,0.99922,-0.019,-0.03344,-0.00877,33.23,34.4,0.0761,0.073
20:27:46.126,1790256466.1266,1409,-2.786,-0.958,1.613,2.508,0.00467,0.00202,0.98738,-0.00159,0.00054,-0.00053,0.18127,0.01076,0.98434,-0.14931,0.08141,0.00205,0.99999,0.00081,-0.00316,0.0012,0.99919,-0.0197,-0.03385,-0.00887,33.23,34.4,0.0705,0.0793
20:27:46.147,1790256466.147,1410,-2.788,-0.902,1.61,2.505,0.00732,-0.0033,0.96879,-0.00306,0.00024,0.00011,0.19445,0.01356,0.97635,-0.14314,0.08658,-0.00425,0.99999,-0.00035,-0.00344,0.00121,0.99917,-0.02038,-0.03416,-0.00903,33.23,34.4,0.0566,0.0767
20:27:46.167,1790256466.1674,1411,-2.754,-1.163,1.606,2.502,0.00935,0.00527,1.00212,0.00048,0.00048,-0.00079,0.18126,0.00583,0.9706,-0.14959,0.07863,-0.00382,0.99999,0.00112,-0.00404,0.0012,0.99914,-0.02117,-0.03444,-0.00919,33.23,34.4,0.0784,0.0705
20:27:46.187,1790256466.1877,1412,-2.928,-1.245,1.603,2.499,0.0039,0.00204,0.99243,0.00245,0.00159,0.00017,0.20558,0.01622,0.99742,-0.14964,0.09762,-0.00409,1.0,0.00108,-0.00252,0.0012,0.99912,-0.02196,-0.03442,-0.00935,33.23,34.4,0.0743,0.0661
20:27:46.208,1790256466.2084,1413,-2.848,-1.486,1.599,2.496,0.01999,0.01965,0.99055,0.00416,0.00782,0.00116,0.18981,0.00224,0.98742,-0.15965,0.09992,-0.00039,0.99999,0.00227,-0.00343,0.00122,0.9991,-0.02285,-0.0346,-0.00949,33.23,34.4,0.0732,0.0759
20:27:46.229,1790256466.229,1414,-3.009,-1.67,1.596,2.493,0.0033,0.0064,0.99237,0.00294,-0.00335,-0.00199,0.18767,-0.00222,0.96561,-0.15007,0.0951,-0.00463,0.99999,0.00303,-0.00212,0.00119,0.99907,-0.02373,-0.03467,-0.00966,33.23,34.4,0.0743,0.0678
20:27:46.249,1790256466.2496,1415,-3.063,-1.892,1.592,2.489,0.00334,0.00992,0.98629,-0.00229,-0.002,0.00191,0.19146,0.01631,0.99008,-0.14172,0.09048,-0.00501,0.99999,0.00441,-0.00184,0.00121,0.99905,-0.02429,-0.03483,-0.00984,33.22,34.4,0.0698,0.0736
20:27:46.270,1790256466.2701,1416,-2.989,-2.092,1.588,2.486,0.01029,0.0177,0.97543,3e-05,-0.00058,0.0004,0.20571,0.02342,0.9692,-0.15643,0.09734,0.00591,0.99998,0.00543,-0.00259,0.00121,0.99903,-0.02501,-0.03491,-0.00992,33.22,34.4,0.0617,0.0733
20:27:46.290,1790256466.2906,1417,-3.015,-2.005,1.585,2.482,0.00182,-0.00715,0.97919,-0.00147,0.00319,-0.00224,0.21059,0.03185,0.98696,-0.14783,0.10266,-0.00135,0.99999,0.00412,-0.00232,0.00119,0.99901,-0.02557,-0.03489,-0.01008,33.22,34.4,0.0644,0.0727
20:27:46.310,1790256466.3107,1418,-2.851,-2.118,1.581,2.478,0.02754,0.01249,0.99507,-0.00112,0.00423,0.00013,0.21051,0.00935,0.98278,-0.14651,0.11151,-0.00127,0.99998,0.00439,-0.0038,0.0012,0.99899,-0.02625,-0.03493,-0.01023,33.22,34.4,0.0766,0.0762
20:27:46.331,1790256466.3311,1419,-3.014,-2.175,1.577,2.475,-0.00059,0.00823,0.98116,-0.00171,-0.00202,0.0004,0.22243,0.0173,0.98591,-0.13851,0.09603,-0.00084,0.99999,0.00431,-0.00248,0.0012,0.99897,-0.02686,-0.03502,-0.01037,33.22,34.4,0.0659,0.0719
20:27:46.351,1790256466.3517,1420,-2.956,-2.094,1.574,2.471,0.00862,-0.00492,0.99309,-0.00081,1e-05,-0.00015,0.22388,0.01457,0.98882,-0.15108,0.10953,0.00512,0.99999,0.00282,-0.00289,0.00121,0.99895,-0.02763,-0.03494,-0.01047,33.22,34.4,0.0749,0.0695
20:27:46.372,1790256466.3721,1421,-2.783,-2.168,1.57,2.468,0.03203,0.00782,0.99244,-7e-05,0.00136,0.00257,0.24094,0.03937,0.96277,-0.13858,0.10835,-0.00199,0.99999,0.00295,-0.0044,0.00124,0.99894,-0.02812,-0.03493,-0.01063,33.22,34.4,0.0747,0.0749
20:27:46.392,1790256466.3926,1422,-2.875,-2.105,1.567,2.464,0.00544,0.00151,0.993,0.00189,-0.00385,0.0007,0.24356,0.02256,0.98449,-0.1423,0.10675,-0.00734,0.99999,0.00175,-0.00352,0.00125,0.99892,-0.02879,-0.03487,-0.01085,33.22,34.4,0.0748,0.0692
20:27:46.413,1790256466.4131,1423,-2.732,-2.039,1.564,2.46,0.01731,-0.00676,0.9929,-0.0011,0.00196,0.00066,0.23378,0.04227,0.95852,-0.13885,0.11264,0.00916,0.99999,0.00066,-0.00459,0.00126,0.99891,-0.02928,-0.03471,-0.0109,33.22,34.4,0.0748,0.0706
20:27:46.433,1790256466.4332,1424,-2.603,-2.253,1.56,2.457,0.02065,0.0147,0.99973,-0.00085,-0.00142,-0.0003,0.24947,0.01744,0.97295,-0.14103,0.12539,0.00087,0.99998,0.00188,-0.00565,0.00126,0.99889,-0.02991,-0.03462,-0.01105,33.22,34.4,0.08,0.0766
20:27:46.454,1790256466.4538,1425,-2.571,-2.471,1.557,2.453,0.01295,0.01012,0.98081,0.00119,-0.00046,-0.003,0.26464,0.03037,0.96548,-0.14094,0.11265,-0.00281,0.99998,0.00319,-0.00604,0.00122,0.99887,-0.03049,-0.03468,-0.01123,33.22,34.4,0.0657,0.0788
20:27:46.474,1790256466.474,1426,-2.736,-2.518,1.554,2.449,0.00298,0.0053,0.99805,-0.0014,0.00239,0.00086,0.22999,0.01567,0.95993,-0.14261,0.11865,-0.00129,0.99998,0.00299,-0.00444,0.00123,0.99885,-0.03114,-0.03452,-0.0114,33.22,34.4,0.0786,0.0704
20:27:46.494,1790256466.4945,1427,-2.668,-2.434,1.55,2.445,0.02143,-0.02904,0.9881,0.00189,0.00151,0.00144,0.25174,0.02188,0.98078,-0.13775,0.11032,0.00019,0.99999,0.00163,-0.00493,0.00125,0.99884,-0.03175,-0.03444,-0.01155,33.22,34.4,0.0716,0.0704
20:27:46.514,1790256466.5147,1428,-2.631,-2.329,1.547,2.441,0.01197,-0.01137,1.00196,-9e-05,-0.00045,-0.00014,0.2435,0.01204,0.96028,-0.13994,0.11655,0.0016,0.99999,6e-05,-0.00516,0.00126,0.99882,-0.0324,-0.03437,-0.01168,33.22,34.4,0.0784,0.0731
20:27:46.535,1790256466.5348,1429,-2.746,-2.534,1.544,2.437,0.00235,0.00992,1.00096,0.0022,0.00121,-0.00169,0.25256,0.02528,0.96004,-0.13919,0.11458,0.0003,0.99999,0.00132,-0.00414,0.00124,0.9988,-0.03296,-0.03432,-0.01184,33.22,34.4,0.0792,0.0748
20:27:46.555,1790256466.5551,1430,-2.873,-2.472,1.54,2.434,0.00229,-0.0028,0.99303,-3e-05,-0.00222,-0.00241,0.26085,0.01556,0.96112,-0.12823,0.11464,-0.00061,0.99999,0.0003,-0.00305,0.00122,0.99878,-0.03346,-0.03435,-0.012,33.22,34.4,0.0748,0.077
20:27:46.575,1790256466.5757,1431,-2.753,-2.693,1.537,2.43,0.01754,0.01695,0.99594,0.00157,0.0022,-0.00055,0.26545,0.02198,0.9506,-0.1331,0.12315,0.00303,0.99999,0.00161,-0.00394,0.00121,0.99876,-0.03405,-0.03415,-0.01213,33.22,34.4,0.0772,0.0704
20:27:46.596,1790256466.5958,1432,-2.909,-2.779,1.534,2.426,-0.00865,0.00467,0.99595,0.00051,0.00116,-0.0001,0.26007,0.02062,0.98233,-0.14121,0.11696,0.00391,0.99999,0.00175,-0.00239,0.00121,0.99875,-0.03471,-0.03396,-0.01224,33.22,34.4,0.077,0.0677
20:27:46.616,1790256466.6164,1433,-2.738,-2.791,1.53,2.422,0.03244,-0.00835,0.98884,-0.00054,-0.0019,0.00162,0.28934,0.0069,0.9445,-0.12711,0.11968,-0.00253,0.99999,0.00116,-0.00377,0.00123,0.99872,-0.03536,-0.03386,-0.01242,33.22,34.4,0.0721,0.0709
20:27:46.637,1790256466.6368,1434,-2.708,-2.982,1.527,2.417,0.00769,0.00549,0.97512,-0.00013,-0.00294,-3e-05,0.27176,0.02667,0.97829,-0.11933,0.11188,0.00136,0.99999,0.00241,-0.00394,0.00123,0.99871,-0.03578,-0.03372,-0.01256,33.22,34.4,0.0614,0.0682
20:27:46.657,1790256466.6574,1435,-2.697,-2.881,1.524,2.413,0.00685,-0.00124,0.98304,-0.001,-0.00094,0.00099,0.27964,0.01258,0.97314,-0.11996,0.13133,0.00248,0.99999,0.00103,-0.00375,0.00124,0.9987,-0.03628,-0.03346,-0.0127,33.22,34.4,0.0673,0.0705
20:27:46.677,1790256466.6778,1436,-2.533,-2.923,1.52,2.409,0.02537,-0.00244,0.97753,-0.00094,0.00147,0.00169,0.28702,0.01322,0.97778,-0.13061,0.11631,0.00162,0.99999,0.00071,-0.00499,0.00126,0.99868,-0.03693,-0.03326,-0.01284,33.22,34.4,0.0634,0.0657
20:27:46.698,1790256466.6984,1437,-2.527,-3.144,1.517,2.405,0.00961,0.01957,0.98822,-0.00131,-0.0018,-0.00396,0.30804,0.02098,0.94293,-0.11719,0.12302,0.00095,0.99998,0.00217,-0.00499,0.00122,0.99867,-0.0374,-0.03317,-0.01299,33.22,34.4,0.0713,0.0741
20:27:46.718,1790256466.7186,1438,-2.454,-3.045,1.514,2.401,0.01807,-0.01133,0.98242,-0.00203,0.00268,0.00046,0.27463,0.0123,0.96195,-0.11264,0.123,0.00142,0.99998,0.00096,-0.0056,0.00123,0.99865,-0.03773,-0.03316,-0.01314,33.22,34.4,0.067,0.0797
20:27:46.739,1790256466.739,1439,-2.585,-3.201,1.511,2.396,0.00225,0.00727,0.99906,0.00299,0.00427,-0.00139,0.29165,0.00239,0.93056,-0.10988,0.12224,0.00422,0.99999,0.00182,-0.00417,0.00121,0.99864,-0.03827,-0.03285,-0.01325,33.22,34.4,0.0793,0.0614
20:27:46.759,1790256466.7593,1440,-2.426,-3.173,1.508,2.392,0.01052,0.00252,0.97888,0.00061,0.0008,0.00081,0.28337,0.04299,0.9407,-0.10703,0.1138,-0.00371,0.99998,0.0013,-0.00537,0.00122,0.99863,-0.03851,-0.03266,-0.01344,33.22,34.4,0.0642,0.0675
20:27:46.779,1790256466.7798,1441,-2.581,-3.152,1.505,2.388,0.00774,0.00177,1.00865,-0.00223,0.00115,0.00261,0.30388,0.02892,0.96238,-0.10463,0.11925,-0.00254,0.99999,0.00088,-0.0039,0.00125,0.99862,-0.03879,-0.03255,-0.01363,33.22,34.4,0.0735,0.0728
20:27:46.800,1790256466.8004,1442,-2.404,-3.109,1.502,2.383,0.02405,-0.00522,1.0048,0.00142,-0.00219,0.00296,0.29827,0.04716,0.95952,-0.10801,0.11525,-0.00282,0.99998,0.00027,-0.00537,0.00128,0.99862,-0.03898,-0.03249,-0.01382,33.22,34.4,0.0762,0.0756
20:27:46.820,1790256466.8208,1443,-2.34,-3.286,1.499,2.379,0.0152,0.00969,0.9805,-0.00316,-0.00065,0.00039,0.31096,0.00639,0.95088,-0.10622,0.1248,-0.00289,0.99998,0.00143,-0.00599,0.00128,0.9986,-0.03935,-0.03251,-0.01402,33.22,34.4,0.0655,0.0797
20:27:46.841,1790256466.8413,1444,-2.366,-3.133,1.496,2.375,0.01139,-0.00206,0.99207,-3e-05,0.00268,0.00189,0.30499,0.0328,0.94986,-0.1013,0.11014,0.00197,0.99998,-8e-05,-0.00581,0.00131,0.99859,-0.03953,-0.0326,-0.01416,33.22,34.4,0.0741,0.0786
20:27:46.861,1790256466.8618,1445,-2.348,-3.313,1.493,2.37,0.01351,0.01095,0.98435,-0.00024,0.00087,0.00177,0.31796,0.01923,0.94976,-0.09288,0.11803,0.00163,0.99998,0.00129,-0.00606,0.00132,0.99857,-0.03972,-0.03265,-0.01431,33.22,34.4,0.0684,0.0787
20:27:46.882,1790256466.8824,1446,-2.284,-3.491,1.49,2.366,0.01358,0.0069,0.98815,-0.00239,-8e-05,0.00192,0.30548,0.02005,0.95891,-0.09405,0.1231,0.0029,0.99997,0.00264,-0.00657,0.00134,0.99857,-0.03991,-0.03256,-0.01444,33.22,34.4,0.0712,0.0751
20:27:46.903,1790256466.9029,1447,-2.245,-3.346,1.487,2.361,0.01473,-0.00912,0.98993,0.00305,0.00053,0.00181,0.29564,0.02169,0.94318,-0.09232,0.1193,0.00181,0.99998,0.0012,-0.00675,0.00137,0.99856,-0.04009,-0.03243,-0.01458,33.22,34.4,0.0726,0.0715
20:27:46.923,1790256466.9232,1448,-2.249,-3.206,1.484,2.357,0.0115,-0.01834,0.9848,-0.0027,-0.00241,0.00093,0.31349,0.01623,0.93897,-0.08935,0.11391,-0.00137,0.99998,-0.00022,-0.00666,0.00139,0.99855,-0.04029,-0.03241,-0.01475,33.22,34.4,0.0688,0.0725
20:27:46.943,1790256466.9435,1449,-2.118,-3.276,1.482,2.353,0.02288,0.00189,0.98024,0.00097,-0.00192,0.00296,0.30917,-0.01006,0.95611,-0.08522,0.10648,0.00033,0.99997,0.0001,-0.00797,0.00142,0.99854,-0.04054,-0.03256,-0.0149,33.22,34.4,0.0654,0.0763
20:27:46.964,1790256466.9641,1450,-1.94,-3.245,1.479,2.348,0.02101,-0.00204,0.99334,-0.00207,-0.0019,-0.00162,0.30968,0.0084,0.92769,-0.09145,0.10462,0.00096,0.99995,-0.00053,-0.00942,0.00141,0.99852,-0.04086,-0.03247,-0.01504,33.22,34.4,0.0752,0.0635
20:27:46.984,1790256466.9843,1451,-1.812,-3.14,1.476,2.344,0.02112,-0.00325,0.992,-0.00478,-0.00331,0.00249,0.31547,0.01875,0.93817,-0.08048,0.10352,0.003,0.99994,-0.00158,-0.01058,0.00144,0.99852,-0.04096,-0.03254,-0.01515,33.22,34.4,0.0742,0.0725
20:27:47.004,1790256467.0047,1452,-1.745,-3.34,1.474,2.34,0.03066,0.02292,0.99838,-0.00095,-0.00022,-0.0014,0.32414,0.01368,0.9263,-0.0835,0.10887,-0.00044,0.99994,-6e-05,-0.01113,0.00142,0.99851,-0.04117,-0.03245,-0.01531,33.22,34.4,0.0793,0.0661
20:27:47.025,1790256467.0248,1453,-1.697,-3.507,1.471,2.335,0.02928,0.01999,0.98771,0.00168,-0.00211,-0.00194,0.34346,0.01162,0.95182,-0.07075,0.10584,-0.0,0.99993,0.00131,-0.01164,0.00139,0.9985,-0.04124,-0.0325,-0.01545,33.22,34.4,0.0713,0.071
20:27:47.045,1790256467.0453,1454,-1.771,-3.318,1.469,2.331,0.02136,-0.00384,1.00111,-0.00146,0.00082,-0.0018,0.33925,0.03648,0.9463,-0.0707,0.09319,0.00125,0.99994,-0.00026,-0.01117,0.00139,0.99849,-0.04117,-0.03272,-0.01558,33.22,34.4,0.079,0.0755
20:27:47.065,1790256467.0656,1455,-1.691,-3.194,1.467,2.327,0.02872,-0.00875,0.98649,-0.00114,0.00104,-0.00076,0.33439,0.01883,0.94836,-0.06975,0.09502,-0.00282,0.99993,-0.00136,-0.01207,0.0014,0.99848,-0.04116,-0.03295,-0.01576,33.22,34.4,0.0702,0.0757
20:27:47.086,1790256467.0862,1456,-1.858,-3.213,1.464,2.323,0.01668,-0.00195,0.99168,0.00129,-0.00295,0.00441,0.33012,0.0236,0.96051,-0.07319,0.10559,-0.00377,0.99994,-0.00119,-0.01058,0.00145,0.99848,-0.0412,-0.03292,-0.01594,33.22,34.4,0.0739,0.0681
20:27:47.106,1790256467.1068,1457,-1.815,-3.042,1.461,2.318,0.02691,-0.0148,0.99784,0.00227,-0.00255,0.00057,0.33756,0.01547,0.94065,-0.06484,0.08869,-0.00077,0.99993,-0.00263,-0.0113,0.00147,0.99847,-0.04114,-0.03331,-0.0161,33.22,34.4,0.0787,0.0796
20:27:47.127,1790256467.1272,1458,-1.959,-2.929,1.459,2.314,0.01344,-0.01379,0.98007,0.00341,0.00208,2e-05,0.34154,0.004,0.93817,-0.05838,0.09496,0.00022,0.99994,-0.00353,-0.01034,0.00149,0.99846,-0.04109,-0.03363,-0.01624,33.22,34.4,0.0652,0.0788
20:27:47.148,1790256467.1478,1459,-2.127,-2.903,1.456,2.311,-0.01694,-0.00534,0.97218,-0.00202,-0.00185,-0.00307,0.34275,0.03609,0.93448,-0.05712,0.09218,0.00284,0.99995,-0.00351,-0.00915,0.00146,0.99845,-0.04088,-0.0339,-0.01636,33.22,34.4,0.0593,0.077
20:27:47.168,1790256467.1681,1460,-2.121,-3.062,1.453,2.306,0.02156,0.00496,0.9904,0.00196,-0.00182,0.00119,0.34835,-0.00547,0.94359,-0.05086,0.08864,0.00047,0.99995,-0.00207,-0.00958,0.00146,0.99844,-0.04082,-0.03423,-0.01649,33.22,34.4,0.073,0.0756
20:27:47.188,1790256467.1882,1461,-2.007,-3.026,1.451,2.302,0.02235,-0.00437,0.9825,0.00247,-0.00081,0.00122,0.35324,0.02315,0.93014,-0.04136,0.08376,0.00127,0.99994,-0.00215,-0.01094,0.00148,0.99844,-0.04054,-0.0346,-0.01661,33.22,34.4,0.0671,0.0764
20:27:47.208,1790256467.2084,1462,-2.184,-3.097,1.448,2.298,-0.00019,0.01023,0.99271,-0.00063,0.00271,0.00295,0.34142,0.00035,0.9313,-0.04316,0.09428,-0.00266,0.99995,-0.00132,-0.00966,0.0015,0.99844,-0.04038,-0.03484,-0.01676,33.22,34.4,0.0746,0.0739
20:27:47.228,1790256467.2287,1463,-2.302,-3.191,1.445,2.294,0.01003,0.01235,0.98185,0.00058,-0.00269,-0.00229,0.33591,0.01629,0.947,-0.03852,0.08712,0.0007,0.99996,-0.00016,-0.009,0.00147,0.99843,-0.04007,-0.03517,-0.01689,33.22,34.4,0.0665,0.0763
20:27:47.249,1790256467.2493,1464,-2.223,-3.05,1.442,2.29,0.02374,-0.00593,0.98482,-0.00029,-2e-05,-0.00063,0.33773,0.00762,0.93336,-0.03448,0.08091,-0.00483,0.99995,-0.00113,-0.01004,0.00148,0.99843,-0.03978,-0.03556,-0.01706,33.22,34.4,0.0688,0.0745
20:27:47.269,1790256467.2696,1465,-2.317,-3.185,1.44,2.286,0.01486,0.01055,0.99807,0.00217,-0.00174,0.00199,0.35375,0.01173,0.96306,-0.02612,0.07168,-0.00131,0.99995,0.00037,-0.00946,0.00149,0.99843,-0.03948,-0.03576,-0.01718,33.21,34.4,0.0787,0.0605
20:27:47.290,1790256467.2902,1466,-2.494,-3.223,1.437,2.282,0.01584,0.00204,0.97406,-0.0009,-0.00018,0.00167,0.363,-0.00866,0.93864,-0.03396,0.08052,0.00746,0.99996,0.00093,-0.00836,0.0015,0.99842,-0.0393,-0.03618,-0.01722,33.21,34.4,0.0606,0.0752
20:27:47.310,1790256467.3107,1467,-2.713,-3.081,1.433,2.278,0.01224,-0.00086,0.99013,-0.00234,0.00056,-0.00379,0.35379,0.01908,0.9363,-0.03124,0.0599,0.00202,0.99997,0.00012,-0.00709,0.00147,0.99841,-0.03892,-0.03686,-0.01732,33.21,34.4,0.0727,0.0792
20:27:47.331,1790256467.3313,1468,-2.625,-3.057,1.43,2.274,0.02318,0.00087,0.98224,-0.00035,0.00203,-0.00086,0.36519,0.0077,0.93376,-0.02631,0.06779,0.00196,0.99996,0.00022,-0.00847,0.00147,0.9984,-0.03858,-0.03746,-0.01742,33.21,34.4,0.0669,0.078
20:27:47.351,1790256467.3515,1469,-2.66,-3.187,1.427,2.269,0.01904,0.00844,0.99592,0.00313,0.00181,0.00168,0.35995,0.00923,0.93034,-0.0209,0.06196,-0.00049,0.99996,0.00176,-0.00886,0.00147,0.99839,-0.03817,-0.03812,-0.01754,33.21,34.4,0.0771,0.0782
20:27:47.372,1790256467.3722,1470,-2.75,-2.996,1.424,2.265,0.01421,-0.00548,0.97529,0.00253,0.00084,0.00056,0.34753,0.00068,0.91932,-0.00703,0.06595,0.00412,0.99996,0.00059,-0.00844,0.00149,0.99839,-0.0377,-0.03853,-0.01759,33.21,34.4,0.0616,0.0671
20:27:47.392,1790256467.3925,1471,-2.765,-3.088,1.421,2.261,0.02175,0.01431,0.98611,-0.00086,-0.00188,0.00244,0.36046,0.02056,0.92387,-0.01228,0.05589,-0.00077,0.99996,0.0019,-0.00897,0.00151,0.99838,-0.03719,-0.03915,-0.0177,33.21,34.4,0.0698,0.0739
20:27:47.412,1790256467.4128,1472,-2.807,-3.196,1.418,2.257,0.01929,0.01343,0.99022,-0.00086,-0.00011,0.00254,0.35078,0.00796,0.91916,-0.00469,0.05242,-0.00055,0.99995,0.00335,-0.0092,0.00152,0.99838,-0.03668,-0.0397,-0.01779,33.21,34.4,0.0729,0.0679
20:27:47.433,1790256467.4333,1473,-2.785,-3.08,1.414,2.253,0.03108,-0.00086,0.96748,0.00045,0.00065,0.0008,0.37219,0.00381,0.92763,-0.00874,0.04775,0.0099,0.99994,0.0028,-0.01021,0.00153,0.99836,-0.0362,-0.04055,-0.01779,33.21,34.4,0.056,0.0796
20:27:47.453,1790256467.4536,1474,-2.784,-2.889,1.411,2.249,0.03011,-0.00966,0.988,0.00204,0.00028,7e-05,0.38109,0.01083,0.93115,-0.00789,0.03944,0.0,0.99994,0.0016,-0.01101,0.00155,0.99834,-0.03571,-0.04139,-0.01788,33.21,34.4,0.0714,0.0754
20:27:47.474,1790256467.474,1475,-2.848,-2.948,1.408,2.245,0.02384,0.01121,0.97527,0.00045,0.00203,-0.00171,0.36117,0.01763,0.93053,0.00468,0.0434,-0.00636,0.99993,0.00282,-0.01134,0.00152,0.99833,-0.03501,-0.04225,-0.01803,33.21,34.4,0.0617,0.0787
20:27:47.494,1790256467.4945,1476,-2.791,-2.963,1.405,2.241,0.04798,0.02023,0.98334,0.00144,0.00076,-0.00207,0.39006,0.02314,0.93834,0.0042,0.03844,-0.00226,0.99991,0.00353,-0.01255,0.00149,0.99832,-0.0344,-0.04294,-0.01813,33.21,34.4,0.0685,0.0677
20:27:47.515,1790256467.5148,1477,-2.996,-2.764,1.402,2.238,0.01238,-0.0066,0.98703,-0.00111,-0.00084,0.0013,0.36494,-0.00449,0.93767,0.01073,0.03737,-0.00438,0.99993,0.00246,-0.0116,0.00152,0.9983,-0.03378,-0.04382,-0.01825,33.21,34.4,0.0704,0.0754
20:27:47.535,1790256467.5354,1478,-3.244,-2.638,1.398,2.234,0.00175,-0.00054,0.99012,-0.00259,-0.0033,0.00246,0.37287,-0.01013,0.93558,0.01692,0.04638,3e-05,0.99994,0.00207,-0.01019,0.00155,0.99829,-0.03314,-0.0446,-0.01832,33.21,34.4,0.0726,0.0746
20:27:47.555,1790256467.5556,1479,-3.407,-2.383,1.395,2.231,0.01352,-0.01158,0.99727,0.00165,-0.00188,-0.00114,0.3454,0.00735,0.93159,0.01817,0.03404,-0.00177,0.99995,0.00064,-0.00959,0.00155,0.99827,-0.03239,-0.04549,-0.01841,33.21,34.4,0.0781,0.0752
20:27:47.576,1790256467.5758,1480,-3.661,-2.232,1.391,2.227,-0.00042,-0.00632,0.99173,-0.00319,0.0001,-0.00346,0.37023,2e-05,0.94448,0.01865,0.0264,-0.00892,0.99997,6e-05,-0.0082,0.00152,0.99825,-0.03172,-0.04635,-0.01856,33.21,34.4,0.0738,0.0692
20:27:47.596,1790256467.5962,1481,-3.92,-2.229,1.387,2.224,0.00645,0.00783,0.99132,-0.00024,-0.00012,0.00241,0.36506,0.01201,0.92649,0.03091,0.02114,-0.00652,0.99997,0.00099,-0.00703,0.00154,0.99822,-0.03083,-0.04742,-0.01868,33.21,34.4,0.0735,0.0769
20:27:47.616,1790256467.6165,1482,-3.847,-2.152,1.383,2.221,0.05169,-0.00099,1.00549,0.00023,-0.00302,0.00235,0.38529,-0.00415,0.94022,0.0164,0.01829,0.00594,0.99996,0.00087,-0.00857,0.00157,0.9982,-0.03024,-0.04834,-0.01867,33.21,34.4,0.0749,0.0679
20:27:47.637,1790256467.6369,1483,-4.152,-2.018,1.379,2.217,0.01338,0.00079,1.00631,-0.00028,0.00099,-0.00204,0.37755,-0.00859,0.92333,0.02874,0.01384,0.00273,0.99997,0.00051,-0.00708,0.00157,0.99816,-0.0295,-0.04953,-0.01869,33.21,34.4,0.0752,0.0782
20:27:47.657,1790256467.6571,1484,-4.315,-2.087,1.374,2.214,0.01127,0.01876,0.9987,0.00133,-0.00525,0.0023,0.3783,0.01897,0.92654,0.0387,0.01314,0.00398,0.99997,0.0021,-0.00688,0.00158,0.99813,-0.02854,-0.05071,-0.0187,33.21,34.4,0.0792,0.0793
20:27:47.677,1790256467.6775,1485,-4.29,-2.022,1.37,2.211,0.02381,0.00645,0.98634,0.00083,0.00122,0.00034,0.36481,0.01589,0.93735,0.03413,0.0069,-0.00271,0.99996,0.00242,-0.00827,0.00158,0.99809,-0.02763,-0.05189,-0.01877,33.21,34.4,0.07,0.0755
20:27:47.697,1790256467.6977,1486,-4.27,-1.879,1.366,2.208,0.03627,-0.0018,0.97957,-0.0006,0.0026,-0.0015,0.37357,-0.00684,0.91321,0.04618,0.00768,0.0021,0.99995,0.00201,-0.0095,0.00158,0.99806,-0.02677,-0.05297,-0.01877,33.21,34.4,0.0652,0.07
20:27:47.718,1790256467.718,1487,-4.325,-1.6,1.362,2.205,0.0295,-0.01946,0.99586,-0.00049,-0.00194,-0.00212,0.37419,0.00272,0.93975,0.05316,-0.0042,0.00165,0.99995,0.00057,-0.01017,0.00157,0.99802,-0.02577,-0.05419,-0.01878,33.21,34.4,0.0774,0.0714
20:27:47.738,1790256467.7386,1488,-4.506,-1.328,1.357,2.202,0.01727,-0.01131,0.9889,-0.0006,0.00145,0.00094,0.39509,-0.00383,0.92751,0.04775,-0.00571,0.00551,0.99995,-0.00087,-0.00984,0.00158,0.99797,-0.02488,-0.05551,-0.01874,33.21,34.4,0.0718,0.0739
20:27:47.759,1790256467.7592,1489,-4.682,-1.354,1.353,2.2,0.01812,0.00566,0.97293,-0.00251,0.00063,0.00046,0.36732,-0.00332,0.92007,0.05136,-0.0098,0.00139,0.99995,0.00032,-0.00967,0.00158,0.99792,-0.02394,-0.05685,-0.01873,33.21,34.4,0.0598,0.073
20:27:47.779,1790256467.7796,1490,-4.888,-1.382,1.348,2.197,0.01606,0.00978,0.98017,-0.00262,-0.0012,-0.00027,0.36948,-0.00191,0.93774,0.05304,-0.01276,-0.0013,0.99995,0.00156,-0.00928,0.00157,0.99786,-0.02299,-0.05823,-0.01876,33.21,34.4,0.0653,0.0741
20:27:47.799,1790256467.7997,1491,-5.146,-1.174,1.343,2.195,0.01016,-0.00238,0.97868,0.00119,0.00364,-0.00173,0.36887,-0.00911,0.90986,0.0695,-0.0107,0.00244,0.99996,0.00085,-0.00818,0.00155,0.99782,-0.02195,-0.05942,-0.01872,33.21,34.4,0.064,0.0664
20:27:47.820,1790256467.8203,1492,-5.171,-0.948,1.338,2.192,0.02055,-0.00124,1.01157,0.00194,-0.00112,0.00373,0.36234,0.00448,0.92196,0.06749,-0.02225,-0.00021,0.99995,0.0,-0.00938,0.0016,0.99775,-0.02082,-0.06089,-0.01872,33.21,34.4,0.0712,0.073
20:27:47.841,1790256467.8409,1493,-5.426,-0.685,1.333,2.19,0.01723,-0.00215,1.00555,0.00188,0.00314,-0.00012,0.35749,-0.00156,0.91701,0.06114,-0.01592,0.00256,0.99996,-0.00122,-0.0084,0.00162,0.99769,-0.01981,-0.0622,-0.01868,33.21,34.4,0.0757,0.0682
20:27:47.861,1790256467.8612,1494,-5.749,-0.608,1.328,2.188,0.01405,-0.00164,0.994,-0.00034,0.00017,-0.00218,0.36945,-0.00819,0.91198,0.06991,-0.02278,0.00309,0.99997,-0.00078,-0.00694,0.00159,0.99763,-0.01878,-0.06356,-0.01863,33.21,34.4,0.0756,0.068
20:27:47.881,1790256467.8816,1495,-5.72,-0.517,1.323,2.186,0.02055,-0.00097,1.00142,-0.00245,-0.00059,0.00175,0.38686,-0.02043,0.94437,0.0697,-0.02961,-0.00017,0.99996,-0.00065,-0.00855,0.00161,0.99756,-0.01783,-0.06492,-0.0186,33.21,34.4,0.0788,0.0644
20:27:47.902,1790256467.9021,1496,-5.829,-0.492,1.318,2.184,0.02181,0.0053,0.96999,0.0021,0.00221,0.00122,0.36295,0.00241,0.92403,0.07606,-0.03672,-0.00065,0.99996,0.00029,-0.00926,0.00162,0.99747,-0.01666,-0.06657,-0.01858,33.21,34.4,0.0577,0.0746
20:27:47.922,1790256467.9227,1497,-6.136,-0.407,1.312,2.182,0.00575,0.00511,0.97543,0.00178,-0.00162,0.00095,0.36224,-0.00939,0.91994,0.08004,-0.02932,-0.00329,0.99997,0.00075,-0.0081,0.00162,0.99739,-0.01554,-0.06809,-0.01858,33.21,34.4,0.0616,0.0716
20:27:47.943,1790256467.9429,1498,-6.443,-0.38,1.306,2.18,0.01056,0.00645,0.97806,-0.00054,-0.00045,0.00299,0.38468,-0.01161,0.9286,0.07794,-0.04374,0.00067,0.99997,0.00163,-0.00717,0.00165,0.99728,-0.01449,-0.06982,-0.01853,33.21,34.4,0.0636,0.0761
20:27:47.963,1790256467.9632,1499,-6.712,-0.08,1.3,2.179,0.00989,-0.00451,0.99716,-0.00097,-0.00098,0.0007,0.37017,0.00557,0.91484,0.07982,-0.04624,-0.00221,0.99998,0.00026,-0.00639,0.00166,0.99718,-0.01333,-0.07146,-0.01851,33.21,34.4,0.0779,0.0702
20:27:47.983,1790256467.9838,1500,-6.897,0.239,1.294,2.177,0.01262,-0.00355,0.98488,-0.00399,0.00044,0.0011,0.37031,0.00699,0.94189,0.09019,-0.04928,-0.00194,0.99998,-0.0012,-0.0064,0.00168,0.99708,-0.01204,-0.07316,-0.01848,33.21,34.4,0.0687,0.0709
20:27:48.004,1790256468.0041,1501,-6.931,0.366,1.288,2.176,0.03303,-0.00028,1.00595,0.00093,0.00012,-0.00164,0.35889,-0.00314,0.92923,0.09896,-0.05004,-0.00153,0.99997,-0.00104,-0.00792,0.00167,0.99696,-0.01075,-0.07499,-0.01843,33.21,34.4,0.0751,0.0771
20:27:48.024,1790256468.0244,1502,-7.085,0.37,1.282,2.174,0.01694,0.00187,0.9776,0.00417,0.00151,-0.00026,0.35514,0.00792,0.9232,0.09132,-0.05455,0.00231,0.99996,0.00021,-0.00835,0.00166,0.99684,-0.00948,-0.07674,-0.01834,33.21,34.4,0.0633,0.0719
20:27:48.044,1790256468.0447,1503,-7.328,0.325,1.276,2.173,0.01608,0.00683,1.00141,0.0014,0.00066,-0.00167,0.37315,-0.00354,0.92924,0.0926,-0.05409,0.00951,0.99996,0.00182,-0.00819,0.00164,0.9967,-0.0083,-0.07864,-0.01817,33.21,34.4,0.0788,0.079
20:27:48.065,1790256468.0651,1504,-7.4,0.581,1.269,2.172,0.02761,-0.00793,0.98406,0.00215,-0.00027,0.00077,0.37733,-0.00824,0.94982,0.10448,-0.06199,0.00121,0.99996,0.00085,-0.00918,0.00166,0.99658,-0.00703,-0.08032,-0.01807,33.21,34.4,0.0684,0.0635
20:27:48.085,1790256468.0856,1505,-7.58,0.894,1.263,2.171,0.01829,-0.00075,0.98133,-0.00211,0.00022,-1e-05,0.38365,-0.00928,0.93659,0.11057,-0.05806,-0.00143,0.99995,-0.00052,-0.00933,0.00167,0.99644,-0.00572,-0.08211,-0.01798,33.21,34.4,0.0661,0.0709
20:27:48.106,1790256468.1061,1506,-7.953,1.039,1.256,2.17,5e-05,-0.00044,0.99425,0.00187,-0.00153,-0.00135,0.39876,-0.0114,0.94242,0.10549,-0.07031,3e-05,0.99997,-0.00045,-0.00781,0.00166,0.99631,-0.00449,-0.08386,-0.01788,33.21,34.4,0.0757,0.0625
20:27:48.126,1790256468.1265,1507,-8.301,1.288,1.249,2.17,0.00764,-0.00594,0.9957,0.00271,0.00226,-0.00135,0.36264,-0.00013,0.90889,0.1028,-0.06789,0.00311,0.99998,-0.00127,-0.00646,0.00165,0.99617,-0.00323,-0.08561,-0.01775,33.21,34.4,0.0768,0.0639
20:27:48.147,1790256468.147,1508,-8.631,1.549,1.242,2.169,0.00662,-0.0086,0.97911,-0.00135,0.0015,0.00159,0.3905,-0.01619,0.91218,0.11232,-0.07179,0.00152,0.99998,-0.00222,-0.00553,0.00168,0.996,-0.00201,-0.0876,-0.01761,33.21,34.4,0.0644,0.0743
20:27:48.167,1790256468.1675,1509,-8.851,1.885,1.234,2.169,0.01081,-0.00889,0.98989,-0.00094,-0.00485,-0.00179,0.37841,0.00279,0.93187,0.11589,-0.07026,0.00511,0.99998,-0.00371,-0.00554,0.00167,0.99582,-0.00063,-0.08961,-0.01743,33.21,34.4,0.0725,0.0757
20:27:48.188,1790256468.1879,1510,-9.06,2.232,1.227,2.169,0.01295,-0.02233,0.99354,0.00069,-0.00289,0.0012,0.36952,0.01432,0.92604,0.11669,-0.07924,0.00157,0.99997,-0.00523,-0.00578,0.00169,0.99563,0.00082,-0.09175,-0.0173,33.21,34.4,0.0754,0.0779
20:27:48.208,1790256468.2084,1511,-9.16,2.258,1.219,2.169,0.02662,0.00698,0.98631,0.00091,-0.0046,-0.00176,0.36319,-0.00774,0.90684,0.11942,-0.08049,-0.00223,0.99997,-0.00415,-0.00677,0.00166,0.99546,0.00213,-0.0936,-0.01718,33.21,34.4,0.07,0.0627
20:27:48.228,1790256468.2287,1512,-9.425,2.232,1.211,2.169,0.01185,0.00578,0.98989,-0.00065,0.00138,-0.00284,0.35737,-0.00987,0.92988,0.11573,-0.07888,0.00057,0.99997,-0.0027,-0.0066,0.00163,0.99526,0.00332,-0.09569,-0.01703,33.21,34.4,0.0725,0.0772
20:27:48.249,1790256468.2492,1513,-9.608,2.225,1.203,2.169,0.01684,0.00531,0.99441,-0.0027,-0.00064,-0.00055,0.35271,0.00466,0.92504,0.12159,-0.08253,0.00182,0.99997,-0.00125,-0.00712,0.00161,0.99506,0.00469,-0.09776,-0.01686,33.21,34.4,0.0759,0.0725
20:27:48.270,1790256468.2699,1514,-9.707,2.485,1.195,2.169,0.02963,-0.01175,0.99435,-0.00017,0.00113,-0.00148,0.35032,0.01574,0.92832,0.1225,-0.096,0.00288,0.99996,-0.00205,-0.00847,0.00162,0.99483,0.00615,-0.10002,-0.01668,33.2,34.4,0.0761,0.0743
20:27:48.290,1790256468.2903,1515,-9.818,2.56,1.187,2.17,0.02952,0.00146,0.98629,-0.00237,0.00252,-0.00199,0.36607,-0.00626,0.93222,0.12089,-0.09049,-0.0014,0.99995,-0.00151,-0.00976,0.00159,0.99459,0.00735,-0.10227,-0.01652,33.2,34.4,0.0701,0.0788
20:27:48.310,1790256468.3107,1516,-10.18,2.566,1.179,2.17,0.01314,0.00621,0.9882,-0.00173,0.00012,-0.00178,0.36191,-0.01065,0.92932,0.12453,-0.09849,-0.00131,0.99996,-0.00032,-0.00896,0.00156,0.99435,0.00853,-0.10457,-0.01635,33.2,34.4,0.0712,0.078
20:27:48.331,1790256468.3314,1517,-10.456,2.532,1.17,2.17,0.01564,0.01539,0.98669,0.00033,0.00524,0.0039,0.36464,-0.01763,0.94563,0.12224,-0.09667,0.0013,0.99996,0.00112,-0.00872,0.00159,0.99411,0.00963,-0.10669,-0.01614,33.2,34.4,0.0702,0.0698
20:27:48.351,1790256468.3518,1518,-10.608,2.797,1.162,2.171,0.02839,-0.01429,0.99098,0.00141,0.00069,0.00025,0.35589,-0.02224,0.93937,0.12781,-0.09828,0.00202,0.99995,-0.00012,-0.00956,0.0016,0.99387,0.01065,-0.10891,-0.0159,33.2,34.4,0.0736,0.0764
20:27:48.372,1790256468.372,1519,-10.951,2.783,1.153,2.171,0.01589,0.00474,0.99131,-0.00175,-0.00158,0.00054,0.33809,-0.01085,0.93402,0.12636,-0.09905,-0.00717,0.99996,0.00113,-0.0088,0.0016,0.99361,0.01171,-0.1111,-0.01576,33.2,34.4,0.0736,0.075
20:27:48.392,1790256468.3925,1520,-11.342,3.0,1.144,2.172,0.01398,-0.00019,0.98718,-0.00073,0.00129,-0.00039,0.3603,-0.02652,0.93845,0.12826,-0.10525,0.0025,0.99997,0.0003,-0.00762,0.0016,0.99335,0.01267,-0.11337,-0.0155,33.2,34.4,0.0705,0.0758
20:27:48.413,1790256468.4129,1521,-11.632,3.252,1.135,2.172,0.01171,-0.00826,0.97361,0.00269,-0.00193,-0.00206,0.34811,-0.02383,0.94881,0.13369,-0.10859,0.00017,0.99997,-0.00084,-0.00723,0.00159,0.99309,0.01365,-0.11555,-0.01524,33.2,34.4,0.0603,0.0718
20:27:48.433,1790256468.4335,1522,-11.83,3.249,1.125,2.173,0.01636,0.00214,0.98299,-0.00107,0.00223,0.00096,0.35573,-0.00453,0.94374,0.13493,-0.11216,0.00257,0.99997,0.00036,-0.00789,0.0016,0.9928,0.01481,-0.11789,-0.01498,33.2,34.4,0.0673,0.0736
20:27:48.454,1790256468.4541,1523,-12.13,3.538,1.115,2.174,0.00892,-0.01118,0.98475,0.00386,-0.00089,0.00017,0.35605,-0.00651,0.90709,0.1338,-0.10269,0.00141,0.99997,-0.00084,-0.00722,0.00161,0.99255,0.01603,-0.11988,-0.01473,33.2,34.4,0.0686,0.0609
20:27:48.474,1790256468.4743,1524,-12.354,3.49,1.106,2.175,0.01746,0.01087,0.99181,-0.00176,-0.00345,0.00285,0.34175,-0.00739,0.93849,0.13831,-0.10806,-0.00437,0.99997,0.00059,-0.00762,0.00163,0.99226,0.01703,-0.12217,-0.0145,33.2,34.4,0.074,0.0791
20:27:48.494,1790256468.4945,1525,-12.75,3.64,1.096,2.176,0.00596,0.00156,0.97219,0.00369,0.00059,-0.00169,0.33967,0.00547,0.92746,0.15223,-0.11541,0.00226,0.99998,0.00069,-0.00642,0.00161,0.99196,0.01833,-0.12443,-0.01421,33.2,34.4,0.0592,0.0708
20:27:48.514,1790256468.5148,1526,-13.107,3.83,1.085,2.177,0.00458,-0.00503,0.97873,-0.00179,0.00038,-0.0008,0.3334,-0.01771,0.94838,0.13542,-0.10872,-0.00649,0.99998,-0.00012,-0.0054,0.00162,0.99168,0.01906,-0.12655,-0.01396,33.2,34.4,0.0641,0.0759
20:27:48.535,1790256468.5351,1527,-13.284,4.113,1.075,2.179,0.01696,-0.01559,0.99389,-0.00023,-0.00028,0.00011,0.36731,-0.02442,0.9454,0.14567,-0.11984,-0.00122,0.99998,-0.00155,-0.00598,0.00162,0.99138,0.02005,-0.12872,-0.01367,33.2,34.4,0.0756,0.0691
20:27:48.555,1790256468.5556,1528,-13.386,4.336,1.064,2.18,0.01962,-0.01018,0.98946,5e-05,0.00053,-0.00146,0.35019,-0.01122,0.96002,0.13605,-0.11411,0.00163,0.99997,-0.00254,-0.00708,0.00163,0.9911,0.02097,-0.13074,-0.01336,33.2,34.4,0.0723,0.0635
20:27:48.576,1790256468.5761,1529,-13.515,4.339,1.054,2.182,0.02839,0.00513,1.01118,-0.00261,-0.00089,-0.00081,0.35249,-0.01443,0.93826,0.14898,-0.11509,-0.00063,0.99996,-0.00171,-0.00827,0.00161,0.99079,0.02185,-0.133,-0.01302,33.2,34.4,0.0713,0.0782
20:27:48.596,1790256468.5964,1530,-13.864,4.287,1.043,2.183,0.01012,0.00428,0.99068,0.00301,-0.00078,-0.00124,0.34269,-0.02258,0.95105,0.1427,-0.12029,0.00249,0.99997,-0.00053,-0.00734,0.00159,0.9905,0.02253,-0.13506,-0.01265,33.2,34.4,0.0731,0.0716
20:27:48.617,1790256468.6171,1531,-14.147,4.186,1.032,2.185,0.00854,0.01402,1.01526,0.0006,-0.00026,0.00204,0.31429,-0.02445,0.94627,0.1513,-0.11594,0.00029,0.99998,0.00078,-0.0068,0.00161,0.99024,0.02296,-0.13691,-0.01223,33.2,34.4,0.0685,0.078
20:27:48.637,1790256468.6374,1532,-14.519,4.366,1.021,2.186,0.00844,-0.00242,0.99805,0.00136,0.00475,0.00081,0.3346,-0.01777,0.94683,0.13854,-0.11096,-0.00078,0.99998,-0.00018,-0.00549,0.00162,0.98996,0.02346,-0.13886,-0.01186,33.2,34.4,0.0786,0.0767
20:27:48.658,1790256468.6579,1533,-14.894,4.335,1.009,2.188,0.00364,0.00417,0.99176,0.00263,-0.00022,-0.00233,0.33392,-0.02238,0.95043,0.14449,-0.12062,-0.0034,0.99999,0.00065,-0.00421,0.0016,0.98968,0.02397,-0.1408,-0.0115,33.2,34.4,0.0738,0.0743
20:27:48.678,1790256468.6782,1534,-15.184,4.524,0.998,2.19,0.00456,-0.00465,0.98573,0.00037,0.00018,0.00085,0.32378,-0.01748,0.95122,0.14497,-0.11656,0.00268,0.99999,-0.00054,-0.00346,0.0016,0.98942,0.02434,-0.14259,-0.01106,33.2,34.4,0.0693,0.0763
20:27:48.698,1790256468.6986,1535,-15.189,4.594,0.986,2.191,0.02455,-0.00227,0.986,-0.00052,-0.00245,0.001,0.31916,-0.01792,0.9685,0.15332,-0.11423,-0.00244,0.99999,-0.00064,-0.00491,0.00161,0.9892,0.0249,-0.14407,-0.01067,33.2,34.4,0.0697,0.0651
20:27:48.719,1790256468.7189,1536,-15.233,4.577,0.974,2.193,0.02948,0.00633,0.98569,0.00226,-0.00345,0.00177,0.31763,-0.00649,0.93928,0.14898,-0.11355,-0.00065,0.99998,-0.00011,-0.00627,0.00163,0.98894,0.02534,-0.14576,-0.01025,33.2,34.4,0.0696,0.0737
20:27:48.739,1790256468.7395,1537,-15.575,4.528,0.962,2.195,0.0072,0.00342,0.98285,0.00284,-2e-05,0.00146,0.32384,-0.00601,0.94376,0.15025,-0.11504,0.00345,0.99999,0.00072,-0.00514,0.00164,0.98867,0.02573,-0.14755,-0.00977,33.2,34.4,0.0672,0.0783
20:27:48.759,1790256468.7597,1538,-15.858,4.612,0.95,2.197,-0.00427,-0.00428,0.97579,-0.00011,-0.00523,-0.00312,0.30823,-0.02123,0.94309,0.14658,-0.11976,-0.00099,0.99999,0.00025,-0.00404,0.00161,0.98847,0.02595,-0.1489,-0.00933,33.2,34.4,0.0619,0.0743
20:27:48.780,1790256468.7799,1539,-15.899,4.739,0.938,2.198,0.01244,-0.00297,0.98857,-0.00114,-0.00149,0.00172,0.31995,-0.01658,0.94512,0.14846,-0.11861,-0.00461,0.99998,-0.00064,-0.0052,0.00164,0.98824,0.02617,-0.15042,-0.00891,33.2,34.4,0.0715,0.0785
20:27:48.800,1790256468.8005,1540,-16.033,4.609,0.926,2.2,0.01216,0.00795,0.97953,0.00402,0.00276,0.00118,0.3124,-0.00245,0.95893,0.15231,-0.12202,-0.00012,0.99998,0.0007,-0.00545,0.00164,0.98803,0.02646,-0.15176,-0.00844,33.2,34.4,0.0647,0.0736
20:27:48.820,1790256468.8208,1541,-16.132,4.462,0.914,2.202,0.01304,0.01014,0.99005,-0.00057,0.00105,0.00016,0.30587,-0.00547,0.9416,0.14848,-0.11483,0.0032,0.99998,0.00213,-0.00581,0.00164,0.98785,0.0267,-0.15291,-0.00795,33.2,34.4,0.0726,0.0725
20:27:48.841,1790256468.8412,1542,-16.248,4.323,0.901,2.203,0.01302,0.01539,0.99907,-0.00147,-0.00135,-0.00218,0.31106,-0.00243,0.97101,0.15712,-0.13059,0.00042,0.99997,0.00373,-0.00603,0.00161,0.98766,0.02716,-0.15406,-0.0075,33.2,34.4,0.0795,0.0653
20:27:48.861,1790256468.8614,1543,-16.253,4.457,0.889,2.205,0.02792,-0.01087,0.97867,-0.00022,-0.00088,0.00019,0.29877,-0.03047,0.94204,0.14491,-0.11856,-0.00225,0.99997,0.00275,-0.0069,0.00162,0.98751,0.02738,-0.15497,-0.00707,33.2,34.4,0.0643,0.0716
20:27:48.882,1790256468.8818,1544,-16.542,4.558,0.876,2.207,0.00735,0.00164,0.99222,0.00059,-0.00237,8e-05,0.31916,-0.02214,0.94667,0.14201,-0.11798,-0.00176,0.99998,0.00198,-0.00563,0.00162,0.98732,0.02744,-0.15621,-0.0066,33.2,34.4,0.0742,0.0795
20:27:48.902,1790256468.9023,1545,-16.563,4.691,0.864,2.208,0.02261,-0.00772,0.98186,0.00339,-0.0013,0.00233,0.30958,-0.02071,0.93783,0.14664,-0.12886,0.00124,0.99998,0.00105,-0.00661,0.00165,0.98713,0.02768,-0.15737,-0.00613,33.2,34.4,0.0666,0.0709
20:27:48.922,1790256468.9225,1546,-16.484,4.701,0.852,2.21,0.02807,0.00309,1.00862,-0.00125,0.00204,0.00115,0.29666,-0.02298,0.96521,0.14587,-0.12866,-0.00306,0.99997,0.00114,-0.00807,0.00167,0.98701,0.02794,-0.15811,-0.00571,33.2,34.4,0.0732,0.0725
20:27:48.943,1790256468.9431,1547,-16.526,4.891,0.839,2.212,0.01864,-0.01698,0.98615,0.0042,0.00152,0.0001,0.28501,-0.03106,0.94716,0.14435,-0.1194,0.00201,0.99996,-0.00025,-0.00826,0.00168,0.98691,0.0282,-0.15868,-0.00524,33.2,34.4,0.0699,0.0722
20:27:48.963,1790256468.9633,1548,-16.542,4.736,0.827,2.214,0.02608,0.02048,0.99726,-0.00311,-0.00114,-0.00584,0.30157,-0.02054,0.94743,0.14628,-0.11812,-0.00348,0.99996,0.00116,-0.00893,0.00161,0.98679,0.02837,-0.15943,-0.0048,33.2,34.4,0.0784,0.0759
20:27:48.983,1790256468.9834,1549,-16.759,4.811,0.814,2.216,0.00879,0.00054,0.98796,-0.00315,-0.0028,-0.00148,0.30133,-0.02809,0.97118,0.1427,-0.10441,-0.00107,0.99997,0.00086,-0.00756,0.0016,0.9867,0.02869,-0.15994,-0.00438,33.2,34.4,0.071,0.0671
20:27:49.003,1790256469.0037,1550,-16.826,5.004,0.802,2.218,0.01201,-0.01572,0.98795,0.00411,0.00446,-0.00073,0.2806,-0.0161,0.95731,0.14749,-0.122,0.00084,0.99997,-0.00053,-0.00728,0.0016,0.98664,0.02898,-0.16025,-0.00393,33.2,34.4,0.0711,0.0783
20:27:49.024,1790256469.0242,1551,-16.703,5.216,0.789,2.22,0.02129,-0.01311,0.99028,-0.00275,-0.0031,-0.00107,0.26556,0.0055,0.96255,0.14025,-0.1049,-0.00334,0.99996,-0.00185,-0.00806,0.0016,0.98667,0.0295,-0.15998,-0.00358,33.2,34.4,0.0729,0.0789
20:27:49.044,1790256469.0447,1552,-16.799,5.102,0.777,2.222,0.012,0.01437,0.98978,0.001,0.00302,-0.00219,0.28472,-0.0319,0.98539,0.1421,-0.11393,-0.00013,0.99997,-0.00039,-0.00771,0.00157,0.98659,0.03004,-0.16041,-0.00318,33.2,34.4,0.0725,0.0604
20:27:49.065,1790256469.065,1553,-16.619,5.171,0.764,2.224,0.02327,-0.00205,1.00372,-0.00174,-0.00034,-0.00256,0.27059,-0.01248,0.96835,0.14463,-0.10452,0.00285,0.99996,-0.00065,-0.00927,0.00155,0.98658,0.03046,-0.16038,-0.00274,33.2,34.4,0.077,0.0759
20:27:49.085,1790256469.0851,1554,-16.512,5.056,0.752,2.226,0.02662,0.01168,0.99262,0.00126,-0.00244,-0.00356,0.27123,0.00614,0.96251,0.13892,-0.10981,0.00207,0.99995,0.00064,-0.0101,0.0015,0.98659,0.03086,-0.16023,-0.00234,33.2,34.4,0.0748,0.08
20:27:49.105,1790256469.1053,1555,-16.643,5.109,0.739,2.228,0.01357,0.00116,0.97554,-0.00176,-0.00012,0.00205,0.25363,-0.01552,0.96506,0.13972,-0.11113,-0.00317,0.99996,0.00061,-0.00886,0.00152,0.9866,0.03129,-0.16012,-0.00198,33.2,34.4,0.0617,0.0785
20:27:49.125,1790256469.1257,1556,-16.524,5.041,0.727,2.23,0.03539,0.01623,0.98355,-0.00064,-0.00056,0.00031,0.26473,-0.02872,0.97624,0.13888,-0.09575,0.00218,0.99995,0.0015,-0.00992,0.00152,0.98659,0.0317,-0.16011,-0.00156,33.2,34.4,0.0682,0.0711
20:27:49.146,1790256469.1463,1557,-16.662,5.119,0.715,2.232,0.01008,0.00059,0.97947,-0.00246,0.00128,-0.0018,0.26135,-0.02133,0.96088,0.13808,-0.09625,-0.00085,0.99996,0.00115,-0.00862,0.0015,0.9866,0.03203,-0.16,-0.00115,33.2,34.4,0.0646,0.077
20:27:49.166,1790256469.1666,1558,-16.804,5.205,0.702,2.234,-0.01221,-0.01004,0.98227,0.00052,-0.00012,0.00216,0.26298,-0.02443,0.96217,0.13299,-0.10254,0.00033,0.99997,0.00063,-0.00737,0.00153,0.98659,0.03226,-0.15998,-0.00075,33.2,34.4,0.0668,0.0783
20:27:49.187,1790256469.1872,1559,-16.689,5.08,0.69,2.236,0.01973,0.00643,0.99813,-0.0027,0.00048,-0.00116,0.28051,-0.00703,0.95352,0.12997,-0.09681,0.0014,0.99996,0.00176,-0.00849,0.00151,0.98658,0.03243,-0.16005,-0.00032,33.2,34.4,0.0788,0.0755
20:27:49.207,1790256469.2073,1560,-16.603,4.973,0.678,2.238,0.01956,0.00715,0.99039,-0.00151,0.00138,-0.00149,0.26428,-0.02752,0.97606,0.13206,-0.10527,-0.00038,0.99995,0.00293,-0.00936,0.00149,0.98655,0.03277,-0.16013,6e-05,33.2,34.4,0.073,0.0713
20:27:49.228,1790256469.228,1561,-16.629,5.178,0.666,2.24,0.01558,-0.00289,0.99015,0.00156,0.00088,0.00019,0.25337,-0.00865,0.96426,0.12844,-0.09869,0.00358,0.99996,0.00151,-0.00887,0.0015,0.98658,0.03312,-0.15987,0.00047,33.2,34.4,0.0727,0.0778
20:27:49.248,1790256469.2484,1562,-16.521,5.37,0.653,2.243,0.02202,-0.00625,0.99031,0.00072,0.00264,0.00053,0.24838,-0.02308,0.97773,0.12298,-0.08438,-0.003,0.99995,0.00018,-0.0095,0.00152,0.98662,0.03345,-0.15957,0.0008,33.2,34.4,0.0729,0.0732
20:27:49.269,1790256469.2688,1563,-16.625,5.356,0.641,2.245,0.0066,0.0051,0.99131,0.0057,0.00327,-0.00384,0.22755,-0.00398,0.97036,0.12256,-0.08777,-0.00031,0.99997,0.00078,-0.00807,0.00148,0.98669,0.03396,-0.15903,0.00111,33.19,34.4,0.0735,0.0775
20:27:49.289,1790256469.2894,1564,-16.467,5.518,0.629,2.247,0.02423,-0.00689,1.00465,-0.00016,-0.00116,0.00299,0.23863,-0.03174,0.96042,0.12088,-0.08297,1e-05,0.99996,-0.00036,-0.00917,0.00152,0.98672,0.03426,-0.15875,0.00147,33.19,34.4,0.0763,0.0726
20:27:49.309,1790256469.3096,1565,-16.598,5.486,0.617,2.249,-0.00032,0.0079,0.99372,-0.00015,0.00394,-0.00302,0.23128,-0.02551,0.95525,0.11863,-0.08045,0.00066,0.99997,0.00028,-0.00775,0.00149,0.98676,0.03465,-0.15846,0.00181,33.19,34.4,0.0753,0.0674
20:27:49.330,1790256469.3299,1566,-16.709,5.664,0.605,2.252,0.00417,-0.00837,1.00173,0.00284,0.0039,-0.00096,0.22379,-0.01182,0.95158,0.11922,-0.08315,0.0011,0.99998,-0.00068,-0.00647,0.00148,0.98678,0.03522,-0.15815,0.00212,33.19,34.4,0.0787,0.0632
20:27:49.350,1790256469.3504,1567,-16.649,5.487,0.593,2.254,0.0157,0.01521,0.99636,0.00342,0.00019,-0.00129,0.2355,-0.02972,0.96522,0.11524,-0.08442,0.00592,0.99998,0.00093,-0.00673,0.00146,0.98683,0.03541,-0.15784,0.00253,33.19,34.4,0.0775,0.0755
20:27:49.371,1790256469.3708,1568,-16.446,5.461,0.581,2.256,0.02703,0.00613,0.98681,0.00324,-0.00091,-0.00086,0.2176,-0.02197,0.9658,0.10842,-0.08517,0.0001,0.99997,0.00139,-0.00812,0.00145,0.98688,0.03572,-0.15744,0.00283,33.19,34.4,0.0704,0.0727
20:27:49.391,1790256469.3911,1569,-16.218,5.603,0.569,2.259,0.0344,-0.01142,0.99381,0.00033,0.00111,-0.0018,0.21827,-0.01429,0.9749,0.11463,-0.06203,0.00387,0.99996,0.00045,-0.00934,0.00146,0.98699,0.03605,-0.15666,0.00319,33.19,34.4,0.0759,0.0794
20:27:49.411,1790256469.4115,1570,-16.31,5.72,0.557,2.261,0.01177,-0.0025,0.99465,0.0023,0.00287,-0.00222,0.21069,-0.02525,0.98784,0.10864,-0.06684,-0.00205,0.99997,-0.00022,-0.00792,0.00145,0.98707,0.0364,-0.15606,0.00346,33.19,34.4,0.076,0.0722
20:27:49.432,1790256469.4321,1571,-16.402,5.848,0.545,2.264,0.00655,-0.00452,1.01033,0.00239,0.00194,0.00251,0.19331,-0.01103,0.95925,0.10603,-0.06705,0.0019,0.99998,-0.00078,-0.00654,0.00148,0.98714,0.03694,-0.15548,0.00375,33.19,34.4,0.0722,0.0639
20:27:49.452,1790256469.4525,1572,-16.353,5.708,0.533,2.266,0.01271,-0.00059,0.99571,0.00155,-0.00228,0.00024,0.18155,-0.0209,0.98018,0.10613,-0.05521,-0.00069,0.99998,0.00073,-0.00608,0.00148,0.98727,0.03733,-0.15457,0.00402,33.19,34.4,0.0768,0.0778
20:27:49.474,1790256469.4739,1573,-16.421,5.732,0.521,2.268,-0.0052,0.0022,1.0127,-0.00158,7e-05,0.00024,0.19326,-0.00652,0.98033,0.09536,-0.06297,0.00101,0.99999,0.00079,-0.00458,0.00148,0.9874,0.03762,-0.15365,0.00429,33.19,34.4,0.0705,0.0794
20:27:49.494,1790256469.4945,1574,-16.202,5.685,0.509,2.271,0.02205,0.00859,0.97578,-0.00094,0.00037,0.00632,0.19856,-0.02107,0.98428,0.10214,-0.0578,-0.00472,0.99998,0.00139,-0.0057,0.00154,0.98751,0.03789,-0.15285,0.00453,33.19,34.4,0.0621,0.0768
20:27:49.515,1790256469.5151,1575,-16.227,5.866,0.498,2.273,0.00295,-0.00743,0.99737,0.00288,0.00132,-0.0027,0.18307,-0.00715,0.97221,0.09096,-0.0599,-0.00061,0.99999,0.00017,-0.00467,0.00152,0.98762,0.03823,-0.15204,0.00476,33.19,34.4,0.0781,0.072
20:27:49.535,1790256469.5354,1576,-15.983,5.959,0.486,2.276,0.02166,-0.00708,0.98427,0.0018,-5e-05,0.00015,0.1863,-0.0126,0.98573,0.08339,-0.05157,0.00292,0.99998,-0.00054,-0.00586,0.00152,0.98776,0.03837,-0.15111,0.00503,33.19,34.4,0.0684,0.0776
20:27:49.556,1790256469.5562,1577,-15.981,5.865,0.475,2.278,0.01026,0.00024,0.9835,-0.00102,0.00307,0.00135,0.1665,-0.01006,0.98196,0.0831,-0.04948,-0.00116,0.99999,0.00046,-0.00486,0.00153,0.98791,0.03862,-0.15007,0.00524,33.19,34.4,0.0677,0.077
20:27:49.576,1790256469.5765,1578,-15.743,5.794,0.463,2.281,0.02297,0.01227,0.97815,0.00393,0.00399,6e-05,0.16663,0.00051,0.98678,0.08806,-0.0443,-0.00195,0.99998,0.00134,-0.00581,0.00153,0.98806,0.03895,-0.14894,0.00544,33.19,34.4,0.0639,0.0794
20:27:49.596,1790256469.5967,1579,-15.639,5.98,0.452,2.284,0.01123,-0.00204,0.99641,0.00282,0.00339,0.00166,0.17596,-0.01323,0.97597,0.07447,-0.03384,0.00566,0.99998,-0.00019,-0.00566,0.00156,0.98822,0.03903,-0.14789,0.00571,33.19,34.4,0.0774,0.0738
20:27:49.617,1790256469.6172,1580,-15.702,5.963,0.441,2.286,0.0009,-0.00022,1.00555,0.00178,0.00233,0.00068,0.17594,-0.03177,0.98018,0.074,-0.0335,-0.00022,0.99999,-0.00015,-0.0041,0.00157,0.98837,0.03897,-0.14687,0.00595,33.19,34.4,0.0758,0.0773
20:27:49.637,1790256469.6377,1581,-15.396,5.999,0.43,2.289,0.01567,-0.00025,0.99416,0.00131,0.00038,0.0012,0.15151,-0.00791,1.00696,0.08058,-0.02512,-0.00277,0.99998,-0.00013,-0.00565,0.00157,0.98852,0.03934,-0.14575,0.00613,33.19,34.4,0.0757,0.0663
20:27:49.658,1790256469.6579,1582,-15.198,6.166,0.419,2.291,0.0152,-0.00685,1.00488,0.00057,0.00036,0.00072,0.1688,-0.02898,1.01001,0.07013,-0.02227,0.00367,0.99998,-0.00147,-0.00643,0.00158,0.98865,0.03947,-0.14481,0.00637,33.19,34.4,0.0762,0.0617
20:27:49.678,1790256469.6781,1583,-14.887,6.201,0.408,2.294,0.03275,-0.00507,0.99064,0.00061,0.00047,0.00062,0.13207,-0.01468,0.98561,0.07342,-0.02556,0.00068,0.99997,-0.00162,-0.0079,0.00157,0.98882,0.03966,-0.14357,0.00657,33.19,34.4,0.0734,0.0759
20:27:49.698,1790256469.6984,1584,-14.608,6.274,0.398,2.297,0.0218,-0.00666,0.99137,0.00511,0.00151,-0.00034,0.1526,-0.01732,0.99706,0.06092,-0.02717,0.00077,0.99995,-0.0023,-0.0092,0.00158,0.98899,0.03966,-0.14243,0.00676,33.19,34.4,0.0737,0.0734
20:27:49.719,1790256469.7188,1585,-14.534,6.098,0.387,2.3,0.00537,0.01729,1.00264,0.00349,-0.0035,-0.00374,0.13693,-0.01787,0.992,0.05918,-0.01017,0.00194,0.99996,-0.00089,-0.00842,0.00153,0.98919,0.03962,-0.14099,0.00697,33.19,34.4,0.0779,0.0788
20:27:49.739,1790256469.7396,1586,-14.461,5.977,0.377,2.302,0.00117,0.02249,0.97235,-0.00167,-0.0035,0.00045,0.14882,-0.01697,0.97859,0.0653,-0.01575,-0.00309,0.99997,0.00014,-0.00781,0.00153,0.98937,0.03965,-0.13973,0.00713,33.19,34.4,0.0595,0.0725
20:27:49.760,1790256469.76,1587,-14.138,5.913,0.367,2.305,0.0208,0.00201,0.98711,-0.00303,-0.00053,-0.00378,0.15663,-0.0028,0.98886,0.05763,-0.00926,0.00538,0.99996,0.00055,-0.00918,0.00149,0.98957,0.03958,-0.13828,0.00737,33.19,34.4,0.0705,0.0791
20:27:49.780,1790256469.7803,1588,-14.131,5.814,0.357,2.307,0.01275,0.00372,0.99131,-3e-05,0.00161,-0.0011,0.13326,-0.0179,1.00143,0.04149,-0.00087,-0.00154,0.99997,0.00121,-0.00784,0.00148,0.98978,0.03943,-0.13687,0.00751,33.19,34.4,0.0735,0.0722
20:27:49.800,1790256469.8006,1589,-14.071,5.885,0.347,2.31,0.00566,-0.00404,0.9738,-0.00016,-0.00246,-0.00132,0.11635,-0.01488,0.99493,0.05298,-0.00531,0.00347,0.99998,0.00053,-0.00685,0.00147,0.98998,0.03938,-0.13536,0.00771,33.19,34.4,0.0604,0.0786
20:27:49.821,1790256469.8211,1590,-13.783,5.966,0.337,2.312,0.01936,-0.00426,0.9806,0.0001,0.00648,-0.00064,0.12465,-0.01357,0.99618,0.04445,0.00368,0.00794,0.99997,-0.00037,-0.00779,0.00147,0.9902,0.03923,-0.13379,0.00794,33.19,34.4,0.0656,0.077
20:27:49.841,1790256469.8414,1591,-13.597,6.131,0.327,2.315,0.01633,-0.01079,0.99284,0.00158,0.00457,0.00116,0.11729,-0.01557,1.00344,0.04765,0.00863,0.00209,0.99997,-0.00186,-0.00788,0.0015,0.99041,0.03917,-0.13226,0.00812,33.19,34.4,0.0748,0.0722
20:27:49.862,1790256469.862,1592,-13.5,6.23,0.318,2.317,0.0035,-0.02072,0.97612,-0.00362,-0.0021,-0.00024,0.11035,-0.01771,0.98737,0.03605,0.00353,0.00286,0.99997,-0.00295,-0.00718,0.00151,0.99062,0.03895,-0.13071,0.00829,33.19,34.4,0.0623,0.0753
20:27:49.882,1790256469.8825,1593,-13.484,6.156,0.308,2.32,0.00096,-0.00142,0.99505,0.00051,-0.00073,0.00438,0.09854,-0.00591,0.98276,0.03339,0.01115,-0.00053,0.99998,-0.00245,-0.00571,0.00156,0.99083,0.03886,-0.1291,0.0084,33.19,34.4,0.0763,0.0708
20:27:49.903,1790256469.9028,1594,-13.319,5.929,0.299,2.323,0.00759,0.02316,1.00057,-0.0004,0.00336,-0.00107,0.10938,-0.02211,0.99557,0.03409,0.01656,-0.00057,0.99998,-0.00086,-0.00546,0.00154,0.99106,0.03855,-0.12741,0.00854,33.19,34.4,0.0793,0.0787
20:27:49.923,1790256469.923,1595,-13.193,6.029,0.289,2.325,0.00371,-0.01408,0.97748,0.00314,0.00063,0.00031,0.09583,-0.00607,0.9945,0.03117,0.01119,0.00138,0.99999,-0.00194,-0.00483,0.00155,0.99129,0.03835,-0.12569,0.00866,33.19,34.4,0.0632,0.0793
20:27:49.943,1790256469.9432,1596,-13.163,6.015,0.28,2.328,0.00272,-0.00476,1.00228,0.00031,0.00299,-0.00246,0.09786,-0.01285,0.99403,0.02932,0.02725,-0.00026,0.99999,-0.00213,-0.00324,0.00153,0.99153,0.03807,-0.12383,0.00879,33.19,34.4,0.0783,0.0792
20:27:49.963,1790256469.9635,1597,-13.045,5.843,0.271,2.33,-0.00242,0.01109,0.98411,0.00125,0.00093,0.00098,0.09731,-0.0131,0.98102,0.02578,0.02977,-0.00039,1.0,-0.00094,-0.00255,0.00153,0.99175,0.03783,-0.12212,0.0089,33.19,34.4,0.0681,0.0694
20:27:49.983,1790256469.9838,1598,-12.99,5.842,0.262,2.333,-0.00548,-0.0035,0.98994,-5e-05,0.00037,-0.00107,0.07008,-0.00045,0.99394,0.01914,0.0289,-0.00171,1.0,-0.00117,-0.00109,0.00153,0.992,0.03763,-0.12019,0.00897,33.19,34.4,0.0725,0.0773
20:27:50.004,1790256470.004,1599,-12.891,5.905,0.253,2.335,-0.008,-0.01176,0.98211,0.00039,-0.00045,-0.00115,0.07858,-0.01162,1.00539,0.0127,0.03316,0.004,1.0,-0.00209,-0.00011,0.00153,0.99223,0.03727,-0.11834,0.0091,33.19,34.4,0.0667,0.0736
20:27:50.024,1790256470.0245,1600,-12.669,5.662,0.244,2.337,0.00074,0.00355,0.99403,0.0039,-0.00166,-0.00036,0.09319,-0.02675,1.00731,0.01372,0.03883,-0.00331,1.0,-0.00051,-0.00023,0.00153,0.99246,0.03681,-0.11654,0.00918,33.19,34.4,0.0755,0.071
20:27:50.045,1790256470.045,1601,-12.53,5.773,0.235,2.34,-0.01484,-0.02484,0.98533,0.00038,0.00196,-0.00301,0.056,0.00668,0.98319,0.00631,0.04649,0.00477,1.0,-0.0017,0.00055,0.0015,0.9927,0.03659,-0.11455,0.0093,33.19,34.4,0.0693,0.0686
20:27:50.065,1790256470.0654,1602,-12.136,5.649,0.226,2.342,0.02635,0.01198,0.99026,-0.00182,-0.00072,0.00221,0.06422,0.01552,0.99314,-0.00252,0.04399,0.00355,1.0,-0.00099,-0.00077,0.00152,0.99295,0.03627,-0.11242,0.00938,33.19,34.4,0.073,0.0765
20:27:50.085,1790256470.0856,1603,-12.063,5.552,0.218,2.344,-0.00147,-0.00138,0.98605,-0.00061,-0.00092,-0.00028,0.06872,-0.01002,1.00129,-0.0037,0.04139,-0.0031,1.0,-0.00073,0.00061,0.00153,0.9932,0.03573,-0.11042,0.00942,33.19,34.4,0.0695,0.0772
20:27:50.106,1790256470.106,1604,-11.878,5.349,0.21,2.346,-0.00764,0.01346,0.97318,0.0006,-0.00266,0.00168,0.05769,-0.01481,1.00289,-0.00792,0.0462,0.00051,1.0,0.0004,0.00107,0.00155,0.99345,0.03514,-0.10836,0.00949,33.19,34.4,0.06,0.0765
20:27:50.126,1790256470.1264,1605,-11.795,5.324,0.201,2.348,-0.01966,-0.00095,0.99045,-0.00153,-0.00154,0.00253,0.03602,0.01584,0.99287,-0.01217,0.04983,0.00175,1.0,0.00024,0.00253,0.00157,0.99369,0.03479,-0.10618,0.00954,33.19,34.4,0.073,0.0752
20:27:50.146,1790256470.1467,1606,-11.422,5.159,0.193,2.35,0.00358,0.00576,0.98181,-0.00081,0.00013,-0.00079,0.05934,-0.02211,0.99518,-0.01033,0.05206,-0.00338,1.0,0.00095,0.00138,0.00157,0.99394,0.03409,-0.10409,0.00958,33.19,34.4,0.0664,0.0779
20:27:50.167,1790256470.1669,1607,-11.106,5.242,0.186,2.352,0.00116,-0.00719,0.99699,0.00358,-0.00013,0.00199,0.05025,-0.01208,0.9869,-0.02427,0.0634,0.002,1.0,-0.00046,0.00075,0.00159,0.99418,0.03341,-0.10196,0.00964,33.19,34.4,0.0778,0.0712
20:27:50.187,1790256470.1875,1608,-10.965,5.078,0.178,2.354,-0.01078,0.00624,0.97343,0.00264,0.00238,-0.00258,0.03903,-0.01685,0.98688,-0.01563,0.06895,-0.00183,1.0,0.00032,0.00176,0.00157,0.99443,0.0328,-0.09973,0.00968,33.19,34.4,0.0601,0.0708
20:27:50.207,1790256470.2078,1609,-10.577,4.912,0.171,2.356,0.01757,0.01302,1.00225,-0.0004,0.00232,-0.00388,0.03823,-0.00675,1.01911,-0.03036,0.0594,-0.00203,1.0,0.00112,0.00041,0.00153,0.99465,0.03217,-0.09771,0.00969,33.19,34.4,0.0781,0.0651
20:27:50.228,1790256470.2283,1610,-10.154,4.796,0.164,2.357,0.00413,0.00424,0.98398,-0.00063,-0.00031,-0.00011,0.03218,0.01285,1.006,-0.02092,0.06861,-0.00012,1.0,0.00165,-0.00088,0.00154,0.99489,0.0317,-0.09532,0.00971,33.19,34.4,0.068,0.0751
20:27:50.248,1790256470.2487,1611,-9.728,4.78,0.157,2.359,0.00973,0.00124,0.98893,0.00408,0.0019,-0.00317,0.02214,0.01315,1.01577,-0.02759,0.07673,-0.00553,1.0,0.00134,-0.00228,0.00151,0.99513,0.03124,-0.09301,0.00968,33.19,34.4,0.0717,0.0679
20:27:50.269,1790256470.269,1612,-9.323,4.841,0.15,2.361,0.01183,-0.00464,1.00315,-4e-05,0.00433,-0.00092,0.01276,0.0092,1.00602,-0.03431,0.0768,-0.00116,0.99999,0.00022,-0.00335,0.00151,0.99537,0.03065,-0.09055,0.00968,33.19,34.4,0.0776,0.0754
20:27:50.289,1790256470.2896,1613,-9.19,4.696,0.144,2.362,-0.00814,0.00456,0.98781,0.00379,-0.00139,0.00149,0.02266,-0.0108,1.0058,-0.03619,0.08824,-0.00164,1.0,0.00065,-0.00196,0.00152,0.99563,0.02984,-0.08801,0.00969,33.18,34.4,0.0709,0.0754
20:27:50.310,1790256470.31,1614,-8.95,4.782,0.138,2.364,-0.00063,-0.01848,0.99792,0.00114,-0.00418,-0.00097,0.01655,-0.01174,0.99729,-0.03592,0.07277,0.00166,1.0,-0.0009,-0.00165,0.00152,0.99586,0.02904,-0.0856,0.00974,33.18,34.4,0.0786,0.0781
20:27:50.330,1790256470.3303,1615,-8.714,4.863,0.132,2.366,0.00218,-0.00648,0.99559,0.00188,-0.00198,0.00322,0.00918,-0.0021,1.00733,-0.04683,0.07471,-0.00101,1.0,-0.0024,-0.00132,0.00155,0.99608,0.02824,-0.08321,0.00973,33.18,34.4,0.0767,0.0745
20:27:50.351,1790256470.3508,1616,-8.291,4.625,0.126,2.367,0.01969,0.01397,0.99045,-0.00208,-0.00213,-0.00228,-0.00026,-0.00882,1.00184,-0.05654,0.08919,0.00909,1.0,-0.00131,-0.00236,0.00153,0.99633,0.02727,-0.08057,0.00983,33.18,34.4,0.0731,0.0786
20:27:50.371,1790256470.371,1617,-8.093,4.69,0.12,2.369,9e-05,-0.01074,0.98546,0.00054,-0.00071,-0.0046,-0.01401,0.00749,1.01465,-0.04821,0.08367,-0.00134,0.99999,-0.00252,-0.00169,0.00149,0.99654,0.02662,-0.07817,0.00981,33.18,34.4,0.0691,0.0689
20:27:50.391,1790256470.3915,1618,-7.881,4.508,0.115,2.37,-0.00859,0.00644,0.97009,0.00144,0.00055,-0.00062,-0.03012,0.00788,1.00665,-0.05699,0.09515,-0.00097,1.0,-0.00171,-0.00083,0.00149,0.99676,0.02587,-0.07548,0.00979,33.18,34.4,0.0576,0.0746
20:27:50.411,1790256470.4117,1619,-7.712,4.268,0.11,2.372,-0.00463,0.00211,1.00148,0.00285,0.00218,0.001,-0.02231,-0.00856,0.99607,-0.06696,0.09698,-0.00155,1.0,-0.00063,0.00038,0.0015,0.99699,0.02489,-0.07281,0.00977,33.18,34.4,0.0789,0.0773
20:27:50.432,1790256470.4321,1620,-7.299,4.025,0.105,2.373,0.00303,0.00352,0.98902,0.00036,0.00094,0.00177,-0.00136,0.00053,0.9973,-0.06511,0.09214,0.00057,1.0,0.00052,-0.00052,0.00152,0.9972,0.02392,-0.07014,0.00977,33.18,34.4,0.0718,0.078
20:27:50.452,1790256470.4524,1621,-7.091,4.042,0.1,2.374,-0.00591,-0.00722,0.98327,-0.00514,0.00286,-0.00029,-0.04085,-0.00349,0.99355,-0.07161,0.10077,0.00053,1.0,-0.00058,0.00038,0.00152,0.99741,0.02297,-0.06742,0.00976,33.18,34.4,0.0675,0.0758
20:27:50.472,1790256470.4728,1622,-6.813,3.771,0.095,2.375,-0.00553,0.03471,1.01315,-3e-05,0.00211,0.00203,-0.01477,-0.00641,0.99039,-0.06366,0.09598,-0.00102,1.0,0.00083,0.00059,0.00154,0.99761,0.02203,-0.06481,0.00975,33.18,34.4,0.0697,0.0729
20:27:50.493,1790256470.4931,1623,-6.634,3.75,0.09,2.376,-0.01215,-0.00631,0.99061,-0.0015,0.00125,-0.00182,-0.03807,-0.02019,0.99506,-0.06929,0.10627,-0.00192,1.0,-6e-05,0.00179,0.00152,0.99781,0.02096,-0.06205,0.00973,33.18,34.4,0.073,0.077
20:27:50.513,1790256470.5134,1624,-6.162,3.754,0.086,2.377,0.00671,-0.00839,1.00535,-6e-05,-0.00318,-0.00205,-0.03116,0.00104,0.99567,-0.07368,0.11233,0.00326,1.0,-0.00102,0.00055,0.0015,0.998,0.02,-0.05916,0.00975,33.18,34.4,0.0759,0.0771
20:27:50.533,1790256470.5337,1625,-5.746,3.766,0.082,2.378,0.0099,-0.01859,1.00357,0.00123,-0.00124,-0.00129,-0.0426,-0.02924,0.99927,-0.07548,0.10289,-0.00089,1.0,-0.00231,-0.00033,0.00149,0.99818,0.01879,-0.05641,0.00973,33.18,34.4,0.0772,0.0795
20:27:50.554,1790256470.5539,1626,-5.532,3.561,0.078,2.378,-0.00453,-0.00012,0.97308,0.00444,-0.00028,-0.00012,-0.0383,0.00779,1.00266,-0.08375,0.09937,0.00244,1.0,-0.00149,0.00058,0.00149,0.99835,0.01783,-0.05364,0.00973,33.18,34.4,0.0598,0.0774
20:27:50.574,1790256470.5745,1627,-5.185,3.61,0.075,2.379,0.00116,-0.0133,0.99105,-0.00162,-0.00259,-0.00123,-0.02007,-0.0144,1.0115,-0.07223,0.10483,0.00025,0.99999,-0.00297,0.00022,0.00148,0.99851,0.01675,-0.05097,0.00973,33.18,34.4,0.0734,0.0712
20:27:50.595,1790256470.5949,1628,-4.699,3.387,0.072,2.38,0.01153,0.00184,0.99583,0.00059,-0.00049,-0.00397,-0.03457,-0.0115,0.99295,-0.07956,0.11722,0.00066,1.0,-0.00211,-0.00111,0.00144,0.99867,0.01565,-0.04808,0.00973,33.18,34.4,0.0769,0.0752
20:27:50.615,1790256470.6154,1629,-4.315,3.111,0.069,2.38,0.00251,-0.00304,0.98857,-0.00165,-0.00222,0.00147,-0.04522,0.00304,0.99871,-0.08883,0.10405,0.00315,1.0,-0.00072,-0.00154,0.00145,0.99882,0.01461,-0.04519,0.00974,33.18,34.4,0.0714,0.0798
20:27:50.635,1790256470.6358,1630,-4.113,2.978,0.066,2.381,-0.01816,0.00579,0.97675,-0.0031,-0.00189,-0.00163,-0.04134,0.02261,0.99354,-0.08707,0.11298,0.00293,1.0,-0.00034,-0.00034,0.00144,0.99896,0.01383,-0.04224,0.00973,33.18,34.4,0.0627,0.076
20:27:50.656,1790256470.6562,1631,-3.609,2.925,0.063,2.381,0.00197,-0.0011,0.99429,-0.0013,-0.00032,0.00126,-0.06176,0.00705,0.99026,-0.09509,0.11764,-0.00122,1.0,-0.00082,-0.00182,0.00145,0.9991,0.01284,-0.03932,0.0097,33.18,34.4,0.0757,0.0742
20:27:50.676,1790256470.6764,1632,-3.43,2.775,0.061,2.381,-0.00741,-0.00028,0.98486,0.0002,0.00277,0.0016,-0.04141,-0.00385,0.99439,-0.09401,0.12014,0.00058,1.0,-0.00065,-0.00041,0.00147,0.99922,0.01171,-0.03636,0.00968,33.18,34.4,0.0687,0.0764
20:27:50.696,1790256470.6968,1633,-3.219,2.547,0.059,2.382,-0.00325,0.00276,0.98809,-0.00204,0.00168,-0.00055,-0.07084,0.00085,1.01255,-0.09353,0.12117,0.00209,1.0,0.00034,0.00063,0.00147,0.99933,0.01072,-0.03351,0.00968,33.18,34.4,0.0711,0.0687
20:27:50.717,1790256470.7171,1634,-2.994,2.54,0.057,2.382,-0.00746,-0.00804,1.01281,0.00158,-0.00372,-0.00036,-0.07174,-0.017,1.01223,-0.10205,0.11635,0.00521,1.0,-0.00081,0.00141,0.00146,0.99943,0.0095,-0.03075,0.00972,33.18,34.4,0.0703,0.0688
20:27:50.737,1790256470.7372,1635,-2.514,2.286,0.055,2.382,0.0104,0.00815,0.99932,0.00094,-0.00177,-0.0033,-0.07879,-0.01759,1.00921,-0.11108,0.12321,-0.00053,1.0,0.00016,0.0001,0.00143,0.99953,0.0082,-0.0279,0.0097,33.18,34.4,0.0796,0.0707
20:27:50.757,1790256470.7575,1636,-2.313,2.052,0.053,2.381,-0.02021,0.01448,1.00114,-0.00047,-0.00224,0.00161,-0.08631,-0.00587,1.00076,-0.10544,0.12211,0.00062,1.0,0.00107,0.00138,0.00145,0.99962,0.00707,-0.02489,0.00968,33.18,34.4,0.0789,0.0766
20:27:50.778,1790256470.7778,1637,-1.848,2.085,0.052,2.381,0.00649,-0.00922,0.99516,0.00207,-0.00224,-0.00339,-0.08967,0.01246,0.99261,-0.10811,0.12145,-0.00279,1.0,-0.00012,0.00037,0.00142,0.9997,0.00614,-0.02183,0.00963,33.18,34.4,0.0764,0.0776
20:27:50.798,1790256470.7982,1638,-1.665,2.005,0.051,2.381,-0.01921,-0.00549,0.99243,0.00283,-0.00132,0.00151,-0.06849,0.00842,1.00844,-0.12028,0.13077,-0.00138,1.0,-0.0005,0.00181,0.00143,0.99976,0.00504,-0.0188,0.00959,33.18,34.4,0.0745,0.0719
20:27:50.819,1790256470.8188,1639,-1.449,1.754,0.05,2.381,-0.01257,0.00982,0.99837,-0.00178,-0.00154,-0.00195,-0.08469,0.01699,1.01374,-0.11887,0.12168,0.00623,0.99999,0.00073,0.00283,0.00142,0.99982,0.00407,-0.01592,0.00964,33.18,34.4,0.0789,0.0669
20:27:50.839,1790256470.8394,1640,-1.021,1.785,0.049,2.38,0.00281,-0.01337,0.99506,-0.0002,0.00075,0.00193,-0.07387,-0.00404,1.00529,-0.11114,0.11796,-0.00059,1.0,-0.00064,0.00205,0.00144,0.99987,0.00294,-0.01295,0.00961,33.18,34.4,0.0764,0.074
20:27:50.859,1790256470.8596,1641,-0.609,1.808,0.049,2.38,0.00558,-0.01711,0.98732,0.00066,0.00256,0.00043,-0.10557,0.00602,1.00475,-0.12118,0.11762,0.00286,1.0,-0.00185,0.00133,0.00144,0.9999,0.00189,-0.01007,0.00963,33.18,34.4,0.0706,0.0723
20:27:50.880,1790256470.8803,1642,-0.132,1.641,0.049,2.379,0.01501,0.00102,0.98794,0.00095,-0.00129,-0.00364,-0.07106,-0.00045,0.97494,-0.1211,0.11301,0.00445,1.0,-0.00147,-0.00011,0.0014,0.99993,0.00077,-0.00736,0.00966,33.18,34.4,0.071,0.0631
20:27:50.900,1790256470.9005,1643,0.236,1.573,0.049,2.379,0.00118,-0.0073,0.96115,0.00549,0.00237,0.00204,-0.07808,-0.02255,0.99588,-0.13317,0.12107,-0.00274,1.0,-0.00242,-0.00031,0.00142,0.99994,-0.00081,-0.00434,0.00963,33.18,34.4,0.0509,0.0794
20:27:50.921,1790256470.9211,1644,0.71,1.527,0.049,2.378,0.00977,-0.01076,0.98116,0.00098,0.00189,0.00052,-0.11068,-0.00383,1.0038,-0.13065,0.12207,0.00509,0.99999,-0.00316,-0.00145,0.00142,0.99995,-0.00201,-0.00134,0.00967,33.18,34.4,0.0659,0.0726
20:27:50.941,1790256470.9414,1645,1.019,1.534,0.05,2.378,0.00229,-0.00987,1.01331,0.00265,-0.00072,-0.00161,-0.10572,-0.02091,0.9826,-0.12706,0.12744,0.00358,0.99999,-0.00453,-0.00121,0.00141,0.99995,-0.00334,0.00161,0.0097,33.18,34.4,0.07,0.0714
20:27:50.962,1790256470.9619,1646,1.402,1.563,0.051,2.377,0.0027,-0.01058,0.98311,0.00079,-0.0001,-0.00097,-0.10399,-0.00537,0.99781,-0.12973,0.12196,-4e-05,0.99998,-0.00588,-0.00148,0.00141,0.99993,-0.00447,0.0047,0.0097,33.18,34.4,0.0674,0.0776
20:27:50.982,1790256470.9822,1647,1.58,1.357,0.052,2.376,-0.00565,-0.00863,0.99773,-0.00117,-0.00136,0.00096,-0.09583,-0.01524,0.99471,-0.13127,0.11421,0.00115,0.99998,-0.00536,-1e-05,0.00143,0.99991,-0.00575,0.0077,0.00972,33.18,34.4,0.0783,0.0796
20:27:51.002,1790256471.0026,1648,2.099,1.228,0.053,2.376,0.01493,-0.00885,0.9898,0.00065,-0.00018,-0.0006,-0.1011,-0.00455,0.99456,-0.12848,0.11636,-0.00347,0.99998,-0.00518,-0.00148,0.00142,0.99987,-0.00676,0.01075,0.00969,33.18,34.4,0.0725,0.0798
20:27:51.023,1790256471.0228,1649,2.279,1.016,0.055,2.375,-0.00735,-0.00317,0.99286,-0.00136,0.00082,-0.00114,-0.12587,0.00156,0.98204,-0.13641,0.1079,-0.00362,0.99999,-0.00432,-0.00023,0.00143,0.99983,-0.00776,0.01354,0.00967,33.18,34.4,0.0747,0.0726
20:27:51.043,1790256471.0433,1650,2.596,0.7,0.056,2.374,-0.00213,0.02338,0.98859,-0.00326,0.00284,-0.0018,-0.10925,-0.02418,1.00169,-0.13329,0.10968,-0.00197,0.99999,-0.00289,-9e-05,0.00141,0.99978,-0.00911,0.01641,0.00966,33.18,34.4,0.0717,0.0741
20:27:51.063,1790256471.0635,1651,2.799,0.516,0.058,2.372,-0.01642,0.00337,1.0187,-0.00299,0.00175,-0.00174,-0.12067,-0.00322,0.99054,-0.14132,0.1115,-0.00063,1.0,-0.00228,0.00109,0.0014,0.99972,-0.01011,0.01934,0.00968,33.18,34.4,0.0659,0.0784
20:27:51.084,1790256471.0838,1652,3.05,0.304,0.06,2.371,-0.00857,0.00231,0.96539,-0.00203,0.00229,-0.00026,-0.12266,-0.01605,1.00088,-0.13211,0.1198,-0.00107,1.0,-0.00151,0.00187,0.0014,0.99964,-0.0112,0.02229,0.00969,33.18,34.4,0.0541,0.0736
20:27:51.104,1790256471.104,1653,3.259,0.18,0.062,2.37,-0.01264,-0.00592,0.96687,5e-05,0.00189,0.00069,-0.1325,-0.03252,0.98495,-0.14168,0.11138,-0.00303,0.99999,-0.00186,0.00293,0.0014,0.99956,-0.01264,0.02516,0.00968,33.18,34.4,0.0552,0.0758
20:27:51.124,1790256471.1242,1654,3.494,-0.045,0.065,2.368,-0.00716,-0.00104,0.99012,0.00032,-0.00229,-0.00097,-0.14017,0.0192,0.97827,-0.14547,0.11151,-0.00057,0.99999,-0.00055,0.00357,0.0014,0.99948,-0.01331,0.02782,0.00972,33.18,34.4,0.0726,0.0713
20:27:51.145,1790256471.1448,1655,3.638,-0.136,0.067,2.366,-0.01747,-0.00041,0.99484,-0.00047,0.00164,-0.00373,-0.1322,0.00486,0.99078,-0.14451,0.10235,-0.00166,0.99999,-0.00046,0.00515,0.00136,0.99938,-0.01401,0.03065,0.00975,33.18,34.4,0.0762,0.0797
20:27:51.165,1790256471.1652,1656,4.157,-0.314,0.07,2.364,-2e-05,0.0034,1.00585,0.00059,-0.00353,-0.00202,-0.13558,-0.01808,0.98901,-0.13588,0.11949,-0.00295,0.99999,0.00014,0.00369,0.00134,0.99927,-0.01503,0.03369,0.00976,33.18,34.4,0.0756,0.0788
20:27:51.185,1790256471.1858,1657,4.347,-0.37,0.072,2.363,-0.01546,-0.00326,0.97919,-0.00097,0.00182,-0.00058,-0.15068,-0.00851,0.98543,-0.15353,0.10502,0.00237,0.99999,-0.00038,0.00491,0.00134,0.99915,-0.01604,0.03656,0.00985,33.18,34.4,0.0645,0.0777
20:27:51.206,1790256471.2062,1658,4.757,-0.382,0.076,2.361,-0.00641,-0.00296,0.97415,0.00315,0.00088,-5e-05,-0.1453,-0.00083,1.00556,-0.15337,0.10309,0.00202,0.99999,-0.00107,0.0039,0.00134,0.99904,-0.01688,0.03914,0.00994,33.18,34.4,0.0606,0.068
20:27:51.226,1790256471.2267,1659,5.078,-0.295,0.079,2.359,-0.00755,-0.00933,0.99703,0.00018,-0.00251,-0.00043,-0.14002,-0.00906,0.98422,-0.1551,0.10345,-0.00448,0.99999,-0.00266,0.00382,0.00133,0.99892,-0.01774,0.04188,0.00997,33.18,34.4,0.0778,0.0756
20:27:51.247,1790256471.2469,1660,5.289,-0.537,0.082,2.357,-0.00915,-0.00331,0.98668,-0.0007,-0.00424,-0.00174,-0.15553,-0.02034,0.97751,-0.14759,0.09879,-0.00136,0.99999,-0.00158,0.00468,0.00132,0.99878,-0.01879,0.04455,0.01002,33.18,34.4,0.07,0.0725
20:27:51.267,1790256471.2674,1661,5.628,-0.758,0.086,2.355,-0.00667,0.00887,0.97566,-0.00157,-0.00342,0.00405,-0.15228,-0.00458,0.97945,-0.15366,0.10154,-0.00266,0.99999,-0.00036,0.00439,0.00137,0.99864,-0.01952,0.04718,0.01008,33.18,34.4,0.0618,0.0734
20:27:51.288,1790256471.2878,1662,5.792,-0.898,0.09,2.353,-0.02362,0.00783,0.98767,-0.00029,0.00018,0.00118,-0.16803,0.00511,0.98511,-0.14691,0.10088,-0.00117,0.99998,0.00036,0.00564,0.00137,0.9985,-0.02003,0.04984,0.01017,33.18,34.4,0.071,0.0795
20:27:51.308,1790256471.308,1663,5.983,-1.083,0.094,2.351,-0.02166,0.01225,0.98943,0.0006,-0.00053,-0.00189,-0.14592,-0.01416,0.99461,-0.14252,0.10134,0.00396,0.99998,0.00144,0.00662,0.00136,0.99836,-0.02056,0.05246,0.01031,33.17,34.4,0.0723,0.076
20:27:51.328,1790256471.3286,1664,6.164,-1.042,0.098,2.348,-0.02322,-0.00647,0.99114,0.00023,-4e-05,-0.00409,-0.14609,-0.01956,0.9909,-0.15393,0.09704,0.00157,0.99997,0.00041,0.00772,0.00131,0.9982,-0.02124,0.05515,0.01043,33.17,34.4,0.0736,0.0786
20:27:51.349,1790256471.349,1665,6.298,-1.064,0.102,2.346,-0.02862,-0.00504,0.9938,0.00207,0.00199,0.001,-0.16765,-0.01789,0.98486,-0.15481,0.08521,-0.00122,0.99996,-0.00019,0.00915,0.00132,0.99803,-0.02204,0.05775,0.01053,33.17,34.4,0.0757,0.0794
20:27:51.369,1790256471.3695,1666,6.769,-1.174,0.106,2.344,-0.00495,0.00201,0.99808,0.00292,-0.00019,-0.00108,-0.15754,-0.02218,0.99413,-0.15314,0.08671,-0.00175,0.99997,0.00012,0.00756,0.00131,0.99787,-0.02275,0.06025,0.01064,33.17,34.4,0.0786,0.0749
20:27:51.390,1790256471.3901,1667,6.944,-1.118,0.111,2.342,-0.02992,-0.01715,0.97842,0.0019,-0.00427,-0.00232,-0.18079,-8e-05,0.99244,-0.15398,0.08759,0.00033,0.99996,-0.00086,0.00838,0.00128,0.99771,-0.02325,0.0626,0.01078,33.17,34.4,0.0643,0.0734
20:27:51.410,1790256471.4106,1668,7.36,-1.119,0.115,2.339,0.00317,-0.00764,0.97984,-0.0019,0.00073,0.00171,-0.18121,-0.00418,0.97798,-0.15212,0.0832,0.00181,0.99997,-0.00127,0.00711,0.0013,0.99755,-0.02373,0.06496,0.01094,33.17,34.4,0.0649,0.076
20:27:51.431,1790256471.4309,1669,7.814,-1.227,0.121,2.337,0.02008,0.00631,0.99406,0.00247,0.0008,0.00079,-0.19639,-0.00971,0.98807,-0.14785,0.08824,0.00655,0.99998,-0.00086,0.00562,0.00131,0.99737,-0.02433,0.06742,0.01114,33.17,34.4,0.0757,0.0744
20:27:51.451,1790256471.4512,1670,7.994,-1.21,0.126,2.335,-0.0292,-0.02051,0.98139,-0.00238,6e-05,-0.00175,-0.19829,-0.02538,0.98386,-0.15251,0.07889,0.00449,0.99998,-0.00185,0.00655,0.00129,0.99717,-0.0252,0.06993,0.01131,33.17,34.4,0.0665,0.077
20:27:51.471,1790256471.4715,1671,8.292,-1.12,0.131,2.332,-0.0104,-0.01549,0.9752,0.00015,-0.00294,-0.00067,-0.18137,-0.02099,0.98095,-0.15034,0.07697,-0.00043,0.99997,-0.00307,0.00627,0.00127,0.99699,-0.02568,0.07227,0.01147,33.17,34.4,0.0615,0.0783
20:27:51.491,1790256471.4917,1672,8.47,-0.995,0.137,2.33,-0.01485,-0.01272,0.98134,-0.00028,-0.00229,0.00142,-0.1818,-0.00798,0.97656,-0.14602,0.07312,-0.00389,0.99997,-0.00433,0.00672,0.00128,0.99683,-0.02587,0.07429,0.0116,33.17,34.4,0.0661,0.075
20:27:51.512,1790256471.5121,1673,8.676,-1.148,0.142,2.328,-0.01269,0.02904,0.98016,-0.00015,0.00169,0.00201,-0.17334,-0.01233,0.98788,-0.15055,0.06432,-0.00032,0.99997,-0.003,0.00671,0.00131,0.9967,-0.0259,0.07605,0.01179,33.17,34.4,0.0655,0.0777
20:27:51.532,1790256471.5327,1674,9.063,-1.108,0.148,2.326,-0.01317,-0.00598,0.98972,0.00107,0.00077,0.00147,-0.17918,-0.02457,0.97779,-0.14761,0.05776,0.00488,0.99998,-0.00357,0.00534,0.00131,0.99653,-0.0262,0.07805,0.01202,33.17,34.4,0.0724,0.0758
20:27:51.553,1790256471.5531,1675,9.433,-1.179,0.154,2.323,4e-05,-0.006,0.97606,-0.00465,-0.00273,7e-05,-0.21331,-0.00962,1.00155,-0.15203,0.06746,-0.00408,0.99998,-0.0035,0.00404,0.0013,0.99636,-0.02681,0.07997,0.01214,33.17,34.4,0.0621,0.062
20:27:51.573,1790256471.5736,1676,9.495,-1.251,0.16,2.321,-0.02989,-0.00303,0.99301,0.00193,-0.00011,-9e-05,-0.20353,-0.0161,0.98174,-0.14874,0.05455,-0.00396,0.99998,-0.00323,0.00556,0.00131,0.99619,-0.02715,0.08201,0.0123,33.17,34.4,0.0751,0.0779
20:27:51.594,1790256471.594,1677,9.65,-1.428,0.166,2.319,-0.02488,0.02597,1.01185,-0.00028,0.00124,0.00175,-0.18596,-0.02711,0.97834,-0.15217,0.05551,0.00027,0.99998,-0.0019,0.00613,0.00134,0.99602,-0.02737,0.08389,0.01251,33.17,34.4,0.0706,0.0772
20:27:51.614,1790256471.6146,1678,9.837,-1.304,0.173,2.316,-0.01439,-0.01443,1.01306,0.00235,0.00132,0.0042,-0.19589,-0.02723,0.97074,-0.14461,0.05122,-0.00135,0.99997,-0.00329,0.0064,0.00138,0.99584,-0.02773,0.08581,0.01269,33.17,34.4,0.0701,0.073
20:27:51.635,1790256471.6348,1679,10.14,-1.456,0.179,2.314,-0.00277,0.00502,0.99174,0.00276,-0.00253,-0.00303,-0.19512,-0.02257,0.96345,-0.13894,0.044,0.00583,0.99998,-0.00213,0.00539,0.00135,0.9957,-0.02794,0.08742,0.01294,33.17,34.4,0.0738,0.0675
20:27:51.655,1790256471.6554,1680,10.403,-1.319,0.186,2.311,7e-05,-0.01114,0.99136,-0.00247,-0.00327,-0.00442,-0.18389,-0.00897,0.97943,-0.14302,0.04101,-0.00261,0.99999,-0.00297,0.00409,0.0013,0.99561,-0.02767,0.08843,0.01315,33.17,34.4,0.0736,0.0774
20:27:51.675,1790256471.6755,1681,10.554,-1.512,0.193,2.309,-0.01206,0.00473,0.98586,0.00117,0.00025,-0.00244,-0.20946,-0.02404,0.97047,-0.14664,0.0366,-0.00646,0.99999,-0.00165,0.00458,0.00128,0.99544,-0.02802,0.0902,0.01329,33.17,34.4,0.0695,0.0748
20:27:51.696,1790256471.6959,1682,10.56,-1.426,0.199,2.306,-0.01934,-0.00825,0.98769,0.00119,-0.00065,-0.00074,-0.19931,-0.0183,0.98499,-0.1427,0.03888,-0.00157,0.99998,-0.00228,0.00587,0.00128,0.99532,-0.02791,0.09155,0.01351,33.17,34.4,0.0709,0.0762
20:27:51.716,1790256471.7164,1683,10.908,-1.486,0.206,2.304,0.00101,-6e-05,0.98898,0.00126,-0.00224,-0.00343,-0.21452,-0.02068,0.98275,-0.1366,0.02872,0.00214,0.99999,-0.00178,0.00446,0.00125,0.99516,-0.02801,0.09316,0.01375,33.17,34.4,0.0717,0.0754
20:27:51.737,1790256471.7368,1684,10.972,-1.488,0.213,2.301,-0.0244,-0.00516,0.96646,-0.00193,-0.00377,0.00376,-0.21972,-0.02173,0.98349,-0.13619,0.02991,-0.0052,0.99998,-0.00192,0.00553,0.00129,0.995,-0.02818,0.09478,0.01392,33.17,34.4,0.0551,0.074
20:27:51.757,1790256471.7575,1685,11.05,-1.644,0.221,2.299,-0.0269,0.01127,0.99441,0.00421,-0.00084,0.00139,-0.22978,-0.02215,0.97622,-0.13394,0.02567,0.00223,0.99998,-0.0008,0.00666,0.00132,0.99482,-0.0284,0.09655,0.01416,33.17,34.4,0.0761,0.0776
20:27:51.778,1790256471.7779,1686,11.261,-1.827,0.228,2.296,-0.01317,0.00173,0.99222,0.0002,-0.00171,0.00399,-0.23012,-0.02475,0.97103,-0.11937,0.02218,-0.00315,0.99998,0.00072,0.00662,0.00137,0.99465,-0.02849,0.0983,0.01434,33.17,34.4,0.0742,0.0787
20:27:51.798,1790256471.7981,1687,11.354,-1.986,0.235,2.293,-0.02572,0.0127,0.97477,0.00104,7e-05,8e-05,-0.24491,-0.03072,0.98208,-0.13498,0.02052,-0.00241,0.99997,0.00154,0.00755,0.00137,0.99446,-0.02904,0.09999,0.01451,33.17,34.4,0.0614,0.0705
20:27:51.818,1790256471.8186,1688,11.607,-1.831,0.242,2.291,-0.00245,-0.0092,0.98033,-0.00335,-0.00052,-0.00066,-0.22178,-0.01932,0.97389,-0.12343,0.01513,0.00366,0.99998,0.00057,0.00659,0.00136,0.99433,-0.02876,0.10127,0.0148,33.17,34.4,0.0653,0.0793
20:27:51.839,1790256471.8392,1689,11.59,-1.819,0.25,2.288,-0.02316,-0.00032,0.99617,-0.00088,0.0059,-0.0002,-0.22566,-0.03203,0.96221,-0.12125,0.00928,0.00187,0.99997,0.00032,0.00822,0.00136,0.99417,-0.02889,0.10275,0.01503,33.17,34.4,0.0773,0.0716
20:27:51.859,1790256471.8596,1690,11.912,-1.818,0.257,2.285,0.00969,0.00308,0.99101,-0.00098,0.00044,-0.00087,-0.23899,-0.00725,0.96171,-0.12704,0.01468,0.00116,0.99998,0.00046,0.00674,0.00136,0.99404,-0.02883,0.10406,0.01529,33.17,34.4,0.0733,0.0732
20:27:51.880,1790256471.8799,1691,12.105,-1.625,0.265,2.283,-0.00827,-0.01381,0.98911,-0.00236,0.00072,-0.00216,-0.22952,-0.02567,0.97241,-0.1238,0.0011,0.00141,0.99998,-0.00094,0.00626,0.00133,0.9939,-0.02864,0.10531,0.01556,33.17,34.4,0.0719,0.0796
20:27:51.900,1790256471.9005,1692,12.334,-1.711,0.273,2.28,-0.00104,0.00919,0.99489,0.00452,0.00401,-0.00056,-0.21781,-0.02725,0.96246,-0.11664,0.00669,0.0,0.99999,0.0002,0.00517,0.00133,0.99382,-0.02831,0.10618,0.01581,33.17,34.4,0.0762,0.0704
20:27:51.921,1790256471.9209,1693,12.583,-1.763,0.281,2.278,-0.00507,0.00288,0.99211,0.00101,0.00255,-0.00066,-0.23082,-0.02051,0.98775,-0.12898,-0.0054,-0.00074,0.99999,0.00086,0.00383,0.00133,0.99373,-0.02817,0.10699,0.01606,33.17,34.4,0.0741,0.0691
20:27:51.941,1790256471.9413,1694,12.427,-1.691,0.289,2.275,-0.04399,-0.00428,0.98586,0.00093,-0.00013,0.00146,-0.21004,-0.02014,0.96862,-0.12687,-0.01152,-0.0002,0.99999,0.00063,0.00524,0.00133,0.99373,-0.02777,0.10705,0.01633,33.17,34.4,0.0701,0.0735
20:27:51.961,1790256471.9616,1695,12.653,-1.727,0.297,2.273,0.00159,0.00635,0.98512,0.00034,0.0016,-0.00103,-0.22991,-0.02701,0.99201,-0.12087,-0.0164,0.00067,0.99999,0.00118,0.00395,0.00133,0.99366,-0.0276,0.10772,0.01658,33.17,34.41,0.0689,0.066
20:27:51.982,1790256471.9822,1696,12.694,-1.56,0.305,2.27,-0.01108,-0.00268,0.99962,-0.00227,-0.00027,0.00113,-0.23456,-0.03527,0.98041,-0.11533,-0.00923,-0.00485,0.99999,-0.00024,0.00482,0.00134,0.99352,-0.0276,0.10898,0.01677,33.17,34.41,0.0798,0.0735
20:27:52.002,1790256472.0026,1697,12.953,-1.498,0.313,2.268,0.00258,-0.00148,0.97621,-0.00332,0.00158,-0.00231,-0.24876,-0.00718,0.96737,-0.1165,-0.01968,0.00305,0.99999,-0.00038,0.00356,0.00132,0.99341,-0.02731,0.10999,0.01707,33.17,34.41,0.0622,0.0792
20:27:52.023,1790256472.0232,1698,13.126,-1.569,0.321,2.265,-0.0024,0.00487,0.98932,0.00122,0.00045,0.0024,-0.22338,-0.03174,0.96153,-0.10452,-0.02268,0.0014,1.0,0.00078,0.00262,0.00135,0.99336,-0.02682,0.11052,0.01733,33.17,34.41,0.072,0.0707
20:27:52.043,1790256472.0437,1699,13.111,-1.548,0.329,2.263,-0.03242,0.00035,0.98487,-0.00155,0.00363,-0.00122,-0.23984,-0.03605,0.97487,-0.09628,-0.01856,-0.00079,0.99999,0.0007,0.00407,0.00134,0.99321,-0.02672,0.11184,0.01754,33.17,34.41,0.0691,0.0766
20:27:52.064,1790256472.064,1700,13.104,-1.358,0.338,2.26,-0.01523,-0.00861,1.00941,-0.00085,0.00239,0.00147,-0.24153,-0.02128,0.96505,-0.10332,-0.03016,0.00033,0.99999,-0.00053,0.00494,0.00135,0.99312,-0.02634,0.11269,0.0178,33.17,34.41,0.0728,0.0763
20:27:52.084,1790256472.0844,1701,13.068,-1.441,0.346,2.258,-0.0229,0.01091,0.99458,-0.00224,0.00063,0.00233,-0.23465,-0.03832,0.98206,-0.10312,-0.03203,0.00094,0.99998,0.00049,0.00609,0.00138,0.99303,-0.02602,0.11348,0.01805,33.17,34.41,0.0762,0.0722
20:27:52.105,1790256472.1049,1702,13.094,-1.359,0.354,2.256,-0.02539,-0.0146,0.99463,0.00164,-0.00188,0.00129,-0.25532,-0.03712,0.95338,-0.10455,-0.03458,-0.00101,0.99997,-0.00068,0.00708,0.00139,0.99288,-0.0265,0.11473,0.01822,33.17,34.41,0.0763,0.0708
20:27:52.125,1790256472.1255,1703,13.337,-1.505,0.362,2.253,-0.01104,0.00385,0.99772,0.00158,-0.00289,-0.00278,-0.26358,-0.022,0.95714,-0.09349,-0.02831,0.00147,0.99998,0.00072,0.00622,0.00137,0.99273,-0.02642,0.11593,0.01844,33.17,34.41,0.0783,0.0748
20:27:52.146,1790256472.1459,1704,13.302,-1.558,0.371,2.251,-0.01388,0.00979,0.98639,-0.00133,-8e-05,-0.00237,-0.23081,-0.02136,0.96762,-0.08284,-0.03814,0.00718,0.99998,0.00211,0.00649,0.00135,0.99276,-0.0255,0.11586,0.01877,33.17,34.41,0.0699,0.0762
20:27:52.166,1790256472.1663,1705,13.202,-1.424,0.379,2.248,-0.02093,0.0006,0.99262,0.004,-0.00058,0.00072,-0.25114,-0.01171,0.97461,-0.09426,-0.04517,0.00212,0.99997,0.00152,0.00787,0.00136,0.99271,-0.02493,0.11639,0.01906,33.17,34.41,0.0746,0.0751
20:27:52.186,1790256472.1866,1706,13.37,-1.315,0.387,2.246,-0.00494,-0.02224,0.97705,-0.00288,0.00011,0.00253,-0.25955,-0.0396,0.9831,-0.0845,-0.05143,0.00132,0.99997,0.00031,0.00737,0.00138,0.99258,-0.02527,0.1174,0.01921,33.17,34.41,0.063,0.0668
20:27:52.207,1790256472.2069,1707,13.453,-1.044,0.396,2.244,-0.01125,-0.00876,0.99932,-0.00077,-0.00255,0.00044,-0.24133,-0.00833,0.95668,-0.08084,-0.04504,-0.00225,0.99998,-0.00121,0.00678,0.00137,0.99257,-0.02454,0.1176,0.01943,33.17,34.41,0.0796,0.07
20:27:52.227,1790256472.2275,1708,13.423,-0.802,0.404,2.242,-0.02077,-0.01756,0.98865,0.00125,0.00012,-0.00058,-0.2447,-0.02827,0.9771,-0.0783,-0.05207,-0.00497,0.99997,-0.00254,0.00742,0.00136,0.99253,-0.02382,0.11805,0.01963,33.17,34.41,0.0718,0.0742
20:27:52.248,1790256472.2481,1709,13.724,-0.723,0.412,2.24,-0.00228,-0.00748,1.00071,0.00227,0.00047,-0.00069,-0.26901,-0.02193,0.96167,-0.06939,-0.0586,0.00029,0.99998,-0.00283,0.00581,0.00135,0.99241,-0.02354,0.11908,0.01982,33.17,34.41,0.0794,0.0791
20:27:52.268,1790256472.2686,1710,13.738,-0.494,0.421,2.238,-0.01457,-0.0139,0.98631,0.00076,0.00324,0.00372,-0.26346,-0.01086,0.95746,-0.06837,-0.05695,-0.0007,0.99997,-0.00416,0.00634,0.00138,0.99233,-0.02294,0.11979,0.02003,33.17,34.41,0.0699,0.0748
20:27:52.289,1790256472.289,1711,13.859,-0.594,0.43,2.237,-0.00671,0.00519,0.99935,-0.00075,0.00178,-0.00239,-0.25892,-0.01926,0.99222,-0.06486,-0.05512,0.00194,0.99998,-0.00269,0.0057,0.00137,0.9923,-0.02238,0.12016,0.02024,33.17,34.41,0.0795,0.0608
20:27:52.309,1790256472.3092,1712,13.61,-0.539,0.438,2.235,-0.0165,-0.00373,0.99376,0.00176,-0.00389,0.0035,-0.23199,-0.01788,0.96075,-0.06147,-0.0694,-0.00155,0.99997,-0.00222,0.00711,0.00141,0.9924,-0.02138,0.11942,0.02045,33.17,34.41,0.0754,0.0714
20:27:52.329,1790256472.3298,1713,13.46,-0.548,0.446,2.233,-0.02382,0.00238,0.98712,0.00444,0.0008,0.00049,-0.24719,-0.021,0.99027,-0.0631,-0.07109,-0.00391,0.99996,-0.00135,0.00831,0.00143,0.99243,-0.02056,0.11928,0.02063,33.17,34.41,0.0706,0.0643
20:27:52.350,1790256472.3502,1714,13.517,-0.361,0.455,2.231,-0.01796,-0.01219,0.97498,6e-05,0.00135,0.00054,-0.26301,-0.0204,0.95814,-0.05667,-0.07892,5e-05,0.99996,-0.00259,0.00854,0.00142,0.99234,-0.02022,0.12006,0.02079,33.16,34.41,0.0614,0.0753
20:27:52.370,1790256472.3707,1715,13.449,-0.354,0.463,2.23,-0.02738,-0.01121,0.99441,0.00091,0.00137,-0.00068,-0.25245,-0.03689,0.9508,-0.06861,-0.07893,-0.00353,0.99994,-0.00338,0.00988,0.00141,0.99223,-0.02092,0.12083,0.02082,33.16,34.41,0.0761,0.0683
20:27:52.391,1790256472.391,1716,13.687,-0.412,0.471,2.228,0.00767,0.01244,0.99755,0.00063,0.00069,0.00037,-0.2714,-0.01848,0.9587,-0.05909,-0.08506,0.00155,0.99996,-0.00247,0.00859,0.00142,0.99215,-0.0206,0.12157,0.021,33.16,34.41,0.0782,0.0774
20:27:52.411,1790256472.4112,1717,13.864,-0.283,0.48,2.226,0.00608,-0.00927,0.98238,0.00148,0.0007,0.00252,-0.24154,-0.03131,0.95433,-0.04819,-0.08762,0.0003,0.99997,-0.00271,0.00726,0.00144,0.99213,-0.01982,0.12182,0.02119,33.16,34.41,0.0668,0.0687
20:27:52.431,1790256472.4318,1718,14.057,-0.386,0.489,2.225,0.0018,0.01361,0.98321,0.00113,0.0031,-0.00126,-0.27305,-0.02653,0.96789,-0.04215,-0.09209,-0.0046,0.99998,-0.00164,0.00639,0.00143,0.99203,-0.0197,0.12259,0.02125,33.16,34.41,0.0675,0.0755
20:27:52.452,1790256472.4522,1719,14.217,-0.268,0.497,2.223,-0.01019,-0.00667,0.98944,0.00212,0.00351,-0.00027,-0.28872,-0.03395,0.97678,-0.04303,-0.09122,0.00034,0.99998,-0.00282,0.00556,0.00142,0.99195,-0.01993,0.1232,0.02131,33.16,34.41,0.0721,0.0657
20:27:52.472,1790256472.4727,1720,14.122,-0.256,0.506,2.222,-0.01967,-0.00579,0.98827,-0.00206,-0.00447,0.00056,-0.26445,-0.02689,0.94482,-0.04497,-0.09215,0.00139,0.99997,-0.00288,0.00697,0.00143,0.99188,-0.01985,0.12378,0.02143,33.16,34.41,0.0714,0.0661
20:27:52.493,1790256472.4931,1721,14.106,-0.44,0.515,2.22,-0.02036,0.00186,0.98571,0.00296,0.00153,0.00054,-0.27254,-0.03902,0.95551,-0.03682,-0.09512,0.00319,0.99997,-0.00179,0.00792,0.00145,0.99178,-0.02031,0.12452,0.02148,33.16,34.41,0.0694,0.0758
20:27:52.513,1790256472.5137,1722,14.321,-0.624,0.524,2.218,-0.00763,0.00409,0.99033,0.00068,-0.00225,0.00135,-0.26533,-0.04136,0.95739,-0.0278,-0.09416,-0.0,0.99998,-0.00075,0.0068,0.00147,0.99168,-0.02089,0.12522,0.02146,33.16,34.41,0.0728,0.0757
20:27:52.534,1790256472.5343,1723,14.246,-0.652,0.532,2.216,-0.02789,-0.00221,0.99503,-0.00022,0.00071,0.0022,-0.2844,-0.04155,0.95893,-0.02199,-0.08692,0.00231,0.99996,-0.00084,0.00838,0.0015,0.99156,-0.02117,0.12613,0.02149,33.16,34.41,0.0766,0.0792
20:27:52.555,1790256472.5548,1724,14.477,-0.592,0.541,2.214,-0.00359,-0.00901,0.9999,-0.00168,0.00102,0.00063,-0.28326,-0.04218,0.96685,-0.03057,-0.10463,0.00101,0.99997,-0.00163,0.00695,0.00149,0.99147,-0.02154,0.12674,0.02152,33.16,34.41,0.08,0.0737
20:27:52.575,1790256472.5751,1725,14.607,-0.43,0.55,2.213,-0.01137,-0.00836,0.9906,-0.00111,-0.00134,0.00462,-0.28669,-0.03996,0.97534,-0.01097,-0.10022,-0.00386,0.99997,-0.00299,0.0063,0.00153,0.9914,-0.02156,0.12728,0.02149,33.16,34.41,0.073,0.067
20:27:52.595,1790256472.5954,1726,14.731,-0.594,0.559,2.211,-0.00977,0.00106,0.98539,0.0003,0.00295,0.00192,-0.28244,-0.04028,0.98062,-0.01875,-0.09416,0.00195,0.99998,-0.00167,0.00583,0.00156,0.99133,-0.02167,0.12782,0.02152,33.16,34.41,0.0691,0.064
20:27:52.615,1790256472.6157,1727,14.661,-0.577,0.568,2.209,-0.01793,-0.00194,0.98018,0.00105,0.00073,0.0015,-0.27817,-0.03093,0.96972,-0.01682,-0.09367,0.00136,0.99997,-0.00141,0.00713,0.00156,0.99125,-0.02124,0.1285,0.02162,33.16,34.41,0.0653,0.073
20:27:52.636,1790256472.6362,1728,14.598,-0.592,0.577,2.207,-0.02578,0.01279,0.98944,-0.00301,0.00096,0.00011,-0.2869,-0.00877,0.96223,-0.01664,-0.10901,0.00045,0.99997,-0.00026,0.00802,0.00157,0.99122,-0.02019,0.12882,0.02179,33.16,34.41,0.0724,0.0769
20:27:52.656,1790256472.6565,1729,14.792,-0.675,0.586,2.206,-0.00824,0.00528,0.9859,-0.00139,0.00091,0.00027,-0.26033,-0.03388,0.95173,-0.0099,-0.10862,-0.00193,0.99997,0.0006,0.0069,0.00158,0.99116,-0.02009,0.12935,0.02179,33.16,34.41,0.0695,0.0705
20:27:52.677,1790256472.6769,1730,15.0,-0.562,0.595,2.204,-0.0123,0.00158,1.00439,0.00223,-0.00054,0.00136,-0.26463,-0.02757,0.96579,-0.00164,-0.11204,-0.00572,0.99998,0.00097,0.00537,0.0016,0.99114,-0.01884,0.12964,0.02188,33.16,34.41,0.0766,0.0787
20:27:52.697,1790256472.6975,1731,14.772,-0.448,0.604,2.202,-0.02149,0.00889,0.99194,-0.00091,0.00393,-0.0009,-0.25856,-0.01109,0.96047,0.00771,-0.10863,-0.00157,0.99997,0.00178,0.00669,0.00159,0.99126,-0.01701,0.12899,0.02204,33.16,34.41,0.0742,0.076
20:27:52.717,1790256472.7177,1732,14.83,-0.232,0.613,2.201,-0.01436,-0.02524,0.98992,-0.00336,0.00086,-0.00107,-0.29321,-0.02605,0.95627,0.00315,-0.11629,0.00481,0.99998,0.00028,0.00675,0.00157,0.99118,-0.01671,0.12962,0.0221,33.16,34.41,0.0728,0.0796
20:27:52.738,1790256472.7381,1733,15.03,-0.067,0.622,2.199,0.00067,-0.01364,0.99453,0.00165,-0.00054,0.0022,-0.27259,-0.02764,0.95993,0.00943,-0.10891,0.00165,0.99998,-0.00081,0.00564,0.00159,0.99109,-0.01646,0.13032,0.0221,33.16,34.41,0.076,0.0787
20:27:52.758,1790256472.7584,1734,14.811,-0.25,0.631,2.198,-0.00795,0.01339,0.99867,-0.00063,-0.00389,-0.00033,-0.25211,-0.02862,0.97159,0.00673,-0.11268,0.00894,0.99998,0.00075,0.00526,0.0016,0.9914,-0.01641,0.12796,0.02211,33.16,34.41,0.0791,0.0769
20:27:52.779,1790256472.779,1735,14.883,-0.334,0.64,2.196,-0.00935,0.01227,0.98745,-0.00222,0.00059,-0.00239,-0.29232,-0.01493,0.94796,0.01119,-0.12151,0.00068,0.99998,0.00218,0.00512,0.00158,0.99135,-0.01571,0.12841,0.02215,33.16,34.41,0.0707,0.0741
20:27:52.799,1790256472.7995,1736,14.871,-0.112,0.649,2.195,-0.01555,-0.00893,0.9675,-9e-05,-0.00039,-0.0006,-0.27105,-0.01772,0.94886,0.01673,-0.11445,-0.00574,0.99998,0.00112,0.00557,0.00158,0.99131,-0.01486,0.12882,0.02213,33.16,34.41,0.0557,0.0702
20:27:52.820,1790256472.8201,1737,14.744,-0.316,0.658,2.193,-0.01882,0.00761,0.98562,0.00157,-0.00062,0.00232,-0.26757,-0.03883,0.96168,0.02064,-0.12086,-0.00388,0.99997,0.00195,0.00674,0.00161,0.9913,-0.01569,0.12882,0.0219,33.16,34.41,0.0694,0.0792
20:27:52.840,1790256472.8405,1738,14.815,-0.099,0.667,2.192,-0.01045,-0.00652,0.98315,0.0005,0.00154,-0.00263,-0.29279,-0.02574,0.97262,0.02847,-0.12389,0.00209,0.99998,0.00062,0.00639,0.00157,0.99127,-0.0152,0.12916,0.02188,33.16,34.41,0.0674,0.068
20:27:52.861,1790256472.8609,1739,14.969,0.156,0.676,2.19,-0.00857,-0.00381,0.99516,0.00094,0.00095,0.00355,-0.27389,-0.01761,0.95141,0.02678,-0.11851,0.00159,0.99998,-0.00057,0.00541,0.0016,0.99122,-0.0143,0.12959,0.02191,33.16,34.41,0.0764,0.0727
20:27:52.881,1790256472.8813,1740,14.849,0.208,0.685,2.189,-0.01369,-0.00218,0.98804,0.00232,0.00298,-0.00162,-0.28562,-0.03172,0.97227,0.02881,-0.11569,0.00259,0.99998,-0.00104,0.0068,0.00159,0.99118,-0.01426,0.12996,0.02184,33.16,34.41,0.0711,0.0696
20:27:52.902,1790256472.9018,1741,14.776,0.486,0.693,2.188,-0.01491,-0.0044,0.97979,0.00191,0.00272,0.00094,-0.26384,-0.0158,0.951,0.02865,-0.12127,0.00102,0.99997,-0.00213,0.00756,0.00159,0.99117,-0.01296,0.13016,0.02191,33.16,34.41,0.0649,0.0703
20:27:52.922,1790256472.9221,1742,14.913,0.518,0.702,2.187,-0.0142,-0.00325,0.98806,0.00025,-0.00051,-0.00122,-0.27872,-0.0065,0.94865,0.04724,-0.12123,0.00408,0.99998,-0.001,0.00667,0.0016,0.99114,-0.01161,0.13045,0.02196,33.16,34.41,0.0711,0.0716
20:27:52.942,1790256472.9424,1743,15.047,0.58,0.711,2.186,-0.00687,-0.00819,0.99862,0.00109,0.00031,-0.00227,-0.26851,-0.02823,0.96215,0.03443,-0.12403,0.00202,0.99998,-0.0021,0.00551,0.00157,0.99114,-0.01222,0.13049,0.02177,33.16,34.41,0.079,0.0795
20:27:52.963,1790256472.9629,1744,15.046,0.424,0.72,2.185,-0.01337,0.00654,0.98668,-0.00036,0.00224,-0.00373,-0.27691,-0.0277,0.94504,0.04237,-0.12095,0.00329,0.99998,-0.0007,0.00586,0.00154,0.9911,-0.01212,0.13077,0.02167,33.16,34.41,0.0701,0.0689
20:27:52.983,1790256472.9835,1745,14.625,0.651,0.729,2.184,-0.02705,-0.01031,0.98063,0.00086,0.00091,-0.00064,-0.25346,-0.0152,0.97087,0.04809,-0.12623,0.0026,0.99997,-0.00138,0.00703,0.00154,0.99143,-0.01075,0.12835,0.02169,33.16,34.41,0.0658,0.0774
20:27:53.004,1790256473.0039,1746,14.709,0.498,0.738,2.183,-0.01106,0.01395,0.99194,0.0027,-0.00121,-0.00128,-0.27797,-0.02438,0.96836,0.05492,-0.12066,0.00184,0.99998,0.00013,0.00676,0.00153,0.99139,-0.01053,0.12874,0.02155,33.16,34.41,0.0741,0.0742
20:27:53.024,1790256473.0244,1747,14.909,0.437,0.747,2.182,-0.00948,0.00146,0.98916,0.00075,0.00201,-0.00042,-0.27601,-0.03073,0.96235,0.0593,-0.11805,-0.00039,0.99998,0.00056,0.00535,0.00154,0.99135,-0.01067,0.12904,0.02133,33.16,34.41,0.0719,0.0788
20:27:53.044,1790256473.0446,1748,14.754,0.388,0.755,2.181,-0.03,-0.00083,0.97525,-0.00118,0.00061,0.00412,-0.27647,-0.04599,0.96066,0.0636,-0.12507,-0.00444,0.99998,0.00042,0.00659,0.00158,0.99137,-0.01113,0.12892,0.02102,33.16,34.41,0.0618,0.0795
20:27:53.065,1790256473.0648,1749,14.816,0.371,0.764,2.18,0.00086,-0.00389,0.99146,0.00218,0.00094,0.00285,-0.25906,-0.03721,0.96965,0.07076,-0.12298,-0.00277,0.99999,-3e-05,0.00519,0.00161,0.99148,-0.01174,0.12807,0.02069,33.16,34.41,0.0736,0.0767
20:27:53.085,1790256473.0854,1750,14.682,0.272,0.773,2.178,-0.02159,0.00526,0.98607,0.00268,-0.00032,0.00258,-0.27002,-0.03243,0.96874,0.07513,-0.12101,-0.00723,0.99998,0.0006,0.00648,0.00164,0.99147,-0.01184,0.12816,0.02036,33.16,34.41,0.0697,0.0754
20:27:53.106,1790256473.1059,1751,14.445,0.197,0.781,2.177,-0.02942,0.00204,1.00582,-0.00263,-0.00126,-0.00221,-0.25752,-0.03577,0.95802,0.07377,-0.11957,0.00394,0.99997,0.00065,0.008,0.00162,0.99155,-0.01232,0.1276,0.0201,33.16,34.41,0.0753,0.0745
20:27:53.126,1790256473.1264,1752,14.621,0.196,0.79,2.176,0.00597,0.0242,0.97219,0.00099,-0.00064,0.00061,-0.27916,-0.0202,0.95968,0.06914,-0.11405,0.00357,0.99997,0.00154,0.00717,0.00163,0.99147,-0.01148,0.12828,0.02003,33.16,34.41,0.0594,0.0797
20:27:53.147,1790256473.1468,1753,14.713,0.364,0.799,2.175,-0.01035,-0.00573,0.9892,0.00235,-0.00111,-0.00059,-0.27789,-0.03516,0.95276,0.07256,-0.12088,0.00067,0.99998,0.00021,0.00657,0.00161,0.99144,-0.01138,0.12852,0.01982,33.16,34.41,0.0719,0.0748
20:27:53.167,1790256473.1672,1754,14.692,0.267,0.807,2.174,-0.02149,0.01302,1.00894,-0.00201,-0.00041,0.00169,-0.27849,-0.0279,0.96068,0.08725,-0.10975,0.00221,0.99997,0.00144,0.00738,0.00164,0.99138,-0.01093,0.1291,0.01964,33.16,34.41,0.0731,0.0795
20:27:53.187,1790256473.1877,1755,14.592,0.341,0.816,2.172,-0.02206,0.00082,0.9674,0.00034,-0.00112,-0.00236,-0.28414,-0.02908,0.97798,0.07976,-0.11652,-0.0007,0.99996,0.00116,0.00846,0.00161,0.99135,-0.01052,0.12934,0.01944,33.16,34.41,0.0557,0.0659
20:27:53.208,1790256473.2083,1756,14.48,0.433,0.825,2.171,-0.03185,-0.0048,0.9878,0.00323,-0.00317,-0.00269,-0.28442,-0.03307,0.97251,0.08332,-0.10516,-0.00109,0.99995,0.00056,0.00975,0.00158,0.99132,-0.01026,0.12967,0.01919,33.16,34.41,0.0712,0.0697
20:27:53.228,1790256473.2287,1757,14.532,0.602,0.833,2.17,-0.01801,-0.00452,0.97846,-0.00209,-0.00125,-0.0007,-0.2758,-0.03404,0.9532,0.09336,-0.11011,-0.00431,0.99995,-0.00075,0.00949,0.00156,0.99129,-0.01011,0.12991,0.01888,33.16,34.41,0.064,0.0747
20:27:53.249,1790256473.2494,1758,14.538,0.519,0.842,2.169,-0.02212,0.00717,0.97694,0.00137,0.00152,-0.00028,-0.2718,-0.02034,0.97288,0.0896,-0.10475,-0.00159,0.99995,0.00045,0.00999,0.00157,0.99124,-0.00957,0.13041,0.01865,33.16,34.41,0.0629,0.0722
20:27:53.270,1790256473.27,1759,14.576,0.928,0.85,2.169,-0.00916,-0.00612,0.99701,-0.00111,0.00118,0.00112,-0.26242,-0.01085,0.98017,0.09174,-0.10548,-0.00372,0.99996,-0.00043,0.00864,0.00157,0.99138,-0.00701,0.12951,0.01865,33.16,34.41,0.0778,0.0689
20:27:53.290,1790256473.2904,1760,14.47,0.732,0.859,2.168,-0.02157,0.01131,0.98959,0.00343,-0.00095,0.00145,-0.26537,-0.03925,0.9744,0.10293,-0.10087,0.00344,0.99996,0.00099,0.00914,0.00159,0.99145,-0.00718,0.12901,0.01834,33.16,34.41,0.0724,0.072
20:27:53.311,1790256473.3109,1761,14.673,0.672,0.867,2.167,-0.00535,0.00677,1.00205,0.00021,-0.00119,0.00318,-0.27458,-0.03132,0.96356,0.10004,-0.10388,-0.00141,0.99997,0.00155,0.00762,0.00163,0.99143,-0.00715,0.12923,0.01802,33.16,34.41,0.0784,0.0782
20:27:53.331,1790256473.3315,1762,14.88,0.843,0.876,2.166,-0.00248,-0.0058,0.99579,0.00061,0.00018,-0.00403,-0.27982,-0.02412,0.95337,0.10324,-0.10022,0.00047,0.99998,0.00064,0.00631,0.00159,0.99136,-0.00664,0.12977,0.01776,33.16,34.41,0.0769,0.0754
20:27:53.351,1790256473.3518,1763,15.072,1.122,0.885,2.165,-0.00314,-0.01202,0.98918,-0.00076,-0.00413,-0.00083,-0.28238,-0.01172,0.95988,0.11365,-0.09445,-0.0012,0.99998,-0.00055,0.00543,0.00158,0.99126,-0.00551,0.13062,0.01755,33.16,34.41,0.0719,0.0795
20:27:53.372,1790256473.372,1764,14.771,1.271,0.893,2.165,-0.01881,0.0057,0.96764,0.00285,-0.00681,0.0004,-0.25656,-0.0022,0.97947,0.10678,-0.09428,0.00014,0.99998,0.00019,0.00623,0.00159,0.99151,-0.00341,0.12883,0.01749,33.16,34.41,0.0559,0.0706
20:27:53.392,1790256473.3922,1765,14.797,1.485,0.902,2.164,-0.01353,-0.01669,0.9908,-0.00054,0.00161,0.00417,-0.26514,-0.01454,0.94944,0.10983,-0.08712,-0.00708,0.99998,-0.00129,0.00634,0.00162,0.99146,-0.00304,0.12922,0.01713,33.16,34.41,0.0733,0.0694
20:27:53.412,1790256473.4127,1766,14.884,1.496,0.91,2.164,0.00124,-0.00559,0.98704,-0.0002,0.0001,-0.00223,-0.2548,-0.02795,0.95926,0.10731,-0.08962,0.00039,0.99999,-0.0016,0.00493,0.0016,0.99155,-0.00325,0.12858,0.01677,33.16,34.41,0.0703,0.0747
20:27:53.433,1790256473.4333,1767,14.87,1.67,0.919,2.164,-0.00912,-0.01882,0.98814,-8e-05,0.00195,-0.00327,-0.26991,-0.03593,0.97409,0.11728,-0.08589,0.0034,0.99998,-0.00307,0.00489,0.00156,0.99157,-0.00321,0.12846,0.01644,33.16,34.41,0.0713,0.0714
20:27:53.453,1790256473.4536,1768,14.611,1.603,0.928,2.163,-0.01339,-0.00529,0.99253,0.00221,-0.00202,0.00141,-0.25027,-0.03444,0.97236,0.11889,-0.07999,0.00036,0.99997,-0.00273,0.00634,0.00158,0.99169,-0.00331,0.12762,0.01607,33.15,34.41,0.0745,0.0765
20:27:53.474,1790256473.4739,1769,14.768,1.604,0.936,2.163,0.00164,-0.00525,0.9867,-0.00086,0.00155,-0.00537,-0.26448,-0.02647,0.96946,0.11961,-0.08977,-0.00148,0.99998,-0.00273,0.00493,0.00152,0.9917,-0.0033,0.12757,0.01569,33.15,34.41,0.07,0.0761
20:27:53.494,1790256473.4944,1770,14.599,1.706,0.944,2.163,-0.01644,-0.01027,0.98994,0.00266,0.00154,0.00377,-0.25857,-0.03264,0.95418,0.12737,-0.08723,0.00456,0.99997,-0.00358,0.00614,0.00156,0.99174,-0.0032,0.12734,0.01536,33.15,34.41,0.0726,0.0718
20:27:53.515,1790256473.5149,1771,14.563,1.515,0.953,2.162,-0.01273,0.01356,0.98988,-0.00402,0.00241,0.00095,-0.25713,-0.03765,0.96533,0.12522,-0.07741,0.00298,0.99998,-0.00214,0.0062,0.00158,0.99178,-0.00332,0.12702,0.01499,33.15,34.41,0.0725,0.0798
20:27:53.535,1790256473.5352,1772,14.382,1.391,0.961,2.162,-0.02129,0.00385,1.00211,-0.00239,0.00063,0.00142,-0.25443,-0.02932,0.97267,0.13934,-0.07554,0.00257,0.99997,-0.00109,0.00737,0.00161,0.99184,-0.00322,0.12657,0.01462,33.15,34.41,0.0782,0.0756
20:27:53.555,1790256473.5555,1773,14.576,1.425,0.97,2.161,0.01085,-0.00689,1.00467,-0.00189,0.00077,0.00233,-0.26867,-0.04245,0.96143,0.12243,-0.07506,-0.00283,0.99998,-0.00139,0.00584,0.00163,0.99183,-0.00323,0.12673,0.01422,33.15,34.41,0.0764,0.0794
20:27:53.575,1790256473.5758,1774,14.678,1.386,0.978,2.161,-0.00116,-0.00107,1.00393,0.00522,0.00138,-0.00312,-0.2508,-0.01801,0.97195,0.13068,-0.07313,-0.00047,0.99999,-0.00109,0.00431,0.0016,0.99192,-0.00325,0.12607,0.01382,33.15,34.41,0.0771,0.077
20:27:53.596,1790256473.596,1775,14.5,1.486,0.986,2.16,-0.01969,-0.01124,0.99341,0.00155,-0.00286,0.00114,-0.2506,-0.01955,0.97,0.13547,-0.06312,0.00033,0.99998,-0.00204,0.00545,0.00161,0.99197,-0.00326,0.12568,0.01343,33.15,34.41,0.0752,0.0785
20:27:53.616,1790256473.6164,1776,14.198,1.432,0.994,2.16,-0.02477,0.00251,0.99889,-0.00127,-0.00222,0.00053,-0.24429,-0.01608,0.97752,0.14296,-0.07169,-0.00787,0.99997,-0.00136,0.0069,0.00162,0.99213,-0.0029,0.12448,0.01297,33.15,34.41,0.0794,0.0742
20:27:53.636,1790256473.6367,1777,14.175,1.349,1.003,2.159,-0.00517,0.00583,0.98598,-0.00112,-0.00145,0.00258,-0.24268,-0.01101,0.97495,0.13571,-0.06323,-0.00047,0.99998,-0.00037,0.00589,0.00166,0.99229,-0.00258,0.12324,0.01261,33.15,34.41,0.0695,0.0764
20:27:53.657,1790256473.657,1778,14.178,1.222,1.011,2.159,-0.0093,0.00693,0.9853,-0.00013,0.00201,-0.00137,-0.23751,-0.02201,0.94897,0.13778,-0.05467,0.00039,0.99998,0.00098,0.00548,0.00166,0.99235,-0.00227,0.12282,0.01225,33.15,34.41,0.069,0.0639
20:27:53.677,1790256473.6775,1779,14.079,1.087,1.019,2.158,-0.0095,0.01579,0.98556,0.0017,7e-05,-0.00068,-0.22806,-0.02704,0.96546,0.13922,-0.05418,0.00412,0.99998,0.00239,0.00535,0.00167,0.99248,-0.00194,0.1218,0.01193,33.15,34.41,0.0693,0.0743
20:27:53.697,1790256473.6978,1780,14.221,0.999,1.027,2.157,-0.00174,0.01056,0.97933,2e-05,-0.00269,-0.00055,-0.24875,-0.02797,0.97174,0.13162,-0.05117,-0.00406,0.99998,0.00312,0.00424,0.00167,0.99248,-0.00193,0.12189,0.01152,33.15,34.41,0.0645,0.0774
20:27:53.718,1790256473.7183,1781,14.205,1.162,1.035,2.157,0.0055,-0.00429,0.98793,0.00133,0.00047,-0.00331,-0.22558,-0.02201,0.98654,0.1347,-0.05347,-0.005,0.99999,0.00225,0.00307,0.00164,0.99264,-0.00138,0.12062,0.01114,33.15,34.41,0.071,0.0708
20:27:53.739,1790256473.7389,1782,14.179,1.09,1.043,2.156,0.00045,0.01186,0.98761,-0.00188,-0.00051,0.00317,-0.22748,-0.01364,0.96409,0.14455,-0.05847,0.00092,0.99999,0.00333,0.0021,0.00168,0.99279,-0.00087,0.1194,0.0108,33.15,34.41,0.0708,0.073
20:27:53.759,1790256473.7592,1783,14.016,1.243,1.051,2.156,-0.01354,-0.00621,0.98829,0.00024,0.00041,-0.00034,-0.22788,-0.02689,0.96281,0.13994,-0.04389,0.00248,0.99999,0.00217,0.00295,0.00168,0.99286,-0.00067,0.11886,0.01046,33.15,34.41,0.0713,0.0723
20:27:53.779,1790256473.7796,1784,13.744,1.376,1.059,2.155,-0.01965,-0.00347,0.98877,-0.00187,-0.00128,0.00135,-0.21901,-0.02171,0.978,0.14718,-0.03687,0.00034,0.99999,0.00143,0.00421,0.00169,0.99299,-0.00019,0.11777,0.01011,33.15,34.41,0.0717,0.0782
20:27:53.800,1790256473.8,1785,13.857,1.296,1.066,2.155,-0.00191,0.01072,0.97187,-0.0009,-0.00151,0.00645,-0.24009,-0.04522,0.95953,0.15117,-0.03311,-0.00117,0.99999,0.00236,0.00345,0.00176,0.99297,0.0001,0.11796,0.00972,33.15,34.41,0.059,0.0726
20:27:53.820,1790256473.8202,1786,13.592,1.282,1.074,2.154,-0.02518,0.00996,0.98676,0.00195,-0.00102,0.00282,-0.2211,-0.01715,0.97524,0.14843,-0.03237,-0.00172,0.99998,0.00277,0.0048,0.00179,0.99309,0.00049,0.11699,0.00935,33.15,34.41,0.0703,0.0799
20:27:53.840,1790256473.8405,1787,13.358,1.298,1.082,2.154,-0.03297,0.00833,0.98906,-0.00192,-0.0017,-0.00045,-0.22008,-0.0306,0.98818,0.14319,-0.02575,0.00021,0.99997,0.00292,0.00624,0.00178,0.99316,0.00086,0.11639,0.009,33.15,34.41,0.0722,0.0704
20:27:53.861,1790256473.861,1788,13.487,1.296,1.089,2.153,0.00021,0.00706,0.98477,0.00267,-0.00104,-0.00119,-0.2214,-0.03569,0.96952,0.14696,-0.02071,-0.00565,0.99998,0.00309,0.00483,0.00178,0.9932,0.00104,0.1161,0.00857,33.15,34.41,0.0686,0.0763
20:27:53.881,1790256473.8812,1789,13.306,1.285,1.097,2.153,-0.02199,0.00973,0.98988,-0.00158,-0.00147,-0.00075,-0.22235,-0.02779,0.95663,0.14884,-0.02686,0.00117,0.99997,0.00348,0.00622,0.00177,0.99323,0.0014,0.1159,0.00822,33.15,34.41,0.0726,0.0669
20:27:53.901,1790256473.9017,1790,13.445,1.448,1.104,2.152,0.00118,-0.00344,1.00191,-0.00202,0.00212,0.00373,-0.23305,-0.03072,0.99279,0.14941,-0.02192,0.00059,0.99998,0.00248,0.00495,0.00181,0.99323,0.00181,0.11587,0.00787,33.15,34.41,0.0786,0.0648
20:27:53.922,1790256473.9222,1791,13.56,1.571,1.112,2.152,0.00445,0.00085,0.99398,0.00332,-0.00154,0.00016,-0.21616,-0.02422,0.99466,0.15797,-0.00495,-0.00044,0.99999,0.00209,0.00344,0.00181,0.99329,0.00249,0.11536,0.00752,33.15,34.41,0.0755,0.0664
20:27:53.942,1790256473.9426,1792,13.311,1.972,1.119,2.152,-0.01352,-0.00524,0.99606,0.00105,-0.00192,-0.00063,-0.20986,0.01424,0.98611,0.14838,-0.01176,-0.00126,0.99999,0.00082,0.00432,0.0018,0.99343,0.00468,0.11413,0.00737,33.15,34.41,0.0771,0.0738
20:27:53.963,1790256473.9632,1793,13.411,2.123,1.127,2.152,-0.00455,-0.00225,0.99449,0.00069,0.0025,-0.00043,-0.21902,-0.022,0.97629,0.15625,-0.00915,0.00679,0.99999,-0.00026,0.00322,0.00179,0.99345,0.00492,0.11391,0.00705,33.15,34.41,0.0759,0.0794
20:27:53.983,1790256473.9835,1794,13.227,2.13,1.134,2.152,-0.01741,0.00334,0.98701,-0.00284,-0.00186,-0.00027,-0.22,-0.01489,0.99769,0.15199,-0.00332,-0.00069,0.99999,0.00018,0.00455,0.00179,0.99349,0.00548,0.11362,0.00671,33.15,34.41,0.0704,0.0637
20:27:54.003,1790256474.0038,1795,13.204,2.08,1.141,2.152,-0.00341,0.00911,0.97502,-0.00347,0.00302,0.00063,-0.20225,-0.01046,0.97497,0.1501,-0.00157,-0.00211,0.99999,0.0012,0.00392,0.00181,0.99358,0.00612,0.11278,0.00638,33.15,34.41,0.0613,0.0768
20:27:54.024,1790256474.0243,1796,13.098,1.948,1.149,2.151,-0.01411,0.02232,1.00174,0.00061,0.00063,-0.00164,-0.21694,-0.00309,0.98461,0.15469,-0.00027,0.0023,0.99998,0.00273,0.00441,0.00181,0.99363,0.0066,0.11231,0.00606,33.15,34.41,0.0784,0.0738
20:27:54.044,1790256474.0444,1797,12.983,2.119,1.156,2.151,-0.01698,-0.00954,0.98944,0.00054,-0.00095,-0.00034,-0.21262,-0.01545,0.9752,0.15049,-0.00292,0.004,0.99998,0.00146,0.00511,0.0018,0.99367,0.00682,0.11202,0.00574,33.15,34.41,0.0722,0.0787
20:27:54.065,1790256474.0649,1798,12.709,2.251,1.163,2.152,-0.02716,0.00043,0.99861,0.00174,0.00111,-0.00032,-0.1899,-0.01348,1.00098,0.15244,0.002,-0.0018,0.99998,0.00122,0.00671,0.0018,0.99375,0.00779,0.11125,0.00544,33.15,34.41,0.0792,0.0658
20:27:54.085,1790256474.0852,1799,12.726,2.424,1.17,2.152,-0.01366,-0.01321,0.9828,-0.00073,0.0007,-0.0029,-0.21476,-0.03505,0.98114,0.14513,0.01606,-0.00125,0.99998,-0.00015,0.00675,0.00176,0.99373,0.00793,0.11144,0.00507,33.15,34.41,0.0672,0.0763
20:27:54.105,1790256474.1057,1800,12.695,2.641,1.177,2.152,-0.00795,-0.01335,0.97716,0.00047,0.00147,8e-05,-0.18908,-0.01581,0.9774,0.15472,0.00946,0.00373,0.99998,-0.00135,0.00627,0.00176,0.9938,0.00861,0.11072,0.0048,33.15,34.41,0.063,0.0767
20:27:54.126,1790256474.1263,1801,12.634,2.86,1.184,2.152,-0.01295,-0.00803,0.99225,-0.00283,-0.00053,0.00178,-0.18923,-0.0268,0.98243,0.14327,0.02708,0.00103,0.99997,-0.0029,0.0064,0.00177,0.99384,0.00897,0.11033,0.00448,33.15,34.41,0.0743,0.0794
20:27:54.147,1790256474.1468,1802,12.708,2.768,1.191,2.153,-0.00149,0.0071,0.99526,-0.00337,-0.00125,-0.00155,-0.1918,-0.01917,0.97962,0.14371,0.02531,0.00286,0.99998,-0.00175,0.00535,0.00176,0.99389,0.00936,0.1099,0.0042,33.15,34.41,0.0765,0.0788
20:27:54.167,1790256474.1672,1803,12.481,2.822,1.197,2.153,-0.0109,-0.00337,0.98296,-0.00164,0.00038,0.00138,-0.1784,-0.01594,0.98516,0.14793,0.03028,0.0048,0.99997,-0.0016,0.00671,0.00178,0.99395,0.01003,0.10927,0.00396,33.15,34.41,0.0673,0.079
20:27:54.187,1790256474.1876,1804,12.595,2.909,1.204,2.154,0.0079,-0.00538,0.99147,-0.00163,-0.00223,0.00201,-0.17257,-0.02013,0.982,0.14028,0.03679,0.00591,0.99998,-0.00177,0.00519,0.0018,0.99401,0.01061,0.10875,0.00374,33.15,34.41,0.0736,0.0779
20:27:54.208,1790256474.208,1805,12.422,3.037,1.211,2.154,-0.02739,-0.01145,0.9839,-0.00185,-0.00359,-0.00093,-0.18381,-0.02839,0.99389,0.14856,0.02858,0.00601,0.99998,-0.00238,0.00641,0.00179,0.99403,0.01115,0.10846,0.0035,33.15,34.41,0.0683,0.0716
20:27:54.228,1790256474.2285,1806,12.533,2.926,1.218,2.155,-0.00982,0.00068,0.98141,0.00431,-2e-05,-0.002,-0.20791,-0.01588,0.98896,0.15121,0.04206,-0.00068,0.99998,-0.00113,0.00578,0.00177,0.99399,0.01148,0.10878,0.00315,33.15,34.41,0.0661,0.072
20:27:54.248,1790256474.2488,1807,12.614,3.146,1.225,2.155,0.00137,-0.01688,0.99435,-0.00601,-0.00186,0.00063,-0.17462,-0.0156,0.97163,0.14594,0.04244,-0.00271,0.99998,-0.00234,0.00474,0.00177,0.99402,0.01217,0.10846,0.00285,33.15,34.41,0.0759,0.0705
20:27:54.269,1790256474.2691,1808,12.583,3.094,1.232,2.156,-0.00947,0.00329,0.97422,0.00044,0.0003,-0.00306,-0.17172,-0.00596,0.96497,0.13834,0.05242,0.00391,0.99999,-0.0011,0.00478,0.00175,0.99404,0.01299,0.10821,0.00265,33.15,34.41,0.0607,0.0651
20:27:54.289,1790256474.2897,1809,12.555,3.332,1.238,2.156,-0.00825,-0.02393,0.98845,-0.00041,-0.00096,0.00144,-0.17445,-0.0205,0.99281,0.14477,0.04063,-0.00145,0.99998,-0.00258,0.00468,0.00176,0.99407,0.01358,0.10787,0.00235,33.15,34.41,0.0716,0.0738
20:27:54.310,1790256474.31,1810,12.533,3.172,1.245,2.157,-0.01198,0.01106,1.00193,-0.0022,0.0025,-0.00311,-0.1883,-0.02194,0.98161,0.14193,0.05583,0.00156,0.99999,-0.00103,0.00495,0.00174,0.99406,0.01381,0.10793,0.00206,33.15,34.41,0.0785,0.0798
20:27:54.330,1790256474.3302,1811,12.47,3.033,1.252,2.158,-0.01475,0.0058,0.99166,-0.00154,-0.00125,-0.00277,-0.18168,-0.03884,0.98364,0.13033,0.06564,0.00249,0.99998,0.00021,0.00573,0.00172,0.99404,0.01391,0.10813,0.00178,33.15,34.42,0.0738,0.0792
20:27:54.350,1790256474.3504,1812,12.603,3.193,1.259,2.158,0.01779,-0.01349,1.00072,-0.00017,-0.00026,-0.00274,-0.1573,-0.0218,0.99757,0.13966,0.05688,0.0027,0.99999,-0.00047,0.00428,0.00169,0.99406,0.0146,0.10785,0.00156,33.15,34.42,0.0793,0.0724
20:27:54.370,1790256474.3708,1813,12.585,3.131,1.266,2.159,-0.00618,0.01211,0.98724,-0.00106,-0.0023,-0.00155,-0.16094,7e-05,0.9861,0.14252,0.06838,0.00475,0.99999,0.00094,0.00401,0.00168,0.99409,0.0155,0.1074,0.00138,33.15,34.42,0.0705,0.0794
20:27:54.391,1790256474.3913,1814,12.38,3.186,1.272,2.159,-0.02514,0.00173,1.00772,0.00149,0.00202,0.00054,-0.16853,-0.00991,0.98155,0.13347,0.06099,-0.00322,0.99998,0.00093,0.00554,0.00169,0.99411,0.01602,0.10714,0.0011,33.15,34.42,0.074,0.077
20:27:54.412,1790256474.4119,1815,12.442,3.095,1.279,2.16,0.00038,0.02636,0.99013,0.00158,-0.00214,0.00084,-0.14325,-0.02492,0.9867,0.13822,0.08132,0.0011,0.99998,0.00231,0.00489,0.00171,0.99412,0.01665,0.107,0.00086,33.15,34.42,0.0729,0.078
20:27:54.432,1790256474.432,1816,12.601,3.153,1.286,2.161,-0.0026,0.00485,0.98518,0.00073,0.00021,0.00442,-0.15126,-0.02152,0.9792,0.13301,0.08221,0.00496,0.99999,0.00238,0.0035,0.00176,0.99411,0.01722,0.107,0.00067,33.15,34.42,0.0689,0.0733
20:27:54.452,1790256474.4522,1817,12.525,3.091,1.293,2.161,-0.01201,0.01197,0.98824,-0.00087,-0.0033,0.00205,-0.14485,-0.02481,0.96715,0.13183,0.07882,0.00079,0.99998,0.00354,0.00429,0.00178,0.99409,0.0179,0.10711,0.00046,33.15,34.42,0.0713,0.0637
20:27:54.472,1790256474.4724,1818,12.705,3.073,1.299,2.162,-0.00273,0.00904,0.99446,-0.00291,0.00115,-0.00092,-0.16047,-0.02769,0.99622,0.12383,0.08156,-0.01123,0.99999,0.00401,0.00285,0.00178,0.99407,0.01823,0.10723,0.0001,33.15,34.42,0.0759,0.0729
20:27:54.492,1790256474.4927,1819,12.555,3.318,1.306,2.162,-0.01898,-0.01353,0.99934,0.00169,0.00017,-0.00178,-0.1335,-0.00195,0.99092,0.12381,0.07128,-0.0058,0.99999,0.00264,0.0037,0.00176,0.9941,0.019,0.10678,-0.00014,33.15,34.42,0.0797,0.0799
20:27:54.513,1790256474.5134,1820,12.377,3.482,1.313,2.163,-0.02611,-0.00397,0.98882,-0.00204,-0.0006,-0.00088,-0.1295,-0.00643,0.9881,0.12532,0.08691,-0.00228,0.99998,0.00197,0.00502,0.00174,0.99411,0.01976,0.10655,-0.00036,33.15,34.42,0.0719,0.0774
20:27:54.534,1790256474.534,1821,12.523,3.59,1.319,2.164,-0.00012,0.00228,0.97982,-0.00094,0.00044,0.00345,-0.13641,-0.00985,0.97779,0.12563,0.08545,-0.00182,0.99999,0.00174,0.0037,0.00178,0.9941,0.02047,0.10649,-0.00058,33.15,34.42,0.0649,0.0705
20:27:54.554,1790256474.5544,1822,12.624,3.774,1.326,2.165,0.00957,-0.01247,0.99103,0.00041,0.0028,-0.00223,-0.14031,-0.0048,0.99179,0.11834,0.08835,-7e-05,0.99999,0.00072,0.00263,0.00176,0.99411,0.02104,0.10631,-0.00077,33.15,34.42,0.0734,0.0787
20:27:54.575,1790256474.5749,1823,12.555,3.986,1.333,2.166,-0.01691,-0.0232,0.9786,-0.00081,0.00243,-0.0017,-0.11829,-0.01174,0.98452,0.1151,0.09912,-0.00054,0.99999,-0.00047,0.00322,0.00174,0.9941,0.02168,0.1063,-0.00095,33.15,34.42,0.0643,0.0738
20:27:54.595,1790256474.5952,1824,12.72,4.018,1.34,2.167,0.00771,0.00265,0.99922,0.00049,0.00225,0.00025,-0.13841,0.00542,0.9967,0.11351,0.09406,0.00433,1.0,-7e-05,0.00165,0.00174,0.9941,0.02237,0.10616,-0.00107,33.14,34.42,0.0794,0.0753
20:27:54.615,1790256474.6156,1825,12.867,3.966,1.347,2.168,0.00495,0.00569,0.9932,0.00172,-0.00016,0.0042,-0.14329,-0.00982,0.99157,0.12146,0.09835,0.00427,1.0,0.00083,0.0004,0.00179,0.99408,0.02284,0.10618,-0.00123,33.14,34.42,0.0749,0.0786
20:27:54.637,1790256474.6371,1826,12.721,3.884,1.353,2.169,-0.01884,0.01828,1.00498,0.00397,0.0042,-0.00049,-0.13562,-0.0064,0.99109,0.11186,0.10128,-0.00015,1.0,0.00197,0.00165,0.00178,0.99408,0.02331,0.10614,-0.00143,33.14,34.42,0.076,0.0797
20:27:54.657,1790256474.6575,1827,12.784,3.756,1.36,2.17,-0.00178,0.00854,0.98974,-0.00192,0.00054,0.0008,-0.12767,-0.02937,0.99585,0.11094,0.09702,0.00336,0.99999,0.00336,0.0012,0.00179,0.99406,0.02363,0.10623,-0.00159,33.14,34.42,0.0723,0.0767
20:27:54.678,1790256474.6777,1828,12.666,3.809,1.367,2.171,-0.0138,0.00979,0.97901,0.001,0.00284,-0.00074,-0.0939,-0.01448,0.97102,0.11919,0.10734,0.0037,0.99999,0.00372,0.00248,0.00179,0.99401,0.02447,0.10648,-0.00171,33.14,34.42,0.0644,0.0617
20:27:54.698,1790256474.6984,1829,12.533,3.899,1.374,2.172,-0.01999,0.00035,0.97766,0.00046,-0.00215,0.00238,-0.11505,-0.01794,0.99363,0.09122,0.1051,0.00286,0.99999,0.00318,0.00365,0.00181,0.99401,0.02471,0.10648,-0.00184,33.14,34.42,0.0634,0.0797
20:27:54.719,1790256474.719,1830,12.486,4.08,1.38,2.173,-0.01642,-0.01305,0.97925,0.0001,0.00284,-0.00044,-0.09305,-0.03299,0.97902,0.09161,0.1032,0.00261,0.99999,0.00198,0.00425,0.0018,0.99398,0.02507,0.10667,-0.00196,33.14,34.42,0.0646,0.068
20:27:54.739,1790256474.7392,1831,12.624,4.104,1.387,2.175,0.00053,0.00594,0.97534,0.00127,-0.00024,-0.00161,-0.09102,-0.00833,0.98895,0.09435,0.10544,3e-05,0.99999,0.00228,0.00303,0.00179,0.99397,0.02559,0.10665,-0.00209,33.14,34.42,0.0615,0.0749
20:27:54.760,1790256474.7598,1832,12.801,4.258,1.394,2.176,-0.00122,0.00114,0.99342,0.00091,-0.00223,-0.00163,-0.10187,-0.02645,0.97107,0.09423,0.10033,0.00015,1.0,0.0014,0.00174,0.00177,0.99393,0.02603,0.10691,-0.00224,33.14,34.42,0.0751,0.0626
20:27:54.780,1790256474.78,1833,12.897,4.451,1.4,2.177,-5e-05,-0.00237,0.98544,0.00477,-0.00033,0.00448,-0.08648,-0.00851,1.00501,0.09466,0.11087,-0.00023,1.0,0.00028,0.00096,0.00182,0.99391,0.02657,0.10696,-0.00236,33.14,34.42,0.0691,0.0734
20:27:54.800,1790256474.8003,1834,12.73,4.561,1.407,2.179,-0.02176,-0.00524,0.99486,0.00078,0.00165,-0.00154,-0.09655,-0.00136,1.00336,0.0925,0.11003,-0.00363,1.0,-0.00016,0.00245,0.00182,0.99389,0.02709,0.10699,-0.00252,33.14,34.42,0.0763,0.074
20:27:54.820,1790256474.8208,1835,12.752,4.757,1.414,2.18,-0.00473,-0.00756,0.96985,-0.00193,-0.00233,-0.00368,-0.11469,0.0053,1.00908,0.08442,0.11132,0.00075,0.99999,-0.00135,0.00242,0.00178,0.99386,0.02757,0.10715,-0.00262,33.14,34.42,0.0574,0.0683
20:27:54.841,1790256474.841,1836,12.745,4.984,1.421,2.182,-0.00693,-0.03565,0.99462,0.00049,-0.00063,0.00145,-0.07066,-0.00791,1.00429,0.07773,0.11446,0.00428,0.99999,-0.00289,0.00251,0.00177,0.99384,0.02797,0.10719,-0.00268,33.14,34.42,0.0765,0.0749
20:27:54.861,1790256474.8615,1837,12.769,4.88,1.427,2.183,-0.00311,0.00675,0.97872,-0.00284,0.00027,6e-05,-0.09729,0.00113,1.00217,0.08009,0.10867,0.00081,0.99999,-0.00162,0.00232,0.00178,0.99383,0.02837,0.1072,-0.00277,33.14,34.42,0.0641,0.0748
20:27:54.882,1790256474.8819,1838,12.632,5.035,1.434,2.185,-0.01345,-0.00873,0.99098,-0.00295,-0.00201,0.00023,-0.07313,0.00724,0.98779,0.07675,0.11523,0.0023,0.99999,-0.00245,0.00357,0.00178,0.99381,0.02888,0.10725,-0.00283,33.14,34.42,0.0733,0.0729
20:27:54.902,1790256474.9022,1839,12.729,4.901,1.441,2.187,0.00388,0.01714,0.98919,0.00067,-0.00137,0.00097,-0.07592,-0.01654,1.00394,0.06786,0.12067,-0.00551,0.99999,-0.00113,0.0029,0.0018,0.99378,0.02908,0.10741,-0.00298,33.14,34.42,0.072,0.0748
20:27:54.922,1790256474.9225,1840,12.655,4.797,1.447,2.188,-0.01162,0.00728,0.9754,0.00259,0.00197,0.00145,-0.0836,-0.00316,0.99558,0.06641,0.11872,-0.00478,0.99999,-5e-05,0.00358,0.00182,0.99378,0.02929,0.10744,-0.00312,33.14,34.42,0.0616,0.0793
20:27:54.942,1790256474.9428,1841,12.49,4.877,1.454,2.19,-0.02209,-0.00488,0.99546,0.00175,-0.00039,0.00476,-0.0767,-0.00269,0.99898,0.06641,0.11812,-0.00568,0.99999,-0.00051,0.00506,0.00187,0.99377,0.02953,0.10746,-0.00326,33.14,34.42,0.0768,0.0786
20:27:54.963,1790256474.963,1842,12.638,4.968,1.46,2.191,-0.0033,-0.00308,0.98476,0.00037,0.0014,-0.0019,-0.06336,0.00179,0.99996,0.06915,0.11807,0.00544,0.99999,-0.00092,0.00374,0.00185,0.99376,0.02989,0.10745,-0.00327,33.14,34.42,0.0686,0.0785
20:27:54.983,1790256474.9832,1843,12.771,5.053,1.467,2.193,-0.00151,-0.00425,0.96885,-0.00128,-0.00245,-0.00161,-0.07604,0.00511,0.99029,0.06041,0.11862,-0.00469,0.99999,-0.00139,0.00266,0.00183,0.99374,0.03016,0.10752,-0.00339,33.14,34.42,0.0566,0.0749
20:27:55.003,1790256475.0036,1844,12.633,5.137,1.474,2.195,-0.01179,-0.00593,0.98833,-0.0,-0.00316,-0.00311,-0.06914,-0.00519,1.00253,0.04814,0.11801,0.00425,0.99999,-0.00203,0.00393,0.0018,0.99373,0.03025,0.10758,-0.0034,33.14,34.42,0.0713,0.0763
20:27:55.024,1790256475.024,1845,12.736,5.266,1.48,2.197,-0.00075,-0.01213,0.97813,-0.00036,-0.00088,0.00243,-0.06647,-0.00747,0.9893,0.04995,0.11106,-0.00065,0.99999,-0.00302,0.00307,0.00182,0.99372,0.03035,0.10763,-0.00348,33.14,34.42,0.0637,0.0737
20:27:55.044,1790256475.0447,1846,12.734,5.451,1.487,2.199,-0.00662,-0.01762,0.98171,0.00043,-0.00032,-0.00328,-0.05578,0.01055,0.99137,0.0435,0.11959,0.00123,0.99998,-0.00439,0.00313,0.00178,0.99371,0.03056,0.10768,-0.0035,33.14,34.42,0.0664,0.0747
20:27:55.065,1790256475.0652,1847,12.567,5.517,1.494,2.201,-0.02637,-0.01618,1.00084,0.00195,0.00031,0.00253,-0.04603,-0.01048,0.99605,0.04126,0.12145,0.00323,0.99998,-0.00493,0.00464,0.00182,0.9937,0.03059,0.10774,-0.00351,33.14,34.42,0.079,0.0779
20:27:55.085,1790256475.0854,1848,12.609,5.396,1.5,2.202,-0.00034,0.01783,0.96974,-0.00047,-0.00284,0.00208,-0.05025,0.00312,0.99966,0.03784,0.11932,0.00126,0.99998,-0.00383,0.00426,0.00184,0.9937,0.03067,0.10771,-0.00353,33.14,34.42,0.0574,0.0793
20:27:55.105,1790256475.1055,1849,12.511,5.513,1.507,2.204,-0.0149,-0.01321,0.99228,0.00118,0.00141,0.00082,-0.04896,-0.01799,1.01831,0.03606,0.11752,-0.0027,0.99997,-0.00482,0.00539,0.00184,0.99367,0.03069,0.10798,-0.0036,33.14,34.42,0.0744,0.0653
20:27:55.126,1790256475.1259,1850,12.67,5.433,1.513,2.206,0.01743,-0.0,0.99083,-0.00276,0.00016,-0.0009,-0.04765,-0.01606,0.99662,0.02031,0.11173,-0.00148,0.99998,-0.00437,0.00397,0.00183,0.99368,0.03045,0.10795,-0.00365,33.14,34.42,0.0732,0.0784
20:27:55.146,1790256475.1464,1851,12.544,5.401,1.52,2.208,-0.01426,-0.00577,0.9678,-0.00052,-0.00292,0.00204,-0.03992,0.01336,0.99817,0.03503,0.11783,0.00207,0.99998,-0.00394,0.005,0.00186,0.99369,0.03061,0.10788,-0.00365,33.14,34.42,0.0559,0.0793
20:27:55.167,1790256475.1668,1852,12.697,5.51,1.526,2.21,0.00173,-0.01457,0.99589,-0.00081,-0.00384,-0.00236,-0.02183,0.01012,1.0041,0.02935,0.11331,0.00363,0.99998,-0.00473,0.00359,0.00183,0.99369,0.03073,0.10781,-0.00363,33.14,34.42,0.077,0.0767
20:27:55.187,1790256475.1869,1853,12.783,5.353,1.533,2.212,-0.0015,0.00162,1.00096,-0.00092,0.00083,0.00328,-0.03252,0.01281,1.00956,0.02294,0.11412,-3e-05,0.99999,-0.00332,0.00287,0.00186,0.99369,0.03081,0.10783,-0.00363,33.14,34.42,0.0793,0.0724
20:27:55.207,1790256475.2074,1854,12.78,5.154,1.539,2.214,-0.00675,0.01564,0.99276,-0.00128,-0.00017,-0.00337,-0.02799,-0.00987,1.00708,0.01235,0.11486,0.00171,0.99999,-0.00181,0.00294,0.00184,0.99369,0.03062,0.10786,-0.00362,33.14,34.42,0.0747,0.0744
20:27:55.228,1790256475.228,1855,12.827,4.966,1.546,2.215,-0.00167,0.01102,1.00269,-0.00032,-0.00118,0.00113,0.00222,0.00207,1.00214,0.01394,0.11796,0.00018,1.0,-0.00027,0.00248,0.00185,0.9937,0.03056,0.10781,-0.00362,33.14,34.42,0.0779,0.0784
20:27:55.248,1790256475.2482,1856,12.749,5.05,1.553,2.217,-0.01185,-0.01096,0.9741,0.00368,0.00071,0.00078,-0.01624,-0.0259,0.99506,0.01351,0.11311,-0.0025,0.99999,-0.00126,0.00316,0.00186,0.9937,0.0303,0.10782,-0.00367,33.14,34.42,0.0607,0.0766
20:27:55.269,1790256475.2688,1857,12.921,4.949,1.559,2.218,0.02634,0.01112,0.99987,-0.00053,-0.00088,0.00021,0.0059,-0.0195,1.01238,0.00502,0.10304,-0.0045,1.0,-0.00062,0.00165,0.00186,0.99371,0.03008,0.1078,-0.00372,33.14,34.42,0.0798,0.0706
20:27:55.289,1790256475.289,1858,12.865,4.76,1.566,2.22,-0.00635,0.01076,0.99213,-0.00125,-0.00087,-8e-05,-0.01421,0.00334,1.00214,0.00568,0.11046,-0.00351,1.0,0.00083,0.00202,0.00186,0.99373,0.02992,0.10768,-0.00374,33.14,34.42,0.0742,0.0783
20:27:55.309,1790256475.3095,1859,12.995,4.838,1.572,2.222,0.00231,-0.00414,0.98473,0.00466,-0.00098,0.00093,-0.01404,0.00254,1.01454,-0.00817,0.11278,0.00018,1.0,-8e-05,0.00097,0.00187,0.99373,0.02967,0.10776,-0.00372,33.14,34.42,0.0686,0.069
20:27:55.330,1790256475.33,1860,12.993,4.67,1.579,2.223,-0.00218,0.00254,0.96923,-0.00289,-0.00216,-0.0026,-0.01178,-0.00918,0.9851,-0.00888,0.11162,0.00366,1.0,0.00105,0.00108,0.00185,0.99373,0.02935,0.10784,-0.00367,33.14,34.42,0.0569,0.0689
20:27:55.350,1790256475.3503,1861,12.997,4.835,1.586,2.224,-0.00052,-0.00844,1.00264,-0.00038,0.00264,-3e-05,-0.00653,-0.00104,1.002,0.00475,0.10467,0.00171,1.0,-0.00052,0.00085,0.00185,0.99375,0.02919,0.10766,-0.00364,33.14,34.42,0.078,0.0785
20:27:55.370,1790256475.3707,1862,13.037,4.62,1.593,2.226,0.00224,0.0134,1.00208,7e-05,-0.00129,-0.00107,-0.00406,-0.00488,1.01322,-0.00968,0.09922,0.00135,1.0,0.00102,0.00043,0.00185,0.99377,0.0289,0.10759,-0.00361,33.14,34.42,0.0784,0.0701
20:27:55.391,1790256475.3913,1863,13.211,4.622,1.599,2.227,0.01253,-0.00015,0.99194,0.00232,-0.00209,-0.001,-0.00704,0.01255,0.98928,-0.01074,0.11198,-0.00355,1.0,0.0008,-0.0011,0.00184,0.99378,0.02869,0.10758,-0.00362,33.14,34.42,0.074,0.072
20:27:55.411,1790256475.4116,1864,13.208,4.464,1.606,2.229,0.00545,0.02106,0.97449,0.00025,-0.00185,-9e-05,0.02519,0.01707,1.00421,-0.00843,0.09721,0.0001,1.0,0.00202,-0.00133,0.00184,0.99381,0.02856,0.10732,-0.00358,33.14,34.42,0.061,0.0765
20:27:55.432,1790256475.4319,1865,13.317,4.562,1.613,2.23,0.01065,-0.00408,0.99092,-0.00178,-0.0023,0.0023,0.02537,0.01192,0.99523,-0.01846,0.1103,0.00159,0.99999,0.00095,-0.00241,0.00187,0.99383,0.02831,0.1072,-0.00352,33.14,34.42,0.0732,0.0767
20:27:55.452,1790256475.4523,1866,13.118,4.529,1.62,2.231,-0.00828,0.00148,0.99455,0.00153,0.00047,0.00501,-0.01919,0.01854,0.98975,-0.0264,0.0972,0.00815,1.0,0.00091,-0.00086,0.00192,0.99386,0.02798,0.10702,-0.00339,33.14,34.42,0.0759,0.0726
20:27:55.472,1790256475.4727,1867,12.998,4.374,1.626,2.233,-0.02114,0.02383,0.98223,0.00147,-0.00403,-0.0015,0.01134,0.01415,1.01378,-0.03215,0.09857,0.00263,1.0,0.00187,8e-05,0.00191,0.99388,0.02762,0.10692,-0.00331,33.14,34.42,0.0671,0.0695
20:27:55.493,1790256475.4932,1868,13.093,4.24,1.633,2.234,0.01428,0.0134,0.98263,0.00174,0.00293,0.00129,0.0096,0.01476,0.99893,-0.02703,0.09918,-0.00215,0.99999,0.00266,-0.00103,0.00193,0.99392,0.02727,0.10663,-0.00328,33.14,34.42,0.0671,0.0793
20:27:55.513,1790256475.5137,1869,13.122,4.346,1.64,2.235,0.00735,-0.01647,0.97868,0.00151,0.00149,-0.00264,0.00051,0.02245,0.97541,-0.03908,0.08994,-0.00253,1.0,0.0014,-0.00134,0.0019,0.99394,0.02689,0.10658,-0.00324,33.14,34.42,0.0641,0.0618
20:27:55.534,1790256475.534,1870,13.054,4.129,1.646,2.236,-0.00233,0.02254,0.98564,-0.00072,0.0001,0.0018,0.00527,0.01305,1.00857,-0.04251,0.09213,0.00151,0.99999,0.00276,-0.00099,0.00192,0.99397,0.02641,0.10633,-0.00317,33.14,34.42,0.0694,0.0735
20:27:55.554,1790256475.5545,1871,13.144,4.183,1.653,2.237,0.01637,-0.0064,0.98903,0.0013,-0.00592,-0.00178,-0.00553,0.01838,1.00662,-0.04304,0.07889,0.00068,0.99999,0.00184,-0.0022,0.00191,0.99403,0.02593,0.10592,-0.0031,33.14,34.42,0.0719,0.0749
20:27:55.575,1790256475.5751,1872,13.007,3.995,1.659,2.238,-0.0018,0.01207,1.00273,-0.00108,-0.00019,-0.00387,-0.00178,0.05133,0.98379,-0.05422,0.08711,0.00371,0.99999,0.00312,-0.00125,0.00186,0.99407,0.02559,0.10568,-0.00296,33.14,34.42,0.0779,0.0689
20:27:55.595,1790256475.5953,1873,12.861,3.797,1.666,2.239,-0.00144,0.01252,0.98954,-0.00067,0.00541,0.00275,0.02179,0.02459,0.99686,-0.04797,0.0811,-0.00159,0.99999,0.00435,-0.00043,0.00189,0.99413,0.02514,0.10522,-0.0029,33.14,34.42,0.0722,0.078
20:27:55.616,1790256475.616,1874,12.878,3.572,1.672,2.24,0.00305,0.01595,1.00504,-0.00083,0.00209,-0.00152,0.00958,0.03988,0.98704,-0.05446,0.08621,-0.00715,0.99998,0.00585,-0.00086,0.00188,0.99417,0.02472,0.10494,-0.00289,33.14,34.42,0.0761,0.0709
20:27:55.636,1790256475.6366,1875,12.801,3.682,1.679,2.241,0.00033,-0.01859,0.98576,0.00121,0.00122,0.00206,0.00453,0.02777,1.00159,-0.05296,0.06973,0.00401,0.99999,0.00444,-0.00079,0.0019,0.99424,0.02423,0.10434,-0.00277,33.14,34.42,0.0694,0.0785
20:27:55.657,1790256475.6571,1876,12.743,3.424,1.685,2.241,0.00177,0.01436,0.99918,0.00299,0.00224,-0.00131,-0.00195,0.03493,0.99167,-0.0652,0.06854,0.00065,0.99998,0.0061,-0.00082,0.00189,0.99431,0.02368,0.10382,-0.00267,33.14,34.42,0.0795,0.0742
20:27:55.677,1790256475.6777,1877,12.785,3.539,1.692,2.242,0.01007,-0.00146,0.99462,-0.00149,-0.0001,-0.00111,-0.0038,0.04718,1.01103,-0.05608,0.06941,0.0035,0.99999,0.00477,-0.00165,0.00189,0.99437,0.02332,0.10336,-0.00254,33.14,34.42,0.076,0.0709
20:27:55.698,1790256475.698,1878,12.785,3.617,1.698,2.243,0.00795,-0.00408,0.97687,0.00103,0.00167,0.00019,-0.00037,0.04484,1.01696,-0.07142,0.0647,-0.00474,0.99999,0.00357,-0.00207,0.0019,0.99442,0.02278,0.10295,-0.00249,33.14,34.42,0.0627,0.0665
20:27:55.718,1790256475.7184,1879,12.608,3.634,1.704,2.244,-0.00504,0.00109,0.98229,0.00296,-0.00094,-0.00215,-0.01124,0.04022,0.9751,-0.07359,0.05583,-0.00362,0.99999,0.00286,-0.00095,0.00188,0.99448,0.02221,0.10253,-0.00243,33.14,34.42,0.0667,0.062
20:27:55.738,1790256475.7387,1880,12.694,3.641,1.711,2.245,0.00639,0.00404,0.98944,-0.00303,0.00278,-0.00087,0.00334,0.05512,1.00571,-0.07516,0.06181,0.0009,0.99999,0.00234,-0.0023,0.00187,0.99455,0.02173,0.10193,-0.00231,33.14,34.42,0.0721,0.0746
20:27:55.759,1790256475.7592,1881,12.53,3.725,1.717,2.245,-0.00681,-0.0139,0.98784,-0.00169,-8e-05,0.00047,0.01885,0.05654,1.00443,-0.08251,0.05856,0.00451,1.0,0.00109,-0.00154,0.00187,0.99463,0.02119,0.10128,-0.00215,33.14,34.42,0.071,0.0754
20:27:55.779,1790256475.7797,1882,12.292,3.627,1.723,2.246,0.00229,0.00242,1.01383,0.00115,-0.00099,0.00236,0.00528,0.05195,0.99264,-0.07541,0.05421,-0.00089,1.0,0.00144,-0.00017,0.0019,0.99471,0.0207,0.10058,-0.00205,33.14,34.42,0.0696,0.0755
20:27:55.800,1790256475.7999,1883,12.198,3.721,1.729,2.247,-0.00104,-0.00874,0.9911,0.00063,-0.00198,-0.0034,-0.00229,0.0349,0.98624,-0.08349,0.04629,0.00161,1.0,-2e-05,-2e-05,0.00187,0.99479,0.02003,0.09991,-0.00193,33.14,34.42,0.0734,0.0701
20:27:55.820,1790256475.8202,1884,12.225,3.784,1.735,2.248,0.01139,-0.01357,0.98836,-0.00212,-0.00096,-0.00067,0.02132,0.04697,0.99313,-0.0843,0.05441,-0.00332,1.0,-0.00115,-0.00097,0.00186,0.99488,0.01942,0.09921,-0.00185,33.14,34.42,0.0714,0.0759
20:27:55.840,1790256475.8406,1885,12.167,3.562,1.741,2.249,0.00203,0.00155,0.9831,0.00236,0.00283,-0.00173,0.02218,0.05891,0.97694,-0.08238,0.04906,-0.00338,1.0,0.00024,-0.00099,0.00184,0.99494,0.01891,0.09868,-0.00178,33.14,34.42,0.0673,0.0642
20:27:55.861,1790256475.8611,1886,12.216,3.382,1.747,2.249,0.00644,0.00404,0.9888,0.0028,0.00169,-0.00273,0.01979,0.0609,1.0105,-0.09482,0.04465,0.00259,1.0,0.00119,-0.00212,0.00182,0.99502,0.0183,0.09798,-0.00162,33.13,34.42,0.0716,0.0706
20:27:55.881,1790256475.8814,1887,12.019,3.437,1.753,2.25,-0.00156,-0.00426,1.02077,0.00063,-0.0004,0.00049,0.02038,0.06579,1.00296,-0.09149,0.03899,0.0018,1.0,0.00021,-0.00126,0.00182,0.99511,0.01779,0.09713,-0.00148,33.13,34.42,0.0644,0.076
20:27:55.902,1790256475.9019,1888,11.788,3.325,1.759,2.251,-0.01233,0.00605,0.96973,-0.00052,-0.00222,0.00175,0.01204,0.07908,0.99578,-0.10685,0.03649,0.00121,1.0,0.00062,-0.00019,0.00184,0.99521,0.01724,0.0962,-0.00132,33.13,34.42,0.0574,0.0792
20:27:55.922,1790256475.9226,1889,11.533,3.341,1.765,2.251,-0.00279,1e-05,0.99581,0.00268,0.00038,-0.00167,-0.00768,0.08435,0.98227,-0.09773,0.03449,0.00152,1.0,7e-05,0.00129,0.00182,0.99529,0.01682,0.09546,-0.00116,33.13,34.42,0.0769,0.0694
20:27:55.943,1790256475.9432,1890,11.451,3.133,1.77,2.252,-0.00029,0.01325,0.98745,-0.00137,-0.00247,0.00295,0.00739,0.09495,1.0007,-0.10155,0.02293,0.00473,1.0,0.00149,0.00102,0.00185,0.99539,0.01644,0.09448,-0.00096,33.13,34.42,0.0707,0.0761
20:27:55.963,1790256475.9636,1891,11.476,2.928,1.776,2.252,0.00172,0.00732,0.99437,0.00281,-0.00062,0.00011,0.0057,0.0738,0.98422,-0.10422,0.03164,-0.00366,0.99999,0.0027,-0.0,0.00186,0.99548,0.01588,0.09367,-0.00086,33.13,34.42,0.0758,0.0703
20:27:55.984,1790256475.9839,1892,11.188,2.873,1.781,2.253,-0.00387,0.00524,0.99041,-0.00046,0.00248,0.00195,0.01556,0.09239,1.00626,-0.11175,0.01175,-0.00172,0.99999,0.00265,0.0015,0.00188,0.99558,0.01536,0.09267,-0.00073,33.13,34.42,0.0728,0.072
20:27:56.004,1790256476.0041,1893,10.948,2.908,1.786,2.253,-0.01856,-0.00643,0.9772,-0.00343,0.00203,-0.00143,0.0037,0.08896,1.00244,-0.11495,0.01277,0.00432,0.99999,0.00186,0.00253,0.00186,0.99568,0.01486,0.09162,-0.00053,33.13,34.43,0.0631,0.0752
20:27:56.024,1790256476.0246,1894,10.743,3.005,1.791,2.253,-0.01164,-0.00812,0.98705,-0.00116,-0.00071,-0.00113,0.00616,0.09585,0.99457,-0.11414,0.01899,-0.00129,0.99999,0.0006,0.00324,0.00186,0.99579,0.01443,0.09056,-0.00038,33.13,34.43,0.0704,0.0794
20:27:56.045,1790256476.0452,1895,10.805,2.886,1.797,2.254,0.00843,0.00618,0.9986,0.00077,0.00197,0.00097,0.0011,0.08759,0.98423,-0.11495,0.01302,0.00201,1.0,0.00112,0.00171,0.00187,0.99588,0.01391,0.08958,-0.00021,33.13,34.43,0.079,0.0711
20:27:56.065,1790256476.0657,1896,10.828,2.863,1.802,2.254,0.01269,-0.00203,0.99253,-0.00209,0.00337,-0.00257,-0.01174,0.06889,1.00078,-0.11758,0.00315,0.0008,1.0,0.00071,0.00026,0.00185,0.996,0.01329,0.08834,-6e-05,33.13,34.43,0.0745,0.0776
20:27:56.086,1790256476.0861,1897,10.6,2.701,1.807,2.254,-0.00914,0.01131,0.97463,0.00285,0.0016,-0.00011,0.01765,0.10211,0.99768,-0.11919,0.00359,0.00335,1.0,0.00167,0.00109,0.00185,0.99611,0.01285,0.08718,0.00013,33.13,34.43,0.0611,0.0777
20:27:56.106,1790256476.1063,1898,10.508,2.481,1.812,2.254,0.00063,0.01728,0.97674,-0.00206,-0.00035,0.00041,0.02459,0.0874,1.00797,-0.12843,0.00559,0.00229,0.99999,0.0029,0.00084,0.00185,0.99621,0.01218,0.08613,0.0003,33.13,34.43,0.0627,0.071
20:27:56.126,1790256476.1265,1899,10.216,2.32,1.817,2.254,-0.00557,0.00823,0.99565,-0.00027,-0.00296,-0.00265,0.02495,0.09174,1.00065,-0.1253,-0.00882,0.00069,0.99999,0.00372,0.00212,0.00183,0.99633,0.01161,0.08486,0.00046,33.13,34.43,0.0768,0.0761
20:27:56.147,1790256476.147,1900,10.143,2.438,1.821,2.255,0.003,-0.0144,0.99592,0.00149,-0.00025,-0.00122,0.02263,0.10525,0.98089,-0.12527,-0.00677,0.00542,0.99999,0.00222,0.00162,0.00182,0.99643,0.01111,0.08374,0.00066,33.13,34.43,0.077,0.0701
20:27:56.167,1790256476.1673,1901,10.011,2.208,1.826,2.255,-0.0032,0.00963,0.99331,-0.0018,-0.00349,0.001,0.01527,0.09859,1.00197,-0.12466,-0.00632,-0.00238,0.99999,0.00372,0.00158,0.00184,0.99653,0.01063,0.08254,0.00079,33.13,34.43,0.075,0.0748
20:27:56.187,1790256476.1877,1902,9.999,2.086,1.831,2.254,0.01181,0.01503,0.98359,0.00137,0.00107,0.00196,0.01033,0.10799,0.99533,-0.13166,-0.01412,0.00643,0.99999,0.00437,0.00036,0.00187,0.99664,0.01021,0.08123,0.00102,33.13,34.43,0.0678,0.0791
20:27:56.208,1790256476.208,1903,9.979,1.925,1.835,2.254,0.00407,0.01194,0.99038,-0.00092,-0.00091,-0.00079,0.03247,0.10369,0.99061,-0.13667,-0.02093,0.00143,0.99998,0.00521,-0.00086,0.00187,0.99676,0.00965,0.07984,0.00119,33.13,34.43,0.0728,0.0774
20:27:56.228,1790256476.2283,1904,9.877,2.055,1.84,2.254,0.00336,-0.00158,0.99977,-0.00043,0.00287,-0.00177,0.02837,0.11332,0.96683,-0.1254,-0.02396,0.00034,0.99999,0.0036,-0.00105,0.00186,0.99685,0.00914,0.07877,0.00133,33.13,34.43,0.0798,0.0604
20:27:56.248,1790256476.2485,1905,9.552,1.981,1.844,2.254,-0.00745,0.00781,0.98933,0.00404,0.00117,0.00245,0.01711,0.1061,1.00419,-0.13415,-0.03294,0.0081,0.99999,0.00374,0.0004,0.00188,0.99696,0.00865,0.07739,0.00156,33.13,34.43,0.072,0.0726
20:27:56.269,1790256476.2689,1906,9.506,1.789,1.849,2.254,0.00702,0.01703,0.99919,-0.00208,0.00247,-0.00134,0.01311,0.11664,0.99412,-0.14369,-0.02736,0.00085,0.99999,0.00498,-0.0006,0.00187,0.99707,0.00822,0.07599,0.00173,33.13,34.43,0.0795,0.0792
20:27:56.289,1790256476.2892,1907,9.42,1.917,1.853,2.254,0.00522,0.00141,1.00237,-0.00052,-0.00011,-0.00174,0.01119,0.12847,0.99618,-0.14041,-0.03909,0.00021,0.99999,0.00354,-0.00127,0.00188,0.99718,0.00788,0.07458,0.0019,33.13,34.43,0.0782,0.0766
20:27:56.309,1790256476.3097,1908,9.154,2.001,1.857,2.253,0.00064,0.00437,0.98592,-0.00174,-0.00108,0.0011,0.02533,0.12094,0.99858,-0.14171,-0.04205,-0.00146,1.0,0.00237,-0.00046,0.00189,0.9973,0.00742,0.07308,0.00204,33.13,34.43,0.0694,0.0754
20:27:56.330,1790256476.3301,1909,8.901,1.826,1.861,2.253,-0.00866,0.01456,0.98057,0.00051,0.00226,0.00225,0.00851,0.1094,1.00938,-0.1447,-0.03296,0.00141,0.99999,0.00333,0.00049,0.00191,0.99739,0.00688,0.07182,0.0022,33.13,34.43,0.0655,0.0685
20:27:56.350,1790256476.3502,1910,8.867,1.764,1.865,2.253,-0.00026,0.00659,0.97327,-0.0019,-0.0012,-0.00099,0.01339,0.11441,0.98852,-0.13937,-0.0465,-0.00182,0.99999,0.00351,-0.00072,0.0019,0.9975,0.00651,0.07032,0.00233,33.13,34.43,0.06,0.0764
20:27:56.370,1790256476.3707,1911,8.655,1.903,1.869,2.253,-0.00189,-0.00687,0.99623,-0.00092,-0.00123,-0.00076,0.02928,0.13816,0.99349,-0.14522,-0.04616,-0.00337,1.0,0.00197,-0.00037,0.0019,0.99761,0.00617,0.06883,0.00246,33.13,34.43,0.0772,0.0774
20:27:56.391,1790256476.3909,1912,8.536,2.001,1.873,2.253,0.00406,-0.00833,0.97474,-0.00106,-0.00142,0.00566,0.02256,0.13976,1.00225,-0.14421,-0.05012,-0.00338,1.0,0.00076,-0.00072,0.00196,0.9977,0.0058,0.06746,0.00257,33.13,34.43,0.0611,0.0709
20:27:56.411,1790256476.4112,1913,8.355,1.777,1.876,2.252,0.00034,0.01704,0.98873,-0.00117,0.00487,0.00131,0.03848,0.1343,1.0097,-0.14406,-0.06015,-0.00102,1.0,0.0022,-0.00057,0.00197,0.9978,0.00531,0.06602,0.00269,33.13,34.43,0.0717,0.0655
20:27:56.431,1790256476.4316,1914,8.034,1.658,1.88,2.252,-0.00599,0.00753,0.97509,0.00109,0.00139,-0.00197,0.02006,0.10678,0.98898,-0.1508,-0.05861,0.00182,0.99999,0.00273,0.00058,0.00195,0.99791,0.00482,0.06437,0.00286,33.13,34.43,0.0614,0.0762
20:27:56.451,1790256476.4518,1915,7.998,1.518,1.883,2.251,0.01109,0.01595,0.99849,0.00068,0.00162,0.00196,0.00659,0.13228,0.9934,-0.14282,-0.05927,9e-05,0.99999,0.00377,-0.00062,0.00198,0.99801,0.00464,0.06286,0.003,33.13,34.43,0.079,0.0784
20:27:56.472,1790256476.4724,1916,7.931,1.368,1.887,2.251,0.00953,0.01745,1.0053,-0.00109,0.00131,-0.00262,0.00788,0.14834,0.98483,-0.14367,-0.07329,-0.00113,0.99998,0.00496,-0.00161,0.00195,0.99811,0.00452,0.06128,0.00314,33.13,34.43,0.0759,0.077
20:27:56.492,1790256476.4927,1917,7.649,1.227,1.89,2.25,-0.00389,0.01882,0.98889,-0.00061,-0.00228,0.00208,0.01147,0.15625,0.9864,-0.14556,-0.07551,-0.0015,0.99998,0.0061,-0.00073,0.00197,0.9982,0.00444,0.0597,0.00327,33.13,34.43,0.0718,0.0791
20:27:56.513,1790256476.513,1918,7.413,1.344,1.893,2.25,-0.00127,0.00236,0.98257,0.00086,-0.00324,0.00206,0.02994,0.15116,0.99148,-0.15511,-0.08194,-0.00203,0.99999,0.0048,-0.0004,0.00199,0.9983,0.00416,0.05798,0.0034,33.13,34.43,0.0669,0.0775
20:27:56.533,1790256476.5336,1919,7.235,1.152,1.896,2.249,0.0017,0.02171,0.98872,0.00138,-0.00033,-0.00119,0.02144,0.15045,0.98613,-0.15114,-0.07958,-0.00673,0.99998,0.00627,-0.0005,0.00199,0.9984,0.00398,0.05631,0.00347,33.13,34.43,0.0717,0.0783
20:27:56.554,1790256476.554,1920,6.948,1.231,1.899,2.249,-0.01893,-0.00681,0.982,0.00097,-0.00063,-0.00114,0.03209,0.15284,0.99727,-0.14879,-0.07019,0.00311,0.99998,0.00532,0.00048,0.00199,0.99848,0.00372,0.0548,0.00363,33.13,34.43,0.0667,0.0729
20:27:56.574,1790256476.5745,1921,6.746,1.02,1.902,2.248,-0.00111,0.02475,0.99596,0.00287,-0.00184,-0.0032,0.0261,0.13644,0.98496,-0.14756,-0.0884,0.00223,0.99997,0.00694,0.00048,0.00196,0.99858,0.0035,0.05303,0.00378,33.13,34.43,0.0772,0.076
20:27:56.594,1790256476.5947,1922,6.667,1.063,1.905,2.247,0.00926,0.00912,1.0242,-0.0003,-0.00024,0.00287,0.04625,0.13299,0.98835,-0.14064,-0.08267,0.00274,0.99998,0.00638,-0.00065,0.00199,0.99867,0.00331,0.05122,0.00392,33.13,34.43,0.0618,0.0787
20:27:56.615,1790256476.615,1923,6.324,0.958,1.907,2.247,-0.01319,0.02015,0.99236,-0.00061,-0.00499,0.00337,0.0337,0.14144,0.99362,-0.14937,-0.08383,-0.00029,0.99997,0.00706,0.00065,0.00202,0.99876,0.0031,0.04952,0.00404,33.13,34.43,0.0745,0.0768
20:27:56.635,1790256476.6352,1924,6.224,1.082,1.909,2.246,0.0019,0.00865,0.98988,0.00071,-0.00358,0.00177,0.03828,0.15851,0.98038,-0.15154,-0.08799,-0.00128,0.99998,0.00581,-0.00014,0.00204,0.99884,0.00291,0.04787,0.00415,33.13,34.43,0.0724,0.0754
20:27:56.655,1790256476.6557,1925,6.22,1.024,1.912,2.245,0.01005,0.01444,1.00237,-0.00054,0.00206,0.00169,0.01598,0.15293,0.98087,-0.14673,-0.08713,-0.00159,0.99998,0.00625,-0.00167,0.00207,0.99891,0.00284,0.04631,0.00425,33.13,34.43,0.0781,0.0746
20:27:56.676,1790256476.676,1926,6.123,1.18,1.914,2.245,0.00828,0.00147,0.99243,0.00195,-0.00376,0.00456,0.01299,0.16602,0.98322,-0.15163,-0.08784,-0.00041,0.99998,0.0049,-0.00233,0.00213,0.99898,0.00284,0.04482,0.00436,33.13,34.43,0.0743,0.0779
20:27:56.696,1790256476.6961,1927,6.001,1.289,1.917,2.244,0.01092,-0.00255,1.01814,-0.00045,0.00181,-0.00098,0.02393,0.14438,0.97419,-0.15294,-0.10245,-0.0021,0.99999,0.0037,-0.00292,0.00213,0.99905,0.00259,0.04317,0.00444,33.13,34.43,0.0663,0.0688
20:27:56.716,1790256476.7163,1928,5.882,1.443,1.919,2.244,0.00767,0.0034,1.00817,-0.0007,-0.00336,0.00037,0.0354,0.15908,0.98876,-0.14749,-0.09198,0.00409,0.99999,0.00233,-0.00356,0.00214,0.99912,0.00256,0.04152,0.00459,33.13,34.43,0.0738,0.0784
20:27:56.736,1790256476.7366,1929,5.518,1.437,1.921,2.243,-0.01112,0.00379,0.99278,0.0029,0.00075,0.00081,0.04029,0.16086,0.99407,-0.14461,-0.09441,0.00169,0.99999,0.00229,-0.00204,0.00215,0.99919,0.00248,0.03987,0.0047,33.13,34.43,0.0746,0.0741
20:27:56.757,1790256476.7568,1930,5.173,1.523,1.923,2.243,-0.00769,-0.00344,0.99134,-0.00027,-0.00065,0.00021,0.02045,0.14412,0.99132,-0.15572,-0.10948,-0.00194,1.0,0.00145,-0.00081,0.00215,0.99926,0.00241,0.03809,0.00478,33.13,34.43,0.0735,0.0785
20:27:56.777,1790256476.777,1931,5.018,1.321,1.924,2.242,0.00237,0.01916,0.99946,0.00202,-0.00386,0.00199,0.03317,0.17583,0.99766,-0.15134,-0.09642,0.00245,0.99999,0.00308,-0.00092,0.00217,0.99931,0.00228,0.03661,0.0049,33.13,34.43,0.0797,0.0698
20:27:56.797,1790256476.7973,1932,4.655,1.326,1.926,2.242,-0.01854,0.00613,0.98737,0.00351,0.00157,-0.00317,0.0295,0.15441,0.98894,-0.1415,-0.10508,0.00061,0.99999,0.00311,0.00053,0.00213,0.99938,0.00238,0.03489,0.00499,33.13,34.43,0.0707,0.079
20:27:56.817,1790256476.8177,1933,4.323,1.35,1.927,2.241,-0.02254,0.00128,0.97623,0.00403,-0.00235,0.00106,0.034,0.15825,0.97932,-0.14585,-0.10757,0.00237,0.99999,0.00288,0.00174,0.00214,0.99943,0.00237,0.03321,0.0051,33.13,34.43,0.0624,0.0745
20:27:56.838,1790256476.8382,1934,4.283,1.305,1.929,2.241,0.0035,0.00877,0.98288,0.0001,-0.0008,0.00225,0.02383,0.15884,0.98626,-0.14132,-0.10269,0.00426,0.99999,0.00345,0.00046,0.00217,0.99948,0.00254,0.03159,0.00522,33.13,34.43,0.0672,0.0794
20:27:56.858,1790256476.8584,1935,4.263,1.228,1.93,2.24,0.00157,0.0082,1.00028,0.00145,-0.00396,-0.00038,0.02847,0.18037,0.98897,-0.14639,-0.11821,0.00037,0.99999,0.00421,-0.00101,0.00218,0.99953,0.00263,0.02994,0.0053,33.13,34.43,0.0798,0.0757
20:27:56.879,1790256476.879,1936,3.885,1.226,1.931,2.24,-0.00908,0.00956,1.00438,0.00229,-0.00038,0.00063,0.04134,0.17964,0.98773,-0.13565,-0.11616,0.00036,0.99999,0.00439,0.00056,0.00218,0.99958,0.00281,0.02821,0.00538,33.13,34.43,0.0767,0.0764
20:27:56.899,1790256476.8994,1937,3.569,1.364,1.932,2.239,-0.01044,-4e-05,1.00647,-0.00227,-0.00221,0.00229,0.03929,0.15224,0.97652,-0.12802,-0.11071,-0.00113,0.99999,0.00331,0.00164,0.0022,0.99963,0.00295,0.02655,0.00543,33.13,34.43,0.0751,0.0718
20:27:56.920,1790256476.9199,1938,3.558,1.357,1.933,2.239,0.00067,0.00759,0.98836,-0.00241,0.00104,0.0025,0.02565,0.18779,0.98097,-0.13786,-0.10928,-0.00366,0.99999,0.00367,0.00024,0.00223,0.99967,0.00325,0.02504,0.00545,33.13,34.43,0.0713,0.0793
20:27:56.940,1790256476.9401,1939,3.414,1.201,1.934,2.238,0.00406,0.02624,0.99187,0.00114,-0.00095,-0.00086,0.03551,0.16312,0.97815,-0.14091,-0.11386,-0.00331,0.99998,0.00512,-0.00011,0.00223,0.9997,0.00335,0.02343,0.00548,33.13,34.43,0.0742,0.0742
20:27:56.960,1790256476.9605,1940,3.095,1.349,1.934,2.238,-0.00433,0.00599,0.99126,-0.00204,0.0029,0.0027,0.02712,0.16608,0.98622,-0.13879,-0.11879,0.00108,0.99999,0.00409,0.00102,0.00225,0.99974,0.00363,0.02179,0.00554,33.13,34.43,0.0735,0.0796
20:27:56.981,1790256476.9811,1941,2.879,1.509,1.935,2.237,-0.00944,-0.01522,0.97473,0.00066,-0.00333,-0.0001,0.02565,0.1735,0.99174,-0.13801,-0.11606,0.0045,0.99999,0.0029,0.00136,0.00225,0.99977,0.00384,0.02027,0.00564,33.13,34.43,0.0612,0.0747
20:27:57.001,1790256477.0015,1942,2.824,1.427,1.935,2.237,0.00789,0.01385,0.98188,-0.00118,7e-05,-0.00479,0.03315,0.15829,0.97362,-0.13703,-0.11774,-0.00275,0.99999,0.00372,0.00029,0.00221,0.9998,0.00395,0.01869,0.00566,33.13,34.43,0.0665,0.0702
20:27:57.021,1790256477.0217,1943,2.696,1.325,1.936,2.236,-4e-05,0.00933,0.96307,0.00363,-0.00198,0.00159,0.02973,0.18163,0.96768,-0.131,-0.11271,-0.00148,0.99999,0.00479,3e-05,0.00223,0.99983,0.00413,0.01731,0.00568,33.13,34.43,0.0523,0.0688
20:27:57.042,1790256477.0421,1944,2.429,1.237,1.936,2.236,-0.01106,0.02076,0.98956,-0.00023,0.00124,0.00098,0.0075,0.18274,0.98726,-0.14003,-0.11643,-2e-05,0.99998,0.00585,0.00107,0.00222,0.99985,0.00445,0.01601,0.00572,33.13,34.43,0.0724,0.077
20:27:57.062,1790256477.0626,1945,2.184,1.44,1.936,2.235,-0.0073,-0.00162,0.99884,0.00234,-0.00073,-0.00307,0.03868,0.18722,0.97386,-0.13032,-0.1213,-0.00138,0.99999,0.00436,0.00164,0.00219,0.99987,0.00474,0.01447,0.00574,33.13,34.43,0.0791,0.0743
20:27:57.083,1790256477.0831,1946,1.987,1.315,1.936,2.235,-0.00493,0.0133,0.99028,-0.00015,-0.00145,0.00231,0.01328,0.18693,0.97087,-0.1296,-0.11315,-0.00269,0.99998,0.00575,0.00214,0.00221,0.99988,0.00506,0.01323,0.00574,33.13,34.43,0.0728,0.0716
20:27:57.103,1790256477.1037,1947,1.989,1.323,1.936,2.234,0.00979,0.01624,0.9897,-0.00245,0.00257,-0.00036,0.02045,0.19079,0.98096,-0.12299,-0.11833,-0.00176,0.99998,0.00622,0.00075,0.00222,0.9999,0.00559,0.01186,0.00575,33.13,34.43,0.0724,0.0797
20:27:57.124,1790256477.1243,1948,1.823,1.55,1.936,2.234,-0.00207,0.00776,0.99395,-0.00149,0.00137,0.00053,0.01127,0.19976,0.98553,-0.12748,-0.11702,-0.00341,0.99999,0.00467,0.00095,0.00222,0.99991,0.00603,0.01063,0.00573,33.13,34.43,0.0755,0.0758
20:27:57.144,1790256477.1445,1949,1.711,1.776,1.936,2.234,0.00395,-0.00961,1.00404,0.00079,-0.00073,-0.0016,0.0316,0.19375,0.98753,-0.11628,-0.12356,0.0041,0.99999,0.00319,0.00049,0.00222,0.99992,0.00652,0.00921,0.00579,33.13,34.43,0.0769,0.0749
20:27:57.165,1790256477.165,1950,1.53,1.658,1.936,2.233,-0.00158,0.01075,0.99075,-0.00261,-0.00248,-0.00132,0.02953,0.18672,0.9705,-0.11602,-0.12494,-0.0013,0.99999,0.00464,0.00067,0.00221,0.99993,0.00696,0.0078,0.00579,33.13,34.43,0.0731,0.0716
20:27:57.185,1790256477.1853,1951,1.183,1.785,1.935,2.233,-0.00826,0.00555,1.00043,-0.00195,0.00117,0.00198,0.05743,0.18563,0.96771,-0.11684,-0.12695,-0.0057,0.99999,0.00385,0.0021,0.00222,0.99994,0.0073,0.00621,0.00574,33.13,34.43,0.0796,0.0703
20:27:57.205,1790256477.2055,1952,1.086,1.66,1.935,2.233,0.00214,0.02256,0.99648,0.0013,0.00019,-0.00064,0.04276,0.18994,0.99903,-0.11257,-0.13098,0.00162,0.99998,0.00529,0.00149,0.00223,0.99994,0.00766,0.00474,0.00576,33.13,34.43,0.0775,0.0666
20:27:57.226,1790256477.2259,1953,1.106,1.674,1.934,2.232,0.01312,0.01551,0.99945,-0.00039,-0.00056,-0.00082,0.03343,0.20021,0.98744,-0.10712,-0.12682,0.00159,0.99998,0.00577,-6e-05,0.00224,0.99994,0.00825,0.00336,0.00578,33.13,34.43,0.0797,0.0739
20:27:57.246,1790256477.2463,1954,0.771,1.749,1.934,2.232,-0.00591,0.01147,0.99639,-0.00013,0.00278,0.0009,0.03081,0.17009,0.98205,-0.10635,-0.11691,-0.00594,0.99998,0.00576,0.00155,0.00224,0.99994,0.00892,0.00205,0.00571,33.13,34.43,0.0774,0.0779
20:27:57.266,1790256477.2667,1955,0.786,1.729,1.933,2.232,0.0055,0.0169,1.00109,0.00331,0.00169,-0.00287,0.03925,0.193,0.98081,-0.10588,-0.10729,-0.00115,0.99998,0.00665,0.0002,0.00222,0.99994,0.00963,0.00082,0.0057,33.12,34.43,0.0791,0.0797
20:27:57.287,1790256477.2872,1956,0.813,1.769,1.932,2.232,0.01724,0.0178,1.01097,0.00191,-0.00106,0.00132,0.03509,0.20198,0.98285,-0.10204,-0.11253,-0.00263,0.99997,0.00702,-0.00124,0.00224,0.99993,0.01034,-0.00039,0.00566,33.12,34.43,0.0715,0.077
20:27:57.307,1790256477.3076,1957,0.633,2.01,1.932,2.231,-0.00024,-0.00322,0.98681,-0.00015,0.00331,-0.00409,0.04368,0.20462,0.97559,-0.10564,-0.11619,0.00249,0.99998,0.00561,-0.00099,0.0022,0.99992,0.01103,-0.00168,0.00567,33.12,34.43,0.0701,0.0783
20:27:57.328,1790256477.3279,1958,0.622,2.162,1.931,2.231,0.00643,0.00806,0.9753,0.00375,0.00258,5e-05,0.02473,0.20856,0.98373,-0.10248,-0.11839,-0.00342,0.99998,0.00497,-0.00202,0.00221,0.99991,0.01173,-0.0028,0.00562,33.12,34.43,0.0615,0.0756
20:27:57.348,1790256477.3484,1959,0.669,2.252,1.93,2.231,0.03126,0.0122,0.99452,-0.00229,0.00049,0.00138,0.04184,0.20226,0.9806,-0.08704,-0.10591,-0.00208,0.99998,0.00508,-0.00357,0.00224,0.9999,0.01262,-0.00394,0.00558,33.12,34.43,0.0763,0.0784
20:27:57.369,1790256477.3688,1960,0.415,2.237,1.93,2.231,-0.00136,0.0164,1.01007,-0.00272,-0.00085,0.00273,0.03135,0.19028,0.9924,-0.09342,-0.1064,-0.00582,0.99998,0.00591,-0.00238,0.00226,0.99988,0.01333,-0.00498,0.0055,33.12,34.43,0.0723,0.0718
20:27:57.389,1790256477.3894,1961,0.122,2.3,1.929,2.231,-0.02835,0.01823,0.99541,0.00164,0.00115,-0.00407,0.02903,0.20227,0.98699,-0.08123,-0.10571,-0.00521,0.99998,0.00623,-0.00082,0.00221,0.99987,0.01422,-0.00597,0.00542,33.12,34.43,0.077,0.0741
20:27:57.410,1790256477.41,1962,-0.061,2.488,1.927,2.232,-0.00711,0.0012,0.96504,0.00176,-0.00253,-0.00248,0.01747,0.19283,0.97066,-0.08743,-0.10942,-0.00363,0.99998,0.00538,-0.00016,0.00218,0.99985,0.01502,-0.00689,0.00535,33.12,34.44,0.0538,0.0723
20:27:57.430,1790256477.4304,1963,-0.09,2.688,1.926,2.232,0.00368,0.00506,0.98241,0.00147,-0.0003,0.00383,0.02171,0.20051,0.99689,-0.09623,-0.11252,0.00112,0.99999,0.00423,-0.00087,0.00222,0.99983,0.01562,-0.00785,0.00533,33.12,34.44,0.0668,0.0672
20:27:57.451,1790256477.4508,1964,-0.231,2.581,1.925,2.232,-0.00109,0.01925,0.99713,-0.00035,6e-05,-4e-05,0.01824,0.19071,1.0023,-0.09029,-0.10525,-0.00011,0.99998,0.00576,-0.00047,0.00222,0.99982,0.01623,-0.00868,0.0053,33.12,34.44,0.078,0.0647
20:27:57.471,1790256477.4712,1965,-0.373,2.826,1.924,2.232,-0.00513,-0.00638,0.98523,0.00292,-0.00237,0.0033,0.01309,0.20283,0.96705,-0.07905,-0.10731,-0.00554,0.99999,0.00447,-4e-05,0.00225,0.9998,0.01708,-0.00949,0.0052,33.12,34.44,0.0689,0.0711
20:27:57.491,1790256477.4914,1966,-0.354,2.818,1.923,2.233,0.00921,0.01707,1.00045,-0.0005,0.001,-0.00188,0.04269,0.20623,0.98333,-0.0721,-0.10686,-0.00104,0.99998,0.00554,-0.00124,0.00226,0.99977,0.01807,-0.01052,0.00516,33.12,34.44,0.0795,0.0758
20:27:57.512,1790256477.512,1967,-0.617,2.879,1.921,2.233,-0.00815,0.01456,0.98804,0.00011,-0.00258,0.00186,0.03384,0.19831,0.98228,-0.07724,-0.10411,-0.00142,0.99998,0.00601,0.00012,0.00227,0.99974,0.01909,-0.01146,0.0051,33.12,34.44,0.0711,0.078
20:27:57.532,1790256477.5327,1968,-0.538,3.026,1.92,2.233,0.00959,0.01162,0.98508,0.00178,-0.00292,-0.00018,0.03153,0.19581,0.98139,-0.05588,-0.08996,-0.00161,0.99998,0.006,-0.00134,0.00228,0.99971,0.02035,-0.01222,0.00505,33.12,34.44,0.0689,0.0791
20:27:57.553,1790256477.553,1969,-0.681,3.297,1.918,2.234,-0.00073,-0.00504,0.97887,0.00075,0.00087,-0.00144,0.04214,0.19916,0.98357,-0.0658,-0.10435,0.00122,0.99999,0.00472,-0.00108,0.00228,0.99967,0.02144,-0.0132,0.00502,33.12,34.44,0.0642,0.0767
20:27:57.573,1790256477.5734,1970,-0.776,3.594,1.917,2.235,0.00212,-0.00524,0.9869,-0.00312,-0.00165,0.00041,0.03772,0.20291,0.9875,-0.05494,-0.09687,0.00154,0.99999,0.00326,-0.0011,0.00229,0.99963,0.02258,-0.01404,0.00499,33.12,34.44,0.0702,0.0734
20:27:57.593,1790256477.5937,1971,-0.734,3.781,1.915,2.236,0.00897,0.00386,0.97253,0.00088,0.00254,3e-05,0.03468,0.1914,0.98346,-0.05609,-0.09169,-0.0008,0.99999,0.00286,-0.00222,0.00229,0.9996,0.0238,-0.01478,0.00493,33.12,34.44,0.0594,0.0781
20:27:57.614,1790256477.6139,1972,-0.956,3.81,1.914,2.237,-0.00972,0.01669,0.98935,-0.00044,-0.0038,-0.00493,0.0482,0.23153,0.98425,-0.04694,-0.09317,0.00081,0.99999,0.00375,-0.00111,0.00224,0.99955,0.02495,-0.01561,0.0049,33.12,34.44,0.0722,0.0708
20:27:57.634,1790256477.6344,1973,-0.998,4.097,1.912,2.238,0.00283,0.0048,0.98463,-0.00134,0.00106,-0.00166,0.04041,0.19492,0.99444,-0.04758,-0.08405,-0.00118,0.99999,0.00237,-0.00144,0.00223,0.99951,0.02609,-0.0163,0.00484,33.12,34.44,0.0685,0.0694
20:27:57.655,1790256477.6548,1974,-1.201,4.135,1.911,2.239,-0.00257,0.00819,1.00021,0.00159,-0.00117,-0.00101,0.0178,0.18794,0.9755,-0.05012,-0.08073,0.00269,0.99999,0.00326,-7e-05,0.00221,0.99948,0.02731,-0.01671,0.00481,33.12,34.44,0.0798,0.0752
20:27:57.675,1790256477.675,1975,-1.168,4.133,1.909,2.24,0.0172,0.02734,1.00085,-0.00211,0.00259,0.00301,0.03743,0.22788,0.98191,-0.04886,-0.09095,0.00342,0.99999,0.00447,-0.00106,0.00225,0.99943,0.0285,-0.01741,0.0048,33.12,34.44,0.079,0.0735
20:27:57.695,1790256477.6953,1976,-1.396,4.24,1.907,2.241,-0.01136,0.01291,0.99406,-0.00174,0.00135,0.00047,0.02816,0.19231,0.98641,-0.03768,-0.08314,0.00041,0.99999,0.00489,0.00043,0.00225,0.99938,0.02986,-0.01792,0.00475,33.12,34.44,0.0757,0.076
20:27:57.715,1790256477.7155,1977,-1.328,4.359,1.905,2.242,0.00777,0.01282,0.97776,-0.00085,-0.00218,-0.00096,0.03733,0.2294,0.97128,-0.03186,-0.08545,-0.00163,0.99998,0.00534,-0.0008,0.00225,0.99933,0.03134,-0.01855,0.00468,33.12,34.44,0.0634,0.079
20:27:57.736,1790256477.7358,1978,-1.319,4.646,1.904,2.243,0.0038,0.00427,0.97939,0.00219,0.00026,-0.00053,0.02463,0.19175,0.96994,-0.03568,-0.07377,0.00301,0.99999,0.00413,-0.00125,0.00225,0.99928,0.03264,-0.01891,0.00465,33.12,34.44,0.0646,0.0718
20:27:57.756,1790256477.756,1979,-1.509,4.642,1.902,2.244,-0.00306,0.01429,0.99378,0.00116,0.00294,-0.00329,0.04279,0.18684,0.95421,-0.02999,-0.07965,0.00227,0.99998,0.00526,-0.00019,0.00221,0.99923,0.03374,-0.01952,0.00463,33.12,34.44,0.0754,0.06
20:27:57.776,1790256477.7763,1980,-1.449,4.728,1.9,2.246,0.01736,0.02091,0.97848,0.00326,-0.00017,0.00058,0.05107,0.20877,0.96937,-0.02382,-0.06994,-0.00333,0.99998,0.00598,-0.0013,0.00222,0.99917,0.03521,-0.0201,0.00455,33.12,34.44,0.0641,0.0747
20:27:57.796,1790256477.7968,1981,-1.606,4.755,1.898,2.247,-0.01082,0.02685,0.98589,-0.00308,-0.00107,0.00184,0.04199,0.20363,0.99554,-0.03015,-0.06672,-0.00176,0.99997,0.00702,-0.00036,0.00224,0.99911,0.03648,-0.02054,0.00448,33.12,34.44,0.0697,0.0672
20:27:57.817,1790256477.8172,1982,-1.72,5.079,1.896,2.249,-0.0013,0.01013,0.98458,-0.0008,-0.0001,0.00153,0.03563,0.20995,0.96857,-0.01015,-0.06027,-0.0018,0.99998,0.00579,0.00031,0.00223,0.99905,0.03809,-0.02084,0.00442,33.12,34.44,0.0685,0.0738
20:27:57.837,1790256477.8376,1983,-1.645,5.14,1.894,2.25,0.00737,0.02199,0.98415,0.00249,-0.00461,0.00233,0.03709,0.2181,0.97883,-0.01097,-0.05333,0.00035,0.99997,0.00693,-0.00057,0.00226,0.99898,0.03975,-0.02108,0.00437,33.12,34.44,0.0683,0.0774
20:27:57.858,1790256477.8579,1984,-1.8,5.47,1.892,2.252,-0.00475,0.0072,0.99801,0.00101,0.00209,-0.00201,0.03586,0.19616,0.97635,-0.00629,-0.05881,0.00655,0.99998,0.00575,0.00051,0.00224,0.9989,0.04145,-0.02134,0.00439,33.12,34.44,0.0785,0.0774
20:27:57.878,1790256477.8782,1985,-1.675,5.642,1.89,2.254,0.01188,0.01334,0.98088,-0.00346,-0.00277,-0.00038,0.04088,0.21324,0.97301,-0.01049,-0.05247,0.00193,0.99998,0.00592,-0.00085,0.00224,0.99883,0.04312,-0.0216,0.00436,33.12,34.44,0.0658,0.0777
20:27:57.898,1790256477.8985,1986,-1.71,5.664,1.888,2.256,0.00061,0.02381,0.99472,0.00096,-0.00159,-0.00175,0.03635,0.19507,0.98035,-0.00703,-0.05366,0.00276,0.99997,0.00747,-0.00072,0.00222,0.99875,0.04486,-0.02179,0.00433,33.12,34.44,0.0763,0.0798
20:27:57.919,1790256477.9188,1987,-1.894,5.912,1.886,2.258,-0.01641,0.00807,0.99723,0.00121,0.00266,0.00185,0.0384,0.20599,0.98374,-0.01192,-0.04112,0.00042,0.99997,0.00691,0.00078,0.00223,0.99867,0.04647,-0.02188,0.00429,33.12,34.44,0.078,0.0756
20:27:57.939,1790256477.939,1988,-1.936,6.273,1.884,2.26,-0.00419,-0.00021,0.98723,-9e-05,-0.001,0.00067,0.03558,0.22462,0.97546,-0.00275,-0.04416,0.00167,0.99998,0.00552,0.00105,0.00223,0.99859,0.04822,-0.02198,0.00426,33.12,34.44,0.0704,0.0788
20:27:57.959,1790256477.9596,1989,-2.116,6.42,1.882,2.262,-0.01204,0.01248,0.98119,0.00387,0.00156,0.00075,0.04558,0.21766,0.99827,0.00425,-0.04508,0.00057,0.99998,0.00577,0.0024,0.00223,0.99851,0.04977,-0.02219,0.00422,33.12,34.44,0.066,0.0629
20:27:57.980,1790256477.98,1990,-1.958,6.722,1.88,2.265,0.01276,0.00014,0.99375,-0.00088,-0.00242,-0.0002,0.03583,0.21014,0.97599,-0.00249,-0.03107,0.00119,0.99998,0.00493,0.00108,0.00224,0.99842,0.05155,-0.02213,0.00419,33.12,34.44,0.0754,0.0793
20:27:58.000,1790256478.0005,1991,-1.977,7.113,1.878,2.267,-0.00273,0.00277,0.99256,0.00011,0.00189,-0.00072,0.03136,0.20657,0.9829,0.01326,-0.04691,0.00226,0.99999,0.00341,0.00121,0.00224,0.99832,0.05344,-0.02216,0.00416,33.12,34.44,0.0744,0.0764
20:27:58.021,1790256478.021,1992,-1.958,7.502,1.876,2.27,-0.0019,0.00049,1.00112,-0.00064,-0.00073,0.0002,0.03296,0.20328,0.97235,0.00465,-0.03797,0.00356,1.0,0.0018,0.00108,0.00223,0.99822,0.05521,-0.02212,0.00415,33.12,34.44,0.0792,0.0754
20:27:58.041,1790256478.0415,1993,-1.871,7.536,1.874,2.273,0.00829,0.02556,1.00446,-0.00141,-0.0014,-0.00029,0.03624,0.21084,0.99902,0.0189,-0.02975,-0.00073,0.99999,0.0032,0.00039,0.00224,0.99813,0.0569,-0.02205,0.00411,33.12,34.44,0.0764,0.0638
20:27:58.062,1790256478.0618,1994,-1.693,7.81,1.872,2.276,0.02215,-0.00108,0.98204,-0.00459,-0.00292,0.0,0.02928,0.2059,0.9719,0.02239,-0.02462,0.00423,0.99999,0.00274,-0.00093,0.00224,0.99802,0.05883,-0.02181,0.00411,33.12,34.44,0.0667,0.0754
20:27:58.082,1790256478.082,1995,-1.659,7.856,1.87,2.279,0.0014,0.03042,1.0,0.00019,0.00331,0.0012,0.02706,0.1848,0.98121,0.02703,-0.02679,-0.00117,0.99999,0.00435,-0.00087,0.00225,0.99791,0.06084,-0.02145,0.00404,33.12,34.44,0.0797,0.0791
20:27:58.102,1790256478.1022,1996,-1.692,7.913,1.868,2.282,-0.00123,0.01943,0.99715,0.00175,-0.00398,-0.001,0.04501,0.20431,0.97834,0.02306,-0.01204,0.00512,0.99998,0.00589,-0.00049,0.00224,0.99778,0.06287,-0.02136,0.00408,33.12,34.44,0.078,0.0797
20:27:58.122,1790256478.1225,1997,-1.781,8.303,1.866,2.285,-0.01622,-0.01517,1.00042,-0.00082,0.00127,5e-05,0.04609,0.20088,0.96773,0.03801,-0.00841,0.00455,0.99999,0.00452,0.00038,0.00224,0.99766,0.06491,-0.02126,0.00411,33.12,34.44,0.0795,0.0721
20:27:58.143,1790256478.1431,1998,-1.636,8.674,1.864,2.289,0.00333,0.0033,0.98222,0.0005,5e-05,0.00067,0.02863,0.20959,0.98489,0.0403,-0.00638,-0.00688,0.99999,0.00341,-0.00043,0.00224,0.99753,0.06702,-0.02079,0.00402,33.12,34.44,0.0667,0.0745
20:27:58.163,1790256478.1635,1999,-1.481,8.788,1.862,2.292,0.00767,0.0153,0.99988,0.00085,0.00303,-0.00079,0.0401,0.19599,0.98029,0.04563,0.00508,-0.00532,0.99999,0.0047,-0.00142,0.00224,0.99738,0.0693,-0.02043,0.00396,33.12,34.44,0.08,0.0796
20:27:58.184,1790256478.1838,2000,-1.616,9.048,1.86,2.296,-0.01958,0.00415,0.99133,0.00068,0.00316,-0.0022,0.03709,0.19439,1.00147,0.04341,-0.00564,0.00329,0.99999,0.00437,7e-05,0.00221,0.99725,0.07123,-0.02012,0.00398,33.12,34.44,0.0736,0.0644
20:27:58.204,1790256478.2041,2001,-1.446,9.175,1.858,2.3,0.00626,0.01552,0.99712,-0.00016,0.00104,0.00202,0.03683,0.20117,0.97249,0.05451,0.00664,-0.00181,0.99998,0.00552,-0.00101,0.00224,0.99709,0.07349,-0.01971,0.00396,33.12,34.44,0.0779,0.0753
20:27:58.224,1790256478.2245,2002,-1.57,9.467,1.857,2.304,-0.02093,0.00475,0.97616,-0.00019,0.0024,0.00035,0.04189,0.20184,0.98795,0.05342,-0.0037,-0.00129,0.99998,0.00519,0.00024,0.00224,0.99693,0.0757,-0.01953,0.00394,33.12,34.44,0.0623,0.0731
20:27:58.245,1790256478.2451,2003,-1.367,9.76,1.855,2.308,0.01138,0.00676,0.9727,0.00512,0.0008,0.00118,0.03346,0.19653,0.97189,0.05504,0.01527,-0.00292,0.99998,0.00491,-0.00093,0.00226,0.99677,0.07797,-0.01894,0.00391,33.12,34.44,0.0596,0.0741
20:27:58.265,1790256478.2654,2004,-1.469,10.034,1.853,2.312,-0.0055,0.00892,0.98645,-0.00098,0.00431,-0.00115,0.03034,0.1994,0.96784,0.06042,0.00861,0.00098,0.99999,0.00475,0.00052,0.00224,0.9966,0.08019,-0.01837,0.00391,33.12,34.44,0.0699,0.0715
20:27:58.285,1790256478.2858,2005,-1.24,10.293,1.851,2.316,0.01354,0.01128,0.9983,-0.00269,-0.00477,-0.0003,0.03749,0.21254,0.98313,0.0701,0.01084,0.00122,0.99998,0.00492,-0.00113,0.00225,0.99641,0.08261,-0.01801,0.00394,33.12,34.44,0.0788,0.0751
20:27:58.306,1790256478.3063,2006,-1.123,10.472,1.85,2.32,0.00506,0.01411,0.97052,-0.0001,0.00145,0.00132,0.04187,0.22281,0.97397,0.07401,0.02808,-0.00141,0.99998,0.00593,-0.00176,0.00225,0.9962,0.08518,-0.01761,0.00397,33.12,34.44,0.058,0.08
20:27:58.327,1790256478.3269,2007,-0.97,10.625,1.848,2.325,0.01839,0.0323,0.98997,-0.00188,-0.00154,-0.0015,0.03431,0.22425,0.96663,0.0785,0.01447,-0.00364,0.99997,0.00714,-0.00266,0.00224,0.99599,0.0877,-0.01717,0.00395,33.12,34.44,0.073,0.0747
20:27:58.347,1790256478.3472,2008,-1.126,10.893,1.847,2.329,-0.01118,0.01237,1.00438,0.00097,0.00015,0.00304,0.03666,0.18048,0.9659,0.06471,0.02824,0.00306,0.99997,0.00696,-0.00112,0.00226,0.9958,0.08985,-0.01697,0.00405,33.12,34.44,0.0766,0.0675
20:27:58.367,1790256478.3676,2009,-1.098,11.351,1.845,2.334,-0.00215,-0.01032,0.99336,0.00049,-0.00085,5e-05,0.03577,0.20537,0.98254,0.07484,0.03392,0.00256,0.99998,0.00545,-0.00085,0.00226,0.99558,0.09234,-0.01644,0.00412,33.12,34.44,0.0751,0.0767
20:27:58.388,1790256478.3882,2010,-1.216,11.486,1.843,2.339,-0.00565,0.02041,0.99821,-0.00079,-0.00179,0.00064,0.04034,0.19771,0.98443,0.08399,0.03836,0.00366,0.99997,0.00673,0.00013,0.00226,0.99535,0.09478,-0.01648,0.00427,33.12,34.44,0.0788,0.0763
20:27:58.408,1790256478.4084,2011,-1.13,11.769,1.842,2.344,0.00502,0.01111,0.9892,-0.00169,-7e-05,-0.00285,0.03509,0.18719,0.96681,0.08703,0.02936,0.00349,0.99998,0.00615,-0.00122,0.00224,0.99516,0.09667,-0.01704,0.00447,33.12,34.44,0.072,0.069
20:27:58.428,1790256478.4287,2012,-0.815,11.757,1.84,2.349,0.00287,0.01338,0.9843,-0.00055,0.0019,0.00129,0.02219,0.19361,0.98238,0.08529,0.04486,-0.00205,0.99997,0.00746,-0.00166,0.00226,0.99508,0.09786,-0.01474,0.00437,33.12,34.44,0.0683,0.0789
20:27:58.449,1790256478.4491,2013,-0.782,12.181,1.839,2.355,-0.00272,0.00048,0.98152,0.00066,-0.00243,-0.00111,0.02929,0.19646,0.96441,0.08791,0.0427,-0.00047,0.99998,0.00622,-0.00116,0.00225,0.99485,0.10031,-0.01393,0.00441,33.12,34.44,0.0661,0.0685
20:27:58.469,1790256478.4694,2014,-0.858,12.062,1.838,2.36,0.00053,0.02666,0.97517,0.0048,-0.00323,-0.00162,0.04583,0.18683,0.98075,0.09907,0.05069,0.00169,0.99997,0.00752,-0.00105,0.00223,0.99481,0.10056,-0.01446,0.00466,33.12,34.44,0.0616,0.0796
20:27:58.489,1790256478.4897,2015,-0.745,12.171,1.836,2.365,0.00084,0.0187,0.99586,-0.00345,-0.00107,0.00187,0.02592,0.20482,0.97165,0.08713,0.05024,0.00242,0.99996,0.00896,-0.00055,0.00224,0.99459,0.10294,-0.01296,0.00468,33.12,34.44,0.077,0.075
20:27:58.510,1790256478.5102,2016,-0.327,12.357,1.835,2.37,0.00959,0.01245,0.99507,-0.00161,-0.00062,0.0008,0.0056,0.20108,0.98501,0.08789,0.05472,0.00223,0.99996,0.0081,-0.00189,0.00227,0.99454,0.10369,-0.01064,0.00465,33.12,34.44,0.0764,0.076
20:27:58.531,1790256478.5308,2017,-0.202,12.237,1.834,2.376,0.01254,0.02357,0.99244,-0.00046,0.00414,0.00144,0.03376,0.19317,0.98782,0.09155,0.06572,0.00439,0.99995,0.0091,-0.00302,0.00229,0.99455,0.10364,-0.01065,0.00491,33.12,34.44,0.0746,0.0747
20:27:58.551,1790256478.5512,2018,-0.184,12.325,1.833,2.381,-0.00713,0.00501,0.991,-0.00183,0.00043,-0.00263,0.01982,0.19365,0.975,0.09615,0.06912,0.00158,0.99996,0.00803,-0.00196,0.00226,0.99459,0.10334,-0.00941,0.00502,33.12,34.44,0.0733,0.0757
20:27:58.571,1790256478.5718,2019,-0.317,12.508,1.832,2.386,0.00046,0.01142,0.99645,0.00168,0.00179,0.00199,0.04115,0.18473,0.97224,0.10891,0.06851,-0.00049,0.99997,0.00677,-0.00098,0.00228,0.99455,0.10368,-0.00956,0.00525,33.12,34.44,0.0774,0.0729
20:27:58.592,1790256478.5922,2020,-0.01,12.491,1.831,2.392,0.00567,0.01309,0.99204,-0.0006,0.00021,-0.00049,0.01691,0.17423,0.98093,0.10219,0.07808,-0.00302,0.99997,0.00664,-0.00249,0.00229,0.99459,0.10338,-0.00837,0.00533,33.12,34.44,0.0741,0.0773
20:27:58.612,1790256478.6124,2021,0.005,12.348,1.83,2.397,-0.00073,0.03145,0.98767,-0.00352,-0.0016,-0.00286,0.03133,0.17611,0.99839,0.11523,0.08198,0.00626,0.99996,0.00797,-0.00208,0.00225,0.99459,0.10347,-0.00781,0.00558,33.12,34.44,0.0711,0.0693
20:27:58.632,1790256478.6325,2022,0.043,12.466,1.829,2.403,-0.0028,-0.00161,0.97458,-0.00229,-0.00239,0.00161,0.01885,0.19401,0.98684,0.11352,0.07663,-0.00182,0.99997,0.00681,-0.00165,0.00227,0.99461,0.10334,-0.00702,0.00571,33.12,34.44,0.0609,0.0756
20:27:58.653,1790256478.653,2023,-0.082,12.416,1.828,2.408,-0.00022,0.01535,0.98546,0.00341,-0.00205,-0.00082,0.03629,0.17667,0.96649,0.11065,0.07616,0.00577,0.99997,0.00752,-0.00044,0.00225,0.99458,0.10362,-0.00687,0.00597,33.12,34.45,0.0692,0.0674
20:27:58.673,1790256478.6732,2024,-0.161,12.358,1.827,2.413,-0.01109,0.01902,0.97953,-0.00057,0.00116,0.00082,0.02341,0.17904,0.99067,0.11499,0.07245,0.00135,0.99997,0.00796,0.0008,0.00224,0.99458,0.10356,-0.0063,0.00615,33.12,34.45,0.0648,0.0748
20:27:58.693,1790256478.6936,2025,-0.275,12.432,1.826,2.419,-0.00939,0.01236,1.00031,-0.00023,0.00028,0.00175,0.02822,0.17569,0.98823,0.11635,0.08745,-0.004,0.99997,0.00728,0.00228,0.00223,0.99459,0.10354,-0.00579,0.00631,33.12,34.45,0.0797,0.0769
20:27:58.714,1790256478.7142,2026,-0.139,12.614,1.825,2.424,-0.00134,0.00824,0.9882,0.00245,-0.00329,-0.00251,0.03494,0.15048,0.9646,0.12166,0.07455,-0.00161,0.99998,0.006,0.00157,0.00221,0.99456,0.10383,-0.00528,0.00646,33.12,34.45,0.0712,0.0627
20:27:58.735,1790256478.7348,2027,0.038,12.749,1.824,2.429,0.02015,-0.00966,0.99546,-0.00224,0.00215,-0.00321,0.03167,0.16958,0.98322,0.12334,0.0921,0.00457,0.99999,0.0049,0.00043,0.00218,0.99455,0.1039,-0.00483,0.00672,33.12,34.45,0.0768,0.0787
20:27:58.755,1790256478.7554,2028,0.218,12.89,1.823,2.435,0.00818,-0.00038,0.98858,-0.00072,-0.0022,-0.00069,0.02685,0.17005,0.99552,0.1226,0.08642,-0.00285,0.99999,0.0038,-0.00058,0.00218,0.99454,0.104,-0.00423,0.00688,33.12,34.45,0.0715,0.0723
20:27:58.775,1790256478.7756,2029,0.382,12.75,1.822,2.441,0.01591,0.02811,1.00273,-0.00266,0.00118,0.00026,0.02605,0.17232,0.9828,0.12128,0.09477,0.00172,0.99998,0.00505,-0.00148,0.00219,0.99454,0.10401,-0.00369,0.0071,33.12,34.45,0.0776,0.0786
20:27:58.796,1790256478.796,2030,0.584,12.743,1.821,2.446,0.01273,0.01248,0.98348,0.00378,0.00022,-0.00112,0.0259,0.18176,0.99772,0.1275,0.08799,-0.0042,0.99998,0.00544,-0.00282,0.00219,0.99451,0.10431,-0.00325,0.00726,33.12,34.45,0.0677,0.0691
20:27:58.816,1790256478.8163,2031,0.867,12.669,1.821,2.451,0.01701,0.01698,0.99631,0.00328,0.00137,0.00423,0.00878,0.18156,0.99874,0.12649,0.08796,-0.00624,0.99997,0.00622,-0.00419,0.00224,0.9945,0.10443,-0.00214,0.00733,33.12,34.45,0.0775,0.0686
20:27:58.836,1790256478.8367,2032,0.84,12.869,1.82,2.457,0.00525,0.00266,0.99335,0.00153,0.00258,-0.00109,0.04579,0.15882,0.98585,0.13237,0.10425,0.0033,0.99998,0.00478,-0.0037,0.00223,0.99447,0.10473,-0.00183,0.00761,33.12,34.45,0.075,0.0797
20:27:58.857,1790256478.8571,2033,1.003,13.063,1.82,2.463,0.0131,0.00191,0.99712,-0.00251,0.00072,0.00247,0.03048,0.17352,0.99467,0.13488,0.10661,0.00162,0.99998,0.00348,-0.00466,0.00227,0.99443,0.1051,-0.00131,0.00785,33.12,34.45,0.0779,0.0724
20:27:58.877,1790256478.8777,2034,1.056,13.222,1.819,2.468,6e-05,-0.02042,0.98166,0.00012,-0.00051,-0.00228,0.01342,0.17516,0.98936,0.13371,0.1033,-0.00069,0.99999,0.00218,-0.00423,0.00225,0.99442,0.10518,-0.00038,0.00802,33.12,34.45,0.0664,0.0764
20:27:58.898,1790256478.8982,2035,1.291,13.211,1.819,2.474,0.02691,0.01156,0.9735,-0.00179,-0.00206,0.00131,0.01639,0.15134,0.97778,0.14783,0.09912,0.00551,0.99998,0.00262,-0.00541,0.00226,0.99439,0.10548,0.00053,0.00825,33.12,34.45,0.0605,0.0722
20:27:58.918,1790256478.9186,2036,1.338,13.061,1.819,2.48,0.00818,0.02342,1.00248,-0.00225,0.00283,-0.00143,0.02019,0.16119,0.9938,0.1406,0.09454,0.00163,0.99998,0.00416,-0.00515,0.00224,0.99436,0.10572,0.00121,0.00845,33.12,34.45,0.0779,0.0748
20:27:58.939,1790256478.9391,2037,1.322,13.259,1.819,2.485,0.00914,0.00623,0.99895,-0.00152,-0.00296,-0.00236,0.03063,0.14538,0.97846,0.13596,0.10388,0.00157,0.99998,0.00273,-0.00439,0.00222,0.99433,0.106,0.00188,0.00866,33.11,34.45,0.0793,0.0723
20:27:58.959,1790256478.9596,2038,1.27,13.249,1.818,2.491,-0.00407,0.0075,0.99036,-0.00056,-0.00129,0.00014,0.01312,0.1506,0.98086,0.13834,0.11294,-0.00392,0.99999,0.00297,-0.00292,0.00222,0.9943,0.10617,0.00293,0.0088,33.11,34.45,0.0728,0.0743
20:27:58.980,1790256478.9801,2039,1.412,13.427,1.818,2.497,0.01041,-0.00179,0.98171,0.00203,0.00369,0.0003,0.02442,0.15988,0.99573,0.14645,0.10307,0.00235,0.99999,0.00183,-0.0036,0.00223,0.99426,0.10656,0.00355,0.00903,33.11,34.45,0.0663,0.0734
20:27:59.000,1790256479.0003,2040,1.346,13.409,1.818,2.503,0.00546,0.0044,0.98589,-0.00365,-0.0024,-0.00107,0.03836,0.13837,1.00015,0.14573,0.11178,-0.00197,0.99999,0.00241,-0.00237,0.00221,0.99421,0.10698,0.00422,0.00922,33.11,34.45,0.0694,0.0722
20:27:59.020,1790256479.0207,2041,1.473,13.34,1.818,2.508,0.01149,0.01756,0.98166,-0.00209,-0.00127,0.00041,0.03645,0.16261,0.97425,0.13975,0.11586,0.00236,0.99999,0.00358,-0.00302,0.00222,0.99415,0.10752,0.0047,0.00948,33.11,34.45,0.0664,0.0713
20:27:59.041,1790256479.041,2042,1.559,13.196,1.818,2.514,0.00635,0.02936,0.99914,-0.00047,-0.00019,-0.0011,0.02435,0.15765,0.99423,0.14465,0.1168,-0.00468,0.99998,0.00521,-0.00304,0.00221,0.9941,0.10788,0.00543,0.00965,33.11,34.45,0.0797,0.0748
20:27:59.061,1790256479.0616,2043,1.495,13.235,1.817,2.52,-0.00686,0.011,0.97775,0.00077,0.0013,0.00131,0.02455,0.16355,0.99893,0.14087,0.12384,0.00216,0.99998,0.00529,-0.00174,0.00221,0.99405,0.1083,0.00621,0.0099,33.11,34.45,0.0634,0.0706
20:27:59.081,1790256479.0818,2044,1.495,13.151,1.817,2.525,0.00274,0.01115,0.98293,8e-05,-0.00218,0.00118,0.01434,0.15524,0.99559,0.14316,0.11867,0.00305,0.99998,0.00629,-0.00084,0.00221,0.99401,0.10857,0.00712,0.01013,33.11,34.45,0.0672,0.0742
20:27:59.102,1790256479.1021,2045,1.731,13.236,1.817,2.531,0.01632,0.01094,0.99415,-0.00101,0.00413,0.00012,0.02213,0.16502,0.9714,0.14386,0.11235,-0.00393,0.99998,0.00612,-0.00234,0.00223,0.99395,0.1091,0.00772,0.0103,33.11,34.45,0.0758,0.0692
20:27:59.122,1790256479.1225,2046,1.613,13.243,1.817,2.537,-0.01791,0.01582,1.00319,0.0013,0.00065,-0.00445,0.03487,0.13741,0.99256,0.14538,0.1081,-0.00063,0.99998,0.00637,-0.00077,0.00217,0.9939,0.10943,0.00828,0.01051,33.11,34.45,0.0774,0.078
20:27:59.142,1790256479.1427,2047,1.595,13.374,1.817,2.542,-0.01957,-0.00851,0.98373,0.00052,0.00198,0.00303,0.01996,0.12504,0.99165,0.14586,0.11678,-0.00032,0.99998,0.00541,0.00021,0.0022,0.99387,0.10961,0.00917,0.01069,33.11,34.45,0.068,0.0798
20:27:59.163,1790256479.1634,2048,1.542,13.595,1.817,2.548,-0.00661,0.00126,0.99458,0.00274,0.00112,-0.00031,0.03651,0.16017,0.98053,0.1529,0.12065,0.00023,0.99999,0.00412,0.00108,0.00219,0.9938,0.11025,0.00964,0.01094,33.11,34.45,0.076,0.0756
20:27:59.183,1790256479.1837,2049,1.521,13.523,1.817,2.554,-0.02022,0.02311,0.98216,-0.00136,0.00372,0.00047,0.01893,0.12356,0.99678,0.14471,0.11667,-0.0017,0.99998,0.00497,0.00216,0.0022,0.99376,0.11049,0.01055,0.01111,33.11,34.45,0.067,0.0766
20:27:59.204,1790256479.2041,2050,1.727,13.41,1.817,2.56,0.00983,0.0299,0.99093,-0.00206,0.00074,0.00473,0.01058,0.13948,0.98987,0.14568,0.12089,-0.00188,0.99998,0.00618,0.0013,0.00225,0.99373,0.11067,0.01149,0.01128,33.11,34.45,0.0736,0.0798
20:27:59.224,1790256479.2245,2051,1.948,13.536,1.817,2.565,0.00582,0.00583,0.98714,0.0006,0.00012,-0.00044,0.01594,0.12923,0.99062,0.14353,0.11512,0.00142,0.99998,0.00531,0.00016,0.00226,0.99369,0.11085,0.01233,0.01148,33.11,34.45,0.0704,0.0794
20:27:59.244,1790256479.2448,2052,2.08,13.732,1.817,2.571,0.00347,0.00256,0.98545,-0.00107,0.00118,-0.00141,0.03714,0.1299,0.99255,0.15181,0.11989,0.00165,0.99999,0.00405,-0.00045,0.00226,0.99364,0.11127,0.01295,0.01171,33.11,34.45,0.0691,0.0787
20:27:59.265,1790256479.265,2053,2.291,13.745,1.817,2.577,0.01852,0.01342,0.9746,0.00042,0.00148,0.0017,0.02966,0.12215,1.00105,0.1519,0.11029,-0.00124,0.99999,0.00442,-0.00161,0.00229,0.99358,0.1117,0.01365,0.01189,33.11,34.45,0.0612,0.0733
20:27:59.285,1790256479.2855,2054,2.37,13.947,1.817,2.583,0.00215,-0.0028,0.97897,0.00116,-0.00217,-0.00021,0.01863,0.13987,0.99681,0.15492,0.12468,0.00072,0.99999,0.00312,-0.00153,0.00229,0.99351,0.11215,0.0145,0.0121,33.11,34.45,0.0642,0.0749
20:27:59.305,1790256479.3057,2055,2.285,14.004,1.818,2.589,-0.01236,0.00453,1.00317,-0.00137,0.00166,0.00108,0.02604,0.10673,0.98752,0.14741,0.12223,0.00013,0.99999,0.00293,5e-05,0.0023,0.99346,0.11247,0.01537,0.01229,33.11,34.45,0.0776,0.0752
20:27:59.326,1790256479.3263,2056,2.468,13.894,1.818,2.595,0.00209,0.00882,1.00105,0.00229,0.00099,0.00259,0.02347,0.12673,0.98789,0.14712,0.1084,0.00324,0.99999,0.00427,-0.00091,0.00233,0.99341,0.1128,0.01601,0.01251,33.11,34.45,0.0792,0.0772
20:27:59.346,1790256479.3468,2057,2.517,14.121,1.818,2.601,-0.00345,-0.02392,0.99046,-0.00088,-0.00233,-0.00032,0.01666,0.13267,1.0032,0.15199,0.10419,-0.00345,0.99999,0.00278,-0.0007,0.00233,0.99334,0.11327,0.01672,0.01264,33.11,34.45,0.0731,0.0709
20:27:59.367,1790256479.3673,2058,2.471,14.137,1.819,2.607,-0.01096,0.00846,0.98772,-0.00124,0.00285,-0.00136,0.00117,0.13035,1.0124,0.14749,0.11838,0.00069,0.99999,0.0031,0.00074,0.00231,0.99327,0.11375,0.0178,0.01281,33.11,34.45,0.0709,0.0644
20:27:59.387,1790256479.3876,2059,2.457,14.069,1.819,2.613,-0.01144,0.01597,0.99409,-0.00183,0.00192,0.00017,0.00677,0.12038,1.00783,0.15398,0.11853,-0.00039,0.99999,0.00416,0.00186,0.00231,0.99319,0.11422,0.01879,0.01297,33.11,34.45,0.0757,0.0687
20:27:59.408,1790256479.4081,2060,2.45,14.011,1.819,2.619,-0.00831,0.01262,0.99105,0.00067,-0.00055,0.00081,0.0039,0.12059,1.0115,0.15456,0.1195,-0.00149,0.99998,0.00519,0.00295,0.00231,0.99311,0.11474,0.01983,0.01311,33.11,34.45,0.0734,0.066
20:27:59.428,1790256479.4286,2061,2.633,14.21,1.82,2.625,0.00172,0.0006,0.99727,-0.00148,0.00127,0.00212,0.03396,0.10815,0.99967,0.14886,0.11678,0.0013,0.99999,0.00391,0.00198,0.00233,0.99305,0.11515,0.02053,0.01332,33.11,34.45,0.078,0.0754
20:27:59.449,1790256479.4492,2062,2.895,14.203,1.82,2.631,0.00587,0.01031,0.98303,0.00408,-0.00053,0.00393,0.00895,0.10395,1.00312,0.14248,0.11838,0.00074,0.99999,0.00431,0.00063,0.00238,0.99299,0.11542,0.02149,0.01349,33.11,34.45,0.0673,0.0736
20:27:59.469,1790256479.4696,2063,3.078,14.403,1.821,2.637,0.00235,0.00307,1.00283,0.00059,2e-05,0.001,0.01609,0.1034,1.00351,0.14723,0.1119,-0.00079,0.99999,0.00298,-0.00023,0.00238,0.99293,0.11578,0.0223,0.01365,33.11,34.45,0.0779,0.0733
20:27:59.489,1790256479.4897,2064,3.106,14.629,1.822,2.644,-0.00518,-0.00762,0.99278,-0.00078,-0.00214,0.00012,0.01595,0.1067,0.9685,0.14505,0.11431,0.00483,1.0,0.00158,0.00032,0.00238,0.99284,0.11634,0.02319,0.01385,33.11,34.45,0.0746,0.0609
20:27:59.510,1790256479.5101,2065,3.268,14.507,1.822,2.65,0.00891,0.02786,0.99854,-0.00495,-0.00072,-0.00028,0.00533,0.09788,1.0089,0.14333,0.10087,0.00271,0.99999,0.00304,-0.00027,0.00238,0.99278,0.11669,0.024,0.01401,33.11,34.45,0.0792,0.0698
20:27:59.530,1790256479.5303,2066,3.293,14.393,1.823,2.656,-0.00537,0.02043,0.98557,9e-05,-0.00235,0.002,0.02264,0.10663,0.99667,0.14402,0.11735,0.00057,0.99999,0.00433,0.00024,0.0024,0.99273,0.11698,0.02472,0.0142,33.11,34.45,0.0693,0.078
20:27:59.550,1790256479.5505,2067,3.509,14.529,1.824,2.662,0.0095,0.00137,0.98889,-0.00225,-0.00059,0.00127,0.00918,0.09671,0.99684,0.14897,0.10785,-8e-05,0.99999,0.00346,-0.00095,0.00242,0.99267,0.11723,0.02548,0.01434,33.11,34.45,0.0717,0.0788
20:27:59.570,1790256479.5707,2068,3.561,14.743,1.825,2.668,-0.00083,-0.01226,0.98151,-0.00271,0.00058,0.00242,0.02159,0.09587,1.02014,0.13818,0.09798,-0.00533,0.99999,0.00212,-0.00076,0.00245,0.9926,0.11773,0.0262,0.01443,33.11,34.45,0.0662,0.0614
20:27:59.591,1790256479.5909,2069,3.485,14.831,1.826,2.675,-0.02073,-0.00444,0.97968,-0.00159,-0.0017,-0.00044,0.02284,0.10724,0.98472,0.13383,0.10359,0.00029,1.0,0.00162,0.00044,0.00245,0.99254,0.11802,0.02679,0.01459,33.11,34.45,0.0649,0.0731
20:27:59.611,1790256479.6112,2070,3.712,14.939,1.827,2.681,0.01261,-0.00142,1.00638,-0.00016,0.00204,-0.00066,0.02637,0.09625,0.97857,0.13345,0.09728,-0.00011,1.0,0.00113,-0.001,0.00245,0.99248,0.11839,0.02737,0.01474,33.11,34.45,0.0752,0.0677
20:27:59.631,1790256479.6316,2071,3.92,15.04,1.828,2.687,0.009,-0.0004,0.99122,0.00375,0.00115,-0.00362,0.03333,0.09529,0.98634,0.13547,0.09616,0.00361,0.99999,0.00064,-0.0024,0.00241,0.99243,0.11871,0.02785,0.01494,33.11,34.45,0.0734,0.0736
20:27:59.652,1790256479.6521,2072,3.847,15.009,1.829,2.694,-0.01181,0.00883,1.01452,0.00033,0.00037,0.00125,0.00921,0.10009,1.00954,0.13622,0.09558,0.00333,1.0,0.00122,-0.0011,0.00241,0.99236,0.11904,0.02853,0.0151,33.11,34.45,0.069,0.0691
20:27:59.672,1790256479.6727,2073,3.876,14.901,1.83,2.7,-0.00391,0.01273,0.975,0.00256,-0.00217,-0.00066,-0.00704,0.08172,0.98425,0.12892,0.09806,0.0038,0.99999,0.00234,-0.00049,0.00241,0.99232,0.11921,0.02938,0.01526,33.11,34.45,0.0613,0.0707
20:27:59.693,1790256479.6933,2074,3.936,15.081,1.831,2.707,0.0016,-0.00404,0.97855,-0.00117,0.00119,-0.00159,0.03199,0.08834,1.00549,0.12423,0.09637,0.0008,1.0,0.00101,-0.00058,0.00239,0.99227,0.11942,0.0299,0.01542,33.11,34.45,0.0639,0.0726
20:27:59.713,1790256479.7136,2075,3.924,15.011,1.832,2.713,-0.00444,0.00781,0.96961,-0.00309,-0.00221,0.00315,0.01134,0.07668,1.01396,0.123,0.08963,-0.00341,1.0,0.00182,0.0002,0.00242,0.99223,0.11963,0.03056,0.01551,33.11,34.45,0.0572,0.0673
20:27:59.734,1790256479.7339,2076,4.038,15.163,1.833,2.719,0.00296,-0.00247,0.97775,0.00224,-0.00282,-6e-05,0.02923,0.08777,0.99196,0.12844,0.08994,0.00022,1.0,0.00072,-0.00046,0.00243,0.99219,0.1198,0.03097,0.01565,33.11,34.45,0.0633,0.0772
20:27:59.754,1790256479.7543,2077,4.126,15.041,1.835,2.726,0.00478,0.01957,0.98228,0.00147,0.00192,0.00371,0.02673,0.07763,1.00755,0.13012,0.08719,0.00099,0.99999,0.00207,-0.00073,0.00247,0.99214,0.12006,0.03145,0.01579,33.11,34.45,0.0669,0.0718
20:27:59.775,1790256479.7751,2078,4.114,14.919,1.836,2.732,-0.00233,0.01127,1.01025,-0.0018,-0.00132,0.00056,0.02641,0.04742,0.98643,0.13038,0.08435,-0.00489,0.99999,0.00337,-3e-05,0.00247,0.99209,0.1203,0.03201,0.01586,33.11,34.45,0.0723,0.0709
20:27:59.795,1790256479.7957,2079,4.04,14.8,1.837,2.738,-0.0142,0.01853,0.98601,0.0005,0.00068,-0.00335,0.02059,0.06634,0.99661,0.11231,0.08347,-0.00122,0.99999,0.00429,0.00108,0.00243,0.99209,0.12022,0.03245,0.01597,33.11,34.45,0.0697,0.0793
20:27:59.816,1790256479.816,2080,4.219,14.929,1.838,2.745,0.00412,0.0026,0.98974,-0.00092,0.00235,0.00141,-0.00399,0.07843,0.98542,0.11542,0.07897,0.00247,0.99999,0.00328,3e-05,0.00245,0.99206,0.12026,0.03303,0.01609,33.11,34.46,0.0723,0.0714
20:27:59.837,1790256479.8368,2081,4.094,14.964,1.839,2.751,-0.00685,0.00469,0.99846,0.00128,-0.0006,-0.00071,0.00688,0.06247,0.99949,0.11556,0.08147,0.00226,0.99999,0.00284,0.00161,0.00245,0.99205,0.12018,0.03355,0.01622,33.11,34.46,0.0789,0.0789
20:27:59.857,1790256479.8574,2082,4.306,14.961,1.841,2.757,0.008,0.00596,0.97867,-0.00096,0.00088,-0.00038,-0.00433,0.06423,1.00338,0.11517,0.07644,0.00293,0.99999,0.00289,0.00029,0.00245,0.99204,0.12012,0.03411,0.01634,33.11,34.46,0.064,0.0759
20:27:59.878,1790256479.878,2083,4.338,14.772,1.842,2.764,-0.00175,0.0179,1.01319,0.00082,0.00386,0.00148,-0.01042,0.0659,0.99602,0.10622,0.05984,-0.00127,0.99999,0.00433,0.00047,0.00247,0.99205,0.11991,0.03451,0.0164,33.11,34.46,0.07,0.0787
20:27:59.898,1790256479.8984,2084,4.358,14.936,1.843,2.77,-0.0011,0.00138,1.00291,-0.00184,0.00082,-0.00129,0.01581,0.04916,0.99531,0.09924,0.06435,0.00388,0.99999,0.00272,0.00051,0.00246,0.99206,0.11971,0.03481,0.01653,33.11,34.46,0.0778,0.0775
20:27:59.918,1790256479.9187,2085,4.265,14.827,1.844,2.776,-0.01943,0.01636,0.981,-0.00149,-0.00207,-0.00055,0.0207,0.02601,0.99837,0.09791,0.0623,0.00261,0.99999,0.00339,0.00163,0.00245,0.99208,0.11946,0.0351,0.01664,33.11,34.46,0.066,0.0792
20:27:59.939,1790256479.939,2086,4.254,15.004,1.846,2.782,-0.0043,-0.0027,0.99836,0.00016,-0.00109,0.00292,0.01753,0.06712,1.01387,0.09394,0.04659,0.00117,0.99999,0.00179,0.00179,0.00248,0.99208,0.11941,0.03524,0.01673,33.11,34.46,0.0788,0.0678
20:27:59.959,1790256479.9594,2087,4.336,14.835,1.847,2.789,-0.00179,0.00875,0.98972,-0.00193,-0.00201,0.00022,0.0206,0.05443,0.99753,0.10827,0.05899,-0.0026,0.99999,0.00317,0.0013,0.00249,0.99208,0.11929,0.03543,0.01679,33.11,34.46,0.0723,0.0794
20:27:59.980,1790256479.9799,2088,4.329,14.98,1.848,2.795,-0.00286,0.00225,0.98977,-0.00034,-0.00011,-0.00299,0.01869,0.04536,1.00173,0.09638,0.0465,-0.00189,0.99999,0.00168,0.0014,0.00245,0.99211,0.11907,0.03553,0.01684,33.11,34.46,0.0723,0.0778
20:28:00.000,1790256480.0003,2089,4.456,14.864,1.85,2.801,0.00545,0.01127,0.98695,0.0024,-0.00173,-0.00322,0.01536,0.05942,0.98363,0.09819,0.03477,0.00185,0.99999,0.0027,0.00035,0.00243,0.99211,0.11903,0.03556,0.01691,33.11,34.46,0.0703,0.0692
20:28:00.021,1790256480.0208,2090,4.365,14.707,1.851,2.807,-0.00261,0.00761,1.00912,-0.00385,-0.0003,0.00215,0.00929,0.04501,0.99451,0.09345,0.04564,0.00022,0.99999,0.00378,0.00134,0.00245,0.99213,0.11877,0.03571,0.01698,33.11,34.46,0.0731,0.0767
20:28:00.041,1790256480.041,2091,4.464,14.57,1.852,2.813,0.00093,0.0131,0.97126,-5e-05,-0.00152,0.00218,0.00802,0.05155,0.98424,0.08427,0.0436,-0.00495,0.99999,0.00479,0.0007,0.00247,0.99215,0.11857,0.03589,0.01699,33.11,34.46,0.0585,0.0692
20:28:00.061,1790256480.0612,2092,4.648,14.488,1.854,2.819,0.0178,0.01322,0.99471,0.00495,-0.00062,0.0012,0.00326,0.04998,1.00176,0.07835,0.03509,-0.00751,0.99998,0.00514,-0.00081,0.0025,0.9922,0.11813,0.03596,0.01697,33.11,34.46,0.0762,0.0777
20:28:00.081,1790256480.0818,2093,4.624,14.621,1.855,2.825,-0.00133,-0.00437,0.9949,0.00149,-0.00195,0.00185,0.01477,0.03768,1.00243,0.08414,0.04683,-0.00095,0.99999,0.00361,-0.00053,0.00252,0.99224,0.11777,0.0361,0.01702,33.11,34.46,0.0762,0.0776
20:28:00.102,1790256480.1023,2094,4.726,14.444,1.856,2.831,0.00367,0.01114,0.99026,-0.0009,-0.00299,0.00196,0.01648,0.01155,0.99154,0.08033,0.02607,0.0023,0.99998,0.00485,-0.00138,0.00254,0.99228,0.11743,0.03609,0.01709,33.11,34.46,0.0728,0.0738
20:28:00.122,1790256480.1226,2095,4.559,14.459,1.858,2.837,-0.00594,0.00485,0.9932,0.00073,0.0007,6e-05,0.01199,0.02449,1.0016,0.06865,0.02148,0.003,0.99999,0.00411,-4e-05,0.00253,0.99234,0.11689,0.036,0.01715,33.11,34.46,0.0749,0.0785
20:28:00.143,1790256480.1431,2096,4.65,14.284,1.859,2.843,0.00493,0.01686,0.96906,-0.0007,-0.00019,-0.00052,-0.01306,0.01441,1.00585,0.07089,0.02954,-0.00329,0.99998,0.00514,-0.00059,0.00254,0.9924,0.11636,0.03618,0.01714,33.11,34.46,0.0569,0.0755
20:28:00.163,1790256480.1634,2097,4.501,14.225,1.861,2.849,-0.00116,0.00986,0.97937,0.00099,-0.00183,-0.0008,0.00056,0.04415,1.00364,0.06378,0.02415,-0.00344,0.99998,0.00503,0.00069,0.00252,0.99247,0.1158,0.03616,0.01715,33.11,34.46,0.0646,0.0765
20:28:00.184,1790256480.1838,2098,4.571,14.297,1.862,2.855,0.00254,0.00317,0.98808,0.00126,-0.00233,0.00083,0.00736,0.03043,1.00178,0.05906,0.01964,-0.00037,0.99999,0.00379,-6e-05,0.00254,0.99254,0.11516,0.03606,0.01718,33.11,34.46,0.0711,0.0783
20:28:00.204,1790256480.2044,2099,4.759,14.248,1.864,2.861,0.02478,0.00524,0.99314,-0.00313,-0.00027,-0.00197,-0.00155,0.01229,1.00993,0.05069,0.02608,-0.00369,0.99999,0.00362,-0.0016,0.00252,0.99262,0.1145,0.03615,0.01717,33.11,34.46,0.0751,0.0725
20:28:00.225,1790256480.225,2100,4.688,14.371,1.865,2.867,-0.00121,-0.00777,0.99945,0.00231,-0.00085,-0.00046,0.00036,0.01917,1.01187,0.06584,0.00733,0.00039,0.99999,0.00207,-0.00116,0.00252,0.99267,0.11404,0.03603,0.01719,33.11,34.46,0.0796,0.071
20:28:00.245,1790256480.2456,2101,4.507,14.272,1.866,2.873,-0.00565,0.00563,0.98883,-0.00121,0.00234,0.00154,-0.00204,0.02434,0.98452,0.05532,0.00403,-0.00131,0.99999,0.00233,0.00031,0.00254,0.99274,0.11351,0.0359,0.01718,33.11,34.46,0.0716,0.0686
20:28:00.266,1790256480.266,2102,4.577,14.365,1.868,2.878,0.0095,-0.01464,1.00059,0.00145,-1e-05,0.00118,0.00502,0.0098,0.98465,0.04222,0.00869,0.00032,1.0,0.0009,-0.00044,0.00254,0.99282,0.11286,0.0358,0.01721,33.11,34.46,0.0794,0.0685
20:28:00.286,1790256480.2863,2103,4.617,14.146,1.869,2.884,0.00493,0.01177,0.97303,0.00102,0.00093,-0.00079,-0.00483,0.00228,0.99551,0.04464,0.00042,0.00135,0.99999,0.00202,-0.0009,0.00254,0.99291,0.11207,0.03563,0.01722,33.11,34.46,0.0598,0.0766
20:28:00.306,1790256480.3065,2104,4.544,14.201,1.871,2.89,-0.00085,-0.00305,0.98669,-0.00132,0.00115,-0.00119,-0.01638,0.01083,1.00782,0.03842,-0.0008,-0.00193,1.0,0.00069,-0.0004,0.00254,0.99301,0.11125,0.03552,0.0172,33.11,34.46,0.07,0.074
20:28:00.327,1790256480.3271,2105,4.508,13.932,1.872,2.896,1e-05,0.02535,0.98734,-0.00168,-0.001,0.00019,0.01867,-0.00884,1.00168,0.03535,-0.00437,0.00429,0.99999,0.00213,-0.00037,0.00254,0.99312,0.11036,0.03517,0.01725,33.11,34.46,0.0708,0.0786
20:28:00.347,1790256480.3475,2106,4.62,13.784,1.873,2.901,0.00491,0.00592,0.98592,2e-05,-0.00314,0.0008,0.00388,0.00965,1.00566,0.04192,-0.01697,0.00267,0.99999,0.00267,-0.00171,0.00255,0.99322,0.10958,0.03476,0.01727,33.11,34.46,0.0695,0.0757
20:28:00.368,1790256480.3679,2107,4.726,13.608,1.875,2.907,0.00886,0.0081,0.99219,-0.00098,-0.00326,0.00087,0.0119,-0.00668,0.99611,0.03382,-0.02423,-0.00156,0.99999,0.00336,-0.00309,0.00257,0.99334,0.10869,0.03426,0.01724,33.11,34.46,0.0742,0.0772
20:28:00.388,1790256480.3883,2108,4.601,13.616,1.876,2.912,-0.00376,-0.00551,0.98046,0.00167,-8e-05,0.00168,5e-05,-0.00857,1.01032,0.02578,-0.00726,0.00122,0.99999,0.00233,-0.00226,0.00258,0.99344,0.10778,0.03402,0.01726,33.11,34.46,0.0654,0.0722
20:28:00.409,1790256480.4089,2109,4.44,13.38,1.877,2.918,-0.00747,0.0161,0.99214,-0.0023,0.00363,0.00042,-0.00137,-0.0222,0.99221,0.02618,-0.01921,0.00152,0.99999,0.00337,-0.00112,0.00259,0.99356,0.10683,0.03368,0.01726,33.11,34.46,0.0742,0.0743
20:28:00.429,1790256480.4295,2110,4.444,13.436,1.879,2.923,0.00536,-0.00365,0.99368,0.00213,0.00159,0.00074,-0.00783,-0.01873,0.99088,0.02346,-0.02562,0.0007,0.99999,0.0019,-0.00156,0.0026,0.99367,0.10586,0.03332,0.01724,33.11,34.46,0.0753,0.0733
20:28:00.450,1790256480.4498,2111,4.448,13.478,1.88,2.928,0.00611,-0.00366,0.98956,0.00083,0.00502,-3e-05,-0.00283,-0.01282,1.00963,0.01862,-0.0308,-0.00088,0.99999,0.00056,-0.00207,0.0026,0.99379,0.10487,0.03287,0.0172,33.11,34.46,0.0722,0.0727
20:28:00.470,1790256480.47,2112,4.543,13.239,1.881,2.934,0.00755,0.00438,1.01036,0.00155,-0.00585,0.00017,-0.01911,-0.00681,1.0114,0.00891,-0.03068,-0.00123,0.99999,0.00159,-0.00317,0.0026,0.99392,0.10379,0.03252,0.01716,33.11,34.46,0.0722,0.0713
20:28:00.490,1790256480.4904,2113,4.356,13.24,1.883,2.939,-0.00023,-0.00353,0.99174,0.00253,-0.00069,-0.00061,0.00673,-0.00437,0.98745,0.01288,-0.0372,0.00502,0.99999,0.00054,-0.00214,0.0026,0.99404,0.10281,0.03195,0.01719,33.11,34.46,0.0738,0.0706
20:28:00.511,1790256480.5109,2114,4.398,12.949,1.884,2.944,0.00717,0.00597,1.0046,-0.00102,0.00098,0.00211,-0.01652,-0.01929,0.99882,0.01485,-0.04358,-0.00155,0.99999,0.00188,-0.00292,0.00262,0.99418,0.10162,0.03143,0.01713,33.11,34.46,0.0765,0.0794
20:28:00.531,1790256480.5313,2115,4.182,12.845,1.885,2.949,-0.00804,-0.00062,0.99229,-0.00103,-0.00174,0.00306,-0.01791,-0.01257,0.99704,0.00126,-0.04145,-0.00014,0.99999,0.00141,-0.0015,0.00265,0.99433,0.10032,0.03095,0.01708,33.11,34.46,0.0742,0.078
20:28:00.551,1790256480.5517,2116,4.045,12.517,1.886,2.954,-0.00454,0.01971,0.9946,-0.00182,0.00214,0.00141,-0.00358,-0.02748,0.99651,-0.01228,-0.04952,-0.00031,0.99999,0.00281,-0.00085,0.00267,0.99449,0.09891,0.03032,0.01704,33.11,34.46,0.0761,0.0777
20:28:00.572,1790256480.5719,2117,3.918,12.481,1.887,2.959,-0.00346,-0.00448,0.97793,0.00281,-0.00221,-0.00123,-0.01609,-0.02795,0.99726,-0.00818,-0.0487,0.00117,0.99999,0.00169,-0.00029,0.00266,0.99464,0.09752,0.02978,0.01701,33.11,34.46,0.0635,0.0783
20:28:00.592,1790256480.5923,2118,3.835,12.509,1.888,2.963,-0.00058,-0.00823,0.98482,-0.00228,0.00161,0.00163,-0.00912,-0.03181,0.9796,-0.0089,-0.05114,0.00269,1.0,0.00027,-0.00014,0.00267,0.99477,0.09638,0.02923,0.017,33.11,34.46,0.0686,0.0651
20:28:00.613,1790256480.6129,2119,3.838,12.529,1.889,2.968,0.00302,-0.00403,0.99599,-0.00024,-0.0022,-0.00141,0.01867,-0.04024,0.98304,-0.01079,-0.06022,0.00379,1.0,-0.00109,-0.00099,0.00266,0.99491,0.09518,0.02842,0.017,33.11,34.46,0.077,0.068
20:28:00.633,1790256480.6333,2120,3.742,12.221,1.89,2.973,-0.00012,0.00704,1.01678,-0.00076,-0.00382,0.0008,-0.00839,-0.04673,1.01206,-0.01565,-0.06111,1e-05,1.0,0.00024,-0.00072,0.00267,0.99505,0.09387,0.02777,0.01695,33.11,34.46,0.0674,0.0701
20:28:00.654,1790256480.6539,2121,3.502,11.976,1.891,2.978,-0.00783,0.00451,0.9986,-0.00115,-0.00057,0.00202,-0.01021,-0.04879,1.01066,-0.02303,-0.06409,0.00246,1.0,0.00087,0.00076,0.00269,0.99521,0.09244,0.02709,0.01693,33.11,34.46,0.079,0.0711
20:28:00.674,1790256480.6744,2122,3.263,11.808,1.892,2.982,-0.02342,-0.00165,0.97974,-0.00303,0.00337,0.00056,-0.00494,-0.04295,0.99853,-0.02737,-0.06621,0.00241,0.99999,0.00063,0.00211,0.0027,0.99538,0.09082,0.02632,0.0169,33.11,34.46,0.065,0.0796
20:28:00.695,1790256480.6949,2123,3.36,11.609,1.892,2.986,0.00471,0.00196,1.00064,0.0015,-0.00186,-0.00194,0.00043,-0.05241,1.00056,-0.02966,-0.07244,0.00148,1.0,0.00078,0.00046,0.00268,0.99555,0.08919,0.02548,0.01687,33.11,34.46,0.0795,0.0785
20:28:00.715,1790256480.7151,2124,3.431,11.402,1.893,2.991,0.01231,0.00347,0.98745,-0.00052,-0.00043,-0.00027,-0.00585,-0.04004,0.99366,-0.0357,-0.07816,0.00107,1.0,0.00099,-0.00095,0.00268,0.99571,0.08758,0.02463,0.01682,33.11,34.46,0.0706,0.0759
20:28:00.735,1790256480.7355,2125,3.25,11.367,1.894,2.995,-0.00058,-0.00177,0.99407,-0.00623,-0.00128,7e-05,-0.00194,-0.0508,0.98726,-0.04024,-0.06782,-0.00018,1.0,-0.00036,-0.00011,0.00269,0.99587,0.08598,0.02389,0.01678,33.11,34.46,0.0756,0.0714
20:28:00.755,1790256480.7557,2126,3.018,11.223,1.894,2.999,-0.01038,-0.00408,0.97878,-0.00034,-0.00114,-0.00059,-0.0007,-0.04189,1.00753,-0.03589,-0.07387,-0.00107,1.0,-0.00076,0.00112,0.00269,0.99602,0.0844,0.02308,0.01672,33.11,34.46,0.0641,0.0737
20:28:00.776,1790256480.7762,2127,2.809,10.876,1.895,3.003,-0.00687,0.00657,0.99536,-9e-05,0.00311,-0.00013,0.02808,-0.0385,0.99145,-0.04113,-0.0814,0.002,0.99999,0.0006,0.00193,0.00269,0.99618,0.08279,0.02198,0.0167,33.11,34.46,0.0766,0.0744
20:28:00.797,1790256480.7969,2128,2.543,10.607,1.895,3.007,-0.00969,0.00282,0.99377,0.00057,0.0023,0.00188,-0.02022,-0.01649,1.00196,-0.04805,-0.0887,0.00047,0.99999,0.00101,0.00345,0.00271,0.99636,0.08094,0.02111,0.01664,33.11,34.46,0.0754,0.0783
20:28:00.817,1790256480.8175,2129,2.614,10.359,1.896,3.011,0.00248,0.00557,0.99838,-0.00211,-0.00241,-0.00143,0.01214,-0.04431,1.01472,-0.04946,-0.08607,-0.00434,0.99999,0.00157,0.0019,0.0027,0.99651,0.07931,0.02012,0.01655,33.11,34.46,0.0788,0.0682
20:28:00.838,1790256480.8378,2130,2.659,10.09,1.896,3.014,0.01066,0.01164,0.98497,-0.00244,0.00406,-0.00253,-0.00764,-0.05169,0.98571,-0.0484,-0.08553,-0.00095,0.99999,0.00226,0.00074,0.00268,0.99666,0.07765,0.01928,0.01649,33.11,34.46,0.0688,0.0703
20:28:00.858,1790256480.8583,2131,2.583,10.018,1.896,3.018,0.0028,-0.01477,0.979,0.00044,0.00041,5e-05,-0.00997,-0.03037,0.9976,-0.05372,-0.09338,-0.00289,1.0,0.00098,0.00045,0.00268,0.99682,0.07575,0.01833,0.0164,33.11,34.46,0.0643,0.0786
20:28:00.879,1790256480.8788,2132,2.473,9.985,1.897,3.021,-0.00064,-0.04092,0.99303,-0.00191,-0.00314,-0.00016,-0.00265,-0.05209,1.00792,-0.05727,-0.09726,1e-05,1.0,-0.0006,0.0004,0.00268,0.99698,0.07392,0.01733,0.01634,33.11,34.46,0.0754,0.0731
20:28:00.899,1790256480.8991,2133,2.264,9.646,1.897,3.025,-0.01221,0.00813,0.99413,0.00113,-0.00148,0.0006,-0.01216,-0.06269,1.0012,-0.05888,-0.07826,0.0041,1.0,0.00038,0.00157,0.00269,0.99713,0.072,0.01661,0.01633,33.11,34.47,0.0757,0.0776
20:28:00.919,1790256480.9195,2134,2.143,9.584,1.897,3.028,-0.00385,-0.01061,0.98733,-0.0021,-0.0007,0.0004,-0.0006,-0.06658,0.9926,-0.06582,-0.09658,-0.00124,0.99999,-0.00108,0.00165,0.00269,0.99729,0.07003,0.01563,0.01627,33.11,34.47,0.0705,0.0761
20:28:00.940,1790256480.9399,2135,2.175,9.205,1.897,3.031,-0.00015,0.00141,1.00051,-0.00049,-0.00069,0.00292,0.00044,-0.07099,1.00352,-0.08024,-0.08902,-0.0034,1.0,0.00014,0.00056,0.00272,0.99745,0.06792,0.01473,0.01619,33.11,34.47,0.0796,0.0755
20:28:00.960,1790256480.9602,2136,1.931,9.008,1.897,3.034,-0.01223,-0.00265,1.01597,-0.00202,0.00047,0.00141,-0.01236,-0.07545,1.00447,-0.0746,-0.09336,-2e-05,0.99999,-0.00024,0.00189,0.00274,0.9976,0.0659,0.0139,0.01613,33.11,34.47,0.068,0.0745
20:28:00.980,1790256480.9804,2137,1.907,8.88,1.897,3.037,0.00379,-0.00763,0.98162,0.00224,-0.00093,0.00232,0.01993,-0.06396,0.99941,-0.07011,-0.1063,-0.00381,1.0,-0.00114,0.00091,0.00276,0.99775,0.06388,0.01269,0.01605,33.11,34.47,0.0662,0.0788
20:28:01.000,1790256481.0007,2138,1.925,8.748,1.897,3.04,0.00902,-0.01263,0.99487,-0.00089,0.00043,0.00015,-0.00835,-0.07835,0.99442,-0.08739,-0.10596,0.00159,0.99999,-0.00221,-0.00021,0.00276,0.9979,0.06165,0.01172,0.01601,33.11,34.47,0.0762,0.0782
20:28:01.021,1790256481.0212,2139,1.884,8.678,1.897,3.043,0.00275,-0.00963,1.00061,-0.00077,-0.00179,0.00431,-0.00641,-0.07747,0.99013,-0.07913,-0.11323,0.00066,0.99999,-0.0037,-0.00091,0.0028,0.99804,0.05955,0.01067,0.01596,33.11,34.47,0.0795,0.0749
20:28:01.041,1790256481.0416,2140,1.865,8.575,1.897,3.045,0.00423,-0.01096,0.99269,-0.00012,0.00063,0.00461,-0.00485,-0.06862,1.00001,-0.07832,-0.11039,-0.00257,0.99998,-0.00496,-0.00176,0.00285,0.99818,0.05739,0.00964,0.01588,33.11,34.47,0.0746,0.0782
20:28:01.062,1790256481.0618,2141,1.684,8.197,1.897,3.048,-0.00336,0.003,0.98235,0.0004,-0.00187,0.00099,0.00529,-0.09747,0.9863,-0.08106,-0.10984,0.00097,0.99999,-0.00377,-0.00115,0.00286,0.99831,0.05533,0.00859,0.01584,33.11,34.47,0.0668,0.0733
20:28:01.082,1790256481.0823,2142,1.401,7.864,1.897,3.05,-0.01152,-0.00157,0.99849,0.00134,0.00304,0.00219,0.011,-0.07977,1.00522,-0.09066,-0.10052,0.00326,0.99999,-0.00312,0.00036,0.00289,0.99843,0.05314,0.00757,0.01583,33.11,34.47,0.0789,0.0737
20:28:01.102,1790256481.1026,2143,1.235,7.459,1.896,3.053,-0.00768,0.01085,0.98439,-0.00356,-0.00074,0.00149,-0.00984,-0.0851,0.99505,-0.08682,-0.11785,0.00283,0.99999,-0.00187,0.00088,0.00291,0.99856,0.05089,0.00656,0.01581,33.11,34.47,0.0684,0.0791
20:28:01.123,1790256481.1232,2144,0.967,7.151,1.896,3.055,-0.01663,0.00073,0.9865,-0.00572,0.00097,0.00075,-0.00271,-0.07983,0.99498,-0.08684,-0.11254,-0.00573,0.99999,-0.00153,0.00227,0.00292,0.99868,0.04861,0.00555,0.0157,33.11,34.47,0.07,0.0786
20:28:01.143,1790256481.1437,2145,0.869,7.044,1.895,3.057,-0.00407,-0.01349,0.98722,-0.00222,0.00058,-0.00292,-0.02182,-0.06882,0.99699,-0.09576,-0.12232,-0.00171,0.99999,-0.003,0.00221,0.00289,0.9988,0.04622,0.00463,0.01562,33.11,34.47,0.0705,0.0797
20:28:01.164,1790256481.164,2146,0.625,6.76,1.895,3.059,-0.0109,-0.00528,0.98195,0.00109,-0.00117,0.0006,-0.02106,-0.08981,0.98586,-0.10354,-0.11445,0.00354,0.99999,-0.00287,0.00354,0.00291,0.99891,0.04392,0.00379,0.01561,33.11,34.47,0.0665,0.0726
20:28:01.184,1790256481.1846,2147,0.534,6.339,1.894,3.06,-0.0069,0.00499,0.98692,-0.00028,-0.00024,0.00295,-0.0127,-0.09512,1.0095,-0.09815,-0.11334,-0.00011,0.99999,-0.00143,0.00352,0.00294,0.999,0.04171,0.00289,0.01556,33.11,34.47,0.0702,0.0695
20:28:01.205,1790256481.205,2148,0.567,6.184,1.893,3.062,0.00511,-0.01443,0.99581,0.00254,0.00224,-0.00533,-0.02917,-0.105,0.98832,-0.10986,-0.12319,0.00337,0.99999,-0.00248,0.00241,0.00288,0.9991,0.03929,0.00205,0.01554,33.11,34.47,0.0769,0.0757
20:28:01.225,1790256481.2254,2149,0.335,5.984,1.893,3.063,-0.03142,-0.01837,0.98496,-0.00047,0.00036,-0.00201,-0.01921,-0.10052,1.00418,-0.10533,-0.11111,-0.00278,0.99998,-0.00312,0.00367,0.00289,0.9992,0.03695,0.00127,0.01547,33.11,34.47,0.0692,0.073
20:28:01.245,1790256481.2456,2150,0.277,5.533,1.892,3.064,-0.00518,0.00379,0.9923,-0.00153,0.00219,-0.00147,-0.0072,-0.06558,1.00071,-0.11254,-0.11446,0.00494,0.99999,-0.00167,0.00338,0.00288,0.99929,0.03447,0.00039,0.01548,33.11,34.47,0.0742,0.0778
20:28:01.266,1790256481.2661,2151,0.304,5.363,1.891,3.066,0.00544,-0.01549,0.99743,0.00188,-0.00023,-0.00086,-0.00429,-0.0834,0.99883,-0.12006,-0.11543,-0.0005,0.99999,-0.00278,0.00223,0.00286,0.99937,0.03186,-0.00053,0.01544,33.11,34.47,0.0782,0.0783
20:28:01.286,1790256481.2864,2152,0.126,5.241,1.89,3.067,-0.00995,-0.01482,0.99444,0.00029,-0.00018,-0.00332,-0.02393,-0.09162,1.00464,-0.10946,-0.12162,-0.00446,0.99998,-0.00411,0.00301,0.00283,0.99945,0.0295,-0.00131,0.01536,33.11,34.47,0.0759,0.0732
20:28:01.307,1790256481.307,2153,0.163,4.817,1.889,3.068,-0.00146,-0.00353,0.99696,0.00242,-6e-05,-0.00022,-0.01111,-0.10549,1.00178,-0.12034,-0.11953,-0.002,0.99999,-0.00294,0.00189,0.00283,0.99952,0.02696,-0.00219,0.01531,33.1,34.47,0.0777,0.0745
20:28:01.327,1790256481.3276,2154,0.246,4.535,1.888,3.068,0.0094,-0.00678,1.00293,-0.00314,-0.00389,0.00157,-0.00768,-0.11909,0.99058,-0.12154,-0.12505,-0.00426,0.99999,-0.00308,0.00025,0.00284,0.99958,0.02433,-0.00314,0.01523,33.1,34.47,0.0777,0.0783
20:28:01.348,1790256481.3478,2155,0.005,4.191,1.888,3.069,-0.02653,0.00053,0.98277,-0.00054,-0.00048,0.00136,-0.00895,-0.09033,0.98675,-0.13398,-0.1192,0.00307,0.99999,-0.00275,0.00157,0.00285,0.99964,0.02171,-0.00397,0.01524,33.1,34.47,0.0673,0.0732
20:28:01.368,1790256481.368,2156,-0.03,4.071,1.887,3.069,0.00031,-0.01729,0.99456,0.00208,-0.0046,-0.00122,-0.00669,-0.09491,1.00429,-0.12314,-0.11513,0.00526,0.99999,-0.0042,0.00109,0.00283,0.99969,0.01921,-0.00476,0.01527,33.1,34.47,0.076,0.0734
20:28:01.388,1790256481.3886,2157,-0.05,3.639,1.886,3.07,0.00402,0.00568,0.98647,0.00178,-0.0028,-0.00143,0.00224,-0.09686,1.01173,-0.12357,-0.11243,0.00104,0.99999,-0.00287,0.00048,0.00282,0.99973,0.01677,-0.00562,0.01526,33.1,34.47,0.0699,0.0677
20:28:01.409,1790256481.4091,2158,0.019,3.393,1.885,3.07,0.00797,-0.00919,0.99614,-0.00058,0.00103,-0.00394,-0.0067,-0.10093,0.99271,-0.13406,-0.12915,0.00193,0.99999,-0.00344,-0.00099,0.00278,0.99976,0.01402,-0.00652,0.01526,33.1,34.47,0.0772,0.0784
20:28:01.429,1790256481.4294,2159,0.021,2.972,1.884,3.07,0.00783,0.00168,0.98632,0.00218,-0.00116,-0.0021,0.00075,-0.1126,1.00649,-0.12819,-0.11966,0.00515,0.99999,-0.00226,-0.00181,0.00275,0.99979,0.01152,-0.00739,0.01529,33.1,34.47,0.0698,0.0704
20:28:01.450,1790256481.45,2160,0.103,2.693,1.883,3.07,0.0104,-0.00501,0.98944,-0.00119,-0.00106,0.00087,-0.00299,-0.1038,0.98577,-0.12724,-0.12018,0.00056,0.99999,-0.00238,-0.00331,0.00276,0.99981,0.00893,-0.0082,0.01529,33.1,34.47,0.0721,0.0734
20:28:01.470,1790256481.4703,2161,0.006,2.51,1.882,3.069,0.00475,-0.01568,0.96838,0.00116,0.00078,-0.003,-0.00541,-0.11416,0.99007,-0.13492,-0.11375,-0.00239,0.99999,-0.0035,-0.00314,0.00274,0.99982,0.00623,-0.00889,0.01525,33.1,34.47,0.0564,0.0775
20:28:01.491,1790256481.4908,2162,-0.172,2.104,1.881,3.069,-0.00708,0.007,0.97208,-0.00168,-0.00044,-0.00168,0.005,-0.10565,1.00069,-0.12929,-0.11404,0.00285,0.99999,-0.00264,-0.00231,0.00272,0.99983,0.00358,-0.00968,0.01528,33.1,34.47,0.0591,0.0753
20:28:01.511,1790256481.511,2163,-0.405,1.857,1.88,3.068,-0.02055,-0.01262,0.97877,0.00046,0.0016,0.00113,0.0044,-0.10427,0.98019,-0.12927,-0.11969,0.00223,0.99999,-0.00302,-0.00106,0.00272,0.99983,0.00109,-0.01049,0.0153,33.1,34.47,0.0643,0.0693
20:28:01.531,1790256481.5312,2164,-0.599,1.477,1.879,3.067,0.00036,-0.00466,0.97784,0.00101,0.00034,0.00119,4e-05,-0.11113,1.00895,-0.13626,-0.11734,-0.00208,0.99999,-0.00226,-3e-05,0.00273,0.99982,-0.00143,-0.01121,0.01527,33.1,34.47,0.0634,0.0687
20:28:01.551,1790256481.5514,2165,-0.605,1.035,1.877,3.066,0.00449,0.00953,0.98686,-0.00204,0.00421,-0.00099,-0.01551,-0.11285,0.97608,-0.14409,-0.11499,-0.00069,1.0,-0.00093,-0.00042,0.00272,0.99981,-0.00395,-0.01173,0.01527,33.1,34.47,0.0702,0.067
20:28:01.572,1790256481.5719,2166,-0.513,0.631,1.876,3.065,0.01478,0.00999,0.99002,-0.00209,0.00104,-0.00185,-0.02162,-0.1185,0.98457,-0.13784,-0.11384,0.0015,1.0,1e-05,-0.00155,0.0027,0.99979,-0.00656,-0.01211,0.01529,33.1,34.47,0.0726,0.0739
20:28:01.592,1790256481.5924,2167,-0.608,0.457,1.875,3.064,-0.00848,-0.02469,0.97006,-0.00263,-0.00258,-0.00038,-0.01718,-0.11776,0.98845,-0.13231,-0.11341,0.00082,1.0,-0.00109,-0.00108,0.0027,0.99976,-0.00917,-0.01249,0.01531,33.1,34.47,0.0578,0.0767
20:28:01.612,1790256481.6128,2168,-0.716,0.318,1.874,3.063,-0.01119,-0.03558,0.99625,0.00048,-0.00088,-0.00103,-0.01974,-0.13864,0.98773,-0.13542,-0.10967,-0.00711,0.99999,-0.00256,-0.0005,0.0027,0.99973,-0.01183,-0.01285,0.01525,33.1,34.47,0.0777,0.0782
20:28:01.633,1790256481.633,2169,-0.61,-0.078,1.872,3.061,0.00521,-0.00156,0.99176,-0.00213,0.00255,-0.00231,-0.02834,-0.12395,0.9823,-0.14352,-0.11534,-0.0002,0.99999,-0.00163,-0.00162,0.00268,0.99969,-0.01438,-0.01311,0.01527,33.1,34.47,0.0738,0.0729
20:28:01.653,1790256481.6535,2170,-0.707,-0.492,1.871,3.059,-0.00678,0.00965,0.98017,0.0003,-0.00452,0.0036,-0.03336,-0.12261,1.00321,-0.14553,-0.11112,0.00411,1.0,-0.00057,-0.00085,0.00271,0.99965,-0.01691,-0.01325,0.01533,33.1,34.47,0.0652,0.0716
20:28:01.674,1790256481.674,2171,-0.536,-0.864,1.87,3.057,0.00912,0.00159,0.99601,0.00178,0.00276,0.00065,-0.02495,-0.12396,0.99531,-0.15226,-0.09882,0.0026,0.99999,-0.0,-0.0023,0.00272,0.9996,-0.01963,-0.01327,0.01538,33.1,34.47,0.077,0.0775
20:28:01.694,1790256481.6944,2172,-0.56,-0.981,1.869,3.055,0.00451,-0.00192,0.99942,0.0003,0.00038,-0.00126,-0.01133,-0.10369,0.98569,-0.15107,-0.10644,0.00397,0.99999,-0.00163,-0.00223,0.00272,0.99954,-0.02228,-0.0134,0.01545,33.1,34.47,0.0796,0.0734
20:28:01.714,1790256481.7147,2173,-0.743,-1.298,1.867,3.053,-0.01588,-0.00281,0.98497,-0.00322,-0.00089,0.00089,-0.0158,-0.14396,0.98094,-0.15444,-0.10259,-0.00067,0.99999,-0.00164,-0.00085,0.00274,0.99947,-0.02501,-0.01366,0.01547,33.1,34.47,0.0688,0.0737
20:28:01.735,1790256481.7353,2174,-0.911,-1.558,1.866,3.051,-0.01818,-0.00724,1.00029,0.00064,-0.00259,0.00249,-0.02681,-0.12601,1.0006,-0.14657,-0.09723,-0.00263,0.99999,-0.00196,0.00073,0.00277,0.99941,-0.02754,-0.01357,0.01548,33.1,34.47,0.0796,0.0734
20:28:01.756,1790256481.7559,2175,-0.822,-1.786,1.865,3.048,0.02037,-0.01408,0.98308,-0.00317,0.002,-0.00112,0.0042,-0.1469,1.01148,-0.15408,-0.09914,0.0029,0.99999,-0.00258,-0.00052,0.00275,0.99932,-0.03018,-0.01407,0.01553,33.1,34.47,0.0675,0.0634
20:28:01.776,1790256481.7765,2176,-0.689,-2.03,1.863,3.046,0.00526,-0.00642,0.98416,-0.00229,-0.00015,0.00176,-0.01102,-0.14816,1.00577,-0.15026,-0.09646,0.00212,0.99999,-0.00302,-0.00186,0.00277,0.99924,-0.03279,-0.01428,0.01559,33.1,34.47,0.0681,0.0675
20:28:01.797,1790256481.797,2177,-0.878,-2.432,1.862,3.043,-0.01088,0.0026,0.98864,-0.0014,0.00049,-0.00197,0.00938,-0.15096,1.00036,-0.14896,-0.09385,0.00295,0.99999,-0.00229,-0.0006,0.00276,0.99914,-0.03553,-0.01473,0.01565,33.1,34.47,0.0715,0.0712
20:28:01.817,1790256481.8175,2178,-1.023,-2.841,1.861,3.04,-0.01253,0.00244,0.99426,-2e-05,-0.00174,0.00108,-0.00987,-0.15136,0.99285,-0.15708,-0.08382,0.001,0.99999,-0.00159,0.00077,0.00277,0.99903,-0.03835,-0.0147,0.0157,33.1,34.47,0.0758,0.0767
20:28:01.838,1790256481.8381,2179,-1.061,-2.995,1.859,3.037,-0.00574,-0.01102,0.98448,0.00473,-8e-05,0.00176,-0.02099,-0.13545,0.98427,-0.14886,-0.085,0.00365,0.99999,-0.00278,0.00142,0.00279,0.99894,-0.04087,-0.01438,0.0158,33.1,34.47,0.0684,0.0753
20:28:01.858,1790256481.8584,2180,-1.01,-3.114,1.858,3.034,-0.00267,-0.01647,0.98651,0.00085,-0.00133,0.00277,-0.01967,-0.13823,0.98639,-0.14223,-0.07944,0.00035,0.99999,-0.0042,0.00138,0.00282,0.99884,-0.04333,-0.01397,0.01586,33.1,34.47,0.07,0.0772
20:28:01.879,1790256481.8789,2181,-0.837,-3.282,1.857,3.031,0.02364,-0.02877,0.99185,0.00165,-0.00032,-0.00122,-0.01137,-0.1413,1.00082,-0.13942,-0.07597,-0.00087,0.99998,-0.00511,0.00017,0.0028,0.99873,-0.04575,-0.01369,0.01591,33.1,34.47,0.0744,0.0719
20:28:01.899,1790256481.8991,2182,-0.829,-3.69,1.855,3.028,-0.0012,-0.00823,0.98938,-0.00045,-0.00294,0.00266,-0.02468,-0.13303,0.99676,-0.14415,-0.08351,0.00062,0.99999,-0.00378,0.00073,0.00283,0.99863,-0.04797,-0.01313,0.01599,33.1,34.47,0.0721,0.0756
20:28:01.919,1790256481.9193,2183,-0.686,-4.103,1.854,3.024,0.00086,-0.00289,0.99721,-0.00118,-0.00229,0.00099,-0.0164,-0.13573,1.00722,-0.14933,-0.07661,0.00126,0.99999,-0.00239,0.0,0.00284,0.99853,-0.0502,-0.01269,0.01607,33.1,34.47,0.0779,0.0677
20:28:01.939,1790256481.9397,2184,-0.468,-4.444,1.853,3.021,0.00732,-0.00068,0.99032,-0.00051,0.00071,-0.00318,-0.02768,-0.14867,0.97927,-0.14496,-0.07239,-0.00059,0.99999,-0.00167,-0.00129,0.00281,0.99842,-0.05252,-0.01214,0.01613,33.1,34.47,0.0728,0.0732
20:28:01.960,1790256481.9601,2185,-0.202,-4.765,1.852,3.017,0.00631,-0.00126,1.00282,-0.00064,-0.00199,-0.00249,-0.03578,-0.137,0.99075,-0.14665,-0.07644,0.00519,0.99999,-0.0009,-0.00269,0.00278,0.99831,-0.0546,-0.01129,0.01628,33.1,34.48,0.0779,0.0794
20:28:01.980,1790256481.9802,2186,-0.312,-5.019,1.851,3.013,-0.00408,-0.0054,0.9778,-0.00325,0.00047,0.00382,-0.00501,-0.15631,0.98279,-0.15137,-0.07211,0.0003,0.99999,-0.0014,-0.0015,0.00283,0.99816,-0.05727,-0.01109,0.01634,33.1,34.48,0.0634,0.0764
20:28:02.000,1790256482.0004,2187,-0.374,-5.313,1.85,3.009,-0.00185,-0.00157,0.98184,-0.00251,0.00196,-0.0009,-0.02197,-0.1509,0.99728,-0.14674,-0.06106,0.00082,1.0,-0.00111,-0.00018,0.00282,0.99804,-0.05951,-0.01036,0.01643,33.1,34.48,0.0664,0.0733
20:28:02.021,1790256482.0211,2188,-0.158,-5.444,1.849,3.005,0.01011,-0.011,0.98644,0.00011,-0.0029,0.00159,-0.02312,-0.14753,0.98087,-0.14263,-0.06673,-0.00167,0.99999,-0.00207,-0.00129,0.00284,0.99791,-0.06167,-0.00959,0.01651,33.1,34.48,0.0699,0.0741
20:28:02.041,1790256482.0416,2189,-0.099,-5.895,1.848,3.0,0.00188,0.01475,0.97839,-0.00066,0.00091,0.00095,-0.01236,-0.16651,0.98738,-0.14515,-0.06204,0.00059,0.99999,-0.00076,-0.00124,0.00283,0.99775,-0.06429,-0.00911,0.01659,33.1,34.48,0.0639,0.079
20:28:02.062,1790256482.0619,2190,-0.013,-5.954,1.847,2.996,0.00163,-0.01512,0.98905,0.00082,-0.00217,-0.00291,-0.02961,-0.15401,1.00094,-0.14863,-0.06593,0.00211,0.99999,-0.00221,-0.00119,0.00281,0.99763,-0.06627,-0.0083,0.01671,33.1,34.48,0.0719,0.0701
20:28:02.082,1790256482.0822,2191,-0.086,-6.195,1.846,2.992,0.00049,-0.00449,0.99206,-0.00012,-0.00157,-0.00137,-0.02246,-0.16309,0.97885,-0.13337,-0.05335,0.0007,0.99999,-0.00229,0.00029,0.0028,0.99749,-0.06842,-0.0075,0.0168,33.1,34.48,0.0741,0.0745
20:28:02.102,1790256482.1024,2192,-0.16,-6.478,1.845,2.987,-0.00387,-0.00396,0.99151,0.00157,0.00112,0.00139,-0.01746,-0.16204,0.9987,-0.14419,-0.05543,0.00437,0.99999,-0.00202,0.00177,0.00282,0.99734,-0.07057,-0.00672,0.01694,33.1,34.48,0.0736,0.0711
20:28:02.123,1790256482.1229,2193,0.085,-6.52,1.844,2.982,0.00709,-0.01469,0.99303,-0.00042,0.00153,-0.00166,-0.01369,-0.1484,1.01149,-0.1438,-0.04276,0.00204,0.99999,-0.0031,0.00068,0.00281,0.99724,-0.07207,-0.00566,0.01705,33.1,34.48,0.0749,0.0632
20:28:02.143,1790256482.1433,2194,0.356,-6.757,1.843,2.977,0.01053,-0.00676,0.96747,0.00147,-0.0029,0.0011,-0.01423,-0.16164,0.98751,-0.13582,-0.03218,0.00226,0.99999,-0.00316,-0.00048,0.00282,0.99708,-0.07425,-0.0045,0.01717,33.1,34.48,0.0557,0.0794
20:28:02.163,1790256482.1638,2195,0.649,-7.016,1.843,2.973,0.01353,-0.00577,0.99376,-0.00068,-0.00352,0.00205,-0.01864,-0.17199,0.98552,-0.13,-0.04403,-0.00027,0.99999,-0.0031,-0.00207,0.00284,0.99691,-0.07651,-0.00357,0.01726,33.1,34.48,0.0754,0.0796
20:28:02.184,1790256482.1841,2196,0.794,-7.123,1.842,2.968,0.00771,-0.01842,1.00418,-0.00053,0.00167,0.00173,-0.00427,-0.16305,0.98739,-0.14061,-0.03892,-0.00224,0.99998,-0.0046,-0.0025,0.00286,0.99672,-0.07897,-0.00273,0.01732,33.1,34.48,0.0767,0.0794
20:28:02.204,1790256482.2047,2197,0.958,-7.264,1.842,2.963,0.01141,-0.02014,0.9867,0.0025,0.00345,-0.00258,-0.00564,-0.17289,0.9934,-0.13413,-0.02424,-0.00107,0.99997,-0.00581,-0.0032,0.00284,0.99652,-0.08144,-0.00201,0.01737,33.1,34.48,0.0702,0.0737
20:28:02.225,1790256482.225,2198,0.955,-7.355,1.841,2.958,-0.01632,-0.02054,0.99066,-0.0046,-0.00083,0.00434,-0.01551,-0.16316,0.97356,-0.12901,-0.02945,0.00588,0.99997,-0.00642,-0.00183,0.00289,0.99641,-0.08281,-0.00067,0.01754,33.1,34.48,0.0733,0.0704
20:28:02.245,1790256482.2456,2199,1.019,-7.485,1.841,2.953,-0.00341,-0.01038,0.96489,-0.00321,-0.00114,0.00136,-0.03249,-0.16067,0.99207,-0.12672,-0.01949,0.0052,0.99998,-0.00614,-0.00078,0.00292,0.99634,-0.08367,0.00091,0.01771,33.1,34.48,0.0537,0.0759
20:28:02.266,1790256482.266,2200,1.088,-7.527,1.841,2.947,-0.00178,-0.01803,0.99377,0.0029,0.0002,-0.0018,-0.02211,-0.1725,0.97886,-0.12578,-0.02853,0.0007,0.99997,-0.00746,-3e-05,0.0029,0.99619,-0.08534,0.00226,0.01784,33.1,34.48,0.0755,0.0756
20:28:02.286,1790256482.2866,2201,1.136,-7.687,1.84,2.942,-0.00395,-0.0057,0.99084,-0.00094,0.00185,0.00094,-0.02736,-0.14689,1.00395,-0.12987,-0.01027,0.00162,0.99998,-0.00609,0.00059,0.00292,0.99618,-0.08537,0.00326,0.01792,33.1,34.48,0.0731,0.0687
20:28:02.307,1790256482.3069,2202,1.374,-7.687,1.84,2.937,0.02086,-0.00791,0.99862,-0.00246,-0.00214,-0.00098,-0.01519,-0.14977,0.99765,-0.13815,-0.01474,-0.00065,0.99998,-0.00581,-0.00102,0.0029,0.9962,-0.08515,0.00372,0.01795,33.1,34.48,0.0792,0.0733
20:28:02.327,1790256482.3275,2203,1.497,-8.051,1.84,2.932,-0.00023,0.0068,0.97548,0.00207,-0.00127,0.00023,-0.02066,-0.18089,1.00482,-0.12507,-0.01064,0.00468,0.99999,-0.00453,-0.00088,0.00291,0.99603,-0.08706,0.00485,0.01807,33.1,34.48,0.0616,0.0641
20:28:02.347,1790256482.3477,2204,1.531,-8.467,1.84,2.926,-0.00651,0.00453,0.99141,0.00049,-0.00318,0.00391,-0.01735,-0.18077,0.98835,-0.12508,-0.00975,0.0036,0.99999,-0.00326,-0.00014,0.00295,0.99581,-0.0894,0.0058,0.01815,33.1,34.48,0.0736,0.0763
20:28:02.368,1790256482.3679,2205,1.635,-8.577,1.84,2.921,0.00358,0.00391,0.99026,0.0032,0.00073,0.00188,-0.01674,-0.15921,0.98461,-0.12767,0.00058,0.00033,0.99999,-0.00183,-0.00058,0.00297,0.99585,-0.08895,0.00623,0.01817,33.1,34.48,0.0727,0.0782
20:28:02.388,1790256482.3883,2206,1.673,-8.47,1.839,2.915,0.01314,-0.01393,0.98442,0.00274,-5e-05,-4e-05,-0.00382,-0.16236,0.97409,-0.12124,0.00175,-0.00041,0.99999,-0.00271,-0.00165,0.00297,0.99586,-0.08892,0.00553,0.01806,33.1,34.48,0.0685,0.0707
20:28:02.409,1790256482.4091,2207,1.618,-8.415,1.839,2.91,-0.00483,-0.00651,0.97376,0.00163,-0.00154,-0.0003,-0.01763,-0.16261,0.97447,-0.12192,0.00876,-0.00107,0.99999,-0.00289,-0.00043,0.00297,0.99588,-0.0886,0.00628,0.01807,33.1,34.48,0.0603,0.0711
20:28:02.429,1790256482.4293,2208,1.847,-8.4,1.839,2.904,0.02284,-0.00111,0.99225,0.00338,-0.00159,0.00019,-0.01611,-0.17266,0.9804,-0.12603,0.00081,-0.00395,0.99999,-0.00254,-0.00192,0.00297,0.99592,-0.08817,0.00679,0.01805,33.1,34.48,0.0744,0.0767
20:28:02.450,1790256482.4499,2209,1.716,-8.39,1.839,2.899,0.00578,-0.02023,0.98156,-0.00322,0.00128,-0.00134,-0.01586,-0.17495,0.9808,-0.10791,0.00156,-0.00056,0.99999,-0.00393,-0.0021,0.00296,0.99581,-0.08946,0.00549,0.01788,33.1,34.48,0.0663,0.0773
20:28:02.470,1790256482.4706,2210,1.657,-8.394,1.839,2.893,-0.00392,-0.00303,0.97121,0.003,0.00214,0.00037,-0.01484,-0.15714,0.9818,-0.1079,0.02175,-0.00247,0.99999,-0.0033,-0.00103,0.00297,0.99587,-0.08884,0.00604,0.01783,33.1,34.48,0.0584,0.0758
20:28:02.490,1790256482.4907,2211,1.74,-8.524,1.839,2.888,0.00289,-0.00288,0.99136,-0.00095,0.00017,-0.00275,-0.01526,-0.17711,1.0085,-0.11266,0.01825,0.00269,0.99999,-0.00187,-0.00137,0.00294,0.99589,-0.08855,0.00638,0.01783,33.1,34.48,0.0735,0.062
20:28:02.511,1790256482.5113,2212,1.891,-8.4,1.839,2.882,0.00749,-0.00567,0.98888,0.00307,-0.00249,-0.00103,-0.01083,-0.16135,0.9694,-0.09358,0.02004,-0.00211,0.99999,-0.00239,-0.00276,0.00293,0.99594,-0.08804,0.00634,0.01773,33.1,34.48,0.0717,0.0671
20:28:02.531,1790256482.5316,2213,1.957,-8.315,1.839,2.877,-0.00528,-0.012,0.99498,0.00236,0.00109,0.0036,-0.01899,-0.1728,0.98134,-0.09941,0.02591,-0.00076,0.99999,-0.00324,-0.00147,0.00297,0.99591,-0.08814,0.00823,0.01781,33.1,34.48,0.0763,0.0775
20:28:02.552,1790256482.5519,2214,1.869,-8.41,1.839,2.871,-0.00206,0.00454,0.99058,-0.00443,0.001,-0.00316,-0.01652,-0.17005,0.98158,-0.09962,0.03976,-0.00705,0.99999,-0.00194,-0.00085,0.00294,0.99596,-0.08764,0.00806,0.01763,33.1,34.48,0.0729,0.0773
20:28:02.572,1790256482.5722,2215,1.938,-8.465,1.839,2.866,-0.02479,-0.01075,0.99643,-0.00029,-0.00019,0.00193,-0.03339,-0.17437,0.98461,-0.10159,0.02748,-0.00111,0.99999,-0.00234,0.00067,0.00297,0.99587,-0.08851,0.01018,0.01772,33.1,34.48,0.0776,0.0796
20:28:02.592,1790256482.5925,2216,2.002,-8.307,1.839,2.86,-0.00997,-0.01548,0.99939,0.00132,0.00556,0.0025,-0.02681,-0.17652,1.00153,-0.08906,0.03635,-0.00025,0.99999,-0.0036,0.00172,0.003,0.99586,-0.08837,0.01183,0.01777,33.1,34.48,0.0797,0.067
20:28:02.613,1790256482.6129,2217,1.87,-8.369,1.839,2.855,-0.00674,-0.00368,1.00026,0.00073,-0.00086,0.00182,-0.01975,-0.16226,0.98343,-0.08749,0.0397,-0.00593,0.99999,-0.0024,0.00283,0.00302,0.99592,-0.08768,0.01176,0.01761,33.1,34.48,0.0798,0.0777
20:28:02.633,1790256482.6332,2218,2.184,-8.214,1.84,2.849,-0.00052,-0.01145,0.99892,-0.00163,0.00436,-0.00485,-0.04919,-0.16437,1.00028,-0.08359,0.03737,0.00166,0.99999,-0.00369,0.00188,0.00297,0.9959,-0.08767,0.0136,0.01769,33.1,34.48,0.0792,0.0688
20:28:02.654,1790256482.6538,2219,2.111,-8.558,1.84,2.844,-0.00352,0.00479,1.00222,-0.00129,0.00169,0.00097,-0.02714,-0.17636,0.98708,-0.08235,0.04425,0.00092,0.99999,-0.00209,0.00186,0.00298,0.99579,-0.08906,0.01288,0.01751,33.1,34.48,0.0783,0.0777
20:28:02.674,1790256482.6742,2220,2.214,-8.628,1.84,2.838,0.00201,-0.00532,0.98135,0.00135,-0.00148,0.00309,-0.00912,-0.17721,0.96139,-0.08229,0.05647,0.00466,0.99999,-0.00235,0.00053,0.00301,0.99572,-0.08996,0.01244,0.01737,33.1,34.48,0.066,0.0632
20:28:02.694,1790256482.6944,2221,2.124,-8.475,1.84,2.833,-0.00482,-0.0188,0.96702,-0.00045,0.0003,0.00267,-0.01802,-0.1715,0.98085,-0.0801,0.05613,0.00196,0.99999,-0.00344,0.00081,0.00304,0.99575,-0.0897,0.01199,0.01722,33.1,34.48,0.0554,0.0769
20:28:02.714,1790256482.7147,2222,2.342,-8.334,1.84,2.828,-0.00513,-0.01897,0.99978,-0.00104,-0.00276,0.00245,-0.03679,-0.17817,0.98984,-0.07044,0.06069,0.00058,0.99998,-0.00501,0.00122,0.00307,0.99568,-0.09006,0.01435,0.01729,33.1,34.48,0.08,0.0752
20:28:02.735,1790256482.7353,2223,2.577,-8.336,1.841,2.822,0.00819,-0.00029,0.99532,0.00159,0.00131,-0.00019,-0.03118,-0.15805,0.99185,-0.07158,0.06387,0.00172,0.99999,-0.00395,6e-05,0.00306,0.99576,-0.08906,0.01523,0.01725,33.1,34.48,0.0765,0.0764
20:28:02.755,1790256482.7558,2224,2.611,-8.189,1.841,2.817,0.00063,-0.00927,0.99477,-0.00085,-0.00086,0.00327,-0.00881,-0.1683,0.97191,-0.0663,0.06923,-0.0004,0.99998,-0.00533,-0.0007,0.0031,0.99576,-0.08917,0.01481,0.01705,33.1,34.48,0.0761,0.0698
20:28:02.776,1790256482.7761,2225,2.499,-8.05,1.841,2.812,-0.01729,-0.02001,0.96425,-0.00203,0.00205,-0.0002,-0.01139,-0.15409,0.99991,-0.05623,0.06835,0.00243,0.99998,-0.00585,0.00027,0.0031,0.99583,-0.08845,0.01484,0.01693,33.1,34.48,0.0535,0.0712
20:28:02.796,1790256482.7964,2226,2.302,-8.251,1.842,2.806,-0.01164,-0.0024,0.9986,0.00089,0.00368,-0.0011,-0.01515,-0.17554,0.97125,-0.06956,0.06731,0.00209,0.99998,-0.00482,0.00154,0.0031,0.99578,-0.08912,0.01435,0.01674,33.1,34.48,0.079,0.0703
20:28:02.816,1790256482.8166,2227,2.419,-8.304,1.842,2.801,0.00796,-0.00076,0.99841,0.00263,-0.002,0.00064,-0.01062,-0.16316,0.98817,-0.05638,0.07743,0.00559,0.99999,-0.00379,0.00027,0.0031,0.99583,-0.08859,0.01409,0.01661,33.1,34.48,0.0788,0.0788
20:28:02.836,1790256482.8368,2228,2.534,-8.464,1.842,2.796,0.00749,-0.00591,0.9856,-0.00177,0.00015,-0.00323,-0.0092,-0.18876,0.98082,-0.05427,0.0746,0.00065,0.99999,-0.00354,-0.0011,0.00307,0.99573,-0.08975,0.01371,0.01639,33.1,34.48,0.0692,0.0791
20:28:02.857,1790256482.8571,2229,2.46,-8.232,1.842,2.79,0.00192,-0.00777,1.00673,-0.00069,-0.00151,-0.00143,-0.01762,-0.16671,0.99758,-0.05888,0.07218,-0.00437,0.99998,-0.00493,-0.0005,0.00306,0.9958,-0.08911,0.01372,0.01619,33.1,34.48,0.0749,0.0713
20:28:02.877,1790256482.8777,2230,2.329,-8.206,1.843,2.785,-0.02287,0.00489,0.98971,0.00086,7e-05,0.00093,-0.01279,-0.154,0.98848,-0.04437,0.08117,0.00356,0.99999,-0.00415,0.00077,0.00306,0.99589,-0.08806,0.01386,0.01607,33.1,34.48,0.0725,0.0796
20:28:02.898,1790256482.8978,2231,2.297,-8.041,1.843,2.78,-0.00422,-0.0286,0.9909,0.00179,-0.00086,9e-05,-0.01587,-0.16699,0.95653,-0.04554,0.08377,0.00037,0.99998,-0.00561,0.00095,0.00307,0.99589,-0.08807,0.01381,0.01588,33.1,34.48,0.0735,0.0583
20:28:02.918,1790256482.9183,2232,2.314,-7.929,1.843,2.775,0.00103,-0.0191,0.97887,0.00117,0.00031,0.00182,-0.01756,-0.17351,0.9715,-0.03571,0.09033,-0.00143,0.99997,-0.00683,0.0005,0.00308,0.99588,-0.08832,0.01354,0.01563,33.1,34.48,0.0643,0.0703
20:28:02.939,1790256482.9389,2233,2.515,-7.926,1.843,2.77,0.003,-0.00496,0.99321,-0.00027,-9e-05,-0.00297,-0.02913,-0.16597,0.98851,-0.03592,0.0899,0.00277,0.99998,-0.00543,-0.00016,0.00305,0.99599,-0.08692,0.01463,0.01557,33.1,34.48,0.0749,0.0779
20:28:02.959,1790256482.9594,2234,2.616,-7.899,1.844,2.764,0.01276,-0.02121,0.98483,0.00017,0.00086,0.00024,-0.01755,-0.18116,0.99501,-0.03009,0.089,0.00381,0.99997,-0.00634,-0.00124,0.00304,0.99593,-0.08762,0.01446,0.01538,33.1,34.48,0.0689,0.0714
20:28:02.980,1790256482.9799,2235,2.471,-8.122,1.844,2.759,-0.01279,-0.0028,0.98845,-0.00047,-0.00178,0.00246,-0.02084,-0.18197,0.98059,-0.03258,0.09148,-0.00062,0.99998,-0.00556,-3e-05,0.00308,0.99584,-0.08874,0.01438,0.01514,33.1,34.49,0.0714,0.0782
20:28:03.000,1790256483.0005,2236,2.738,-8.089,1.845,2.754,0.00981,-0.00183,0.99453,0.00118,-0.00214,0.00186,-0.0311,-0.16572,0.97663,-0.03322,0.08669,-0.00254,0.99998,-0.00447,-0.00118,0.00309,0.99594,-0.08741,0.01554,0.01504,33.1,34.49,0.0759,0.0733
20:28:03.020,1790256483.0207,2237,2.789,-8.344,1.845,2.749,-0.0,-0.0077,1.0078,-9e-05,0.00036,-0.00504,-0.0377,-0.1835,0.98381,-0.02049,0.08875,0.00476,0.99999,-0.00375,0.00013,0.00305,0.99578,-0.08888,0.01727,0.01501,33.1,34.49,0.0741,0.0789
20:28:03.041,1790256483.0411,2238,2.732,-8.088,1.845,2.743,-0.0057,-0.02204,1.0016,0.00213,-0.00236,0.00095,-0.02624,-0.17091,0.99066,-0.02328,0.11134,0.00068,0.99998,-0.00523,0.00066,0.00306,0.99585,-0.08812,0.01736,0.01479,33.1,34.49,0.0786,0.0758
20:28:03.061,1790256483.0617,2239,2.684,-8.202,1.846,2.738,-0.00531,0.00951,0.98671,-0.00272,0.00192,-0.00012,-0.00086,-0.16484,0.97537,-0.01366,0.102,-0.00074,0.99999,-0.00385,0.00096,0.00307,0.99589,-0.08772,0.01723,0.01454,33.1,34.49,0.0701,0.0719
20:28:03.082,1790256483.0821,2240,2.561,-8.055,1.846,2.733,-0.00478,-0.01203,0.99523,-0.00252,0.00148,0.00155,-0.00831,-0.17535,0.97468,-0.00806,0.10267,0.0001,0.99998,-0.00518,0.00181,0.00308,0.99589,-0.08774,0.01705,0.01429,33.1,34.49,0.0765,0.0728
20:28:03.102,1790256483.1026,2241,2.682,-7.965,1.847,2.728,0.01535,-0.02107,0.98355,-0.00163,0.00287,0.00153,-0.01211,-0.17648,0.99456,-0.01182,0.11178,-0.00425,0.99998,-0.00589,0.00063,0.00309,0.99591,-0.08768,0.01696,0.01399,33.1,34.49,0.0679,0.0724
20:28:03.123,1790256483.1231,2242,2.81,-7.92,1.847,2.723,0.00711,-0.01111,0.98094,0.00255,0.00159,0.00014,-0.00856,-0.16895,0.98476,-0.00344,0.11025,0.00152,0.99998,-0.00579,-0.00071,0.00309,0.99595,-0.08721,0.01676,0.01374,33.1,34.49,0.0658,0.0794
20:28:03.143,1790256483.1433,2243,2.864,-7.964,1.848,2.718,0.00564,0.00021,0.97583,-0.00022,0.00209,0.00122,0.01216,-0.1536,0.99551,-0.00219,0.11427,0.00182,0.99998,-0.00462,-0.00112,0.0031,0.99602,-0.08643,0.0168,0.01353,33.1,34.49,0.0619,0.0745
20:28:03.164,1790256483.1639,2244,3.01,-8.016,1.848,2.713,0.02022,-0.00293,1.00237,-0.00176,0.00123,-1e-05,-0.00231,-0.17453,0.98631,-0.00236,0.10854,0.00292,0.99998,-0.00408,-0.00264,0.00309,0.99604,-0.08637,0.01656,0.01329,33.1,34.49,0.0781,0.0788
20:28:03.184,1790256483.1841,2245,3.162,-7.944,1.849,2.708,0.01385,-0.01376,0.99996,0.00033,-0.00305,0.00256,-0.00201,-0.18707,0.99022,0.01143,0.10903,0.00188,0.99997,-0.00495,-0.00403,0.00312,0.99602,-0.08664,0.01653,0.01305,33.1,34.49,0.0799,0.0742
20:28:03.204,1790256483.2044,2246,3.127,-8.056,1.849,2.702,0.0048,0.00782,0.9784,0.00205,-0.00071,0.00024,-0.00399,-0.17015,0.99384,-0.00309,0.11166,0.00154,0.99998,-0.00365,-0.00381,0.00312,0.99605,-0.0863,0.01643,0.01282,33.1,34.49,0.0638,0.0738
20:28:03.225,1790256483.2249,2247,3.152,-7.867,1.85,2.697,0.01274,-0.02882,1.0064,0.00031,0.00033,-0.0023,-0.01099,-0.17118,0.97317,0.00612,0.10791,-0.00245,0.99997,-0.00514,-0.00417,0.0031,0.99607,-0.08614,0.01634,0.01254,33.1,34.49,0.0748,0.0711
20:28:03.245,1790256483.2454,2248,3.049,-7.718,1.851,2.692,0.00564,-0.0143,0.99195,-5e-05,-0.00329,-0.00407,-0.01195,-0.17331,0.97574,0.00752,0.11215,-0.00237,0.99997,-0.00642,-0.0034,0.00307,0.99608,-0.0861,0.01626,0.01226,33.1,34.49,0.0741,0.0733
20:28:03.265,1790256483.2658,2249,2.97,-7.819,1.851,2.687,-0.00135,0.007,0.98452,-0.00274,-0.00212,-0.00329,-0.01418,-0.17124,0.98732,0.0178,0.11305,-0.00308,0.99998,-0.00516,-0.00289,0.00304,0.99612,-0.08569,0.01606,0.01196,33.1,34.49,0.0684,0.0784
20:28:03.286,1790256483.286,2250,2.808,-7.894,1.852,2.682,-0.01372,-0.00528,1.00566,0.0015,-0.00073,0.00279,-0.00752,-0.18343,0.98529,0.02619,0.12204,0.00246,0.99998,-0.00476,-0.00142,0.00307,0.9961,-0.08591,0.01612,0.01171,33.1,34.49,0.0757,0.0783
20:28:03.306,1790256483.3065,2251,2.98,-7.878,1.852,2.677,0.01351,-0.00091,0.99992,0.00356,0.00095,-0.00347,-0.02941,-0.16759,0.98151,0.02134,0.13165,-0.00218,0.99998,-0.00369,-0.00269,0.00303,0.9962,-0.08473,0.01637,0.01144,33.1,34.49,0.08,0.0771
20:28:03.326,1790256483.3266,2252,2.818,-7.851,1.852,2.672,-0.02199,-0.00779,0.98181,1e-05,-0.00087,-0.00109,0.00223,-0.17321,0.97504,0.0289,0.11152,0.00676,0.99999,-0.00372,-0.00135,0.00304,0.99623,-0.08449,0.0163,0.01125,33.1,34.49,0.0666,0.0727
20:28:03.347,1790256483.3471,2253,2.79,-7.681,1.853,2.667,0.00156,-0.01063,1.00205,0.00058,0.00169,0.00156,-0.02956,-0.1668,0.9663,0.03689,0.1275,0.00022,0.99998,-0.00524,-0.0008,0.00306,0.99622,-0.0845,0.01665,0.011,33.1,34.49,0.0784,0.0658
20:28:03.367,1790256483.3676,2254,2.716,-7.701,1.853,2.663,-0.00093,-0.00738,1.01586,0.00046,0.00156,0.00178,-0.01344,-0.16491,1.00715,0.03632,0.11908,-0.00143,0.99999,-0.00413,7e-05,0.00308,0.9963,-0.08355,0.01687,0.01075,33.1,34.49,0.0681,0.0645
20:28:03.388,1790256483.3879,2255,2.749,-7.816,1.854,2.658,0.00156,-0.00221,0.97504,0.00131,-0.00196,0.00382,-0.01454,-0.1713,0.98795,0.03457,0.11888,-0.00277,0.99999,-0.00293,-0.0003,0.00312,0.99632,-0.08335,0.01678,0.01045,33.1,34.49,0.0613,0.0779
20:28:03.408,1790256483.4085,2256,2.852,-7.534,1.854,2.653,0.00917,-0.0179,0.99139,-0.0002,0.00108,-2e-05,-0.03008,-0.16452,0.99304,0.0365,0.11566,0.00176,0.99999,-0.00416,-0.00119,0.00312,0.99643,-0.08214,0.01685,0.01023,33.1,34.49,0.0737,0.0747
20:28:03.429,1790256483.4291,2257,2.977,-7.123,1.855,2.648,0.00441,-0.02211,1.00373,-0.00034,0.00173,0.00047,-0.03047,-0.15292,0.98033,0.04437,0.12575,0.00138,0.99998,-0.00573,-0.00142,0.00312,0.99658,-0.08013,0.01775,0.01008,33.1,34.49,0.077,0.0745
20:28:03.449,1790256483.4493,2258,2.817,-6.987,1.855,2.643,-0.00813,-0.01045,0.99501,-0.00246,-0.00327,-0.00132,-0.01963,-0.14931,0.97783,0.04705,0.1143,0.00038,0.99998,-0.00562,8e-05,0.00312,0.99668,-0.07881,0.01787,0.00986,33.1,34.49,0.0763,0.072
20:28:03.469,1790256483.4695,2259,2.915,-6.809,1.856,2.639,0.00836,-0.02111,0.98841,0.00129,0.00189,0.00152,0.0023,-0.16653,0.99642,0.05554,0.11316,-0.00269,0.99997,-0.0067,-0.00085,0.00313,0.99672,-0.07835,0.01783,0.00959,33.1,34.49,0.0715,0.0723
20:28:03.489,1790256483.4898,2260,2.768,-6.862,1.856,2.635,-0.01336,-0.0001,0.99271,0.00026,-0.00044,-0.00282,-0.01319,-0.15929,0.98813,0.05701,0.11687,-0.00137,0.99998,-0.0057,0.00028,0.00311,0.99677,-0.07779,0.01768,0.00932,33.1,34.49,0.0746,0.0793
20:28:03.510,1790256483.5101,2261,2.765,-7.015,1.857,2.63,-0.00241,0.00231,0.99037,-0.00143,0.00327,0.00393,-0.01673,-0.16896,0.99779,0.06615,0.11573,-0.00083,0.99999,-0.00425,0.00051,0.00315,0.99678,-0.07766,0.01788,0.00907,33.1,34.49,0.0728,0.0709
20:28:03.530,1790256483.5307,2262,2.952,-7.037,1.857,2.625,0.0096,-0.00841,0.98129,0.0003,-0.00022,-0.0034,-0.02729,-0.16196,0.9811,0.05999,0.11608,-0.00025,0.99999,-0.00425,-0.00086,0.00311,0.99676,-0.07787,0.01815,0.00883,33.1,34.49,0.066,0.0761
20:28:03.551,1790256483.5512,2263,3.091,-6.872,1.858,2.621,0.01549,-0.01297,0.99331,-0.00032,0.00079,0.00193,-0.00586,-0.15273,0.98848,0.06162,0.11263,-0.00268,0.99998,-0.00473,-0.00232,0.00313,0.99684,-0.07692,0.01793,0.00855,33.1,34.49,0.0751,0.0798
20:28:03.571,1790256483.5715,2264,3.082,-6.888,1.858,2.616,0.00403,-0.00242,0.97518,0.00108,-0.00278,-0.00255,-0.01684,-0.15095,0.9929,0.06937,0.12347,-8e-05,0.99999,-0.00348,-0.00226,0.0031,0.99693,-0.0758,0.01791,0.0083,33.1,34.49,0.0614,0.0767
20:28:03.592,1790256483.592,2265,3.062,-7.03,1.859,2.612,-0.01512,0.00378,1.01019,-0.00143,-0.0033,0.00135,-0.03443,-0.16415,0.9946,0.07183,0.11495,0.00021,0.99999,-0.00278,-0.001,0.00312,0.99687,-0.07632,0.01899,0.00812,33.1,34.49,0.0723,0.0735
20:28:03.612,1790256483.6123,2266,2.978,-6.975,1.859,2.607,-0.01522,-0.01501,0.97638,0.00017,-0.00314,-0.00145,-0.02601,-0.1664,0.98435,0.08682,0.11373,0.00181,0.99999,-0.0034,7e-05,0.00311,0.99686,-0.07644,0.01935,0.0079,33.1,34.49,0.0625,0.079
20:28:03.633,1790256483.6328,2267,2.868,-6.69,1.86,2.603,-0.00755,-0.01588,0.97879,-0.00171,-0.00029,0.00153,-0.02175,-0.14817,0.99318,0.08293,0.1106,0.00384,0.99998,-0.00445,0.00088,0.00313,0.99697,-0.075,0.01923,0.0077,33.1,34.49,0.0642,0.0767
20:28:03.653,1790256483.6533,2268,2.776,-6.688,1.86,2.599,-0.00617,0.00338,0.98993,-0.00216,0.00089,0.00086,-0.024,-0.14574,0.98847,0.08168,0.10141,0.00036,0.99999,-0.00308,0.0014,0.00315,0.99708,-0.0736,0.01895,0.00748,33.1,34.49,0.0725,0.0796
20:28:03.673,1790256483.6736,2269,2.787,-6.738,1.861,2.594,0.00375,0.02685,1.00904,-0.00056,0.00273,0.0023,-0.02267,-0.14737,0.98269,0.09668,0.10912,-0.00588,0.99999,-0.00163,0.00113,0.00317,0.99716,-0.07259,0.01878,0.00718,33.1,34.49,0.0729,0.0755
20:28:03.694,1790256483.6941,2270,2.999,-6.348,1.861,2.59,0.00412,-0.01195,0.97986,-0.00169,-0.00176,5e-05,-0.03726,-0.13909,1.00761,0.07773,0.11041,-0.00066,0.99999,-0.00272,0.00033,0.00317,0.9973,-0.07029,0.01986,0.00705,33.1,34.49,0.065,0.0666
20:28:03.714,1790256483.7147,2271,3.126,-6.327,1.862,2.586,0.01109,0.00135,0.98949,0.00347,0.00225,0.00141,-0.01494,-0.14435,0.99791,0.0911,0.10532,0.00011,0.99999,-0.00194,-0.00094,0.00318,0.99738,-0.06933,0.0197,0.00683,33.1,34.49,0.0722,0.0737
20:28:03.735,1790256483.7352,2272,3.093,-5.972,1.862,2.582,-0.00017,-0.013,0.99354,0.00035,5e-05,0.00107,-0.00243,-0.12379,0.97889,0.09152,0.11412,-0.00376,0.99999,-0.00345,-0.00061,0.00319,0.99749,-0.06773,0.01978,0.00658,33.1,34.49,0.0752,0.07
20:28:03.755,1790256483.7556,2273,3.018,-5.878,1.863,2.578,-0.01224,-0.01681,1.00316,0.00333,0.00134,0.00193,-0.02801,-0.15478,0.98053,0.10319,0.11212,0.00137,0.99999,-0.00435,0.00066,0.00321,0.99747,-0.0678,0.02042,0.00639,33.1,34.49,0.0775,0.0748
20:28:03.776,1790256483.7762,2274,3.162,-5.712,1.864,2.574,0.0075,-0.00686,0.98101,-0.00075,-0.00016,0.00065,-0.02482,-0.12959,0.98325,0.10664,0.11176,-0.00139,0.99999,-0.0041,-0.00067,0.00321,0.99759,-0.06611,0.02036,0.00616,33.1,34.49,0.0658,0.074
20:28:03.796,1790256483.7966,2275,3.292,-5.485,1.864,2.57,0.01905,-0.01589,1.00945,0.00068,0.00257,0.00072,-0.02303,-0.12775,0.97795,0.10007,0.09379,-0.00154,0.99998,-0.00467,-0.00201,0.00321,0.99768,-0.06471,0.02016,0.00595,33.1,34.49,0.0727,0.0699
20:28:03.817,1790256483.8169,2276,3.184,-5.262,1.865,2.566,-0.00059,-0.01566,0.99337,-0.00136,0.0012,0.00305,-0.00507,-0.14102,0.97098,0.09959,0.09425,-0.00146,0.99998,-0.00593,-0.00112,0.00325,0.99773,-0.06401,0.02014,0.00574,33.1,34.49,0.0751,0.0659
20:28:03.837,1790256483.8376,2277,3.325,-5.363,1.866,2.563,0.01186,-0.00138,0.97118,0.00186,0.00239,0.00214,-0.01876,-0.1577,0.9796,0.10336,0.09976,-0.00176,0.99998,-0.00504,-0.00193,0.00327,0.99772,-0.064,0.02055,0.00553,33.1,34.49,0.0584,0.0743
20:28:03.858,1790256483.8579,2278,3.335,-5.484,1.866,2.559,0.00443,-0.00243,0.99557,0.00167,-0.00187,-0.00097,-0.00412,-0.15192,0.99542,0.11151,0.09662,-0.00327,0.99999,-0.00346,-0.00208,0.00326,0.99776,-0.06347,0.0205,0.00529,33.1,34.49,0.0767,0.0748
20:28:03.878,1790256483.8782,2279,3.215,-5.267,1.867,2.555,-0.00458,-0.01676,0.98024,0.00424,0.00486,0.00134,0.01249,-0.13772,0.9718,0.10626,0.09085,0.00024,0.99998,-0.00442,-0.00117,0.00328,0.99782,-0.06253,0.02037,0.0051,33.1,34.49,0.0653,0.0662
20:28:03.898,1790256483.8987,2280,3.312,-5.051,1.868,2.552,0.00811,-0.01541,0.99847,0.00051,0.00066,-5e-05,-0.01423,-0.13912,0.99151,0.11924,0.09288,-0.00061,0.99998,-0.00564,-0.00225,0.00327,0.99787,-0.06186,0.02015,0.00488,33.1,34.49,0.079,0.079
20:28:03.919,1790256483.9193,2281,3.204,-4.927,1.868,2.548,0.00385,-0.01167,0.99168,-0.00119,0.00175,4e-05,-0.01939,-0.15865,0.99477,0.11943,0.0781,-0.00447,0.99997,-0.0066,-0.00108,0.00328,0.99787,-0.06172,0.0204,0.00466,33.1,34.49,0.0738,0.0744
20:28:03.940,1790256483.9399,2282,3.039,-4.643,1.869,2.545,-0.0004,-0.01587,0.994,-0.00172,-0.00212,-0.00199,-0.00327,-0.12658,0.99769,0.11848,0.08555,0.00119,0.99996,-0.00777,-6e-05,0.00327,0.99796,-0.06041,0.01999,0.00447,33.1,34.49,0.0756,0.0757
20:28:03.960,1790256483.9602,2283,2.905,-4.709,1.869,2.541,-0.00925,-0.00293,0.98675,0.00196,0.00232,-0.00059,-0.02199,-0.13177,0.98751,0.12204,0.0761,0.00305,0.99997,-0.00662,0.00082,0.00327,0.99801,-0.05983,0.0197,0.00431,33.1,34.49,0.0701,0.0774
20:28:03.980,1790256483.9804,2284,2.808,-4.807,1.87,2.538,-0.0028,-0.01134,0.98852,-0.00131,0.00148,-0.00014,-0.02591,-0.13333,0.99259,0.12617,0.08081,-2e-05,0.99998,-0.00542,0.00161,0.00328,0.99803,-0.05947,0.01964,0.00412,33.1,34.5,0.0714,0.0786
20:28:04.000,1790256484.0008,2285,2.815,-4.92,1.87,2.534,-0.00296,-0.00878,0.99062,-0.00458,0.0011,-0.00161,-0.01717,-0.13868,0.99406,0.12566,0.0788,-0.00177,0.99999,-0.00399,0.00142,0.00327,0.99806,-0.05902,0.01952,0.00392,33.1,34.5,0.073,0.0771
20:28:04.021,1790256484.021,2286,2.894,-4.663,1.871,2.531,0.0059,-0.01715,0.9928,0.00126,0.00459,0.00437,-0.01307,-0.12576,1.00866,0.12453,0.07704,-0.0012,0.99998,-0.00507,0.00042,0.00331,0.99813,-0.05786,0.01922,0.00373,33.1,34.5,0.0747,0.0676
20:28:04.041,1790256484.0417,2287,2.921,-4.645,1.871,2.528,0.00729,0.00207,0.98021,0.00351,0.00154,-0.00209,-0.01053,-0.11931,0.98521,0.13275,0.07247,-0.00052,0.99999,-0.00392,-0.00032,0.00328,0.99822,-0.05655,0.01871,0.00354,33.1,34.5,0.0652,0.0743
20:28:04.062,1790256484.0623,2288,2.933,-4.756,1.872,2.524,0.00207,-0.0009,0.99629,-0.00136,-0.00166,-0.00029,-0.01283,-0.13363,0.98559,0.1356,0.06668,0.00199,0.99999,-0.00238,-0.00067,0.00328,0.99826,-0.05597,0.01848,0.00339,33.1,34.5,0.0772,0.076
20:28:04.083,1790256484.0829,2289,2.817,-4.757,1.872,2.521,-0.00871,-0.00245,0.99233,0.00072,0.00089,0.0009,-0.02701,-0.13683,0.97314,0.13977,0.06669,-0.00315,0.99999,-0.00204,0.00083,0.00328,0.99827,-0.05563,0.01896,0.00322,33.1,34.5,0.0743,0.0673
20:28:04.103,1790256484.1036,2290,2.907,-4.662,1.873,2.517,0.00818,-0.00349,0.98525,0.0018,0.00304,-0.00205,-0.00359,-0.12723,0.99456,0.13543,0.0578,0.00111,0.99999,-0.00194,-0.00056,0.00326,0.99833,-0.0547,0.01836,0.00306,33.1,34.5,0.069,0.078
20:28:04.124,1790256484.124,2291,2.755,-4.442,1.873,2.514,-0.00593,-0.01319,1.00805,0.00162,0.00266,0.00149,-0.0069,-0.13061,0.98767,0.14312,0.06193,0.00083,0.99999,-0.00313,0.00037,0.00328,0.99838,-0.05397,0.01798,0.0029,33.1,34.5,0.0739,0.0772
20:28:04.144,1790256484.1445,2292,2.89,-4.409,1.873,2.511,0.0056,-0.00424,0.97437,-0.00327,-0.00416,2e-05,-0.00703,-0.14302,1.01238,0.13317,0.05473,-0.00269,0.99999,-0.00281,-0.00087,0.00328,0.99841,-0.05336,0.01792,0.00273,33.1,34.5,0.0608,0.0632
20:28:04.165,1790256484.1648,2293,2.776,-4.143,1.874,2.508,-0.00067,-0.01109,0.9697,0.0,-0.00294,-0.00224,-0.00722,-0.11369,0.98044,0.14264,0.0522,0.00325,0.99999,-0.00389,-0.00046,0.00326,0.99849,-0.05212,0.01734,0.00261,33.1,34.5,0.0573,0.0703
20:28:04.185,1790256484.1852,2294,2.854,-4.021,1.874,2.505,0.0145,-0.0015,1.00483,-0.00058,0.00198,0.00082,-0.00058,-0.10353,1.00517,0.14298,0.04775,0.00444,0.99999,-0.00323,-0.00187,0.00325,0.99859,-0.0504,0.01662,0.00251,33.1,34.5,0.0763,0.0721
20:28:04.205,1790256484.2055,2295,2.782,-4.038,1.875,2.502,0.00406,-0.00399,0.99222,-0.00177,0.00368,-0.00092,0.01396,-0.11144,0.99016,0.14665,0.04515,-8e-05,0.99999,-0.00176,-0.00206,0.00324,0.99867,-0.04907,0.01581,0.00236,33.1,34.5,0.0742,0.0774
20:28:04.226,1790256484.2261,2296,2.903,-3.911,1.875,2.499,0.02483,-0.005,0.99468,0.00238,-0.00195,-0.00153,0.00625,-0.11726,1.01048,0.13592,0.04539,-0.00181,0.99999,-0.00185,-0.00365,0.00323,0.99873,-0.04804,0.01528,0.00221,33.1,34.5,0.0762,0.067
20:28:04.246,1790256484.2465,2297,2.789,-3.655,1.876,2.496,-0.00109,-0.02981,1.00317,-0.00362,0.0013,0.00103,-0.00737,-0.11407,0.99071,0.14406,0.04822,0.00065,0.99998,-0.00339,-0.00316,0.00324,0.99877,-0.04736,0.01478,0.00208,33.1,34.5,0.0773,0.078
20:28:04.267,1790256484.2669,2298,2.886,-3.463,1.876,2.493,0.01857,-0.01571,0.99078,-0.00183,0.0003,0.00114,-0.01769,-0.10197,0.97456,0.13873,0.0401,0.00021,0.99998,-0.00429,-0.00437,0.00326,0.99881,-0.04658,0.01441,0.00196,33.1,34.5,0.0733,0.065
20:28:04.287,1790256484.2872,2299,2.921,-3.61,1.877,2.49,0.00996,0.00149,0.99758,-0.00021,0.00254,-0.00092,-0.01993,-0.11727,1.00078,0.14699,0.04286,-0.0053,0.99998,-0.00271,-0.00454,0.00324,0.99882,-0.04628,0.01455,0.0018,33.1,34.5,0.0782,0.0741
20:28:04.307,1790256484.3076,2300,2.859,-3.612,1.877,2.487,0.0173,0.01697,0.98742,-0.00138,-0.00034,0.00118,-0.01002,-0.09634,0.99162,0.14402,0.02361,-0.00036,0.99998,-0.00137,-0.00505,0.00325,0.9989,-0.04495,0.01351,0.00167,33.1,34.5,0.0708,0.0773
20:28:04.328,1790256484.3279,2301,2.647,-3.589,1.877,2.485,-0.00091,0.00046,0.98556,-0.0055,-0.00098,0.00202,-0.01505,-0.10272,0.99738,0.14622,0.03155,-0.00089,0.99999,-0.00104,-0.00372,0.00327,0.99893,-0.04441,0.01299,0.00155,33.1,34.5,0.0692,0.0779
20:28:04.348,1790256484.3482,2302,2.648,-3.657,1.878,2.482,0.011,0.00576,0.9842,-0.00126,0.00015,-0.00149,-0.01761,-0.09672,0.99007,0.15387,0.02494,0.00529,0.99999,0.00022,-0.00431,0.00326,0.99896,-0.04374,0.01242,0.00149,33.1,34.5,0.0682,0.0762
20:28:04.368,1790256484.3685,2303,2.467,-3.605,1.878,2.479,1e-05,-0.00131,0.98893,0.003,-0.00196,-0.00039,-0.01819,-0.1044,0.99763,0.14259,0.01545,-0.00625,0.99999,-4e-05,-0.00291,0.00326,0.99898,-0.04355,0.01223,0.00134,33.1,34.5,0.0717,0.0776
20:28:04.389,1790256484.389,2304,2.459,-3.393,1.878,2.476,0.00755,-0.00536,1.01114,0.00048,-0.00197,0.00216,-0.0124,-0.10296,0.99479,0.15182,0.01883,-0.00523,0.99999,-0.00144,-0.00338,0.00329,0.999,-0.04309,0.01169,0.00119,33.1,34.5,0.0716,0.0799
20:28:04.409,1790256484.4092,2305,2.42,-3.352,1.879,2.474,0.00905,0.00078,0.98874,-0.00252,-0.00192,0.00532,0.00636,-0.0895,1.00309,0.1475,0.01084,-0.00263,0.99999,-0.00025,-0.00419,0.00334,0.99908,-0.04154,0.01055,0.00106,33.1,34.5,0.0716,0.0747
20:28:04.429,1790256484.4295,2306,2.381,-3.015,1.879,2.471,0.00425,-0.00047,0.99361,1e-05,-0.0015,0.00107,-0.02507,-0.07806,1.00479,0.1486,0.00928,0.0012,0.99999,-0.00024,-0.00268,0.00335,0.99919,-0.03859,0.01172,0.00108,33.1,34.5,0.0752,0.0739
20:28:04.450,1790256484.45,2307,2.218,-2.832,1.879,2.469,-0.00827,-0.01638,0.98294,5e-05,0.00062,-0.00043,-0.00582,-0.10099,0.98692,0.15284,0.00916,-0.00108,0.99999,-0.00129,-0.00179,0.00336,0.99921,-0.03805,0.01119,0.00098,33.1,34.5,0.0673,0.0741
20:28:04.470,1790256484.4705,2308,1.969,-2.787,1.879,2.466,-0.02279,-0.00108,0.9866,-0.00168,-0.00066,0.00115,-0.0062,-0.09577,0.99428,0.1468,0.00183,-0.00306,0.99999,-0.00123,-0.00037,0.00337,0.99924,-0.0376,0.01044,0.00087,33.1,34.5,0.0701,0.0792
20:28:04.491,1790256484.4911,2309,2.041,-2.632,1.879,2.464,0.01537,-0.00985,1.00155,0.0031,-0.00028,0.00322,-0.00369,-0.09381,1.00036,0.15569,-0.00016,0.00111,0.99999,-0.00193,-0.00183,0.0034,0.99927,-0.03693,0.00961,0.0008,33.1,34.5,0.0787,0.0764
20:28:04.511,1790256484.5117,2310,1.928,-2.749,1.879,2.461,0.00243,0.00425,1.00026,-0.00016,0.0043,-0.00162,-0.00868,-0.08755,0.98309,0.15343,-0.01155,-0.00165,0.99999,-0.00031,-0.00154,0.00339,0.9993,-0.03633,0.00892,0.00071,33.1,34.5,0.0798,0.0703
20:28:04.532,1790256484.5322,2311,1.933,-2.594,1.879,2.459,0.01941,-0.00167,0.98422,0.00084,-0.00026,-0.00236,-0.01091,-0.07428,0.992,0.14814,-0.01193,-0.0041,0.99999,-0.00038,-0.00295,0.00336,0.99936,-0.03505,0.00755,0.00059,33.1,34.5,0.0683,0.0761
20:28:04.552,1790256484.5525,2312,1.785,-2.237,1.879,2.457,0.00585,-0.01267,0.99489,0.00168,-0.00253,-0.00349,0.00724,-0.07182,0.98662,0.15321,-0.01314,0.0022,0.99999,-0.00191,-0.00298,0.00334,0.99942,-0.03346,0.00622,0.00054,33.1,34.5,0.0762,0.0719
20:28:04.573,1790256484.5728,2313,1.611,-2.18,1.879,2.455,-0.00216,-0.00439,0.99232,8e-05,0.00028,-0.00126,-0.01081,-0.08784,0.97851,0.15071,-0.01679,-0.00168,0.99999,-0.00202,-0.00147,0.00334,0.99943,-0.03308,0.00622,0.0005,33.1,34.5,0.0742,0.0669
20:28:04.593,1790256484.5932,2314,1.435,-2.183,1.879,2.453,0.00274,0.01783,0.98471,0.00222,0.00316,0.00117,0.00319,-0.0703,0.99536,0.15843,-0.02014,-0.00345,0.99999,-0.0006,-0.00143,0.00335,0.99949,-0.03169,0.00472,0.00039,33.1,34.5,0.0687,0.0784
20:28:04.613,1790256484.6138,2315,1.145,-2.147,1.878,2.45,-0.01142,-0.00075,1.00236,0.0001,0.00251,-0.00246,-0.00023,-0.0774,1.01116,0.12768,-0.03074,-0.00354,0.99999,-0.00056,0.0002,0.00333,0.9995,-0.03133,0.00383,0.00032,33.1,34.5,0.0782,0.0694
20:28:04.634,1790256484.6344,2316,0.992,-2.113,1.878,2.448,-0.01567,-0.00362,0.98745,0.00075,0.00111,0.00138,-0.00891,-0.0863,0.99647,0.14457,-0.02378,0.00058,0.99999,-0.0008,0.00164,0.00333,0.9995,-0.03127,0.00393,0.00031,33.1,34.5,0.0707,0.0798
20:28:04.654,1790256484.6548,2317,0.917,-2.188,1.878,2.446,-0.00086,0.02708,0.96859,-0.00472,-0.00321,-0.00068,0.00096,-0.07721,0.98313,0.14504,-0.0327,0.00039,0.99999,0.0003,0.00151,0.00333,0.99952,-0.03083,0.00316,0.00028,33.1,34.5,0.0567,0.0696
20:28:04.675,1790256484.6754,2318,0.976,-2.271,1.877,2.444,0.00184,0.00446,0.98395,0.00123,-0.00153,-0.00228,-0.00286,-0.07619,0.99868,0.1497,-0.04616,-0.00097,0.99999,0.00119,0.0004,0.0033,0.99953,-0.03066,0.00256,0.00025,33.1,34.5,0.068,0.0788
20:28:04.696,1790256484.696,2319,1.273,-2.1,1.877,2.442,0.00992,0.00565,0.98638,0.00121,-0.00058,-0.00082,-0.02279,-0.05818,0.97816,0.1526,-0.03539,-0.00935,0.99999,0.00162,-0.00097,0.00331,0.99958,-0.02874,0.00378,0.00019,33.1,34.5,0.0698,0.0651
20:28:04.716,1790256484.7166,2320,1.326,-1.98,1.877,2.44,0.0053,0.00116,1.00333,0.00337,-0.00328,0.00441,0.00422,-0.08214,0.99032,0.14029,-0.05195,0.00162,0.99999,0.00082,-0.00237,0.00336,0.99959,-0.02849,0.00284,0.00018,33.1,34.5,0.0775,0.0753
20:28:04.736,1790256484.7368,2321,1.28,-2.097,1.876,2.438,0.00246,0.00773,0.98098,-0.00216,-0.00156,0.00119,-0.009,-0.0733,1.00176,0.15035,-0.05201,-0.00174,0.99999,0.00204,-0.00194,0.00337,0.9996,-0.02828,0.00287,0.00017,33.1,34.5,0.0658,0.0766
20:28:04.757,1790256484.7573,2322,1.292,-1.942,1.876,2.436,0.00934,-0.00574,0.9897,0.00145,-8e-05,-0.00056,-0.00156,-0.07233,0.99408,0.13543,-0.04687,0.00255,0.99999,0.00075,-0.00267,0.00337,0.9996,-0.02822,0.00225,0.00018,33.1,34.5,0.0723,0.0775
20:28:04.777,1790256484.7776,2323,1.224,-1.826,1.876,2.434,-0.01535,-0.00833,0.98902,0.0012,0.00041,0.00216,-0.01522,-0.07077,0.99967,0.14293,-0.04747,0.00158,0.99999,0.00013,-0.00135,0.0034,0.99961,-0.02784,0.00297,0.00021,33.1,34.5,0.0719,0.0783
20:28:04.798,1790256484.7979,2324,1.215,-1.962,1.875,2.432,0.00268,0.00722,0.97645,-0.00381,0.00355,0.00116,-0.00861,-0.07409,0.99513,0.13954,-0.05208,0.00467,0.99999,0.00136,-0.00132,0.00341,0.99961,-0.02779,0.00292,0.00026,33.1,34.5,0.0624,0.0784
20:28:04.818,1790256484.8186,2325,0.894,-1.684,1.875,2.43,-0.0048,-0.0071,0.98284,-0.00051,-0.00066,0.00022,0.00771,-0.05803,0.9921,0.13851,-0.06796,-0.0055,0.99999,0.00025,-0.00049,0.00341,0.99965,-0.02647,0.00095,0.00017,33.1,34.5,0.0672,0.0754
20:28:04.839,1790256484.8392,2326,0.594,-1.735,1.874,2.428,-0.00212,0.00477,0.98269,0.00143,7e-05,-0.00149,0.01344,-0.06172,0.99784,0.12419,-0.06043,-0.00455,0.99999,0.00137,0.00032,0.00341,0.99967,-0.02581,-0.00085,9e-05,33.1,34.5,0.067,0.0799
20:28:04.859,1790256484.8594,2327,0.76,-1.619,1.874,2.426,0.00575,0.01749,0.98141,0.00403,-0.00154,0.00241,-0.00022,-0.05027,0.9925,0.13472,-0.0688,0.00194,0.99999,0.00265,-0.00022,0.00343,0.99972,-0.02352,5e-05,0.00015,33.1,34.5,0.0662,0.0753
20:28:04.879,1790256484.8798,2328,0.985,-1.544,1.873,2.424,0.01656,0.00366,0.97775,0.00197,-0.00033,0.00099,-0.00281,-0.0496,1.00277,0.13739,-0.07364,0.0021,0.99999,0.00255,-0.00152,0.00345,0.99974,-0.02296,0.00073,0.00021,33.1,34.5,0.0634,0.077
20:28:04.900,1790256484.9001,2329,0.662,-1.465,1.873,2.423,-0.00075,0.00436,0.97828,-0.00146,0.00455,0.0001,0.00733,-0.05579,1.01131,0.1263,-0.07627,0.00348,0.99999,0.00232,-0.0002,0.00345,0.99975,-0.02251,-0.00078,0.00023,33.1,34.5,0.0637,0.0703
20:28:04.920,1790256484.9207,2330,0.281,-1.32,1.872,2.421,-0.00892,0.0051,0.99464,6e-05,-0.0015,-0.0018,0.01808,-0.04567,0.9786,0.12263,-0.06869,-5e-05,0.99999,0.00239,0.00134,0.00343,0.99977,-0.02117,-0.00256,0.00021,33.1,34.5,0.076,0.0649
20:28:04.941,1790256484.9411,2331,0.398,-0.948,1.872,2.419,-0.00167,-0.01264,0.98706,0.00195,0.00076,0.00108,-0.00096,-0.0414,1.01022,0.12791,-0.07248,-0.00074,0.99999,0.00098,0.00126,0.00344,0.99981,-0.01933,-0.00162,0.00024,33.1,34.5,0.0704,0.0717
20:28:04.961,1790256484.9617,2332,0.342,-0.643,1.871,2.418,0.01121,-0.00096,1.00581,0.00153,0.00169,0.00375,0.00618,-0.03701,1.00458,0.12744,-0.08979,0.00373,0.99999,0.00067,-0.00025,0.00348,0.99985,-0.01697,-0.00362,0.00026,33.1,34.5,0.0756,0.076
20:28:04.982,1790256484.9819,2333,0.284,-0.792,1.87,2.416,0.0004,0.00703,0.98378,0.00162,0.00028,0.00379,0.00668,-0.04629,1.02054,0.11502,-0.0803,-0.0001,0.99999,0.00206,-0.00022,0.00352,0.99985,-0.01689,-0.0041,0.00028,33.1,34.51,0.0679,0.0638
20:28:05.003,1790256485.0032,2334,0.372,-0.288,1.869,2.415,0.00137,0.00196,0.99484,0.00058,0.00174,0.00173,3e-05,-0.01853,0.99301,0.12325,-0.08229,0.00284,0.99999,0.00058,-0.00085,0.00354,0.99989,-0.01397,-0.00396,0.00032,33.1,34.51,0.0761,0.0749
20:28:05.023,1790256485.0235,2335,0.467,0.002,1.869,2.414,0.00381,-0.01521,1.00577,-0.00177,0.00378,0.00122,-0.0103,-0.03336,0.98602,0.11912,-0.09267,-0.0008,0.99999,-0.00097,-0.00102,0.00356,0.99991,-0.01299,-0.0033,0.00035,33.1,34.51,0.0756,0.07
20:28:05.044,1790256485.0439,2336,0.389,0.0,1.868,2.413,-0.00823,0.00106,0.98381,-0.0003,-0.00326,0.00112,-0.00792,-0.03748,1.00031,0.11353,-0.08896,-0.0024,0.99999,-0.00059,0.00028,0.00357,0.99992,-0.01263,-0.00269,0.00035,33.1,34.51,0.0679,0.0792
20:28:05.064,1790256485.0645,2337,0.314,0.212,1.867,2.412,-0.02564,-0.0073,0.98731,0.00229,-0.0008,-3e-05,-0.00794,-0.02439,1.00441,0.1156,-0.10493,0.00691,0.99999,-0.00092,0.00168,0.00357,0.99994,-0.01111,-0.00194,0.00045,33.1,34.51,0.0707,0.0764
20:28:05.085,1790256485.0851,2338,0.274,0.398,1.867,2.411,-0.01978,-0.01145,0.97838,0.00081,-0.0011,-0.00053,-0.02343,-0.03179,0.9923,0.12202,-0.08865,-0.00057,0.99999,-0.00159,0.00281,0.00357,0.99995,-0.01017,-0.00115,0.00046,33.1,34.51,0.064,0.0748
20:28:05.105,1790256485.1054,2339,0.199,0.672,1.866,2.41,-0.02312,-0.01019,0.99633,0.00121,0.0011,0.00105,-0.01018,-0.01594,1.00118,0.10469,-0.09496,0.00368,0.99998,-0.00218,0.00427,0.00357,0.99996,-0.00837,-0.00035,0.00052,33.1,34.51,0.0775,0.079
20:28:05.126,1790256485.1261,2340,0.156,0.461,1.865,2.409,-0.00691,0.00657,0.99206,0.00226,-0.00207,-0.00069,-0.00105,-0.03203,1.00175,0.10531,-0.10184,-0.00474,0.99999,-0.00065,0.00403,0.00357,0.99996,-0.00868,-0.00096,0.00048,33.1,34.51,0.0741,0.0783
20:28:05.146,1790256485.1466,2341,0.285,0.575,1.864,2.409,0.00318,-0.00877,0.98128,0.00359,0.00021,-0.00171,-0.00253,-0.02212,0.97539,0.10145,-0.10465,0.00013,0.99999,-0.00137,0.00291,0.00356,0.99996,-0.0084,-0.00096,0.00049,33.1,34.51,0.066,0.0617
20:28:05.167,1790256485.1668,2342,0.003,0.815,1.864,2.408,-0.00713,-0.01324,1.00175,0.00162,0.00109,0.00215,0.02061,-0.0262,0.998,0.10325,-0.10828,-0.00181,0.99998,-0.00293,0.0031,0.00357,0.99996,-0.00787,-0.00323,0.00047,33.1,34.51,0.0786,0.0789
20:28:05.187,1790256485.187,2343,0.101,0.686,1.863,2.407,0.00571,0.01346,0.98999,-0.00179,0.00191,0.00195,0.00286,-0.01994,1.00593,0.10365,-0.11411,0.00125,0.99999,-0.0017,0.00235,0.0036,0.99996,-0.00776,-0.00313,0.0005,33.1,34.51,0.0726,0.0754
20:28:05.207,1790256485.2072,2344,0.246,0.623,1.862,2.406,0.01362,0.01037,0.97631,-0.00152,0.00248,-0.00169,-0.01026,-0.02852,0.99246,0.09294,-0.11337,-0.00159,0.99999,-0.00095,0.00136,0.00358,0.99997,-0.00756,-0.00284,0.0005,33.1,34.51,0.0623,0.0747
20:28:05.228,1790256485.2279,2345,0.373,0.606,1.861,2.405,0.03065,-0.00421,0.98789,0.00279,0.00058,0.00095,0.0045,-0.01895,1.00965,0.09701,-0.10499,-0.00258,0.99999,-0.00102,-0.0001,0.00359,0.99996,-0.00777,-0.0032,0.00049,33.1,34.51,0.0713,0.0726
20:28:05.248,1790256485.2482,2346,0.305,0.696,1.861,2.405,-0.01528,0.00553,0.99014,0.00185,-0.0001,-0.00142,-0.00318,-0.01384,0.99874,0.09481,-0.10857,-0.0025,0.99999,-0.00036,0.00122,0.00358,0.99998,-0.00633,-0.00247,0.00048,33.1,34.51,0.0727,0.0791
20:28:05.268,1790256485.2686,2347,0.115,0.697,1.86,2.404,0.00465,0.01079,0.99003,0.0021,0.00287,-0.00245,0.03235,-0.00861,1.01049,0.08458,-0.11858,-0.00095,0.99999,0.00092,0.00047,0.00356,0.99998,-0.00504,-0.00487,0.00047,33.1,34.51,0.0726,0.0717
20:28:05.289,1790256485.2888,2348,-0.159,1.07,1.859,2.403,-0.01048,-0.01076,0.96306,0.00094,0.00235,-0.00096,0.01702,0.00121,0.99685,0.08845,-0.11115,0.0017,0.99999,9e-05,0.00113,0.00355,0.99997,-0.00262,-0.00661,0.00048,33.1,34.51,0.0524,0.0777
20:28:05.309,1790256485.3093,2349,0.004,1.354,1.858,2.403,0.00986,-0.01274,0.98647,0.0006,0.00126,-0.00199,0.00518,-0.00307,1.01843,0.08565,-0.10833,0.00133,0.99999,-0.00095,0.00016,0.00353,0.99998,-0.00118,-0.00615,0.0005,33.1,34.51,0.07,0.0662
20:28:05.329,1790256485.3296,2350,-0.105,1.4,1.857,2.402,-0.02239,0.00078,0.98398,0.00196,-0.00031,0.00085,-0.00944,-0.00813,0.98362,0.07214,-0.11477,-0.00089,0.99999,-0.00077,0.00153,0.00354,0.99998,-0.0006,-0.00574,0.00049,33.1,34.51,0.0682,0.0678
20:28:05.350,1790256485.3501,2351,-0.19,1.575,1.856,2.402,-0.0205,-0.02064,0.99285,-0.00067,0.00168,0.00048,-0.01719,-0.01491,0.98236,0.07606,-0.11686,0.00912,0.99999,-0.00191,0.00256,0.00354,0.99998,-0.00021,-0.00545,0.00059,33.1,34.51,0.075,0.067
20:28:05.370,1790256485.3705,2352,-0.119,1.419,1.855,2.401,0.00423,0.00126,0.99477,-0.00289,-0.00071,0.00012,0.00847,-0.01633,0.99729,0.07116,-0.12167,0.00393,0.99999,-0.00119,0.00118,0.00354,0.99998,-0.00086,-0.0062,0.00064,33.1,34.51,0.0761,0.0781
20:28:05.390,1790256485.3907,2353,0.119,1.507,1.855,2.401,0.0121,0.00363,0.99751,0.00057,-0.00015,-0.00252,-0.00067,0.00271,1.00311,0.06771,-0.11084,-0.00083,0.99999,-0.00058,-0.00028,0.00352,0.99998,0.00053,-0.00559,0.00063,33.1,34.51,0.0782,0.0777
20:28:05.411,1790256485.4112,2354,0.176,1.917,1.854,2.401,0.00775,-0.01857,0.99046,-0.00246,-0.00013,0.00141,0.00037,0.01585,1.00031,0.06424,-0.12671,0.00454,0.99999,-0.00198,-0.00086,0.00353,0.99998,0.00271,-0.00567,0.00067,33.1,34.51,0.073,0.0797
20:28:05.431,1790256485.4313,2355,0.348,1.934,1.853,2.401,0.02004,0.00154,0.96782,-0.0025,0.0016,-0.00134,-0.00725,0.00095,0.99006,0.05732,-0.12369,0.00293,0.99999,-0.00169,-0.00193,0.00352,0.99998,0.00315,-0.00525,0.0007,33.1,34.51,0.056,0.0726
20:28:05.451,1790256485.4518,2356,0.405,1.74,1.852,2.4,0.00618,0.00567,0.98614,-0.00187,-0.00052,0.00137,-0.00949,-0.01634,1.00481,0.06136,-0.11232,-0.00661,0.99999,-0.00033,-0.0023,0.00353,0.99998,0.00281,-0.00511,0.00063,33.1,34.51,0.0696,0.0763
20:28:05.472,1790256485.4722,2357,0.537,1.758,1.852,2.4,0.01079,-0.00438,0.9978,-0.00171,-0.00514,0.00157,0.00283,-0.00936,1.0055,0.05022,-0.11964,0.00301,0.99999,-0.00116,-0.00373,0.00355,0.99998,0.00214,-0.00539,0.00066,33.1,34.51,0.0784,0.0758
20:28:05.492,1790256485.4924,2358,0.439,1.664,1.851,2.4,-0.00846,0.00776,1.00289,-0.00258,-0.0008,-0.00194,-0.00966,-0.00686,0.9983,0.05403,-0.11721,-0.00351,0.99999,-0.00035,-0.00241,0.00353,0.99999,0.00213,-0.00493,0.00063,33.1,34.51,0.0778,0.0788
20:28:05.512,1790256485.5127,2359,0.547,1.58,1.851,2.399,0.00836,0.0104,0.9967,-0.00259,-0.00026,0.00512,-0.00056,0.00477,0.99099,0.04561,-0.12546,-0.00015,0.99999,0.00112,-0.00289,0.00358,0.99999,0.00288,-0.00447,0.00062,33.1,34.51,0.0776,0.0733
20:28:05.533,1790256485.5331,2360,0.557,1.69,1.85,2.399,0.00509,-0.01089,0.99266,0.00457,0.00017,0.00163,0.00545,0.00216,0.99939,0.04315,-0.11982,0.0029,0.99999,-0.00035,-0.00283,0.0036,0.99999,0.00236,-0.00431,0.00065,33.1,34.51,0.0746,0.0796
20:28:05.553,1790256485.5536,2361,0.564,1.539,1.849,2.399,0.00414,0.00415,1.00923,-0.00035,-0.00305,0.001,-0.00445,0.00045,0.99389,0.03715,-0.12045,-0.00132,0.99999,0.00107,-0.0024,0.00361,0.99999,0.00246,-0.00382,0.00063,33.1,34.51,0.0731,0.0754
20:28:05.574,1790256485.5739,2362,0.29,1.52,1.849,2.398,-0.01199,-0.00841,0.99607,-0.00348,-0.00118,0.00078,0.00764,0.00358,0.99671,0.03179,-0.12917,0.0013,0.99999,0.00019,-0.00109,0.00362,0.99999,0.00142,-0.00491,0.00064,33.1,34.51,0.0771,0.0776
20:28:05.594,1790256485.5945,2363,0.437,1.324,1.848,2.398,0.01024,0.00645,0.99193,-0.00254,0.0017,-0.00119,-0.00164,-0.01132,0.99821,0.02339,-0.11531,0.00568,0.99999,0.00109,-0.00229,0.00361,0.99999,0.0006,-0.00482,0.0007,33.1,34.51,0.074,0.0787
20:28:05.615,1790256485.6149,2364,0.372,1.352,1.847,2.397,-0.00681,0.00561,0.98409,-0.00117,-0.0034,-0.00248,0.00018,0.00189,1.00097,0.03021,-0.11106,0.00483,0.99999,0.00148,-0.001,0.00358,0.99999,0.00123,-0.00409,0.00075,33.1,34.51,0.0681,0.0793
20:28:05.635,1790256485.6354,2365,0.372,1.269,1.847,2.397,-0.00048,0.01097,1.00163,-0.00277,-0.00077,0.00182,0.00667,0.0028,0.99346,0.02049,-0.12454,0.00375,0.99999,0.00299,-0.00053,0.0036,0.99999,0.00201,-0.00362,0.00078,33.1,34.51,0.0787,0.0751
20:28:05.655,1790256485.6556,2366,0.105,1.459,1.846,2.396,0.00335,-0.01126,0.98721,-0.00166,0.0002,0.00099,0.01583,0.00322,0.99601,0.01746,-0.12122,0.00046,0.99999,0.00156,-0.00072,0.00362,0.99998,0.00225,-0.00615,0.00078,33.1,34.51,0.0705,0.0771
20:28:05.676,1790256485.6761,2367,0.271,1.384,1.845,2.396,0.00776,0.0018,0.99079,-0.00156,0.00047,-0.00118,0.00591,-0.00528,0.99789,0.01852,-0.1119,0.00075,0.99999,0.00127,-0.00219,0.00362,0.99998,0.00131,-0.00617,0.0008,33.1,34.51,0.0731,0.0784
20:28:05.696,1790256485.6963,2368,0.139,1.478,1.845,2.395,-0.00497,0.00194,1.00298,0.00285,-0.00343,0.00041,-0.00838,0.0081,1.01928,0.02054,-0.11407,-0.00019,0.99999,0.00119,-0.00066,0.00362,0.99998,0.00205,-0.00579,0.00079,33.1,34.51,0.0778,0.0655
20:28:05.717,1790256485.7169,2369,0.091,1.561,1.844,2.395,-0.00483,-0.00566,0.98919,0.00131,0.00101,-0.00194,-0.00054,-0.00339,0.9964,0.01834,-0.10938,-0.00319,0.99999,3e-05,0.00024,0.0036,0.99998,0.00161,-0.00531,0.00075,33.1,34.51,0.0719,0.0773
20:28:05.737,1790256485.7372,2370,0.093,1.567,1.843,2.395,0.00389,0.01871,1.0019,0.00236,-0.00275,0.00048,0.0036,0.02247,1.01421,0.01105,-0.1097,-0.00286,0.99999,0.00161,-0.00015,0.00361,0.99998,0.00324,-0.00568,0.00071,33.1,34.51,0.0784,0.0691
20:28:05.757,1790256485.7577,2371,0.28,1.438,1.842,2.394,0.02557,0.01569,0.98339,0.00147,0.00049,-0.0027,0.00288,0.00167,1.0064,0.00668,-0.11754,-0.00146,0.99999,0.00224,-0.00139,0.00359,0.99998,0.00276,-0.00529,0.00069,33.1,34.51,0.0679,0.0752
20:28:05.778,1790256485.7782,2372,0.22,1.672,1.841,2.394,-0.00767,-0.00734,0.98589,0.00226,0.0048,-0.0005,-0.00077,0.01224,1.00484,-0.00059,-0.11097,-0.00186,0.99999,0.0012,-0.00041,0.00358,0.99998,0.00375,-0.00483,0.00066,33.1,34.51,0.0695,0.0763
20:28:05.798,1790256485.7984,2373,0.162,1.575,1.841,2.394,-0.01214,0.01293,0.98243,-0.00031,0.00042,-0.00121,-0.01057,0.00494,0.98792,-0.00326,-0.1119,-0.00109,0.99999,0.00205,0.00064,0.00358,0.99998,0.00375,-0.00429,0.00064,33.1,34.51,0.0669,0.071
20:28:05.819,1790256485.8189,2374,0.117,1.286,1.84,2.393,-0.0062,0.01614,0.99384,0.00331,-0.00291,0.00223,0.00213,-0.00034,1.00711,-0.00737,-0.10309,-0.00614,0.99999,0.00351,0.0012,0.0036,0.99999,0.00269,-0.00412,0.00057,33.1,34.51,0.0755,0.0747
20:28:05.839,1790256485.8391,2375,-0.045,1.072,1.839,2.392,-0.01498,0.0128,0.97415,0.0021,0.00107,0.00164,-0.00209,-0.01902,0.99037,-0.01814,-0.11097,-0.0025,0.99998,0.00405,0.00232,0.00362,0.99999,0.00136,-0.00442,0.00054,33.1,34.51,0.0608,0.0729
20:28:05.859,1790256485.8596,2376,0.117,1.362,1.838,2.392,0.00432,-0.00154,0.99446,0.0029,-0.00047,-0.00379,0.00702,0.00473,1.00224,0.00349,-0.09688,0.00018,0.99999,0.00294,0.00125,0.00358,0.99999,0.00279,-0.00407,0.00053,33.1,34.51,0.0759,0.0783
20:28:05.880,1790256485.8799,2377,0.152,1.433,1.838,2.392,-0.00454,-0.00677,0.98452,0.00264,-0.0029,0.00312,-0.01221,-0.00613,0.98803,-0.02085,-0.09907,-0.00093,0.99999,0.0016,0.00144,0.00362,0.99999,0.00206,-0.00358,0.00052,33.1,34.51,0.0684,0.0711
20:28:05.900,1790256485.9005,2378,0.043,1.304,1.837,2.391,0.00465,0.00795,0.98938,0.0004,-0.00162,0.00476,0.01314,0.00299,0.99157,-0.0246,-0.09489,0.0028,0.99999,0.00241,0.00016,0.00367,0.99998,0.00174,-0.0058,0.00055,33.1,34.51,0.0721,0.0737
20:28:05.921,1790256485.9209,2379,0.092,1.607,1.836,2.391,0.00497,-0.01387,0.98222,-0.00232,-0.0024,0.00011,-0.00011,0.02389,0.99566,-0.02494,-0.09902,0.00537,0.99999,0.00107,-0.00024,0.00367,0.99998,0.00306,-0.00578,0.00058,33.1,34.51,0.0667,0.077
20:28:05.941,1790256485.9414,2380,0.098,1.832,1.835,2.39,-0.0038,-0.0078,0.99818,-0.00033,0.00166,-0.00157,-0.00521,0.0127,0.99177,-0.02769,-0.09577,-0.0031,0.99999,-0.00041,0.00039,0.00367,0.99998,0.00354,-0.0051,0.00054,33.1,34.51,0.0787,0.0739
20:28:05.962,1790256485.962,2381,-0.072,1.926,1.834,2.39,0.00389,-0.01211,0.98803,0.00183,-0.00195,0.00126,0.01266,0.00617,0.98447,-0.03021,-0.09565,-0.00202,0.99999,-0.00174,-0.00019,0.00369,0.99997,0.00303,-0.00718,0.00052,33.1,34.51,0.0711,0.0684
20:28:05.982,1790256485.9823,2382,0.069,1.662,1.834,2.39,0.00644,0.01364,0.99997,0.00108,-0.00238,0.00291,0.00121,-0.00031,0.9888,-0.03232,-0.08687,0.00383,0.99999,-0.0002,-0.00076,0.00372,0.99998,0.00227,-0.0065,0.00055,33.1,34.52,0.0799,0.0716
20:28:06.002,1790256486.0025,2383,0.325,1.563,1.833,2.39,0.01195,0.00112,1.00201,-0.00121,0.0007,-0.00083,0.00035,0.00022,0.98689,-0.03647,-0.09218,-0.00262,0.99999,4e-05,-0.00233,0.00372,0.99998,0.00164,-0.00584,0.00052,33.1,34.52,0.0784,0.0702
20:28:06.022,1790256486.0227,2384,0.235,1.554,1.832,2.389,0.01086,-0.00755,0.9992,0.001,0.00084,0.00165,0.01457,0.0006,0.99773,-0.04358,-0.0877,-0.00298,0.99999,-0.0012,-0.00335,0.00374,0.99997,0.00034,-0.00765,0.00049,33.1,34.52,0.0795,0.0784
20:28:06.043,1790256486.0432,2385,0.369,1.242,1.832,2.389,0.01302,0.0087,0.99488,0.00192,0.00011,-0.00166,0.01155,-0.00318,0.98835,-0.04804,-0.08294,-0.00346,0.99998,0.00018,-0.00412,0.00372,0.99997,-0.00102,-0.00725,0.00046,33.1,34.52,0.0763,0.0713
20:28:06.063,1790256486.0634,2386,0.552,1.318,1.831,2.388,0.01149,-0.00624,0.97891,0.00047,-0.0017,-0.00104,-0.02688,-0.00525,0.99551,-0.05503,-0.08279,-0.00526,0.99998,-0.00097,-0.00475,0.00371,0.99998,-0.00149,-0.00629,0.0004,33.1,34.52,0.0642,0.0769
20:28:06.083,1790256486.0836,2387,0.197,1.159,1.83,2.388,0.00273,-0.00071,0.98848,-0.00423,0.00229,-0.00048,0.01645,-0.0058,1.00715,-0.04821,-0.0685,0.00199,0.99999,-0.00075,-0.00331,0.00371,0.99996,-0.00267,-0.00794,0.00042,33.1,34.52,0.0714,0.0745
20:28:06.104,1790256486.1041,2388,0.404,0.998,1.83,2.387,0.01449,0.00878,0.96924,-0.00051,0.00302,0.00121,-0.00465,-0.00502,1.00833,-0.0697,-0.06443,-0.00189,0.99999,0.00017,-0.00401,0.00372,0.99997,-0.00315,-0.00684,0.0004,33.1,34.52,0.057,0.0737
20:28:06.124,1790256486.1244,2389,0.387,0.7,1.829,2.386,-0.00481,0.02229,0.97265,-0.00128,-0.00021,0.00333,0.00334,-0.01985,1.00115,-0.05023,-0.07565,-0.00101,0.99999,0.0012,-0.00341,0.00375,0.99997,-0.00473,-0.00638,0.0004,33.1,34.52,0.0597,0.079
20:28:06.144,1790256486.1447,2390,0.564,0.779,1.828,2.386,0.01521,0.00404,0.97971,0.0014,0.00307,0.00571,0.00786,-0.00136,1.0038,-0.0563,-0.07661,-0.00583,0.99998,0.00148,-0.00467,0.00381,0.99997,-0.00375,-0.0061,0.00033,33.1,34.52,0.0649,0.0771
20:28:06.165,1790256486.1651,2391,0.625,0.564,1.828,2.385,0.00591,0.01149,0.98112,0.0017,0.00328,-0.00206,-0.00417,-0.00881,1.00851,-0.06814,-0.06933,0.00254,0.99998,0.00275,-0.00416,0.00379,0.99998,-0.00436,-0.00505,0.00036,33.1,34.52,0.0659,0.0736
20:28:06.185,1790256486.1856,2392,0.655,0.704,1.827,2.384,-0.00536,-0.01824,0.99115,-0.00392,0.00041,0.00086,-0.02422,0.0008,0.99451,-0.07235,-0.07283,-8e-05,0.99999,0.0014,-0.00342,0.0038,0.99998,-0.00448,-0.00405,0.00036,33.1,34.52,0.0735,0.0761
20:28:06.205,1790256486.2057,2393,0.662,0.633,1.827,2.383,-0.00108,0.00251,0.97512,-0.00074,-0.00055,0.00054,-0.0007,-0.00985,0.99927,-0.07013,-0.05442,0.00144,0.99999,0.00137,-0.00218,0.0038,0.99998,-0.00515,-0.00275,0.00038,33.1,34.52,0.0613,0.0795
20:28:06.226,1790256486.2261,2394,0.573,0.68,1.826,2.382,-0.01347,0.0038,0.9843,-0.00193,0.00079,-0.00062,-0.00691,0.00399,0.98603,-0.07877,-0.05579,-0.0026,0.99999,0.00143,-0.00079,0.00379,0.99999,-0.00468,-0.00214,0.00035,33.1,34.52,0.0683,0.0695
20:28:06.246,1790256486.2464,2395,0.456,0.818,1.826,2.382,-0.02418,-0.00401,1.00221,-0.00184,0.00257,0.00041,-0.00251,0.00013,1.00617,-0.06692,-0.05992,0.0024,0.99999,0.001,0.00077,0.00379,0.99999,-0.00391,-0.00161,0.00037,33.1,34.52,0.0781,0.0754
20:28:06.266,1790256486.2668,2396,0.355,1.022,1.825,2.381,0.00215,-0.00903,0.9865,0.00247,-0.00013,-0.00433,0.00972,-0.00122,0.99293,-0.08081,-0.05072,-0.0026,0.99999,-0.00033,0.00031,0.00375,0.99999,-0.00345,-0.00295,0.00033,33.1,34.52,0.0699,0.0747
20:28:06.287,1790256486.2873,2397,0.207,0.962,1.824,2.381,-0.00169,0.00603,0.97653,-0.00075,-0.00069,0.00061,0.02232,0.01862,1.00226,-0.07922,-0.04595,0.00025,0.99999,0.00094,0.00052,0.00375,0.99999,-0.00271,-0.00403,0.00032,33.1,34.52,0.0624,0.078
20:28:06.308,1790256486.3078,2398,-0.003,0.901,1.823,2.38,-0.003,-0.00576,0.96613,0.00397,-0.00096,-0.00047,0.01124,-0.00745,0.99363,-0.09281,-0.0501,-0.00358,0.99999,-0.00011,0.00079,0.00375,0.99998,-0.00429,-0.00559,0.00028,33.1,34.52,0.0546,0.0753
20:28:06.328,1790256486.3284,2399,-0.113,0.931,1.823,2.379,-0.01256,0.00294,0.99967,-0.00019,0.00018,0.00461,0.00627,0.00108,0.99344,-0.08522,-0.03227,0.00118,0.99999,0.00034,0.00236,0.0038,0.99998,-0.00358,-0.00498,0.00028,33.1,34.52,0.0798,0.0751
20:28:06.349,1790256486.3488,2400,0.074,0.611,1.822,2.378,0.00542,0.00402,0.98222,0.0003,-0.0017,0.00206,0.00907,-0.00981,0.99934,-0.09947,-0.04332,-0.00165,0.99999,0.00077,0.00105,0.00382,0.99997,-0.00593,-0.00466,0.00027,33.1,34.52,0.0667,0.0796
20:28:06.369,1790256486.3691,2401,0.185,0.771,1.821,2.378,-0.00071,-0.01221,0.98979,0.00014,0.00122,-0.00216,-0.00349,-0.00217,0.96971,-0.09453,-0.03547,0.0003,0.99999,-0.00068,0.00091,0.0038,0.99997,-0.00599,-0.00384,0.00026,33.1,34.52,0.0724,0.0573
20:28:06.389,1790256486.3893,2402,0.197,0.702,1.82,2.377,-0.02073,-0.00986,0.98241,-0.00385,0.00327,0.00021,-0.00668,-0.01552,1.00118,-0.10187,-0.04235,0.00154,0.99999,-0.00129,0.00217,0.0038,0.99997,-0.0072,-0.00246,0.00029,33.1,34.52,0.067,0.079
20:28:06.410,1790256486.41,2403,0.138,0.643,1.82,2.376,-0.01115,0.00827,0.98625,0.0003,-0.00027,0.00344,0.00027,0.00787,0.99598,-0.10326,-0.03151,-0.00044,0.99999,-7e-05,0.00294,0.00385,0.99998,-0.00651,-0.00221,0.00027,33.1,34.52,0.0698,0.077
20:28:06.430,1790256486.4302,2404,0.424,0.508,1.819,2.375,0.00323,0.00702,1.00674,0.00219,0.00115,-0.00139,-0.02181,-0.00068,1.01263,-0.10139,-0.02226,-0.00061,0.99999,0.00089,0.00175,0.00384,0.99998,-0.00672,-0.0009,0.00027,33.1,34.52,0.0749,0.0703
20:28:06.450,1790256486.4504,2405,0.662,0.537,1.818,2.375,0.01505,0.00439,0.98686,0.00207,-0.00421,0.00126,-0.01064,0.01689,1.01251,-0.10318,-0.01586,-0.00423,0.99999,0.00111,0.00031,0.00385,0.99998,-0.00624,-0.00027,0.00023,33.1,34.52,0.0702,0.0705
20:28:06.470,1790256486.4708,2406,0.589,0.473,1.818,2.374,-0.01358,0.01081,0.99397,0.00043,-0.00172,0.002,-0.00435,-0.00135,0.98627,-0.1188,-0.01913,-0.00663,0.99999,0.00197,0.00158,0.00387,0.99998,-0.00595,0.00036,0.00016,33.1,34.52,0.0756,0.0697
20:28:06.491,1790256486.491,2407,0.894,0.51,1.818,2.373,0.02041,-0.00362,0.99699,0.00462,-0.00082,0.00043,-0.02546,0.00805,0.98309,-0.1142,-0.01613,-0.00593,0.99999,0.00154,7e-05,0.00388,0.99998,-0.00605,0.00152,0.0001,33.1,34.52,0.0779,0.0676
20:28:06.511,1790256486.5114,2408,1.066,0.648,1.817,2.372,0.00593,0.00015,0.98286,-0.00168,0.00247,0.00019,-0.00331,0.00112,0.99899,-0.11897,4e-05,6e-05,0.99999,0.00094,-0.00115,0.00389,0.99998,-0.00544,0.0018,0.0001,33.1,34.52,0.0672,0.0792
20:28:06.531,1790256486.5318,2409,1.26,0.728,1.817,2.371,0.01403,0.00098,0.98678,-0.00075,-0.0007,-0.00079,-0.0062,0.02073,1.0026,-0.11597,-0.01158,0.00229,0.99999,0.00084,-0.00258,0.00389,0.99999,-0.00484,0.00206,0.00013,33.1,34.52,0.0702,0.0779
20:28:06.552,1790256486.5522,2410,0.955,0.514,1.817,2.371,-0.00862,0.00922,0.99047,-0.00236,-0.00044,0.00284,0.00863,-0.01054,1.00338,-0.12596,-0.00424,0.00115,0.99999,0.00153,-0.00128,0.00392,0.99998,-0.00602,0.0007,0.00013,33.1,34.52,0.0729,0.0774
20:28:06.572,1790256486.5724,2411,0.884,0.721,1.816,2.37,0.00106,-0.00092,1.00561,-0.00198,0.00282,-0.0007,0.00283,0.00905,1.01507,-0.11994,-0.00277,0.00513,0.99999,8e-05,-0.00071,0.00391,0.99998,-0.00567,0.00065,0.00017,33.1,34.52,0.0758,0.0687
20:28:06.593,1790256486.5928,2412,0.677,0.578,1.816,2.369,-0.00823,0.0106,0.99619,-0.00088,-0.00367,-2e-05,0.01024,-8e-05,1.01087,-0.13129,0.0018,-0.01116,0.99999,0.00122,0.00032,0.00391,0.99998,-0.00577,-0.00013,5e-05,33.1,34.52,0.0772,0.0718
20:28:06.613,1790256486.6134,2413,0.959,0.622,1.815,2.368,0.00622,0.00046,0.98063,0.00167,-0.00159,-0.00125,-0.00859,0.00018,0.98716,-0.12752,0.00171,0.00296,0.99999,0.00088,-0.001,0.0039,0.99998,-0.00573,0.00102,8e-05,33.1,34.52,0.0655,0.0704
20:28:06.633,1790256486.6335,2414,0.882,0.794,1.815,2.368,0.00217,0.00026,0.99369,0.00077,0.00091,0.00015,0.01656,0.00716,0.99834,-0.13226,0.00117,0.003,0.99999,-0.00063,-0.00119,0.0039,0.99998,-0.00573,0.00016,0.0001,33.1,34.52,0.0753,0.0789
20:28:06.653,1790256486.6538,2415,0.639,0.809,1.814,2.367,-6e-05,-0.00302,0.99795,-0.00129,5e-05,-0.00044,0.02438,-0.00421,1.01655,-0.13895,0.02067,-0.0004,0.99999,-0.00157,0.0001,0.00391,0.99998,-0.00654,-0.00069,8e-05,33.1,34.52,0.0785,0.0674
20:28:06.674,1790256486.6741,2416,0.654,0.67,1.814,2.366,-0.00365,0.00992,0.99444,0.00158,0.00013,0.00022,0.00102,0.01547,0.98988,-0.13821,0.02648,-0.00011,0.99999,-8e-05,0.0005,0.00391,0.99998,-0.00627,-0.00016,7e-05,33.1,34.52,0.0759,0.0725
20:28:06.694,1790256486.6947,2417,0.622,0.606,1.813,2.365,-0.00395,0.00401,0.97748,-0.00252,-0.00348,0.00093,0.00121,0.00768,0.9983,-0.13226,0.02549,-0.00097,0.99999,0.00094,0.00122,0.00392,0.99998,-0.00581,0.00029,5e-05,33.1,34.52,0.0631,0.0787
20:28:06.715,1790256486.7152,2418,0.553,0.5,1.813,2.365,-0.00751,0.0093,0.98086,0.00055,-0.00096,-0.00293,0.00206,-0.00246,0.98233,-0.13045,0.02806,-0.00093,0.99999,0.00206,0.00197,0.00389,0.99998,-0.00563,0.00044,3e-05,33.1,34.52,0.0657,0.0667
20:28:06.735,1790256486.7356,2419,0.685,0.667,1.812,2.364,-0.00353,0.00333,1.0085,0.00197,0.00245,-0.00137,0.00032,0.00889,1.01913,-0.13679,0.02902,-0.00313,0.99999,0.00074,0.00129,0.00388,0.99998,-0.00548,0.00091,-0.0,33.1,34.52,0.0736,0.0656
20:28:06.756,1790256486.7561,2420,0.492,0.614,1.812,2.363,-0.00695,0.00207,0.97149,0.00116,-0.00165,0.00348,0.01645,0.00321,1.01278,-0.13546,0.03583,-0.00281,0.99999,0.00092,0.00246,0.00391,0.99998,-0.00577,0.0004,-4e-05,33.1,34.52,0.0586,0.0703
20:28:06.776,1790256486.7764,2421,0.865,0.361,1.811,2.362,-0.00095,0.00672,1.00357,-0.00112,-0.00161,-0.00217,-0.01657,-0.00935,0.99944,-0.14007,0.0387,-0.00059,0.99999,0.00212,0.00145,0.0039,0.99997,-0.00677,0.00264,-5e-05,33.1,34.52,0.0773,0.0797
20:28:06.797,1790256486.7968,2422,0.816,0.498,1.811,2.361,-0.00632,0.00163,0.99746,-0.00139,-0.00168,0.00097,-0.00733,0.00364,0.99143,-0.14561,0.03718,0.00152,0.99999,0.00114,0.0027,0.0039,0.99997,-0.00656,0.00346,-3e-05,33.1,34.52,0.0781,0.0736
20:28:06.817,1790256486.8171,2423,0.876,0.698,1.81,2.361,-0.00421,-0.00527,0.98544,0.00057,0.00469,-0.00077,-0.00396,0.00651,1.00026,-0.14202,0.03501,0.00134,0.99999,-0.00024,0.00253,0.00389,0.99997,-0.0062,0.00382,-1e-05,33.1,34.52,0.0691,0.0798
20:28:06.837,1790256486.8372,2424,1.158,0.268,1.81,2.36,0.01616,0.02013,0.99271,0.00235,-0.0016,0.00446,-0.01166,-0.02088,1.00094,-0.14233,0.04319,0.00179,0.99999,0.00084,0.00144,0.00394,0.99995,-0.00887,0.00519,-0.0,33.1,34.52,0.0748,0.0791
20:28:06.857,1790256486.8576,2425,0.992,-0.073,1.81,2.359,-0.01244,0.01551,0.98328,0.00516,-0.00091,-0.00085,0.00411,-0.02287,0.99159,-0.14406,0.04876,-0.00017,0.99999,0.00202,0.00222,0.00394,0.99993,-0.01066,0.00452,-2e-05,33.1,34.52,0.0676,0.0739
20:28:06.878,1790256486.8779,2426,1.0,0.051,1.809,2.358,-0.01438,-0.00414,0.98212,-0.00069,-0.00254,0.00104,-0.01757,0.02127,0.99281,-0.14568,0.053,-0.00374,0.99999,0.00116,0.00323,0.00395,0.99993,-0.01044,0.00561,-6e-05,33.1,34.52,0.0667,0.0749
20:28:06.898,1790256486.8983,2427,1.225,0.182,1.809,2.357,0.01046,-0.00937,0.99549,0.00266,-0.00081,-0.00075,-0.00835,0.00159,1.0045,-0.14419,0.05925,-0.00434,0.99999,0.0003,0.00193,0.00394,0.99993,-0.01016,0.00626,-0.0001,33.1,34.52,0.0767,0.0766
20:28:06.918,1790256486.9186,2428,1.374,0.066,1.809,2.356,0.00808,0.01322,0.99629,-0.00087,0.00111,-0.00097,-0.00232,0.00609,1.00118,-0.15349,0.05535,-0.0018,0.99999,0.00144,0.00086,0.00394,0.99993,-0.01002,0.00649,-0.00012,33.1,34.52,0.0773,0.0791
20:28:06.939,1790256486.9391,2429,1.448,0.188,1.809,2.355,0.00224,-0.00585,1.00736,0.0047,-0.00391,-0.00058,0.02055,0.00992,1.01671,-0.13662,0.07141,0.00328,0.99999,0.0001,0.00018,0.00394,0.99993,-0.01029,0.00645,-9e-05,33.1,34.52,0.0745,0.0673
20:28:06.959,1790256486.9593,2430,1.384,0.013,1.809,2.354,-0.00196,0.00525,0.99155,-0.00162,-0.00128,-0.00363,0.01392,0.0064,0.99483,-0.14113,0.07177,0.00071,0.99999,0.0015,0.00062,0.0039,0.99993,-0.01042,0.00634,-0.0001,33.1,34.52,0.0737,0.0762
20:28:06.979,1790256486.9797,2431,1.572,-0.023,1.809,2.353,0.01155,0.00414,1.01532,0.00039,-0.00237,0.00569,0.00181,-0.00045,0.97919,-0.14285,0.07103,0.00107,0.99999,0.00163,-0.0008,0.00396,0.99992,-0.0106,0.00656,-9e-05,33.1,34.52,0.0685,0.0644
20:28:07.000,1790256487.0,2432,1.738,0.035,1.808,2.352,0.00908,-0.00098,0.98675,0.00143,-0.00348,-0.00119,0.00914,0.0091,0.99003,-0.15376,0.07732,0.00272,0.99999,0.00095,-0.00209,0.00396,0.99992,-0.01077,0.00672,-7e-05,33.1,34.52,0.0701,0.0726
20:28:07.020,1790256487.0206,2433,1.862,-0.035,1.809,2.351,0.00964,0.00107,0.99739,-0.00209,0.00117,0.00319,0.0045,-0.01665,1.00358,-0.14413,0.07622,0.00323,0.99999,0.0007,-0.00367,0.00399,0.99991,-0.01162,0.00623,-6e-05,33.1,34.53,0.0781,0.0772
20:28:07.041,1790256487.0411,2434,1.932,0.137,1.809,2.35,0.01044,-0.01312,0.98481,0.00013,0.00334,0.00117,0.00164,0.00516,1.00223,-0.14827,0.07664,-0.0033,0.99998,-0.00067,-0.00395,0.00401,0.99991,-0.0115,0.00655,-0.0001,33.1,34.53,0.0687,0.0783
20:28:07.061,1790256487.0614,2435,1.746,0.106,1.809,2.349,-0.01351,-0.00179,0.99528,0.00179,0.00076,0.00316,0.00364,-0.00866,1.00577,-0.14726,0.08323,0.00122,0.99999,-0.00069,-0.00239,0.00405,0.99991,-0.01179,0.00648,-0.00011,33.1,34.53,0.0765,0.0756
20:28:07.081,1790256487.0816,2436,1.621,0.144,1.808,2.348,-0.00851,-0.00377,0.9963,-0.00206,-0.00186,-0.00086,0.00542,0.00687,1.00554,-0.14739,0.09574,-0.00191,0.99999,-0.00099,-0.00088,0.00404,0.99991,-0.01177,0.00691,-0.00013,33.1,34.53,0.0773,0.0758
20:28:07.102,1790256487.102,2437,1.636,-0.013,1.808,2.347,0.00296,0.0143,0.96698,-0.00287,0.00297,-0.00148,0.0148,0.00471,1.00476,-0.15487,0.09151,0.00499,0.99999,0.0001,-0.00093,0.00403,0.9999,-0.01205,0.00698,-0.0001,33.1,34.53,0.0553,0.0763
20:28:07.122,1790256487.1225,2438,1.693,0.122,1.808,2.346,-0.00024,-0.01296,0.97735,5e-05,-0.0024,0.00303,0.0025,0.00855,0.98142,-0.14783,0.09861,0.00509,0.99999,-0.00117,-0.00077,0.00406,0.9999,-0.01215,0.00764,-5e-05,33.1,34.53,0.0631,0.0661
20:28:07.142,1790256487.1427,2439,1.916,0.123,1.808,2.345,0.02257,0.00015,0.97882,0.00152,-0.00108,0.00221,0.0011,0.01908,0.99557,-0.14538,0.0938,-0.0005,0.99999,-0.001,-0.00207,0.00408,0.99989,-0.01196,0.00829,-6e-05,33.1,34.53,0.0643,0.0768
20:28:07.163,1790256487.1631,2440,1.905,0.307,1.808,2.344,0.00169,-0.01303,0.99461,-0.00219,-0.00053,0.00122,0.00141,0.00705,1.00224,-0.14893,0.07512,-0.00407,0.99999,-0.00254,-0.00175,0.0041,0.99989,-0.01189,0.0085,-0.00011,33.1,34.53,0.076,0.0783
20:28:07.183,1790256487.1833,2441,1.75,0.302,1.808,2.343,-0.01432,-0.0102,0.99256,0.00088,-0.00053,0.00036,-0.00221,-0.01188,1.00791,-0.15991,0.09974,-0.00156,0.99999,-0.00297,-0.00031,0.0041,0.99989,-0.01237,0.0086,-0.00014,33.1,34.53,0.0745,0.074
20:28:07.203,1790256487.2038,2442,1.828,0.123,1.808,2.342,0.00305,0.00636,0.98592,0.00204,-0.00011,0.00097,-0.00654,-0.01218,1.00835,-0.14662,0.10919,-0.00355,0.99999,-0.00155,-0.00059,0.00411,0.99988,-0.01251,0.00899,-0.00018,33.1,34.53,0.0695,0.0737
20:28:07.224,1790256487.2243,2443,2.042,0.095,1.808,2.341,0.00851,-0.00422,1.00199,0.00072,0.00216,0.00037,0.00676,-0.00611,0.98119,-0.14551,0.10727,0.00586,0.99999,-0.00178,-0.00218,0.00411,0.99987,-0.01298,0.00927,-0.00014,33.1,34.53,0.0785,0.0659
20:28:07.244,1790256487.2448,2444,2.124,0.159,1.809,2.34,0.00624,-0.00779,0.97254,-5e-05,-0.00087,-0.00125,0.01323,-0.00286,0.97768,-0.14679,0.09678,-0.00056,0.99998,-0.00288,-0.0027,0.00411,0.99986,-0.01352,0.00946,-0.00016,33.1,34.53,0.0594,0.0633
20:28:07.265,1790256487.265,2445,2.064,0.121,1.809,2.339,-0.01372,0.0011,0.97475,-0.00214,-0.00378,-0.00082,0.00254,0.01106,1.01221,-0.13875,0.10474,0.00595,0.99999,-0.0025,-0.00158,0.00411,0.99986,-0.01348,0.01006,-0.00011,33.1,34.53,0.0611,0.0708
20:28:07.285,1790256487.2852,2446,1.988,0.112,1.809,2.338,-0.00536,-0.004,0.99889,0.00391,9e-05,0.00276,-0.01085,0.00494,1.00869,-0.14735,0.10873,-0.00138,0.99999,-0.00228,1e-05,0.00414,0.99985,-0.01334,0.01099,-0.00012,33.1,34.53,0.0792,0.0734
20:28:07.305,1790256487.3055,2447,2.06,-0.063,1.809,2.337,0.00583,0.01516,0.97485,0.00291,0.00308,-0.00222,0.01074,0.00657,1.01394,-0.14828,0.10256,-0.00319,0.99999,-0.00105,-0.00032,0.00412,0.99984,-0.01364,0.0113,-0.00016,33.1,34.53,0.0612,0.0695
20:28:07.325,1790256487.3257,2448,2.019,0.048,1.809,2.336,-0.00334,-0.01472,0.99192,0.00145,0.00194,0.00228,0.01801,-0.00188,0.99171,-0.14284,0.11023,0.00079,0.99999,-0.00247,0.00014,0.00415,0.99984,-0.01409,0.01139,-0.00017,33.1,34.53,0.074,0.0739
20:28:07.346,1790256487.3464,2449,2.148,0.065,1.809,2.335,0.00037,-0.00537,0.98273,0.00146,-0.00125,0.00356,0.0085,-0.01477,1.0097,-0.14372,0.10887,-0.00024,0.99999,-0.0033,-0.00097,0.00418,0.99983,-0.01477,0.01139,-0.0002,33.1,34.53,0.0671,0.0726
20:28:07.366,1790256487.3665,2450,2.034,0.023,1.809,2.334,-0.00185,-0.00591,0.97764,-0.00131,-0.00256,-0.00094,0.01109,0.00425,0.99696,-0.1497,0.10942,0.00412,0.99999,-0.00313,0.00026,0.00418,0.99982,-0.01497,0.01164,-0.00017,33.1,34.53,0.0632,0.0778
20:28:07.387,1790256487.3869,2451,2.051,0.193,1.809,2.333,-0.00597,-0.02071,0.98605,0.00194,-5e-05,-0.00052,-0.00225,0.00847,0.99752,-0.14289,0.11255,-0.00064,0.99998,-0.00447,0.00075,0.00418,0.99981,-0.01482,0.01227,-0.00018,33.1,34.53,0.0697,0.0782
20:28:07.407,1790256487.4074,2452,2.17,0.052,1.81,2.332,0.00683,0.00342,0.98626,-0.00063,0.00319,-0.00088,0.00459,0.002,1.00112,-0.14189,0.10923,0.00105,0.99999,-0.00329,-2e-05,0.00417,0.99981,-0.01488,0.01254,-0.00018,33.1,34.53,0.0697,0.0792
20:28:07.428,1790256487.428,2453,2.048,0.018,1.81,2.331,-0.00274,-0.0061,1.00653,0.00104,0.0008,-0.00047,-0.00165,0.00073,0.99291,-0.14029,0.11078,-0.00101,0.99999,-0.00301,0.0015,0.00417,0.9998,-0.01489,0.013,-0.00019,33.1,34.53,0.0751,0.0747
20:28:07.448,1790256487.4482,2454,2.101,-0.165,1.81,2.33,-0.00403,0.01663,0.99771,0.00035,-0.00286,0.00131,-0.00489,-0.00088,1.01032,-0.13803,0.11101,-0.00199,0.99999,-0.00143,0.00155,0.00419,0.9998,-0.01491,0.01351,-0.00022,33.1,34.53,0.0784,0.0723
20:28:07.468,1790256487.4683,2455,1.978,-0.227,1.81,2.329,-0.01851,-0.01023,0.98339,0.00281,0.00234,0.00097,0.01377,-0.02684,0.97875,-0.13769,0.1216,-0.00035,0.99999,-0.002,0.00279,0.0042,0.99978,-0.01602,0.01369,-0.00025,33.1,34.53,0.0677,0.0644
20:28:07.488,1790256487.4886,2456,2.107,-0.397,1.81,2.328,5e-05,0.01911,1.00531,0.00106,-0.00246,-0.00146,-0.00406,0.00122,1.01057,-0.13627,0.13065,-0.00169,0.99999,-0.00049,0.0024,0.0042,0.99977,-0.016,0.01442,-0.00028,33.1,34.53,0.0759,0.0721
20:28:07.509,1790256487.509,2457,2.275,-0.54,1.81,2.327,0.00263,0.00828,0.98915,0.00206,0.00391,0.00034,-0.00524,-0.00266,0.98491,-0.13442,0.12036,0.00253,0.99999,0.00068,0.00153,0.0042,0.99976,-0.01607,0.01502,-0.00026,33.1,34.53,0.0719,0.0687
20:28:07.529,1790256487.5295,2458,2.517,-0.51,1.81,2.325,0.01391,-0.00023,0.9915,0.00295,0.00241,-0.00071,-0.01099,-0.00358,0.99274,-0.12783,0.11814,0.00091,0.99999,0.00057,4e-05,0.0042,0.99975,-0.01591,0.01564,-0.00026,33.1,34.53,0.0737,0.0746
20:28:07.550,1790256487.5501,2459,2.756,-0.521,1.811,2.324,0.01816,0.00079,0.99832,0.0004,-0.00139,5e-05,0.00072,1e-05,0.98477,-0.12812,0.1171,0.00519,0.99999,0.00055,-0.00158,0.0042,0.99974,-0.01602,0.0161,-0.00021,33.1,34.53,0.0789,0.0686
20:28:07.570,1790256487.5707,2460,2.701,-0.645,1.811,2.323,-0.00673,0.01361,0.99699,-0.00235,0.00203,-0.00141,-0.01509,-0.01231,1.0079,-0.11757,0.12495,-0.00296,0.99999,0.00177,-0.00057,0.00418,0.99974,-0.01588,0.01665,-0.00025,33.1,34.53,0.0778,0.0739
20:28:07.591,1790256487.591,2461,2.534,-0.722,1.812,2.321,-0.01037,0.00398,0.99606,-0.0001,0.00222,-0.00104,-0.00013,-0.02133,0.99161,-0.12523,0.12648,0.0008,0.99999,0.00183,0.00099,0.00418,0.99972,-0.0165,0.01675,-0.00027,33.1,34.53,0.0771,0.0739
20:28:07.611,1790256487.6112,2462,2.634,-0.609,1.812,2.32,0.00555,-0.01834,0.99329,-0.00041,0.00151,0.00131,0.02497,-0.00115,0.97899,-0.12559,0.1262,0.00266,0.99999,0.0004,0.0005,0.00418,0.99971,-0.01695,0.01713,-0.00026,33.1,34.53,0.0751,0.0645
20:28:07.632,1790256487.6318,2463,2.837,-0.571,1.812,2.319,0.00359,-0.0005,1.00956,0.00056,-0.00119,-0.00163,-0.00667,-0.00938,0.99524,-0.12774,0.11923,0.00028,0.99999,-0.0,-0.00096,0.00417,0.9997,-0.01701,0.01743,-0.00027,33.1,34.53,0.0728,0.0765
20:28:07.652,1790256487.6522,2464,3.064,-0.521,1.813,2.318,0.01419,-0.00229,0.98094,0.00058,-0.00064,-0.00115,-0.01321,-0.00211,1.00215,-0.12938,0.12771,0.00406,0.99999,-0.00024,-0.00229,0.00417,0.9997,-0.01681,0.01809,-0.00023,33.11,34.53,0.0658,0.0783
20:28:07.672,1790256487.6725,2465,2.925,-0.579,1.813,2.316,-0.0121,0.00304,0.98855,-0.00318,-0.00015,0.00071,0.00955,-0.00852,0.98755,-0.11246,0.11926,-0.00286,0.99999,2e-05,-0.00088,0.00417,0.99969,-0.01706,0.01829,-0.00028,33.11,34.53,0.0715,0.0707
20:28:07.692,1790256487.6927,2466,3.127,-0.643,1.814,2.315,0.0052,0.00093,0.99776,-0.0001,-0.00114,0.00322,0.02002,0.00037,0.99259,-0.11171,0.12316,0.00244,0.99999,0.00043,-0.00243,0.00421,0.99968,-0.0172,0.0185,-0.00028,33.11,34.53,0.0783,0.0746
20:28:07.713,1790256487.7131,2467,3.166,-0.807,1.815,2.314,0.00527,0.00316,0.97962,0.0013,0.00091,0.0024,0.01288,-0.00522,1.00153,-0.11237,0.11858,-0.00252,0.99999,0.00173,-0.0027,0.00423,0.99968,-0.01733,0.01857,-0.00032,33.11,34.53,0.0647,0.0788
20:28:07.733,1790256487.7336,2468,3.327,-0.928,1.815,2.312,0.00922,0.00777,0.9914,0.00125,-0.00181,-1e-05,0.0116,0.01149,0.98291,-0.10317,0.11126,0.00067,0.99998,0.00287,-0.00372,0.00423,0.99967,-0.01723,0.01897,-0.00033,33.11,34.53,0.0736,0.0673
20:28:07.754,1790256487.7539,2469,3.212,-0.869,1.816,2.311,-0.02365,0.00106,0.98121,-0.00214,-0.00132,-0.00029,0.00323,0.00789,0.99063,-0.09658,0.10683,0.00231,0.99998,0.00265,-0.00241,0.00423,0.99967,-0.01695,0.01927,-0.00032,33.11,34.53,0.0661,0.073
20:28:07.774,1790256487.7745,2470,3.373,-0.984,1.816,2.31,0.01049,0.01155,0.99543,0.00119,-0.00067,-0.00018,0.00646,0.00865,0.99204,-0.10362,0.11765,-0.00059,0.99998,0.00383,-0.00346,0.00423,0.99967,-0.01676,0.01963,-0.00033,33.11,34.53,0.0767,0.0741
20:28:07.795,1790256487.7949,2471,3.221,-0.9,1.817,2.308,-0.01017,-0.00659,1.00235,0.00148,-0.00147,-0.00233,0.00802,-0.01742,1.00092,-0.09899,0.11258,0.0007,0.99998,0.00282,-0.00226,0.0042,0.99966,-0.01705,0.0195,-0.00035,33.11,34.53,0.0782,0.0792
20:28:07.815,1790256487.8155,2472,3.336,-0.751,1.818,2.307,0.01122,-0.00338,0.99608,0.00044,0.00123,0.00189,0.00709,-0.00408,0.9927,-0.09723,0.10487,-0.00414,0.99998,0.00155,-0.0032,0.00423,0.99966,-0.017,0.01955,-0.00041,33.11,34.53,0.0771,0.0745
20:28:07.836,1790256487.8359,2473,3.537,-0.641,1.818,2.306,0.01337,0.00081,0.98494,-0.0004,0.00241,0.00118,-0.01742,-0.0045,0.99416,-0.0889,0.10731,-0.00226,0.99998,0.00113,-0.00452,0.00425,0.99966,-0.01646,0.01998,-0.00044,33.11,34.53,0.0688,0.0757
20:28:07.856,1790256487.8565,2474,3.4,-0.544,1.819,2.304,-0.00182,-0.00484,0.99348,-0.00104,0.00369,-0.00146,-0.00402,-0.01595,0.99286,-0.08575,0.12263,0.00158,0.99999,0.00027,-0.0032,0.00424,0.99966,-0.01648,0.02011,-0.00045,33.11,34.53,0.0751,0.0747
20:28:07.876,1790256487.8767,2475,3.622,-0.456,1.82,2.303,0.01325,-0.00049,0.99454,0.00059,0.00031,0.00058,-0.01096,0.00152,1.00404,-0.08237,0.11538,0.00154,0.99998,6e-05,-0.00473,0.00424,0.99966,-0.01593,0.02052,-0.00044,33.11,34.53,0.076,0.0769
20:28:07.897,1790256487.8969,2476,3.799,-0.293,1.821,2.302,0.01085,-0.00131,0.98183,-0.00044,-0.00399,-0.00132,-0.01571,0.00387,0.99571,-0.09216,0.11179,0.00127,0.99997,-0.00083,-0.00578,0.00423,0.99966,-0.01539,0.021,-0.00042,33.11,34.53,0.0664,0.0769
20:28:07.917,1790256487.9172,2477,3.686,-0.282,1.822,2.301,-0.00445,0.00228,1.00684,-0.00198,-0.00285,-0.00344,-0.00691,0.00991,0.98901,-0.0869,0.11376,0.00089,0.99998,-0.00049,-0.00434,0.0042,0.99966,-0.01496,0.02146,-0.00042,33.11,34.53,0.0749,0.0718
20:28:07.937,1790256487.9375,2478,3.596,-0.176,1.822,2.3,0.00563,-0.00185,0.98519,-0.0012,0.00048,-0.00344,-0.01846,0.00682,0.98238,-0.08188,0.10359,-0.00177,0.99999,-0.0009,-0.003,0.00417,0.99965,-0.01445,0.02202,-0.00043,33.11,34.53,0.0689,0.0669
20:28:07.958,1790256487.9579,2479,3.431,-0.233,1.823,2.299,-0.00257,0.00099,0.98196,-0.00256,-1e-05,0.00159,0.00218,-0.01511,1.00636,-0.07408,0.10426,-0.00144,0.99999,-0.00051,-0.00171,0.00418,0.99965,-0.01456,0.02186,-0.00047,33.11,34.53,0.0665,0.0751
20:28:07.978,1790256487.9783,2480,3.323,-0.163,1.824,2.298,-0.01131,1e-05,0.97645,-0.00163,0.00289,0.00151,-0.00738,0.01934,0.99128,-0.0714,0.09737,-0.00188,0.99999,-0.00044,-0.00042,0.0042,0.99966,-0.01388,0.02221,-0.00048,33.11,34.53,0.0624,0.0736
20:28:07.998,1790256487.9986,2481,3.161,-0.082,1.824,2.297,-0.02193,-0.0063,0.98979,0.00052,-0.00226,0.00119,0.02273,0.01232,1.0059,-0.06228,0.10368,-0.00025,0.99999,-0.00078,0.00099,0.00422,0.99966,-0.01353,0.0222,-0.0005,33.11,34.53,0.0725,0.0753
20:28:08.019,1790256488.0193,2482,3.07,-0.165,1.825,2.296,-0.00497,0.00259,0.99007,-0.00072,0.0045,-0.0002,-0.00228,0.0102,1.00955,-0.07037,0.09766,-0.00458,0.99999,0.00042,0.00192,0.00422,0.99967,-0.01306,0.02234,-0.00055,33.11,34.53,0.0726,0.0728
20:28:08.039,1790256488.0395,2483,3.237,-0.087,1.825,2.295,0.00428,-0.00048,0.99357,0.00262,0.00115,0.00193,-0.00509,0.00413,1.00351,-0.06658,0.09447,-0.00445,0.99999,0.0002,0.00042,0.00424,0.99967,-0.01258,0.0223,-0.00059,33.11,34.53,0.0752,0.0774
20:28:08.060,1790256488.0601,2484,3.114,-0.217,1.826,2.294,-0.00628,0.00735,0.98295,-0.00091,0.00234,-0.00523,0.00162,-0.01178,0.98815,-0.06558,0.09338,0.00361,0.99999,0.00127,0.00129,0.00419,0.99968,-0.01264,0.02211,-0.00057,33.11,34.54,0.0672,0.0712
20:28:08.080,1790256488.0803,2485,3.143,-0.36,1.826,2.293,0.00115,0.01142,0.98654,0.00042,-0.0018,0.00045,0.02084,-0.00457,1.0052,-0.05997,0.0896,0.00399,0.99999,0.00259,0.00073,0.0042,0.99968,-0.01258,0.0218,-0.00055,33.11,34.54,0.07,0.0759
20:28:08.100,1790256488.1007,2486,3.105,-0.125,1.827,2.291,-0.00441,-0.00274,0.98897,0.00068,0.00282,0.00295,-0.00471,0.01492,1.0084,-0.05898,0.09781,0.00167,0.99999,0.00122,0.00127,0.00422,0.99969,-0.0119,0.02201,-0.00054,33.11,34.54,0.0717,0.0736
20:28:08.121,1790256488.1211,2487,3.265,-0.135,1.828,2.29,0.01781,0.00627,0.98946,0.00221,-0.00277,0.00169,0.00355,-0.00406,0.98651,-0.05108,0.09667,-0.00291,0.99999,0.00152,-0.00021,0.00425,0.99969,-0.01167,0.02193,-0.00058,33.11,34.54,0.0722,0.0699
20:28:08.141,1790256488.1415,2488,3.407,-0.111,1.828,2.289,0.0258,0.01042,0.98827,-0.00131,-0.00048,-0.00161,-0.00042,0.01002,0.99365,-0.05093,0.07764,-0.00235,0.99999,0.00193,-0.00161,0.00423,0.9997,-0.01105,0.02176,-0.00061,33.11,34.54,0.0715,0.0753
20:28:08.161,1790256488.1616,2489,3.218,-0.087,1.829,2.288,-0.00561,0.0061,0.99731,-0.00173,-0.001,-0.00052,0.00319,0.00694,1.01792,-0.03384,0.075,-0.00245,0.99999,0.00229,-0.0001,0.00423,0.99971,-0.01048,0.02162,-0.00064,33.11,34.54,0.078,0.0665
20:28:08.182,1790256488.1821,2490,3.013,0.014,1.829,2.287,-0.01271,0.00107,0.98504,0.00084,-0.00128,-0.0004,0.01105,0.00295,0.99417,-0.03114,0.07162,-0.00158,0.99999,0.00192,0.00126,0.00422,0.99973,-0.00997,0.02119,-0.00067,33.11,34.54,0.0688,0.0757
20:28:08.202,1790256488.2023,2491,3.071,0.183,1.83,2.287,0.00955,-0.01163,0.98468,0.00028,-0.00033,-0.00258,-0.00099,-0.00241,1.01157,-0.03708,0.07107,-0.00425,0.99999,0.00084,0.00039,0.0042,0.99974,-0.00958,0.02083,-0.00072,33.11,34.54,0.0686,0.0713
20:28:08.222,1790256488.2226,2492,2.98,0.356,1.83,2.286,-0.00404,-0.01245,0.99147,0.00159,0.00121,0.001,-0.00956,-0.01462,0.99151,-0.034,0.07571,-0.00147,0.99999,-0.00061,0.00073,0.00421,0.99975,-0.00952,0.02037,-0.00076,33.11,34.54,0.0737,0.0737
20:28:08.243,1790256488.2429,2493,2.89,0.265,1.831,2.285,-0.00474,0.00965,1.00045,-0.00146,-0.0019,0.00136,-0.00891,-0.00043,0.9964,-0.02594,0.07593,0.00159,0.99999,0.00092,0.00118,0.00423,0.99976,-0.00879,0.02004,-0.00075,33.11,34.54,0.0796,0.0773
20:28:08.263,1790256488.2631,2494,2.754,0.511,1.831,2.284,-0.01045,-0.00896,1.00287,-0.00041,-0.00244,0.00114,-0.02213,-0.00503,1.00771,-0.01901,0.06856,-0.00157,0.99999,-0.00035,0.00209,0.00424,0.99977,-0.00792,0.01975,-0.00077,33.11,34.54,0.0778,0.074
20:28:08.283,1790256488.2836,2495,2.744,0.43,1.832,2.283,0.00012,0.01308,0.97841,0.00074,-0.00265,0.00112,0.0025,0.00277,1.0065,-0.02628,0.06431,0.00109,0.99999,0.00091,0.00168,0.00425,0.99979,-0.00736,0.01926,-0.00077,33.11,34.54,0.0639,0.0751
20:28:08.304,1790256488.3042,2496,2.85,0.524,1.832,2.283,0.00255,0.00172,0.98175,0.00229,-0.00075,-0.00163,-0.02322,-0.00616,0.99548,-0.01477,0.0653,0.00427,0.99999,0.00092,0.0003,0.00424,0.9998,-0.00653,0.0188,-0.00073,33.11,34.54,0.0663,0.0768
20:28:08.324,1790256488.3248,2497,2.617,0.547,1.832,2.282,-0.01493,0.00629,0.99174,0.00048,-0.00055,0.00083,0.00205,0.00397,1.00766,-0.01644,0.05565,-0.00015,0.99999,0.00137,0.00176,0.00424,0.99982,-0.00589,0.01823,-0.00074,33.11,34.54,0.0739,0.0742
20:28:08.345,1790256488.345,2498,2.367,0.558,1.833,2.281,-0.01762,0.00341,0.99678,0.00059,-0.00345,0.00161,0.00141,-0.00923,0.98963,-0.01337,0.05465,0.00046,0.99998,0.00144,0.00328,0.00425,0.99983,-0.00573,0.01757,-0.00075,33.11,34.54,0.0777,0.0723
20:28:08.365,1790256488.3652,2499,2.419,0.707,1.833,2.28,0.00552,-0.00612,1.00044,0.00065,0.00355,0.00346,0.00279,-0.00801,0.99278,0.00152,0.04363,0.00141,0.99999,0.00049,0.00202,0.00429,0.99984,-0.00538,0.01676,-0.00075,33.11,34.54,0.0796,0.0746
20:28:08.385,1790256488.3858,2500,2.18,0.711,1.833,2.28,-0.00463,0.00113,0.98112,-0.00212,0.00354,-0.00135,0.00858,-0.00868,0.99204,0.00286,0.05251,-0.00094,0.99998,0.00077,0.00338,0.00428,0.99986,-0.00507,0.01603,-0.00078,33.11,34.54,0.0659,0.0741
20:28:08.406,1790256488.406,2501,2.207,0.805,1.833,2.279,0.00216,-0.00516,0.97284,-0.00264,-0.00186,0.00279,0.01853,-0.01318,1.00783,-0.00456,0.04852,-0.00095,0.99999,1e-05,0.0024,0.00431,0.99987,-0.005,0.01528,-0.00081,33.11,34.54,0.0596,0.0739
20:28:08.426,1790256488.4261,2502,2.277,0.828,1.833,2.279,0.01124,0.00924,0.99664,0.00344,0.0016,0.00054,-0.00497,0.00338,0.99835,0.00943,0.04278,-0.00427,0.99999,0.00083,0.00105,0.00431,0.99989,-0.00396,0.01455,-0.00086,33.11,34.54,0.0776,0.0788
20:28:08.446,1790256488.4465,2503,2.056,0.797,1.834,2.278,-0.00472,0.00337,0.9843,0.00119,-0.00029,0.00219,0.00528,-0.00552,0.99078,0.01743,0.04638,0.00162,0.99999,0.0016,0.00221,0.00434,0.9999,-0.00348,0.01379,-0.00086,33.11,34.54,0.0682,0.0731
20:28:08.467,1790256488.4669,2504,1.949,0.765,1.834,2.277,-0.00583,0.018,0.97829,0.00202,-0.00193,-0.00153,0.00741,0.00808,1.00047,0.01868,0.04177,0.00384,0.99998,0.00291,0.00233,0.00433,0.99991,-0.00245,0.01298,-0.00083,33.11,34.54,0.0639,0.0796
20:28:08.487,1790256488.4872,2505,2.026,0.874,1.834,2.277,0.00055,0.00581,0.97794,-4e-05,0.00155,0.00091,0.00916,0.01129,0.98196,0.02112,0.0348,0.00308,0.99999,0.00294,0.00104,0.00433,0.99992,-0.00146,0.01236,-0.0008,33.11,34.54,0.0635,0.0666
20:28:08.507,1790256488.5078,2506,2.084,0.931,1.834,2.276,0.00985,0.00104,0.98359,-0.00079,-0.00422,-0.00156,0.01096,-0.01386,0.98768,0.02043,0.02971,0.00446,0.99999,0.00242,-0.0003,0.00432,0.99993,-0.00147,0.01152,-0.00077,33.11,34.54,0.0677,0.0709
20:28:08.528,1790256488.528,2507,2.014,1.18,1.834,2.276,0.00933,-0.02449,0.99884,0.00207,0.00077,-0.00087,0.00098,-0.00036,0.99942,0.02698,0.02701,-0.00037,0.99999,0.0009,-0.00076,0.00431,0.99994,-0.00082,0.01044,-0.00079,33.11,34.54,0.0794,0.0796
20:28:08.548,1790256488.5483,2508,2.053,1.259,1.834,2.275,0.01638,0.00253,0.99263,-0.00105,0.00282,0.00372,0.01129,0.00629,0.9996,0.01757,0.01664,-0.00134,0.99999,0.00097,-0.00225,0.00435,0.99996,-5e-05,0.00929,-0.00081,33.11,34.54,0.0746,0.0798
20:28:08.568,1790256488.5686,2509,1.792,1.304,1.834,2.275,-0.00965,0.00499,0.97549,-0.00158,0.00674,-0.00066,0.00313,0.00248,1.01615,0.02678,0.01198,0.00026,0.99999,0.00122,-0.00097,0.00435,0.99997,0.00058,0.00829,-0.00081,33.11,34.54,0.0617,0.0679
20:28:08.589,1790256488.589,2510,1.558,1.308,1.834,2.274,-0.00409,-0.00045,0.99237,-0.0006,3e-05,0.00281,0.00327,-0.02101,0.99992,0.03642,0.01498,0.00016,0.99999,0.00056,0.00039,0.00438,0.99997,-6e-05,0.00761,-0.00083,33.11,34.54,0.0743,0.0799
20:28:08.609,1790256488.6093,2511,1.383,1.554,1.834,2.274,-0.0078,0.00163,1.00736,0.00046,0.00054,-0.00281,-0.011,0.01874,0.99998,0.04585,0.00826,-0.00247,0.99999,0.00066,0.0019,0.00435,0.99997,0.00219,0.00759,-0.00085,33.11,34.54,0.0745,0.0798
20:28:08.629,1790256488.6296,2512,1.458,1.772,1.833,2.274,0.01355,-0.00265,0.96589,-0.00079,0.00231,-0.00087,0.00113,0.02709,1.0187,0.03651,0.01289,-0.00035,0.99999,0.00041,0.00084,0.00434,0.99997,0.00385,0.00718,-0.00085,33.11,34.54,0.0545,0.0657
20:28:08.649,1790256488.6498,2513,1.163,1.831,1.833,2.274,-0.01299,-0.00216,0.99523,-0.00453,0.00223,0.0034,0.0056,-0.00194,1.00982,0.04862,-0.00024,0.00175,0.99999,-3e-05,0.00234,0.00438,0.99997,0.00391,0.00611,-0.00084,33.11,34.54,0.0765,0.0726
20:28:08.670,1790256488.6703,2514,0.929,1.783,1.833,2.273,-0.01126,0.00037,0.97007,-0.00021,-0.00016,0.00192,0.01401,-0.01482,0.99166,0.0416,0.00271,-0.00475,0.99998,3e-05,0.00351,0.0044,0.99998,0.00355,0.00524,-0.00089,33.11,34.54,0.0576,0.0739
20:28:08.690,1790256488.6904,2515,1.021,1.711,1.832,2.273,0.0159,0.00244,0.99009,-0.00149,0.00036,0.00217,-0.00148,-0.00544,0.98864,0.0491,-0.00709,-0.00044,0.99999,0.00017,0.00206,0.00442,0.99998,0.00307,0.00458,-0.00091,33.11,34.54,0.0727,0.0715
20:28:08.711,1790256488.7109,2516,0.842,1.699,1.832,2.273,-0.00911,-0.00219,0.98555,6e-05,0.00326,-0.00104,-0.00374,-0.01519,1.00685,0.0508,-0.01395,0.00032,0.99998,-0.00047,0.00335,0.00441,0.99999,0.00232,0.00431,-0.00092,33.11,34.54,0.0692,0.0748
20:28:08.731,1790256488.7315,2517,0.956,1.629,1.832,2.273,0.00591,-0.00235,0.98638,-0.00025,0.00368,0.00202,-0.00364,-0.01178,0.99701,0.05464,-0.01878,0.00199,0.99999,-0.00063,0.00195,0.00443,0.99999,0.00155,0.00391,-0.00091,33.11,34.54,0.0698,0.0778
20:28:08.752,1790256488.7521,2518,0.769,1.891,1.831,2.273,-0.00406,-0.00405,0.98216,0.00014,0.00191,4e-05,0.02691,0.00388,1.00616,0.06601,-0.0235,0.00375,0.99999,-0.002,0.00205,0.00443,0.99999,0.00247,0.00237,-0.00087,33.11,34.54,0.0666,0.0751
20:28:08.772,1790256488.7725,2519,0.88,1.986,1.831,2.272,-0.00224,-0.01797,1.02166,0.00315,0.00046,0.00049,-0.01343,-0.01021,1.00776,0.06648,-0.0216,0.00248,0.99998,-0.00325,0.00187,0.00444,0.99999,0.00204,0.00315,-0.00086,33.11,34.54,0.0636,0.0741
20:28:08.792,1790256488.7928,2520,0.808,2.219,1.83,2.272,-0.00135,-0.01241,1.00194,0.0032,-0.00499,-0.00513,0.00321,0.00137,0.99018,0.07925,-0.01356,-0.00065,0.99998,-0.00469,0.0012,0.00438,0.99999,0.00265,0.00184,-0.00087,33.11,34.54,0.0785,0.0726
20:28:08.813,1790256488.8131,2521,0.697,2.361,1.83,2.272,-0.00329,-0.00743,0.98593,-0.00082,-0.00072,-0.00091,-0.00105,0.01698,1.00214,0.0734,-0.02334,0.00737,0.99998,-0.00342,0.00182,0.00438,0.99999,0.00514,0.0015,-0.0008,33.11,34.54,0.0695,0.0783
20:28:08.833,1790256488.8335,2522,0.698,2.407,1.829,2.272,-0.00221,-0.00681,0.97864,-0.00121,0.00066,0.00033,0.01397,0.00094,0.98402,0.07351,-0.03102,0.00085,0.99998,-0.00354,0.00052,0.00438,0.99998,0.00544,0.00022,-0.00079,33.11,34.54,0.064,0.0681
20:28:08.854,1790256488.854,2523,0.709,2.336,1.829,2.273,-0.01393,0.00524,0.98083,-0.00336,0.00306,0.00027,-0.01387,0.00248,1.01727,0.07787,-0.02941,-0.00078,0.99999,-0.00265,0.00154,0.00439,0.99998,0.0057,0.00133,-0.00081,33.11,34.54,0.0657,0.067
20:28:08.874,1790256488.8746,2524,0.647,2.207,1.828,2.272,-0.01665,0.00631,0.99366,0.00236,0.0017,0.00433,-0.01525,-0.00496,0.98666,0.08012,-0.04656,0.00122,0.99999,-0.00162,0.00274,0.00444,0.99998,0.0056,0.00199,-0.00081,33.11,34.54,0.0754,0.0701
20:28:08.895,1790256488.895,2525,0.716,2.214,1.828,2.272,-0.01265,0.00945,0.97988,-0.00203,0.0004,0.00388,-0.01077,0.01216,1.013,0.07864,-0.03892,0.00089,0.99998,-0.0005,0.0034,0.00449,0.99997,0.00678,0.00326,-0.00081,33.11,34.54,0.065,0.0702
20:28:08.915,1790256488.9153,2526,0.663,2.475,1.827,2.273,0.00289,-0.00736,0.97948,-0.00215,0.00258,-0.00067,0.00078,0.01607,1.01752,0.09163,-0.04851,0.00264,0.99999,-0.00125,0.00233,0.00448,0.99996,0.00831,0.00172,-0.00078,33.11,34.54,0.0646,0.0668
20:28:08.935,1790256488.9357,2527,0.773,2.6,1.827,2.273,0.00115,-0.01533,0.97585,0.0005,-0.00111,-0.00117,-0.01776,-0.00499,1.01225,0.09284,-0.05848,-0.00317,0.99999,-0.0024,0.00181,0.00447,0.99996,0.00826,0.00216,-0.00083,33.11,34.54,0.062,0.0707
20:28:08.956,1790256488.9562,2528,0.86,2.422,1.827,2.273,0.00116,-9e-05,0.99906,-0.00285,-0.00206,-0.00027,0.00018,-0.01632,0.99458,0.08832,-0.04513,0.00251,0.99999,-0.00129,0.00063,0.00447,0.99997,0.00782,0.00174,-0.00082,33.11,34.54,0.0793,0.076
20:28:08.976,1790256488.9764,2529,0.955,2.396,1.826,2.273,0.00377,-0.00307,0.98998,-0.0009,8e-05,0.00302,0.00011,0.00156,0.99539,0.09097,-0.04924,0.00074,0.99999,-0.00144,-0.00083,0.0045,0.99997,0.00745,0.00111,-0.00082,33.11,34.54,0.0725,0.0765
20:28:08.997,1790256488.9968,2530,1.016,2.203,1.826,2.273,0.00388,0.00902,1.00611,-0.0019,-0.00247,0.00048,-0.00877,-0.00299,0.99255,0.10116,-0.05282,0.00325,0.99999,6e-05,-0.00114,0.00451,0.99997,0.00726,0.00135,-0.0008,33.11,34.54,0.0754,0.0744
20:28:09.017,1790256489.0173,2531,0.753,2.281,1.825,2.273,-0.01439,-0.00941,0.98739,-0.00032,0.00051,-0.0027,0.00467,0.00021,1.01475,0.09749,-0.06379,0.00149,0.99999,-0.00067,0.00012,0.00448,0.99997,0.0072,0.0003,-0.00079,33.11,34.54,0.0707,0.0689
20:28:09.038,1790256489.0379,2532,0.585,2.481,1.825,2.273,0.00072,-0.01041,0.99484,0.00136,-0.00375,-0.00097,0.00788,0.00769,0.99869,0.09785,-0.06496,0.00085,0.99999,-0.00222,-0.0001,0.00447,0.99997,0.00741,-0.00139,-0.00077,33.11,34.54,0.0762,0.0791
