real_time,timestamp_s,seq,rel_pitch_deg,rel_roll_deg
12:53:56.430,2486.6011,124013,-0.007,-0.028
12:53:56.430,2486.6211,124014,0.155,-0.08
12:53:56.430,2486.6411,124015,0.269,-0.204
12:53:56.436,2486.6611,124016,0.292,-0.315
12:53:56.436,2486.6811,124017,0.316,-0.407
12:53:56.447,2486.7011,124018,0.239,-0.495
12:53:56.447,2486.7211,124019,0.186,-0.522
12:53:56.510,2486.7411,124020,0.131,-0.459
12:53:56.510,2486.7611,124021,0.041,-0.31
12:53:56.510,2486.7811,124022,-0.117,-0.143
12:53:56.552,2486.8011,124023,-0.289,0.041
12:53:56.552,2486.8211,124024,-0.368,0.248
12:53:56.610,2486.8411,124025,-0.527,0.375
12:53:56.616,2486.8611,124026,-0.569,0.64
12:53:56.616,2486.8811,124027,-0.535,0.718
12:53:56.643,2486.9011,124028,-0.447,0.794
12:53:56.659,2486.9211,124029,-0.342,0.917
12:53:56.675,2486.9411,124030,-0.245,1.074
12:53:56.734,2486.9611,124031,-0.199,1.096
12:53:56.734,2486.9811,124032,-0.282,0.94
12:53:56.740,2487.0011,124033,-0.43,0.712
12:53:56.807,2487.0211,124034,-0.57,0.466
12:53:56.807,2487.0411,124035,-0.648,0.193
12:53:56.812,2487.0611,124036,-0.7,-0.05
12:53:56.812,2487.0811,124037,-0.719,-0.267
12:53:56.839,2487.1011,124038,-0.716,-0.435
12:53:56.856,2487.1211,124039,-0.648,-0.566
12:53:56.899,2487.1411,124040,-0.606,-0.624
12:53:56.899,2487.1611,124041,-0.602,-0.496
12:53:56.915,2487.1811,124042,-0.497,-0.378
12:53:56.957,2487.2011,124043,-0.46,-0.245
12:53:56.957,2487.2211,124044,-0.416,-0.117
12:53:56.974,2487.2411,124045,-0.432,-0.016
12:53:57.016,2487.2611,124046,-0.462,0.083
12:53:57.022,2487.2811,124047,-0.552,0.011
12:53:57.033,2487.3011,124048,-0.525,-0.144
12:53:57.065,2487.3211,124049,-0.439,-0.134
12:53:57.107,2487.3411,124050,-0.464,-0.123
12:53:57.107,2487.3611,124051,-0.476,-0.224
12:53:57.113,2487.3811,124052,-0.334,-0.338
12:53:57.139,2487.4011,124053,-0.28,-0.411
12:53:57.155,2487.4211,124054,-0.231,-0.356
12:53:57.229,2487.4411,124055,-0.146,-0.197
12:53:57.229,2487.4611,124056,-0.139,-0.237
12:53:57.245,2487.4811,124057,-0.218,-0.204
12:53:57.245,2487.5011,124058,-0.213,-0.096
12:53:57.351,2487.5211,124059,-0.305,0.014
12:53:57.352,2487.5411,124060,-0.328,-0.041
12:53:57.425,2487.5611,124061,-0.323,-0.09
12:53:57.425,2487.5811,124062,-0.281,0.052
12:53:57.425,2487.6011,124063,0.021,0.237
12:53:57.425,2487.6211,124064,0.191,0.327
12:53:57.430,2487.6411,124065,0.25,0.221
12:53:57.431,2487.6655,124066,0.181,0.251
12:53:57.431,2487.6811,124067,0.204,0.2
12:53:57.499,2487.7011,124068,0.278,0.235
12:53:57.499,2487.7211,124069,0.257,0.268
12:53:57.499,2487.7411,124070,0.399,0.204
12:53:57.505,2487.7611,124071,0.413,0.306
12:53:57.531,2487.7811,124072,0.474,0.549
12:53:57.531,2487.8011,124073,0.357,0.69
12:53:57.558,2487.8211,124074,0.431,0.738
12:53:57.574,2487.8411,124075,0.437,0.787
12:53:57.601,2487.8611,124076,0.371,0.886
12:53:57.676,2487.8811,124077,0.25,0.97
12:53:57.681,2487.9011,124078,0.2,0.882
12:53:57.682,2487.9211,124079,0.241,0.741
12:53:57.682,2487.9411,124080,0.18,0.783
12:53:57.708,2487.9611,124081,0.113,0.693
12:53:57.708,2487.9811,124082,0.229,0.683
12:53:57.750,2488.0011,124083,0.275,0.71
12:53:57.830,2488.0211,124084,0.273,0.791
12:53:57.830,2488.0411,124085,0.353,0.696
12:53:57.830,2488.0611,124086,0.218,0.636
12:53:57.830,2488.0811,124087,0.096,0.776
12:53:57.835,2488.1011,124088,0.062,0.896
12:53:57.857,2488.1211,124089,0.057,0.812
12:53:57.873,2488.1411,124090,0.099,0.855
12:53:57.931,2488.1611,124091,0.021,0.959
12:53:57.937,2488.1811,124092,-0.066,0.92
12:53:57.937,2488.2011,124093,-0.064,1.005
12:53:57.995,2488.2211,124094,0.155,1.003
12:53:57.995,2488.2411,124095,0.075,0.926
12:53:58.081,2488.2611,124096,0.143,1.099
12:53:58.086,2488.2811,124097,0.211,1.176
12:53:58.161,2488.3011,124098,0.305,1.242
12:53:58.161,2488.3211,124099,0.266,1.268
12:53:58.161,2488.3411,124100,0.193,1.158
12:53:58.166,2488.3611,124101,0.101,1.165
12:53:58.279,2488.3811,124102,0.043,1.099
12:53:58.295,2488.4011,124103,-0.011,1.11
12:53:58.295,2488.4211,124104,-0.093,1.036
12:53:58.295,2488.4411,124105,-0.148,1.037
12:53:58.295,2488.4611,124106,-0.097,0.99
12:53:58.301,2488.4811,124107,-0.003,1.07
12:53:58.301,2488.5011,124108,0.06,1.148
12:53:58.301,2488.5211,124109,-0.023,1.237
12:53:58.339,2488.5411,124110,-0.08,1.362
12:53:58.339,2488.5611,124111,-0.118,1.407
12:53:58.340,2488.5811,124112,0.008,1.308
12:53:58.345,2488.6011,124113,-0.012,1.219
12:53:58.398,2488.6211,124114,0.039,1.234
12:53:58.399,2488.6411,124115,0.235,1.396
12:53:58.399,2488.6611,124116,0.322,1.344
12:53:58.447,2488.6811,124117,0.446,1.37
12:53:58.447,2488.7011,124118,0.473,1.484
12:53:58.458,2488.7211,124119,0.421,1.64
12:53:58.517,2488.7411,124120,0.314,1.608
12:53:58.517,2488.7611,124121,0.327,1.531
12:53:58.566,2488.7811,124122,0.367,1.431
12:53:58.566,2488.8011,124123,0.418,1.463
12:53:58.566,2488.8211,124124,0.451,1.582
12:53:58.576,2488.8411,124125,0.631,1.715
12:53:58.640,2488.8611,124126,0.593,1.78
12:53:58.640,2488.8811,124127,0.439,1.893
12:53:58.640,2488.9011,124128,0.322,1.897
12:53:58.656,2488.9211,124129,0.173,1.963
12:53:58.758,2488.9411,124130,0.098,2.154
12:53:58.758,2488.9611,124131,0.188,2.147
12:53:58.764,2488.9811,124132,0.117,2.101
12:53:58.764,2489.0011,124133,0.133,2.054
12:53:58.774,2489.0211,124134,0.028,2.202
12:53:58.775,2489.0411,124135,0.391,2.453
12:53:58.849,2489.0611,124136,0.541,2.656
12:53:58.849,2489.0811,124137,0.827,2.991
12:53:58.854,2489.1011,124138,1.255,3.391
12:53:58.854,2489.1211,124139,1.926,3.585
12:53:58.881,2489.1411,124140,2.583,3.779
12:53:58.892,2489.1611,124141,3.055,3.925
12:53:58.923,2489.1811,124142,3.349,4.043
12:53:58.939,2489.2011,124143,3.683,3.962
12:53:58.966,2489.2211,124144,4.274,4.045
12:53:58.971,2489.2411,124145,4.998,3.917
12:53:58.998,2489.2611,124146,5.729,3.819
12:53:59.014,2489.2811,124147,6.218,3.809
12:53:59.041,2489.3011,124148,6.707,3.707
12:53:59.103,2489.3211,124149,7.23,3.597
12:53:59.103,2489.3411,124150,7.603,3.48
12:53:59.109,2489.3611,124151,7.988,3.432
12:53:59.109,2489.3811,124152,8.441,3.55
12:53:59.135,2489.4011,124153,8.842,3.614
12:53:59.162,2489.4211,124154,9.157,3.715
12:53:59.209,2489.4411,124155,9.367,3.909
12:53:59.225,2489.4611,124156,9.614,3.99
12:53:59.225,2489.4811,124157,9.772,4.044
12:53:59.241,2489.5011,124158,9.734,4.227
12:53:59.252,2489.5211,124159,9.731,4.269
12:53:59.283,2489.5411,124160,9.734,4.323
12:53:59.325,2489.5611,124161,9.915,4.392
12:53:59.331,2489.5811,124162,10.105,4.542
12:53:59.331,2489.6011,124163,10.303,4.758
12:53:59.358,2489.6211,124164,10.512,4.543
12:53:59.374,2489.6411,124165,10.888,4.521
12:53:59.401,2489.6611,124166,11.559,4.608
12:53:59.448,2489.6811,124167,12.138,4.603
12:53:59.448,2489.7011,124168,12.486,4.295
12:53:59.448,2489.7211,124169,12.944,3.758
12:53:59.481,2489.7411,124170,13.359,2.933
12:53:59.492,2489.7611,124171,13.577,2.636
12:53:59.524,2489.7811,124172,13.545,2.602
12:53:59.555,2489.8011,124173,13.608,2.442
12:53:59.555,2489.8211,124174,13.504,2.43
12:53:59.581,2489.8411,124175,13.224,2.477
12:53:59.597,2489.8611,124176,13.004,2.566
12:53:59.613,2489.8811,124177,12.66,2.642
12:53:59.645,2489.9011,124178,12.319,2.799
12:53:59.689,2489.9211,124179,12.027,2.837
12:53:59.689,2489.9411,124180,11.918,2.981
12:53:59.705,2489.9611,124181,11.897,2.582
12:53:59.716,2489.9811,124182,11.622,1.912
12:53:59.732,2490.0011,124183,11.677,1.48
12:53:59.764,2490.0211,124184,11.896,1.404
12:53:59.792,2490.0411,124185,12.034,1.536
12:53:59.792,2490.0611,124186,12.072,1.556
12:53:59.839,2490.0811,124187,12.176,1.831
12:53:59.839,2490.1011,124188,12.301,1.937
12:53:59.855,2490.1211,124189,12.389,1.966
12:53:59.882,2490.1411,124190,12.434,2.01
12:53:59.898,2490.1611,124191,12.32,2.278
12:53:59.914,2490.1811,124192,12.244,2.479
12:53:59.945,2490.2011,124193,12.142,2.597
12:53:59.956,2490.2211,124194,11.924,2.763
12:53:59.973,2490.2411,124195,11.891,3.07
12:54:00.005,2490.2611,124196,11.833,3.313
12:54:00.031,2490.2811,124197,11.727,3.569
12:54:00.037,2490.3011,124198,11.592,3.737
12:54:00.064,2490.3211,124199,11.413,3.881
12:54:00.079,2490.3411,124200,11.223,3.963
12:54:00.095,2490.3611,124201,11.043,4.029
12:54:00.151,2490.3811,124202,10.798,3.951
12:54:00.156,2490.4011,124203,10.477,3.987
12:54:00.156,2490.4211,124204,10.224,4.048
12:54:00.183,2490.4411,124205,9.959,4.069
12:54:00.214,2490.4611,124206,9.724,3.982
12:54:00.214,2490.4811,124207,9.562,3.814
12:54:00.287,2490.5011,124208,9.43,3.73
12:54:00.287,2490.5211,124209,9.275,3.648
12:54:00.293,2490.5411,124210,9.07,3.557
12:54:00.293,2490.5611,124211,8.758,3.498
12:54:00.335,2490.5811,124212,8.276,3.385
12:54:00.394,2490.6011,124213,7.815,3.193
12:54:00.394,2490.6211,124214,7.146,2.925
12:54:00.395,2490.6411,124215,6.514,2.623
12:54:00.400,2490.6611,124216,5.791,2.308
12:54:00.426,2490.6811,124217,5.07,1.868
12:54:00.436,2490.7011,124218,4.349,1.464
12:54:00.452,2490.7211,124219,3.794,1.024
12:54:00.499,2490.7411,124220,3.217,0.613
12:54:00.500,2490.7611,124221,2.738,0.268
12:54:00.511,2490.7811,124222,2.574,0.017
12:54:00.543,2490.8011,124223,2.367,-0.243
12:54:00.560,2490.8211,124224,1.969,-0.449
12:54:00.571,2490.8411,124225,1.501,-0.629
12:54:00.618,2490.8611,124226,0.807,-0.758
12:54:00.618,2490.8811,124227,0.197,-0.833
12:54:00.650,2490.9011,124228,-0.42,-0.933
12:54:00.650,2490.9211,124229,-1.217,-0.993
12:54:00.740,2490.9411,124230,-2.046,-0.951
12:54:00.740,2490.9611,124231,-2.774,-0.874
12:54:00.740,2490.9811,124232,-3.492,-0.791
12:54:00.746,2491.0011,124233,-4.245,-0.691
12:54:00.751,2491.0211,124234,-5.014,-0.47
12:54:00.783,2491.0411,124235,-5.581,-0.248
12:54:00.858,2491.0611,124236,-6.234,0.042
12:54:00.858,2491.0811,124237,-6.792,0.399
12:54:00.863,2491.1011,124238,-7.324,0.749
12:54:00.863,2491.1211,124239,-7.827,1.065
12:54:00.874,2491.1411,124240,-8.435,1.427
12:54:00.906,2491.1611,124241,-9.071,1.861
12:54:00.932,2491.1811,124242,-9.625,2.304
12:54:00.932,2491.2011,124243,-10.009,2.756
12:54:00.980,2491.2211,124244,-10.368,3.147
12:54:00.980,2491.2411,124245,-10.816,3.47
12:54:00.992,2491.2611,124246,-11.194,3.808
12:54:01.024,2491.2811,124247,-11.465,4.13
12:54:01.097,2491.3011,124248,-11.62,4.417
12:54:01.129,2491.3211,124249,-11.841,4.659
12:54:01.129,2491.3411,124250,-12.096,4.892
12:54:01.145,2491.3611,124251,-12.294,5.155
12:54:01.145,2491.3811,124252,-12.532,5.432
12:54:01.146,2491.4011,124253,-12.687,5.643
12:54:01.234,2491.4211,124254,-12.955,5.812
12:54:01.340,2491.4411,124255,-13.177,5.976
12:54:01.340,2491.4611,124256,-13.274,6.183
12:54:01.340,2491.4811,124257,-13.386,6.295
12:54:01.340,2491.5011,124258,-13.358,6.357
12:54:01.346,2491.5211,124259,-13.312,6.505
12:54:01.346,2491.5411,124260,-13.39,6.613
12:54:01.351,2491.5611,124261,-13.377,6.665
12:54:01.367,2491.5811,124262,-13.437,6.696
12:54:01.367,2491.6011,124263,-13.473,6.74
12:54:01.373,2491.6211,124264,-13.524,6.794
12:54:01.373,2491.6411,124265,-13.416,6.838
12:54:01.399,2491.6611,124266,-13.415,6.838
12:54:01.416,2491.6811,124267,-13.402,6.841
12:54:01.474,2491.7011,124268,-13.35,6.876
12:54:01.474,2491.7211,124269,-13.159,6.984
12:54:01.474,2491.7411,124270,-12.872,7.19
12:54:01.505,2491.7611,124271,-12.428,7.388
12:54:01.516,2491.7811,124272,-11.789,7.514
12:54:01.532,2491.8011,124273,-11.015,7.61
12:54:01.578,2491.8211,124274,-10.143,7.656
12:54:01.578,2491.8411,124275,-9.266,7.652
12:54:01.595,2491.8611,124276,-8.248,7.55
12:54:01.622,2491.8811,124277,-6.838,7.477
12:54:01.638,2491.9011,124278,-5.425,7.459
12:54:01.681,2491.9211,124279,-3.791,7.376
12:54:01.687,2491.9411,124280,-2.082,7.383
12:54:01.697,2491.9611,124281,-0.412,7.517
12:54:01.729,2491.9811,124282,1.119,7.654
12:54:01.729,2492.0011,124283,2.49,7.79
12:54:01.757,2492.0211,124284,3.819,7.967
12:54:01.804,2492.0411,124285,4.879,8.176
12:54:01.804,2492.0611,124286,5.71,8.409
12:54:01.816,2492.0811,124287,6.589,8.727
12:54:01.832,2492.1011,124288,7.464,9.049
12:54:01.863,2492.1211,124289,8.102,9.186
12:54:01.895,2492.1411,124290,8.713,9.371
12:54:01.895,2492.1611,124291,9.201,9.603
12:54:01.922,2492.1811,124292,9.623,9.82
12:54:01.937,2492.2011,124293,9.674,10.095
12:54:01.970,2492.2211,124294,9.977,10.458
12:54:01.970,2492.2411,124295,10.189,10.852
12:54:01.996,2492.2611,124296,10.426,11.007
12:54:02.044,2492.2811,124297,10.716,11.311
12:54:02.044,2492.3011,124298,11.27,11.761
12:54:02.071,2492.3211,124299,11.924,12.081
12:54:02.076,2492.3411,124300,12.858,12.338
12:54:02.103,2492.3611,124301,13.915,12.619
12:54:02.119,2492.3811,124302,14.793,12.881
12:54:02.162,2492.4011,124303,15.71,12.929
12:54:02.167,2492.4211,124304,16.61,12.945
12:54:02.178,2492.4411,124305,17.377,13.192
12:54:02.210,2492.4611,124306,18.1,13.349
12:54:02.210,2492.4811,124307,18.594,13.293
12:54:02.236,2492.5011,124308,19.199,13.285
12:54:02.315,2492.5211,124309,19.665,13.256
12:54:02.315,2492.5411,124310,19.916,13.104
12:54:02.320,2492.5611,124311,20.259,12.996
12:54:02.321,2492.5811,124312,20.144,13.03
12:54:02.342,2492.6011,124313,19.931,12.94
12:54:02.358,2492.6211,124314,19.827,12.876
12:54:02.386,2492.6411,124315,19.744,12.584
12:54:02.391,2492.6611,124316,19.812,12.533
12:54:02.418,2492.6811,124317,20.204,12.325
12:54:02.434,2492.7011,124318,20.746,12.403
12:54:02.467,2492.7211,124319,21.291,12.467
12:54:02.478,2492.7411,124320,22.026,12.414
12:54:02.509,2492.7611,124321,22.392,12.296
12:54:02.509,2492.7811,124322,22.772,12.215
12:54:02.536,2492.8011,124323,22.881,12.353
12:54:02.568,2492.8211,124324,22.839,12.542
12:54:02.568,2492.8411,124325,22.811,12.364
12:54:02.600,2492.8611,124326,22.949,12.129
12:54:02.627,2492.8811,124327,22.828,12.195
12:54:02.632,2492.9011,124328,22.673,12.348
12:54:02.659,2492.9211,124329,22.507,12.424
12:54:02.691,2492.9411,124330,22.471,12.454
12:54:02.691,2492.9611,124331,22.487,12.576
12:54:02.760,2492.9811,124332,22.249,12.656
12:54:02.766,2493.0011,124333,22.248,12.554
12:54:02.766,2493.0211,124334,22.507,12.638
12:54:02.777,2493.0411,124335,22.82,12.721
12:54:02.809,2493.0611,124336,23.016,12.54
12:54:02.809,2493.0811,124337,23.145,12.46
12:54:02.836,2493.1011,124338,23.194,12.476
12:54:02.868,2493.1211,124339,23.424,12.503
12:54:02.873,2493.1411,124340,23.764,12.415
12:54:02.900,2493.1611,124341,23.837,12.246
12:54:02.911,2493.1811,124342,23.934,12.288
12:54:02.943,2493.2011,124343,23.985,12.275
12:54:02.990,2493.2211,124344,24.072,12.284
12:54:02.990,2493.2411,124345,24.309,12.508
12:54:02.991,2493.2611,124346,24.574,12.829
12:54:03.017,2493.2811,124347,24.651,13.04
12:54:03.048,2493.3011,124348,24.599,13.237
12:54:03.048,2493.3211,124349,24.551,13.461
12:54:03.106,2493.3411,124350,24.801,13.629
12:54:03.112,2493.3611,124351,24.851,13.893
12:54:03.112,2493.3811,124352,25.113,13.797
12:54:03.170,2493.4011,124353,25.227,13.826
12:54:03.170,2493.4211,124354,25.365,13.749
12:54:03.171,2493.4411,124355,25.494,13.641
12:54:03.260,2493.4611,124356,25.603,13.486
12:54:03.260,2493.4811,124357,25.609,13.256
12:54:03.261,2493.5011,124358,25.479,12.893
12:54:03.261,2493.5211,124359,25.16,12.519
12:54:03.272,2493.5411,124360,24.745,12.115
12:54:03.304,2493.5611,124361,24.283,11.78
12:54:03.331,2493.5811,124362,23.738,11.284
12:54:03.336,2493.6011,124363,23.063,10.651
12:54:03.378,2493.6211,124364,22.256,10.0
12:54:03.410,2493.6411,124365,21.383,9.516
12:54:03.410,2493.6611,124366,20.588,9.194
12:54:03.410,2493.6811,124367,19.665,8.796
12:54:03.468,2493.7011,124368,18.232,8.326
12:54:03.473,2493.7211,124369,16.801,8.078
12:54:03.473,2493.7411,124370,15.631,7.945
12:54:03.500,2493.7611,124371,14.627,7.821
12:54:03.547,2493.7811,124372,13.672,7.724
12:54:03.548,2493.8011,124373,12.92,7.573
12:54:03.574,2493.8211,124374,12.491,7.557
12:54:03.574,2493.8411,124375,12.53,7.69
12:54:03.601,2493.8611,124376,12.449,7.745
12:54:03.617,2493.8811,124377,12.194,7.766
12:54:03.649,2493.9011,124378,12.082,7.899
12:54:03.649,2493.9211,124379,12.192,7.987
12:54:03.691,2493.9411,124380,11.843,8.085
12:54:03.697,2493.9611,124381,11.403,8.045
12:54:03.739,2493.9811,124382,10.903,8.084
12:54:03.739,2494.0011,124383,10.277,7.983
12:54:03.781,2494.0211,124384,9.632,7.876
12:54:03.813,2494.0411,124385,9.082,7.744
12:54:03.829,2494.0611,124386,8.612,7.644
12:54:03.829,2494.0811,124387,8.02,7.532
12:54:03.829,2494.1011,124388,7.273,7.405
12:54:03.871,2494.1211,124389,6.275,7.351
12:54:03.876,2494.1411,124390,5.256,7.297
12:54:03.918,2494.1611,124391,4.33,7.298
12:54:03.924,2494.1811,124392,3.429,7.358
12:54:03.935,2494.2011,124393,2.413,7.494
12:54:03.962,2494.2211,124394,1.375,7.661
12:54:03.994,2494.2411,124395,0.362,7.824
12:54:04.010,2494.2611,124396,-0.603,7.996
12:54:04.015,2494.2811,124397,-1.482,8.151
12:54:04.067,2494.3011,124398,-2.206,8.33
12:54:04.073,2494.3211,124399,-2.669,8.508
12:54:04.073,2494.3411,124400,-3.112,8.643
12:54:04.174,2494.3611,124401,-3.617,8.875
12:54:04.174,2494.3811,124402,-4.129,9.192
12:54:04.174,2494.4011,124403,-4.475,9.489
12:54:04.180,2494.4211,124404,-4.923,9.779
12:54:04.180,2494.4411,124405,-5.412,10.036
12:54:04.218,2494.4611,124406,-5.692,10.231
12:54:04.218,2494.4811,124407,-5.83,10.322
12:54:04.234,2494.5011,124408,-5.737,10.344
12:54:04.276,2494.5211,124409,-5.631,10.462
12:54:04.282,2494.5411,124410,-5.477,10.648
12:54:04.293,2494.5611,124411,-5.594,10.832
12:54:04.368,2494.5811,124412,-5.744,11.055
12:54:04.412,2494.6011,124413,-5.796,11.264
12:54:04.417,2494.6211,124414,-5.927,11.488
12:54:04.417,2494.6411,124415,-6.12,11.687
12:54:04.417,2494.6611,124416,-6.351,11.873
12:54:04.418,2494.6811,124417,-6.349,12.027
12:54:04.444,2494.7011,124418,-6.511,12.173
12:54:04.471,2494.7211,124419,-6.486,12.312
12:54:04.476,2494.7411,124420,-6.631,12.434
12:54:04.550,2494.7611,124421,-6.861,12.611
12:54:04.551,2494.7811,124422,-7.013,12.844
12:54:04.551,2494.8011,124423,-6.927,13.017
12:54:04.551,2494.8211,124424,-6.807,13.153
12:54:04.577,2494.8411,124425,-6.849,13.384
12:54:04.593,2494.8611,124426,-6.798,13.614
12:54:04.636,2494.8811,124427,-6.686,13.842
12:54:04.642,2494.9011,124428,-6.566,14.088
12:54:04.669,2494.9211,124429,-6.5,14.294
12:54:04.684,2494.9411,124430,-6.539,14.541
12:54:04.789,2494.9611,124431,-6.633,14.702
12:54:04.789,2494.9811,124432,-6.671,14.864
12:54:04.795,2495.0011,124433,-6.866,15.002
12:54:04.795,2495.0211,124434,-6.949,15.084
12:54:04.795,2495.0411,124435,-6.939,15.156
12:54:04.795,2495.0611,124436,-6.872,15.208
12:54:04.833,2495.0811,124437,-6.82,15.247
12:54:04.839,2495.1011,124438,-6.882,15.463
12:54:04.875,2495.1211,124439,-6.76,15.684
12:54:04.881,2495.1411,124440,-6.731,15.801
12:54:04.892,2495.1611,124441,-6.525,16.057
12:54:04.925,2495.1811,124442,-6.291,16.169
12:54:04.940,2495.2011,124443,-6.27,16.358
12:54:04.951,2495.2211,124444,-6.222,16.52
12:54:04.999,2495.2411,124445,-6.265,16.628
12:54:04.999,2495.2611,124446,-6.333,16.756
12:54:05.015,2495.2811,124447,-6.152,16.842
12:54:05.041,2495.3011,124448,-6.031,16.923
12:54:05.057,2495.3211,124449,-6.039,17.086
12:54:05.073,2495.3411,124450,-5.921,17.042
12:54:05.121,2495.3611,124451,-5.806,16.979
12:54:05.121,2495.3811,124452,-5.714,16.953
12:54:05.148,2495.4011,124453,-5.749,16.946
12:54:05.148,2495.4211,124454,-5.808,17.028
12:54:05.221,2495.4411,124455,-5.748,17.0
12:54:05.227,2495.4611,124456,-5.751,17.017
12:54:05.227,2495.4811,124457,-5.713,17.078
12:54:05.253,2495.5011,124458,-5.748,17.281
12:54:05.253,2495.5211,124459,-5.803,17.583
12:54:05.285,2495.5411,124460,-5.73,17.739
12:54:05.312,2495.5611,124461,-5.639,17.868
12:54:05.312,2495.5811,124462,-5.672,17.943
12:54:05.360,2495.6011,124463,-5.829,18.029
12:54:05.360,2495.6211,124464,-5.792,18.056
12:54:05.386,2495.6411,124465,-5.866,18.015
12:54:05.392,2495.6611,124466,-6.063,17.952
12:54:05.524,2495.6811,124467,-6.186,17.85
12:54:05.524,2495.7011,124468,-6.216,17.759
12:54:05.524,2495.7211,124469,-6.422,17.74
12:54:05.529,2495.7411,124470,-6.555,17.723
12:54:05.530,2495.7611,124471,-6.539,17.714
12:54:05.530,2495.7811,124472,-6.481,17.73
12:54:05.535,2495.8011,124473,-6.41,17.752
12:54:05.551,2495.8211,124474,-6.495,17.868
12:54:05.629,2495.8411,124475,-6.532,17.924
12:54:05.630,2495.8611,124476,-6.577,17.96
12:54:05.630,2495.8811,124477,-6.802,17.892
12:54:05.635,2495.9011,124478,-7.113,17.893
12:54:05.672,2495.9211,124479,-7.486,17.898
12:54:05.672,2495.9411,124480,-7.801,17.8
12:54:05.704,2495.9611,124481,-8.051,17.643
12:54:05.730,2495.9811,124482,-8.398,17.589
12:54:05.736,2496.0011,124483,-8.731,17.521
12:54:05.763,2496.0211,124484,-9.005,17.474
12:54:05.779,2496.0411,124485,-9.145,17.603
12:54:05.821,2496.0611,124486,-9.392,17.629
12:54:05.827,2496.0811,124487,-9.676,17.695
12:54:05.869,2496.1011,124488,-10.011,17.792
12:54:05.943,2496.1211,124489,-10.461,17.887
12:54:05.943,2496.1411,124490,-10.972,17.96
12:54:05.949,2496.1611,124491,-11.537,18.033
12:54:05.949,2496.1811,124492,-12.206,18.088
12:54:05.949,2496.2011,124493,-12.821,18.093
12:54:05.949,2496.2211,124494,-13.251,17.98
12:54:05.976,2496.2411,124495,-13.765,17.808
12:54:06.076,2496.2611,124496,-14.267,17.649
12:54:06.081,2496.2811,124497,-14.821,17.41
12:54:06.093,2496.3011,124498,-15.306,17.193
12:54:06.098,2496.3211,124499,-15.798,16.977
12:54:06.098,2496.3411,124500,-16.4,16.804
12:54:06.098,2496.3611,124501,-17.047,16.715
12:54:06.126,2496.3811,124502,-17.449,16.729
12:54:06.168,2496.4011,124503,-17.615,16.718
12:54:06.168,2496.4211,124504,-17.815,16.673
12:54:06.173,2496.4411,124505,-18.161,16.64
12:54:06.200,2496.4611,124506,-18.379,16.724
12:54:06.228,2496.4811,124507,-18.309,16.774
12:54:06.228,2496.5011,124508,-18.177,16.811
12:54:06.259,2496.5211,124509,-18.036,16.848
12:54:06.286,2496.5411,124510,-17.905,16.898
12:54:06.291,2496.5611,124511,-17.815,16.949
12:54:06.317,2496.5811,124512,-17.63,17.0
12:54:06.350,2496.6011,124513,-17.49,17.041
12:54:06.350,2496.6211,124514,-17.327,17.125
12:54:06.381,2496.6411,124515,-17.375,17.247
12:54:06.408,2496.6611,124516,-17.287,17.326
12:54:06.413,2496.6811,124517,-17.387,17.352
12:54:06.456,2496.7011,124518,-17.348,17.401
12:54:06.456,2496.7211,124519,-17.384,17.457
12:54:06.483,2496.7411,124520,-17.409,17.462
12:54:06.499,2496.7611,124521,-17.394,17.513
12:54:06.530,2496.7811,124522,-17.374,17.598
12:54:06.530,2496.8011,124523,-17.309,17.7
12:54:06.556,2496.8211,124524,-17.167,17.867
12:54:06.572,2496.8411,124525,-16.907,18.139
12:54:06.605,2496.8611,124526,-16.423,18.507
12:54:06.620,2496.8811,124527,-15.654,18.894
12:54:06.662,2496.9011,124528,-15.101,19.254
12:54:06.679,2496.9211,124529,-14.571,19.579
12:54:06.679,2496.9411,124530,-14.286,19.931
12:54:06.695,2496.9611,124531,-14.149,20.182
12:54:06.800,2496.9811,124532,-13.986,20.409
12:54:06.903,2497.0011,124533,-13.683,20.67
12:54:06.909,2497.0211,124534,-13.253,20.963
12:54:06.909,2497.0411,124535,-12.761,21.3
12:54:06.909,2497.0611,124536,-11.827,21.674
12:54:06.909,2497.0811,124537,-10.677,21.941
12:54:06.914,2497.1011,124538,-9.599,22.204
12:54:06.931,2497.1211,124539,-8.436,22.413
12:54:06.937,2497.1411,124540,-7.252,22.549
12:54:06.937,2497.1611,124541,-6.366,22.661
12:54:06.937,2497.1811,124542,-5.6,22.749
12:54:06.937,2497.2011,124543,-4.617,22.805
12:54:06.964,2497.2211,124544,-3.907,22.95
12:54:07.011,2497.2411,124545,-3.189,22.987
12:54:07.011,2497.2611,124546,-2.412,22.889
12:54:07.011,2497.2811,124547,-1.881,22.724
12:54:07.037,2497.3011,124548,-1.343,22.518
12:54:07.053,2497.3211,124549,-0.777,22.311
12:54:07.085,2497.3411,124550,-0.148,22.183
12:54:07.112,2497.3612,124551,0.475,22.167
12:54:07.112,2497.3811,124552,0.937,22.175
12:54:07.174,2497.4011,124553,1.003,22.557
12:54:07.174,2497.4211,124554,0.985,22.979
12:54:07.174,2497.4411,124555,1.039,23.293
12:54:07.202,2497.4611,124556,1.034,23.57
12:54:07.234,2497.4811,124557,0.902,23.902
12:54:07.265,2497.5011,124558,0.716,24.11
12:54:07.266,2497.5211,124559,0.747,24.265
12:54:07.293,2497.5411,124560,1.121,24.562
12:54:07.293,2497.5611,124561,1.612,24.659
12:54:07.325,2497.5811,124562,1.968,24.852
12:54:07.383,2497.6011,124563,2.768,25.046
12:54:07.383,2497.6211,124564,3.825,25.151
12:54:07.389,2497.6411,124565,4.995,25.229
12:54:07.415,2497.6611,124566,6.078,25.322
12:54:07.415,2497.6811,124567,7.256,25.452
12:54:07.474,2497.7011,124568,8.245,25.434
12:54:07.475,2497.7211,124569,8.91,25.345
12:54:07.475,2497.7411,124570,9.089,25.063
12:54:07.501,2497.7611,124571,8.926,24.796
12:54:07.517,2497.7811,124572,8.707,24.635
12:54:07.533,2497.8011,124573,8.6,24.442
12:54:07.591,2497.8211,124574,8.593,24.232
12:54:07.597,2497.8411,124575,8.535,24.031
12:54:07.597,2497.8611,124576,8.501,23.864
12:54:07.639,2497.8811,124577,8.501,23.714
12:54:07.714,2497.9011,124578,8.572,23.525
12:54:07.850,2497.9211,124579,8.783,23.345
12:54:07.892,2497.9411,124580,9.018,23.151
12:54:07.982,2497.9611,124581,9.261,22.97
12:54:08.030,2497.9811,124582,9.388,22.936
12:54:08.030,2498.0011,124583,9.63,22.96
12:54:08.150,2498.0211,124584,9.937,23.01
12:54:08.178,2498.0411,124585,10.2,23.124
12:54:08.194,2498.0611,124586,10.446,23.232
12:54:08.210,2498.0811,124587,10.774,23.158
12:54:08.210,2498.1011,124588,10.884,23.093
12:54:08.210,2498.1211,124589,10.949,23.073
12:54:08.216,2498.1411,124590,11.114,23.112
12:54:08.216,2498.1611,124591,11.441,22.879
12:54:08.227,2498.1811,124592,11.449,22.65
12:54:08.268,2498.2011,124593,11.363,22.384
12:54:08.269,2498.2211,124594,11.281,22.174
12:54:08.300,2498.2411,124595,11.282,22.131
12:54:08.301,2498.2611,124596,11.2,22.052
12:54:08.301,2498.2811,124597,11.184,22.12
12:54:08.316,2498.3011,124598,11.098,22.247
12:54:08.344,2498.3211,124599,10.776,22.363
12:54:08.507,2498.3411,124600,10.387,22.399
12:54:08.507,2498.3611,124601,10.214,22.353
12:54:08.581,2498.4411,124605,6.405,21.88
12:54:08.587,2498.4611,124606,5.687,21.742
12:54:08.587,2498.4811,124607,5.037,21.593
12:54:08.661,2498.5013,124608,4.35,21.473
12:54:08.661,2498.5211,124609,3.59,21.41
12:54:08.661,2498.5411,124610,2.951,21.373
12:54:08.661,2498.5611,124611,2.327,21.426
12:54:08.667,2498.5811,124612,1.842,21.53
12:54:08.667,2498.6011,124613,1.483,21.642
12:54:08.687,2498.6211,124614,1.187,21.665
12:54:08.693,2498.6411,124615,1.007,21.696
12:54:08.837,2498.6611,124616,0.809,21.713
12:54:08.842,2498.6811,124617,0.566,21.945
12:54:08.944,2498.7011,124618,0.574,22.09
12:54:08.960,2498.7211,124619,0.662,22.236
12:54:08.960,2498.7411,124620,0.673,22.374
12:54:08.960,2498.8011,124623,0.671,22.65
12:54:08.966,2498.8211,124624,0.686,22.72
12:54:08.966,2498.8613,124626,0.752,22.87
12:54:09.004,2498.8811,124627,0.8,22.937
12:54:09.093,2498.9011,124628,0.902,23.013
12:54:09.677,2498.9411,124630,1.108,23.228
12:54:09.994,2498.9611,124631,1.242,23.392
12:54:09.994,2498.9811,124632,1.415,23.559
12:54:09.995,2499.0011,124633,1.614,23.683
12:54:10.022,2499.0211,124634,1.837,23.764
12:54:10.027,2499.0411,124635,2.079,23.869
12:54:10.038,2499.0611,124636,2.424,23.963
12:54:10.043,2499.0811,124637,2.85,24.063
12:54:10.043,2499.1211,124639,3.288,24.124
12:54:10.144,2499.1411,124640,3.41,24.123
12:54:10.171,2499.2215,124644,3.615,24.465
12:54:10.218,2499.2411,124645,3.61,24.57
12:54:10.219,2499.2611,124646,3.623,24.687
12:54:10.219,2499.2811,124647,3.684,24.9
12:54:10.224,2499.3011,124648,3.771,25.073
12:54:10.224,2499.3211,124649,3.775,25.148
12:54:10.276,2499.3411,124650,3.782,25.169
12:54:10.282,2499.3811,124652,3.97,25.184
12:54:10.282,2499.9611,124681,3.703,25.665
12:54:10.282,2500.2811,124697,3.506,26.051
12:54:10.282,2500.3011,124698,3.317,26.482
12:54:10.288,2500.3211,124699,3.309,26.915
12:54:10.596,2500.3411,124700,3.238,27.306
12:54:10.623,2500.3611,124701,2.996,27.644
12:54:10.671,2500.3811,124702,2.697,27.923
12:54:10.671,2500.4011,124703,2.524,28.099
12:54:10.671,2500.4211,124704,2.44,28.204
12:54:10.671,2500.4411,124705,2.23,28.197
12:54:11.132,2500.4611,124706,2.01,28.105
12:54:11.149,2500.5011,124708,2.113,27.79
12:54:11.165,2500.5211,124709,2.175,27.572
12:54:11.165,2500.5411,124710,2.162,27.293
12:54:11.165,2500.5611,124711,2.152,26.996
12:54:11.165,2500.5811,124712,2.256,26.738
12:54:11.223,2500.6011,124713,2.42,26.473
12:54:11.312,2500.6211,124714,2.485,26.216
12:54:11.318,2500.6411,124715,2.56,25.902
12:54:11.329,2500.6611,124716,2.743,25.57
12:54:11.329,2500.6811,124717,3.038,25.257
12:54:11.329,2500.7011,124718,3.337,24.975
12:54:11.335,2500.8811,124727,4.186,24.958
12:54:11.335,2500.9012,124728,5.029,24.951
12:54:11.335,2500.9611,124731,6.236,25.144
12:54:11.404,2500.9811,124732,6.535,25.105
12:54:11.494,2501.0011,124733,6.799,24.886
12:54:11.494,2501.0211,124734,7.121,24.605
12:54:11.499,2501.4211,124754,6.636,24.142
12:54:11.676,2501.4414,124755,6.354,23.519
12:54:11.676,2501.4611,124756,6.317,22.855
12:54:11.733,2501.4811,124757,6.394,22.26
12:54:11.749,2501.5012,124758,6.435,21.666
12:54:11.750,2501.5211,124759,6.269,21.008
12:54:11.750,2501.5411,124760,6.221,20.403
12:54:11.755,2501.6011,124763,4.508,20.232
12:54:11.755,2501.6211,124764,3.694,20.208
12:54:11.755,2501.6411,124765,2.895,20.268
12:54:11.776,2501.6611,124766,2.4,20.473
12:54:11.782,2501.6816,124767,1.983,20.913
12:54:11.782,2501.7011,124768,1.81,21.986
12:54:11.782,2501.7211,124769,1.567,22.758
12:54:11.793,2501.7411,124770,1.385,23.288
12:54:11.793,2501.7611,124771,1.279,23.942
12:54:11.809,2501.7811,124772,1.177,24.408
12:54:11.809,2501.8011,124773,1.084,24.896
12:54:11.815,2501.8211,124774,0.928,25.307
12:54:11.815,2501.9611,124781,0.724,25.739
12:54:12.036,2501.9811,124782,0.615,26.104
12:54:12.036,2502.0211,124784,0.709,26.711
12:54:12.041,2502.0411,124785,0.811,26.996
12:54:12.094,2502.0611,124786,0.956,27.258
12:54:12.094,2502.0811,124787,1.213,27.567
12:54:12.110,2502.1011,124788,1.503,27.861
12:54:12.231,2502.1211,124789,1.818,28.077
12:54:12.231,2502.1411,124790,2.172,28.292
12:54:12.231,2502.1611,124791,2.577,28.471
12:54:12.241,2502.1811,124792,2.986,28.603
12:54:12.258,2502.2011,124793,3.35,28.691
12:54:12.258,2502.2211,124794,3.665,28.732
12:54:12.364,2502.2411,124795,3.969,28.766
12:54:12.454,2502.2611,124796,4.297,28.849
12:54:12.517,2502.2811,124797,4.609,28.92
12:54:12.560,2502.3011,124798,4.865,28.977
12:54:12.560,2502.3211,124799,5.101,28.999
12:54:12.617,2502.3411,124800,5.34,29.044
12:54:12.691,2502.3611,124801,5.574,29.08
12:54:12.707,2502.3811,124802,5.917,29.11
12:54:12.713,2502.4011,124803,6.314,29.141
12:54:12.713,2502.4211,124804,6.649,29.077
12:54:12.724,2502.4411,124805,7.033,28.955
12:54:12.724,2502.4611,124806,7.353,28.807
12:54:12.740,2502.5211,124809,7.749,28.37
12:54:12.740,2502.5411,124810,7.866,28.603
12:54:12.745,2502.5611,124811,8.018,28.619
12:54:12.813,2502.5811,124812,8.19,28.709
12:54:12.813,2502.6011,124813,8.229,29.149
12:54:12.819,2502.6211,124814,8.261,29.779
12:54:12.951,2502.6411,124815,8.226,30.284
12:54:13.203,2502.7411,124820,8.573,31.212
12:54:13.282,2502.8011,124823,8.275,31.484
12:54:13.398,2502.8411,124825,8.103,31.687
12:54:13.414,2502.8611,124826,8.043,31.749
12:54:13.687,2502.9011,124828,8.073,31.923
12:54:13.698,2502.9811,124832,8.339,32.358
12:54:13.699,2503.0011,124833,8.446,32.515
12:54:13.699,2503.0211,124834,8.427,32.618
12:54:13.704,2503.0411,124835,8.423,32.712
12:54:13.704,2503.0611,124836,8.442,32.814
12:54:13.731,2503.0811,124837,8.527,32.925
12:54:13.789,2503.1011,124838,8.505,32.97
12:54:13.821,2503.1211,124839,8.433,33.003
12:54:13.821,2503.1411,124840,8.298,33.063
12:54:13.821,2503.1611,124841,8.156,33.097
12:54:13.821,2503.1811,124842,8.015,33.216
12:54:13.906,2503.2011,124843,8.048,33.273
12:54:13.911,2503.2411,124845,7.77,33.364
12:54:13.911,2503.4811,124857,7.572,33.447
12:54:13.911,2503.5611,124861,6.696,33.618
12:54:13.917,2503.6811,124867,6.701,33.64
12:54:13.917,2503.7011,124868,6.663,33.644
12:54:13.917,2503.9611,124881,6.786,33.72
12:54:13.970,2503.9812,124882,6.838,33.775
12:54:13.970,2504.0011,124883,6.862,33.813
12:54:13.975,2504.0211,124884,6.882,33.831
12:54:14.012,2504.0411,124885,6.838,33.884
12:54:14.017,2504.0611,124886,6.837,33.902
12:54:14.017,2504.0811,124887,6.765,33.838
12:54:14.017,2504.1011,124888,6.765,33.869
12:54:14.023,2504.1211,124889,6.792,33.898
12:54:14.023,2504.1411,124890,6.795,33.922
12:54:14.023,2504.1611,124891,6.804,33.948
12:54:14.028,2504.1811,124892,6.84,34.01
12:54:14.045,2504.2011,124893,6.913,34.076
12:54:14.045,2504.2211,124894,6.815,34.126
12:54:14.061,2504.2411,124895,6.709,34.136
12:54:14.103,2504.2611,124896,6.718,34.114
12:54:14.135,2504.2811,124897,6.633,34.158
12:54:14.178,2504.3011,124898,6.565,34.227
12:54:14.267,2504.3211,124899,6.386,34.288
12:54:14.446,2504.3411,124900,6.311,34.373
12:54:14.585,2504.3611,124901,6.311,34.503
12:54:14.585,2504.3811,124902,6.487,34.633
12:54:14.601,2504.4011,124903,6.564,34.729
12:54:14.601,2504.4211,124904,6.624,34.818
12:54:14.671,2504.4411,124905,6.732,34.828
12:54:15.303,2504.4611,124906,7.039,34.898
12:54:15.593,2504.4811,124907,7.085,34.988
12:54:15.905,2504.5011,124908,7.174,35.113
12:54:15.905,2504.5211,124909,7.069,35.285
12:54:15.905,2504.5411,124910,7.043,35.509
12:54:15.911,2504.5611,124911,6.964,35.767
12:54:15.911,2504.5811,124912,6.942,35.958
12:54:15.911,2504.6011,124913,7.04,36.157
12:54:15.916,2504.6211,124914,7.174,36.355
12:54:15.922,2504.6411,124915,7.52,36.742
12:54:15.922,2504.6611,124916,7.685,37.026
12:54:15.927,2504.6811,124917,7.617,37.167
12:54:15.928,2504.7411,124920,7.126,37.973
12:54:15.928,2504.8611,124926,7.789,38.424
12:54:15.991,2504.8811,124927,8.311,38.83
12:54:15.997,2504.9011,124928,8.816,39.249
12:54:15.997,2504.9211,124929,9.512,39.679
12:54:15.997,2504.9611,124931,10.952,40.433
12:54:15.997,2505.5811,124962,10.306,40.287
12:54:16.002,2505.8811,124977,10.143,40.317
12:54:16.041,2506.1811,124992,10.77,40.514
12:54:16.041,2506.2011,124993,11.402,40.558
12:54:16.041,2506.2211,124994,11.949,40.524
12:54:16.041,2506.2411,124995,12.362,40.474
12:54:16.046,2506.2611,124996,12.643,40.368
12:54:16.046,2506.2811,124997,12.811,40.183
12:54:16.046,2506.3011,124998,12.936,40.096
12:54:16.068,2506.3211,124999,13.03,40.118
12:54:16.068,2506.3411,125000,12.963,40.158
12:54:16.115,2506.3611,125001,12.86,40.279
12:54:16.115,2506.3811,125002,12.732,40.437
12:54:16.249,2506.4011,125003,12.411,40.715
12:54:16.249,2506.4211,125004,12.09,40.973
12:54:16.254,2506.4411,125005,11.78,41.179
12:54:16.260,2506.4611,125006,11.407,41.38
12:54:16.291,2506.4811,125007,11.065,41.54
12:54:16.296,2506.5011,125008,10.829,41.635
12:54:16.296,2506.5211,125009,10.582,41.63
12:54:16.297,2506.5411,125010,10.194,41.623
12:54:16.302,2506.5611,125011,9.97,41.55
12:54:16.414,2506.5811,125012,9.787,41.487
12:54:16.414,2506.6011,125013,9.621,41.459
12:54:16.414,2506.6211,125014,9.501,41.46
12:54:16.419,2506.6411,125015,9.464,41.495
12:54:16.419,2506.6611,125016,9.485,41.533
12:54:16.457,2506.6811,125017,9.387,41.56
12:54:16.457,2506.7011,125018,9.212,41.612
12:54:16.463,2506.7211,125019,9.205,41.688
12:54:16.637,2506.7411,125020,9.163,41.752
12:54:16.642,2506.7611,125021,8.963,41.754
12:54:16.653,2506.7811,125022,8.763,41.746
12:54:16.653,2506.8011,125023,8.485,41.765
12:54:16.658,2506.8211,125024,8.378,41.77
12:54:16.658,2506.8411,125025,8.145,41.868
12:54:16.716,2506.8611,125026,8.16,41.959
12:54:16.727,2506.8811,125027,8.038,41.983
12:54:16.733,2506.9011,125028,7.973,42.007
12:54:16.775,2506.9211,125029,7.965,42.053
12:54:16.775,2506.9411,125030,7.982,42.126
12:54:16.775,2506.9611,125031,8.019,42.203
12:54:16.817,2506.9811,125032,8.107,42.282
12:54:16.823,2507.0011,125033,8.066,42.366
12:54:16.823,2507.0211,125034,8.071,42.406
12:54:16.823,2507.0411,125035,8.027,42.519
12:54:16.828,2507.0611,125036,8.005,42.52
12:54:16.850,2507.0811,125037,8.058,42.502
12:54:16.850,2507.1012,125038,8.17,42.497
12:54:16.855,2507.1211,125039,8.097,42.512
12:54:17.161,2507.1411,125040,8.046,42.507
12:54:17.167,2507.1611,125041,7.953,42.51
12:54:17.167,2507.1811,125042,7.986,42.586
12:54:17.173,2507.2011,125043,7.877,42.639
12:54:17.236,2507.2211,125044,7.807,42.686
12:54:17.242,2507.2411,125045,7.699,42.744
12:54:17.242,2507.2611,125046,7.707,42.811
12:54:17.247,2507.2811,125047,7.567,42.875
12:54:17.300,2507.3011,125048,7.372,42.943
12:54:17.300,2507.3211,125049,7.177,43.022
12:54:17.326,2507.3411,125050,7.247,43.075
12:54:17.332,2507.3611,125051,7.123,43.146
12:54:17.332,2507.3811,125052,6.925,43.263
12:54:17.343,2507.4011,125053,6.769,43.359
12:54:17.402,2507.4211,125054,6.656,43.446
12:54:17.403,2507.4411,125055,6.662,43.52
12:54:17.408,2507.4611,125056,6.506,43.621
12:54:17.435,2507.4811,125057,6.631,43.664
12:54:17.462,2507.5011,125058,6.683,43.696
12:54:17.462,2507.5211,125059,6.939,43.774
12:54:17.468,2507.5411,125060,7.137,43.838
12:54:17.479,2507.5611,125061,7.368,43.966
12:54:17.510,2507.5811,125062,7.624,44.177
12:54:17.676,2507.6011,125063,7.819,44.48
12:54:17.676,2507.6211,125064,8.07,44.735
12:54:17.681,2507.6411,125065,8.464,45.021
12:54:17.681,2507.6611,125066,8.954,45.335
12:54:17.681,2507.6811,125067,9.244,45.652
12:54:17.750,2507.7011,125068,9.54,45.993
12:54:18.066,2507.7211,125069,10.05,46.284
12:54:18.066,2507.7411,125070,10.467,46.721
12:54:18.066,2507.7611,125071,10.86,47.045
12:54:18.109,2507.7811,125072,11.285,47.376
12:54:18.109,2507.8011,125073,11.705,47.729
12:54:18.109,2507.8211,125074,12.179,48.045
12:54:18.115,2507.8411,125075,12.713,48.342
12:54:18.167,2507.8611,125076,13.204,48.669
12:54:18.226,2507.8811,125077,13.846,49.001
12:54:18.231,2507.9011,125078,14.544,49.261
12:54:18.242,2507.9211,125079,15.116,49.541
12:54:18.274,2507.9411,125080,15.758,49.806
12:54:18.544,2507.9611,125081,16.414,50.012
12:54:18.544,2507.9811,125082,17.251,50.151
12:54:18.677,2508.0011,125083,18.179,50.267
12:54:18.683,2508.0211,125084,18.959,50.423
12:54:18.683,2508.0411,125085,19.846,50.496
12:54:18.710,2508.0611,125086,20.901,50.538
12:54:18.710,2508.3411,125100,21.426,50.643
12:54:18.715,2508.3611,125101,21.769,50.783
12:54:18.715,2508.3811,125102,22.018,50.976
12:54:18.721,2508.4011,125103,22.431,51.233
12:54:18.721,2508.4211,125104,22.867,51.456
12:54:18.727,2508.4411,125105,23.307,51.681
12:54:18.727,2508.4611,125106,23.721,51.894
12:54:18.727,2508.4811,125107,24.186,52.162
12:54:18.727,2508.5211,125109,25.02,52.756
12:54:18.737,2508.5411,125110,25.435,53.036
12:54:18.743,2508.5611,125111,25.88,53.355
12:54:18.828,2508.5811,125112,26.284,53.632
12:54:18.828,2508.8211,125124,26.446,53.985
12:54:18.833,2508.8411,125125,26.619,54.282
12:54:18.860,2508.9611,125131,26.752,54.503
12:54:18.860,2508.9811,125132,26.902,54.637
12:54:18.860,2509.0011,125133,26.977,54.719
12:54:18.861,2509.0211,125134,26.952,54.778
12:54:18.887,2509.0411,125135,26.919,54.918
12:54:18.935,2509.0611,125136,26.899,55.07
12:54:18.935,2509.0811,125137,26.848,55.191
12:54:18.935,2509.1011,125138,26.665,55.185
12:54:18.941,2509.1211,125139,26.411,55.055
12:54:18.941,2509.1411,125140,26.122,54.876
12:54:18.946,2509.1611,125141,25.946,54.661
12:54:18.952,2509.1811,125142,25.614,54.322
12:54:18.993,2509.2011,125143,25.108,53.827
12:54:18.999,2509.2211,125144,24.522,53.193
12:54:19.009,2509.2411,125145,23.905,52.495
12:54:19.010,2509.2611,125146,23.202,51.762
12:54:19.099,2509.2811,125147,22.299,50.99
12:54:19.099,2509.3011,125148,21.475,50.235
12:54:19.126,2509.3211,125149,20.656,49.543
12:54:19.173,2509.3411,125150,19.727,48.887
12:54:19.473,2509.3611,125151,18.641,48.218
12:54:19.473,2509.3811,125152,17.622,47.574
12:54:19.479,2509.4011,125153,16.715,46.965
12:54:19.479,2509.4211,125154,15.834,46.437
12:54:19.532,2509.4411,125155,14.963,45.897
12:54:19.548,2509.4611,125156,13.977,45.286
12:54:19.548,2509.4811,125157,12.965,44.676
12:54:19.580,2509.5011,125158,11.933,44.032
12:54:19.580,2509.5211,125159,10.832,43.338
12:54:19.668,2509.5411,125160,9.803,42.711
12:54:19.684,2509.5611,125161,8.812,42.127
12:54:19.701,2509.5811,125162,7.912,41.631
12:54:19.701,2509.6011,125163,7.126,40.998
12:54:19.733,2509.6211,125164,6.354,40.347
12:54:19.733,2509.6411,125165,5.61,39.73
12:54:19.733,2509.6611,125166,4.797,39.169
12:54:19.759,2509.6811,125167,3.996,38.568
12:54:19.759,2509.7011,125168,3.296,37.994
12:54:19.759,2509.7611,125171,1.357,36.588
12:54:19.775,2509.7811,125172,0.79,36.152
12:54:19.776,2509.8011,125173,0.193,35.746
12:54:19.776,2509.8211,125174,-0.32,35.354
12:54:19.776,2509.8411,125175,-0.7,35.015
12:54:19.781,2509.8611,125176,-0.979,34.775
12:54:19.781,2509.8811,125177,-1.239,34.541
12:54:19.781,2509.9011,125178,-1.592,34.299
12:54:19.803,2509.9211,125179,-1.868,34.118
12:54:19.808,2509.9611,125181,-2.291,33.999
12:54:19.809,2509.9811,125182,-2.722,33.954
12:54:19.809,2510.0011,125183,-3.132,33.949
12:54:19.814,2510.0211,125184,-3.548,33.971
12:54:19.835,2510.0411,125185,-4.019,34.039
12:54:19.878,2510.0611,125186,-4.491,34.145
12:54:19.878,2510.0811,125187,-4.956,34.279
12:54:19.883,2510.1011,125188,-5.42,34.42
12:54:19.884,2510.1211,125189,-5.839,34.612
12:54:19.884,2510.1411,125190,-6.275,34.86
12:54:19.910,2510.1611,125191,-6.773,35.156
12:54:19.937,2510.1811,125192,-7.234,35.418
12:54:19.953,2510.2011,125193,-7.61,35.714
12:54:19.953,2510.2211,125194,-7.975,36.037
12:54:20.042,2510.2411,125195,-8.326,36.335
12:54:20.047,2510.2611,125196,-8.63,36.654
12:54:20.053,2510.2811,125197,-8.904,36.995
12:54:20.053,2510.3011,125198,-9.181,37.36
12:54:20.074,2510.3211,125199,-9.434,37.728
12:54:20.075,2510.3411,125200,-9.592,38.064
12:54:20.116,2510.3611,125201,-9.813,38.388
12:54:20.164,2510.3811,125202,-9.844,38.714
12:54:20.180,2510.4011,125203,-10.017,38.938
12:54:20.180,2510.4211,125204,-10.043,39.179
12:54:20.180,2510.4411,125205,-10.082,39.355
12:54:20.284,2510.4611,125206,-10.173,39.54
12:54:20.284,2510.4811,125207,-10.217,39.694
12:54:20.289,2510.5011,125208,-10.187,39.809
12:54:20.289,2510.5211,125209,-9.987,39.895
12:54:20.289,2510.5411,125210,-9.962,39.975
12:54:20.295,2510.5611,125211,-9.968,40.044
12:54:20.311,2510.5811,125212,-9.925,40.112
12:54:20.358,2510.6011,125213,-9.778,40.21
12:54:20.358,2510.6211,125214,-9.883,40.308
12:54:20.390,2510.6411,125215,-9.824,40.43
12:54:20.390,2510.6611,125216,-9.948,40.545
12:54:20.433,2510.6811,125217,-10.031,40.679
12:54:20.433,2510.7011,125218,-10.093,40.851
12:54:20.480,2510.7211,125219,-10.251,41.041
12:54:20.480,2510.7411,125220,-10.387,41.207
12:54:20.521,2510.7611,125221,-10.361,41.325
12:54:20.527,2510.7811,125222,-10.392,41.442
12:54:20.538,2510.8011,125223,-10.393,41.531
12:54:20.585,2510.8211,125224,-10.462,41.63
12:54:20.658,2510.8411,125225,-10.226,41.696
12:54:20.664,2510.8611,125226,-10.088,41.738
12:54:20.664,2510.8811,125227,-9.944,41.783
12:54:20.669,2510.9011,125228,-9.687,41.841
12:54:20.675,2510.9211,125229,-9.462,41.911
12:54:20.734,2510.9411,125230,-9.427,41.964
12:54:20.761,2510.9611,125231,-9.277,42.014
12:54:20.766,2510.9811,125232,-9.054,42.131
12:54:20.767,2511.0011,125233,-8.766,42.324
12:54:20.777,2511.0211,125234,-8.513,42.472
12:54:20.783,2511.0411,125235,-8.487,42.607
12:54:20.824,2511.0611,125236,-8.47,42.772
12:54:20.825,2511.0811,125237,-8.294,42.863
12:54:20.841,2511.1011,125238,-8.159,42.908
12:54:20.868,2511.1211,125239,-8.065,42.899
12:54:20.868,2511.1411,125240,-7.994,42.951
12:54:20.899,2511.1611,125241,-7.842,42.977
12:54:20.942,2511.1811,125242,-7.68,42.946
12:54:20.948,2511.2011,125243,-7.391,42.977
12:54:20.959,2511.2211,125244,-7.159,42.95
12:54:20.991,2511.2411,125245,-7.03,42.999
12:54:21.066,2511.2611,125246,-6.846,43.129
12:54:21.077,2511.2811,125247,-6.637,43.375
12:54:21.082,2511.3011,125248,-6.292,43.538
12:54:21.082,2511.3211,125249,-5.861,43.722
12:54:21.182,2511.3411,125250,-5.488,43.837
12:54:21.214,2511.3611,125251,-5.094,43.885
12:54:21.214,2511.3811,125252,-4.673,43.967
12:54:21.241,2511.4011,125253,-4.277,44.054
12:54:21.247,2511.4211,125254,-3.86,44.093
12:54:21.289,2511.4411,125255,-3.512,44.135
12:54:21.290,2511.4611,125256,-3.272,44.225
12:54:21.290,2511.4811,125257,-3.053,44.359
12:54:21.295,2511.5011,125258,-2.751,44.544
12:54:21.333,2511.5211,125259,-2.296,44.715
12:54:21.338,2511.5411,125260,-1.83,44.807
12:54:21.338,2511.5611,125261,-1.379,44.81
12:54:21.344,2511.5811,125262,-0.809,44.669
12:54:21.349,2511.6011,125263,-0.317,44.492
12:54:21.408,2511.6211,125264,-0.091,44.394
12:54:21.408,2511.6411,125265,0.154,44.224
12:54:21.424,2511.6611,125266,0.134,44.12
12:54:21.424,2511.6811,125267,0.057,44.069
12:54:21.661,2511.7011,125268,-0.23,44.079
12:54:21.667,2511.7211,125269,-0.507,44.139
12:54:21.694,2511.7411,125270,-0.813,44.262
12:54:21.785,2511.7611,125271,-0.936,44.443
12:54:21.785,2511.7811,125272,-1.181,44.663
12:54:21.827,2511.8011,125273,-1.439,44.885
12:54:21.833,2511.8211,125274,-1.654,45.064
12:54:21.890,2511.8411,125275,-1.982,45.246
12:54:21.890,2511.8611,125276,-2.255,45.415
12:54:21.890,2511.8811,125277,-2.334,45.516
12:54:21.891,2511.9011,125278,-2.522,45.587
12:54:21.896,2511.9211,125279,-2.732,45.651
12:54:21.896,2511.9411,125280,-2.786,45.695
12:54:21.896,2511.9611,125281,-2.806,45.724
12:54:21.933,2511.9811,125282,-2.789,45.766
12:54:21.939,2512.0011,125283,-2.782,45.839
12:54:21.939,2512.0211,125284,-2.916,45.889
12:54:21.939,2512.0411,125285,-3.101,45.967
12:54:21.966,2512.0611,125286,-3.112,46.061
12:54:22.056,2512.0811,125287,-3.124,46.125
12:54:22.056,2512.1011,125288,-3.248,46.147
12:54:22.062,2512.1211,125289,-3.417,46.192
12:54:22.114,2512.1411,125290,-3.688,46.291
12:54:22.114,2512.1611,125291,-3.746,46.34
12:54:22.172,2512.1811,125292,-3.934,46.44
12:54:22.204,2512.2011,125293,-3.965,46.503
12:54:22.204,2512.2211,125294,-4.171,46.614
12:54:22.262,2512.2411,125295,-4.345,46.715
12:54:22.262,2512.2611,125296,-4.508,46.825
12:54:22.268,2512.2811,125297,-4.609,46.905
12:54:22.268,2512.3011,125298,-4.574,46.953
12:54:22.294,2512.3211,125299,-4.609,47.008
12:54:22.294,2512.3411,125300,-4.752,47.11
12:54:22.294,2512.3611,125301,-4.822,47.127
12:54:22.300,2512.3811,125302,-4.957,47.187
12:54:22.300,2512.4011,125303,-5.114,47.284
12:54:22.300,2512.4211,125304,-5.111,47.455
12:54:22.322,2512.4411,125305,-5.139,47.588
12:54:22.385,2512.4611,125306,-5.172,47.709
12:54:22.385,2512.4811,125307,-5.1,47.814
12:54:22.401,2512.5011,125308,-5.01,47.951
12:54:22.428,2512.5211,125309,-5.127,48.059
12:54:22.476,2512.5411,125310,-5.189,48.109
12:54:22.503,2512.5611,125311,-5.311,48.167
12:54:22.503,2512.5811,125312,-5.456,48.217
12:54:22.509,2512.6011,125313,-5.535,48.226
12:54:22.509,2512.6211,125314,-5.617,48.234
12:54:22.509,2512.6411,125315,-5.817,48.244
12:54:22.515,2512.6611,125316,-6.087,48.302
12:54:22.563,2512.6811,125317,-6.219,48.383
12:54:22.563,2512.7011,125318,-6.269,48.502
12:54:22.596,2512.7211,125319,-6.515,48.635
12:54:22.596,2512.7411,125320,-6.603,48.716
12:54:22.596,2512.7611,125321,-6.744,48.781
12:54:22.596,2512.7811,125322,-7.026,48.853
12:54:22.601,2512.8011,125323,-7.384,48.925
12:54:22.602,2512.8211,125324,-7.619,49.004
12:54:22.638,2512.8411,125325,-7.817,49.013
12:54:22.654,2512.8611,125326,-8.061,49.042
12:54:22.712,2512.8811,125327,-8.376,49.1
12:54:22.744,2512.9011,125328,-8.495,49.128
12:54:22.744,2512.9211,125329,-8.71,49.182
12:54:22.744,2512.9411,125330,-8.847,49.215
12:54:22.749,2512.9611,125331,-9.059,49.277
12:54:22.750,2512.9811,125332,-9.322,49.332
12:54:22.750,2513.0011,125333,-9.456,49.361
12:54:22.760,2513.0211,125334,-9.495,49.372
12:54:22.771,2513.0411,125335,-9.549,49.395
12:54:22.849,2513.0611,125336,-9.711,49.378
12:54:22.849,2513.0811,125337,-9.983,49.388
12:54:22.849,2513.1011,125338,-10.253,49.397
12:54:22.866,2513.1211,125339,-10.434,49.382
12:54:22.908,2513.1411,125340,-10.397,49.33
12:54:22.914,2513.1611,125341,-10.397,49.255
12:54:22.914,2513.1811,125342,-10.567,49.229
12:54:22.941,2513.2011,125343,-10.514,49.199
12:54:22.998,2513.2211,125344,-10.542,49.175
12:54:22.999,2513.2411,125345,-10.512,49.134
12:54:23.004,2513.2611,125346,-10.7,49.155
12:54:23.030,2513.2811,125347,-10.812,49.161
12:54:23.030,2513.3011,125348,-10.865,49.156
12:54:23.134,2513.3211,125349,-10.843,49.155
12:54:23.177,2513.3411,125350,-11.018,49.18
12:54:23.225,2513.3611,125351,-11.001,49.23
12:54:23.388,2513.3811,125352,-11.121,49.293
12:54:23.393,2513.4011,125353,-11.241,49.353
12:54:23.436,2513.4211,125354,-11.493,49.43
12:54:23.477,2513.4411,125355,-11.618,49.474
12:54:23.483,2513.4611,125356,-11.695,49.537
12:54:23.541,2513.4811,125357,-11.654,49.588
12:54:23.615,2513.5011,125358,-11.876,49.662
12:54:23.657,2513.5211,125359,-11.971,49.724
12:54:23.663,2513.5411,125360,-12.085,49.757
12:54:23.663,2513.5611,125361,-12.211,49.774
12:54:23.778,2513.5811,125362,-12.323,49.786
12:54:23.826,2513.6011,125363,-12.413,49.807
12:54:23.836,2513.6211,125364,-12.491,49.832
12:54:23.900,2513.6411,125365,-12.517,49.851
12:54:23.900,2513.6611,125366,-12.595,49.884
12:54:23.932,2513.6811,125367,-12.525,49.898
12:54:23.932,2513.7011,125368,-12.49,49.923
12:54:24.016,2513.7211,125369,-12.535,49.945
12:54:24.080,2513.7411,125370,-12.595,49.97
12:54:24.243,2513.7611,125371,-12.742,50.017
12:54:24.244,2513.7811,125372,-12.69,50.027
12:54:24.249,2513.8011,125373,-12.91,50.1
12:54:24.275,2513.8211,125374,-12.97,50.128
12:54:24.275,2513.8411,125375,-12.954,50.15
12:54:24.275,2513.9011,125378,-13.518,50.398
12:54:24.281,2513.9411,125380,-13.507,50.449
12:54:24.281,2513.9611,125381,-13.502,50.48
12:54:24.333,2513.9811,125382,-13.646,50.553
12:54:24.365,2514.0611,125386,-13.535,50.598
12:54:24.365,2514.1011,125388,-13.31,50.604
12:54:24.407,2514.1211,125389,-13.364,50.621
12:54:24.486,2514.1811,125392,-13.154,50.549
12:54:24.545,2514.2011,125393,-13.259,50.56
12:54:24.545,2514.2211,125394,-13.456,50.63
12:54:24.603,2514.2411,125395,-13.545,50.673
12:54:24.608,2514.3011,125398,-13.886,50.702
12:54:24.614,2514.3611,125401,-14.084,50.316
12:54:24.614,2514.5211,125409,-14.231,50.239
12:54:24.614,2514.5411,125410,-14.35,50.168
12:54:24.635,2514.5611,125411,-14.472,50.089
12:54:24.636,2514.5811,125412,-14.51,49.914
12:54:24.646,2514.6011,125413,-14.549,49.699
12:54:24.662,2514.6211,125414,-14.542,49.524
12:54:24.668,2514.6411,125415,-14.342,49.332
12:54:24.668,2514.6611,125416,-13.909,49.121
12:54:24.673,2514.6811,125417,-13.513,48.767
12:54:24.843,2514.7011,125418,-13.263,48.306
12:54:24.843,2514.7211,125419,-12.854,48.02
12:54:24.860,2514.7411,125420,-12.398,47.912
12:54:24.887,2514.7611,125421,-12.196,47.724
12:54:24.892,2514.8211,125424,-12.929,47.482
12:54:24.892,2514.8411,125425,-13.124,47.251
12:54:24.892,2514.8811,125427,-13.502,46.502
12:54:24.898,2514.9011,125428,-13.609,45.951
12:54:24.920,2514.9211,125429,-14.065,45.0
12:54:24.979,2514.9411,125430,-14.165,44.263
12:54:24.979,2514.9611,125431,-13.904,43.675
12:54:24.984,2514.9811,125432,-14.117,42.856
12:54:24.984,2515.0011,125433,-13.826,42.253
12:54:24.984,2515.0211,125434,-13.675,41.625
12:54:24.984,2515.0411,125435,-13.665,40.758
12:54:25.006,2515.0611,125436,-13.476,40.12
12:54:25.011,2515.0811,125437,-13.851,39.202
12:54:25.011,2515.1011,125438,-14.45,38.464
12:54:25.017,2515.1211,125439,-15.148,37.926
12:54:25.017,2515.1411,125440,-15.914,37.422
12:54:25.022,2515.1611,125441,-16.683,36.848
12:54:25.082,2515.1811,125442,-17.775,36.229
12:54:25.088,2515.2011,125443,-19.012,35.587
12:54:25.088,2515.2211,125444,-20.175,35.023
12:54:25.088,2515.2411,125445,-21.318,34.55
12:54:25.277,2515.2611,125446,-22.41,34.129
12:54:25.277,2515.2811,125447,-23.429,33.755
12:54:25.283,2515.3011,125448,-24.303,33.37
12:54:25.309,2515.3211,125449,-24.805,32.997
12:54:25.310,2515.3411,125450,-25.222,32.549
12:54:25.310,2515.3611,125451,-25.588,32.068
12:54:25.315,2515.3811,125452,-25.815,31.535
12:54:25.316,2515.4011,125453,-26.141,30.942
12:54:25.321,2515.4211,125454,-26.414,30.265
12:54:25.327,2515.4411,125455,-26.881,29.545
12:54:25.327,2515.4611,125456,-27.271,28.846
12:54:25.385,2515.4811,125457,-27.7,28.173
12:54:25.401,2515.5011,125458,-28.119,27.439
12:54:25.460,2515.5211,125459,-28.593,26.757
12:54:25.476,2515.5411,125460,-28.95,26.213
12:54:25.476,2515.5611,125461,-29.56,25.561
12:54:25.492,2515.5811,125462,-30.075,24.755
12:54:25.492,2515.6011,125463,-30.457,24.037
12:54:25.497,2515.6211,125464,-30.825,23.349
12:54:25.497,2515.6411,125465,-31.198,22.774
12:54:25.666,2515.6611,125466,-31.558,22.291
12:54:25.698,2515.6811,125467,-31.789,21.831
12:54:25.698,2515.7011,125468,-31.884,21.448
12:54:25.730,2515.7211,125469,-31.906,21.113
12:54:25.804,2515.7411,125470,-31.845,20.769
12:54:25.851,2515.7611,125471,-31.64,20.461
12:54:25.939,2515.7811,125472,-31.464,20.141
12:54:25.940,2515.8011,125473,-31.131,19.881
12:54:25.945,2515.8211,125474,-30.956,19.61
12:54:25.956,2515.8411,125475,-30.736,19.467
12:54:25.987,2515.8611,125476,-30.663,19.444
12:54:26.029,2515.8811,125477,-30.725,19.591
12:54:26.029,2515.9011,125478,-30.869,19.984
12:54:26.029,2515.9211,125479,-31.111,20.591
12:54:26.035,2515.9411,125480,-31.321,21.321
12:54:26.089,2515.9611,125481,-31.687,22.06
12:54:26.094,2515.9811,125482,-31.846,23.058
12:54:26.147,2516.0011,125483,-31.774,24.393
12:54:26.152,2516.0211,125484,-31.447,25.716
12:54:26.163,2516.0411,125485,-31.286,27.056
12:54:26.179,2516.0611,125486,-31.084,28.54
12:54:26.268,2516.0811,125487,-30.796,30.294
12:54:26.284,2516.1011,125488,-30.378,32.159
12:54:26.316,2516.1411,125490,-29.154,36.044
12:54:26.342,2516.2211,125494,-24.161,41.707
12:54:26.348,2516.2411,125495,-22.724,42.952
12:54:26.494,2516.2611,125496,-20.715,44.108
12:54:26.494,2516.2811,125497,-18.6,44.967
12:54:26.494,2516.3011,125498,-16.628,45.641
12:54:26.543,2516.3211,125499,-14.671,46.387
12:54:26.543,2516.3411,125500,-12.631,47.209
12:54:26.543,2516.3611,125501,-10.625,48.102
12:54:26.543,2516.3811,125502,-8.766,48.95
12:54:26.549,2516.4011,125503,-7.069,49.759
12:54:26.549,2516.4211,125504,-5.665,50.576
12:54:26.672,2516.4411,125505,-4.449,51.299
12:54:26.677,2516.4611,125506,-3.519,51.901
12:54:26.677,2516.4811,125507,-2.998,52.399
12:54:26.731,2516.5011,125508,-2.48,52.812
12:54:26.795,2516.5611,125511,-1.832,53.708
12:54:26.795,2516.5811,125512,-1.659,53.974
12:54:26.795,2516.6011,125513,-1.569,54.243
12:54:26.801,2516.6211,125514,-1.556,54.471
12:54:26.801,2516.6611,125516,-1.764,54.67
12:54:26.801,2516.7811,125522,-2.37,54.644
12:54:26.854,2516.8011,125523,-2.961,54.622
12:54:26.854,2516.8211,125524,-3.522,54.683
12:54:26.854,2516.8411,125525,-4.02,54.777
12:54:26.860,2516.8611,125526,-4.434,54.889
12:54:26.860,2516.8811,125527,-4.755,55.005
12:54:26.865,2516.9011,125528,-4.965,55.099
12:54:26.871,2516.9211,125529,-5.043,55.183
12:54:26.871,2516.9411,125530,-5.05,55.269
12:54:26.871,2516.9611,125531,-4.972,55.305
12:54:26.871,2516.9811,125532,-4.966,55.34
12:54:26.876,2517.0011,125533,-4.927,55.335
12:54:26.876,2517.0211,125534,-4.899,55.33
12:54:26.898,2517.0811,125537,-5.295,55.321
12:54:26.898,2517.1011,125538,-5.495,55.348
12:54:26.904,2517.1211,125539,-5.619,55.362
12:54:26.904,2517.1411,125540,-5.682,55.371
12:54:26.914,2517.1611,125541,-5.82,55.386
12:54:26.957,2517.1811,125542,-5.968,55.39
12:54:26.963,2517.2011,125543,-6.089,55.384
12:54:26.963,2517.2211,125544,-6.125,55.369
12:54:27.078,2517.2411,125545,-6.161,55.365
12:54:27.079,2517.2611,125546,-6.288,55.407
12:54:27.084,2517.2811,125547,-6.266,55.424
12:54:27.095,2517.3011,125548,-6.168,55.433
12:54:27.106,2517.3211,125549,-5.987,55.467
12:54:27.112,2517.3411,125550,-5.993,55.524
12:54:27.112,2517.3611,125551,-6.049,55.588
12:54:27.112,2517.3811,125552,-6.065,55.645
12:54:27.154,2517.4011,125553,-5.926,55.677
12:54:27.154,2517.4211,125554,-5.819,55.719
12:54:27.197,2517.4411,125555,-5.976,55.815
12:54:27.213,2517.4611,125556,-6.052,55.838
12:54:27.218,2517.4811,125557,-6.131,55.837
12:54:27.271,2517.5011,125558,-6.09,55.809
12:54:27.439,2517.5211,125559,-6.163,55.81
12:54:27.677,2517.5411,125560,-6.224,55.797
12:54:27.682,2517.5611,125561,-6.252,55.784
12:54:27.682,2517.5811,125562,-6.161,55.751
12:54:27.682,2517.6011,125563,-6.253,55.739
12:54:27.683,2517.6211,125564,-6.318,55.748
12:54:27.688,2517.6411,125565,-6.399,55.8
12:54:27.688,2517.6611,125566,-6.375,55.821
12:54:27.724,2517.6815,125567,-6.533,55.916
12:54:27.724,2517.7011,125568,-6.515,55.976
12:54:27.725,2517.7211,125569,-6.575,56.06
12:54:27.730,2517.7411,125570,-6.714,56.179
12:54:27.730,2517.7611,125571,-6.589,56.259
12:54:27.735,2517.7811,125572,-6.594,56.386
12:54:27.846,2517.8011,125573,-6.585,56.473
12:54:27.846,2517.8211,125574,-6.657,56.576
12:54:27.846,2517.8411,125575,-6.767,56.694
12:54:27.846,2517.8611,125576,-6.606,56.774
12:54:27.851,2517.8811,125577,-6.5,56.851
12:54:27.851,2517.9611,125581,-6.748,57.227
12:54:27.905,2517.9811,125582,-6.629,57.292
12:54:27.905,2518.0011,125583,-6.668,57.386
12:54:27.906,2518.0211,125584,-6.624,57.467
12:54:27.911,2518.0411,125585,-6.713,57.59
12:54:27.911,2518.0611,125586,-6.657,57.703
12:54:27.911,2518.0811,125587,-6.679,57.798
12:54:27.912,2518.1011,125588,-6.542,57.894
12:54:27.980,2518.1211,125589,-6.586,57.998
12:54:28.027,2518.1411,125590,-6.737,58.122
12:54:28.081,2518.1611,125591,-6.706,58.179
12:54:28.087,2518.1811,125592,-6.765,58.269
12:54:28.087,2518.2011,125593,-6.774,58.355
12:54:28.092,2518.2211,125594,-6.748,58.475
12:54:28.092,2518.2411,125595,-6.696,58.638
12:54:28.092,2518.2611,125596,-6.651,58.87
12:54:28.098,2518.2811,125597,-6.799,59.109
12:54:28.098,2518.3011,125598,-6.779,59.296
12:54:28.103,2518.3211,125599,-6.854,59.496
12:54:28.103,2518.3411,125600,-6.951,59.673
12:54:28.103,2518.3611,125601,-7.038,59.808
12:54:28.131,2518.3811,125602,-7.213,59.95
12:54:28.158,2518.4011,125603,-7.407,60.1
12:54:28.206,2518.4211,125604,-7.4,60.173
12:54:28.206,2518.4411,125605,-7.345,60.185
12:54:28.206,2518.4611,125606,-7.243,60.21
12:54:28.322,2518.4811,125607,-7.056,60.226
12:54:28.322,2518.5011,125608,-7.004,60.336
12:54:28.328,2518.5211,125609,-7.014,60.456
12:54:28.333,2518.5411,125610,-6.845,60.574
12:54:28.381,2518.5611,125611,-6.696,60.628
12:54:28.387,2518.5811,125612,-6.133,60.49
12:54:28.392,2518.6011,125613,-5.667,60.193
12:54:28.392,2518.6211,125614,-5.551,60.009
12:54:28.392,2518.6411,125615,-5.409,59.94
12:54:28.392,2518.6611,125616,-5.342,59.871
12:54:28.460,2518.6811,125617,-5.345,59.794
12:54:28.461,2518.7011,125618,-5.303,59.711
12:54:28.461,2518.7211,125619,-5.343,59.625
12:54:28.503,2518.7411,125620,-5.44,59.545
12:54:28.503,2518.7611,125621,-5.581,59.498
12:54:28.549,2518.7811,125622,-5.69,59.461
12:54:28.550,2518.8011,125623,-5.808,59.427
12:54:28.550,2518.8211,125624,-5.894,59.46
12:54:28.581,2518.8411,125625,-5.847,59.446
12:54:28.607,2518.8611,125626,-5.826,59.416
12:54:28.613,2518.8811,125627,-5.873,59.374
12:54:28.671,2518.9011,125628,-5.988,59.316
12:54:28.671,2518.9211,125629,-6.046,59.301
12:54:28.671,2518.9411,125630,-6.016,59.285
12:54:28.697,2518.9611,125631,-5.979,59.252
12:54:28.756,2518.9811,125632,-5.978,59.236
12:54:28.762,2519.0011,125633,-5.802,59.212
12:54:28.762,2519.0211,125634,-5.646,59.201
12:54:28.788,2519.0411,125635,-5.494,59.183
12:54:28.847,2519.0611,125636,-5.478,59.228
12:54:28.852,2519.0811,125637,-5.513,59.266
12:54:28.852,2519.1011,125638,-5.349,59.307
12:54:28.853,2519.1211,125639,-5.526,59.311
12:54:28.895,2519.1411,125640,-5.688,59.302
12:54:28.895,2519.1611,125641,-5.736,59.283
12:54:28.938,2519.1811,125642,-5.776,59.37
12:54:28.996,2519.2011,125643,-5.87,59.566
12:54:29.060,2519.2211,125644,-5.975,59.897
12:54:29.061,2519.2411,125645,-6.164,60.468
12:54:29.061,2519.2611,125646,-6.527,61.413
12:54:29.088,2519.2811,125647,-7.072,63.107
12:54:29.094,2519.3011,125648,-7.981,65.523
12:54:29.094,2519.3211,125649,-8.242,68.014
12:54:29.094,2519.3411,125650,-8.092,70.208
12:54:29.094,2519.3611,125651,-8.069,72.338
12:54:29.121,2519.3811,125652,-7.909,74.419
12:54:29.179,2519.4011,125653,-7.484,75.999
12:54:29.179,2519.4211,125654,-7.103,76.912
12:54:29.226,2519.4411,125655,-7.095,77.225
12:54:29.226,2519.4611,125656,-7.134,76.992
12:54:29.232,2519.4811,125657,-6.852,76.471
12:54:29.232,2519.5011,125658,-6.409,75.837
12:54:29.269,2519.5211,125659,-5.817,75.194
12:54:29.269,2519.5411,125660,-5.012,74.596
12:54:29.359,2519.5611,125661,-4.06,74.148
12:54:29.359,2519.5811,125662,-3.069,73.856
12:54:29.364,2519.6011,125663,-1.989,73.583
12:54:29.364,2519.6211,125664,-0.966,73.244
12:54:29.402,2519.6411,125665,-0.25,72.847
12:54:29.402,2519.6611,125666,0.461,72.375
12:54:29.628,2519.6825,125667,1.226,71.924
12:54:29.628,2519.7011,125668,1.643,71.575
12:54:29.633,2519.7211,125669,2.076,71.266
12:54:29.633,2519.7411,125670,2.612,71.092
12:54:29.749,2519.7611,125671,3.003,71.063
12:54:29.765,2519.7811,125672,3.26,71.03
12:54:29.765,2519.8011,125673,3.53,70.992
12:54:29.956,2519.8211,125674,3.668,71.003
12:54:29.962,2519.8411,125675,3.654,71.001
12:54:29.962,2519.8611,125676,3.449,71.032
12:54:29.967,2519.8811,125677,3.149,71.08
12:54:30.095,2519.9011,125678,2.771,71.14
12:54:30.095,2519.9211,125679,2.446,71.223
12:54:30.101,2519.9411,125680,2.141,71.314
12:54:30.101,2519.9611,125681,1.882,71.386
12:54:30.185,2519.9811,125682,1.71,71.446
12:54:30.411,2520.0011,125683,1.639,71.521
12:54:30.422,2520.0211,125684,1.597,71.633
12:54:30.633,2520.0411,125685,1.47,71.751
12:54:30.639,2520.0611,125686,1.312,71.883
12:54:30.639,2520.0811,125687,1.141,72.017
12:54:30.639,2520.1011,125688,0.991,72.132
12:54:30.645,2520.1211,125689,0.936,72.202
12:54:30.781,2520.1411,125690,1.042,72.208
12:54:31.412,2520.1611,125691,1.132,72.159
12:54:31.417,2520.2411,125695,1.26,71.857
12:54:31.535,2520.2611,125696,1.274,71.781
12:54:31.609,2520.2811,125697,1.227,71.727
12:54:31.614,2520.3011,125698,1.103,71.62
12:54:31.614,2520.3811,125702,0.087,71.355
12:54:31.699,2520.4011,125703,-0.2,71.224
12:54:31.862,2520.4211,125704,-0.519,71.117
12:54:31.893,2520.4411,125705,-0.908,71.0
12:54:32.043,2520.4611,125706,-1.346,70.87
12:54:32.059,2520.7011,125718,-1.299,70.745
12:54:32.060,2520.7211,125719,-1.263,70.645
12:54:32.117,2520.9211,125729,-1.633,70.784
12:54:32.165,2520.9411,125730,-1.912,70.918
12:54:32.176,2520.9611,125731,-2.19,71.039
12:54:32.182,2520.9811,125732,-2.473,71.078
12:54:32.182,2521.0011,125733,-2.638,71.011
12:54:32.182,2521.0611,125736,-3.033,70.843
12:54:32.182,2521.7011,125768,-2.25,70.451
12:54:32.193,2521.7211,125769,-1.368,70.118
12:54:32.193,2521.8211,125774,-0.437,69.564
12:54:32.209,2521.9011,125778,0.946,73.512
12:54:32.209,2521.9211,125779,1.636,74.359
12:54:32.209,2521.9411,125780,2.214,75.065
12:54:32.215,2521.9811,125782,1.873,76.652
12:54:32.215,2522.1411,125790,1.779,76.043
12:54:32.215,2522.1811,125792,1.269,74.863
12:54:32.221,2522.3211,125799,-1.513,75.132
12:54:32.226,2522.3411,125800,-2.386,75.202
12:54:32.226,2522.3611,125801,-1.852,75.098
12:54:32.226,2522.4011,125803,-0.007,73.295
12:54:32.226,2522.4411,125805,3.662,72.78
12:54:32.231,2522.4611,125806,5.913,72.576
12:54:32.231,2522.4811,125807,8.323,72.768
12:54:32.232,2522.5011,125808,9.405,72.899
12:54:32.268,2522.5211,125809,10.395,73.598
12:54:32.269,2522.5411,125810,10.971,73.651
12:54:32.316,2522.5611,125811,11.317,73.433
12:54:32.316,2522.5811,125812,11.577,73.475
12:54:32.344,2522.6011,125813,11.643,73.622
12:54:32.360,2522.6211,125814,11.414,73.793
12:54:32.376,2522.6411,125815,11.099,73.974
12:54:32.403,2522.6611,125816,10.681,74.115
12:54:32.419,2522.6811,125817,10.017,74.138
12:54:32.435,2522.7011,125818,9.411,73.976
12:54:32.462,2522.7211,125819,8.901,73.653
12:54:32.478,2522.7411,125820,8.672,73.241
12:54:32.525,2522.7611,125821,8.12,73.233
12:54:32.526,2522.7811,125822,7.315,73.685
12:54:32.536,2522.8011,125823,6.245,74.198
12:54:32.568,2522.8211,125824,5.185,74.529
12:54:32.568,2522.8411,125825,4.702,74.792
12:54:32.599,2522.8611,125826,3.921,74.771
12:54:32.626,2522.8811,125827,2.821,74.71
12:54:32.632,2522.9011,125828,1.482,74.646
12:54:32.658,2522.9211,125829,0.506,75.13
12:54:32.674,2522.9411,125830,0.178,75.737
12:54:32.701,2522.9611,125831,-0.439,76.067
12:54:32.717,2522.9811,125832,-0.995,76.336
12:54:32.733,2523.0011,125833,-1.26,76.203
12:54:32.765,2523.0211,125834,-1.841,75.89
12:54:32.781,2523.0411,125835,-2.597,75.424
12:54:32.792,2523.0611,125836,-3.06,75.352
12:54:32.823,2523.0811,125837,-3.279,76.18
12:54:32.839,2523.1011,125838,-2.939,76.662
12:54:32.867,2523.1211,125839,-2.455,76.873
12:54:32.872,2523.1411,125840,-2.162,76.769
12:54:32.898,2523.1611,125841,-1.942,76.594
12:54:32.915,2523.1811,125842,-1.776,76.642
12:54:32.947,2523.2011,125843,-1.527,76.951
12:54:32.957,2523.2211,125844,-1.161,77.391
12:54:32.989,2523.2411,125845,-0.813,77.733
12:54:32.989,2523.2611,125846,-0.559,78.046
12:54:33.021,2523.2811,125847,-0.552,78.074
12:54:33.032,2523.3011,125848,-0.82,77.629
12:54:33.064,2523.3211,125849,-0.837,77.189
12:54:33.108,2523.3411,125850,-0.737,76.988
12:54:33.108,2523.3611,125851,-0.61,76.684
12:54:33.113,2523.3811,125852,-0.281,76.52
12:54:33.140,2523.4011,125853,0.024,76.55
12:54:33.156,2523.4211,125854,0.153,76.692
12:54:33.183,2523.4411,125855,-0.012,76.683
12:54:33.214,2523.4611,125856,-0.161,76.74
12:54:33.214,2523.4811,125857,-0.204,76.935
12:54:33.241,2523.5011,125858,-0.342,77.166
12:54:33.257,2523.5211,125859,-0.46,77.229
12:54:33.274,2523.5411,125860,-0.241,77.484
12:54:33.305,2523.5611,125861,0.087,77.05
12:54:33.316,2523.5811,125862,0.023,76.651
12:54:33.348,2523.6011,125863,-0.332,76.684
12:54:33.348,2523.6211,125864,-0.787,76.694
12:54:33.381,2523.6411,125865,-1.206,76.672
12:54:33.391,2523.6611,125866,-1.437,76.732
12:54:33.424,2523.6845,125867,-1.81,76.923
12:54:33.467,2523.7011,125868,-2.253,77.147
12:54:33.472,2523.7211,125869,-2.542,77.425
12:54:33.472,2523.7411,125870,-2.813,77.68
12:54:33.499,2523.7611,125871,-3.394,77.874
12:54:33.515,2523.7811,125872,-3.929,77.96
12:54:33.541,2523.8011,125873,-4.189,77.978
12:54:33.574,2523.8211,125874,-4.389,77.913
12:54:33.574,2523.8411,125875,-4.483,77.821
12:54:33.605,2523.8611,125876,-4.686,77.517
12:54:33.621,2523.8811,125877,-5.295,77.045
12:54:33.632,2523.9011,125878,-5.471,76.295
12:54:33.663,2523.9211,125879,-4.968,75.574
12:54:33.680,2523.9411,125880,-4.317,74.891
12:54:33.697,2523.9611,125881,-3.694,74.267
12:54:33.723,2523.9811,125882,-3.484,73.851
12:54:33.739,2524.0011,125883,-3.471,73.466
12:54:33.755,2524.0211,125884,-3.901,73.196
12:54:33.782,2524.0411,125885,-4.125,72.817
12:54:33.814,2524.0611,125886,-4.301,72.411
12:54:33.814,2524.0811,125887,-4.585,72.04
12:54:33.845,2524.1011,125888,-4.781,71.649
12:54:33.861,2524.1211,125889,-4.71,71.114
12:54:33.888,2524.1411,125890,-4.543,70.489
12:54:33.888,2524.1611,125891,-4.322,69.825
12:54:33.936,2524.1811,125892,-3.904,69.027
12:54:33.936,2524.2011,125893,-3.339,67.99
12:54:33.962,2524.2211,125894,-2.66,66.902
12:54:33.994,2524.2411,125895,-2.028,66.073
12:54:33.994,2524.2611,125896,-1.372,65.329
12:54:34.053,2524.2811,125897,-0.714,64.664
12:54:34.053,2524.3011,125898,0.036,64.109
12:54:34.058,2524.3211,125899,0.687,63.586
12:54:34.101,2524.3411,125900,1.194,62.978
12:54:34.101,2524.3611,125901,1.717,62.411
12:54:34.112,2524.3811,125902,2.489,61.96
12:54:34.176,2524.4011,125903,3.39,61.608
12:54:34.176,2524.4211,125904,4.025,61.171
12:54:34.176,2524.4411,125905,4.645,60.789
12:54:34.203,2524.4611,125906,5.29,60.438
12:54:34.218,2524.4811,125907,5.891,60.114
12:54:34.234,2524.5011,125908,6.571,59.771
12:54:34.292,2524.5211,125909,7.091,59.602
12:54:34.298,2524.5411,125910,7.671,59.466
12:54:34.298,2524.5611,125911,8.382,59.242
12:54:34.325,2524.5811,125912,9.089,59.103
12:54:34.341,2524.6011,125913,9.884,59.024
12:54:34.368,2524.6211,125914,10.619,59.008
12:54:34.368,2524.6411,125915,11.438,58.981
12:54:34.415,2524.6611,125916,12.217,58.995
12:54:34.416,2524.6811,125917,12.998,58.891
12:54:34.441,2524.7011,125918,13.537,58.883
12:54:34.458,2524.7211,125919,14.004,58.857
12:54:34.473,2524.7411,125920,14.347,58.778
12:54:34.532,2524.7611,125921,14.737,58.848
12:54:34.533,2524.7811,125922,15.16,58.828
12:54:34.538,2524.8011,125923,15.655,58.781
12:54:34.565,2524.8211,125924,15.997,58.766
12:54:34.591,2524.8411,125925,16.181,58.777
12:54:34.597,2524.8611,125926,16.271,58.614
12:54:34.639,2524.8811,125927,16.221,58.365
12:54:34.639,2524.9011,125928,16.016,58.193
12:54:34.655,2524.9211,125929,15.579,57.899
12:54:34.697,2524.9411,125930,14.751,57.405
12:54:34.698,2524.9611,125931,13.406,56.866
12:54:34.730,2524.9811,125932,11.473,56.703
12:54:34.730,2525.0011,125933,9.32,56.768
12:54:34.757,2525.0211,125934,7.281,57.079
12:54:34.773,2525.0411,125935,5.426,57.639
12:54:34.821,2525.0611,125936,3.786,58.403
12:54:34.821,2525.0811,125937,2.023,59.289
12:54:34.832,2525.1011,125938,0.189,60.289
12:54:34.880,2525.1211,125939,-1.197,61.402
12:54:34.880,2525.1411,125940,-2.486,62.581
12:54:34.891,2525.1611,125941,-3.622,63.771
12:54:34.924,2525.1811,125942,-4.651,65.028
12:54:34.939,2525.2011,125943,-5.605,66.345
12:54:34.955,2525.2211,125944,-6.264,67.461
12:54:34.997,2525.2411,125945,-6.769,68.478
12:54:35.003,2525.2611,125946,-7.164,69.442
12:54:35.013,2525.2811,125947,-7.695,70.539
12:54:35.046,2525.3011,125948,-8.158,71.662
12:54:35.057,2525.3211,125949,-8.652,72.799
12:54:35.073,2525.3411,125950,-9.106,73.929
12:54:35.120,2525.3611,125951,-9.617,75.144
12:54:35.121,2525.3811,125952,-10.135,76.393
12:54:35.137,2525.4011,125953,-10.636,77.646
12:54:35.163,2525.4211,125954,-11.139,79.083
12:54:35.179,2525.4411,125955,-12.137,81.245
12:54:35.195,2525.4611,125956,-13.449,82.505
12:54:35.238,2525.4811,125957,-14.505,84.59
12:54:35.238,2525.5011,125958,-15.713,87.539
12:54:35.254,2525.5211,125959,-17.244,90.48
12:54:35.286,2525.5411,125960,-19.071,93.376
12:54:35.296,2525.5611,125961,-20.133,95.975
12:54:35.312,2525.5811,125962,-20.473,97.305
12:54:35.361,2525.6011,125963,-20.428,98.335
12:54:35.361,2525.6211,125964,-20.256,99.045
12:54:35.371,2525.6411,125965,-20.218,99.75
12:54:35.403,2525.6611,125966,-20.137,100.25
12:54:35.420,2525.6855,125967,-19.956,100.866
12:54:35.461,2525.7011,125968,-19.883,101.458
12:54:35.467,2525.7211,125969,-19.491,102.31
12:54:35.478,2525.7411,125970,-17.996,103.015
12:54:35.494,2525.7611,125971,-15.818,102.95
12:54:35.526,2525.7811,125972,-13.347,102.085
12:54:35.552,2525.8011,125973,-11.837,102.207
12:54:35.557,2525.8211,125974,-11.667,102.384
12:54:35.584,2525.8411,125975,-11.43,102.597
12:54:35.600,2525.8611,125976,-11.243,102.685
12:54:35.615,2525.8811,125977,-11.056,102.872
12:54:35.658,2525.9011,125978,-10.651,103.061
12:54:35.659,2525.9211,125979,-10.319,103.231
12:54:35.675,2525.9411,125980,-10.307,103.261
12:54:35.707,2525.9611,125981,-10.461,103.108
12:54:35.718,2525.9811,125982,-10.526,103.111
12:54:35.765,2526.0011,125983,-10.53,103.191
12:54:35.765,2526.0211,125984,-10.566,103.196
12:54:35.782,2526.0411,125985,-10.773,103.111
12:54:35.792,2526.0611,125986,-11.08,102.882
12:54:35.824,2526.0811,125987,-11.421,102.518
12:54:35.840,2526.1011,125988,-11.704,101.925
12:54:35.867,2526.1211,125989,-12.062,100.96
12:54:35.873,2526.1411,125990,-12.313,99.595
12:54:35.899,2526.1611,125991,-12.444,97.892
12:54:35.941,2526.1811,125992,-12.353,95.864
12:54:35.947,2526.2011,125993,-12.035,93.555
12:54:35.973,2526.2211,125994,-11.64,91.227
12:54:35.973,2526.2411,125995,-11.303,89.085
12:54:36.005,2526.2611,125996,-10.917,87.093
12:54:36.021,2526.2811,125997,-10.295,85.273
12:54:36.048,2526.3011,125998,-9.594,83.718
12:54:36.048,2526.3211,125999,-8.875,82.482
12:54:36.080,2526.3411,126000,-8.218,81.551
12:54:36.096,2526.3611,126001,-7.59,80.807
12:54:36.123,2526.3811,126002,-6.951,80.185
12:54:36.139,2526.4011,126003,-6.507,79.654
12:54:36.155,2526.4211,126004,-6.093,79.215
12:54:36.186,2526.4411,126005,-5.666,78.868
12:54:36.197,2526.4611,126006,-5.245,78.5
12:54:36.214,2526.4811,126007,-4.879,78.151
12:54:36.246,2526.5011,126008,-4.667,77.853
12:54:36.257,2526.5211,126009,-4.556,77.624
12:54:36.304,2526.5411,126010,-4.488,77.469
12:54:36.304,2526.5611,126011,-4.47,77.356
12:54:36.320,2526.5811,126012,-4.492,77.287
12:54:36.336,2526.6011,126013,-4.496,77.303
12:54:36.362,2526.6211,126014,-4.401,77.296
12:54:36.409,2526.6411,126015,-4.395,77.257
12:54:36.409,2526.6611,126016,-4.434,77.245
12:54:36.415,2526.6811,126017,-4.566,77.26
12:54:36.441,2526.7011,126018,-4.518,77.212
12:54:36.452,2526.7211,126019,-4.433,77.157
12:54:36.499,2526.7411,126020,-4.375,77.106
12:54:36.499,2526.7611,126021,-4.382,77.115
12:54:36.531,2526.7811,126022,-4.359,77.162
12:54:36.531,2526.8011,126023,-4.26,77.19
12:54:36.557,2526.8211,126024,-4.198,77.193
12:54:36.573,2526.8411,126025,-4.091,77.185
12:54:36.605,2526.8611,126026,-3.989,77.183
12:54:36.621,2526.8811,126027,-3.834,77.138
12:54:36.649,2526.9011,126028,-3.869,77.113
12:54:36.649,2526.9211,126029,-3.969,77.111
12:54:36.681,2526.9411,126030,-3.989,77.094
12:54:36.712,2526.9611,126031,-3.937,77.098
12:54:36.712,2526.9811,126032,-3.844,77.093
12:54:36.738,2527.0011,126033,-3.863,77.096
12:54:36.770,2527.0211,126034,-3.776,77.08
12:54:36.770,2527.0411,126035,-3.716,77.068
12:54:36.813,2527.0611,126036,-3.592,77.037
12:54:36.813,2527.0811,126037,-3.669,77.08
12:54:36.845,2527.1011,126038,-3.824,77.156
12:54:36.887,2527.1211,126039,-3.765,77.105
12:54:36.892,2527.1411,126040,-3.727,77.073
12:54:36.892,2527.1611,126041,-3.765,77.095
12:54:36.919,2527.1811,126042,-3.911,77.135
12:54:36.935,2527.2011,126043,-3.915,77.133
12:54:36.962,2527.2211,126044,-3.872,77.134
12:54:37.024,2527.2411,126045,-3.817,77.164
12:54:37.025,2527.2611,126046,-3.893,77.238
12:54:37.025,2527.2811,126047,-3.892,77.302
12:54:37.041,2527.3011,126048,-4.152,77.459
12:54:37.052,2527.3211,126049,-4.357,77.544
12:54:37.083,2527.3411,126050,-4.336,77.539
12:54:37.131,2527.3611,126051,-4.323,77.584
12:54:37.131,2527.3811,126052,-4.544,77.739
12:54:37.132,2527.4011,126053,-4.532,77.782
12:54:37.158,2527.4211,126054,-4.713,77.968
12:54:37.175,2527.4411,126055,-4.737,78.046
12:54:37.201,2527.4611,126056,-4.717,78.025
12:54:37.217,2527.4811,126057,-4.552,77.941
12:54:37.248,2527.5011,126058,-4.64,78.028
12:54:37.248,2527.5211,126059,-4.46,77.967
12:54:37.281,2527.5411,126060,-4.246,77.877
12:54:37.292,2527.5611,126061,-4.219,77.855
12:54:37.325,2527.5811,126062,-4.283,77.891
12:54:37.368,2527.6011,126063,-4.177,77.898
12:54:37.374,2527.6211,126064,-4.102,77.961
12:54:37.374,2527.6411,126065,-4.181,78.089
12:54:37.400,2527.6611,126066,-4.205,78.172
12:54:37.411,2527.6811,126067,-4.378,78.358
12:54:37.444,2527.7011,126068,-4.443,78.511
12:54:37.475,2527.7211,126069,-4.513,78.647
12:54:37.475,2527.7411,126070,-4.598,78.816
12:54:37.502,2527.7611,126071,-4.815,79.094
12:54:37.518,2527.7811,126072,-4.841,79.318
12:54:37.534,2527.8011,126073,-5.115,79.71
12:54:37.566,2527.8211,126074,-5.16,79.955
12:54:37.593,2527.8411,126075,-5.367,80.285
12:54:37.598,2527.8611,126076,-5.353,80.419
12:54:37.626,2527.8811,126077,-5.474,80.569
12:54:37.653,2527.9011,126078,-5.431,80.693
12:54:37.653,2527.9211,126079,-5.373,80.801
12:54:37.685,2527.9411,126080,-5.54,80.95
12:54:37.712,2527.9611,126081,-5.488,80.978
12:54:37.717,2527.9811,126082,-5.385,81.021
12:54:37.761,2528.0011,126083,-5.503,81.232
12:54:37.761,2528.0211,126084,-5.53,81.408
12:54:37.772,2528.0411,126085,-5.514,81.554
12:54:37.836,2528.0611,126086,-5.679,81.787
12:54:37.836,2528.0811,126087,-5.843,81.998
12:54:37.868,2528.1011,126088,-5.852,82.166
12:54:37.868,2528.1211,126089,-5.806,82.332
12:54:37.894,2528.1411,126090,-5.727,82.489
12:54:37.894,2528.1611,126091,-5.917,82.766
12:54:37.986,2528.1811,126092,-6.088,83.058
12:54:37.986,2528.2011,126093,-6.109,83.267
12:54:37.986,2528.2211,126094,-6.02,83.424
12:54:37.992,2528.2411,126095,-5.938,83.557
12:54:37.992,2528.2611,126096,-6.027,83.719
12:54:38.014,2528.2811,126097,-6.116,83.825
12:54:38.090,2528.3011,126098,-6.025,83.937
12:54:38.090,2528.3211,126099,-5.913,84.107
12:54:38.090,2528.3411,126100,-6.005,84.38
12:54:38.096,2528.3611,126101,-6.174,84.689
12:54:38.134,2528.3811,126102,-6.24,84.98
12:54:38.134,2528.4011,126103,-6.127,85.201
12:54:38.194,2528.4211,126104,-6.028,85.394
12:54:38.194,2528.4411,126105,-6.001,85.512
12:54:38.200,2528.4611,126106,-5.786,85.691
12:54:38.237,2528.4811,126107,-5.582,85.858
12:54:38.313,2528.5011,126108,-5.326,85.917
12:54:38.313,2528.5211,126109,-5.097,85.916
12:54:38.318,2528.5411,126110,-4.949,85.888
12:54:38.329,2528.5611,126111,-4.793,85.822
12:54:38.330,2528.5811,126112,-4.639,85.724
12:54:38.330,2528.6011,126113,-4.612,85.655
12:54:38.357,2528.6211,126114,-4.497,85.599
12:54:38.421,2528.6411,126115,-4.356,85.5
12:54:38.421,2528.6611,126116,-4.34,85.412
12:54:38.437,2528.6811,126117,-4.423,85.439
12:54:38.480,2528.7011,126118,-4.393,85.445
12:54:38.480,2528.7211,126119,-4.277,85.432
12:54:38.496,2528.7411,126120,-4.392,85.521
12:54:38.496,2528.7611,126121,-4.515,85.594
12:54:38.554,2528.7811,126122,-4.464,85.505
12:54:38.628,2528.8011,126123,-4.446,85.457
12:54:38.687,2528.8211,126124,-4.495,85.534
12:54:38.718,2528.8411,126125,-4.562,85.583
12:54:38.793,2528.8611,126126,-4.705,85.589
12:54:38.799,2528.8811,126127,-4.866,85.481
12:54:38.852,2528.9011,126128,-4.842,85.431
12:54:38.858,2528.9211,126129,-4.783,85.378
12:54:38.858,2528.9411,126130,-4.753,85.339
12:54:38.858,2528.9611,126131,-4.703,85.305
12:54:38.858,2528.9811,126132,-4.638,85.322
12:54:38.863,2529.0011,126133,-4.565,85.279
12:54:38.863,2529.0211,126134,-4.528,85.222
12:54:38.885,2529.0411,126135,-4.716,85.247
12:54:38.885,2529.0611,126136,-4.67,85.142
12:54:38.901,2529.0811,126137,-4.671,85.016
12:54:38.901,2529.1011,126138,-4.652,84.794
12:54:38.902,2529.1211,126139,-4.918,84.597
12:54:38.902,2529.1411,126140,-5.013,84.346
12:54:38.912,2529.1611,126141,-4.961,84.101
12:54:38.944,2529.1811,126142,-4.859,83.875
12:54:38.944,2529.2011,126143,-4.707,83.648
12:54:38.987,2529.2211,126144,-4.773,83.501
12:54:38.993,2529.2411,126145,-4.777,83.373
12:54:38.993,2529.2611,126146,-4.614,83.21
12:54:39.036,2529.2811,126147,-4.452,83.054
12:54:39.036,2529.3011,126148,-4.254,82.86
12:54:39.062,2529.3211,126149,-4.152,82.654
12:54:39.078,2529.3411,126150,-3.971,82.405
12:54:39.094,2529.3611,126151,-3.834,82.314
12:54:39.137,2529.3811,126152,-3.677,82.355
12:54:39.143,2529.4011,126153,-3.517,82.429
12:54:39.185,2529.4211,126154,-3.199,82.564
12:54:39.185,2529.4411,126155,-3.005,82.802
12:54:39.200,2529.4611,126156,-2.777,83.138
12:54:39.212,2529.4811,126157,-2.384,83.544
12:54:39.244,2529.5011,126158,-2.168,83.983
12:54:39.260,2529.5211,126159,-1.728,84.314
12:54:39.276,2529.5411,126160,-1.533,84.693
12:54:39.308,2529.5611,126161,-1.226,84.983
12:54:39.319,2529.5811,126162,-0.77,85.292
12:54:39.335,2529.6011,126163,-0.266,85.534
12:54:39.366,2529.6211,126164,0.325,85.641
12:54:39.377,2529.6411,126165,1.075,85.822
12:54:39.393,2529.6611,126166,1.715,86.06
12:54:39.425,2529.6811,126167,2.223,86.355
12:54:39.441,2529.7011,126168,2.639,86.681
12:54:39.452,2529.7211,126169,3.256,86.89
12:54:39.484,2529.7411,126170,3.956,87.026
12:54:39.501,2529.7611,126171,4.497,87.227
12:54:39.512,2529.7811,126172,4.906,87.509
12:54:39.560,2529.8011,126173,5.374,87.813
12:54:39.560,2529.8211,126174,5.774,88.206
12:54:39.576,2529.8411,126175,5.965,88.629
12:54:39.608,2529.8611,126176,6.197,88.94
12:54:39.619,2529.8811,126177,6.566,89.085
12:54:39.634,2529.9011,126178,6.809,89.305
12:54:39.667,2529.9211,126179,7.082,89.537
12:54:39.678,2529.9411,126180,7.433,89.832
12:54:39.721,2529.9611,126181,8.1,89.835
12:54:39.727,2529.9811,126182,8.959,89.765
12:54:39.737,2530.0011,126183,10.019,89.646
12:54:39.770,2530.0211,126184,11.039,89.646
12:54:39.770,2530.0411,126185,11.821,89.41
12:54:39.802,2530.0611,126186,12.45,89.337
12:54:39.828,2530.0811,126187,12.916,89.19
12:54:39.828,2530.1011,126188,13.155,89.051
12:54:39.876,2530.1211,126189,13.155,88.94
12:54:39.876,2530.1411,126190,13.136,88.883
12:54:39.902,2530.1611,126191,13.375,88.723
12:54:39.918,2530.1811,126192,13.783,88.473
12:54:39.935,2530.2011,126193,13.896,88.149
12:54:39.978,2530.2211,126194,13.779,87.982
12:54:39.978,2530.2411,126195,13.922,87.883
12:54:39.994,2530.2611,126196,14.157,87.787
12:54:40.026,2530.2811,126197,14.289,87.633
12:54:40.037,2530.3012,126198,14.005,87.543
12:54:40.068,2530.3211,126199,13.832,87.442
12:54:40.068,2530.3411,126200,13.693,87.4
12:54:40.099,2530.3611,126201,13.52,87.336
12:54:40.116,2530.3811,126202,13.486,87.248
12:54:40.142,2530.4011,126203,13.469,87.163
12:54:40.157,2530.4211,126204,13.541,87.053
12:54:40.174,2530.4411,126205,13.451,86.983
12:54:40.206,2530.4611,126206,13.363,86.875
12:54:40.216,2530.4811,126207,13.303,86.875
12:54:40.232,2530.5011,126208,13.178,86.938
12:54:40.249,2530.5211,126209,12.964,87.043
12:54:40.308,2530.5411,126210,12.608,87.18
12:54:40.308,2530.5611,126211,12.2,87.347
12:54:40.313,2530.5811,126212,11.87,87.463
12:54:40.340,2530.6011,126213,11.662,87.562
12:54:40.356,2530.6211,126214,11.551,87.609
12:54:40.367,2530.6411,126215,11.492,87.65
12:54:40.398,2530.6611,126216,11.457,87.685
12:54:40.431,2530.6811,126217,11.489,87.717
12:54:40.431,2530.7011,126218,11.533,87.786
12:54:40.457,2530.7211,126219,11.678,87.818
12:54:40.472,2530.7411,126220,11.875,87.869
12:54:40.504,2530.7611,126221,12.071,87.879
12:54:40.520,2530.7811,126222,11.942,87.902
12:54:40.547,2530.8011,126223,12.117,87.712
12:54:40.552,2530.8211,126224,12.638,87.397
12:54:40.579,2530.8411,126225,13.076,86.994
12:54:40.595,2530.8611,126226,13.496,86.622
12:54:40.611,2530.8811,126227,14.13,86.317
12:54:40.668,2530.9011,126228,14.718,86.038
12:54:40.669,2530.9211,126229,15.336,85.673
12:54:40.674,2530.9411,126230,15.746,85.331
12:54:40.700,2530.9611,126231,16.143,84.98
12:54:40.712,2530.9811,126232,16.634,84.726
12:54:40.728,2531.0011,126233,17.097,84.49
12:54:40.786,2531.0211,126234,17.515,84.188
12:54:40.792,2531.0411,126235,17.605,84.01
12:54:40.792,2531.0611,126236,17.802,83.874
12:54:40.819,2531.0811,126237,18.138,83.807
12:54:40.835,2531.1011,126238,18.854,83.572
12:54:40.851,2531.1211,126239,19.405,83.309
12:54:40.909,2531.1411,126240,19.811,83.243
12:54:40.909,2531.1611,126241,20.194,83.358
12:54:40.914,2531.1811,126242,20.583,83.569
12:54:40.941,2531.2011,126243,20.646,83.644
12:54:40.951,2531.2211,126244,20.651,83.766
12:54:40.968,2531.2411,126245,20.606,83.79
12:54:41.031,2531.2611,126246,20.611,83.773
12:54:41.031,2531.2811,126247,20.42,83.877
12:54:41.031,2531.3011,126248,20.196,84.118
12:54:41.058,2531.3211,126249,20.026,84.73
12:54:41.074,2531.3411,126250,19.695,85.323
12:54:41.106,2531.3611,126251,19.105,86.034
12:54:41.133,2531.3811,126252,18.576,86.456
12:54:41.133,2531.4011,126253,17.987,87.082
12:54:41.149,2531.4211,126254,17.966,87.75
12:54:41.181,2531.4411,126255,18.125,88.269
12:54:41.192,2531.4611,126256,18.428,88.661
12:54:41.208,2531.4811,126257,18.268,89.29
12:54:41.255,2531.5011,126258,17.412,90.321
12:54:41.255,2531.5211,126259,16.802,91.19
12:54:41.271,2531.5411,126260,16.981,91.514
12:54:41.298,2531.5611,126261,17.125,91.717
12:54:41.314,2531.5811,126262,16.737,92.369
12:54:41.331,2531.6011,126263,16.656,92.626
12:54:41.373,2531.6211,126264,16.777,92.861
12:54:41.374,2531.6411,126265,16.799,93.143
12:54:41.390,2531.6611,126266,16.938,92.912
12:54:41.421,2531.6811,126267,17.047,92.427
12:54:41.432,2531.7011,126268,17.096,92.393
12:54:41.448,2531.7211,126269,17.199,92.348
12:54:41.496,2531.7411,126270,17.264,92.458
12:54:41.496,2531.7611,126271,17.065,92.798
12:54:41.506,2531.7811,126272,16.984,93.137
12:54:41.538,2531.8011,126273,16.694,93.772
12:54:41.555,2531.8211,126274,16.504,94.032
12:54:41.571,2531.8411,126275,16.403,94.242
12:54:41.614,2531.8611,126276,16.324,94.542
12:54:41.614,2531.8811,126277,16.251,94.711
12:54:41.630,2531.9011,126278,16.144,94.757
12:54:41.661,2531.9211,126279,15.901,94.592
12:54:41.672,2531.9411,126280,15.553,94.22
12:54:41.688,2531.9611,126281,15.207,94.004
12:54:41.720,2531.9811,126282,14.813,93.65
12:54:41.736,2532.0011,126283,14.106,93.322
12:54:41.752,2532.0211,126284,13.683,92.945
12:54:41.778,2532.0411,126285,13.427,92.653
12:54:41.794,2532.0611,126286,13.249,92.459
12:54:41.810,2532.0811,126287,13.223,92.301
12:54:41.853,2532.1011,126288,13.297,92.304
12:54:41.853,2532.1211,126289,13.253,92.464
12:54:41.869,2532.1411,126290,13.156,93.005
12:54:41.900,2532.1611,126291,13.157,93.481
12:54:41.916,2532.1811,126292,13.177,93.657
12:54:41.932,2532.2011,126293,13.227,93.481
12:54:41.958,2532.2211,126294,13.236,93.489
12:54:41.974,2532.2411,126295,13.13,93.52
12:54:41.990,2532.2611,126296,13.341,93.856
12:54:42.021,2532.2811,126297,13.501,93.936
12:54:42.037,2532.3011,126298,13.488,93.967
12:54:42.080,2532.3211,126299,13.59,94.016
12:54:42.080,2532.3411,126300,13.474,94.033
12:54:42.096,2532.3611,126301,13.09,94.198
12:54:42.107,2532.3811,126302,12.752,94.5
12:54:42.139,2532.4011,126303,12.596,94.691
12:54:42.171,2532.4211,126304,12.6,94.904
12:54:42.171,2532.4411,126305,12.682,94.861
12:54:42.198,2532.4611,126306,12.791,94.32
12:54:42.214,2532.4811,126307,12.719,94.148
12:54:42.230,2532.5011,126308,12.846,94.162
12:54:42.272,2532.5211,126309,12.94,94.234
12:54:42.278,2532.5411,126310,12.875,94.252
12:54:42.288,2532.5611,126311,12.803,94.267
12:54:42.337,2532.5811,126312,12.78,94.308
12:54:42.337,2532.6011,126313,12.865,94.425
12:54:42.347,2532.6211,126314,12.948,94.591
12:54:42.380,2532.6411,126315,12.986,94.727
12:54:42.396,2532.6611,126316,12.948,94.997
12:54:42.407,2532.6811,126317,13.396,95.265
12:54:42.439,2532.7011,126318,13.988,95.336
12:54:42.455,2532.7211,126319,14.264,95.348
12:54:42.471,2532.7411,126320,14.286,95.421
12:54:42.497,2532.7611,126321,14.111,95.527
12:54:42.513,2532.7811,126322,14.148,95.599
12:54:42.560,2532.8011,126323,14.217,95.784
12:54:42.560,2532.8211,126324,14.06,95.392
12:54:42.576,2532.8411,126325,13.596,94.505
12:54:42.603,2532.8611,126326,12.978,93.706
12:54:42.619,2532.8811,126327,12.304,93.032
12:54:42.635,2532.9011,126328,11.701,92.348
12:54:42.662,2532.9211,126329,11.076,91.83
12:54:42.679,2532.9411,126330,10.762,91.466
12:54:42.710,2532.9611,126331,10.578,91.261
12:54:42.710,2532.9811,126332,10.491,91.172
12:54:42.753,2533.0011,126333,10.451,91.306
12:54:42.753,2533.0211,126334,10.501,91.595
12:54:42.769,2533.0411,126335,10.631,91.858
12:54:42.801,2533.0611,126336,10.456,91.876
12:54:42.811,2533.0811,126337,10.249,91.777
12:54:42.827,2533.1011,126338,10.043,91.569
12:54:42.860,2533.1211,126339,9.863,91.43
12:54:42.876,2533.1411,126340,9.786,91.391
12:54:42.918,2533.1611,126341,9.663,91.11
12:54:42.918,2533.1811,126342,9.425,90.872
12:54:42.934,2533.2011,126343,9.164,90.76
12:54:42.950,2533.2211,126344,9.187,90.644
12:54:42.976,2533.2411,126345,9.687,90.466
12:54:43.025,2533.2611,126346,10.013,90.417
12:54:43.025,2533.2811,126347,10.264,90.517
12:54:43.040,2533.3011,126348,10.585,90.776
12:54:43.067,2533.3211,126349,11.024,91.088
12:54:43.072,2533.3411,126350,11.228,91.255
12:54:43.099,2533.3611,126351,11.151,91.279
12:54:43.115,2533.3811,126352,10.83,91.377
12:54:43.146,2533.4011,126353,10.486,91.217
12:54:43.157,2533.4211,126354,10.283,90.948
12:54:43.173,2533.4411,126355,10.15,90.702
12:54:43.189,2533.4611,126356,10.01,90.39
12:54:43.222,2533.4811,126357,9.886,90.348
12:54:43.232,2533.5011,126358,9.936,89.996
12:54:43.264,2533.5211,126359,9.983,89.691
12:54:43.281,2533.5411,126360,9.993,89.251
12:54:43.307,2533.5611,126361,10.153,88.762
12:54:43.324,2533.5811,126362,10.392,88.205
12:54:43.340,2533.6011,126363,10.744,87.578
12:54:43.355,2533.6211,126364,11.172,87.154
12:54:43.382,2533.6411,126365,11.38,86.693
12:54:43.398,2533.6611,126366,11.417,85.723
12:54:43.431,2533.6811,126367,11.367,85.044
12:54:43.431,2533.7011,126368,11.342,84.58
12:54:43.458,2533.7211,126369,11.445,84.022
12:54:43.506,2533.7411,126370,11.645,83.313
12:54:43.506,2533.7611,126371,11.788,82.7
12:54:43.522,2533.7811,126372,11.804,82.343
12:54:43.532,2533.8011,126373,11.526,82.355
12:54:43.548,2533.8211,126374,11.481,82.463
12:54:43.624,2533.8411,126375,11.304,82.536
12:54:43.624,2533.8611,126376,11.189,82.586
12:54:43.624,2533.8811,126377,11.069,82.607
12:54:43.640,2533.9011,126378,10.927,82.644
12:54:44.118,2533.9211,126379,10.801,82.76
12:54:44.134,2533.9411,126380,10.765,82.859
12:54:44.134,2533.9611,126381,10.793,82.96
12:54:44.166,2533.9811,126382,10.855,83.279
12:54:44.166,2534.0011,126383,11.022,83.46
12:54:44.177,2534.0211,126384,11.196,83.589
12:54:44.240,2534.0411,126385,11.39,83.752
12:54:44.298,2534.0611,126386,11.599,84.054
12:54:44.298,2534.0811,126387,11.87,84.292
12:54:44.346,2534.1011,126388,12.171,84.48
12:54:44.357,2534.1211,126389,12.467,84.641
12:54:44.362,2534.1411,126390,12.633,84.851
12:54:44.479,2534.1611,126391,12.809,84.974
12:54:44.484,2534.1811,126392,12.888,85.154
12:54:44.484,2534.2011,126393,13.039,85.294
12:54:44.485,2534.2211,126394,13.0,85.43
12:54:44.495,2534.2411,126395,13.037,85.475
12:54:44.627,2534.2611,126396,13.046,85.536
12:54:44.633,2534.4011,126403,12.752,85.752
12:54:44.633,2534.4211,126404,12.633,85.853
12:54:44.633,2534.4411,126405,12.561,85.941
12:54:44.633,2534.4611,126406,12.562,85.982
12:54:44.639,2534.4811,126407,12.481,86.1
12:54:44.645,2534.5011,126408,12.45,86.172
12:54:44.645,2534.5211,126409,12.475,86.193
12:54:44.645,2534.5811,126412,12.699,86.314
12:54:44.650,2534.6211,126414,12.899,86.395
12:54:44.650,2534.6411,126415,12.853,86.459
12:54:44.650,2534.6611,126416,12.895,86.534
12:54:44.958,2534.6811,126417,12.909,86.53
12:54:44.958,2534.7611,126421,13.203,86.395
12:54:44.964,2534.7811,126422,13.14,86.364
12:54:44.964,2534.8011,126423,13.202,86.307
12:54:44.964,2534.8211,126424,13.153,86.286
12:54:44.970,2534.8411,126425,13.231,86.2
12:54:45.125,2534.9211,126429,15.292,84.899
12:54:45.125,2534.9411,126430,15.952,84.379
12:54:45.156,2534.9611,126431,16.831,83.709
12:54:45.157,2534.9811,126432,17.843,82.87
12:54:45.162,2535.0011,126433,18.845,81.909
12:54:45.162,2535.0211,126434,19.985,80.953
12:54:45.162,2535.0411,126435,21.168,80.07
12:54:45.275,2535.0611,126436,22.219,79.299
12:54:45.275,2535.0811,126437,23.216,78.634
12:54:45.280,2535.1011,126438,24.158,78.022
12:54:45.280,2535.1211,126439,25.036,77.322
12:54:45.281,2535.1411,126440,25.925,76.524
12:54:45.333,2535.2411,126445,26.3,75.916
12:54:45.333,2535.2611,126446,26.663,75.29
12:54:45.338,2535.2811,126447,26.974,74.676
12:54:45.338,2535.3011,126448,27.416,74.067
12:54:45.338,2535.3211,126449,27.891,73.272
12:54:45.344,2535.3411,126450,28.313,72.376
12:54:45.344,2535.4011,126453,29.789,69.071
12:54:45.349,2535.4211,126454,30.398,67.868
12:54:45.350,2535.4411,126455,30.877,66.849
12:54:45.350,2535.4611,126456,31.434,65.717
12:54:45.355,2535.4811,126457,32.006,64.691
12:54:45.355,2535.5011,126458,32.579,63.772
12:54:45.355,2535.5211,126459,33.106,62.991
12:54:45.361,2535.5611,126461,34.325,61.732
12:54:45.453,2535.5811,126462,34.94,61.048
12:54:45.453,2535.6011,126463,35.46,60.283
12:54:45.458,2535.6211,126464,35.79,59.566
12:54:45.458,2535.6411,126465,36.155,58.896
12:54:45.517,2535.6611,126466,36.683,58.356
12:54:45.544,2535.6811,126467,36.846,57.957
12:54:45.634,2535.7011,126468,37.26,57.418
12:54:45.634,2535.7211,126469,37.744,56.903
12:54:45.650,2535.7411,126470,38.307,56.287
12:54:45.650,2535.7611,126471,38.859,55.541
12:54:45.655,2535.7811,126472,39.173,54.946
12:54:45.656,2535.8011,126473,39.47,54.484
12:54:45.693,2535.8211,126474,39.856,54.034
12:54:45.693,2535.8411,126475,40.228,53.641
12:54:45.699,2535.8611,126476,40.644,53.163
12:54:45.699,2535.8811,126477,41.011,52.614
12:54:45.699,2535.9011,126478,41.219,52.184
12:54:45.699,2535.9211,126479,41.573,51.676
12:54:45.704,2535.9411,126480,41.775,51.351
12:54:45.726,2535.9611,126481,42.128,51.007
12:54:45.726,2535.9811,126482,42.373,50.656
12:54:45.752,2536.0011,126483,42.646,50.227
12:54:45.758,2536.0211,126484,42.884,49.878
12:54:45.815,2536.0411,126485,43.202,49.446
12:54:45.815,2536.0611,126486,43.382,49.117
12:54:45.905,2536.0811,126487,43.637,49.115
12:54:45.979,2536.1011,126488,43.895,49.033
12:54:45.979,2536.1211,126489,44.402,48.701
12:54:46.027,2536.1411,126490,44.957,48.256
12:54:46.038,2536.1611,126491,45.679,47.726
12:54:46.038,2536.1811,126492,46.187,47.371
12:54:46.043,2536.2011,126493,46.863,46.785
12:54:46.044,2536.2211,126494,47.462,46.397
12:54:46.070,2536.2411,126495,47.931,45.947
12:54:46.070,2536.2611,126496,48.39,45.159
12:54:46.096,2536.2811,126497,48.83,44.4
12:54:46.102,2536.3011,126498,49.292,43.646
12:54:46.102,2536.3211,126499,49.623,43.414
12:54:46.102,2536.3411,126500,49.986,42.753
12:54:46.108,2536.3611,126501,50.261,42.01
12:54:46.113,2536.3811,126502,50.258,41.519
12:54:46.129,2536.4011,126503,50.344,40.8
12:54:46.160,2536.4211,126504,50.361,40.172
12:54:46.187,2536.4411,126505,50.3,39.693
12:54:46.192,2536.4611,126506,50.123,39.245
12:54:46.218,2536.4811,126507,50.071,38.758
12:54:46.266,2536.5011,126508,50.092,38.323
12:54:46.266,2536.5211,126509,50.132,37.94
12:54:46.277,2536.5411,126510,50.145,37.517
12:54:46.341,2536.5611,126511,50.263,37.069
12:54:46.341,2536.5811,126512,50.444,36.927
12:54:46.341,2536.6011,126513,50.522,36.882
12:54:46.383,2536.6211,126514,50.566,36.778
12:54:46.462,2536.6411,126515,50.551,36.531
12:54:46.463,2536.6611,126516,50.721,36.149
12:54:46.463,2536.6811,126517,50.898,35.835
12:54:46.463,2536.7011,126518,50.936,35.543
12:54:46.468,2536.7211,126519,50.984,35.301
12:54:46.474,2536.7411,126520,51.098,35.1
12:54:46.505,2536.7611,126521,51.277,34.939
12:54:46.521,2536.7813,126522,51.493,34.758
12:54:46.532,2536.8011,126523,51.582,34.527
12:54:46.563,2536.8211,126524,51.613,34.349
12:54:46.580,2536.8411,126525,51.601,34.417
12:54:46.607,2536.8611,126526,51.61,34.375
12:54:46.613,2536.8811,126527,51.794,34.014
12:54:46.655,2536.9011,126528,51.801,33.814
12:54:46.655,2536.9211,126529,51.835,33.761
12:54:46.671,2536.9411,126530,51.911,33.752
12:54:46.698,2536.9611,126531,52.193,33.775
12:54:46.714,2536.9811,126532,52.532,33.486
12:54:46.746,2537.0011,126533,52.762,33.271
12:54:46.757,2537.0211,126534,53.113,33.058
12:54:46.805,2537.0411,126535,53.387,32.74
12:54:46.821,2537.0611,126536,53.826,32.246
12:54:46.838,2537.0811,126537,54.191,31.991
12:54:46.849,2537.1011,126538,54.469,31.898
12:54:46.849,2537.1211,126539,54.665,31.324
12:54:46.923,2537.1411,126540,54.742,30.928
12:54:46.929,2537.1611,126541,54.744,30.45
12:54:46.929,2537.1811,126542,54.798,29.854
12:54:46.934,2537.2011,126543,54.8,29.134
12:54:46.971,2537.2211,126544,54.685,28.693
12:54:46.971,2537.2411,126545,54.595,28.024
12:54:47.004,2537.2611,126546,54.634,27.528
12:54:47.014,2537.2811,126547,54.786,26.853
12:54:47.047,2537.3011,126548,55.075,26.203
12:54:47.057,2537.3211,126549,55.166,25.835
12:54:47.105,2537.3411,126550,55.506,25.451
12:54:47.106,2537.3611,126551,55.887,24.841
12:54:47.122,2537.3811,126552,56.111,24.57
12:54:47.133,2537.4011,126553,56.551,24.022
12:54:47.165,2537.4211,126554,56.813,23.281
12:54:47.208,2537.4411,126555,57.079,22.683
12:54:47.224,2537.4611,126556,57.11,21.998
12:54:47.230,2537.4811,126557,57.096,21.429
12:54:47.230,2537.5011,126558,57.199,20.572
12:54:47.282,2537.5211,126559,57.297,19.788
12:54:47.287,2537.5411,126560,57.187,19.431
12:54:47.314,2537.5611,126561,57.096,18.747
12:54:47.314,2537.5811,126562,57.097,17.977
12:54:47.345,2537.6011,126563,57.188,17.349
12:54:47.361,2537.6211,126564,57.105,16.973
12:54:47.419,2537.6411,126565,57.106,16.306
12:54:47.419,2537.6611,126566,57.157,15.63
12:54:47.425,2537.6811,126567,57.239,14.855
12:54:47.436,2537.7011,126568,57.213,14.556
12:54:47.463,2537.7211,126569,57.2,14.027
12:54:47.661,2537.7411,126570,57.241,13.166
12:54:47.661,2537.7611,126571,57.278,12.343
12:54:47.672,2537.7811,126572,57.164,11.644
12:54:47.677,2537.8011,126573,56.916,11.094
12:54:47.677,2537.8211,126574,56.882,10.373
12:54:47.678,2537.8411,126575,56.658,9.747
12:54:47.678,2537.8611,126576,56.657,9.382
12:54:47.683,2537.8811,126577,56.582,8.944
12:54:47.809,2537.9011,126578,56.701,8.636
12:54:47.815,2537.9211,126579,56.593,8.246
12:54:47.815,2537.9411,126580,56.654,8.028
12:54:47.815,2537.9611,126581,56.439,7.821
12:54:47.815,2537.9811,126582,56.317,7.117
12:54:47.899,2538.0011,126583,56.435,6.47
12:54:47.899,2538.0211,126584,56.526,5.781
12:54:47.899,2538.0411,126585,56.579,5.38
12:54:47.905,2538.0611,126586,56.519,4.501
12:54:47.905,2538.0811,126587,56.563,3.414
12:54:47.911,2538.1011,126588,56.711,2.914
12:54:48.020,2538.1211,126589,56.817,2.345
12:54:48.021,2538.1411,126590,56.826,1.962
12:54:48.021,2538.1611,126591,56.758,1.075
12:54:48.026,2538.1811,126592,56.784,-0.145
12:54:48.026,2538.2011,126593,57.033,-1.405
12:54:48.026,2538.2211,126594,57.233,-2.124
12:54:48.111,2538.2411,126595,57.429,-3.287
12:54:48.111,2538.2611,126596,57.507,-4.342
12:54:48.111,2538.2811,126597,57.651,-5.476
12:54:48.111,2538.3011,126598,57.753,-6.044
12:54:48.117,2538.3211,126599,57.666,-6.929
12:54:48.117,2538.3411,126600,57.571,-7.801
12:54:48.117,2538.3611,126601,57.573,-8.803
12:54:48.122,2538.3811,126602,57.496,-9.337
12:54:48.138,2538.4011,126603,57.441,-9.989
12:54:48.154,2538.4211,126604,57.069,-10.856
12:54:48.228,2538.4411,126605,56.702,-11.672
12:54:48.233,2538.4611,126606,56.399,-12.255
12:54:48.233,2538.4811,126607,56.046,-12.893
12:54:48.233,2538.5011,126608,55.495,-13.421
12:54:48.260,2538.5211,126609,54.956,-14.14
12:54:48.362,2538.5411,126610,54.474,-14.95
12:54:48.368,2538.5611,126611,54.161,-15.82
12:54:48.368,2538.5811,126612,53.924,-16.35
12:54:48.368,2538.6011,126613,53.805,-16.66
12:54:48.374,2538.6211,126614,53.741,-16.838
12:54:48.395,2538.6411,126615,53.756,-16.915
12:54:48.412,2538.6611,126616,53.844,-16.759
12:54:48.469,2538.6811,126617,54.025,-16.25
12:54:48.469,2538.7011,126618,54.246,-15.452
12:54:48.485,2538.7211,126619,54.588,-14.589
12:54:48.512,2538.7411,126620,54.958,-13.693
12:54:48.517,2538.7611,126621,55.6,-12.734
12:54:48.517,2538.7811,126622,56.872,-11.267
12:54:48.528,2538.8011,126623,58.581,-9.265
12:54:48.637,2538.8211,126624,60.714,-6.51
12:54:48.727,2538.8411,126625,62.907,-2.426
12:54:48.727,2538.8611,126626,64.82,2.072
12:54:48.728,2538.8811,126627,66.718,7.717
12:54:48.738,2538.9011,126628,68.419,14.481
12:54:48.738,2538.9211,126629,69.681,22.432
12:54:48.744,2538.9411,126630,70.497,30.86
12:54:48.744,2538.9611,126631,70.667,39.292
12:54:48.744,2538.9811,126632,70.394,47.212
12:54:48.749,2539.0011,126633,70.064,55.231
12:54:48.755,2539.0211,126634,69.463,63.07
12:54:48.771,2539.0411,126635,68.412,69.206
12:54:48.813,2539.0611,126636,67.041,74.097
12:54:48.813,2539.0811,126637,65.574,78.369
12:54:48.830,2539.1011,126638,63.932,82.263
12:54:48.857,2539.1211,126639,62.126,85.437
12:54:48.889,2539.1411,126640,60.284,88.226
12:54:48.905,2539.1611,126641,58.452,90.489
12:54:48.932,2539.1811,126642,56.792,91.96
12:54:48.948,2539.2011,126643,55.258,92.954
12:54:48.948,2539.2211,126644,53.747,93.648
12:54:48.980,2539.2411,126645,52.421,94.298
12:54:48.996,2539.2611,126646,51.246,94.846
12:54:49.013,2539.2811,126647,50.054,95.355
12:54:49.055,2539.3011,126648,48.915,95.857
12:54:49.055,2539.3211,126649,47.939,96.388
12:54:49.071,2539.3411,126650,46.711,97.648
12:54:49.098,2539.3611,126651,44.968,98.909
12:54:49.114,2539.3811,126652,44.415,99.124
12:54:49.130,2539.4011,126653,43.193,98.041
12:54:49.177,2539.4211,126654,38.758,99.907
12:54:49.178,2539.4411,126655,35.736,100.634
12:54:49.188,2539.4611,126656,34.157,98.695
12:54:49.235,2539.4811,126657,33.038,96.314
12:54:49.236,2539.5011,126658,32.131,95.51
12:54:49.251,2539.5211,126659,30.69,98.083
12:54:49.295,2539.5411,126660,28.61,99.98
12:54:49.295,2539.5611,126661,25.292,97.512
12:54:49.311,2539.5811,126662,22.178,95.079
12:54:49.337,2539.6011,126663,18.154,94.166
12:54:49.354,2539.6211,126664,16.059,92.514
12:54:49.370,2539.6411,126665,15.057,92.379
12:54:49.397,2539.6611,126666,14.829,94.164
12:54:49.414,2539.6811,126667,14.635,96.754
12:54:49.430,2539.7011,126668,15.129,98.379
12:54:49.461,2539.7211,126669,16.641,98.139
12:54:49.472,2539.7411,126670,17.859,97.932
12:54:49.488,2539.7611,126671,18.783,98.893
12:54:49.536,2539.7811,126672,19.571,99.52
12:54:49.536,2539.8011,126673,19.407,99.91
12:54:49.551,2539.8211,126674,19.298,100.351
12:54:49.578,2539.8411,126675,19.1,101.021
12:54:49.594,2539.8611,126676,18.881,100.946
12:54:49.610,2539.8811,126677,18.443,101.057
12:54:49.642,2539.9011,126678,17.972,101.108
12:54:49.652,2539.9211,126679,18.006,102.345
12:54:49.668,2539.9411,126680,18.355,103.297
12:54:49.699,2539.9611,126681,18.338,103.19
12:54:49.716,2539.9811,126682,18.645,102.363
12:54:49.727,2540.0011,126683,19.674,102.34
12:54:49.758,2540.0211,126684,20.731,102.076
12:54:49.775,2540.0411,126685,21.279,101.659
12:54:49.791,2540.0611,126686,21.643,102.05
12:54:49.817,2540.0811,126687,21.837,103.497
12:54:49.833,2540.1011,126688,21.322,106.116
12:54:49.849,2540.1211,126689,20.417,108.617
12:54:49.881,2540.1411,126690,18.787,108.331
12:54:49.892,2540.1611,126691,17.212,107.408
12:54:49.924,2540.1811,126692,16.295,107.485
12:54:49.941,2540.2011,126693,15.768,108.288
12:54:49.952,2540.2211,126694,15.518,108.177
12:54:49.967,2540.2411,126695,14.861,106.623
12:54:50.000,2540.2611,126696,14.286,105.903
12:54:50.016,2540.2811,126697,13.963,106.202
12:54:50.027,2540.3011,126698,13.459,107.543
12:54:50.058,2540.3211,126699,13.893,110.192
12:54:50.121,2540.3411,126700,14.009,110.752
12:54:50.121,2540.3611,126701,13.685,109.286
12:54:50.121,2540.3811,126702,12.819,110.969
12:54:50.132,2540.4011,126703,13.041,115.816
12:54:50.148,2540.4211,126704,13.059,120.478
12:54:50.181,2540.4411,126705,13.236,122.353
12:54:50.192,2540.4611,126706,14.188,117.166
12:54:50.239,2540.4811,126707,15.109,111.871
12:54:50.239,2540.5011,126708,15.652,110.926
12:54:50.255,2540.5211,126709,16.409,112.487
12:54:50.271,2540.5411,126710,16.932,113.457
12:54:50.298,2540.5611,126711,17.641,113.68
12:54:50.314,2540.5811,126712,18.134,114.138
12:54:50.357,2540.6011,126713,19.103,113.168
12:54:50.362,2540.6211,126714,19.547,112.797
12:54:50.373,2540.6411,126715,20.222,112.103
12:54:50.390,2540.6611,126716,20.485,111.133
12:54:50.421,2540.6811,126717,20.322,112.165
12:54:50.437,2540.7011,126718,21.257,113.569
12:54:50.479,2540.7211,126719,22.679,113.699
12:54:50.479,2540.7411,126720,24.069,111.764
12:54:50.495,2540.7611,126721,24.23,108.915
12:54:50.512,2540.7811,126722,23.344,106.633
12:54:50.538,2540.8011,126723,23.065,106.393
12:54:50.554,2540.8211,126724,22.641,106.752
12:54:50.585,2540.8411,126725,22.908,108.444
12:54:50.601,2540.8611,126726,23.16,108.342
12:54:50.612,2540.8811,126727,23.41,106.004
12:54:50.644,2540.9011,126728,22.758,105.784
12:54:50.660,2540.9211,126729,22.472,105.675
12:54:50.676,2540.9411,126730,22.086,104.76
12:54:50.702,2540.9611,126731,22.071,103.786
12:54:50.718,2540.9811,126732,22.835,103.833
12:54:50.734,2541.0011,126733,23.136,104.863
12:54:50.750,2541.0211,126734,23.195,106.098
12:54:50.777,2541.0411,126735,22.195,106.474
12:54:50.793,2541.0611,126736,21.434,106.642
12:54:50.825,2541.0811,126737,21.191,106.548
12:54:50.840,2541.1011,126738,21.447,106.14
12:54:50.856,2541.1211,126739,21.31,105.114
12:54:50.871,2541.1411,126740,21.094,103.917
12:54:50.898,2541.1611,126741,21.082,103.288
12:54:50.914,2541.1811,126742,21.551,103.015
12:54:50.957,2541.2011,126743,22.123,102.685
12:54:50.962,2541.2211,126744,22.625,102.266
12:54:50.973,2541.2411,126745,23.183,101.681
12:54:51.005,2541.2611,126746,23.843,101.777
12:54:51.021,2541.2811,126747,24.206,102.379
12:54:51.063,2541.3011,126748,24.231,102.869
12:54:51.063,2541.3211,126749,24.111,103.037
12:54:51.079,2541.3411,126750,23.733,103.414
12:54:51.095,2541.3611,126751,23.232,104.274
12:54:51.112,2541.3811,126752,22.801,104.921
12:54:51.138,2541.4011,126753,22.594,104.465
12:54:51.201,2541.4211,126754,22.315,103.809
12:54:51.201,2541.4411,126755,21.534,104.407
12:54:51.201,2541.4611,126756,20.802,106.385
12:54:51.229,2541.4811,126757,20.662,107.392
12:54:51.229,2541.5011,126758,20.872,107.127
12:54:51.302,2541.5211,126759,20.697,107.157
12:54:51.308,2541.5411,126760,20.58,107.776
12:54:51.308,2541.5611,126761,20.354,107.844
12:54:51.308,2541.5811,126762,20.276,107.607
12:54:51.334,2541.6011,126763,20.345,107.99
12:54:51.351,2541.6211,126764,20.721,108.836
12:54:51.377,2541.6411,126765,21.163,109.337
12:54:51.425,2541.6611,126766,21.3,109.14
12:54:51.426,2541.6811,126767,21.09,108.683
12:54:51.437,2541.7011,126768,20.733,108.405
12:54:51.453,2541.7211,126769,20.25,108.962
12:54:51.469,2541.7411,126770,19.206,110.537
12:54:51.500,2541.7611,126771,17.489,110.465
12:54:51.527,2541.7811,126772,15.632,109.278
12:54:51.533,2541.8011,126773,14.833,108.891
12:54:51.560,2541.8211,126774,13.328,108.918
12:54:51.591,2541.8411,126775,12.639,110.558
12:54:51.591,2541.8611,126776,11.997,112.196
12:54:51.618,2541.8811,126777,12.397,113.834
12:54:51.650,2541.9011,126778,15.555,114.864
12:54:51.650,2541.9211,126779,15.719,114.755
12:54:51.692,2541.9411,126780,15.642,114.78
12:54:51.698,2541.9611,126781,15.097,114.027
12:54:51.708,2541.9811,126782,14.658,113.614
12:54:51.741,2542.0011,126783,15.103,113.675
12:54:51.767,2542.0211,126784,15.702,113.951
12:54:51.773,2542.0411,126785,16.245,114.53
12:54:51.800,2542.0611,126786,17.089,115.044
12:54:51.815,2542.0811,126787,17.848,115.5
12:54:51.831,2542.1011,126788,18.403,115.497
12:54:51.858,2542.1211,126789,19.318,115.537
12:54:51.890,2542.1411,126790,20.052,115.496
12:54:51.890,2542.1611,126791,20.592,115.241
12:54:51.921,2542.1811,126792,21.348,114.704
12:54:51.937,2542.2011,126793,22.293,114.247
12:54:51.948,2542.2211,126794,22.999,114.051
12:54:52.007,2542.2411,126795,23.546,114.113
12:54:52.012,2542.2611,126796,24.134,114.293
12:54:52.012,2542.2811,126797,24.64,114.705
12:54:52.038,2542.3011,126798,24.869,115.066
12:54:52.054,2542.3211,126799,24.892,115.413
12:54:52.069,2542.3411,126800,24.797,115.641
12:54:52.127,2542.3611,126801,24.866,116.107
12:54:52.132,2542.3811,126802,24.799,116.367
12:54:52.133,2542.4011,126803,24.513,116.285
12:54:52.159,2542.4211,126804,24.201,115.826
12:54:52.175,2542.4411,126805,23.776,115.107
12:54:52.192,2542.4611,126806,23.291,114.571
12:54:52.265,2542.4811,126807,22.852,114.266
12:54:52.266,2542.5011,126808,22.172,114.217
12:54:52.266,2542.5211,126809,22.018,114.775
12:54:52.271,2542.5411,126810,22.199,115.862
12:54:52.293,2542.5611,126811,22.512,117.223
12:54:52.309,2542.5811,126812,22.562,118.88
12:54:52.368,2542.6011,126813,22.843,118.326
12:54:52.369,2542.6211,126814,23.208,118.206
12:54:52.374,2542.6411,126815,24.276,119.537
12:54:52.401,2542.6611,126816,25.11,121.015
12:54:52.412,2542.6811,126817,25.339,121.623
12:54:52.427,2542.7011,126818,25.026,121.035
12:54:52.474,2542.7211,126819,24.63,120.526
12:54:52.474,2542.7411,126820,24.526,120.807
12:54:52.490,2542.7611,126821,24.35,121.054
12:54:52.522,2542.7811,126822,24.212,120.964
12:54:52.532,2542.8011,126823,24.344,120.802
12:54:52.565,2542.8211,126824,24.589,120.863
12:54:52.592,2542.8411,126825,24.692,120.802
12:54:52.597,2542.8611,126826,24.644,120.63
12:54:52.624,2542.8811,126827,24.662,120.712
12:54:52.641,2542.9011,126828,24.86,120.855
12:54:52.657,2542.9211,126829,25.111,121.011
12:54:52.667,2542.9411,126830,25.413,121.147
12:54:52.715,2542.9611,126831,25.187,120.938
12:54:52.715,2542.9811,126832,25.068,120.976
12:54:52.731,2543.0011,126833,25.149,120.907
12:54:52.758,2543.0211,126834,25.028,120.51
12:54:52.774,2543.0411,126835,24.849,120.301
12:54:52.790,2543.0611,126836,24.62,120.219
12:54:52.817,2543.0811,126837,23.97,119.993
12:54:52.833,2543.1011,126838,23.263,119.785
12:54:52.849,2543.1211,126839,22.741,119.715
12:54:52.880,2543.1411,126840,22.351,119.718
12:54:52.896,2543.1611,126841,22.302,119.886
12:54:52.907,2543.1811,126842,22.425,119.925
12:54:52.955,2543.2011,126843,22.096,119.739
12:54:52.955,2543.2211,126844,21.484,119.543
12:54:52.971,2543.2411,126845,20.879,119.581
12:54:52.997,2543.2611,126846,20.615,119.792
12:54:53.013,2543.2811,126847,20.448,119.861
12:54:53.076,2543.3011,126848,20.183,119.762
12:54:53.076,2543.3211,126849,19.616,119.536
12:54:53.077,2543.3411,126850,19.117,119.574
12:54:53.087,2543.3611,126851,19.115,119.938
12:54:53.119,2543.3811,126852,19.669,120.1
12:54:53.150,2543.4011,126853,20.043,119.841
12:54:53.150,2543.4211,126854,20.162,119.657
12:54:53.192,2543.4411,126855,20.71,119.663
12:54:53.198,2543.4611,126856,21.118,119.662
12:54:53.209,2543.4811,126857,21.036,119.679
12:54:53.256,2543.5011,126858,20.914,119.989
12:54:53.256,2543.5211,126859,21.085,120.432
12:54:53.267,2543.5411,126860,21.36,121.003
12:54:53.314,2543.5611,126861,21.303,121.291
12:54:53.314,2543.5811,126862,21.08,121.336
12:54:53.331,2543.6011,126863,21.111,121.374
12:54:53.357,2543.6211,126864,21.313,121.578
12:54:53.374,2543.6411,126865,21.161,121.647
12:54:53.421,2543.6611,126866,20.762,122.166
12:54:53.421,2543.6811,126867,20.516,122.802
12:54:53.432,2543.7011,126868,20.497,122.846
12:54:53.464,2543.7211,126869,20.493,122.978
12:54:53.480,2543.7411,126870,20.411,122.931
12:54:53.497,2543.7611,126871,20.278,122.957
12:54:53.507,2543.7811,126872,20.197,122.964
12:54:53.538,2543.8011,126873,20.057,122.943
12:54:53.570,2543.8211,126874,19.776,123.237
12:54:53.570,2543.8411,126875,19.31,123.289
12:54:53.597,2543.8611,126876,18.858,123.237
12:54:53.614,2543.8811,126877,18.502,123.041
12:54:53.630,2543.9011,126878,18.217,122.812
12:54:53.657,2543.9211,126879,17.994,122.466
12:54:53.674,2543.9411,126880,17.767,122.17
12:54:53.689,2543.9611,126881,17.168,122.093
12:54:53.721,2543.9811,126882,16.636,122.418
12:54:53.732,2544.0011,126883,16.067,122.626
12:54:53.748,2544.0211,126884,15.366,122.353
12:54:53.781,2544.0411,126885,14.868,122.231
12:54:53.792,2544.0611,126886,14.486,122.279
12:54:53.809,2544.0811,126887,14.275,122.269
12:54:53.856,2544.1011,126888,14.231,122.208
12:54:53.856,2544.1211,126889,14.461,122.208
12:54:53.898,2544.1411,126890,15.101,122.318
12:54:53.898,2544.1611,126891,16.321,122.4
12:54:53.914,2544.1811,126892,17.893,122.31
12:54:53.930,2544.2011,126893,19.474,122.333
12:54:53.961,2544.2211,126894,20.946,122.619
12:54:53.972,2544.2411,126895,22.448,122.817
12:54:54.021,2544.2611,126896,23.617,122.51
12:54:54.021,2544.2811,126897,24.058,122.21
12:54:54.032,2544.3011,126898,23.724,122.018
12:54:54.048,2544.3211,126899,22.97,121.663
12:54:54.096,2544.3411,126900,21.921,121.307
12:54:54.096,2544.3611,126901,20.656,121.249
12:54:54.138,2544.3811,126902,19.622,121.518
12:54:54.138,2544.4011,126903,18.873,121.588
12:54:54.154,2544.4211,126904,18.312,121.42
12:54:54.170,2544.4411,126905,18.511,121.458
12:54:54.201,2544.4611,126906,18.981,121.441
12:54:54.212,2544.4811,126907,19.494,121.467
12:54:54.259,2544.5011,126908,20.212,121.741
12:54:54.260,2544.5211,126909,21.186,122.321
12:54:54.276,2544.5411,126910,21.756,122.614
12:54:54.302,2544.5611,126911,22.4,122.873
12:54:54.318,2544.5811,126912,23.073,123.284
12:54:54.334,2544.6011,126913,23.697,123.611
12:54:54.366,2544.6211,126914,24.258,123.945
12:54:54.382,2544.6411,126915,24.692,124.226
12:54:54.393,2544.6611,126916,25.022,124.487
12:54:54.408,2544.6811,126917,24.987,125.663
12:54:54.441,2544.7011,126918,25.355,127.97
12:54:54.452,2544.7211,126919,26.237,130.9
12:54:54.484,2544.7411,126920,25.885,133.531
12:54:54.500,2544.7611,126921,25.912,136.271
12:54:54.516,2544.7811,126922,26.562,139.849
12:54:54.527,2544.8011,126923,26.51,142.451
12:54:54.559,2544.8211,126924,25.518,139.756
12:54:54.576,2544.8411,126925,24.734,139.577
12:54:54.618,2544.8611,126926,24.619,139.752
12:54:54.618,2544.8811,126927,24.006,137.882
12:54:54.634,2544.9011,126928,22.963,133.018
12:54:54.650,2544.9211,126929,22.304,130.254
12:54:54.681,2544.9411,126930,22.574,129.63
12:54:54.724,2544.9611,126931,22.901,129.617
12:54:54.724,2544.9811,126932,23.413,131.642
12:54:54.741,2545.0011,126933,23.101,131.849
12:54:54.752,2545.0211,126934,22.659,131.296
12:54:54.768,2545.0411,126935,22.619,131.711
12:54:54.800,2545.0611,126936,22.763,131.716
12:54:54.816,2545.0811,126937,22.646,130.954
12:54:54.843,2545.1011,126938,22.25,130.798
12:54:54.859,2545.1211,126939,22.352,131.371
12:54:54.875,2545.1411,126940,23.134,131.371
12:54:54.891,2545.1611,126941,23.668,130.896
12:54:54.918,2545.1811,126942,23.886,130.736
12:54:54.965,2545.2011,126943,24.106,130.718
12:54:54.965,2545.2211,126944,23.962,131.379
12:54:54.981,2545.2411,126945,23.745,132.202
12:54:54.992,2545.2611,126946,24.073,132.408
12:54:55.007,2545.2811,126947,24.468,132.439
12:54:55.040,2545.3011,126948,24.682,132.329
12:54:55.083,2545.3211,126949,24.393,131.977
12:54:55.083,2545.3411,126950,23.98,131.549
12:54:55.099,2545.3612,126951,23.427,131.69
12:54:55.131,2545.3811,126952,23.304,131.927
12:54:55.131,2545.4011,126953,24.135,132.102
12:54:55.158,2545.4211,126954,24.019,135.113
12:54:55.205,2545.4411,126955,24.59,136.867
12:54:55.205,2545.4611,126956,25.255,137.974
12:54:55.221,2545.4811,126957,25.618,138.951
12:54:55.232,2545.5011,126958,26.191,139.512
12:54:55.248,2545.5211,126959,26.785,139.601
12:54:55.280,2545.5411,126960,27.153,139.34
12:54:55.311,2545.5611,126961,26.98,139.159
12:54:55.311,2545.5811,126962,26.927,138.925
12:54:55.338,2545.6011,126963,27.013,138.996
12:54:55.353,2545.6211,126964,27.268,139.277
12:54:55.370,2545.6411,126965,27.669,139.638
12:54:55.401,2545.6611,126966,28.508,140.214
12:54:55.443,2545.6811,126967,29.735,140.549
12:54:55.444,2545.7011,126968,30.578,141.048
12:54:55.459,2545.7212,126969,31.027,141.455
12:54:55.476,2545.7411,126970,31.339,141.122
12:54:55.487,2545.7611,126971,31.323,140.812
12:54:55.519,2545.7811,126972,31.011,140.569
12:54:55.550,2545.8011,126973,30.184,139.807
12:54:55.550,2545.8211,126974,29.486,138.944
12:54:55.582,2545.8411,126975,28.633,138.128
12:54:55.593,2545.8611,126976,27.762,137.764
12:54:55.609,2545.8811,126977,26.965,137.808
12:54:55.642,2545.9011,126978,25.902,138.193
12:54:55.668,2545.9211,126979,24.102,139.081
12:54:55.668,2545.9411,126980,22.492,139.543
12:54:55.699,2545.9611,126981,20.89,140.153
12:54:55.716,2545.9811,126982,19.458,141.492
12:54:55.727,2546.0011,126983,18.744,141.513
12:54:55.817,2546.0211,126984,19.751,136.47
12:54:55.822,2546.0411,126985,19.499,135.114
12:54:55.823,2546.0611,126986,19.132,137.3
12:54:55.823,2546.0811,126987,19.439,138.354
12:54:55.833,2546.1011,126988,19.936,137.164
12:54:55.849,2546.1211,126989,20.768,134.172
12:54:55.896,2546.1411,126990,21.564,132.258
12:54:55.907,2546.1611,126991,22.118,129.96
12:54:55.913,2546.1811,126992,22.366,129.091
12:54:55.939,2546.2011,126993,22.541,129.49
12:54:55.970,2546.2211,126994,22.652,129.136
12:54:55.970,2546.2411,126995,22.643,128.414
12:54:55.997,2546.2611,126996,22.571,127.822
12:54:56.029,2546.2811,126997,22.445,127.573
12:54:56.029,2546.3011,126998,22.644,128.565
12:54:56.072,2546.3211,126999,23.715,128.635
12:54:56.078,2546.3411,127000,24.466,129.042
12:54:56.104,2546.3611,127001,25.513,129.103
12:54:56.147,2546.3811,127002,26.891,128.147
12:54:56.152,2546.4011,127003,28.685,126.324
12:54:56.152,2546.4211,127004,29.817,125.439
12:54:56.179,2546.4411,127005,30.477,124.825
12:54:56.195,2546.4611,127006,31.172,124.474
12:54:56.212,2546.4811,127007,32.106,123.957
12:54:56.254,2546.5011,127008,33.245,123.32
12:54:56.254,2546.5211,127009,34.651,122.502
12:54:56.286,2546.5411,127010,35.918,121.859
12:54:56.303,2546.5612,127011,36.805,121.658
12:54:56.313,2546.5811,127012,37.311,121.694
12:54:56.329,2546.6011,127013,37.49,121.309
12:54:56.387,2546.6211,127014,37.403,119.875
12:54:56.393,2546.6411,127015,36.728,119.306
12:54:56.393,2546.6611,127016,35.006,120.825
12:54:56.419,2546.6811,127017,33.388,121.823
12:54:56.436,2546.7011,127018,32.185,122.004
12:54:56.451,2546.7211,127019,31.035,122.106
12:54:56.493,2546.7411,127020,29.855,121.626
12:54:56.493,2546.7611,127021,28.929,120.741
12:54:56.509,2546.7811,127022,28.168,119.207
12:54:56.541,2546.8011,127023,26.956,117.447
12:54:56.556,2546.8211,127024,25.979,117.268
12:54:56.567,2546.8411,127025,25.95,117.723
12:54:56.615,2546.8611,127026,26.478,119.203
12:54:56.616,2546.8811,127027,27.337,123.561
12:54:56.631,2546.9011,127028,27.902,126.788
12:54:56.658,2546.9211,127029,28.062,128.805
12:54:56.674,2546.9411,127030,27.733,129.793
12:54:56.706,2546.9611,127031,27.544,129.778
12:54:56.733,2546.9812,127032,27.962,130.884
12:54:56.733,2547.0011,127033,28.927,133.685
12:54:56.749,2547.0211,127034,29.657,136.267
12:54:56.781,2547.0411,127035,29.999,137.216
12:54:56.807,2547.0611,127036,30.967,137.11
12:54:56.812,2547.0811,127037,32.171,136.995
12:54:56.855,2547.1011,127038,33.395,137.185
12:54:56.855,2547.1211,127039,33.894,138.498
12:54:56.870,2547.1411,127040,33.725,139.611
12:54:56.897,2547.1611,127041,32.746,140.242
12:54:56.914,2547.1811,127042,31.814,139.69
12:54:56.930,2547.2011,127043,30.966,139.343
12:54:56.973,2547.2211,127044,30.038,138.96
12:54:56.978,2547.2411,127045,29.451,139.407
12:54:57.005,2547.2611,127046,28.295,135.887
12:54:57.022,2547.2812,127047,28.656,137.035
12:54:57.032,2547.3011,127048,28.692,138.982
12:54:57.048,2547.3211,127049,27.913,137.487
12:54:57.097,2547.3411,127050,26.912,136.647
12:54:57.097,2547.3611,127051,26.782,137.111
12:54:57.107,2547.3811,127052,26.332,136.552
12:54:57.139,2547.4011,127053,26.013,136.472
12:54:57.155,2547.4211,127054,25.949,136.128
12:54:57.172,2547.4411,127055,26.034,135.256
12:54:57.198,2547.4611,127056,26.232,134.705
12:54:57.214,2547.4811,127057,26.181,134.563
12:54:57.230,2547.5011,127058,25.972,134.416
12:54:57.261,2547.5211,127059,25.799,134.311
12:54:57.272,2547.5411,127060,25.856,134.269
12:54:57.320,2547.5611,127061,26.108,134.24
12:54:57.320,2547.5811,127062,26.231,134.233
12:54:57.336,2547.6011,127063,26.279,134.271
12:54:57.347,2547.6211,127064,26.302,134.133
12:54:57.378,2547.6411,127065,26.428,133.881
12:54:57.395,2547.6611,127066,26.658,133.522
12:54:57.411,2547.6811,127067,26.924,132.99
12:54:57.437,2547.7011,127068,27.209,132.361
12:54:57.453,2547.7211,127069,27.304,131.862
12:54:57.470,2547.7411,127070,27.146,131.572
12:54:57.502,2547.7611,127071,27.03,131.424
12:54:57.512,2547.7811,127072,26.909,131.392
12:54:57.528,2547.8011,127073,26.727,131.524
12:54:57.559,2547.8211,127074,26.495,131.749
12:54:57.576,2547.8411,127075,26.34,131.979
12:54:57.587,2547.8611,127076,26.28,132.238
12:54:57.619,2547.8811,127077,26.257,132.522
12:54:57.635,2547.9011,127078,26.105,132.801
12:54:57.693,2547.9211,127079,25.93,133.448
12:54:57.693,2547.9411,127080,25.777,134.051
12:54:57.699,2547.9611,127081,25.701,134.428
12:54:57.709,2547.9811,127082,25.824,134.612
12:54:57.742,2548.0011,127083,26.35,134.754
12:54:57.753,2548.0211,127084,26.997,134.294
12:54:57.801,2548.0411,127085,27.769,134.1
12:54:57.801,2548.0611,127086,27.895,134.156
12:54:57.844,2548.0811,127087,27.698,133.86
12:54:57.844,2548.1011,127088,27.523,134.0
12:54:57.860,2548.1212,127089,27.437,134.059
12:54:57.876,2548.1411,127090,27.377,134.201
12:54:57.920,2548.1611,127091,27.184,134.893
12:54:57.920,2548.1811,127092,26.742,135.181
12:54:57.967,2548.2011,127093,25.936,134.377
12:54:57.967,2548.2211,127094,25.138,134.336
12:54:57.978,2548.2412,127095,24.319,133.272
12:54:57.994,2548.2611,127096,24.282,132.464
12:54:58.041,2548.2811,127097,24.427,131.875
12:54:58.042,2548.3011,127098,24.395,131.08
12:54:58.052,2548.3211,127099,24.47,130.591
12:54:58.069,2548.3411,127100,24.165,130.423
12:54:58.101,2548.3611,127101,22.981,130.052
12:54:58.117,2548.3811,127102,22.73,129.905
12:54:58.143,2548.4011,127103,22.145,129.85
12:54:58.159,2548.4213,127104,21.575,129.1
12:54:58.175,2548.4411,127105,20.982,128.381
12:54:58.187,2548.4611,127106,20.444,128.672
12:54:58.234,2548.4811,127107,20.516,128.696
12:54:58.234,2548.5011,127108,21.213,128.669
12:54:58.251,2548.5211,127109,22.47,128.456
12:54:58.277,2548.5411,127110,24.204,128.417
12:54:58.293,2548.5611,127111,25.412,128.434
12:54:58.309,2548.5811,127112,26.422,128.631
12:54:58.341,2548.6011,127113,26.961,128.563
12:54:58.352,2548.6211,127114,27.223,129.081
12:54:58.383,2548.6411,127115,27.272,129.579
12:54:58.400,2548.6612,127116,27.006,129.503
12:54:58.415,2548.6811,127117,26.845,129.361
12:54:58.432,2548.7011,127118,26.515,129.058
12:54:58.459,2548.7211,127119,26.372,128.78
12:54:58.475,2548.7411,127120,26.738,128.503
12:54:58.502,2548.7611,127121,27.544,128.54
12:54:58.518,2548.7813,127122,28.811,128.892
12:54:58.534,2548.8011,127123,30.004,129.315
12:54:58.566,2548.8211,127124,30.45,129.824
12:54:58.577,2548.8413,127125,30.478,130.302
12:54:58.641,2548.8611,127126,30.579,131.219
12:54:58.641,2548.8811,127127,30.025,131.971
12:54:58.641,2548.9011,127128,29.152,132.337
12:54:58.652,2548.9211,127129,29.043,132.932
12:54:58.668,2548.9411,127130,29.01,133.567
12:54:58.700,2548.9611,127131,28.963,133.824
12:54:58.731,2548.9811,127132,28.883,133.886
12:54:58.732,2549.0011,127133,28.965,133.977
12:54:58.774,2549.0211,127134,29.158,134.019
12:54:58.774,2549.0411,127135,29.007,134.008
12:54:58.790,2549.0611,127136,28.333,134.165
12:54:58.822,2549.0811,127137,26.834,134.564
12:54:58.832,2549.1011,127138,25.286,133.971
12:54:58.881,2549.1211,127139,24.599,133.552
12:54:58.881,2549.1411,127140,24.252,133.275
12:54:58.897,2549.1611,127141,23.886,133.229
12:54:58.908,2549.1811,127142,23.796,133.326
12:54:58.940,2549.2011,127143,23.989,133.48
12:54:58.971,2549.2211,127144,24.562,133.601
12:54:58.971,2549.2411,127145,25.28,133.516
12:54:58.998,2549.2611,127146,26.003,133.391
12:54:59.014,2549.2811,127147,26.483,133.227
12:54:59.046,2549.3011,127148,26.667,132.982
12:54:59.057,2549.3213,127149,27.113,132.684
12:54:59.088,2549.3411,127150,27.932,132.248
12:54:59.089,2549.3611,127151,29.004,131.417
12:54:59.121,2549.3811,127152,31.572,131.56
12:54:59.132,2549.4011,127153,33.994,131.63
12:54:59.148,2549.4211,127154,35.772,134.724
12:54:59.223,2549.4411,127155,38.922,140.847
12:54:59.229,2549.4611,127156,44.758,145.482
12:54:59.229,2549.4811,127157,45.078,145.92
12:54:59.234,2549.5013,127158,44.059,144.572
12:54:59.255,2549.5211,127159,41.289,143.968
12:54:59.272,2549.5411,127160,40.144,143.384
12:54:59.357,2549.5611,127161,39.302,145.406
12:54:59.362,2549.5811,127162,38.298,146.967
12:54:59.363,2549.6011,127163,37.83,148.923
12:54:59.389,2549.6211,127164,37.835,151.241
12:54:59.389,2549.6411,127165,36.091,152.849
12:54:59.395,2549.6611,127166,34.407,154.506
12:54:59.448,2549.6811,127167,33.26,156.406
12:54:59.454,2549.7011,127168,32.948,157.262
12:54:59.465,2549.7211,127169,33.002,157.497
12:54:59.492,2549.7412,127170,34.749,157.292
12:54:59.523,2549.7611,127171,37.364,156.619
12:54:59.523,2549.7811,127172,39.818,153.129
12:54:59.571,2549.8013,127173,42.347,148.74
12:54:59.571,2549.8211,127174,45.707,145.898
12:54:59.571,2549.8411,127175,47.074,145.011
12:54:59.598,2549.8611,127176,49.254,143.7
12:54:59.614,2549.8811,127177,50.988,142.123
12:54:59.630,2549.9011,127178,51.208,143.658
12:54:59.687,2549.9211,127179,48.352,148.886
12:54:59.693,2549.9411,127180,46.479,153.731
12:54:59.693,2549.9611,127181,44.707,158.83
12:54:59.720,2549.9811,127182,44.143,162.77
12:54:59.735,2550.0011,127183,45.068,164.981
12:54:59.751,2550.0211,127184,47.307,165.469
12:54:59.809,2550.0411,127185,47.82,164.279
12:54:59.809,2550.0611,127186,47.475,163.193
12:54:59.815,2550.0811,127187,47.888,163.575
12:55:00.198,2550.1011,127188,49.683,165.641
12:55:00.198,2550.1211,127189,54.072,168.318
12:55:00.204,2550.1411,127190,60.045,172.979
12:55:00.320,2550.1611,127191,64.955,-177.907
12:55:00.320,2550.1811,127192,69.43,-174.251
12:55:00.320,2550.2011,127193,73.628,-177.223
12:55:00.325,2550.2211,127194,78.491,175.667
12:55:00.325,2550.2411,127195,79.855,168.501
12:55:00.325,2550.2611,127196,79.582,170.651
12:55:00.331,2550.2811,127197,79.235,-179.447
12:55:00.347,2550.3011,127198,78.544,-166.91
12:55:00.353,2550.3211,127199,78.584,-159.726
12:55:00.353,2550.3411,127200,79.042,-155.152
12:55:00.353,2550.3611,127201,79.017,-149.137
12:55:00.353,2550.3811,127202,78.139,-146.833
12:55:00.359,2550.4011,127203,75.64,-143.567
12:55:00.359,2550.4211,127204,72.476,-135.994
12:55:00.827,2550.4411,127205,71.286,-131.333
12:55:00.833,2550.4811,127207,71.48,-125.784
12:55:00.833,2550.5011,127208,70.832,-125.131
12:55:00.875,2550.5211,127209,69.336,-124.156
12:55:00.981,2550.6011,127213,69.343,-122.558
12:55:00.981,2550.6211,127214,69.707,-122.174
12:55:00.981,2550.6411,127215,69.771,-119.245
12:55:00.987,2550.6611,127216,69.324,-116.218
12:55:00.987,2550.6811,127217,67.315,-120.338
12:55:00.987,2550.7011,127218,67.792,-121.155
12:55:01.039,2550.7211,127219,70.709,-122.484
12:55:01.072,2550.7411,127220,73.879,-129.51
12:55:01.082,2550.7611,127221,76.586,-143.976
12:55:01.088,2550.7811,127222,78.445,-167.209
12:55:01.088,2550.8011,127223,77.72,167.54
12:55:01.088,2550.8211,127224,71.486,154.292
12:55:01.094,2550.8411,127225,65.517,151.35
12:55:01.094,2550.8611,127226,61.74,148.798
12:55:01.099,2551.1211,127239,61.135,142.868
12:55:01.099,2551.1411,127240,59.266,137.909
12:55:01.105,2551.1611,127241,56.789,133.426
12:55:01.105,2551.1811,127242,54.615,129.926
12:55:01.105,2551.2611,127246,45.786,129.532
12:55:01.111,2551.2811,127247,44.014,129.299
12:55:01.158,2551.3011,127248,42.141,128.582
12:55:01.158,2551.3211,127249,40.917,127.55
12:55:01.163,2551.3411,127250,40.811,126.039
12:55:01.163,2551.3611,127251,41.059,124.504
12:55:01.164,2551.3811,127252,41.473,121.651
12:55:01.169,2551.4011,127253,40.421,120.574
12:55:01.169,2551.4212,127254,37.352,123.943
12:55:01.280,2551.4411,127255,34.369,129.679
12:55:01.280,2551.4611,127256,31.719,134.273
12:55:01.280,2551.4811,127257,30.352,137.013
12:55:01.338,2551.5011,127258,29.344,139.657
12:55:01.338,2551.5211,127259,29.699,142.214
12:55:01.344,2551.5412,127260,30.379,144.867
12:55:01.344,2551.5611,127261,30.794,147.915
12:55:01.344,2551.5811,127262,32.817,151.354
12:55:01.349,2551.6011,127263,35.874,155.128
12:55:01.350,2551.6211,127264,38.11,155.969
12:55:01.387,2551.6411,127265,38.64,155.38
12:55:01.398,2551.6611,127266,39.087,154.605
12:55:01.415,2551.6811,127267,38.393,153.532
12:55:01.457,2551.7011,127268,36.298,152.787
12:55:01.463,2551.7211,127269,35.964,152.201
12:55:01.611,2551.7411,127270,37.512,152.156
12:55:01.611,2551.7611,127271,37.922,157.643
12:55:01.611,2551.7812,127272,36.058,165.684
12:55:01.616,2551.8011,127273,30.06,172.317
12:55:01.616,2551.8211,127274,24.056,177.592
12:55:01.616,2551.8411,127275,18.113,-179.481
12:55:01.622,2551.8611,127276,15.785,-177.682
12:55:01.622,2551.8811,127277,15.824,-177.074
12:55:01.638,2551.9011,127278,17.706,-178.242
12:55:01.654,2551.9211,127279,24.162,176.984
12:55:01.701,2551.9411,127280,33.242,172.161
12:55:01.701,2551.9611,127281,38.969,165.702
12:55:01.743,2551.9811,127282,37.463,169.611
12:55:01.743,2552.0011,127283,34.464,170.925
12:55:01.775,2552.0213,127284,32.724,169.761
12:55:01.775,2552.0411,127285,31.401,170.974
12:55:01.818,2552.0611,127286,29.66,172.356
12:55:01.824,2552.0811,127287,27.972,171.819
